gameid,date,league,year,split,playoffs,game,patch,blue_team,red_team,blue_elo,red_elo,elo_diff,blue_rwr,red_rwr,rwr_diff,h2h_wr,q_blue_win,blue_win
LOLTMNT06_13630,2024-01-13 16:10:20+00:00,LEC,2024,Winter,0,1,14.01,Team BDS,G2 Esports,1500.0,1500.0,0.0,,,,,,0
LOLTMNT06_12701,2024-01-13 17:06:48+00:00,LEC,2024,Winter,0,1,14.01,Rogue,SK Gaming,1500.0,1500.0,0.0,,,,,0.536269,0
LOLTMNT06_13667,2024-01-13 18:15:52+00:00,LEC,2024,Winter,0,1,14.01,Karmine Corp,Fnatic,1500.0,1500.0,0.0,,,,,0.410579,0
LOLTMNT06_12743,2024-01-13 19:24:48+00:00,LEC,2024,Winter,0,1,14.01,Team Vitality,GiantX,1500.0,1500.0,0.0,,,,,0.534884,0
LOLTMNT06_13695,2024-01-13 20:28:03+00:00,LEC,2024,Winter,0,1,14.01,MAD Lions KOI,Team Heretics,1500.0,1500.0,0.0,,,,,0.37561,1
LOLTMNT06_12814,2024-01-14 16:38:26+00:00,LEC,2024,Winter,0,1,14.01,GiantX,Team BDS,1516.0,1484.0,32.0,,,,,,0
LOLTMNT06_13803,2024-01-14 17:39:16+00:00,LEC,2024,Winter,0,1,14.01,MAD Lions KOI,SK Gaming,1516.0,1516.0,0.0,,,,,0.488,0
LOLTMNT06_12845,2024-01-14 18:59:08+00:00,LEC,2024,Winter,0,1,14.01,G2 Esports,Karmine Corp,1516.0,1484.0,32.0,,,,,0.718954,1
LOLTMNT06_13841,2024-01-14 19:55:50+00:00,LEC,2024,Winter,0,1,14.01,Fnatic,Team Vitality,1516.0,1484.0,32.0,,,,,0.652174,1
LOLTMNT06_12874,2024-01-14 20:53:16+00:00,LEC,2024,Winter,0,1,14.01,Rogue,Team Heretics,1484.0,1484.0,0.0,,,,,,0
LOLTMNT06_13896,2024-01-15 16:07:11+00:00,LEC,2024,Winter,0,1,14.01,Team Vitality,Team BDS,1469.4695015289756,1501.4695015289756,-32.0,,,,,,0
LOLTMNT06_13904,2024-01-15 17:07:09+00:00,LEC,2024,Winter,0,1,14.01,G2 Esports,Rogue,1530.5304984710244,1468.0,62.53049847102443,,,,,0.811502,0
LOLTMNT06_12924,2024-01-15 18:12:10+00:00,LEC,2024,Winter,0,1,14.01,Team Heretics,GiantX,1500.0,1498.5304984710244,1.4695015289755702,,,,,0.485714,1
LOLTMNT06_13954,2024-01-15 19:11:40+00:00,LEC,2024,Winter,0,1,14.01,Karmine Corp,MAD Lions KOI,1469.4695015289756,1500.0,-30.53049847102443,,,,,0.576142,0
LOLTMNT06_12963,2024-01-15 20:13:37+00:00,LEC,2024,Winter,0,1,14.01,SK Gaming,Fnatic,1532.0,1530.5304984710244,1.4695015289755702,,,,,0.37561,1
LOLTMNT02_22165,2024-01-17 08:20:00+00:00,LCK,2024,Spring,0,1,14.01,DRX,Nongshim RedForce,1500.0,1500.0,0.0,,,,,0.5724674194687841,0
LOLTMNT02_21206,2024-01-17 09:25:01+00:00,LCK,2024,Spring,0,2,14.01,DRX,Nongshim RedForce,1484.0,1516.0,-32.0,,,,,0.5724674194687841,0
LOLTMNT02_22225,2024-01-17 11:06:26+00:00,LCK,2024,Spring,0,1,14.01,Gen.G,T1,1500.0,1500.0,0.0,,,,,0.4383949298429383,0
LOLTMNT02_21273,2024-01-17 11:57:38+00:00,LCK,2024,Spring,0,2,14.01,T1,Gen.G,1516.0,1484.0,32.0,,,,,0.5616050701570616,0
LOLTMNT02_21295,2024-01-17 12:49:50+00:00,LCK,2024,Spring,0,3,14.01,T1,Gen.G,1498.5304984710244,1501.4695015289756,-2.9390030579511404,,,,0.5,0.5616050701570616,0
LOLTMNT02_21688,2024-01-18 08:11:20+00:00,LCK,2024,Spring,0,1,14.01,HANJIN BRION,Dplus Kia,1500.0,1500.0,0.0,,,,,0.2501146491434448,0
LOLTMNT02_21701,2024-01-18 09:08:42+00:00,LCK,2024,Spring,0,2,14.01,HANJIN BRION,Dplus Kia,1484.0,1516.0,-32.0,,,,,0.2501146491434448,0
LOLTMNT02_22739,2024-01-18 10:57:08+00:00,LCK,2024,Spring,0,1,14.01,KT Rolster,BNK FEARX,1500.0,1500.0,0.0,,,,,0.6850681691258923,1
LOLTMNT02_22767,2024-01-18 11:54:26+00:00,LCK,2024,Spring,0,2,14.01,BNK FEARX,KT Rolster,1484.0,1516.0,-32.0,,,,,0.3149318308741077,0
LOLTMNT02_23175,2024-01-19 08:09:40+00:00,LCK,2024,Spring,0,1,14.01,Hanwha Life Esports,DRX,1500.0,1469.4695015289756,30.53049847102443,,,,,0.8023951601110354,1
LOLTMNT02_23223,2024-01-19 09:02:32+00:00,LCK,2024,Spring,0,2,14.01,Hanwha Life Esports,DRX,1514.597626351594,1454.8718751773815,59.72575117421252,,0.0,,,0.8023951601110354,1
LOLTMNT02_24236,2024-01-19 10:50:14+00:00,LCK,2024,Spring,0,1,14.01,T1,DN SOOPers,1482.6658413353916,1500.0,-17.334158664608367,0.3333333333333333,,,,0.8140102245173586,1
LOLTMNT02_24257,2024-01-19 11:37:08+00:00,LCK,2024,Spring,0,2,14.01,T1,DN SOOPers,1499.4634471562147,1483.202394179177,16.261052977037707,0.5,,,,0.8140102245173586,1
LOLTMNT02_26035,2024-01-20 06:07:32+00:00,LCK,2024,Spring,0,1,14.01,HANJIN BRION,BNK FEARX,1469.4695015289756,1469.4695015289756,0.0,,,,,0.4613624259050369,0
LOLTMNT02_26046,2024-01-20 06:57:59+00:00,LCK,2024,Spring,0,2,14.01,BNK FEARX,HANJIN BRION,1485.4695015289756,1453.4695015289756,32.0,0.3333333333333333,0.0,0.3333333333333333,,0.538637574094963,1
LOLTMNT02_25093,2024-01-20 08:36:07+00:00,LCK,2024,Spring,0,1,14.01,Nongshim RedForce,Gen.G,1530.5304984710244,1517.3341586646084,13.196339806416063,,0.6666666666666666,,,0.1628074961641101,0
LOLTMNT02_25120,2024-01-20 09:22:51+00:00,LCK,2024,Spring,0,2,14.01,Gen.G,Nongshim RedForce,1533.9415805018125,1513.9230766338203,20.018503867992195,0.75,0.6666666666666666,0.08333333333333337,,0.8371925038358898,1
LOLTMNT05_13097,2024-01-20 16:07:50+00:00,LEC,2024,Winter,0,1,14.01,Team Vitality,Rogue,1454.9390030579511,1486.8489413086793,-31.909938250728146,0.0,0.3333333333333333,-0.3333333333333333,,,1
LOLTMNT05_13105,2024-01-20 17:02:50+00:00,LEC,2024,Winter,0,1,14.01,Team Heretics,SK Gaming,1515.9323273572415,1547.9323273572415,-32.0,0.6666666666666666,1.0,-0.33333333333333337,,0.4122139999999999,1
LOLTMNT05_13119,2024-01-20 18:05:43+00:00,LEC,2024,Winter,0,1,14.01,G2 Esports,MAD Lions KOI,1511.6815571623451,1514.597626351594,-2.9160691892489012,0.6666666666666666,0.6666666666666666,0.0,,0.7242109999999999,1
LOLTMNT05_14124,2024-01-20 19:01:38+00:00,LEC,2024,Winter,0,1,14.01,Team BDS,Fnatic,1516.0,1514.5981711137829,1.4018288862171175,0.6666666666666666,0.6666666666666666,0.0,,,1
LOLTMNT05_14130,2024-01-20 19:55:53+00:00,LEC,2024,Winter,0,1,14.01,Karmine Corp,GiantX,1454.8718751773815,1482.5981711137829,-27.726295936401357,0.0,0.3333333333333333,-0.3333333333333333,,0.5877859999999999,0
LOLTMNT02_26436,2024-01-21 06:09:52+00:00,LCK,2024,Spring,0,1,14.01,Hanwha Life Esports,DN SOOPers,1527.8739306203415,1467.9506970298924,59.92323359044917,,,,,0.7997241010150488,1
LOLTMNT02_25456,2024-01-21 07:08:40+00:00,LCK,2024,Spring,0,2,14.01,Hanwha Life Esports,DN SOOPers,1541.1414048859767,1454.6832227642572,86.45818212171957,1.0,0.0,1.0,,0.7997241010150488,1
LOLTMNT02_25488,2024-01-21 08:48:47+00:00,LCK,2024,Spring,0,1,14.01,Dplus Kia,KT Rolster,1530.5304984710244,1530.5304984710244,0.0,,,,,0.5482423676240016,1
LOLTMNT02_26523,2024-01-21 09:35:51+00:00,LCK,2024,Spring,0,2,14.01,KT Rolster,Dplus Kia,1514.5304984710244,1546.5304984710244,-32.0,0.6666666666666666,1.0,-0.33333333333333337,,0.4517576323759984,1
LOLTMNT02_26537,2024-01-21 10:46:29+00:00,LCK,2024,Spring,0,3,14.01,Dplus Kia,KT Rolster,1529.0609969420489,1532.0,-2.9390030579511404,0.75,0.75,0.0,0.5,0.5482423676240016,0
LOLTMNT05_13165,2024-01-21 16:06:46+00:00,LEC,2024,Winter,0,1,14.01,MAD Lions KOI,Team BDS,1498.4633395559283,1531.9354437443878,-33.472104188459525,0.5,0.75,-0.25,,,0
LOLTMNT05_14228,2024-01-21 17:03:20+00:00,LEC,2024,Winter,0,1,14.01,Rogue,Fnatic,1469.383552389003,1498.662727369395,-29.2791749803921,0.25,0.5,-0.25,,0.3122169999999999,0
LOLTMNT05_14237,2024-01-21 17:59:27+00:00,LEC,2024,Winter,0,1,14.01,G2 Esports,Team Heretics,1527.8158439580109,1533.4018288862171,-5.585984928206244,0.75,0.75,0.0,,0.707158,1
LOLTMNT05_14246,2024-01-21 18:55:40+00:00,LEC,2024,Winter,0,1,14.01,GiantX,SK Gaming,1497.3240316250526,1530.462825828266,-33.138794203213365,0.5,0.75,-0.25,,0.3934839999999999,0
LOLTMNT05_14253,2024-01-21 19:48:07+00:00,LEC,2024,Winter,0,1,14.01,Karmine Corp,Team Vitality,1440.1460146661118,1472.4043919776275,-32.25837731151569,0.0,0.25,-0.25,,0.525641,0
10665-10665_game_1,2024-01-22 09:24:07+00:00,LPL,2024,Spring,0,1,14.01,Bilibili Gaming,Top Esports,1589.4022308728886,1486.4347554881504,102.96747538473824,1.0,0.4,0.6,,0.65342684941536,1
10665-10665_game_2,2024-01-22 10:14:07+00:00,LPL,2024,Spring,0,2,14.01,Top Esports,Bilibili Gaming,1475.0424652526378,1600.794521108401,-125.75205585576327,0.3333333333333333,1.0,-0.6666666666666667,,0.34657315058464,1
10665-10665_game_3,2024-01-22 11:06:30+00:00,LPL,2024,Spring,0,3,14.01,Bilibili Gaming,Top Esports,1579.2437245939486,1496.5932617670903,82.6504628268583,0.875,0.42857142857142855,0.44642857142857145,0.5,0.65342684941536,1
10666-10666_game_1,2024-01-22 12:21:49+00:00,LPL,2024,Spring,0,1,14.01,Royal Never Give Up,EDward Gaming,1500.0,1500.0,0.0,,,,,0.5322467089975003,0
10666-10666_game_2,2024-01-22 13:22:21+00:00,LPL,2024,Spring,0,2,14.01,EDward Gaming,Royal Never Give Up,1516.0,1484.0,32.0,,,,,0.4677532910024997,0
10666-10666_game_3,2024-01-22 14:11:39+00:00,LPL,2024,Spring,0,3,14.01,Royal Never Give Up,EDward Gaming,1501.4695015289756,1498.5304984710244,2.9390030579511404,,,,0.5,0.5322467089975003,1
LOLTMNT05_13239,2024-01-22 16:07:26+00:00,LEC,2024,Winter,0,1,14.01,SK Gaming,Team BDS,1544.9413390993243,1546.3987477158319,-1.4574086165075641,0.8,0.8,0.0,,,0
LOLTMNT05_13240,2024-01-22 17:00:47+00:00,LEC,2024,Winter,0,1,14.01,Fnatic,GiantX,1513.3175544136159,1482.8455183539943,30.472036059621587,0.6,0.4,0.19999999999999996,,0.688073,1
LOLTMNT05_13247,2024-01-22 17:53:57+00:00,LEC,2024,Winter,0,1,14.01,MAD Lions KOI,Rogue,1484.0000355844843,1454.728725344782,29.27131023970219,0.4,0.2,0.2,,0.614251,1
LOLTMNT05_14302,2024-01-22 18:45:22+00:00,LEC,2024,Winter,0,1,14.01,Team Vitality,G2 Esports,1486.9230929108332,1544.0730659074336,-57.149972996600354,0.4,0.8,-0.4,,0.193548,1
LOLTMNT05_14310,2024-01-22 19:40:56+00:00,LEC,2024,Winter,0,1,14.01,Team Heretics,Karmine Corp,1517.1446069367944,1425.627313732906,91.51729320388836,0.6,0.0,0.6,,0.655702,1
10667-10667_game_1,2024-01-23 09:24:46+00:00,LPL,2024,Spring,0,1,14.01,Oh My God,Team WE,1500.0,1500.0,0.0,,,,,0.4082019033147642,1
10667-10667_game_2,2024-01-23 10:30:32+00:00,LPL,2024,Spring,0,2,14.01,Oh My God,Team WE,1516.0,1484.0,32.0,,,,,0.4082019033147642,1
10668-10668_game_1,2024-01-23 11:19:46+00:00,LPL,2024,Spring,0,1,14.01,Anyone's Legend,FunPlus Phoenix,1500.0,1500.0,0.0,,,,,0.5477646307897153,1
10668-10668_game_2,2024-01-23 12:07:33+00:00,LPL,2024,Spring,0,2,14.01,FunPlus Phoenix,Anyone's Legend,1487.2,1516.0,-28.799999999999955,,,,,0.4522353692102847,0
LOLTMNT02_29043,2024-01-24 08:06:21+00:00,LCK,2024,Spring,0,1,14.01,BNK FEARX,Hanwha Life Esports,1500.0,1553.2400578144047,-53.240057814404736,0.5,1.0,-0.5,,0.1984999405501686,0
LOLTMNT02_29074,2024-01-24 09:00:49+00:00,LCK,2024,Spring,0,2,14.01,Hanwha Life Esports,BNK FEARX,1566.8072747153703,1486.4327830990344,80.37449161633594,1.0,0.4,0.6,,0.8015000594498314,1
10669-10669_game_1,2024-01-24 09:19:34+00:00,LPL,2024,Spring,0,1,14.01,Ninjas in Pyjamas,LGD Gaming,1456.252866366389,1500.0,-43.74713363361093,0.0,,,,,1
10669-10669_game_2,2024-01-24 10:28:05+00:00,LPL,2024,Spring,0,2,14.01,LGD Gaming,Ninjas in Pyjamas,1481.9959498907238,1474.2569164756653,7.7390334150584295,,0.25,,,,0
LOLTMNT02_29105,2024-01-24 10:38:13+00:00,LCK,2024,Spring,0,1,14.01,KT Rolster,DN SOOPers,1547.8646571356328,1463.5939017871294,84.27075534850337,0.8,0.0,0.8,,0.7498853508565553,1
10670-10670_game_1,2024-01-24 11:19:40+00:00,LPL,2024,Spring,0,1,14.01,Ultra Prime,Invictus Gaming,1500.0,1500.0,0.0,,,,,,0
LOLTMNT02_29136,2024-01-24 11:40:33+00:00,LCK,2024,Spring,0,2,14.01,KT Rolster,DN SOOPers,1560.0582000127,1451.3602027616967,108.69799725100324,0.8333333333333334,0.0,0.8333333333333334,,0.7498853508565553,0
10670-10670_game_2,2024-01-24 12:17:46+00:00,LPL,2024,Spring,0,2,14.01,Invictus Gaming,Ultra Prime,1516.0,1484.0,32.0,,,,,,1
LOLTMNT02_29165,2024-01-24 12:34:20+00:00,LCK,2024,Spring,0,3,14.01,KT Rolster,DN SOOPers,1539.2096419982574,1472.15943779473,67.05020420352753,0.7142857142857143,0.16666666666666666,0.5476190476190477,0.5,0.7498853508565553,0
LOLTMNT02_29737,2024-01-25 08:07:02+00:00,LCK,2024,Spring,0,1,14.01,Dplus Kia,Nongshim RedForce,1513.196339806416,1498.8439439929025,14.352395813513567,0.6,0.5,0.09999999999999998,,0.7822978778889534,1
LOLTMNT02_29757,2024-01-25 08:53:13+00:00,LCK,2024,Spring,0,2,14.01,Nongshim RedForce,Dplus Kia,1483.5045205359286,1528.53576326339,-45.031242727461404,0.4,0.6666666666666666,-0.2666666666666666,,0.2177021221110465,0
10671-10671_game_1,2024-01-25 09:18:45+00:00,LPL,2024,Spring,0,1,14.01,Weibo Gaming,Rare Atom,1500.0,1484.4936444473337,15.506355552666264,,0.42857142857142855,,,0.6575998978159111,1
10671-10671_game_2,2024-01-25 10:17:11+00:00,LPL,2024,Spring,0,2,14.01,Rare Atom,Weibo Gaming,1469.2071183870335,1515.2863796979916,-46.079261310958145,0.375,,,,0.3424001021840889,0
LOLTMNT02_29804,2024-01-25 10:35:32+00:00,LCK,2024,Spring,0,1,14.01,HANJIN BRION,Gen.G,1438.9390030579511,1549.0207131427303,-110.08171008477916,0.0,0.8,-0.8,,0.1520292409055862,0
10672-10672_game_1,2024-01-25 11:19:05+00:00,LPL,2024,Spring,0,1,14.01,LNG Esports,ThunderTalk Gaming,1472.5704667231964,1500.0,-27.429533276803568,0.25,,,,0.7024549697168018,0
LOLTMNT02_30776,2024-01-25 11:26:48+00:00,LCK,2024,Spring,0,2,14.01,HANJIN BRION,Gen.G,1427.8453617088985,1560.114354491783,-132.26899278288442,0.0,0.8333333333333334,-0.8333333333333334,,0.1520292409055862,0
10672-10672_game_2,2024-01-25 12:14:54+00:00,LPL,2024,Spring,0,2,14.01,ThunderTalk Gaming,LNG Esports,1514.7394411912032,1457.830999891169,56.908441300034156,,0.2,,,0.2975450302831982,0
10672-10672_game_3,2024-01-25 13:15:18+00:00,LPL,2024,Spring,0,3,14.01,LNG Esports,ThunderTalk Gaming,1476.4284956534004,1496.1418990118227,-19.713403358422283,0.3333333333333333,,,0.5,0.7024549697168018,0
10673-10673_game_1,2024-01-26 07:21:41+00:00,LPL,2024,Spring,0,1,14.01,Anyone's Legend,Team WE,1530.6767404191608,1469.4695015289756,61.20723889018518,,,,,0.4974159769946448,0
LOLTMNT02_32346,2024-01-26 08:07:55+00:00,LCK,2024,Spring,0,1,14.01,KT Rolster,T1,1520.159636692134,1514.7151443054993,5.444492386634693,0.625,0.6,0.025000000000000022,,0.2798238748698677,1
10673-10673_game_2,2024-01-26 08:20:27+00:00,LPL,2024,Spring,0,2,14.01,Team WE,Anyone's Legend,1488.2593967719574,1511.886845176179,-23.627448404221468,0.3333333333333333,0.6666666666666666,-0.3333333333333333,,0.5025840230053552,1
LOLTMNT02_31412,2024-01-26 09:05:44+00:00,LCK,2024,Spring,0,2,14.01,T1,KT Rolster,1498.9658519243437,1535.9089290732895,-36.943077148945804,0.5,0.6666666666666666,-0.16666666666666663,,0.7201761251301322,1
10674-10674_game_1,2024-01-26 09:17:57+00:00,LPL,2024,Spring,0,1,14.01,Oh My God,FunPlus Phoenix,1530.5304984710244,1472.5228625818847,58.00763588913969,,,,,0.5970210220230041,0
LOLTMNT02_31433,2024-01-26 09:48:31+00:00,LCK,2024,Spring,0,3,14.01,KT Rolster,T1,1518.214020360932,1516.6607606367013,1.5532597242306565,0.6,0.5714285714285714,0.02857142857142858,0.5,0.2798238748698677,0
10674-10674_game_2,2024-01-26 10:07:57+00:00,LPL,2024,Spring,0,2,14.01,FunPlus Phoenix,Oh My God,1491.1689088853443,1511.8836961281884,-20.714787242844068,0.3333333333333333,0.6666666666666666,-0.3333333333333333,,0.4029789779769959,1
LOLTMNT02_32443,2024-01-26 11:25:59+00:00,LCK,2024,Spring,0,1,14.01,BNK FEARX,DRX,1474.0695203341477,1441.595570908634,32.47394942551364,0.3333333333333333,0.0,0.3333333333333333,,0.538637574094963,1
10675-10675_game_1,2024-01-26 11:33:59+00:00,LPL,2024,Spring,0,1,14.01,Bilibili Gaming,Royal Never Give Up,1591.507739181328,1517.3341586646084,74.17358051671954,0.8888888888888888,0.6666666666666666,0.2222222222222222,,0.7351546945186836,1
10675-10675_game_2,2024-01-26 12:25:46+00:00,LPL,2024,Spring,0,2,14.01,Royal Never Give Up,Bilibili Gaming,1504.6990124688168,1604.1428853771195,-99.44387290830264,0.5,0.9,-0.4,,0.2648453054813163,0
LOLTMNT02_31496,2024-01-26 12:29:48+00:00,LCK,2024,Spring,0,2,14.01,DRX,BNK FEARX,1427.0867117805071,1488.5783794622746,-61.49166768176747,0.0,0.42857142857142855,-0.42857142857142855,,0.4613624259050369,1
LOLTMNT02_32510,2024-01-26 13:22:20+00:00,LCK,2024,Spring,0,3,14.01,DRX,BNK FEARX,1445.8893053885654,1469.7757858542163,-23.886480465650948,0.16666666666666666,0.375,-0.20833333333333334,0.5,0.4613624259050369,0
LOLTMNT02_31940,2024-01-27 06:08:42+00:00,LCK,2024,Spring,0,1,14.01,Gen.G,Dplus Kia,1570.3013003083408,1542.4735326802484,27.827767628092488,0.8571428571428571,0.7142857142857143,0.1428571428571428,,0.6906057493746031,0
LOLTMNT02_32961,2024-01-27 07:09:38+00:00,LCK,2024,Spring,0,2,14.01,Gen.G,Dplus Kia,1553.0225176172507,1559.7523153713385,-6.729797754087713,0.75,0.75,0.0,,0.6906057493746031,1
10676-10676_game_1,2024-01-27 07:19:46+00:00,LPL,2024,Spring,0,1,14.01,Invictus Gaming,Ninjas in Pyjamas,1530.5304984710244,1490.6132532033646,39.91724526765984,,0.4,,,,0
10676-10676_game_2,2024-01-27 08:08:03+00:00,LPL,2024,Spring,0,2,14.01,Ninjas in Pyjamas,Invictus Gaming,1508.4434644556345,1510.1602297750037,-1.7167653193691876,0.5,0.6666666666666666,-0.16666666666666663,,,1
LOLTMNT02_31982,2024-01-27 08:14:12+00:00,LCK,2024,Spring,0,3,14.01,Dplus Kia,Gen.G,1543.4424354856046,1569.3323975029846,-25.889962017379958,0.6666666666666666,0.7777777777777778,-0.11111111111111116,0.5,0.3093942506253969,0
10677-10677_game_1,2024-01-27 09:18:27+00:00,LPL,2024,Spring,0,1,14.01,Ultra Prime,LGD Gaming,1469.4695015289756,1465.6396131630245,3.829888365951092,,,,,,1
LOLTMNT02_33033,2024-01-27 10:01:17+00:00,LCK,2024,Spring,0,1,14.01,DN SOOPers,Nongshim RedForce,1491.18353871513,1469.5667511190702,21.616787596059794,0.2857142857142857,0.3333333333333333,-0.047619047619047616,,0.5599005705878441,1
10677-10677_game_2,2024-01-27 10:23:34+00:00,LPL,2024,Spring,0,2,14.01,Ultra Prime,LGD Gaming,1485.2931357953235,1449.8159788966766,35.477156898646854,0.3333333333333333,0.0,0.3333333333333333,,,0
LOLTMNT02_34050,2024-01-27 10:59:07+00:00,LCK,2024,Spring,0,2,14.01,Nongshim RedForce,DN SOOPers,1454.5609584176098,1506.2091813627808,-51.64822294517103,0.2857142857142857,0.375,-0.0892857142857143,,0.4400994294121558,0
10677-10677_game_3,2024-01-27 11:24:44+00:00,LPL,2024,Spring,0,3,14.01,LGD Gaming,Ultra Prime,1467.444107580861,1467.665007111139,-0.2208995302778476,0.25,0.25,0.0,0.5,,1
10678-10678_game_1,2024-01-27 12:49:22+00:00,LPL,2024,Spring,0,1,14.01,Top Esports,EDward Gaming,1484.329247179711,1482.6658413353916,1.6634058443194135,0.375,0.3333333333333333,0.041666666666666685,,0.6598136017094454,1
10678-10678_game_2,2024-01-27 13:38:08+00:00,LPL,2024,Spring,0,2,14.01,EDward Gaming,Top Esports,1466.7424434201223,1500.2526450949804,-33.51020167485808,0.25,0.4444444444444444,-0.19444444444444442,,0.3401863982905546,0
LOLTMNT05_13717,2024-01-27 16:12:37+00:00,LEC,2024,Winter,0,1,14.01,Team BDS,Team Heretics,1562.3316319623923,1529.024921732162,33.30671023023024,0.8333333333333334,0.6666666666666666,0.16666666666666674,,,1
LOLTMNT05_13733,2024-01-27 17:08:03+00:00,LEC,2024,Winter,0,1,14.01,SK Gaming,Team Vitality,1529.0084548527639,1505.5314636517915,23.476991200972407,0.6666666666666666,0.5,0.16666666666666663,,0.536269,1
LOLTMNT05_13741,2024-01-27 18:04:59+00:00,LEC,2024,Winter,0,1,14.01,MAD Lions KOI,Fnatic,1498.655222254045,1527.917852415299,-29.262630161254037,0.5,0.6666666666666666,-0.16666666666666663,,0.379653,1
LOLTMNT05_14768,2024-01-27 19:09:31+00:00,LEC,2024,Winter,0,1,14.01,G2 Esports,GiantX,1525.4646951664754,1468.2452203523112,57.21947481416419,0.6666666666666666,0.3333333333333333,0.3333333333333333,,0.787086,1
LOLTMNT05_13758,2024-01-27 19:59:21+00:00,LEC,2024,Winter,0,1,14.01,Rogue,Karmine Corp,1440.0735386752215,1413.7469989375384,26.326539737683106,0.16666666666666666,0.0,0.16666666666666666,,0.510582,1
LOLTMNT02_33438,2024-01-28 06:05:40+00:00,LCK,2024,Spring,0,1,14.01,DRX,HANJIN BRION,1430.987588601254,1417.6584158923406,13.329172708913347,0.14285714285714285,0.0,0.14285714285714285,,0.5386375740949632,0
LOLTMNT02_34441,2024-01-28 07:00:51+00:00,LCK,2024,Spring,0,2,14.01,HANJIN BRION,DRX,1434.2719460053934,1414.3740584882012,19.897887517192203,0.14285714285714285,0.125,0.01785714285714285,,0.4613624259050368,0
10679-10679_game_1,2024-01-28 07:19:33+00:00,LPL,2024,Spring,0,1,14.01,ThunderTalk Gaming,Weibo Gaming,1511.2350362128914,1529.1767064332917,-17.941670220400283,0.6666666666666666,,,,0.3891344432104659,0
LOLTMNT02_34469,2024-01-28 07:59:35+00:00,LCK,2024,Spring,0,3,14.01,DRX,HANJIN BRION,1431.2893895481625,1417.356614945432,13.932774602730433,0.2222222222222222,0.125,0.09722222222222221,0.5,0.5386375740949632,1
10679-10679_game_2,2024-01-28 08:28:19+00:00,LPL,2024,Spring,0,2,14.01,Weibo Gaming,ThunderTalk Gaming,1544.3511956565785,1496.0605469896045,48.29064866697399,1.0,0.5,0.5,,0.610865556789534,1
10680-10680_game_1,2024-01-28 09:23:11+00:00,LPL,2024,Spring,0,1,14.01,Rare Atom,JD Gaming,1455.3163465433802,1508.0381692883918,-52.72182274501165,0.3333333333333333,0.5,-0.16666666666666669,0.0,0.1984999405501686,0
LOLTMNT02_33526,2024-01-28 09:43:00+00:00,LCK,2024,Spring,0,1,14.01,Hanwha Life Esports,T1,1579.170537480257,1532.7322904138869,46.438247066370195,1.0,0.625,0.375,,0.4035662914267801,0
10680-10680_game_2,2024-01-28 10:11:36+00:00,LPL,2024,Spring,0,2,14.01,JD Gaming,Rare Atom,1521.6295320284717,1441.7253450096523,79.90418701881936,0.6,0.3,0.3,1.0,0.8015000594498314,1
LOLTMNT02_34511,2024-01-28 10:40:23+00:00,LCK,2024,Spring,0,2,14.01,Hanwha Life Esports,T1,1561.044621946754,1550.85820594739,10.186415999364044,0.8571428571428571,0.6666666666666666,0.19047619047619047,,0.4035662914267801,0
10681-10681_game_1,2024-01-28 11:19:56+00:00,LPL,2024,Spring,0,1,14.01,Oh My God,LNG Esports,1494.9308736782853,1461.335342963803,33.595530714482265,0.5,0.2857142857142857,0.2142857142857143,,0.3465731505846399,0
10681-10681_game_2,2024-01-28 12:15:17+00:00,LPL,2024,Spring,0,2,14.01,LNG Esports,Oh My God,1478.8776469042646,1481.9108370174174,-3.033190113152841,0.375,0.4,-0.025000000000000022,,0.6534268494153601,1
LOLTMNT05_13780,2024-01-28 16:13:20+00:00,LEC,2024,Winter,0,1,14.01,Team Heretics,Team Vitality,1514.5540710018831,1490.6109765310596,23.943094470823553,0.5714285714285714,0.42857142857142855,0.14285714285714285,,,0
LOLTMNT05_13795,2024-01-28 17:25:54+00:00,LEC,2024,Winter,0,1,14.01,Rogue,Team BDS,1454.8634717690932,1576.8024826926712,-121.93901092357805,0.2857142857142857,0.8571428571428571,-0.5714285714285714,,,0
LOLTMNT05_14822,2024-01-28 18:28:12+00:00,LEC,2024,Winter,0,1,14.01,Fnatic,G2 Esports,1510.5734359941514,1538.853208913145,-28.279772918993558,0.5714285714285714,0.7142857142857143,-0.1428571428571429,,0.336427,0
LOLTMNT05_14831,2024-01-28 19:30:54+00:00,LEC,2024,Winter,0,1,14.01,GiantX,MAD Lions KOI,1454.8567066056416,1515.9996386751925,-61.14293206955085,0.2857142857142857,0.5714285714285714,-0.2857142857142857,,0.384615,1
LOLTMNT05_14840,2024-01-28 20:26:02+00:00,LEC,2024,Winter,0,1,14.01,Karmine Corp,SK Gaming,1398.9570658436667,1543.9289419734957,-144.97187612982907,0.0,0.7142857142857143,-0.7142857142857143,,0.304933,1
10682-10682_game_1,2024-01-29 09:20:11+00:00,LPL,2024,Spring,0,1,14.01,FunPlus Phoenix,Team WE,1508.1215012562648,1505.3458067186243,2.7756945376404474,0.5,0.5,0.0,,0.4029789779769958,0
10682-10682_game_2,2024-01-29 10:12:39+00:00,LPL,2024,Spring,0,2,14.01,Team WE,FunPlus Phoenix,1521.473629456484,1491.9937441184472,29.479885338036866,0.6,0.4,0.19999999999999996,,0.5970210220230042,0
10682-10682_game_3,2024-01-29 11:04:29+00:00,LPL,2024,Spring,0,3,14.01,Team WE,FunPlus Phoenix,1504.1192792267739,1509.3478083551895,-5.22852912841563,0.5,0.5,0.0,0.5,0.5970210220230042,1
10683-10683_game_1,2024-01-29 11:19:33+00:00,LPL,2024,Spring,0,1,14.01,Bilibili Gaming,Anyone's Legend,1615.6844168136563,1494.800435229512,120.8839815841443,0.9,0.5,0.4,,0.8259083526149442,1
10683-10683_game_2,2024-01-29 12:17:11+00:00,LPL,2024,Spring,0,2,14.01,Bilibili Gaming,Anyone's Legend,1626.3317716725805,1484.1530803705878,142.17869130199279,0.9,0.4,0.5,,0.8259083526149442,1
LOLTMNT05_13869,2024-01-29 16:08:13+00:00,LEC,2024,Winter,0,1,14.01,GiantX,Rogue,1473.643730358086,1444.2592212869738,29.384509071112234,0.375,0.25,0.125,,0.589421,1
LOLTMNT05_14882,2024-01-29 17:08:29+00:00,LEC,2024,Winter,0,1,14.01,Team BDS,Karmine Corp,1587.4067331747906,1421.2710149307325,166.13571824405813,0.875,0.125,0.75,,,0
LOLTMNT05_14894,2024-01-29 17:58:56+00:00,LEC,2024,Winter,0,1,14.01,Fnatic,Team Heretics,1495.8728991694793,1497.4531929314771,-1.5802937619978366,0.5,0.5,0.0,,0.60794,1
LOLTMNT05_14904,2024-01-29 18:55:12+00:00,LEC,2024,Winter,0,1,14.01,SK Gaming,G2 Esports,1521.61499288643,1553.553745737817,-31.938752851387108,0.625,0.75,-0.125,,0.269939,0
LOLTMNT05_14916,2024-01-29 20:01:35+00:00,LEC,2024,Winter,0,1,14.01,Team Vitality,MAD Lions KOI,1507.7118546014656,1497.2126149227481,10.499239678717458,0.5,0.5,0.0,,0.480519,0
10684-10684_game_1,2024-01-30 09:19:49+00:00,LPL,2024,Spring,0,1,14.01,Royal Never Give Up,Ultra Prime,1493.15748103228,1451.6548343132004,41.50264671907962,0.4,0.2,0.2,,0.767247535771166,1
10684-10684_game_2,2024-01-30 10:07:53+00:00,LPL,2024,Spring,0,2,14.01,Ultra Prime,Royal Never Give Up,1437.5570625930068,1507.2552527524736,-69.69819015946678,0.16666666666666666,0.5,-0.33333333333333337,,0.232752464228834,0
10685-10685_game_1,2024-01-30 11:30:50+00:00,LPL,2024,Spring,0,1,14.01,LGD Gaming,EDward Gaming,1483.4542803787997,1461.8247021605953,21.629578218204415,0.4,0.2,0.2,,0.372716490933616,1
10685-10685_game_2,2024-01-30 12:32:13+00:00,LPL,2024,Spring,0,2,14.01,LGD Gaming,EDward Gaming,1498.4594863260033,1446.8178241390829,51.641662186920485,0.5,0.16666666666666666,0.33333333333333337,,0.372716490933616,1
LOLTMNT02_38424,2024-01-31 08:08:09+00:00,LCK,2024,Spring,0,1,14.01,DN SOOPers,Dplus Kia,1519.8783971658424,1528.6325103522072,-8.754113186364748,0.4444444444444444,0.6,-0.15555555555555556,,0.262754776462597,1
LOLTMNT02_38442,2024-01-31 09:10:02+00:00,LCK,2024,Spring,0,2,14.01,DN SOOPers,Dplus Kia,1536.2848186461347,1512.2294538324709,24.0553648136638,0.5,0.5,0.0,,0.262754776462597,1
10686-10686_game_1,2024-01-31 09:17:44+00:00,LPL,2024,Spring,0,1,14.01,Rare Atom,Invictus Gaming,1429.3409058895627,1494.0811623510967,-64.74025646153405,0.2,0.5,-0.3,,0.5069451133263427,0
10686-10686_game_2,2024-01-31 10:04:55+00:00,LPL,2024,Spring,0,2,14.01,Invictus Gaming,Rare Atom,1507.134332038227,1416.2877958288789,90.84653620934819,0.6,0.1,0.5,,0.4930548866736572,1
LOLTMNT02_37474,2024-01-31 10:53:30+00:00,LCK,2024,Spring,0,1,14.01,KT Rolster,HANJIN BRION,1502.1424905837464,1417.2037692814893,84.93872130225714,0.5,0.1111111111111111,0.3888888888888889,,0.7351546945186836,1
10687-10687_game_1,2024-01-31 11:20:42+00:00,LPL,2024,Spring,0,1,14.01,Ninjas in Pyjamas,JD Gaming,1524.522523776851,1534.01444659445,-9.491922817599061,0.5714285714285714,0.6,-0.02857142857142858,,0.3465731505846399,0
LOLTMNT02_37499,2024-01-31 11:45:22+00:00,LCK,2024,Spring,0,2,14.01,KT Rolster,HANJIN BRION,1514.3070268074418,1405.0160952091314,109.29093159831041,0.5,0.1,0.4,,0.7351546945186836,1
10687-10687_game_2,2024-01-31 12:18:04+00:00,LPL,2024,Spring,0,2,14.01,JD Gaming,Ninjas in Pyjamas,1549.5775548806998,1508.9595342566881,40.618020624011706,0.7,0.5,0.19999999999999996,,0.6534268494153601,1
LOLTMNT02_37839,2024-02-01 08:05:09+00:00,LCK,2024,Spring,0,1,14.01,T1,DRX,1567.32717337359,1446.6481052897107,120.67906808387943,0.7,0.3,0.39999999999999997,,0.8639745957718684,1
LOLTMNT02_37841,2024-02-01 08:56:49+00:00,LCK,2024,Spring,0,2,14.01,DRX,T1,1435.9923682822982,1577.9829103810025,-141.99054209870428,0.3,0.7,-0.39999999999999997,,0.1360254042281315,0
10688-10688_game_1,2024-02-01 09:17:46+00:00,LPL,2024,Spring,0,1,14.01,ThunderTalk Gaming,Oh My God,1482.2702026258303,1465.7713924414172,16.49881018441306,0.4,0.3333333333333333,0.06666666666666671,,0.6162281663294755,0
10688-10688_game_2,2024-02-01 10:02:26+00:00,LPL,2024,Spring,0,2,14.01,Oh My God,ThunderTalk Gaming,1482.5302748318327,1465.5109749518156,17.019299880017115,0.42857142857142855,0.3333333333333333,0.09523809523809523,,0.3837718336705245,1
LOLTMNT02_38830,2024-02-01 10:35:28+00:00,LCK,2024,Spring,0,1,14.01,BNK FEARX,Nongshim RedForce,1484.6775026415278,1452.737664128202,31.939838513325867,0.4444444444444444,0.25,0.19444444444444442,,0.6279838083303231,1
10689-10689_game_1,2024-02-01 11:21:23+00:00,LPL,2024,Spring,0,1,14.01,LNG Esports,Weibo Gaming,1495.0173245996355,1558.1415400203527,-63.12421542071729,0.4444444444444444,1.0,-0.5555555555555556,,0.557902844193662,0
LOLTMNT02_38839,2024-02-01 11:36:14+00:00,LCK,2024,Spring,0,2,14.01,Nongshim RedForce,BNK FEARX,1429.7256208284193,1499.210748324759,-69.4851274963396,0.2222222222222222,0.5,-0.2777777777777778,,0.3720161916696769,1
10689-10689_game_2,2024-02-01 12:27:43+00:00,LPL,2024,Spring,0,2,14.01,Weibo Gaming,LNG Esports,1571.2661319810916,1481.8926975877027,89.37343439338883,1.0,0.4,0.6,,0.442097155806338,0
LOLTMNT02_37886,2024-02-01 12:31:35+00:00,LCK,2024,Spring,0,3,14.01,BNK FEARX,Nongshim RedForce,1480.052831256672,1448.8827787605235,31.170052496148628,0.5,0.3,0.2,0.5,0.6279838083303231,1
10689-10689_game_3,2024-02-01 13:21:53+00:00,LPL,2024,Spring,0,3,14.01,LNG Esports,Weibo Gaming,1501.9200110003214,1551.2387753358012,-49.31876433547973,0.5,0.8333333333333334,-0.33333333333333337,0.5,0.557902844193662,1
10690-10690_game_1,2024-02-02 07:23:41+00:00,LPL,2024,Spring,0,1,14.01,Ninjas in Pyjamas,Team WE,1494.8215877500643,1520.3600437163334,-25.53845596626911,0.4444444444444444,0.5714285714285714,-0.12698412698412698,,,0
LOLTMNT02_41039,2024-02-02 08:06:17+00:00,LCK,2024,Spring,0,1,14.01,DN SOOPers,Gen.G,1551.1939593854372,1584.142322636382,-32.948363250944794,0.6,0.8,-0.20000000000000007,,0.191827808285003,0
10690-10690_game_2,2024-02-02 08:21:58+00:00,LPL,2024,Spring,0,2,14.01,Ninjas in Pyjamas,Team WE,1479.9955635132505,1535.1860679531471,-55.190504439896586,0.4,0.625,-0.22499999999999998,,,1
LOLTMNT02_41040,2024-02-02 09:01:32+00:00,LCK,2024,Spring,0,2,14.01,DN SOOPers,Gen.G,1536.7005398626043,1598.6295267278115,-61.92898686520721,0.6,0.9,-0.30000000000000004,,0.191827808285003,0
10690-10690_game_3,2024-02-02 09:12:12+00:00,LPL,2024,Spring,0,3,14.01,Ninjas in Pyjamas,Team WE,1498.5160156754612,1516.6656157909365,-18.149600115475323,0.5,0.5555555555555556,-0.05555555555555558,0.5,,1
10691-10691_game_1,2024-02-02 09:17:28+00:00,LPL,2024,Spring,0,1,14.01,Ultra Prime,FunPlus Phoenix,1424.7244081959905,1493.107119751318,-68.38271155532743,0.14285714285714285,0.42857142857142855,-0.2857142857142857,,0.3093942506253969,1
10691-10691_game_2,2024-02-02 10:03:46+00:00,LPL,2024,Spring,0,2,14.01,FunPlus Phoenix,Ultra Prime,1473.9986203142887,1443.8335043879326,30.165115926356066,0.375,0.25,0.125,,0.6906057493746031,1
LOLTMNT02_42068,2024-02-02 10:37:05+00:00,LCK,2024,Spring,0,1,14.01,Dplus Kia,Hanwha Life Esports,1497.3354775521536,1544.5756545205538,-47.24017696840019,0.4,0.75,-0.35,,0.4285020065303884,0
10691-10691_game_3,2024-02-02 10:49:45+00:00,LPL,2024,Spring,0,3,14.01,Ultra Prime,FunPlus Phoenix,1429.2191792802753,1488.613206596698,-59.39402731642281,0.2222222222222222,0.4444444444444444,-0.2222222222222222,0.5,0.3093942506253969,1
LOLTMNT02_41061,2024-02-02 11:28:11+00:00,LCK,2024,Spring,0,2,14.01,Dplus Kia,Hanwha Life Esports,1483.4976601557646,1558.4134719169429,-74.91581176117825,0.3,0.7777777777777778,-0.4777777777777778,,0.4285020065303884,0
10692-10692_game_1,2024-02-02 12:05:16+00:00,LPL,2024,Spring,0,1,14.01,Anyone's Legend,LGD Gaming,1474.3580864910195,1512.0986601387126,-37.740573647693054,0.3333333333333333,0.5714285714285714,-0.23809523809523808,,0.5724674194687841,0
10692-10692_game_2,2024-02-02 13:04:24+00:00,LPL,2024,Spring,0,2,14.01,LGD Gaming,Anyone's Legend,1526.3674463700904,1460.0893002596417,66.27814611044869,0.625,0.2857142857142857,0.3392857142857143,,0.4275325805312159,0
10692-10692_game_3,2024-02-02 14:02:30+00:00,LPL,2024,Spring,0,3,14.01,Anyone's Legend,LGD Gaming,1479.1050284965522,1507.35171813318,-28.246689636627707,0.375,0.5555555555555556,-0.18055555555555558,0.5,0.5724674194687841,1
LOLTMNT02_41171,2024-02-03 06:07:06+00:00,LCK,2024,Spring,0,1,14.01,DRX,KT Rolster,1426.190011410463,1525.4336834794976,-99.24367206903457,0.3,0.6,-0.3,,0.262754776462597,1
LOLTMNT02_42189,2024-02-03 07:05:14+00:00,LCK,2024,Spring,0,2,14.01,KT Rolster,DRX,1504.9837199854749,1446.6399749044858,58.34374508098904,0.5,0.4,0.09999999999999998,,0.737245223537403,1
10693-10693_game_1,2024-02-03 07:17:30+00:00,LPL,2024,Spring,0,1,14.01,Top Esports,Rare Atom,1514.7142108143585,1404.3780351333464,110.33617568101204,0.5,0.1,0.4,,0.7804081974224588,1
LOLTMNT02_41177,2024-02-03 07:52:59+00:00,LCK,2024,Spring,0,3,14.01,DRX,KT Rolster,1433.3018296602102,1518.3218652297505,-85.02003556954037,0.4,0.5,-0.09999999999999998,0.5,0.262754776462597,0
10693-10693_game_2,2024-02-03 08:05:38+00:00,LPL,2024,Spring,0,2,14.01,Rare Atom,Top Esports,1393.2943754469147,1525.7972379038144,-132.50286245689972,0.0,0.6,-0.6,,0.2195918025775411,0
10694-10694_game_1,2024-02-03 09:20:06+00:00,LPL,2024,Spring,0,1,14.01,Invictus Gaming,ThunderTalk Gaming,1519.0441672684562,1450.2941163730882,68.75005089536808,0.6666666666666666,0.2857142857142857,0.38095238095238093,,,1
LOLTMNT02_42207,2024-02-03 09:41:13+00:00,LCK,2024,Spring,0,1,14.01,T1,HANJIN BRION,1587.7852672528377,1441.5854918132795,146.19977543955815,0.8,0.1,0.7000000000000001,,0.8588783426172005,1
10694-10694_game_2,2024-02-03 10:12:00+00:00,LPL,2024,Spring,0,2,14.01,ThunderTalk Gaming,Invictus Gaming,1437.419487051594,1531.9192709363474,-94.49978388475347,0.25,0.7142857142857143,-0.4642857142857143,,,1
LOLTMNT02_42209,2024-02-03 10:26:36+00:00,LCK,2024,Spring,0,2,14.01,HANJIN BRION,T1,1431.7948585114104,1597.4236438376606,-165.62878532625018,0.1,0.9,-0.8,,0.1411216573827994,0
10694-10694_game_3,2024-02-03 11:08:22+00:00,LPL,2024,Spring,0,3,14.01,Invictus Gaming,ThunderTalk Gaming,1511.6722038253954,1457.667129372391,54.005074453004454,0.625,0.3333333333333333,0.2916666666666667,0.5,,1
10695-10695_game_1,2024-02-03 12:34:08+00:00,LPL,2024,Spring,0,1,14.01,Bilibili Gaming,EDward Gaming,1636.1267655521488,1454.963470004571,181.16329554757772,0.9,0.14285714285714285,0.7571428571428571,,0.8140102245173586,1
10695-10695_game_2,2024-02-03 13:15:45+00:00,LPL,2024,Spring,0,2,14.01,Bilibili Gaming,EDward Gaming,1644.4659200625185,1446.5390886699588,197.92683139255973,0.9,0.125,0.775,,0.8140102245173586,1
LOLTMNT04_25269,2024-02-03 16:07:14+00:00,LEC,2024,Winter,1,1,14.02,Team BDS,Team Heretics,1564.2902136285672,1481.3804182161623,82.90979541240495,0.7777777777777778,0.4444444444444444,0.33333333333333337,,,1
LOLTMNT04_24244,2024-02-03 16:57:46+00:00,LEC,2024,Winter,1,2,14.02,Team BDS,Team Heretics,1576.542938616942,1469.1276932277876,107.41524538915428,0.8,0.4,0.4,1.0,,1
LOLTMNT04_24249,2024-02-03 17:54:11+00:00,LEC,2024,Winter,1,1,14.02,G2 Esports,GiantX,1568.087040997482,1488.2937409981917,79.79329999929041,0.7777777777777778,0.4444444444444444,0.33333333333333337,,0.7822978778889534,1
LOLTMNT04_24264,2024-02-03 18:47:12+00:00,LEC,2024,Winter,1,2,14.02,G2 Esports,GiantX,1580.4756954895606,1475.905086506113,104.57060898344753,0.8,0.4,0.4,1.0,0.7822978778889534,1
LOLTMNT02_42257,2024-02-04 06:05:32+00:00,LCK,2024,Spring,0,1,14.01,Nongshim RedForce,Hanwha Life Esports,1434.3140657279562,1571.0159635621235,-136.7018978341673,0.2,0.8,-0.6000000000000001,,0.1520292409055862,0
LOLTMNT02_41262,2024-02-04 06:52:59+00:00,LCK,2024,Spring,0,2,14.01,Nongshim RedForce,Hanwha Life Esports,1424.3023904399902,1581.0265402226942,-156.724149782704,0.1,0.8,-0.7000000000000001,,0.1520292409055862,1
10696-10696_game_1,2024-02-04 07:19:41+00:00,LPL,2024,Spring,0,1,14.01,Oh My God,Ninjas in Pyjamas,1497.7476767125086,1515.3510761917946,-17.603399479286054,0.5,0.6,-0.09999999999999998,,0.3520382987112462,0
LOLTMNT02_42258,2024-02-04 07:51:11+00:00,LCK,2024,Spring,0,3,14.01,Hanwha Life Esports,Nongshim RedForce,1558.261848532626,1447.0659856825114,111.19586285011451,0.7,0.2,0.49999999999999994,0.5,0.8479707590944137,1
10696-10696_game_2,2024-02-04 08:13:22+00:00,LPL,2024,Spring,0,2,14.01,Ninjas in Pyjamas,Oh My God,1530.541102665735,1482.5573292116735,47.98377345406152,0.7,0.4444444444444444,0.25555555555555554,,0.6479617012887537,1
LOLTMNT02_41281,2024-02-04 09:19:54+00:00,LCK,2024,Spring,0,1,14.01,BNK FEARX,Gen.G,1494.621236066022,1611.807416049456,-117.18617998343393,0.6,0.9,-0.30000000000000004,,0.1995684005611133,0
10697-10697_game_1,2024-02-04 09:20:18+00:00,LPL,2024,Spring,0,1,14.01,JD Gaming,LNG Esports,1563.7159895061066,1520.1760676566014,43.53992184950516,0.7,0.6,0.09999999999999998,,0.6501296814207093,0
10697-10697_game_2,2024-02-04 10:11:34+00:00,LPL,2024,Spring,0,2,14.01,LNG Esports,JD Gaming,1538.170705405431,1545.72180933612,-7.5511039306891234,0.6,0.6,0.0,,0.3498703185792907,0
LOLTMNT02_42276,2024-02-04 10:13:23+00:00,LCK,2024,Spring,0,2,14.01,Gen.G,BNK FEARX,1622.6065372162798,1483.8221148991981,138.78442231708163,0.9,0.5,0.4,,0.8004315994388866,1
10697-10697_game_3,2024-02-04 11:00:02+00:00,LPL,2024,Spring,0,3,14.01,JD Gaming,LNG Esports,1561.374193693488,1522.5183886311177,38.85580506237034,0.6,0.6,0.0,0.5,0.6501296814207093,1
10698-10698_game_1,2024-02-04 11:19:49+00:00,LPL,2024,Spring,0,1,14.01,Royal Never Give Up,Weibo Gaming,1520.0879071494899,1532.9826953500597,-12.894788200569792,0.5714285714285714,0.7142857142857143,-0.1428571428571429,,0.4613624259050369,0
10698-10698_game_2,2024-02-04 12:35:51+00:00,LPL,2024,Spring,0,2,14.01,Weibo Gaming,Royal Never Give Up,1548.3891409162968,1504.6814615832527,43.7076793330441,0.75,0.5,0.25,,0.538637574094963,1
LOLTMNT04_24340,2024-02-04 16:08:35+00:00,LEC,2024,Winter,1,1,14.02,SK Gaming,Team Vitality,1507.081697626765,1491.2284938724817,15.853203754283186,0.5555555555555556,0.4444444444444444,0.11111111111111116,,0.5205241942184997,0
LOLTMNT04_24359,2024-02-04 16:54:56+00:00,LEC,2024,Winter,1,2,14.02,Team Vitality,SK Gaming,1507.9580546348423,1490.3521368644044,17.605917770437827,0.5,0.5,0.0,0.5,0.4794758057815003,1
LOLTMNT04_25373,2024-02-04 17:46:48+00:00,LEC,2024,Winter,1,1,14.02,MAD Lions KOI,Fnatic,1513.695975651732,1511.9456738847941,1.7503017669378096,0.5555555555555556,0.5555555555555556,0.0,,0.4275325805312158,0
LOLTMNT04_24383,2024-02-04 18:32:22+00:00,LEC,2024,Winter,1,2,14.02,MAD Lions KOI,Fnatic,1497.6153719584797,1528.0262775780463,-30.41090561956662,0.5,0.6,-0.09999999999999998,0.5,0.4275325805312158,0
10699-10699_game_1,2024-02-05 09:21:53+00:00,LPL,2024,Spring,0,1,14.02,Team WE,LGD Gaming,1499.830555274603,1492.0430147692473,7.787540505355764,0.5,0.5,0.0,,,1
10699-10699_game_2,2024-02-05 10:31:55+00:00,LPL,2024,Spring,0,2,14.02,LGD Gaming,Team WE,1476.4015492206931,1515.4719858277808,-39.070436607087686,0.5,0.6,-0.09999999999999998,,,1
10700-10700_game_1,2024-02-05 11:20:03+00:00,LPL,2024,Spring,0,1,14.02,Ultra Prime,Anyone's Legend,1447.9280388463667,1496.4029781681731,-48.47493932180646,0.3,0.4444444444444444,-0.14444444444444443,,0.3465731505846399,1
10699-10699_game_3,2024-02-05 11:22:47+00:00,LPL,2024,Spring,0,3,14.02,Team WE,LGD Gaming,1497.680271950039,1494.1930619364014,3.4872100136376503,0.6,0.6,0.0,0.5,,1
10700-10700_game_2,2024-02-05 12:07:51+00:00,LPL,2024,Spring,0,2,14.02,Anyone's Legend,Ultra Prime,1478.1849981112018,1466.146018903338,12.038979207863804,0.4,0.4,0.0,,0.6534268494153601,1
10700-10700_game_3,2024-02-05 13:14:29+00:00,LPL,2024,Spring,0,3,14.02,Ultra Prime,Anyone's Legend,1450.7002125974086,1493.6308044171312,-42.93059181972262,0.4,0.4,0.0,0.5,0.3465731505846399,0
LOLTMNT04_24439,2024-02-05 16:06:56+00:00,LEC,2024,Winter,1,1,14.02,Team BDS,Team Vitality,1587.748088681521,1523.1479654344348,64.60012324708623,0.9,0.6,0.30000000000000004,,,1
LOLTMNT04_24452,2024-02-05 16:56:40+00:00,LEC,2024,Winter,1,2,14.02,Team Vitality,Team BDS,1510.089095823122,1600.8069582928338,-90.71786246971169,0.6,0.9,-0.30000000000000004,0.0,,0
LOLTMNT04_24460,2024-02-05 17:52:26+00:00,LEC,2024,Winter,1,1,14.02,G2 Esports,Fnatic,1591.8003717578904,1542.6293692391007,49.17100251878969,0.8,0.6,0.20000000000000007,,0.6287731805192474,1
LOLTMNT04_24477,2024-02-05 18:43:22+00:00,LEC,2024,Winter,1,2,14.02,Fnatic,G2 Esports,1528.8787794356376,1605.5509615613535,-76.67218212571584,0.5,0.8,-0.30000000000000004,0.0,0.3712268194807526,1
LOLTMNT04_24485,2024-02-05 19:33:15+00:00,LEC,2024,Winter,1,3,14.02,G2 Esports,Fnatic,1586.0762998995149,1548.3534410974762,37.72285880203867,0.8,0.6,0.20000000000000007,0.6666666666666667,0.6287731805192474,1
10701-10701_game_1,2024-02-06 09:18:08+00:00,LPL,2024,Spring,0,1,14.02,EDward Gaming,FunPlus Phoenix,1438.9672501262253,1469.9047849199058,-30.93753479368047,0.1111111111111111,0.4,-0.2888888888888889,,0.5559272431908978,0
10701-10701_game_2,2024-02-06 10:06:43+00:00,LPL,2024,Spring,0,2,14.02,FunPlus Phoenix,EDward Gaming,1484.484033348012,1424.377736443987,60.10629690402493,0.5,0.1,0.4,,0.4440727568091022,0
10701-10701_game_3,2024-02-06 10:56:11+00:00,LPL,2024,Spring,0,3,14.02,EDward Gaming,FunPlus Phoenix,1443.0933845761704,1465.7436907647686,-22.65030618859828,0.1,0.5,-0.4,0.5,0.5559272431908978,0
10702-10702_game_1,2024-02-06 11:19:27+00:00,LPL,2024,Spring,0,1,14.02,LNG Esports,Bilibili Gaming,1508.3003275720357,1652.223941622116,-143.92361405008023,0.6,0.9,-0.30000000000000004,,0.3093942506253969,0
10702-10702_game_2,2024-02-06 12:19:56+00:00,LPL,2024,Spring,0,2,14.02,Bilibili Gaming,LNG Esports,1661.9507976732125,1498.5734332629897,163.37736441022275,0.9,0.5,0.4,,0.6906057493746031,1
10703-10703_game_1,2024-02-07 09:21:07+00:00,LPL,2024,Spring,0,1,14.02,Invictus Gaming,Royal Never Give Up,1525.2053322563945,1490.6837232341607,34.52160902223386,0.6666666666666666,0.4444444444444444,0.2222222222222222,,0.3891344432104659,0
10703-10703_game_2,2024-02-07 10:13:16+00:00,LPL,2024,Spring,0,2,14.02,Royal Never Give Up,Invictus Gaming,1508.2682908855604,1507.6209484208357,0.6473424647247157,0.5,0.6,-0.09999999999999998,,0.610865556789534,0
10703-10703_game_3,2024-02-07 11:11:32+00:00,LPL,2024,Spring,0,3,14.02,Invictus Gaming,Royal Never Give Up,1523.6507466513663,1492.2384796978704,31.412266953495873,0.6,0.5,0.09999999999999998,0.5,0.3891344432104659,1
10704-10704_game_1,2024-02-07 12:41:34+00:00,LPL,2024,Spring,0,1,14.02,Weibo Gaming,Top Esports,1562.3868792653889,1535.97483754684,26.412041718548835,0.7777777777777778,0.6,0.1777777777777778,,0.3891344432104659,0
10704-10704_game_2,2024-02-07 13:30:20+00:00,LPL,2024,Spring,0,2,14.02,Top Esports,Weibo Gaming,1553.1888193700827,1545.1728974421462,8.01592192793646,0.7,0.7,0.0,,0.610865556789534,1
LOLTMNT04_26250,2024-02-10 16:07:19+00:00,LEC,2024,Winter,1,1,14.02,SK Gaming,Team Heretics,1475.1622260648119,1457.9225431632085,17.239682901603373,0.4,0.4,0.0,,0.4613624259050368,0
LOLTMNT04_27257,2024-02-10 17:01:18+00:00,LEC,2024,Winter,1,2,14.02,SK Gaming,Team Heretics,1458.3689602604654,1474.715808967555,-16.34684870708952,0.3,0.4,-0.10000000000000003,0.0,0.4613624259050368,1
LOLTMNT04_26265,2024-02-10 17:57:59+00:00,LEC,2024,Winter,1,3,14.02,Team Heretics,SK Gaming,1457.9635637653064,1475.121205462714,-17.1576416974076,0.3,0.3,0.0,0.6666666666666667,0.5386375740949632,0
LOLTMNT04_26271,2024-02-10 18:52:55+00:00,LEC,2024,Winter,1,1,14.02,MAD Lions KOI,GiantX,1483.0122802974254,1464.5804102377833,18.43187005964205,0.4,0.3,0.10000000000000003,,0.5371054497567935,1
LOLTMNT04_26283,2024-02-10 19:34:37+00:00,LEC,2024,Winter,1,2,14.02,MAD Lions KOI,GiantX,1498.1642567306892,1449.4284338045195,48.7358229261697,0.5,0.3,0.2,0.5,0.5371054497567935,1
LOLTMNT04_26326,2024-02-11 16:07:36+00:00,LEC,2024,Winter,1,1,14.02,G2 Esports,Team BDS,1600.3458923832266,1612.7216678492055,-12.375775465978904,0.8,0.9,-0.09999999999999998,,,1
LOLTMNT04_26332,2024-02-11 17:01:05+00:00,LEC,2024,Winter,1,2,14.02,Team BDS,G2 Esports,1596.1519832470976,1616.9155769853344,-20.76359373823675,0.8,0.8,0.0,0.0,,0
LOLTMNT04_27329,2024-02-11 17:50:05+00:00,LEC,2024,Winter,1,3,14.02,G2 Esports,Team BDS,1631.9605149029062,1581.1070453295258,50.85346957338038,0.9,0.7,0.20000000000000007,1.0,,1
LOLTMNT04_26359,2024-02-12 16:06:43+00:00,LEC,2024,Winter,1,1,14.02,MAD Lions KOI,Team Vitality,1511.9344946385058,1498.1743862667504,13.76010837175545,0.5,0.6,-0.09999999999999998,,0.5380930346850266,1
LOLTMNT04_26379,2024-02-12 16:51:36+00:00,LEC,2024,Winter,1,2,14.02,MAD Lions KOI,Team Vitality,1527.3011493376966,1482.8077315675596,44.49341777013706,0.6,0.5,0.09999999999999998,1.0,0.5380930346850266,1
LOLTMNT04_26385,2024-02-12 18:06:30+00:00,LEC,2024,Winter,1,1,14.02,SK Gaming,Fnatic,1490.3317085525018,1534.0838486137645,-43.75214006126271,0.4,0.6,-0.19999999999999996,,0.3456739891208079,1
LOLTMNT04_26398,2024-02-12 19:07:58+00:00,LEC,2024,Winter,1,2,14.02,Fnatic,SK Gaming,1516.0795715674035,1508.3359855988629,7.7435859685406285,0.5,0.4,0.09999999999999998,0.0,0.6543260108791921,1
LOLTMNT04_27389,2024-02-12 19:51:45+00:00,LEC,2024,Winter,1,3,14.02,SK Gaming,Fnatic,1492.6925318753488,1531.7230252909176,-39.0304934155688,0.4,0.5,-0.09999999999999998,0.6666666666666667,0.3456739891208079,0
LOLTMNT01_55642,2024-02-14 08:05:22+00:00,LCK,2024,Spring,0,1,14.02,KT Rolster,Gen.G,1530.4828721742629,1632.5348346483768,-102.0519624741139,0.5,0.9,-0.4,,0.270196978243442,1
LOLTMNT01_56440,2024-02-14 08:59:16+00:00,LCK,2024,Spring,0,2,14.02,Gen.G,KT Rolster,1611.9658185290955,1551.0518882935442,60.913930235551334,0.8,0.6,0.20000000000000007,,0.729803021756558,0
LOLTMNT01_55683,2024-02-14 10:36:57+00:00,LCK,2024,Spring,0,1,14.02,DRX,DN SOOPers,1421.1408227156978,1523.5078154112236,-102.36699269552582,0.4,0.6,-0.19999999999999996,,0.351208563345841,0
LOLTMNT01_55709,2024-02-14 11:35:15+00:00,LCK,2024,Spring,0,2,14.02,DRX,DN SOOPers,1409.7231600093298,1534.9549017545428,-125.23174174521296,0.3,0.7,-0.39999999999999997,,0.351208563345841,0
LOLTMNT01_57068,2024-02-15 08:08:36+00:00,LCK,2024,Spring,0,1,14.02,T1,Dplus Kia,1606.325863163095,1470.895168510584,135.43069465251097,0.9,0.3,0.6000000000000001,,0.7488603956330361,1
LOLTMNT01_56898,2024-02-15 08:55:57+00:00,LCK,2024,Spring,0,2,14.02,Dplus Kia,T1,1460.8341853063066,1616.3868463673723,-155.5526610610657,0.3,0.9,-0.6000000000000001,,0.2511396043669639,0
LOLTMNT01_57117,2024-02-15 10:40:15+00:00,LCK,2024,Spring,0,1,14.02,Hanwha Life Esports,HANJIN BRION,1569.309051760882,1422.741437706543,146.56761405433917,0.7,0.1,0.6,,0.8250868856820781,1
LOLTMNT01_57141,2024-02-15 11:27:44+00:00,LCK,2024,Spring,0,2,14.02,HANJIN BRION,Hanwha Life Esports,1412.9862269925893,1578.9331726860771,-165.9469456934878,0.1,0.7,-0.6,,0.1749131143179219,0
LOLTMNT01_58248,2024-02-16 08:06:23+00:00,LCK,2024,Spring,0,1,14.02,Nongshim RedForce,KT Rolster,1433.6752519356457,1569.8286849314418,-136.15343299579604,0.2,0.7,-0.49999999999999994,,0.2501146491434448,0
LOLTMNT01_59105,2024-02-16 08:54:39+00:00,LCK,2024,Spring,0,2,14.02,Nongshim RedForce,KT Rolster,1423.6406913551368,1579.8609927965938,-156.22030144145697,0.2,0.7,-0.49999999999999994,,0.2501146491434448,0
LOLTMNT01_59130,2024-02-16 10:38:10+00:00,LCK,2024,Spring,0,1,14.02,DN SOOPers,BNK FEARX,1555.219933045877,1473.8938174671011,81.3261155787759,0.8,0.4,0.4,,0.6171898989953695,1
LOLTMNT01_58334,2024-02-16 11:31:10+00:00,LCK,2024,Spring,0,2,14.02,BNK FEARX,DN SOOPers,1461.5720885474277,1567.5653967601743,-105.99330821274657,0.4,0.8,-0.4,,0.3828101010046305,1
LOLTMNT01_59177,2024-02-16 12:21:36+00:00,LCK,2024,Spring,0,3,14.02,DN SOOPers,BNK FEARX,1546.8567539834187,1482.3072637959099,64.54949018750881,0.7,0.5,0.19999999999999996,0.5,0.6171898989953695,1
LOLTMNT04_26686,2024-02-16 16:07:48+00:00,LEC,2024,Winter,1,1,14.02,MAD Lions KOI,Fnatic,1541.2632798963534,1545.933127821782,-4.669847925428485,0.7,0.6,0.09999999999999998,0.33333333333333337,0.4292806371908826,1
LOLTMNT04_28015,2024-02-16 16:57:21+00:00,LEC,2024,Winter,1,2,14.02,Fnatic,MAD Lions KOI,1529.718086326879,1557.4783213912563,-27.760235064377184,0.6,0.7,-0.09999999999999998,0.5,0.5707193628091174,1
LOLTMNT04_28019,2024-02-16 17:47:20+00:00,LEC,2024,Winter,1,3,14.02,MAD Lions KOI,Fnatic,1540.202628871531,1546.9937788466043,-6.791149975073267,0.6,0.6,0.0,0.4,0.4292806371908826,1
LOLTMNT04_28022,2024-02-16 18:42:22+00:00,LEC,2024,Winter,1,4,14.02,Fnatic,MAD Lions KOI,1530.6810746561669,1556.5153330619685,-25.83425840580162,0.5,0.7,-0.19999999999999996,0.5,0.5707193628091174,1
LOLTMNT04_28023,2024-02-16 19:41:55+00:00,LEC,2024,Winter,1,5,14.02,MAD Lions KOI,Fnatic,1539.3278092800738,1547.8685984380616,-8.540789157987774,0.6,0.5,0.09999999999999998,0.4285714285714286,0.4292806371908826,1
LOLTMNT01_58454,2024-02-17 06:07:13+00:00,LCK,2024,Spring,0,1,14.02,Gen.G,Hanwha Life Esports,1593.1890218911979,1587.8236283144668,5.365393576731094,0.7,0.7,0.0,,0.6076542006546222,1
LOLTMNT01_58466,2024-02-17 06:53:58+00:00,LCK,2024,Spring,0,2,14.02,Hanwha Life Esports,Gen.G,1572.0706941799283,1608.9419560257363,-36.87126184580802,0.6,0.7,-0.09999999999999998,,0.3923457993453778,0
LOLTMNT01_58502,2024-02-17 08:46:31+00:00,LCK,2024,Spring,0,1,14.02,Dplus Kia,DRX,1451.5545084788876,1399.2528681443578,52.30164033452979,0.2,0.3,-0.09999999999999998,,0.749885350856555,1
LOLTMNT01_59378,2024-02-17 09:36:59+00:00,LCK,2024,Spring,0,2,14.02,DRX,Dplus Kia,1385.643417378569,1465.1639592446763,-79.52054186610735,0.3,0.2,0.09999999999999998,,0.2501146491434449,0
LOLTMNT04_26706,2024-02-17 16:08:06+00:00,LEC,2024,Winter,1,1,14.02,Team BDS,MAD Lions KOI,1565.382640321683,1555.7210479487871,9.661592372895939,0.6,0.7,-0.09999999999999998,,,0
LOLTMNT04_28040,2024-02-17 16:57:23+00:00,LEC,2024,Winter,1,2,14.02,Team BDS,MAD Lions KOI,1548.9378709667267,1572.1658660666476,-23.227995099920918,0.5,0.8,-0.30000000000000004,0.5,,0
LOLTMNT04_28041,2024-02-17 17:44:36+00:00,LEC,2024,Winter,1,3,14.02,MAD Lions KOI,Team BDS,1587.097768233583,1534.0058229115602,53.091945322022866,0.8,0.4,0.4,0.6666666666666666,,0
LOLTMNT04_28042,2024-02-17 18:38:44+00:00,LEC,2024,Winter,1,4,14.02,Team BDS,MAD Lions KOI,1552.4316600466304,1568.6716487083975,-16.23998866176703,0.5,0.7,-0.19999999999999996,0.5,,1
LOLTMNT04_28043,2024-02-17 19:28:22+00:00,LEC,2024,Winter,1,5,14.02,MAD Lions KOI,Team BDS,1551.9243137861754,1569.1789079504063,-17.254594164230866,0.6,0.5,0.09999999999999998,0.4,,1
LOLTMNT01_58693,2024-02-18 06:05:36+00:00,LCK,2024,Spring,0,1,14.02,BNK FEARX,T1,1469.2461411752124,1625.6665231947914,-156.42038201957894,0.4,1.0,-0.6,,0.1527608307136259,0
LOLTMNT01_59546,2024-02-18 06:57:28+00:00,LCK,2024,Spring,0,2,14.02,BNK FEARX,T1,1459.9993401927766,1634.9133241772272,-174.91398398445062,0.4,1.0,-0.6,,0.1527608307136259,0
10756-10756_game_1,2024-02-18 07:20:28+00:00,LPL,2024,Spring,0,1,14.02,Ninjas in Pyjamas,Ultra Prime,1544.3453113069302,1436.6672386670487,107.67807263988152,0.7,0.3,0.39999999999999997,,,1
10756-10756_game_2,2024-02-18 08:11:12+00:00,LPL,2024,Spring,0,2,14.02,Ultra Prime,Ninjas in Pyjamas,1425.4731027541477,1555.5394472198311,-130.06634446568341,0.3,0.7,-0.39999999999999997,,,1
LOLTMNT01_59570,2024-02-18 08:36:47+00:00,LCK,2024,Spring,0,1,14.02,Nongshim RedForce,HANJIN BRION,1414.3840729377441,1403.9658053003436,10.418267637400504,0.2,0.1,0.1,,0.5757427103480193,1
10756-10756_game_3,2024-02-18 08:54:30+00:00,LPL,2024,Spring,0,3,14.02,Ninjas in Pyjamas,Ultra Prime,1533.8146414685702,1447.1979085054086,86.61673296316167,0.6,0.4,0.19999999999999996,0.5,,1
10757-10757_game_1,2024-02-18 09:17:55+00:00,LPL,2024,Spring,0,1,14.02,Anyone's Legend,Oh My God,1507.6637783474912,1468.752193682475,38.91158466501611,0.4,0.4,0.0,,0.4767271932001073,0
LOLTMNT01_58738,2024-02-18 09:29:45+00:00,LCK,2024,Spring,0,2,14.02,HANJIN BRION,Nongshim RedForce,1388.4398662603965,1429.9046149086041,-41.46474864820766,0.1,0.3,-0.19999999999999998,,0.4242572896519807,0
10757-10757_game_2,2024-02-18 10:04:26+00:00,LPL,2024,Spring,0,2,14.02,Oh My God,Anyone's Legend,1486.5360035044187,1489.879288506285,-3.343285001866434,0.4,0.4,0.0,,0.5232728067998926,0
10757-10757_game_3,2024-02-18 10:49:44+00:00,LPL,2024,Spring,0,3,14.02,Anyone's Legend,Oh My God,1505.725329294185,1470.689963959237,35.03536533494798,0.5,0.3,0.2,0.5,0.4767271932001073,1
10758-10758_game_1,2024-02-18 12:15:31+00:00,LPL,2024,Spring,0,1,14.02,ThunderTalk Gaming,Rare Atom,1444.134316730039,1383.1161140439565,61.01820268608253,0.3,0.0,0.3,,0.5873073419967705,1
10758-10758_game_2,2024-02-18 13:17:06+00:00,LPL,2024,Spring,0,2,14.02,Rare Atom,ThunderTalk Gaming,1369.8972485637348,1457.3528630427295,-87.45561447899468,0.0,0.3,-0.3,,0.4126926580032295,1
10758-10758_game_3,2024-02-18 14:10:16+00:00,LPL,2024,Spring,0,3,14.02,ThunderTalk Gaming,Rare Atom,1437.4083438320313,1389.8413630895318,47.56698074249948,0.3,0.1,0.19999999999999998,0.5,0.5873073419967705,0
LOLTMNT04_28061,2024-02-18 16:12:58+00:00,LEC,2024,Winter,1,1,14.02,G2 Esports,MAD Lions KOI,1645.6352079025535,1568.7182645901426,76.91694331241092,0.9,0.6,0.30000000000000004,,0.71649660493381,0
LOLTMNT04_28064,2024-02-18 17:02:32+00:00,LEC,2024,Winter,1,2,14.02,G2 Esports,MAD Lions KOI,1626.1498078018901,1588.203664690806,37.94614311108421,0.8,0.6,0.20000000000000007,0.5,0.71649660493381,1
LOLTMNT04_28065,2024-02-18 17:48:51+00:00,LEC,2024,Winter,1,3,14.02,MAD Lions KOI,G2 Esports,1573.9442338509052,1640.409238641791,-66.46500479088581,0.6,0.8,-0.20000000000000007,0.33333333333333337,0.28350339506619,0
LOLTMNT04_28070,2024-02-18 18:47:08+00:00,LEC,2024,Winter,1,4,14.02,MAD Lions KOI,G2 Esports,1560.9682607004183,1653.3852117922775,-92.41695109185912,0.5,0.8,-0.30000000000000004,0.25,0.28350339506619,0
10759-10759_game_1,2024-02-19 09:19:32+00:00,LPL,2024,Spring,0,1,14.02,JD Gaming,LGD Gaming,1575.5925946904365,1478.353640110697,97.23895457973958,0.6,0.6,0.0,,0.8039026395318909,0
10759-10759_game_2,2024-02-19 10:20:01+00:00,LPL,2024,Spring,0,2,14.02,LGD Gaming,JD Gaming,1498.7178942890187,1555.2286956661078,-56.51080137708914,0.6,0.6,0.0,,0.1960973604681091,0
10759-10759_game_3,2024-02-19 11:09:39+00:00,LPL,2024,Spring,0,3,14.02,JD Gaming,LGD Gaming,1568.649411019706,1485.2973823022053,83.35202871750062,0.7,0.5,0.19999999999999996,0.5,0.8039026395318909,1
10760-10760_game_1,2024-02-19 11:20:13+00:00,LPL,2024,Spring,0,1,14.02,EDward Gaming,Team WE,1430.3689175462273,1510.8157483093594,-80.44683076313208,0.1,0.6,-0.5,,0.3696388518317561,0
10760-10760_game_2,2024-02-19 12:29:21+00:00,LPL,2024,Spring,0,2,14.02,Team WE,EDward Gaming,1523.1766636383804,1417.9766005841454,105.20006305423499,0.6,0.1,0.5,,0.6303611481682438,1
10761-10761_game_1,2024-02-20 09:20:43+00:00,LPL,2024,Spring,0,1,14.02,FunPlus Phoenix,LNG Esports,1480.702218151743,1489.587659200441,-8.885441048698112,0.5,0.5,0.0,,0.232752464228834,0
10761-10761_game_2,2024-02-20 10:27:21+00:00,LPL,2024,Spring,0,2,14.02,LNG Esports,FunPlus Phoenix,1505.1785611012915,1465.1112825399616,40.067278561329886,0.5,0.4,0.09999999999999998,,0.767247535771166,0
10761-10761_game_3,2024-02-20 11:17:27+00:00,LPL,2024,Spring,0,3,14.02,LNG Esports,FunPlus Phoenix,1487.341541365396,1482.948136584053,4.393404781343179,0.4,0.5,-0.09999999999999998,0.5,0.767247535771166,0
10762-10762_game_1,2024-02-20 11:24:15+00:00,LPL,2024,Spring,0,1,14.02,Invictus Gaming,Bilibili Gaming,1530.2305442880831,1670.9365340407505,-140.7059897526674,0.6,0.9,-0.30000000000000004,,0.1740916473850559,1
10762-10762_game_2,2024-02-20 12:09:06+00:00,LPL,2024,Spring,0,2,14.02,Bilibili Gaming,Invictus Gaming,1648.789242751128,1552.3671896462733,96.42205310485474,0.9,0.7,0.20000000000000007,,0.8259083526149441,0
LOLTMNT02_52081,2024-02-21 08:07:20+00:00,LCK,2024,Spring,0,1,14.03,T1,Nongshim RedForce,1643.4761958856484,1444.004743612512,199.4714522731365,1.0,0.4,0.6,,0.8639745957718684,1
LOLTMNT02_52097,2024-02-21 08:58:01+00:00,LCK,2024,Spring,0,2,14.03,Nongshim RedForce,T1,1436.296976555762,1651.1820799267043,-214.88510337094226,0.4,1.0,-0.6,,0.1360254042281315,1
10763-10763_game_1,2024-02-21 09:18:36+00:00,LPL,2024,Spring,0,1,14.02,Ultra Prime,Weibo Gaming,1435.1061222348578,1529.5419788036056,-94.4358565687478,0.4,0.6,-0.19999999999999996,,0.2501146491434448,0
LOLTMNT02_52104,2024-02-21 10:01:25+00:00,LCK,2024,Spring,0,3,14.03,T1,Nongshim RedForce,1626.380877719022,1461.0963993077696,165.2844784112524,0.9,0.4,0.5,0.5,0.8639745957718684,1
10763-10763_game_2,2024-02-21 10:16:59+00:00,LPL,2024,Spring,0,2,14.02,Weibo Gaming,Ultra Prime,1541.2970730924997,1423.3510279459638,117.94604514653588,0.6,0.4,0.19999999999999996,,0.7498853508565553,1
LOLTMNT02_52146,2024-02-21 11:36:08+00:00,LCK,2024,Spring,0,1,14.03,Hanwha Life Esports,KT Rolster,1557.7623327158826,1589.1153682124886,-31.353035496606026,0.6,0.8,-0.20000000000000007,,0.5380930346850266,1
10764-10764_game_1,2024-02-21 11:42:02+00:00,LPL,2024,Spring,0,1,14.02,Royal Never Give Up,Top Esports,1482.144911428488,1568.8197380086233,-86.67482658013523,0.4,0.7,-0.29999999999999993,,0.3210438308251114,0
10764-10764_game_2,2024-02-21 12:39:50+00:00,LPL,2024,Spring,0,2,14.02,Top Esports,Royal Never Give Up,1580.9090086932765,1470.0533207218423,110.85568797143424,0.8,0.3,0.5,,0.6789561691748887,1
LOLTMNT02_53024,2024-02-21 12:54:02+00:00,LCK,2024,Spring,0,2,14.03,Hanwha Life Esports,KT Rolster,1575.2022867288013,1571.67541419957,3.526872529231241,0.7,0.8,-0.10000000000000009,,0.5380930346850266,1
10765-10765_game_1,2024-02-22 07:18:23+00:00,LPL,2024,Spring,0,1,14.02,ThunderTalk Gaming,Anyone's Legend,1419.231388079113,1520.1173377891591,-100.88594971004613,0.2,0.6,-0.39999999999999997,,0.4613624259050369,0
LOLTMNT02_53518,2024-02-22 08:06:59+00:00,LCK,2024,Spring,0,1,14.03,Dplus Kia,BNK FEARX,1477.5645369094166,1451.4364684843554,26.1280684250612,0.2,0.3,-0.09999999999999998,,0.7201761251301323,1
10765-10765_game_2,2024-02-22 08:08:40+00:00,LPL,2024,Spring,0,2,14.02,Anyone's Legend,ThunderTalk Gaming,1531.5976868737976,1407.7510389944746,123.84664787932297,0.7,0.2,0.49999999999999994,,0.538637574094963,1
LOLTMNT02_52683,2024-02-22 09:03:58+00:00,LCK,2024,Spring,0,2,14.03,BNK FEARX,Dplus Kia,1436.6374473355181,1492.3635580582538,-55.72611072273571,0.2,0.3,-0.09999999999999998,,0.2798238748698677,0
10766-10766_game_1,2024-02-22 09:30:48+00:00,LPL,2024,Spring,0,1,14.02,Rare Atom,Oh My God,1408.0181090834728,1456.297447141255,-48.27933805778207,0.2,0.3,-0.09999999999999998,,0.4050852411104829,0
10766-10766_game_2,2024-02-22 10:22:09+00:00,LPL,2024,Spring,0,2,14.02,Oh My God,Rare Atom,1470.0890377330445,1394.2270594389126,75.86197829413186,0.4,0.2,0.2,,0.5949147588895172,1
LOLTMNT02_53568,2024-02-22 10:35:50+00:00,LCK,2024,Spring,0,1,14.03,Gen.G,DRX,1623.250317489782,1373.2428397138287,250.00747777595325,0.8,0.2,0.6000000000000001,,0.837976606448127,1
10767-10767_game_1,2024-02-22 11:17:36+00:00,LPL,2024,Spring,0,1,14.02,EDward Gaming,Ninjas in Pyjamas,1406.6403389259021,1545.906427739121,-139.26608881321886,0.1,0.6,-0.5,,0.2501146491434448,0
LOLTMNT02_53589,2024-02-22 11:24:40+00:00,LCK,2024,Spring,0,2,14.03,DRX,Gen.G,1367.1092186560961,1629.3839385475146,-262.2747198914185,0.1,0.8,-0.7000000000000001,,0.162023393551873,0
10767-10767_game_2,2024-02-22 12:14:12+00:00,LPL,2024,Spring,0,2,14.02,EDward Gaming,Ninjas in Pyjamas,1396.687385708569,1555.8157478864446,-159.1283621778755,0.1,0.7,-0.6,,0.2501146491434448,0
10768-10768_game_1,2024-02-23 07:16:19+00:00,LPL,2024,Spring,0,1,14.02,FunPlus Phoenix,LGD Gaming,1499.1504379959429,1473.0636107228252,26.086827273117706,0.5,0.4,0.09999999999999998,,0.5386375740949632,0
LOLTMNT02_55054,2024-02-23 08:06:36+00:00,LCK,2024,Spring,0,1,14.03,DN SOOPers,HANJIN BRION,1549.8820773843256,1369.7741857031685,180.10789168115707,0.7,0.0,0.7,,0.7526977386290986,0
10768-10768_game_2,2024-02-23 08:12:23+00:00,LPL,2024,Spring,0,2,14.02,LGD Gaming,FunPlus Phoenix,1490.2626160284235,1481.951453752638,8.311162275785591,0.4,0.5,-0.09999999999999998,,0.4613624259050368,0
10768-10768_game_3,2024-02-23 08:59:19+00:00,LPL,2024,Spring,0,3,14.02,FunPlus Phoenix,LGD Gaming,1498.3341000380574,1473.8799767346627,24.45412330339468,0.6,0.3,0.3,0.5,0.5386375740949632,1
LOLTMNT02_55082,2024-02-23 09:02:12+00:00,LCK,2024,Spring,0,2,14.03,DN SOOPers,HANJIN BRION,1526.2859332519142,1393.317715848499,132.96821740341534,0.6,0.1,0.5,,0.7526977386290986,1
10769-10769_game_1,2024-02-23 09:23:42+00:00,LPL,2024,Spring,0,1,14.02,Invictus Gaming,Team WE,1572.68926254362,1534.475774791589,38.21348775203114,0.8,0.6,0.20000000000000007,,,1
LOLTMNT02_54260,2024-02-23 09:55:12+00:00,LCK,2024,Spring,0,3,14.03,HANJIN BRION,DN SOOPers,1383.0952866351859,1536.4673639079138,-153.3720772727279,0.1,0.6,-0.5,0.5,0.2473022613709014,1
10769-10769_game_2,2024-02-23 10:27:43+00:00,LPL,2024,Spring,0,2,14.02,Team WE,Invictus Gaming,1520.2281352769762,1586.9389588169474,-66.71082353997122,0.6,0.8,-0.20000000000000007,,,1
10769-10769_game_3,2024-02-23 11:14:55+00:00,LPL,2024,Spring,0,3,14.02,Invictus Gaming,Team WE,1567.908113779687,1539.2625179951,28.64559578458693,0.7,0.6,0.09999999999999998,0.5,,0
10770-10770_game_1,2024-02-23 11:18:35+00:00,LPL,2024,Spring,0,1,14.02,LNG Esports,Top Esports,1477.4419227353433,1591.970380745649,-114.52845801030571,0.4,0.9,-0.5,,0.3742236779073661,0
LOLTMNT02_54309,2024-02-23 11:49:51+00:00,LCK,2024,Spring,0,1,14.03,Hanwha Life Esports,Nongshim RedForce,1591.039873825213,1452.1798915684276,138.85998225678532,0.7,0.4,0.29999999999999993,0.6666666666666666,0.7985787812620092,1
10770-10770_game_2,2024-02-23 12:06:17+00:00,LPL,2024,Spring,0,2,14.02,Top Esports,LNG Esports,1602.8792331504521,1466.5279519584706,136.35128119198157,0.9,0.3,0.6000000000000001,,0.6257763220926339,1
LOLTMNT02_54335,2024-02-23 12:37:18+00:00,LCK,2024,Spring,0,2,14.03,Nongshim RedForce,Hanwha Life Esports,1442.2532625659314,1600.9651929322977,-158.71193036636623,0.4,0.7,-0.29999999999999993,0.25,0.2014212187379908,0
LOLTMNT02_55559,2024-02-24 06:06:58+00:00,LCK,2024,Spring,0,1,14.03,T1,KT Rolster,1635.2958382590382,1555.8378271031584,79.45801115587983,0.9,0.7,0.20000000000000007,0.6666666666666667,0.7223190508428301,1
LOLTMNT02_55581,2024-02-24 07:00:42+00:00,LCK,2024,Spring,0,2,14.03,KT Rolster,T1,1543.4345154174052,1647.699149944791,-104.26463452738585,0.6,0.9,-0.30000000000000004,0.25,0.2776809491571699,0
10771-10771_game_1,2024-02-24 07:16:12+00:00,LPL,2024,Spring,0,1,14.02,ThunderTalk Gaming,Ultra Prime,1397.224502852776,1412.5831801864792,-15.358677333703326,0.2,0.3,-0.09999999999999998,,,0
10771-10771_game_2,2024-02-24 08:10:35+00:00,LPL,2024,Spring,0,2,14.02,Ultra Prime,ThunderTalk Gaming,1427.8763473173328,1381.9313357219223,45.945011595410506,0.4,0.2,0.2,,,0
LOLTMNT02_55608,2024-02-24 08:41:13+00:00,LCK,2024,Spring,0,1,14.03,Gen.G,BNK FEARX,1635.1750487012241,1423.1819471395154,211.99310156170873,0.8,0.2,0.6000000000000001,1.0,0.8251839145400645,1
10771-10771_game_3,2024-02-24 08:57:12+00:00,LPL,2024,Spring,0,3,14.02,ThunderTalk Gaming,Ultra Prime,1400.034933734926,1409.7727493043292,-9.73781556940321,0.3,0.3,0.0,0.5,,1
LOLTMNT02_55648,2024-02-24 09:37:15+00:00,LCK,2024,Spring,0,2,14.03,Gen.G,BNK FEARX,1642.4671547341227,1415.889841106617,226.57731362750565,0.8,0.1,0.7000000000000001,1.0,0.8251839145400645,1
10772-10772_game_1,2024-02-24 10:20:40+00:00,LPL,2024,Spring,0,1,14.02,Royal Never Give Up,Rare Atom,1459.4564991511609,1381.665879372074,77.79061977908691,0.3,0.2,0.09999999999999998,,0.6789561691748885,0
10772-10772_game_2,2024-02-24 11:14:08+00:00,LPL,2024,Spring,0,2,14.02,Rare Atom,Royal Never Give Up,1401.1893288794483,1439.9352154339242,-38.745886554475874,0.3,0.3,0.0,,0.3210438308251114,0
10773-10773_game_1,2024-02-24 11:19:14+00:00,LPL,2024,Spring,0,1,14.02,JD Gaming,Bilibili Gaming,1580.88344435718,1628.459437194323,-47.575992837143076,0.8,0.8,0.0,0.0,0.4006532947786135,0
10772-10772_game_3,2024-02-24 12:09:44+00:00,LPL,2024,Spring,0,3,14.02,Royal Never Give Up,Rare Atom,1454.1594850219144,1386.9661631564459,67.19332186546853,0.3,0.3,0.0,0.5,0.6789561691748885,0
10773-10773_game_2,2024-02-24 12:24:26+00:00,LPL,2024,Spring,0,2,14.02,Bilibili Gaming,JD Gaming,1642.2820741035437,1567.0604993514512,75.22157475209247,0.8,0.7,0.10000000000000009,1.0,0.5993467052213866,0
10773-10773_game_3,2024-02-24 13:32:11+00:00,LPL,2024,Spring,0,3,14.02,JD Gaming,Bilibili Gaming,1586.471025332294,1622.8711222676704,-36.400096935376496,0.7,0.7,0.0,0.19999999999999996,0.4006532947786135,0
LOLTMNT02_57040,2024-02-25 06:07:25+00:00,LCK,2024,Spring,0,1,14.03,DRX,Dplus Kia,1361.3181085023866,1505.8190582542566,-144.50094975186994,0.1,0.4,-0.30000000000000004,0.0,0.2177021221110466,0
10774-10774_game_1,2024-02-25 07:17:15+00:00,LPL,2024,Spring,0,1,14.02,EDward Gaming,Anyone's Legend,1421.5261453234777,1542.1242230154962,-120.59807769201848,0.1,0.8,-0.7000000000000001,,0.2776809491571698,1
LOLTMNT05_23416,2024-02-25 08:08:10+00:00,LCK,2024,Spring,0,2,14.03,DRX,Dplus Kia,1351.6137380726311,1515.523428684012,-163.90969061138094,0.1,0.5,-0.4,0.0,0.2177021221110466,1
10774-10774_game_2,2024-02-25 08:16:00+00:00,LPL,2024,Spring,0,2,14.02,Anyone's Legend,EDward Gaming,1520.783273909826,1442.766708502672,78.01656540715408,0.7,0.2,0.49999999999999994,,0.7223190508428302,0
10775-10775_game_1,2024-02-25 09:40:36+00:00,LPL,2024,Spring,0,1,14.02,Weibo Gaming,Oh My God,1552.0649208519842,1482.6509351373857,69.41398571459854,0.6,0.5,0.09999999999999998,,0.6331953591455877,1
10775-10775_game_2,2024-02-25 10:23:40+00:00,LPL,2024,Spring,0,2,14.02,Oh My God,Weibo Gaming,1469.8049242484722,1564.9101524873608,-95.10522823888869,0.5,0.6,-0.09999999999999998,,0.3668046408544123,1
10775-10775_game_3,2024-02-25 11:11:22+00:00,LPL,2024,Spring,0,3,14.02,Weibo Gaming,Oh My God,1544.6366054940827,1490.0775267360677,54.55907875801495,0.5,0.5,0.0,0.5,0.6331953591455877,0
10776-10776_game_1,2024-02-25 11:21:04+00:00,LPL,2024,Spring,0,1,14.02,Ninjas in Pyjamas,LNG Esports,1564.9603961243652,1456.4981406712811,108.46225545308403,0.8,0.2,0.6000000000000001,,0.5386375740949632,0
LOLTMNT05_22318,2024-02-25 11:29:45+00:00,LCK,2024,Spring,0,3,14.03,Dplus Kia,DRX,1492.489375207703,1374.6477915489402,117.84158365876283,0.5,0.1,0.4,0.75,0.7822978778889533,1
10776-10776_game_2,2024-02-25 12:28:05+00:00,LPL,2024,Spring,0,2,14.02,Ninjas in Pyjamas,LNG Esports,1544.1216995105403,1477.3326810088051,66.7890185017352,0.8,0.2,0.6000000000000001,,0.5386375740949632,1
10776-10776_game_3,2024-02-25 13:18:02+00:00,LPL,2024,Spring,0,3,14.02,Ninjas in Pyjamas,LNG Esports,1557.0832868342193,1464.3686413643102,92.7146454699091,0.8,0.2,0.6000000000000001,0.5,0.5386375740949632,1
LOLTMNT02_56629,2024-02-26 06:05:24+00:00,LCK,2024,Spring,0,1,14.03,HANJIN BRION,DN SOOPers,1405.6690192802923,1513.8521290623503,-108.18310978205795,0.2,0.5,-0.3,0.6666666666666667,,1
LOLTMNT02_57594,2024-02-26 06:55:11+00:00,LCK,2024,Spring,0,2,14.03,DN SOOPers,HANJIN BRION,1493.0420840994495,1426.449260427037,66.59282367241258,0.5,0.3,0.2,0.25,,1
LOLTMNT02_56660,2024-02-26 07:56:04+00:00,LCK,2024,Spring,0,3,14.03,HANJIN BRION,DN SOOPers,1413.4506190219913,1506.023373380827,-92.57275435883571,0.3,0.6,-0.3,0.6,,1
10777-10777_game_1,2024-02-26 09:16:42+00:00,LPL,2024,Spring,0,1,14.02,Top Esports,FunPlus Phoenix,1612.9036989437077,1513.209884365083,99.6938145786246,1.0,0.6,0.4,,0.8015000594498313,1
10777-10777_game_2,2024-02-26 10:08:23+00:00,LPL,2024,Spring,0,2,14.02,FunPlus Phoenix,Top Esports,1501.6787092283619,1624.4346160200428,-122.7559067916809,0.6,1.0,-0.4,,0.1984999405501687,1
10777-10777_game_3,2024-02-26 10:56:35+00:00,LPL,2024,Spring,0,3,14.02,Top Esports,FunPlus Phoenix,1603.0055518808429,1523.107496584463,79.89805529637988,0.9,0.6,0.30000000000000004,0.5,0.8015000594498313,0
10778-10778_game_1,2024-02-26 12:26:19+00:00,LPL,2024,Spring,0,1,14.02,Invictus Gaming,LGD Gaming,1550.5933728426774,1459.004208558639,91.58916428403836,0.6,0.3,0.3,,,0
10778-10778_game_2,2024-02-26 13:17:34+00:00,LPL,2024,Spring,0,2,14.02,LGD Gaming,Invictus Gaming,1479.1267670130746,1530.4752375692365,-51.34847055616183,0.4,0.6,-0.19999999999999996,,,0
10778-10778_game_3,2024-02-26 14:15:40+00:00,LPL,2024,Spring,0,3,14.02,Invictus Gaming,LGD Gaming,1544.1300269120882,1465.474266351628,78.65576056046007,0.6,0.4,0.19999999999999996,0.5,,1
10779-10779_game_1,2024-02-27 09:16:26+00:00,LPL,2024,Spring,0,1,14.02,Bilibili Gaming,ThunderTalk Gaming,1637.2009421954194,1416.4832593262076,220.71768286921179,0.7,0.4,0.29999999999999993,,0.8250868856820781,1
10779-10779_game_2,2024-02-27 10:12:26+00:00,LPL,2024,Spring,0,2,14.02,ThunderTalk Gaming,Bilibili Gaming,1409.470056686824,1644.2141448348034,-234.74408814797948,0.3,0.7,-0.39999999999999997,,0.1749131143179219,0
10780-10780_game_1,2024-02-27 11:16:30+00:00,LPL,2024,Spring,0,1,14.02,JD Gaming,Team WE,1572.1410064309762,1556.5784772941934,15.562529136782814,0.6,0.6,0.0,,0.7201761251301323,1
10780-10780_game_2,2024-02-27 12:17:34+00:00,LPL,2024,Spring,0,2,14.02,Team WE,JD Gaming,1541.294554119135,1587.424879339183,-46.13032522004801,0.6,0.6,0.0,,0.2798238748698677,1
10780-10780_game_3,2024-02-27 13:15:03+00:00,LPL,2024,Spring,0,3,14.02,JD Gaming,Team WE,1569.3130978870445,1559.4062348492605,9.906863037783978,0.6,0.7,-0.09999999999999998,0.5,0.7201761251301323,1
LOLTMNT02_58682,2024-02-28 08:08:27+00:00,LCK,2024,Spring,0,1,14.03,DN SOOPers,Gen.G,1485.8711296790475,1649.2973925849637,-163.42626290591625,0.5,0.8,-0.30000000000000004,0.0,0.2167493975587103,0
LOLTMNT02_59611,2024-02-28 09:02:22+00:00,LCK,2024,Spring,0,2,14.03,DN SOOPers,Gen.G,1476.871738787087,1658.28130998401,-181.40957119692303,0.4,0.8,-0.4,0.0,0.2167493975587103,0
10781-10781_game_1,2024-02-28 09:16:01+00:00,LPL,2024,Spring,0,1,14.02,Ultra Prime,Rare Atom,1393.3244237130475,1406.0223333996487,-12.697909686601179,0.2,0.4,-0.2,,0.4394019688997619,1
10781-10781_game_2,2024-02-28 10:08:51+00:00,LPL,2024,Spring,0,2,14.02,Rare Atom,Ultra Prime,1389.4378711317613,1409.9089238442464,-20.47105271248506,0.4,0.3,0.10000000000000003,,0.5605980311002381,0
LOLTMNT02_58729,2024-02-28 10:41:35+00:00,LCK,2024,Spring,0,1,14.03,T1,BNK FEARX,1659.0367170367663,1409.0596032557758,249.97711378099052,0.9,0.1,0.8,1.0,0.8259083526149442,1
10782-10782_game_1,2024-02-28 11:17:01+00:00,LPL,2024,Spring,0,1,14.02,LNG Esports,Royal Never Give Up,1452.5367086300275,1435.1049107897832,17.43179784024437,0.2,0.2,0.0,,0.6055428991916412,1
10782-10782_game_2,2024-02-28 12:12:38+00:00,LPL,2024,Spring,0,2,14.02,Royal Never Give Up,LNG Esports,1419.9066777979958,1467.7353833236425,-47.82870552564668,0.2,0.3,-0.09999999999999998,,0.3944571008083588,0
LOLTMNT02_59735,2024-02-28 14:09:25+00:00,LCK,2024,Spring,0,2,14.03,BNK FEARX,T1,1402.9251155542895,1665.1712047382528,-262.24608918396325,0.1,0.9,-0.8,0.0,0.1740916473850557,0
LOLTMNT02_60097,2024-02-29 06:15:20+00:00,LCK,2024,Spring,0,1,14.03,Dplus Kia,HANJIN BRION,1503.261519593078,1433.5809644933736,69.6805550997044,0.6,0.4,0.19999999999999996,1.0,0.7461670441789884,1
LOLTMNT02_60111,2024-02-29 07:05:45+00:00,LCK,2024,Spring,0,2,14.03,HANJIN BRION,Dplus Kia,1420.7227332671087,1516.0949542970711,-95.37222102996247,0.4,0.7,-0.29999999999999993,0.0,0.2538329558210116,0
10783-10783_game_1,2024-02-29 07:16:48+00:00,LPL,2024,Spring,0,1,14.02,FunPlus Phoenix,Ninjas in Pyjamas,1542.723239488147,1568.9121629426334,-26.188923454486257,0.7,0.8,-0.10000000000000009,,0.3465731505846399,1
10783-10783_game_2,2024-02-29 08:11:47+00:00,LPL,2024,Spring,0,2,14.02,FunPlus Phoenix,Ninjas in Pyjamas,1559.9269492282813,1551.7083974401294,8.218551788151899,0.7,0.7,0.0,,0.3465731505846399,1
LOLTMNT02_61137,2024-02-29 08:28:17+00:00,LCK,2024,Spring,0,1,14.03,Nongshim RedForce,DRX,1433.0916499861462,1363.8756471635652,69.216002822581,0.3,0.1,0.19999999999999998,1.0,,1
10784-10784_game_1,2024-02-29 09:13:32+00:00,LPL,2024,Spring,0,1,14.02,EDward Gaming,Oh My God,1480.2460787756154,1508.5690958427297,-28.32301706711428,0.3,0.5,-0.2,,0.3424001021840889,0
LOLTMNT02_60170,2024-02-29 09:34:51+00:00,LCK,2024,Spring,0,2,14.03,DRX,Nongshim RedForce,1385.1484194258435,1445.9462956421928,-60.79787621634932,0.1,0.4,-0.30000000000000004,0.0,,1
10784-10784_game_2,2024-02-29 09:58:51+00:00,LPL,2024,Spring,0,2,14.02,Oh My God,EDward Gaming,1523.2679399569702,1450.6367199149797,72.63122004199045,0.6,0.3,0.3,,0.657599897815911,0
LOLTMNT02_61171,2024-02-29 10:29:38+00:00,LCK,2024,Spring,0,3,14.03,Nongshim RedForce,DRX,1427.1752105673986,1403.874601703205,23.30060886419369,0.4,0.2,0.2,0.75,,0
10784-10784_game_3,2024-02-29 10:50:35+00:00,LPL,2024,Spring,0,3,14.02,EDward Gaming,Oh My God,1469.8884114907028,1503.971637853709,-34.08322636300613,0.4,0.6,-0.19999999999999996,0.5,0.3424001021840889,0
10785-10785_game_1,2024-02-29 12:07:00+00:00,LPL,2024,Spring,0,1,14.02,Weibo Gaming,Anyone's Legend,1526.144518067786,1501.2496707385687,24.894847329217328,0.5,0.6,-0.09999999999999998,,0.60510828007743,1
10785-10785_game_2,2024-02-29 12:59:32+00:00,LPL,2024,Spring,0,2,14.02,Anyone's Legend,Weibo Gaming,1486.3941628229754,1541.0000259833794,-54.60586316040394,0.6,0.6,0.0,,0.39489171992257,1
10785-10785_game_3,2024-02-29 13:46:31+00:00,LPL,2024,Spring,0,3,14.02,Weibo Gaming,Anyone's Legend,1522.5058363675307,1504.888352438824,17.617483928706633,0.5,0.6,-0.09999999999999998,0.5,0.60510828007743,0
LOLTMNT02_61503,2024-03-01 06:13:58+00:00,LCK,2024,Spring,0,1,14.03,Hanwha Life Esports,BNK FEARX,1610.1255060624264,1397.1332236448297,212.9922824175967,0.7,0.1,0.6,1.0,0.8023951601110354,0
LOLTMNT02_61525,2024-03-01 07:10:39+00:00,LCK,2024,Spring,0,2,14.03,Hanwha Life Esports,BNK FEARX,1585.3852781934168,1421.8734515138394,163.51182667957733,0.7,0.1,0.6,0.6666666666666667,0.8023951601110354,1
10786-10786_game_1,2024-03-01 07:17:16+00:00,LPL,2024,Spring,0,1,14.04,LGD Gaming,Bilibili Gaming,1453.0356993543637,1650.795221269173,-197.75952191480928,0.3,0.7,-0.39999999999999997,,0.1628074961641101,0
10786-10786_game_2,2024-03-01 08:09:03+00:00,LPL,2024,Spring,0,2,14.04,LGD Gaming,Bilibili Gaming,1445.2717528386459,1658.5589046091177,-213.28715177047184,0.3,0.7,-0.39999999999999997,,0.1628074961641101,0
LOLTMNT02_61530,2024-03-01 08:13:17+00:00,LCK,2024,Spring,0,3,14.03,BNK FEARX,Hanwha Life Esports,1412.8927164498318,1594.3660132574244,-181.47329680759253,0.1,0.7,-0.6,0.25,0.1976048398889646,0
LOLTMNT02_61569,2024-03-01 09:29:21+00:00,LCK,2024,Spring,0,1,14.03,Gen.G,KT Rolster,1666.6117260922297,1532.0969483254303,134.5147777667994,0.8,0.6,0.20000000000000007,0.0,0.6598136017094454,1
10787-10787_game_1,2024-03-01 09:46:01+00:00,LPL,2024,Spring,0,1,14.04,Top Esports,Invictus Gaming,1583.389628289769,1556.571816930679,26.81781135909,0.8,0.7,0.10000000000000009,,0.6906057493746031,1
LOLTMNT02_61595,2024-03-01 10:20:23+00:00,LCK,2024,Spring,0,2,14.03,KT Rolster,Gen.G,1521.9995615874598,1676.7091128302004,-154.70955124274064,0.5,0.9,-0.4,0.6666666666666667,0.3401863982905546,0
10787-10787_game_2,2024-03-01 10:37:56+00:00,LPL,2024,Spring,0,2,14.04,Invictus Gaming,Top Esports,1541.8029796314577,1598.1570693132148,-56.35408968175716,0.6,0.8,-0.20000000000000007,,0.3093942506253969,1
10788-10788_game_1,2024-03-01 11:17:33+00:00,LPL,2024,Spring,0,1,14.04,JD Gaming,ThunderTalk Gaming,1584.8570326698343,1402.8889802524543,181.96805241738002,0.6,0.3,0.3,,0.8140102245173586,1
10787-10787_game_3,2024-03-01 11:25:31+00:00,LPL,2024,Spring,0,3,14.04,Top Esports,Invictus Gaming,1579.5843895414496,1560.3732820727564,19.21110746869317,0.7,0.6,0.09999999999999998,0.5,0.6906057493746031,1
10788-10788_game_2,2024-03-01 12:14:32+00:00,LPL,2024,Spring,0,2,14.04,JD Gaming,ThunderTalk Gaming,1593.1681375530504,1394.5783582885483,198.5897792645021,0.6,0.2,0.39999999999999997,,0.8140102245173586,1
LOLTMNT02_63137,2024-03-02 04:14:34+00:00,LCK,2024,Spring,0,1,14.03,DN SOOPers,Nongshim RedForce,1468.5262646975214,1410.1039743217593,58.42229037576203,0.3,0.4,-0.10000000000000003,1.0,,1
LOLTMNT02_62151,2024-03-02 05:14:02+00:00,LCK,2024,Spring,0,2,14.03,Nongshim RedForce,DN SOOPers,1412.7497253078695,1481.86792368918,-69.11819838131055,0.3,0.4,-0.10000000000000003,0.0,,1
LOLTMNT02_62157,2024-03-02 06:05:03+00:00,LCK,2024,Spring,0,3,14.03,DN SOOPers,Nongshim RedForce,1462.733552940907,1431.8677085944512,30.865844346455788,0.3,0.3,0.0,0.75,,1
10789-10789_game_1,2024-03-02 07:17:49+00:00,LPL,2024,Spring,0,1,14.04,Team WE,Royal Never Give Up,1543.8622693913214,1406.0945153325554,137.76775405876606,0.6,0.2,0.39999999999999997,,0.5830792348128472,1
LOLTMNT02_63186,2024-03-02 07:23:52+00:00,LCK,2024,Spring,0,1,14.03,T1,HANJIN BRION,1619.2505171644582,1408.9778810472537,210.27263611720446,0.9,0.4,0.5,1.0,,1
10789-10789_game_2,2024-03-02 08:06:09+00:00,LPL,2024,Spring,0,2,14.04,Royal Never Give Up,Team WE,1396.123883482031,1553.8312851834066,-157.7074017013756,0.1,0.7,-0.6,,0.4169207651871528,0
LOLTMNT02_62190,2024-03-02 08:13:50+00:00,LCK,2024,Spring,0,2,14.03,HANJIN BRION,T1,1401.5873325478447,1627.0582125068393,-225.4708799589946,0.4,0.9,-0.5,0.0,,0
10790-10790_game_1,2024-03-02 09:17:27+00:00,LPL,2024,Spring,0,1,14.04,LNG Esports,Ultra Prime,1481.5482039323072,1424.9672864438733,56.5809174884339,0.4,0.4,0.0,,0.7361969138744575,1
10790-10790_game_2,2024-03-02 10:06:42+00:00,LPL,2024,Spring,0,2,14.04,Ultra Prime,LNG Esports,1411.550140884413,1494.9670345446525,-83.41689366023957,0.4,0.4,0.0,,0.2638030861255425,1
10790-10790_game_3,2024-03-02 10:59:57+00:00,LPL,2024,Spring,0,3,14.04,LNG Esports,Ultra Prime,1475.1998134277576,1431.3194801349014,43.88033329285622,0.4,0.4,0.0,0.5,0.7361969138744575,1
10791-10791_game_1,2024-03-02 11:14:12+00:00,LPL,2024,Spring,0,1,14.04,EDward Gaming,Rare Atom,1455.4336557471922,1395.7488787193172,59.68477702787504,0.3,0.4,-0.10000000000000003,,0.4545676307180205,1
10791-10791_game_2,2024-03-02 11:55:03+00:00,LPL,2024,Spring,0,2,14.04,Rare Atom,EDward Gaming,1382.4427950919635,1468.7460531063975,-86.30325801443405,0.4,0.4,0.0,,0.5454323692819796,0
LOLTMNT02_63383,2024-03-03 04:14:05+00:00,LCK,2024,Spring,0,1,14.03,KT Rolster,Dplus Kia,1512.6878752336431,1527.8099913436838,-15.122116110040679,0.4,0.8,-0.4,0.6666666666666667,,0
LOLTMNT02_63386,2024-03-03 05:31:01+00:00,LCK,2024,Spring,0,2,14.03,KT Rolster,Dplus Kia,1497.3838349914258,1543.114031585901,-45.730196594475274,0.3,0.9,-0.6000000000000001,0.5,,1
LOLTMNT02_62374,2024-03-03 06:24:26+00:00,LCK,2024,Spring,0,3,14.03,Dplus Kia,KT Rolster,1525.020155958473,1515.477710618854,9.542445339619007,0.8,0.3,0.5,0.4,,1
10792-10792_game_1,2024-03-03 07:16:43+00:00,LPL,2024,Spring,0,1,14.04,Weibo Gaming,FunPlus Phoenix,1505.6952158921488,1575.548560682707,-69.85334479055814,0.4,0.8,-0.4,,0.5241982258282005,0
LOLTMNT02_63419,2024-03-03 08:03:59+00:00,LCK,2024,Spring,0,1,14.03,DRX,Hanwha Life Esports,1432.9688151069172,1602.694169207351,-169.72535410043383,0.3,0.7,-0.39999999999999997,0.0,,0
10792-10792_game_2,2024-03-03 08:21:38+00:00,LPL,2024,Spring,0,2,14.04,Weibo Gaming,FunPlus Phoenix,1492.869426020494,1588.3744756381834,-95.50504961768934,0.4,0.8,-0.4,,0.5241982258282005,0
LOLTMNT02_63428,2024-03-03 08:54:08+00:00,LCK,2024,Spring,0,2,14.03,DRX,Hanwha Life Esports,1423.9931120871622,1611.4456553717305,-187.45254328456826,0.3,0.7,-0.39999999999999997,0.0,,0
10793-10793_game_1,2024-03-03 09:15:16+00:00,LPL,2024,Spring,0,1,14.04,Anyone's Legend,Ninjas in Pyjamas,1521.698972914206,1536.0868051595805,-14.387832245374511,0.6,0.6,0.0,,0.372716490933616,0
10793-10793_game_2,2024-03-03 10:17:21+00:00,LPL,2024,Spring,0,2,14.04,Ninjas in Pyjamas,Anyone's Legend,1551.4245994970722,1506.3611785767143,45.063420920357885,0.6,0.6,0.0,,0.627283509066384,0
10793-10793_game_3,2024-03-03 11:12:34+00:00,LPL,2024,Spring,0,3,14.04,Anyone's Legend,Ninjas in Pyjamas,1524.4248663856229,1533.3609116881637,-8.936045302540833,0.6,0.6,0.0,0.5,0.372716490933616,1
10794-10794_game_1,2024-03-03 11:17:07+00:00,LPL,2024,Spring,0,1,14.04,Oh My God,JD Gaming,1518.4073423846053,1600.9042129728064,-82.49687058820109,0.6,0.7,-0.09999999999999998,,0.2776809491571698,1
10794-10794_game_2,2024-03-03 12:12:03+00:00,LPL,2024,Spring,0,2,14.04,JD Gaming,Oh My God,1581.175165069319,1538.1361074858742,43.0390575834449,0.6,0.7,-0.09999999999999998,,0.7223190508428302,1
10794-10794_game_3,2024-03-03 13:06:18+00:00,LPL,2024,Spring,0,3,14.04,Oh My God,JD Gaming,1524.1077914698133,1595.203344661118,-71.09555319130482,0.7,0.6,0.09999999999999998,0.5,0.2776809491571698,0
10876-10876_game_1,2024-03-04 09:15:24+00:00,LPL,2024,Spring,0,1,14.04,LGD Gaming,Top Esports,1438.0212544488757,1594.700585886311,-156.6793314374354,0.2,0.7,-0.49999999999999994,,0.2167493975587103,0
10876-10876_game_2,2024-03-04 10:07:37+00:00,LPL,2024,Spring,0,2,14.04,Top Esports,LGD Gaming,1603.9375893082208,1428.7840405234965,175.1535487847243,0.7,0.2,0.49999999999999994,,0.7832506024412896,1
10877-10877_game_1,2024-03-04 11:17:41+00:00,LPL,2024,Spring,0,1,14.04,Team WE,Bilibili Gaming,1563.0300459915056,1665.809154028389,-102.77910803688337,0.7,0.7,0.0,,0.2776809491571698,0
10877-10877_game_2,2024-03-04 12:14:49+00:00,LPL,2024,Spring,0,2,14.04,Bilibili Gaming,Team WE,1677.209400723884,1551.6293750176562,125.58002570622784,0.7,0.6,0.09999999999999998,,0.7223190508428302,1
10878-10878_game_1,2024-03-05 09:17:48+00:00,LPL,2024,Spring,0,1,14.04,EDward Gaming,Invictus Gaming,1480.8941788105926,1545.256214677297,-64.36203586670445,0.5,0.5,0.0,,0.3424001021840889,1
10878-10878_game_2,2024-03-05 10:11:52+00:00,LPL,2024,Spring,0,2,14.04,Invictus Gaming,EDward Gaming,1526.3276302644438,1499.7962784282406,26.531351836203157,0.4,0.6,-0.19999999999999996,,0.657599897815911,1
10878-10878_game_3,2024-03-05 11:03:29+00:00,LPL,2024,Spring,0,3,14.04,EDward Gaming,Invictus Gaming,1485.0052354900922,1541.1088747102522,-56.10363922015995,0.6,0.4,0.19999999999999996,0.5,0.3424001021840889,0
10879-10879_game_1,2024-03-05 12:22:33+00:00,LPL,2024,Spring,0,1,14.04,Royal Never Give Up,ThunderTalk Gaming,1386.923508847769,1386.8427433799984,0.08076546777056137,0.1,0.2,-0.1,,0.5469997618960082,0
10879-10879_game_2,2024-03-05 13:17:49+00:00,LPL,2024,Spring,0,2,14.04,ThunderTalk Gaming,Royal Never Give Up,1402.8464627671738,1370.9198479209442,31.92661484622954,0.3,0.1,0.19999999999999998,,0.4530002381039918,1
LOLTMNT03_48260,2024-03-06 05:13:35+00:00,LCK,2024,Spring,0,1,14.04,HANJIN BRION,DRX,1394.682751903682,1415.651168654811,-20.968416751129098,0.4,0.3,0.10000000000000003,0.33333333333333337,,0
LOLTMNT03_48267,2024-03-06 06:04:42+00:00,LCK,2024,Spring,0,2,14.04,HANJIN BRION,DRX,1379.6416333340542,1430.776362596895,-51.13472926284089,0.3,0.4,-0.10000000000000003,0.25,,1
LOLTMNT03_49237,2024-03-06 07:00:48+00:00,LCK,2024,Spring,0,3,14.04,DRX,HANJIN BRION,1412.559821524952,1397.967138407414,14.592683117537945,0.4,0.4,0.0,0.6,,0
LOLTMNT03_48296,2024-03-06 08:29:39+00:00,LCK,2024,Spring,0,1,14.04,Gen.G,Hanwha Life Esports,1686.0207991840168,1619.5635198979212,66.45727928609563,1.0,0.8,0.19999999999999996,1.0,,1
LOLTMNT03_48298,2024-03-06 09:20:38+00:00,LCK,2024,Spring,0,2,14.04,Gen.G,Hanwha Life Esports,1698.9971153998085,1606.5872036821295,92.40991171767905,1.0,0.8,0.19999999999999996,1.0,,1
LOLTMNT03_49696,2024-03-07 05:14:55+00:00,LCK,2024,Spring,0,1,14.04,DN SOOPers,T1,1477.3193522368645,1679.9600720680942,-202.64071983122972,0.4,0.9,-0.5,0.0,,0
LOLTMNT03_48739,2024-03-07 06:03:52+00:00,LCK,2024,Spring,0,2,14.04,T1,DN SOOPers,1687.560748617952,1469.708613840418,217.85213477753405,0.9,0.3,0.6000000000000001,1.0,,1
10880-10880_game_1,2024-03-07 07:16:28+00:00,LPL,2024,Spring,0,1,14.04,Anyone's Legend,Rare Atom,1540.8362957609604,1355.6056170655363,185.2306786954241,0.6,0.3,0.3,,0.6906057493746031,1
LOLTMNT03_49732,2024-03-07 07:38:12+00:00,LCK,2024,Spring,0,1,14.04,BNK FEARX,KT Rolster,1404.5645604999052,1499.9170460018631,-95.35248550195797,0.1,0.2,-0.1,0.0,,0
10880-10880_game_2,2024-03-07 08:04:17+00:00,LPL,2024,Spring,0,2,14.04,Rare Atom,Anyone's Legend,1347.403226989675,1549.0318927969495,-201.6286658072745,0.2,0.6,-0.39999999999999997,,0.3093942506253969,1
LOLTMNT03_48767,2024-03-07 08:40:10+00:00,LCK,2024,Spring,0,2,14.04,BNK FEARX,KT Rolster,1392.8486797709486,1511.6329267308197,-118.7842469598711,0.1,0.2,-0.1,0.0,,0
10880-10880_game_3,2024-03-07 09:06:58+00:00,LPL,2024,Spring,0,3,14.04,Anyone's Legend,Rare Atom,1524.6653630476706,1371.7632741290283,152.90208891864222,0.5,0.3,0.2,0.5,0.6906057493746031,0
10881-10881_game_1,2024-03-07 09:16:10+00:00,LPL,2024,Spring,0,1,14.04,JD Gaming,Ultra Prime,1589.6846062956386,1417.329567791523,172.35503850411556,0.7,0.4,0.29999999999999993,,0.8023951601110354,1
10881-10881_game_2,2024-03-07 10:01:18+00:00,LPL,2024,Spring,0,2,14.04,Ultra Prime,JD Gaming,1408.6739977188363,1598.4059061780301,-189.73190845919385,0.4,0.7,-0.29999999999999993,,0.1976048398889646,0
10882-10882_game_1,2024-03-07 11:18:05+00:00,LPL,2024,Spring,0,1,14.04,Weibo Gaming,Ninjas in Pyjamas,1481.160066650781,1516.9494823128261,-35.78941566204526,0.4,0.5,-0.09999999999999998,,0.4061298027494959,1
10882-10882_game_2,2024-03-07 12:22:25+00:00,LPL,2024,Spring,0,2,14.04,Ninjas in Pyjamas,Weibo Gaming,1499.30712378746,1498.8024251761472,0.5046986113127332,0.4,0.4,0.0,,0.593870197250504,0
LOLTMNT03_50149,2024-03-08 05:14:08+00:00,LCK,2024,Spring,0,1,14.04,HANJIN BRION,Hanwha Life Esports,1414.6355761883258,1594.745244823141,-180.1096686348153,0.4,0.7,-0.29999999999999993,0.0,,0
LOLTMNT03_50154,2024-03-08 06:01:01+00:00,LCK,2024,Spring,0,2,14.04,HANJIN BRION,Hanwha Life Esports,1406.2318024424756,1603.1218512959306,-196.89004885345503,0.3,0.7,-0.39999999999999997,0.0,,0
10883-10883_game_1,2024-03-08 07:18:07+00:00,LPL,2024,Spring,0,1,14.04,LGD Gaming,LNG Esports,1420.2296099456744,1489.1908495136215,-68.96123956794713,0.2,0.5,-0.3,,0.318374031961393,1
LOLTMNT03_50179,2024-03-08 07:35:09+00:00,LCK,2024,Spring,0,1,14.04,Nongshim RedForce,Dplus Kia,1417.279284372949,1540.5808205754638,-123.30153620251485,0.3,0.8,-0.5,0.0,,0
10883-10883_game_2,2024-03-08 08:11:14+00:00,LPL,2024,Spring,0,2,14.04,LNG Esports,LGD Gaming,1470.0576331413995,1439.3642367563048,30.69339638509473,0.5,0.2,0.3,,0.681625968038607,1
LOLTMNT03_50183,2024-03-08 08:38:35+00:00,LCK,2024,Spring,0,2,14.04,Nongshim RedForce,Dplus Kia,1406.6933390750814,1551.1295341666778,-144.43619509159635,0.2,0.8,-0.6000000000000001,0.0,,0
10883-10883_game_3,2024-03-08 09:06:08+00:00,LPL,2024,Spring,0,3,14.04,LGD Gaming,LNG Esports,1424.7740136986467,1484.648495688265,-59.87448198961829,0.2,0.6,-0.39999999999999997,0.5,0.318374031961393,1
10884-10884_game_1,2024-03-08 09:17:26+00:00,LPL,2024,Spring,0,1,14.04,FunPlus Phoenix,Bilibili Gaming,1600.0839834792864,1687.6655741868585,-87.5815907075721,0.8,0.8,0.0,,0.3194812416373588,0
10884-10884_game_2,2024-03-08 10:04:08+00:00,LPL,2024,Spring,0,2,14.04,Bilibili Gaming,FunPlus Phoenix,1699.7156066438383,1588.0338265920445,111.6817800517938,0.9,0.8,0.09999999999999998,,0.6805187583626412,1
10885-10885_game_1,2024-03-08 11:22:10+00:00,LPL,2024,Spring,0,1,14.04,Top Esports,Oh My God,1612.4918150546794,1511.3365282468944,101.15528680778493,0.7,0.6,0.09999999999999998,,0.7223190508428301,1
10885-10885_game_2,2024-03-08 12:04:49+00:00,LPL,2024,Spring,0,2,14.04,Oh My God,Top Esports,1499.8671080221254,1623.960752927201,-124.09364490507551,0.5,0.7,-0.19999999999999996,,0.2776809491571699,0
LOLTMNT03_50419,2024-03-09 05:15:10+00:00,LCK,2024,Spring,0,1,14.04,T1,Gen.G,1694.6656624385535,1710.839074258797,-16.173411820243473,0.9,1.0,-0.09999999999999998,0.33333333333333337,0.5241982258282005,0
LOLTMNT03_51351,2024-03-09 06:11:18+00:00,LCK,2024,Spring,0,2,14.04,T1,Gen.G,1679.409815102549,1726.0947986518029,-46.68498354925396,0.9,1.0,-0.09999999999999998,0.25,0.5241982258282005,0
10886-10886_game_1,2024-03-09 07:17:00+00:00,LPL,2024,Spring,0,1,14.04,Anyone's Legend,Invictus Gaming,1502.0458903862484,1554.5488536274388,-52.5029632411904,0.5,0.5,0.0,,0.4613624259050369,0
LOLTMNT03_51376,2024-03-09 07:35:20+00:00,LCK,2024,Spring,0,1,14.04,DN SOOPers,DRX,1462.5941798484178,1395.951822516292,66.64235733212581,0.3,0.4,-0.10000000000000003,1.0,0.627283509066384,0
10886-10886_game_2,2024-03-09 08:10:19+00:00,LPL,2024,Spring,0,2,14.04,Invictus Gaming,Anyone's Legend,1568.1504571156167,1488.4455031334837,79.70495398213302,0.6,0.5,0.09999999999999998,,0.538637574094963,1
LOLTMNT03_50454,2024-03-09 08:38:57+00:00,LCK,2024,Spring,0,2,14.04,DN SOOPers,DRX,1443.5673705547902,1414.9339090308906,28.63346152389954,0.3,0.4,-0.10000000000000003,0.6666666666666666,0.627283509066384,0
10887-10887_game_1,2024-03-09 09:24:11+00:00,LPL,2024,Spring,0,1,14.04,ThunderTalk Gaming,EDward Gaming,1417.380312307215,1471.545847114399,-54.16553480718403,0.4,0.6,-0.19999999999999996,,0.5241982258282005,1
10887-10887_game_2,2024-03-09 10:24:46+00:00,LPL,2024,Spring,0,2,14.04,EDward Gaming,ThunderTalk Gaming,1453.0913461645214,1435.8547129206308,17.236633243890537,0.5,0.5,0.0,,0.4758017741717995,0
10888-10888_game_1,2024-03-09 11:20:17+00:00,LPL,2024,Spring,0,1,14.04,JD Gaming,Royal Never Give Up,1620.2950467424253,1356.385556064414,263.90949067801125,0.8,0.1,0.7000000000000001,,0.8023951601110354,1
10888-10888_game_2,2024-03-09 12:20:18+00:00,LPL,2024,Spring,0,2,14.04,JD Gaming,Royal Never Give Up,1626.0448310989286,1350.6370846821737,275.4077464167549,0.8,0.1,0.7000000000000001,,0.8023951601110354,1
LOLTMNT04_31074,2024-03-09 16:14:08+00:00,LEC,2024,Spring,0,1,14.05,Team Vitality,Team Heretics,1468.8456010089028,1486.065304861762,-17.219703852859084,0.4,0.2,0.2,,,1
LOLTMNT04_32069,2024-03-09 17:07:14+00:00,LEC,2024,Spring,0,1,14.05,Fnatic,Rogue,1531.4753597693482,1443.6873685174946,87.78799125185355,0.5,0.2222222222222222,0.2777777777777778,,0.731405,1
LOLTMNT04_32078,2024-03-09 17:59:01+00:00,LEC,2024,Spring,0,1,14.05,Team BDS,G2 Esports,1556.6921829457965,1665.2268683713046,-108.53468542550809,0.4,0.8,-0.4,0.0,,0
LOLTMNT04_31104,2024-03-09 18:54:11+00:00,LEC,2024,Spring,0,1,14.05,Karmine Corp,GiantX,1444.3875344769558,1431.5684312855099,12.819103191445947,0.2222222222222222,0.3,-0.07777777777777778,,0.593434,1
LOLTMNT04_32093,2024-03-09 19:45:53+00:00,LEC,2024,Spring,0,1,14.05,MAD Lions KOI,SK Gaming,1549.1266041213914,1478.4824293444844,70.644174776907,0.5,0.3,0.2,,0.638095,1
LOLTMNT03_51631,2024-03-10 05:14:41+00:00,LCK,2024,Spring,0,1,14.04,KT Rolster,Nongshim RedForce,1522.3663288779721,1396.9475094005725,125.41881947739967,0.3,0.2,0.09999999999999998,1.0,,1
LOLTMNT03_51637,2024-03-10 06:06:00+00:00,LCK,2024,Spring,0,2,14.04,Nongshim RedForce,KT Rolster,1378.5281494573853,1532.8290359471544,-154.30088648976903,0.2,0.4,-0.2,0.0,,1
LOLTMNT03_50744,2024-03-10 07:00:43+00:00,LCK,2024,Spring,0,3,14.04,KT Rolster,Nongshim RedForce,1510.156261078424,1401.1938102549468,108.96245082347718,0.4,0.3,0.10000000000000003,0.75,,1
10889-10889_game_1,2024-03-10 07:15:53+00:00,LPL,2024,Spring,0,1,14.04,Bilibili Gaming,Rare Atom,1710.7425855452652,1394.3773630039134,316.36522254135184,0.9,0.4,0.5,,0.8371925038358902,1
10889-10889_game_2,2024-03-10 08:00:52+00:00,LPL,2024,Spring,0,2,14.04,Rare Atom,Bilibili Gaming,1389.9146930139455,1715.2000762686555,-325.28538325471004,0.3,1.0,-0.7,,0.1628074961641098,0
LOLTMNT03_51663,2024-03-10 08:22:30+00:00,LCK,2024,Spring,0,1,14.04,BNK FEARX,Dplus Kia,1382.1152776237961,1560.8364251486553,-178.72114752485913,0.1,0.8,-0.7000000000000001,0.0,,1
10890-10890_game_1,2024-03-10 09:15:17+00:00,LPL,2024,Spring,0,1,14.04,Ultra Prime,Top Esports,1400.6353700099291,1634.4772480137028,-233.84187800377367,0.4,0.7,-0.29999999999999993,,0.1859897754826414,0
LOLTMNT03_50768,2024-03-10 09:24:28+00:00,LCK,2024,Spring,0,2,14.04,Dplus Kia,BNK FEARX,1537.262553150694,1405.6891496217575,131.57340352893652,0.7,0.2,0.49999999999999994,0.6666666666666667,,1
10890-10890_game_2,2024-03-10 09:56:53+00:00,LPL,2024,Spring,0,2,14.04,Ultra Prime,Top Esports,1394.0271022149386,1641.0855158086931,-247.0584135937545,0.3,0.7,-0.39999999999999997,,0.1859897754826414,0
LOLTMNT03_50770,2024-03-10 10:15:57+00:00,LCK,2024,Spring,0,3,14.04,Dplus Kia,BNK FEARX,1547.4773239234903,1395.4743788489611,152.00294507452918,0.8,0.2,0.6000000000000001,0.75,,1
10891-10891_game_1,2024-03-10 11:19:20+00:00,LPL,2024,Spring,0,1,14.04,Team WE,Weibo Gaming,1536.9151090672287,1514.825667389776,22.08944167745267,0.5,0.4,0.09999999999999998,,0.5292734472441706,1
10891-10891_game_2,2024-03-10 12:09:05+00:00,LPL,2024,Spring,0,2,14.04,Weibo Gaming,Team WE,1499.8415553237655,1551.9000654366525,-52.05851011288701,0.3,0.6,-0.3,,0.4707265527558294,0
LOLTMNT04_31142,2024-03-10 16:08:06+00:00,LEC,2024,Spring,0,1,14.05,Team Vitality,Team BDS,1485.6379490030488,1545.5328790002557,-59.89492999720687,0.4,0.3,0.10000000000000003,0.0,,1
LOLTMNT04_32127,2024-03-10 17:00:24+00:00,LEC,2024,Spring,0,1,14.05,Team Heretics,Rogue,1469.3285199308057,1431.625401362545,37.70311856826061,0.2,0.2,0.0,,,1
LOLTMNT04_31163,2024-03-10 17:48:55+00:00,LEC,2024,Spring,0,1,14.05,Fnatic,Karmine Corp,1543.51646774002,1459.797460698106,83.71900704191398,0.5,0.3,0.2,,0.655814,1
LOLTMNT04_31174,2024-03-10 18:37:12+00:00,LEC,2024,Spring,0,1,14.05,GiantX,SK Gaming,1416.1580751261042,1465.6916093116652,-49.53353418556094,0.2,0.3,-0.09999999999999998,,0.441558,0
LOLTMNT04_32149,2024-03-10 19:28:41+00:00,LEC,2024,Spring,0,1,14.05,MAD Lions KOI,G2 Esports,1561.917424154211,1676.3851414819524,-114.46771732774141,0.5,0.8,-0.30000000000000004,0.19999999999999996,0.330144,0
10892-10892_game_1,2024-03-11 09:15:23+00:00,LPL,2024,Spring,0,1,14.04,Oh My God,LGD Gaming,1489.3500970076434,1443.5042887093182,45.84580829832521,0.5,0.3,0.2,,0.5980834651279714,1
10892-10892_game_2,2024-03-11 10:11:40+00:00,LPL,2024,Spring,0,2,14.04,LGD Gaming,Oh My God,1429.6033467895381,1503.2512003541565,-73.64785356461834,0.2,0.5,-0.3,,0.4019165348720286,0
10893-10893_game_1,2024-03-11 11:15:24+00:00,LPL,2024,Spring,0,1,14.04,FunPlus Phoenix,JD Gaming,1577.0067093039722,1631.4889365550455,-54.482227251073255,0.7,0.9,-0.20000000000000007,,0.3424001021840889,1
10893-10893_game_2,2024-03-11 12:09:28+00:00,LPL,2024,Spring,0,2,14.04,JD Gaming,FunPlus Phoenix,1613.0013768998747,1595.495275294058,17.50610160581664,0.8,0.7,0.10000000000000009,,0.657599897815911,0
LOLTMNT04_32184,2024-03-11 16:04:50+00:00,LEC,2024,Spring,0,1,14.05,Rogue,Team BDS,1417.3482965802882,1526.802222666433,-109.45392608614475,0.2,0.2,0.0,,,0
LOLTMNT04_31245,2024-03-11 16:55:05+00:00,LEC,2024,Spring,0,1,14.05,SK Gaming,Team Vitality,1479.4258363022434,1504.3692093079958,-24.94337300575239,0.4,0.5,-0.09999999999999998,0.3333333333333333,0.5,1
LOLTMNT04_32203,2024-03-11 17:35:59+00:00,LEC,2024,Spring,0,1,14.05,GiantX,MAD Lions KOI,1402.422645642136,1551.0060576131036,-148.58341197096752,0.2,0.4,-0.2,0.3333333333333333,0.271605,1
LOLTMNT04_32216,2024-03-11 18:19:54+00:00,LEC,2024,Spring,0,1,14.05,Team Heretics,Fnatic,1483.673314696521,1555.7339905067367,-72.0606758102158,0.2,0.6,-0.39999999999999997,,0.311111,1
LOLTMNT04_31287,2024-03-11 19:17:18+00:00,LEC,2024,Spring,0,1,14.05,G2 Esports,Karmine Corp,1687.29650802306,1447.5799379313894,239.71657009167052,0.9,0.3,0.6000000000000001,,0.776515,1
10894-10894_game_1,2024-03-12 09:17:47+00:00,LPL,2024,Spring,0,1,14.04,Ninjas in Pyjamas,ThunderTalk Gaming,1483.283881573831,1452.6478386282074,30.636042945623558,0.3,0.6,-0.3,,,1
10894-10894_game_2,2024-03-12 10:08:20+00:00,LPL,2024,Spring,0,2,14.04,ThunderTalk Gaming,Ninjas in Pyjamas,1438.0550353112064,1497.876684890832,-59.8216495796255,0.5,0.4,0.09999999999999998,,,0
10895-10895_game_1,2024-03-12 11:18:47+00:00,LPL,2024,Spring,0,1,14.04,Invictus Gaming,LNG Esports,1580.5446400835467,1465.9192578901425,114.62538219340422,0.7,0.5,0.19999999999999996,,0.5187160747747523,0
10895-10895_game_2,2024-03-12 12:13:03+00:00,LPL,2024,Spring,0,2,14.04,LNG Esports,Invictus Gaming,1487.0127917247437,1559.4515545961956,-72.4387628714519,0.6,0.6,0.0,,0.4812839252252476,0
10895-10895_game_3,2024-03-12 13:02:42+00:00,LPL,2024,Spring,0,3,14.04,Invictus Gaming,LNG Esports,1572.1644235611013,1474.3002003807371,97.8642231803642,0.6,0.6,0.0,0.5,0.5187160747747523,0
LOLTMNT03_52759,2024-03-13 08:04:23+00:00,LCK,2024,Spring,0,1,14.04,Hanwha Life Esports,DN SOOPers,1610.9150029443522,1426.254055246252,184.66094769810024,0.7,0.2,0.49999999999999994,1.0,0.7832506024412899,1
LOLTMNT03_52764,2024-03-13 08:53:58+00:00,LCK,2024,Spring,0,2,14.04,DN SOOPers,Hanwha Life Esports,1418.0306136262504,1619.1306106021077,-201.09999697585727,0.2,0.7,-0.49999999999999994,0.0,0.2167493975587101,1
10896-10896_game_1,2024-03-13 09:16:02+00:00,LPL,2024,Spring,0,1,14.04,Royal Never Give Up,Anyone's Legend,1345.1942048296728,1476.0529872027178,-130.85878237304496,0.1,0.5,-0.4,,0.3891344432104659,0
LOLTMNT03_52770,2024-03-13 09:55:28+00:00,LCK,2024,Spring,0,3,14.04,Hanwha Life Esports,DN SOOPers,1594.781784000154,1442.3719606395923,152.40982336056163,0.7,0.3,0.39999999999999997,0.75,0.7832506024412899,1
10896-10896_game_2,2024-03-13 10:01:26+00:00,LPL,2024,Spring,0,2,14.04,Anyone's Legend,Royal Never Give Up,1486.2963862282518,1334.9494459194993,151.34694030875244,0.5,0.0,0.5,,0.610865556789534,0
10896-10896_game_3,2024-03-13 11:02:13+00:00,LPL,2024,Spring,0,3,14.04,Royal Never Give Up,Anyone's Legend,1357.5080799440157,1463.7363824009096,-106.22830245689397,0.1,0.4,-0.30000000000000004,0.5,0.3891344432104659,1
LOLTMNT03_52805,2024-03-13 11:27:15+00:00,LCK,2024,Spring,0,1,14.04,Dplus Kia,T1,1556.8922077602103,1665.5466000630418,-108.65439230283141,0.8,0.8,0.0,0.0,0.2798238748698677,0
LOLTMNT03_52814,2024-03-13 12:26:18+00:00,LCK,2024,Spring,0,2,14.04,Dplus Kia,T1,1545.738942025678,1676.7003943541288,-130.96145232845083,0.7,0.8,-0.10000000000000009,0.0,0.2798238748698677,0
10897-10897_game_1,2024-03-13 12:32:41+00:00,LPL,2024,Spring,0,1,14.04,Weibo Gaming,EDward Gaming,1497.5569318159412,1436.3046630226277,61.25226879331353,0.3,0.4,-0.10000000000000003,,0.65342684941536,0
10897-10897_game_2,2024-03-13 13:28:43+00:00,LPL,2024,Spring,0,2,14.04,Weibo Gaming,EDward Gaming,1471.5947147318552,1455.0792455384435,16.515469193411718,0.3,0.5,-0.2,,0.65342684941536,1
10897-10897_game_3,2024-03-13 14:30:10+00:00,LPL,2024,Spring,0,3,14.04,Weibo Gaming,EDward Gaming,1486.8351311399124,1439.835205415226,46.99992572468636,0.3,0.4,-0.10000000000000003,0.5,0.65342684941536,1
10898-10898_game_1,2024-03-14 07:16:54+00:00,LPL,2024,Spring,0,1,14.05,Bilibili Gaming,Ultra Prime,1719.4641883841098,1387.8088732064436,331.6553151776661,1.0,0.3,0.7,,0.8555031787956264,1
LOLTMNT03_54407,2024-03-14 08:05:36+00:00,LCK,2024,Spring,0,1,14.04,BNK FEARX,DRX,1386.059495012241,1432.2481028931657,-46.188607880924565,0.2,0.5,-0.3,0.6666666666666666,0.5599005705878443,1
10898-10898_game_2,2024-03-14 08:08:38+00:00,LPL,2024,Spring,0,2,14.05,Ultra Prime,Bilibili Gaming,1383.6784704271697,1723.5945911633833,-339.91612073621354,0.3,1.0,-0.7,,0.1444968212043735,0
LOLTMNT03_55029,2024-03-14 08:59:41+00:00,LCK,2024,Spring,0,2,14.04,DRX,BNK FEARX,1414.2099048677494,1404.1741161200894,10.035788747660035,0.5,0.3,0.2,0.25,0.4400994294121557,0
10899-10899_game_1,2024-03-14 09:17:46+00:00,LPL,2024,Spring,0,1,14.05,Rare Atom,Team WE,1385.6457336118397,1565.5226180247653,-179.87688441292562,0.3,0.6,-0.3,,0.2849928433598566,0
10899-10899_game_2,2024-03-14 10:12:08+00:00,LPL,2024,Spring,0,2,14.05,Team WE,Rare Atom,1573.9129879997888,1377.2559157926012,196.65707220718764,0.6,0.2,0.39999999999999997,,0.7150071566401435,0
LOLTMNT03_55045,2024-03-14 10:40:09+00:00,LCK,2024,Spring,0,1,14.04,HANJIN BRION,KT Rolster,1398.4126970831035,1521.2966454362834,-122.8839483531799,0.3,0.5,-0.2,0.0,0.2307848701418801,0
10899-10899_game_3,2024-03-14 11:08:11+00:00,LPL,2024,Spring,0,3,14.05,Rare Atom,Team WE,1401.450143579646,1549.7192895920323,-148.26914601238627,0.3,0.6,-0.3,0.5,0.2849928433598566,1
10900-10900_game_1,2024-03-14 11:15:48+00:00,LPL,2024,Spring,0,1,14.05,Top Esports,JD Gaming,1647.3037448171883,1586.8036759943311,60.5000688228572,0.8,0.7,0.10000000000000009,0.4,0.5386375740949632,1
LOLTMNT03_55054,2024-03-14 11:25:56+00:00,LCK,2024,Spring,0,2,14.04,HANJIN BRION,KT Rolster,1387.8278052599912,1531.8623643191613,-144.03455905917008,0.2,0.6,-0.39999999999999997,0.0,0.2307848701418801,0
10900-10900_game_2,2024-03-14 12:08:45+00:00,LPL,2024,Spring,0,2,14.05,JD Gaming,Top Esports,1573.5449831090625,1660.5454369663444,-87.00045385728185,0.6,0.9,-0.30000000000000004,0.5,0.4613624259050368,1
10900-10900_game_3,2024-03-14 12:57:02+00:00,LPL,2024,Spring,0,3,14.05,Top Esports,JD Gaming,1640.6206110579126,1593.4497155672466,47.170895490666,0.8,0.7,0.10000000000000009,0.4285714285714286,0.5386375740949632,0
10901-10901_game_1,2024-03-15 07:16:56+00:00,LPL,2024,Spring,0,1,14.05,LGD Gaming,ThunderTalk Gaming,1416.9449818564633,1424.7830191479452,-7.838037291481896,0.2,0.4,-0.2,,,0
LOLTMNT03_55288,2024-03-15 08:05:03+00:00,LCK,2024,Spring,0,1,14.04,Gen.G,Nongshim RedForce,1739.9577221384504,1390.0482694438201,349.9094526946303,1.0,0.2,0.8,1.0,0.8639745957718684,1
10901-10901_game_2,2024-03-15 08:07:36+00:00,LPL,2024,Spring,0,2,14.05,LGD Gaming,ThunderTalk Gaming,1401.3058688885058,1440.4221254136983,-39.11625652519251,0.2,0.5,-0.3,,,0
LOLTMNT03_55290,2024-03-15 08:58:03+00:00,LCK,2024,Spring,0,2,14.04,Gen.G,Nongshim RedForce,1743.7246285935712,1393.1373768779854,350.5872517155858,1.0,0.2,0.8,1.0,0.8639745957718684,1
10902-10902_game_1,2024-03-15 09:22:33+00:00,LPL,2024,Spring,0,1,14.05,Royal Never Give Up,Oh My God,1378.2521329195931,1515.9097880534516,-137.6576551338585,0.2,0.5,-0.3,,0.4029789779769958,1
10902-10902_game_2,2024-03-15 10:27:45+00:00,LPL,2024,Spring,0,2,14.05,Oh My God,Royal Never Give Up,1493.8829870971053,1400.2782650523118,93.60472204479356,0.4,0.3,0.10000000000000003,,0.5970210220230042,0
LOLTMNT03_55307,2024-03-15 10:35:03+00:00,LCK,2024,Spring,0,1,14.04,T1,Hanwha Life Esports,1686.9402326078762,1604.181111832539,82.75912077533712,0.8,0.7,0.10000000000000009,1.0,0.6597007471157157,0
LOLTMNT03_55310,2024-03-15 11:26:53+00:00,LCK,2024,Spring,0,2,14.04,T1,Hanwha Life Esports,1667.1998735726834,1623.9218279621384,43.27804561054495,0.7,0.7,0.0,0.6666666666666667,0.6597007471157157,1
10903-10903_game_1,2024-03-15 11:45:57+00:00,LPL,2024,Spring,0,1,14.05,FunPlus Phoenix,Invictus Gaming,1612.300759693505,1551.7746727858787,60.52608690762622,0.8,0.6,0.20000000000000007,,0.5599005705878443,1
LOLTMNT03_55313,2024-03-15 12:20:51+00:00,LCK,2024,Spring,0,3,14.04,Hanwha Life Esports,T1,1609.9046110905063,1681.2172672200813,-71.31265612957509,0.6,0.7,-0.09999999999999998,0.25,0.3402992528842843,1
10903-10903_game_2,2024-03-15 12:34:52+00:00,LPL,2024,Spring,0,2,14.05,Invictus Gaming,FunPlus Phoenix,1538.533148938784,1625.5413533773649,-87.00820443858083,0.5,0.8,-0.30000000000000004,,0.4400994294121557,0
LOLTMNT03_54813,2024-03-16 06:05:39+00:00,LCK,2024,Spring,0,1,14.04,BNK FEARX,DN SOOPers,1420.6361527766567,1432.9664322901085,-12.330279513451842,0.4,0.3,0.10000000000000003,0.3333333333333333,0.442097155806338,0
LOLTMNT03_54815,2024-03-16 07:12:56+00:00,LCK,2024,Spring,0,2,14.04,BNK FEARX,DN SOOPers,1405.203744859097,1448.399710806883,-43.19596594778591,0.3,0.3,0.0,0.25,0.442097155806338,1
10904-10904_game_1,2024-03-16 07:18:10+00:00,LPL,2024,Spring,0,1,14.05,Anyone's Legend,JD Gaming,1442.9913350852094,1611.5970533795658,-168.6057182943564,0.4,0.7,-0.29999999999999993,,0.262754776462597,1
10904-10904_game_2,2024-03-16 08:02:45+00:00,LPL,2024,Spring,0,2,14.05,JD Gaming,Anyone's Legend,1588.412491541017,1466.1988103242456,122.21368121677142,0.6,0.4,0.19999999999999996,,0.737245223537403,1
LOLTMNT03_54816,2024-03-16 08:17:31+00:00,LCK,2024,Spring,0,3,14.04,DN SOOPers,BNK FEARX,1430.4227595304433,1423.1828060190053,7.239953511437989,0.3,0.4,-0.10000000000000003,0.6,0.557902844193662,0
10904-10904_game_3,2024-03-16 08:47:54+00:00,LPL,2024,Spring,0,3,14.05,Anyone's Legend,JD Gaming,1455.605767349476,1599.0226152801974,-143.41684793072136,0.3,0.6,-0.3,0.5,0.262754776462597,0
10905-10905_game_1,2024-03-16 09:16:08+00:00,LPL,2024,Spring,0,1,14.05,LNG Esports,EDward Gaming,1494.6902832753517,1425.9753579528199,68.71492532253183,0.6,0.4,0.19999999999999996,,0.6598136017094454,1
LOLTMNT03_55456,2024-03-16 09:54:38+00:00,LCK,2024,Spring,0,1,14.04,KT Rolster,DRX,1541.5848970927104,1431.351758531812,110.2331385608984,0.7,0.4,0.29999999999999993,0.6666666666666667,0.7682289387122695,1
10905-10905_game_2,2024-03-16 10:17:32+00:00,LPL,2024,Spring,0,2,14.05,EDward Gaming,LNG Esports,1413.084460512736,1507.5673369829387,-94.48287647020265,0.3,0.6,-0.3,,0.3401863982905546,0
LOLTMNT03_55468,2024-03-16 10:41:44+00:00,LCK,2024,Spring,0,2,14.04,DRX,KT Rolster,1389.6828039516192,1552.672221487664,-162.9894175360448,0.3,0.8,-0.5,0.25,0.2317710612877305,1
10906-10906_game_1,2024-03-16 11:18:58+00:00,LPL,2024,Spring,0,1,14.05,Bilibili Gaming,Weibo Gaming,1727.5569289603918,1500.6847229774135,226.87220598297836,1.0,0.4,0.6,,0.76921512985812,1
LOLTMNT03_54852,2024-03-16 11:43:35+00:00,LCK,2024,Spring,0,3,14.04,KT Rolster,DRX,1529.6723969907914,1412.5876936906684,117.08470330012301,0.7,0.4,0.29999999999999993,0.6,0.7682289387122695,1
10906-10906_game_2,2024-03-16 12:13:03+00:00,LPL,2024,Spring,0,2,14.05,Weibo Gaming,Bilibili Gaming,1496.9352010459024,1734.3780514714429,-237.44285042554043,0.4,1.0,-0.6,,0.2307848701418799,0
LOLTMNT04_31576,2024-03-16 16:05:06+00:00,LEC,2024,Spring,0,1,14.05,SK Gaming,Team BDS,1496.5725516202886,1537.9229706878796,-41.35041906759102,0.5,0.3,0.2,,,0
LOLTMNT04_32530,2024-03-16 17:04:50+00:00,LEC,2024,Spring,0,1,14.05,GiantX,Fnatic,1424.873914336961,1536.4622540415726,-111.5883397046116,0.3,0.6,-0.3,,0.268595,0
LOLTMNT04_32546,2024-03-16 17:48:24+00:00,LEC,2024,Spring,0,1,14.05,G2 Esports,Team Heretics,1693.7292097311704,1502.8856519801452,190.84355775102517,0.9,0.3,0.6000000000000001,,0.783542,1
LOLTMNT04_31630,2024-03-16 18:35:57+00:00,LEC,2024,Spring,0,1,14.05,MAD Lions KOI,Team Vitality,1528.5522698153877,1487.2224939899506,41.32977582543708,0.3,0.4,-0.10000000000000003,1.0,0.589286,0
LOLTMNT04_31649,2024-03-16 19:33:41+00:00,LEC,2024,Spring,0,1,14.05,Karmine Corp,Rogue,1441.1472362232787,1406.2066177162274,34.94061850705134,0.3,0.2,0.09999999999999998,,0.710744,0
LOLTMNT03_54926,2024-03-17 06:04:45+00:00,LCK,2024,Spring,0,1,14.04,HANJIN BRION,Nongshim RedForce,1378.0857477835466,1383.4573867188708,-5.371638935324199,0.2,0.2,0.0,0.0,0.473410936144524,1
LOLTMNT03_55561,2024-03-17 07:13:32+00:00,LCK,2024,Spring,0,2,14.04,Nongshim RedForce,HANJIN BRION,1367.210738840395,1394.3323726324104,-27.121633792015473,0.2,0.3,-0.09999999999999998,0.6666666666666667,0.526589063855476,1
10907-10907_game_1,2024-03-17 07:15:49+00:00,LPL,2024,Spring,0,1,14.05,Ultra Prime,Oh My God,1379.7161326301614,1473.6739873998727,-93.95785476971128,0.2,0.4,-0.2,,0.3401863982905546,0
LOLTMNT03_54927,2024-03-17 08:04:41+00:00,LCK,2024,Spring,0,3,14.04,HANJIN BRION,Nongshim RedForce,1377.0898406906194,1384.456002396488,-7.366161705868535,0.3,0.2,0.09999999999999998,0.25,0.473410936144524,0
10907-10907_game_2,2024-03-17 08:08:52+00:00,LPL,2024,Spring,0,2,14.05,Oh My God,Ultra Prime,1485.4498303332734,1367.9405675136225,117.50926281965098,0.4,0.1,0.30000000000000004,,0.6598136017094454,1
10908-10908_game_1,2024-03-17 09:32:38+00:00,LPL,2024,Spring,0,1,14.05,Rare Atom,FunPlus Phoenix,1423.8879353919724,1637.6162722120803,-213.72833682010787,0.4,0.8,-0.4,,0.2638030861255426,0
LOLTMNT03_54940,2024-03-17 09:54:02+00:00,LCK,2024,Spring,0,1,14.04,Dplus Kia,Gen.G,1535.499658646455,1747.4785870659584,-211.97892841950352,0.6,1.0,-0.4,0.3333333333333333,0.2753231841694478,1
10908-10908_game_2,2024-03-17 10:27:41+00:00,LPL,2024,Spring,0,2,14.05,FunPlus Phoenix,Rare Atom,1644.8524113926183,1416.6477899177073,228.20462147491094,0.8,0.4,0.4,,0.7361969138744574,0
LOLTMNT03_55575,2024-03-17 10:49:55+00:00,LCK,2024,Spring,0,2,14.04,Gen.G,Dplus Kia,1722.7711524768742,1560.2070932355389,162.56405924133537,0.9,0.6,0.30000000000000004,0.5,0.7246768158305522,1
10908-10908_game_3,2024-03-17 11:16:50+00:00,LPL,2024,Spring,0,3,14.05,Rare Atom,FunPlus Phoenix,1441.863858185935,1619.632572503485,-177.76871431755012,0.5,0.7,-0.19999999999999996,0.5,0.2638030861255426,0
10909-10909_game_1,2024-03-17 11:18:13+00:00,LPL,2024,Spring,0,1,14.05,Team WE,Top Esports,1527.2819298194443,1622.4615608036459,-95.1796309842016,0.5,0.8,-0.30000000000000004,,0.2975450302831982,0
LOLTMNT03_55576,2024-03-17 11:49:07+00:00,LCK,2024,Spring,0,3,14.04,Dplus Kia,Gen.G,1551.1910699469697,1731.7871757654434,-180.5961058184737,0.6,0.9,-0.30000000000000004,0.4,0.2753231841694478,0
10909-10909_game_2,2024-03-17 12:08:35+00:00,LPL,2024,Spring,0,2,14.05,Top Esports,Team WE,1634.184832059009,1515.5555603699088,118.62927168910028,0.8,0.5,0.30000000000000004,,0.7024549697168018,1
LOLTMNT04_32637,2024-03-17 16:07:26+00:00,LEC,2024,Spring,0,1,14.05,GiantX,Team BDS,1413.84109188104,1552.0280162799331,-138.1869243988931,0.3,0.4,-0.10000000000000003,,,0
LOLTMNT04_31736,2024-03-17 16:56:44+00:00,LEC,2024,Spring,0,1,14.05,Rogue,Team Vitality,1423.8051276281124,1505.1168733332433,-81.31174570513099,0.2,0.5,-0.3,,,0
LOLTMNT04_31748,2024-03-17 17:52:46+00:00,LEC,2024,Spring,0,1,14.05,MAD Lions KOI,Karmine Corp,1510.657890472095,1423.543564019716,87.11432645237892,0.3,0.3,0.0,,0.605,0
LOLTMNT04_31757,2024-03-17 18:42:27+00:00,LEC,2024,Spring,0,1,14.05,Team Heretics,SK Gaming,1494.7475888194822,1482.467868286876,12.279720532606234,0.3,0.5,-0.2,0.5,0.487179,1
LOLTMNT04_32683,2024-03-17 19:38:45+00:00,LEC,2024,Spring,0,1,14.05,Fnatic,G2 Esports,1547.4931206541848,1701.729380496822,-154.23625984263708,0.6,0.9,-0.30000000000000004,0.25,0.330254,1
10910-10910_game_1,2024-03-18 09:19:03+00:00,LPL,2024,Spring,0,1,14.05,Invictus Gaming,JD Gaming,1526.4570806219745,1608.7869426035054,-82.32986198153094,0.5,0.6,-0.09999999999999998,,0.2975450302831982,0
10910-10910_game_2,2024-03-18 10:14:31+00:00,LPL,2024,Spring,0,2,14.05,JD Gaming,Invictus Gaming,1621.0750676080909,1514.178028060212,106.89703954787888,0.6,0.5,0.09999999999999998,,0.7024549697168018,1
10911-10911_game_1,2024-03-18 11:18:35+00:00,LPL,2024,Spring,0,1,14.05,Royal Never Give Up,Ninjas in Pyjamas,1420.4868076276603,1511.1487010540932,-90.66189342643293,0.4,0.4,0.0,,0.3445885181956647,0
10911-10911_game_2,2024-03-18 12:08:15+00:00,LPL,2024,Spring,0,2,14.05,Royal Never Give Up,Ninjas in Pyjamas,1408.5690109741483,1523.0658201443518,-114.4968091702035,0.4,0.4,0.0,,0.3445885181956647,0
LOLTMNT04_31805,2024-03-18 16:08:19+00:00,LEC,2024,Spring,0,1,14.05,Team BDS,Team Heretics,1561.980759362421,1510.213714589094,51.767044773326916,0.5,0.4,0.09999999999999998,1.0,,0
LOLTMNT04_32720,2024-03-18 16:58:13+00:00,LEC,2024,Spring,0,1,14.05,Team Vitality,Fnatic,1517.4392290419464,1570.163436808055,-52.72420776610852,0.5,0.6,-0.09999999999999998,,0.344186,0
LOLTMNT04_32726,2024-03-18 17:44:39+00:00,LEC,2024,Spring,0,1,14.05,G2 Esports,GiantX,1679.059064342952,1403.8871670816425,275.1718972613096,0.8,0.2,0.6000000000000001,1.0,0.820433,1
LOLTMNT04_32734,2024-03-18 18:28:51+00:00,LEC,2024,Spring,0,1,14.05,Rogue,MAD Lions KOI,1411.4689980767973,1490.7281364814671,-79.25913840466978,0.2,0.3,-0.09999999999999998,,0.358852,0
LOLTMNT04_31838,2024-03-18 19:14:32+00:00,LEC,2024,Spring,0,1,14.05,SK Gaming,Karmine Corp,1467.0331349602773,1443.473318010344,23.559816949933293,0.5,0.4,0.09999999999999998,,0.514436,1
10912-10912_game_1,2024-03-19 09:18:20+00:00,LPL,2024,Spring,0,1,14.05,LGD Gaming,Weibo Gaming,1407.1152795999608,1488.8098374080055,-81.69455780804469,0.2,0.4,-0.2,,0.3104984548904416,1
10912-10912_game_2,2024-03-19 10:06:04+00:00,LPL,2024,Spring,0,2,14.05,Weibo Gaming,LGD Gaming,1469.117942758644,1426.771795493978,42.34614726466589,0.4,0.3,0.10000000000000003,,0.6895015451095583,1
10912-10912_game_3,2024-03-19 10:55:28+00:00,LPL,2024,Spring,0,3,14.05,LGD Gaming,Weibo Gaming,1412.6990610289772,1483.1787117728259,-70.47965074384865,0.3,0.4,-0.10000000000000003,0.5,0.3104984548904416,1
10913-10913_game_1,2024-03-19 11:19:13+00:00,LPL,2024,Spring,0,1,14.05,Team WE,ThunderTalk Gaming,1504.8124785123691,1454.6283279419888,50.184150570380325,0.4,0.6,-0.19999999999999996,,,0
10913-10913_game_2,2024-03-19 12:22:41+00:00,LPL,2024,Spring,0,2,14.05,ThunderTalk Gaming,Team WE,1472.92345427838,1486.51865858343,-13.595204305049947,0.7,0.3,0.39999999999999997,,,1
LOLTMNT01_71870,2024-03-20 08:06:20+00:00,LCK,2024,Spring,0,1,14.05,DRX,Gen.G,1401.7179291196892,1740.1464779801377,-338.4285488604485,0.4,0.9,-0.5,0.0,0.1366962231525322,0
LOLTMNT01_71886,2024-03-20 08:52:19+00:00,LCK,2024,Spring,0,2,14.05,DRX,Gen.G,1426.025456132736,1744.138640440179,-318.1131843074429,0.3,0.9,-0.6000000000000001,0.0,0.1366962231525322,0
10914-10914_game_1,2024-03-20 09:17:49+00:00,LPL,2024,Spring,0,1,14.05,LNG Esports,Anyone's Legend,1519.3214469512845,1445.859150002217,73.46229694906765,0.6,0.2,0.39999999999999997,,0.6251054281519599,1
10914-10914_game_2,2024-03-20 10:07:22+00:00,LPL,2024,Spring,0,2,14.05,Anyone's Legend,LNG Esports,1433.192683254719,1531.9886814667398,-98.79599821202078,0.2,0.7,-0.49999999999999994,,0.3748945718480401,0
LOLTMNT01_72528,2024-03-20 10:35:47+00:00,LCK,2024,Spring,0,1,14.05,Nongshim RedForce,T1,1400.1174882503624,1661.978813319609,-261.8613250692465,0.3,0.6,-0.3,0.3333333333333333,0.1512934522723241,0
10915-10915_game_1,2024-03-20 11:17:49+00:00,LPL,2024,Spring,0,1,14.05,Oh My God,Bilibili Gaming,1484.5119668631826,1740.8782864029229,-256.3663195397403,0.4,1.0,-0.6,,0.1976048398889645,0
LOLTMNT01_71936,2024-03-20 11:21:11+00:00,LCK,2024,Spring,0,2,14.05,Nongshim RedForce,T1,1394.308888276726,1667.7816939183776,-273.4728056416516,0.3,0.6,-0.3,0.25,0.1512934522723241,0
10915-10915_game_2,2024-03-20 12:02:24+00:00,LPL,2024,Spring,0,2,14.05,Bilibili Gaming,Oh My God,1746.832469487413,1474.9818490641358,271.8506204232772,1.0,0.4,0.6,,0.8023951601110355,0
10915-10915_game_3,2024-03-20 12:55:24+00:00,LPL,2024,Spring,0,3,14.05,Oh My God,Bilibili Gaming,1501.4236559830567,1720.366707693678,-218.94305171062138,0.5,0.9,-0.4,0.5,0.1976048398889645,0
LOLTMNT01_73507,2024-03-21 08:05:26+00:00,LCK,2024,Spring,0,1,14.05,KT Rolster,Hanwha Life Esports,1540.4756979574329,1629.1433258639797,-88.66762790654684,0.8,0.6,0.20000000000000007,0.0,0.3712268194807526,1
LOLTMNT01_73526,2024-03-21 09:07:10+00:00,LCK,2024,Spring,0,2,14.05,Hanwha Life Esports,KT Rolster,1609.1464289854973,1560.4725948359153,48.673834149582035,0.6,0.8,-0.20000000000000007,0.6666666666666666,0.6287731805192474,1
10916-10916_game_1,2024-03-21 09:17:47+00:00,LPL,2024,Spring,0,1,14.05,Ultra Prime,EDward Gaming,1357.1547487621456,1426.5802465800894,-69.42549781794378,0.1,0.2,-0.1,,0.4613624259050369,1
LOLTMNT01_74146,2024-03-21 09:59:36+00:00,LCK,2024,Spring,0,3,14.05,KT Rolster,Hanwha Life Esports,1546.6995576114778,1622.9194662099349,-76.2199085984571,0.7,0.7,0.0,0.25,0.3712268194807526,0
10916-10916_game_2,2024-03-21 10:00:53+00:00,LPL,2024,Spring,0,2,14.05,Ultra Prime,EDward Gaming,1376.3100266645667,1407.471934992786,-31.16190832821917,0.1,0.1,0.0,,0.4613624259050369,0
10916-10916_game_3,2024-03-21 10:51:51+00:00,LPL,2024,Spring,0,3,14.05,Ultra Prime,EDward Gaming,1361.7412498042115,1422.064294603464,-60.32304479925256,0.1,0.2,-0.1,0.5,0.4613624259050369,0
10917-10917_game_1,2024-03-21 11:18:18+00:00,LPL,2024,Spring,0,1,14.05,Rare Atom,Ninjas in Pyjamas,1433.4002124328035,1533.9759825011517,-100.57577006834822,0.5,0.5,0.0,,0.268956956175106,0
LOLTMNT01_73567,2024-03-21 11:32:51+00:00,LCK,2024,Spring,0,1,14.05,Dplus Kia,DN SOOPers,1542.8317677322755,1427.9797949861727,114.85197274610277,0.5,0.2,0.3,0.0,0.7180571823140312,0
10917-10917_game_2,2024-03-21 12:07:04+00:00,LPL,2024,Spring,0,2,14.05,Ninjas in Pyjamas,Rare Atom,1545.4694793980252,1421.904508922285,123.56497047574021,0.6,0.4,0.19999999999999996,,0.7310430438248939,1
LOLTMNT01_74214,2024-03-21 12:33:03+00:00,LCK,2024,Spring,0,2,14.05,Dplus Kia,DN SOOPers,1521.7272341537475,1449.0606825773696,72.66655157637797,0.4,0.3,0.10000000000000003,0.0,0.7180571823140312,0
10918-10918_game_1,2024-03-22 07:18:29+00:00,LPL,2024,Spring,0,1,14.05,FunPlus Phoenix,Royal Never Give Up,1628.0928796716855,1397.6580998460765,230.43477982560898,0.7,0.4,0.29999999999999993,,0.7361969138744575,0
LOLTMNT01_74596,2024-03-22 08:05:45+00:00,LCK,2024,Spring,0,1,14.05,Gen.G,HANJIN BRION,1748.557667153161,1361.428142709746,387.129524443415,0.9,0.3,0.6000000000000001,1.0,0.860252128101033,1
10918-10918_game_2,2024-03-22 08:11:42+00:00,LPL,2024,Spring,0,2,14.05,Royal Never Give Up,FunPlus Phoenix,1422.945458800824,1602.8046810284127,-179.8592222275886,0.5,0.6,-0.09999999999999998,,0.2638030861255425,1
LOLTMNT01_73984,2024-03-22 08:54:59+00:00,LCK,2024,Spring,0,2,14.05,HANJIN BRION,Gen.G,1377.6689091967764,1751.6687233297384,-373.999814132962,0.3,0.9,-0.6000000000000001,0.0,0.1397478718989669,0
10919-10919_game_1,2024-03-22 09:35:48+00:00,LPL,2024,Spring,0,1,14.05,ThunderTalk Gaming,Top Esports,1489.5492172235984,1644.9245987500235,-155.37538152642514,0.8,0.8,0.0,,0.2167493975587103,0
10919-10919_game_2,2024-03-22 10:25:19+00:00,LPL,2024,Spring,0,2,14.05,Top Esports,ThunderTalk Gaming,1654.2110007700492,1480.2628152035727,173.94818556647647,0.8,0.7,0.10000000000000009,,0.7832506024412896,1
LOLTMNT01_75019,2024-03-22 10:37:01+00:00,LCK,2024,Spring,0,1,14.05,Nongshim RedForce,BNK FEARX,1414.5794725213798,1439.5161699484356,-24.936697427055833,0.3,0.5,-0.2,0.33333333333333337,0.3902563798875397,0
10920-10920_game_1,2024-03-22 11:19:44+00:00,LPL,2024,Spring,0,1,14.05,JD Gaming,Weibo Gaming,1632.3138571263798,1463.9786053070006,168.3352518193792,0.6,0.3,0.3,,0.7372452235374032,0
LOLTMNT01_74666,2024-03-22 11:27:19+00:00,LCK,2024,Spring,0,2,14.05,Nongshim RedForce,BNK FEARX,1399.7340298760669,1454.3697604734853,-54.63573059741839,0.3,0.6,-0.3,0.25,0.3902563798875397,1
10920-10920_game_2,2024-03-22 12:21:11+00:00,LPL,2024,Spring,0,2,14.05,Weibo Gaming,JD Gaming,1487.1732534676576,1609.1314119257922,-121.95815845813468,0.4,0.6,-0.19999999999999996,,0.2627547764625968,1
LOLTMNT01_75058,2024-03-22 12:28:22+00:00,LCK,2024,Spring,0,3,14.05,BNK FEARX,Nongshim RedForce,1435.8742288536416,1393.8951309089032,41.97909794473844,0.6,0.3,0.3,0.6,0.6097436201124603,0
LOLTMNT04_31920,2024-03-22 16:05:50+00:00,LEC,2024,Spring,0,1,14.05,GiantX,Rogue,1398.4377457728383,1399.0446563238802,-0.6069105510418922,0.1,0.2,-0.1,,0.463351,1
LOLTMNT04_32837,2024-03-22 16:50:39+00:00,LEC,2024,Spring,0,1,14.05,Team BDS,Fnatic,1543.614657141374,1583.7538654978252,-40.13920835645126,0.5,0.7,-0.19999999999999996,,,1
LOLTMNT04_31942,2024-03-22 17:44:15+00:00,LEC,2024,Spring,0,1,14.05,G2 Esports,SK Gaming,1684.5063399021242,1481.949825238532,202.55651466359222,0.8,0.5,0.30000000000000004,,0.783542,1
LOLTMNT04_32863,2024-03-22 18:29:26+00:00,LEC,2024,Spring,0,1,14.05,MAD Lions KOI,Team Heretics,1503.1401449211294,1528.549513184114,-25.40936826298457,0.3,0.5,-0.2,,0.554455,0
LOLTMNT04_32870,2024-03-22 19:20:02+00:00,LEC,2024,Spring,0,1,14.05,Team Vitality,Karmine Corp,1503.848800352176,1428.5566277320893,75.29217262008683,0.4,0.4,0.0,,0.588529,1
LOLTMNT01_74964,2024-03-23 06:08:40+00:00,LCK,2024,Spring,0,1,14.05,Hanwha Life Esports,Dplus Kia,1635.464655842019,1502.4287722998563,133.03588354216276,0.7,0.3,0.39999999999999997,1.0,0.65342684941536,1
LOLTMNT01_74980,2024-03-23 07:03:25+00:00,LCK,2024,Spring,0,2,14.05,Dplus Kia,Hanwha Life Esports,1492.272456755302,1645.6209713865733,-153.3485146312712,0.3,0.7,-0.39999999999999997,0.0,0.34657315058464,0
10921-10921_game_1,2024-03-23 07:16:17+00:00,LPL,2024,Spring,0,1,14.05,Oh My God,Invictus Gaming,1502.3545206462477,1501.673511177897,0.6810094683507941,0.5,0.4,0.09999999999999998,,0.4375282537655479,1
10921-10921_game_2,2024-03-23 08:08:58+00:00,LPL,2024,Spring,0,2,14.05,Invictus Gaming,Oh My God,1485.7048492972003,1518.3231571826705,-32.61830788547013,0.3,0.6,-0.3,,0.5624717462344522,0
LOLTMNT01_76009,2024-03-23 08:46:00+00:00,LCK,2024,Spring,0,1,14.05,DRX,T1,1394.4239579748114,1673.27376446506,-278.8498064902485,0.3,0.6,-0.3,0.0,0.1444968212043726,0
10922-10922_game_1,2024-03-23 09:18:04+00:00,LPL,2024,Spring,0,1,14.05,Team WE,LNG Esports,1486.0635511147307,1543.5586367158144,-57.4950856010837,0.3,0.7,-0.39999999999999997,,0.3967448426296376,0
LOLTMNT01_75436,2024-03-23 09:32:46+00:00,LCK,2024,Spring,0,2,14.05,DRX,T1,1388.9872066875228,1678.6264279208542,-289.63922123333145,0.3,0.6,-0.3,0.0,0.1444968212043726,0
10922-10922_game_2,2024-03-23 10:07:10+00:00,LPL,2024,Spring,0,2,14.05,LNG Esports,Team WE,1556.9353170804206,1472.677405440784,84.25791163963663,0.8,0.3,0.5,,0.6032551573703624,1
10923-10923_game_1,2024-03-23 11:17:19+00:00,LPL,2024,Spring,0,1,14.05,Bilibili Gaming,Ninjas in Pyjamas,1727.4360131624157,1556.007472401943,171.42854076047274,0.9,0.6,0.30000000000000004,1.0,0.7351546945186835,1
10923-10923_game_2,2024-03-23 12:10:10+00:00,LPL,2024,Spring,0,2,14.05,Bilibili Gaming,Ninjas in Pyjamas,1736.1253010901025,1547.318184474256,188.80711661584655,0.9,0.6,0.30000000000000004,1.0,0.7351546945186835,1
LOLTMNT04_31987,2024-03-23 16:05:48+00:00,LEC,2024,Spring,0,1,14.05,SK Gaming,Fnatic,1474.347357120632,1565.9135669546,-91.56620983396783,0.4,0.6,-0.19999999999999996,0.5,0.315315,0
LOLTMNT04_33001,2024-03-23 16:57:30+00:00,LEC,2024,Spring,0,1,14.05,Team Vitality,GiantX,1516.434745255946,1414.4656345533824,101.96911070256351,0.5,0.2,0.3,,0.652778,0
LOLTMNT04_32907,2024-03-23 17:55:07+00:00,LEC,2024,Spring,0,1,14.05,Team BDS,MAD Lions KOI,1561.4547122051365,1488.3082078193072,73.1465043858293,0.6,0.2,0.39999999999999997,0.5,,0
LOLTMNT04_33020,2024-03-23 18:42:20+00:00,LEC,2024,Spring,0,1,14.05,Rogue,G2 Esports,1383.0186719807414,1692.1088080200238,-309.09013603928247,0.2,0.9,-0.7,,0.196995,1
LOLTMNT04_32925,2024-03-23 19:40:36+00:00,LEC,2024,Spring,0,1,14.05,Karmine Corp,Team Heretics,1415.9706828283195,1543.4169364841214,-127.44625365580191,0.4,0.6,-0.19999999999999996,,0.424165,0
LOLTMNT01_75730,2024-03-24 06:05:24+00:00,LCK,2024,Spring,0,1,14.05,BNK FEARX,HANJIN BRION,1417.9503728577602,1402.1956055408373,15.75476731692288,0.5,0.2,0.3,1.0,0.6554114818043353,1
LOLTMNT01_76378,2024-03-24 07:02:53+00:00,LCK,2024,Spring,0,2,14.05,HANJIN BRION,BNK FEARX,1433.9205975602245,1433.225335894117,0.6952616661073989,0.1,0.6,-0.5,0.0,0.3445885181956647,0
10924-10924_game_1,2024-03-24 07:16:03+00:00,LPL,2024,Spring,0,1,14.05,Rare Atom,LGD Gaming,1411.3641390324167,1409.0554129482039,2.3087260842128217,0.3,0.4,-0.10000000000000003,,0.5152660770756387,0
10924-10924_game_2,2024-03-24 08:06:25+00:00,LPL,2024,Spring,0,2,14.05,LGD Gaming,Rare Atom,1425.1614867482044,1395.2579487010323,29.903538047172106,0.4,0.3,0.10000000000000003,,0.4847339229243613,1
LOLTMNT01_76402,2024-03-24 08:51:17+00:00,LCK,2024,Spring,0,1,14.05,KT Rolster,DN SOOPers,1534.1543679793936,1468.3450213442907,65.80934663510288,0.6,0.4,0.19999999999999996,0.33333333333333337,0.6819440074998645,1
10925-10925_game_1,2024-03-24 09:27:56+00:00,LPL,2024,Spring,0,1,14.05,Top Esports,Anyone's Legend,1662.8087846160038,1421.6236185022217,241.1851661137821,0.8,0.2,0.6000000000000001,,0.76921512985812,0
LOLTMNT01_76429,2024-03-24 09:41:49+00:00,LCK,2024,Spring,0,2,14.05,DN SOOPers,KT Rolster,1455.328235043367,1547.1594670723819,-91.83123202901493,0.4,0.7,-0.29999999999999993,0.5,0.3180559925001355,0
10925-10925_game_2,2024-03-24 10:33:39+00:00,LPL,2024,Spring,0,2,14.05,Anyone's Legend,Top Esports,1447.2342566465109,1637.1981464717144,-189.96388982520352,0.3,0.7,-0.39999999999999997,,0.2307848701418799,0
10926-10926_game_1,2024-03-24 11:17:26+00:00,LPL,2024,Spring,0,1,14.05,JD Gaming,EDward Gaming,1587.7462095203377,1435.3489249881463,152.3972845321914,0.6,0.3,0.3,,0.8140102245173586,1
10925-10925_game_3,2024-03-24 11:26:09+00:00,LPL,2024,Spring,0,3,14.05,Top Esports,Anyone's Legend,1645.2287387696385,1439.2036643485862,206.0250744210523,0.7,0.3,0.39999999999999997,0.5,0.76921512985812,1
10926-10926_game_2,2024-03-24 12:03:14+00:00,LPL,2024,Spring,0,2,14.05,JD Gaming,EDward Gaming,1597.1581918001364,1425.8940680125454,171.26412378759096,0.7,0.3,0.39999999999999997,,0.8140102245173586,1
10927-10927_game_1,2024-03-25 09:18:34+00:00,LPL,2024,Spring,0,1,14.05,Team WE,Ultra Prime,1460.4692159159536,1348.4916469865827,111.97756892937082,0.2,0.1,0.1,,,1
10927-10927_game_2,2024-03-25 10:04:22+00:00,LPL,2024,Spring,0,2,14.05,Ultra Prime,Team WE,1337.4769704920516,1471.5035288946608,-134.02655840260923,0.1,0.2,-0.1,,,0
10928-10928_game_1,2024-03-25 11:15:09+00:00,LPL,2024,Spring,0,1,14.05,ThunderTalk Gaming,FunPlus Phoenix,1471.6650313576183,1579.1902953733386,-107.52526401572027,0.6,0.6,0.0,,0.3891344432104659,0
10928-10928_game_2,2024-03-25 12:04:10+00:00,LPL,2024,Spring,0,2,14.05,FunPlus Phoenix,ThunderTalk Gaming,1590.3908963581007,1460.4644923892158,129.92640396888487,0.7,0.5,0.19999999999999996,,0.610865556789534,0
10928-10928_game_3,2024-03-25 12:55:44+00:00,LPL,2024,Spring,0,3,14.05,ThunderTalk Gaming,FunPlus Phoenix,1482.1836778644863,1568.6717758170844,-86.48809795259808,0.5,0.6,-0.09999999999999998,0.5,0.3891344432104659,0
LOLTMNT04_33059,2024-03-25 16:02:32+00:00,LEC,2024,Spring,0,1,14.05,Team Heretics,GiantX,1553.8872452891385,1435.029805824579,118.85743946455955,0.6,0.3,0.3,,0.663529,0
LOLTMNT04_33065,2024-03-25 17:01:20+00:00,LEC,2024,Spring,0,1,14.05,Rogue,SK Gaming,1410.3782554729742,1462.4691455981967,-52.090890125222586,0.2,0.3,-0.09999999999999998,,0.382927,1
LOLTMNT04_33071,2024-03-25 17:46:23+00:00,LEC,2024,Spring,0,1,14.05,Fnatic,MAD Lions KOI,1577.7917784770352,1507.6278269287202,70.16395154831503,0.7,0.3,0.39999999999999997,0.5,0.644231,0
LOLTMNT04_32993,2024-03-25 18:27:47+00:00,LEC,2024,Spring,0,1,14.05,G2 Esports,Team Vitality,1664.7294099569383,1495.8692337024445,168.8601762544938,0.8,0.5,0.30000000000000004,,0.766038,0
LOLTMNT04_34003,2024-03-25 19:11:37+00:00,LEC,2024,Spring,0,1,14.05,Karmine Corp,Team BDS,1405.5899932650557,1542.135511104091,-136.54551783903526,0.4,0.5,-0.09999999999999998,,,0
LOLTMNT04_33099,2024-03-25 19:57:18+00:00,LEC,2024,Spring,0,1,14.05,Rogue,SK Gaming,1428.7530766097236,1444.088085973469,-15.335009363745485,0.3,0.3,0.0,0.5,0.382927,0
10929-10929_game_1,2024-03-26 09:17:21+00:00,LPL,2024,Spring,0,1,14.05,Weibo Gaming,Invictus Gaming,1508.5675745992176,1471.2022539870482,37.3653206121694,0.5,0.2,0.3,,0.5970210220230041,1
10929-10929_game_2,2024-03-26 10:25:15+00:00,LPL,2024,Spring,0,2,14.05,Invictus Gaming,Weibo Gaming,1456.9160504040506,1522.8542458586194,-65.93819545456881,0.1,0.6,-0.5,,0.4029789779769959,0
10930-10930_game_1,2024-03-26 11:42:53+00:00,LPL,2024,Spring,0,1,14.05,LGD Gaming,Royal Never Give Up,1439.7885632655903,1446.559093879037,-6.770530613446681,0.5,0.6,-0.09999999999999998,,0.4029789779769958,1
10930-10930_game_2,2024-03-26 12:41:16+00:00,LPL,2024,Spring,0,2,14.05,Royal Never Give Up,LGD Gaming,1430.2473926353778,1456.0999992413897,-25.852606606011932,0.6,0.5,0.09999999999999998,,0.5970210220230042,0
10931-10931_game_1,2024-03-27 09:16:14+00:00,LPL,2024,Spring,0,1,14.05,Rare Atom,LNG Esports,1392.3163277368742,1569.1300742331387,-176.81374649626446,0.3,0.8,-0.5,0.75,0.232752464228834,1
10931-10931_game_2,2024-03-27 10:10:25+00:00,LPL,2024,Spring,0,2,14.05,LNG Esports,Rare Atom,1545.625497211304,1415.7795877109188,129.84590950038523,0.8,0.4,0.4,0.2,0.767247535771166,1
10931-10931_game_3,2024-03-27 11:05:06+00:00,LPL,2024,Spring,0,3,14.05,Rare Atom,LNG Esports,1405.4636505769563,1555.9103117115558,-150.44666113459948,0.3,0.8,-0.5,0.6666666666666667,0.232752464228834,0
10932-10932_game_1,2024-03-27 11:17:57+00:00,LPL,2024,Spring,0,1,14.05,Top Esports,Ninjas in Pyjamas,1652.7160814174465,1539.247470596053,113.46861082139344,0.7,0.6,0.09999999999999998,,0.6598136017094454,1
10932-10932_game_2,2024-03-27 12:07:57+00:00,LPL,2024,Spring,0,2,14.05,Ninjas in Pyjamas,Top Esports,1528.29470968587,1663.6688423276296,-135.37413264175962,0.6,0.7,-0.09999999999999998,,0.3401863982905546,0
LOLTMNT02_66852,2024-03-30 06:10:37+00:00,LCK,2024,Spring,1,1,14.06,Hanwha Life Esports,DN SOOPers,1654.984467981813,1443.446431603898,211.53803637791498,0.7,0.4,0.29999999999999993,0.8,0.7899870544756218,1
LOLTMNT02_67822,2024-03-30 07:09:14+00:00,LCK,2024,Spring,1,2,14.06,Hanwha Life Esports,DN SOOPers,1662.291333712911,1436.1161039207827,226.17522979212822,0.8,0.4,0.4,0.8333333333333334,0.7899870544756218,1
LOLTMNT02_67823,2024-03-30 08:01:51+00:00,LCK,2024,Spring,1,3,14.06,Hanwha Life Esports,DN SOOPers,1669.1340145671988,1429.2512991772164,239.88271538998242,0.8,0.3,0.5,0.8571428571428572,0.7899870544756218,1
LOLTMNT05_28400,2024-03-30 16:09:48+00:00,LEC,2024,Spring,1,1,14.06,Team Vitality,SK Gaming,1519.0860462115616,1459.3823409307306,59.703705280830945,0.6,0.4,0.19999999999999996,0.5,0.5724674194687841,0
LOLTMNT05_28405,2024-03-30 17:00:03+00:00,LEC,2024,Spring,1,2,14.06,Team Vitality,SK Gaming,1500.3633363213285,1478.1050508209637,22.258285500364764,0.6,0.5,0.09999999999999998,0.4,0.5724674194687841,1
LOLTMNT05_27361,2024-03-30 17:57:37+00:00,LEC,2024,Spring,1,3,14.06,SK Gaming,Team Vitality,1463.1286827147644,1515.3397044275277,-52.21102171276334,0.4,0.6,-0.19999999999999996,0.5,0.4275325805312159,0
LOLTMNT05_28407,2024-03-30 18:48:47+00:00,LEC,2024,Spring,1,1,14.06,Fnatic,GiantX,1558.6038297927144,1456.2980389378347,102.30579085487966,0.6,0.4,0.19999999999999996,1.0,0.7475925915717192,1
LOLTMNT05_28415,2024-03-30 19:34:46+00:00,LEC,2024,Spring,1,2,14.06,Fnatic,GiantX,1570.024079901675,1444.876656017906,125.14742388376885,0.7,0.4,0.29999999999999993,1.0,0.7475925915717192,1
LOLTMNT02_67954,2024-03-31 06:08:54+00:00,LCK,2024,Spring,1,1,14.06,KT Rolster,Dplus Kia,1559.0262860647629,1482.9089601600624,76.11732590470046,0.7,0.2,0.49999999999999994,0.5,0.5548195976301497,0
LOLTMNT02_66981,2024-03-31 07:10:23+00:00,LCK,2024,Spring,1,2,14.06,KT Rolster,Dplus Kia,1539.5759798352465,1502.3592663895788,37.216713445667665,0.6,0.2,0.39999999999999997,0.4285714285714286,0.5548195976301497,1
LOLTMNT02_66984,2024-03-31 08:14:11+00:00,LCK,2024,Spring,1,3,14.06,KT Rolster,Dplus Kia,1553.8686121551411,1488.0666340696841,65.801978085457,0.6,0.2,0.39999999999999997,0.5,0.5548195976301497,1
LOLTMNT02_67961,2024-03-31 09:17:04+00:00,LCK,2024,Spring,1,4,14.06,Dplus Kia,KT Rolster,1475.061207530345,1566.8740386944803,-91.81283116413533,0.2,0.6,-0.39999999999999997,0.4444444444444444,0.4451804023698503,1
LOLTMNT02_66986,2024-03-31 10:04:55+00:00,LCK,2024,Spring,1,5,14.06,KT Rolster,Dplus Kia,1546.7416485414024,1495.193597683423,51.54805085797943,0.6,0.2,0.39999999999999997,0.5,0.5548195976301497,0
10945-10945_game_1,2024-03-31 10:19:23+00:00,LPL,2024,Spring,1,1,14.06,Oh My God,Team WE,1532.8258191440464,1481.6403737435446,51.18544540050175,0.6,0.2,0.39999999999999997,1.0,0.5319782966494896,1
10945-10945_game_2,2024-03-31 11:18:47+00:00,LPL,2024,Spring,1,2,14.06,Oh My God,Team WE,1546.4861063779545,1467.974213086305,78.51189329164936,0.6,0.2,0.39999999999999997,1.0,0.5319782966494896,0
10945-10945_game_3,2024-03-31 12:05:45+00:00,LPL,2024,Spring,1,3,14.06,Team WE,Oh My God,1487.5199882107045,1526.9315663311868,-39.41157812048232,0.3,0.6,-0.3,0.25,0.4680217033505104,1
10945-10945_game_4,2024-03-31 12:57:09+00:00,LPL,2024,Spring,1,4,14.06,Oh My God,Team WE,1509.1247018855652,1505.323249024309,3.801452861256166,0.6,0.4,0.19999999999999996,0.6,0.5319782966494896,0
LOLTMNT05_28439,2024-03-31 15:08:21+00:00,LEC,2024,Spring,1,1,14.06,Team Heretics,Team BDS,1532.6974429706245,1552.1528909961332,-19.45544802550876,0.6,0.5,0.09999999999999998,0.25,,0
LOLTMNT05_28459,2024-03-31 16:03:06+00:00,LEC,2024,Spring,1,2,14.06,Team Heretics,Team BDS,1517.5898129352172,1567.2579754695612,-49.66816253434399,0.6,0.6,0.0,0.19999999999999996,,0
LOLTMNT05_28460,2024-03-31 16:51:25+00:00,LEC,2024,Spring,1,1,14.06,G2 Esports,MAD Lions KOI,1641.512597447821,1526.815775613041,114.69682183477994,0.7,0.4,0.29999999999999993,0.8333333333333334,0.6761518679554587,1
LOLTMNT05_27428,2024-03-31 17:37:18+00:00,LEC,2024,Spring,1,2,14.06,MAD Lions KOI,G2 Esports,1515.9138905446941,1652.4144825161682,-136.50059197147402,0.4,0.7,-0.29999999999999993,0.1428571428571429,0.3238481320445413,0
10946-10946_game_1,2024-04-01 10:23:03+00:00,LPL,2024,Spring,1,1,14.06,Weibo Gaming,Invictus Gaming,1535.8548188707368,1477.4537152746823,58.401103596054554,0.6,0.1,0.5,1.0,0.6290300597062557,1
10946-10946_game_2,2024-04-01 11:13:31+00:00,LPL,2024,Spring,1,2,14.06,Weibo Gaming,Invictus Gaming,1549.191380946869,1464.0903487740359,85.10103217283313,0.6,0.0,0.6,1.0,0.6290300597062557,1
10946-10946_game_3,2024-04-01 12:07:27+00:00,LPL,2024,Spring,1,3,14.06,Invictus Gaming,Weibo Gaming,1437.3314445527426,1561.3501047333184,-124.01866018057581,0.0,0.7,-0.7,0.0,0.3709699402937443,1
10946-10946_game_4,2024-04-01 13:00:05+00:00,LPL,2024,Spring,1,4,14.06,Weibo Gaming,Invictus Gaming,1539.8711331488241,1458.7951541392504,81.07597900957376,0.7,0.1,0.6,0.8,0.6290300597062557,0
10946-10946_game_5,2024-04-01 14:17:14+00:00,LPL,2024,Spring,1,5,14.06,Weibo Gaming,Invictus Gaming,1520.2047708349767,1478.4519751217408,41.752795713235855,0.7,0.2,0.49999999999999994,0.6666666666666667,0.6290300597062557,1
LOLTMNT05_27462,2024-04-01 15:07:23+00:00,LEC,2024,Spring,1,1,14.06,Team Vitality,Team BDS,1528.9532353363193,1580.9863542094886,-52.033118873169315,0.6,0.7,-0.09999999999999998,0.25,,1
LOLTMNT05_28507,2024-04-01 15:55:58+00:00,LEC,2024,Spring,1,2,14.06,Team BDS,Team Vitality,1562.6081118136854,1547.3316933515812,15.276418462104175,0.7,0.7,0.0,0.6,,1
LOLTMNT05_27471,2024-04-01 16:42:54+00:00,LEC,2024,Spring,1,3,14.06,Team Vitality,Team BDS,1532.0347454132443,1577.9051232781333,-45.87037786488895,0.6,0.7,-0.09999999999999998,0.33333333333333337,,0
LOLTMNT05_27480,2024-04-01 17:42:46+00:00,LEC,2024,Spring,1,1,14.06,Fnatic,G2 Esports,1580.4977912354943,1662.4330323139088,-81.93524107841449,0.7,0.7,0.0,0.4,0.3891652928338659,0
LOLTMNT05_27483,2024-04-01 18:25:43+00:00,LEC,2024,Spring,1,2,14.06,G2 Esports,Fnatic,1674.7282032169958,1568.2026203324074,106.5255828845884,0.7,0.6,0.09999999999999998,0.6666666666666667,0.6108347071661341,1
10947-10947_game_1,2024-04-02 10:22:55+00:00,LPL,2024,Spring,1,1,14.06,Ninjas in Pyjamas,Team WE,1518.2314804576342,1521.498927068197,-3.267446610562729,0.6,0.5,0.09999999999999998,0.6666666666666666,,0
10947-10947_game_2,2024-04-02 11:18:04+00:00,LPL,2024,Spring,1,2,14.06,Ninjas in Pyjamas,Team WE,1502.3819474988438,1537.3497598632036,-34.967812364359816,0.5,0.6,-0.09999999999999998,0.5,,1
10947-10947_game_3,2024-04-02 12:10:14+00:00,LPL,2024,Spring,1,3,14.06,Ninjas in Pyjamas,Team WE,1519.9868594353024,1519.7490953313513,0.2377641039511218,0.5,0.6,-0.09999999999999998,0.6,,0
10947-10947_game_4,2024-04-02 13:01:57+00:00,LPL,2024,Spring,1,4,14.06,Ninjas in Pyjamas,Team WE,1503.9759099953835,1535.7607342929455,-31.784824297561954,0.4,0.7,-0.29999999999999993,0.5,,1
10947-10947_game_5,2024-04-02 14:02:06+00:00,LPL,2024,Spring,1,5,14.06,Team WE,Ninjas in Pyjamas,1518.3042768112598,1521.4355853464508,-3.1313085351910104,0.7,0.4,0.29999999999999993,0.4285714285714286,,0
LOLTMNT05_27504,2024-04-02 15:07:41+00:00,LEC,2024,Spring,1,1,14.06,Team Heretics,SK Gaming,1503.8408307218683,1449.515151805973,54.32567891589542,0.6,0.3,0.3,0.6,0.5460784464368293,0
LOLTMNT05_28530,2024-04-02 15:58:37+00:00,LEC,2024,Spring,1,2,14.06,SK Gaming,Team Heretics,1467.996750431535,1485.395113728047,-17.39836329651189,0.4,0.5,-0.09999999999999998,0.5,0.4539215535631707,0
LOLTMNT05_27505,2024-04-02 16:48:28+00:00,LEC,2024,Spring,1,3,14.06,SK Gaming,Team Heretics,1452.7973056100668,1500.6099971626165,-47.81269155254972,0.4,0.5,-0.09999999999999998,0.42857142857142855,0.4539215535631707,0
LOLTMNT05_28531,2024-04-02 17:38:23+00:00,LEC,2024,Spring,1,1,14.06,GiantX,MAD Lions KOI,1434.4017492429143,1505.8953407469535,-71.49359150403916,0.4,0.3,0.10000000000000003,0.5,0.372716490933616,1
LOLTMNT05_27512,2024-04-02 18:28:43+00:00,LEC,2024,Spring,1,2,14.06,GiantX,MAD Lions KOI,1453.647737462819,1486.6486358432785,-33.0008983804596,0.5,0.3,0.2,0.6,0.372716490933616,0
LOLTMNT05_27513,2024-04-02 19:14:55+00:00,LEC,2024,Spring,1,3,14.06,MAD Lions KOI,GiantX,1501.1334422648758,1439.1626024640361,61.97083980083971,0.4,0.4,0.0,0.5,0.627283509066384,1
LOLTMNT02_69557,2024-04-03 08:12:28+00:00,LCK,2024,Spring,1,1,14.06,Gen.G,Dplus Kia,1754.9986128948342,1513.5502065981696,241.44840629666464,0.9,0.3,0.6000000000000001,0.6666666666666667,0.7344639795466151,1
LOLTMNT02_68560,2024-04-03 09:05:56+00:00,LCK,2024,Spring,1,2,14.06,Dplus Kia,Gen.G,1507.1685900399002,1761.3802294531038,-254.21163941320356,0.3,0.9,-0.6000000000000001,0.2857142857142857,0.2655360204533848,1
LOLTMNT02_69562,2024-04-03 10:02:56+00:00,LCK,2024,Spring,1,3,14.06,Gen.G,Dplus Kia,1735.3947570053206,1533.1540624876832,202.2406945176374,0.8,0.4,0.4,0.625,0.7344639795466151,1
10948-10948_game_1,2024-04-03 10:19:44+00:00,LPL,2024,Spring,1,1,14.06,LNG Esports,Weibo Gaming,1565.385602747469,1534.2916975894307,31.093905158038297,0.9,0.7,0.20000000000000007,0.6666666666666666,0.5829934018017131,0
LOLTMNT02_69563,2024-04-03 10:56:01+00:00,LCK,2024,Spring,1,4,14.06,Dplus Kia,Gen.G,1525.5410516375453,1743.0077678554585,-217.46671621791324,0.4,0.8,-0.4,0.3333333333333333,0.2655360204533848,1
10948-10948_game_2,2024-04-03 11:18:51+00:00,LPL,2024,Spring,1,2,14.06,LNG Esports,Weibo Gaming,1547.9576814674483,1551.719512597308,-3.761831129859729,0.8,0.8,0.0,0.5,0.5829934018017131,0
LOLTMNT02_69570,2024-04-03 11:57:14+00:00,LCK,2024,Spring,1,5,14.06,Gen.G,Dplus Kia,1718.12399035977,1550.4248291332337,167.69916122653626,0.8,0.5,0.30000000000000004,0.6,0.7344639795466151,1
10948-10948_game_3,2024-04-03 12:14:05+00:00,LPL,2024,Spring,1,3,14.06,LNG Esports,Weibo Gaming,1532.1309032299894,1567.5463418393574,-35.41543860936804,0.7,0.8,-0.10000000000000009,0.4,0.5829934018017131,1
10948-10948_game_4,2024-04-03 13:04:39+00:00,LPL,2024,Spring,1,4,14.06,Weibo Gaming,LNG Esports,1549.9213559479936,1549.7560546699738,0.16530127801979688,0.7,0.7,0.0,0.5,0.4170065981982869,0
10948-10948_game_5,2024-04-03 13:57:00+00:00,LPL,2024,Spring,1,5,14.06,LNG Esports,Weibo Gaming,1565.7636740829516,1533.9137634495814,31.8499106333702,0.7,0.6,0.09999999999999998,0.5714285714285714,0.5829934018017131,0
LOLTMNT02_68790,2024-04-04 08:12:12+00:00,LCK,2024,Spring,1,1,14.06,T1,Hanwha Life Esports,1683.7079322404309,1675.561802131898,8.146130108532816,0.7,0.8,-0.10000000000000009,0.6,0.5778938005270601,0
LOLTMNT02_69796,2024-04-04 09:09:55+00:00,LCK,2024,Spring,1,2,14.06,T1,Hanwha Life Esports,1667.3328775289538,1691.9368765588629,-24.60399902990912,0.7,0.9,-0.20000000000000007,0.5,0.5778938005270601,0
LOLTMNT02_69799,2024-04-04 10:11:11+00:00,LCK,2024,Spring,1,3,14.06,T1,Hanwha Life Esports,1652.4639749993785,1706.8057107957968,-54.341735796418334,0.6,0.9,-0.30000000000000004,0.4285714285714286,0.5778938005270601,0
10949-10949_game_1,2024-04-04 10:25:58+00:00,LPL,2024,Spring,1,1,14.06,Ninjas in Pyjamas,FunPlus Phoenix,1537.2913871636222,1580.7691771508066,-43.47778998718445,0.4,0.6,-0.19999999999999996,0.0,0.4811833078507175,1
10949-10949_game_2,2024-04-04 11:17:05+00:00,LPL,2024,Spring,1,2,14.06,FunPlus Phoenix,Ninjas in Pyjamas,1562.7773590985648,1555.2832269504868,7.494132148078052,0.5,0.4,0.09999999999999998,0.6666666666666666,0.5188166921492825,1
10949-10949_game_3,2024-04-04 12:19:30+00:00,LPL,2024,Spring,1,3,14.06,Ninjas in Pyjamas,FunPlus Phoenix,1539.6282909768984,1578.4322987643645,-38.80400778746616,0.4,0.5,-0.09999999999999998,0.25,0.4811833078507175,1
10949-10949_game_4,2024-04-04 13:14:30+00:00,LPL,2024,Spring,1,4,14.06,FunPlus Phoenix,Ninjas in Pyjamas,1560.652717730144,1557.4078881754251,3.24482955471899,0.4,0.5,-0.09999999999999998,0.6,0.5188166921492825,0
10950-10950_game_1,2024-04-05 10:17:14+00:00,LPL,2024,Spring,1,1,14.06,Weibo Gaming,JD Gaming,1551.3761953434228,1607.4119842348618,-56.0357888914391,0.6,0.7,-0.09999999999999998,1.0,0.38320200377161,0
10950-10950_game_2,2024-04-05 11:15:17+00:00,LPL,2024,Spring,1,2,14.06,JD Gaming,Weibo Gaming,1620.8563922337912,1537.9342441386766,82.92214809511461,0.7,0.5,0.19999999999999996,0.3333333333333333,0.6167979962283899,1
10950-10950_game_3,2024-04-05 12:11:38+00:00,LPL,2024,Spring,1,3,14.06,Weibo Gaming,JD Gaming,1525.6815971011326,1633.1123830448607,-107.4307859437281,0.4,0.8,-0.4,0.5,0.38320200377161,0
LOLTMNT02_70202,2024-04-06 06:12:28+00:00,LCK,2024,Spring,1,1,14.06,Gen.G,Hanwha Life Esports,1726.9498310663312,1720.3233905168497,6.626440549481458,0.8,1.0,-0.19999999999999996,1.0,0.5783998204609675,0
LOLTMNT02_71173,2024-04-06 07:08:42+00:00,LCK,2024,Spring,1,2,14.06,Gen.G,Hanwha Life Esports,1710.6447091976515,1736.6285123855298,-25.983803187878266,0.7,1.0,-0.30000000000000004,0.8,0.5783998204609675,1
LOLTMNT02_71199,2024-04-06 08:10:18+00:00,LCK,2024,Spring,1,3,14.06,Hanwha Life Esports,Gen.G,1719.4341399680075,1727.8390816151739,-8.404941647166424,0.9,0.7,0.20000000000000007,0.16666666666666663,0.4216001795390325,0
LOLTMNT02_71247,2024-04-06 09:15:00+00:00,LCK,2024,Spring,1,4,14.06,Hanwha Life Esports,Gen.G,1703.821126346828,1743.4520952363532,-39.63096888952532,0.8,0.7,0.10000000000000009,0.1428571428571429,0.4216001795390325,0
10951-10951_game_1,2024-04-06 10:20:23+00:00,LPL,2024,Spring,1,1,14.06,Bilibili Gaming,Ninjas in Pyjamas,1744.196014968306,1573.5573137541996,170.63870121410628,0.9,0.6,0.30000000000000004,1.0,0.6983896628344709,1
10951-10951_game_2,2024-04-06 11:15:24+00:00,LPL,2024,Spring,1,2,14.06,Ninjas in Pyjamas,Bilibili Gaming,1564.8392163793924,1752.9141123431132,-188.0748959637208,0.6,0.9,-0.30000000000000004,0.0,0.3016103371655291,1
10951-10951_game_3,2024-04-06 12:08:53+00:00,LPL,2024,Spring,1,3,14.06,Bilibili Gaming,Ninjas in Pyjamas,1729.0102911563583,1588.743037566147,140.26725359021134,0.8,0.7,0.10000000000000009,0.8571428571428571,0.6983896628344709,1
10951-10951_game_4,2024-04-06 13:02:39+00:00,LPL,2024,Spring,1,4,14.06,Ninjas in Pyjamas,Bilibili Gaming,1578.873098432797,1738.8802302897086,-160.00713185691166,0.6,0.8,-0.20000000000000007,0.125,0.3016103371655291,0
LOLTMNT05_28711,2024-04-06 15:08:17+00:00,LEC,2024,Spring,1,1,14.06,Fnatic,Team Heretics,1556.960150673203,1514.448822004936,42.5113286682672,0.6,0.6,0.0,0.5,0.6598136017094454,0
LOLTMNT05_27706,2024-04-06 15:53:37+00:00,LEC,2024,Spring,1,2,14.06,Team Heretics,Fnatic,1532.3842295728002,1539.0121433791335,-6.627913806333254,0.6,0.5,0.09999999999999998,0.6666666666666667,0.3401863982905546,0
LOLTMNT05_28718,2024-04-06 16:44:29+00:00,LEC,2024,Spring,1,3,14.06,Fnatic,Team Heretics,1554.7069536891474,1516.6913925546398,38.01556113450761,0.5,0.5,0.0,0.5,0.6598136017094454,1
LOLTMNT05_27707,2024-04-06 17:37:19+00:00,LEC,2024,Spring,1,1,14.06,Team Vitality,MAD Lions KOI,1518.1349657315318,1514.3094641897926,3.825501541739186,0.5,0.5,0.0,0.25,0.4734410211260149,1
LOLTMNT05_27712,2024-04-06 18:22:25+00:00,LEC,2024,Spring,1,2,14.06,Team Vitality,MAD Lions KOI,1533.9588019940823,1498.4856279272421,35.4731740668401,0.6,0.5,0.09999999999999998,0.4,0.4734410211260149,1
LOLTMNT02_71448,2024-04-07 06:11:55+00:00,LCK,2024,Spring,1,1,14.06,T1,Dplus Kia,1638.9461654030401,1541.5989884266726,97.34717697636756,0.5,0.5,0.0,1.0,0.6123683676809397,1
LOLTMNT02_71450,2024-04-07 07:06:38+00:00,LCK,2024,Spring,1,2,14.06,Dplus Kia,T1,1529.96824907658,1650.5770964160279,-120.60884733944795,0.4,0.6,-0.19999999999999996,0.0,0.3876316323190603,0
LOLTMNT02_71456,2024-04-07 08:02:33+00:00,LCK,2024,Spring,1,3,14.06,Dplus Kia,T1,1519.3096388740578,1661.2359134461724,-141.9262745721146,0.4,0.6,-0.19999999999999996,0.0,0.3876316323190603,0
10952-10952_game_1,2024-04-07 10:16:23+00:00,LPL,2024,Spring,1,1,14.06,Top Esports,JD Gaming,1673.7320715558653,1644.3212602863343,29.410811269530996,0.8,0.8,0.0,0.375,0.4931612804910336,1
10952-10952_game_2,2024-04-07 11:15:33+00:00,LPL,2024,Spring,1,2,14.06,JD Gaming,Top Esports,1629.6709419362312,1688.3808795656564,-58.70993762942521,0.7,0.9,-0.20000000000000007,0.5555555555555556,0.5068387195089664,0
10952-10952_game_3,2024-04-07 12:16:44+00:00,LPL,2024,Spring,1,3,14.06,JD Gaming,Top Esports,1616.3467403306972,1701.7026306501884,-85.35589031949121,0.6,0.9,-0.30000000000000004,0.5,0.5068387195089664,0
LOLTMNT05_28757,2024-04-07 15:08:30+00:00,LEC,2024,Spring,1,1,14.06,G2 Esports,Team BDS,1685.9706728762,1591.805062054642,94.16561082155818,0.7,0.7,0.0,1.0,,1
LOLTMNT05_27749,2024-04-07 16:06:52+00:00,LEC,2024,Spring,1,2,14.06,Team BDS,G2 Esports,1580.0381311149026,1697.7373388342116,-117.69920771930902,0.6,0.7,-0.09999999999999998,0.0,,1
LOLTMNT05_27750,2024-04-07 16:57:31+00:00,LEC,2024,Spring,1,3,14.06,G2 Esports,Team BDS,1676.5153406716404,1601.2598404549874,75.25550021665299,0.7,0.7,0.0,0.8571428571428571,,1
LOLTMNT05_27752,2024-04-07 17:38:25+00:00,LEC,2024,Spring,1,4,14.06,Team BDS,G2 Esports,1588.6720995893315,1689.1028975454162,-100.43079795608469,0.6,0.7,-0.09999999999999998,0.125,,0
LOLTMNT05_27770,2024-04-08 15:06:50+00:00,LEC,2024,Spring,1,1,14.06,Fnatic,Team Vitality,1568.9632256117395,1548.330854827073,20.63237078466659,0.5,0.6,-0.09999999999999998,1.0,0.5847919095041494,0
LOLTMNT05_27771,2024-04-08 15:56:08+00:00,LEC,2024,Spring,1,2,14.06,Fnatic,Team Vitality,1552.0141851733963,1565.2798952654161,-13.265710092019845,0.5,0.7,-0.19999999999999996,0.6666666666666666,0.5847919095041494,1
LOLTMNT05_28770,2024-04-08 16:44:17+00:00,LEC,2024,Spring,1,3,14.06,Team Vitality,Fnatic,1548.6692834369858,1568.6247970018267,-19.955513564840885,0.6,0.5,0.09999999999999998,0.25,0.4152080904958505,0
LOLTMNT05_27779,2024-04-08 17:27:22+00:00,LEC,2024,Spring,1,4,14.06,Fnatic,Team Vitality,1583.7068208746446,1533.5872595641679,50.11956131047668,0.6,0.6,0.0,0.8,0.5847919095041494,1
10953-10953_game_1,2024-04-10 10:19:46+00:00,LPL,2024,Spring,1,1,14.06,JD Gaming,Ninjas in Pyjamas,1604.1972774091535,1569.7614540278164,34.43582338133706,0.5,0.6,-0.09999999999999998,1.0,0.6402539555305462,1
10953-10953_game_2,2024-04-10 11:12:29+00:00,LPL,2024,Spring,1,2,14.06,Ninjas in Pyjamas,JD Gaming,1555.342109756219,1618.6176142819113,-63.27550452569221,0.5,0.6,-0.09999999999999998,0.0,0.3597460444694538,0
10953-10953_game_3,2024-04-10 12:06:36+00:00,LPL,2024,Spring,1,3,14.06,Ninjas in Pyjamas,JD Gaming,1542.2242593727985,1631.7371996468842,-89.51294027408562,0.4,0.7,-0.29999999999999993,0.0,0.3597460444694538,1
10953-10953_game_4,2024-04-10 12:56:33+00:00,LPL,2024,Spring,1,4,14.06,JD Gaming,Ninjas in Pyjamas,1611.7060270410918,1562.2576328516327,49.44839418945912,0.6,0.4,0.19999999999999996,0.8,0.6402539555305462,0
10953-10953_game_5,2024-04-10 13:45:49+00:00,LPL,2024,Spring,1,5,14.06,JD Gaming,Ninjas in Pyjamas,1593.4452311989612,1580.519563513156,12.925667685805138,0.5,0.5,0.0,0.6666666666666666,0.6402539555305462,1
10954-10954_game_1,2024-04-11 10:18:05+00:00,LPL,2024,Spring,1,1,14.06,Bilibili Gaming,Top Esports,1747.991874694689,1713.849064710222,34.14280998446702,0.8,0.9,-0.09999999999999998,0.6666666666666666,0.5705788757720102,1
10954-10954_game_2,2024-04-11 11:15:27+00:00,LPL,2024,Spring,1,2,14.06,Top Esports,Bilibili Gaming,1699.4163572573684,1762.4245821475422,-63.00822489017378,0.8,0.8,0.0,0.25,0.4294211242279898,1
10954-10954_game_3,2024-04-11 12:11:59+00:00,LPL,2024,Spring,1,3,14.06,Bilibili Gaming,Top Esports,1743.554343464423,1718.2865959404876,25.26774752393544,0.7,0.8,-0.10000000000000009,0.6,0.5705788757720102,1
10954-10954_game_4,2024-04-11 13:12:06+00:00,LPL,2024,Spring,1,4,14.06,Top Esports,Bilibili Gaming,1703.4481715287468,1758.3927678761643,-54.94459634741747,0.8,0.8,0.0,0.33333333333333337,0.4294211242279898,1
10954-10954_game_5,2024-04-11 14:07:49+00:00,LPL,2024,Spring,1,5,14.06,Bilibili Gaming,Top Esports,1739.8833604108484,1721.9575789940623,17.925781416786094,0.7,0.8,-0.10000000000000009,0.5714285714285714,0.5705788757720102,1
LOLTMNT02_75115,2024-04-13 06:22:43+00:00,LCK,2024,Spring,1,1,14.06,Hanwha Life Esports,T1,1689.6383253630102,1671.0409975469697,18.597327816040433,0.7,0.7,0.0,0.625,0.4840473105786597,1
LOLTMNT02_76094,2024-04-13 07:24:10+00:00,LCK,2024,Spring,1,2,14.06,T1,Hanwha Life Esports,1655.8965855654235,1704.7827037820366,-48.88611821661311,0.6,0.7,-0.09999999999999998,0.33333333333333337,0.5159526894213402,1
LOLTMNT02_75116,2024-04-13 08:21:14+00:00,LCK,2024,Spring,1,3,14.06,T1,Hanwha Life Esports,1674.1330584004095,1686.5461551668134,-12.413096766403896,0.6,0.6,0.0,0.4,0.5159526894213402,1
LOLTMNT02_76095,2024-04-13 09:17:32+00:00,LCK,2024,Spring,1,4,14.06,Hanwha Life Esports,T1,1669.9747540407475,1690.7044405219083,-20.729686481160797,0.5,0.6,-0.09999999999999998,0.5454545454545454,0.4840473105786597,0
LOLTMNT05_32052,2024-04-13 15:08:38+00:00,LEC,2024,Spring,1,1,14.06,Team BDS,Fnatic,1577.1722402555013,1597.4146078573322,-20.242367601830892,0.6,0.6,0.0,1.0,,1
LOLTMNT05_31048,2024-04-13 15:58:15+00:00,LEC,2024,Spring,1,2,14.06,Team BDS,Fnatic,1594.1033404200548,1580.483465724216,13.61987469583869,0.6,0.5,0.09999999999999998,1.0,,1
LOLTMNT05_32056,2024-04-13 16:48:15+00:00,LEC,2024,Spring,1,3,14.06,Fnatic,Team BDS,1565.1103630419573,1609.4764727856739,-44.366109743716606,0.5,0.6,-0.09999999999999998,0.0,,1
LOLTMNT05_32060,2024-04-13 17:43:22+00:00,LEC,2024,Spring,1,4,14.06,Team BDS,Fnatic,1591.4444527488565,1583.1424645704733,8.301988178383226,0.5,0.6,-0.09999999999999998,0.8,,0
LOLTMNT05_32067,2024-04-13 18:28:15+00:00,LEC,2024,Spring,1,5,14.06,Fnatic,Team BDS,1599.524712506585,1575.0622204244885,24.46249208209656,0.7,0.5,0.19999999999999996,0.3333333333333333,,1
LOLTMNT02_76144,2024-04-14 06:25:50+00:00,LCK,2024,Spring,1,1,14.06,Gen.G,T1,1757.6348962201707,1705.7509599212303,51.8839362989404,0.7,0.6,0.09999999999999998,0.8,0.5553929075875891,1
LOLTMNT02_76145,2024-04-14 07:32:22+00:00,LCK,2024,Spring,1,2,14.06,T1,Gen.G,1692.1226388684977,1771.2631569297391,-79.14051806124144,0.6,0.7,-0.09999999999999998,0.16666666666666663,0.4446070924124109,1
LOLTMNT02_76146,2024-04-14 08:26:29+00:00,LCK,2024,Spring,1,3,14.06,Gen.G,T1,1751.680353729392,1711.7053618629805,39.97499186641153,0.6,0.7,-0.09999999999999998,0.7142857142857143,0.5553929075875891,0
LOLTMNT02_76147,2024-04-14 09:25:52+00:00,LCK,2024,Spring,1,4,14.06,Gen.G,T1,1733.8475179943148,1729.5381582159032,4.30935977841159,0.6,0.8,-0.20000000000000007,0.625,0.5553929075875891,1
10955-10955_game_1,2024-04-14 10:15:24+00:00,LPL,2024,Spring,1,1,14.06,Top Esports,JD Gaming,1706.7823600103989,1608.8504680057554,97.93189200464349,0.7,0.5,0.19999999999999996,0.5454545454545454,0.558143373585691,1
LOLTMNT02_76148,2024-04-14 10:19:15+00:00,LCK,2024,Spring,1,5,14.06,T1,Gen.G,1713.7365968431404,1749.649074818833,-35.91247797569258,0.7,0.6,0.09999999999999998,0.33333333333333337,0.4446070924124109,0
10955-10955_game_2,2024-04-14 11:11:35+00:00,LPL,2024,Spring,1,2,14.06,JD Gaming,Top Esports,1597.2427108260674,1718.3881917188714,-121.14548089280402,0.4,0.7,-0.29999999999999993,0.4166666666666667,0.441856626414309,1
10955-10955_game_3,2024-04-14 12:05:23+00:00,LPL,2024,Spring,1,3,14.06,Top Esports,JD Gaming,1697.024854545682,1618.6039974690862,78.4208570765959,0.6,0.4,0.19999999999999996,0.5384615384615384,0.558143373585691,1
10955-10955_game_4,2024-04-14 12:56:14+00:00,LPL,2024,Spring,1,4,14.06,JD Gaming,Top Esports,1606.1539446617267,1709.473545718182,-103.31960105645544,0.4,0.6,-0.19999999999999996,0.42857142857142855,0.441856626414309,0
LOLTMNT05_31072,2024-04-14 15:12:53+00:00,LEC,2024,Spring,1,1,14.06,G2 Esports,Fnatic,1700.6025417505966,1614.400030994276,86.20251075632063,0.7,0.7,0.0,0.7142857142857143,0.6796083187130316,0
LOLTMNT05_32101,2024-04-14 15:59:07+00:00,LEC,2024,Spring,1,2,14.06,G2 Esports,Fnatic,1680.7122707353924,1634.2903020094805,46.42196872591194,0.7,0.7,0.0,0.625,0.6796083187130316,1
LOLTMNT05_32104,2024-04-14 16:47:02+00:00,LEC,2024,Spring,1,3,14.06,Fnatic,G2 Esports,1620.4154811276278,1694.587091617245,-74.17161048961725,0.7,0.8,-0.10000000000000009,0.3333333333333333,0.3203916812869684,0
LOLTMNT05_32107,2024-04-14 17:35:28+00:00,LEC,2024,Spring,1,4,14.06,Fnatic,G2 Esports,1607.7802482210884,1707.2223245237844,-99.44207630269602,0.6,0.8,-0.20000000000000007,0.3,0.3203916812869684,0
10956-10956_game_1,2024-04-20 09:01:13+00:00,LPL,2024,Spring,1,1,14.06,Bilibili Gaming,Top Esports,1755.0585793945124,1720.8509691608483,34.20761023366413,0.7,0.6,0.09999999999999998,0.625,0.5791429164814998,1
10956-10956_game_2,2024-04-20 10:11:30+00:00,LPL,2024,Spring,1,2,14.06,Top Esports,Bilibili Gaming,1706.4212171816878,1769.4883313736725,-63.06711419198473,0.5,0.7,-0.19999999999999996,0.33333333333333337,0.4208570835185001,0
10956-10956_game_3,2024-04-20 11:02:08+00:00,LPL,2024,Spring,1,3,14.06,Top Esports,Bilibili Gaming,1693.2940804649006,1782.6154680904601,-89.32138762555951,0.5,0.7,-0.19999999999999996,0.30000000000000004,0.4208570835185001,1
10956-10956_game_4,2024-04-20 12:03:08+00:00,LPL,2024,Spring,1,4,14.06,Bilibili Gaming,Top Esports,1762.5903565133467,1713.319192042014,49.27116447133267,0.7,0.5,0.19999999999999996,0.6363636363636364,0.5791429164814998,1
11128-11128_game_1,2024-06-01 09:22:04+00:00,LPL,2024,Summer Placements,0,1,14.1,Ultra Prime,Invictus Gaming,1394.5245361933605,1512.8408540149867,-118.31631782162617,0.1,0.2,-0.1,0.0,,0
11128-11128_game_2,2024-06-01 10:11:06+00:00,LPL,2024,Summer Placements,0,2,14.1,Invictus Gaming,Ultra Prime,1523.8452308366964,1383.5357520817802,140.3094787549162,0.3,0.1,0.19999999999999998,1.0,,0
11128-11128_game_3,2024-06-01 11:08:02+00:00,LPL,2024,Summer Placements,0,3,14.1,Ultra Prime,Invictus Gaming,1405.4183113684687,1501.9802738437909,-96.56196247532216,0.2,0.3,-0.09999999999999998,0.25,,1
11129-11129_game_1,2024-06-01 12:33:29+00:00,LPL,2024,Summer Placements,0,1,14.1,Weibo Gaming,Ninjas in Pyjamas,1490.3089656743043,1565.1145380380533,-74.80557236374898,0.4,0.4,0.0,1.0,0.5251104439982458,1
11129-11129_game_2,2024-06-01 13:34:51+00:00,LPL,2024,Summer Placements,0,2,14.1,Ninjas in Pyjamas,Weibo Gaming,1545.7218778121864,1509.6538441407797,36.06803367140674,0.3,0.5,-0.2,0.0,0.4748895560017542,1
11129-11129_game_3,2024-06-01 14:30:05+00:00,LPL,2024,Summer Placements,0,3,14.1,Weibo Gaming,Ninjas in Pyjamas,1495.2819557319515,1560.0668246929595,-64.78486896100799,0.4,0.4,0.0,0.75,0.5251104439982458,0
11130-11130_game_1,2024-06-02 09:21:16+00:00,LPL,2024,Summer Placements,0,1,14.1,Team WE,Royal Never Give Up,1486.419666537598,1450.695523509999,35.724143027598984,0.6,0.6,0.0,1.0,0.5917980966852358,1
11130-11130_game_2,2024-06-02 10:07:36+00:00,LPL,2024,Summer Placements,0,2,14.1,Royal Never Give Up,Team WE,1436.3122613252328,1500.7819722815516,-64.46971095631875,0.5,0.6,-0.09999999999999998,0.0,0.4082019033147642,0
11131-11131_game_1,2024-06-02 11:16:01+00:00,LPL,2024,Summer Placements,0,1,14.1,Rare Atom,Top Esports,1399.395926739941,1712.6744588019842,-313.27853206204327,0.2,0.4,-0.2,0.0,0.163587350448902,0
11131-11131_game_2,2024-06-02 12:04:40+00:00,LPL,2024,Summer Placements,0,2,14.1,Top Esports,Rare Atom,1717.2005573519775,1394.6699576406315,322.530599711346,0.4,0.2,0.2,1.0,0.836412649551098,1
11132-11132_game_1,2024-06-03 09:19:08+00:00,LPL,2024,Summer Placements,0,1,14.1,Oh My God,LNG Esports,1494.7837622343955,1548.3011621610456,-53.517399926650114,0.5,0.6,-0.09999999999999998,0.0,0.3267171237881242,0
11132-11132_game_2,2024-06-03 10:11:33+00:00,LPL,2024,Summer Placements,0,2,14.1,LNG Esports,Oh My God,1561.8561029581847,1481.2287353847253,80.62736757345942,0.6,0.4,0.19999999999999996,1.0,0.6732828762118759,1
11133-11133_game_1,2024-06-03 11:16:13+00:00,LPL,2024,Summer Placements,0,1,14.1,Weibo Gaming,Invictus Gaming,1482.1953844042696,1481.8251777223538,0.3702066819157608,0.3,0.3,0.0,0.7142857142857143,0.767247535771166,1
11133-11133_game_2,2024-06-03 12:04:52+00:00,LPL,2024,Summer Placements,0,2,14.1,Invictus Gaming,Weibo Gaming,1465.8210360460648,1498.171471824668,-32.35043577860324,0.3,0.3,0.0,0.25,0.232752464228834,1
11133-11133_game_3,2024-06-03 12:57:33+00:00,LPL,2024,Summer Placements,0,3,14.1,Weibo Gaming,Invictus Gaming,1480.692588252152,1483.2283107080505,-2.5357224558983944,0.3,0.4,-0.10000000000000003,0.6666666666666667,0.767247535771166,1
11134-11134_game_1,2024-06-04 09:17:06+00:00,LPL,2024,Summer Placements,0,1,14.1,Anyone's Legend,Ultra Prime,1425.9066710741515,1425.5854583248574,0.3212127492940908,0.2,0.3,-0.09999999999999998,0.6666666666666666,0.6906057493746031,1
11134-11134_game_2,2024-06-04 10:01:49+00:00,LPL,2024,Summer Placements,0,2,14.1,Ultra Prime,Anyone's Legend,1409.6188246501201,1441.891596526502,-32.27277187638197,0.3,0.3,0.0,0.25,0.3093942506253969,0
11135-11135_game_1,2024-06-04 11:22:38+00:00,LPL,2024,Summer Placements,0,1,14.1,ThunderTalk Gaming,FunPlus Phoenix,1470.0863206739568,1544.5032935775523,-74.41697290359548,0.5,0.4,0.09999999999999998,0.33333333333333337,0.3923457993453779,1
11135-11135_game_2,2024-06-04 12:20:12+00:00,LPL,2024,Summer Placements,0,2,14.1,FunPlus Phoenix,ThunderTalk Gaming,1525.127752865346,1489.4618858021004,35.66586706324574,0.3,0.6,-0.3,0.5,0.6076542006546222,1
11135-11135_game_3,2024-06-04 13:17:04+00:00,LPL,2024,Summer Placements,0,3,14.1,ThunderTalk Gaming,FunPlus Phoenix,1475.0986144476276,1539.4910355016068,-64.3924210539792,0.5,0.4,0.09999999999999998,0.4,0.3923457993453779,0
11136-11136_game_1,2024-06-05 09:18:51+00:00,LPL,2024,Summer Placements,0,1,14.1,LGD Gaming,Team WE,1480.7052861914663,1513.8494090971512,-33.14412290568498,0.6,0.7,-0.09999999999999998,0.3333333333333333,,0
11136-11136_game_2,2024-06-05 10:08:04+00:00,LPL,2024,Summer Placements,0,2,14.1,Team WE,LGD Gaming,1528.3289864347,1466.225608112491,62.10337832220898,0.7,0.6,0.09999999999999998,0.75,,1
11137-11137_game_1,2024-06-05 11:19:15+00:00,LPL,2024,Summer Placements,0,1,14.1,EDward Gaming,JD Gaming,1488.6486884573599,1594.7749776746823,-106.12628921732244,0.3,0.4,-0.10000000000000003,0.0,0.232752464228834,0
11137-11137_game_2,2024-06-05 12:23:06+00:00,LPL,2024,Summer Placements,0,2,14.1,JD Gaming,EDward Gaming,1606.035596646443,1477.099895533378,128.93570111306508,0.5,0.2,0.3,1.0,0.767247535771166,1
11138-11138_game_1,2024-06-06 09:16:17+00:00,LPL,2024,Summer Placements,0,1,14.1,Rare Atom,Oh My God,1390.1601956063093,1468.8761427015231,-78.71594709521378,0.1,0.4,-0.30000000000000004,0.0,0.4394019688997619,0
11138-11138_game_2,2024-06-06 10:23:58+00:00,LPL,2024,Summer Placements,0,2,14.1,Oh My God,Rare Atom,1481.31223724832,1377.6477423807441,103.66449486757574,0.4,0.1,0.30000000000000004,1.0,0.5605980311002381,0
11138-11138_game_3,2024-06-06 11:14:46+00:00,LPL,2024,Summer Placements,0,3,14.1,Rare Atom,Oh My God,1398.186560515613,1460.6754779529288,-62.48891743731565,0.2,0.4,-0.2,0.25,0.4394019688997619,1
11139-11139_game_1,2024-06-06 12:42:25+00:00,LPL,2024,Summer Placements,0,1,14.1,Royal Never Give Up,Bilibili Gaming,1451.3057152905933,1775.9074217533948,-324.60170646280153,0.4,0.4,0.0,0.0,0.1877994059173864,0
11139-11139_game_2,2024-06-06 13:35:23+00:00,LPL,2024,Summer Placements,0,2,14.1,Bilibili Gaming,Royal Never Give Up,1780.1861003273655,1446.8931262248839,333.2929741024816,0.5,0.3,0.2,1.0,0.8122005940826136,1
11140-11140_game_1,2024-06-07 09:20:05+00:00,LPL,2024,Summer Placements,0,1,14.1,JD Gaming,ThunderTalk Gaming,1616.3577107153603,1469.6244015881769,146.73330912718347,0.5,0.4,0.09999999999999998,1.0,0.76921512985812,1
11140-11140_game_2,2024-06-07 10:07:44+00:00,LPL,2024,Summer Placements,0,2,14.1,ThunderTalk Gaming,JD Gaming,1459.9967687818596,1625.9768780998947,-165.98010931803515,0.3,0.5,-0.2,0.0,0.2307848701418799,0
11141-11141_game_1,2024-06-07 11:17:32+00:00,LPL,2024,Summer Placements,0,1,14.1,LNG Esports,Top Esports,1574.2085840050229,1721.5236200191855,-147.31503601416262,0.6,0.4,0.19999999999999996,0.0,0.3891344432104659,0
11141-11141_game_2,2024-06-07 12:04:57+00:00,LPL,2024,Summer Placements,0,2,14.1,Top Esports,LNG Esports,1731.1188115103173,1564.6130300530663,166.50578145725103,0.5,0.6,-0.09999999999999998,1.0,0.610865556789534,1
11142-11142_game_1,2024-06-08 09:19:25+00:00,LPL,2024,Summer Placements,0,1,14.1,Ninjas in Pyjamas,Anyone's Legend,1573.1174747346004,1459.1014948637921,114.01597987080822,0.4,0.4,0.0,0.33333333333333337,0.610865556789534,0
11142-11142_game_2,2024-06-08 10:12:36+00:00,LPL,2024,Summer Placements,0,2,14.1,Anyone's Legend,Ninjas in Pyjamas,1480.1648893750091,1552.0475480447994,-71.88265866979032,0.4,0.4,0.0,0.75,0.389134443210466,1
11143-11143_game_1,2024-06-08 11:19:57+00:00,LPL,2024,Summer Placements,0,1,14.1,Ultra Prime,Weibo Gaming,1395.0604899531768,1496.8031377445946,-101.74264779141777,0.3,0.4,-0.10000000000000003,0.0,0.2177021221110466,1
11143-11143_game_2,2024-06-08 12:11:04+00:00,LPL,2024,Summer Placements,0,2,14.1,Weibo Gaming,Ultra Prime,1476.2736410609557,1415.4791574928736,60.794483568082114,0.3,0.3,0.0,0.6666666666666667,0.7822978778889533,1
11143-11143_game_3,2024-06-08 13:00:36+00:00,LPL,2024,Summer Placements,0,3,14.1,Ultra Prime,Weibo Gaming,1402.1751836395042,1489.5160260613288,-87.34084242182462,0.3,0.4,-0.10000000000000003,0.25,0.2177021221110466,1
LOLTMNT04_49223,2024-06-08 15:10:36+00:00,LEC,2024,Summer,0,1,14.11,Team Heretics,GiantX,1502.4258100448308,1484.0236226160534,18.402187428777324,0.4,0.4,0.0,0.5,0.665083,1
LOLTMNT04_49235,2024-06-08 16:13:23+00:00,LEC,2024,Summer,0,1,14.11,SK Gaming,Rogue,1496.044832526215,1413.4580199565203,82.58681256969476,0.3,0.3,0.0,0.6666666666666667,0.570312,1
LOLTMNT04_50103,2024-06-08 17:14:40+00:00,LEC,2024,Summer,0,1,14.11,Team Vitality,Team BDS,1544.2776759677677,1534.0845949055836,10.193081062184092,0.5,0.4,0.09999999999999998,0.2857142857142857,,0
LOLTMNT04_49248,2024-06-08 18:07:27+00:00,LEC,2024,Summer,0,1,14.11,MAD Lions KOI,G2 Esports,1484.1135750942515,1751.8248299395132,-267.7112548452617,0.4,0.6,-0.19999999999999996,0.125,0.267782,0
LOLTMNT04_50122,2024-06-08 18:57:49+00:00,LEC,2024,Summer,0,1,14.11,Karmine Corp,Fnatic,1486.603387162293,1589.1135258568013,-102.51013869450821,0.3,0.3,0.0,0.0,0.315068,0
LOLTMNT04_50175,2024-06-09 15:06:31+00:00,LEC,2024,Summer,0,1,14.11,Team BDS,Team Heretics,1550.5168717935803,1517.588360201652,32.92851159192833,0.4,0.4,0.0,0.8333333333333334,,1
LOLTMNT04_50182,2024-06-09 15:54:27+00:00,LEC,2024,Summer,0,1,14.11,Rogue,Team Vitality,1401.1825507081803,1527.8386443855024,-126.65609367732213,0.3,0.4,-0.10000000000000003,0.0,,1
LOLTMNT04_49294,2024-06-09 16:59:48+00:00,LEC,2024,Summer,0,1,14.11,Karmine Corp,MAD Lions KOI,1474.9646798723663,1478.4694214236179,-3.504741551251527,0.2,0.4,-0.2,0.5,0.428571,1
LOLTMNT04_49300,2024-06-09 18:01:35+00:00,LEC,2024,Summer,0,1,14.11,Fnatic,GiantX,1600.525137863934,1468.8551805899124,131.66995727402173,0.4,0.4,0.0,1.0,0.778182,1
LOLTMNT04_50205,2024-06-09 18:59:50+00:00,LEC,2024,Summer,0,1,14.11,G2 Esports,SK Gaming,1757.4689836101466,1508.5165035803384,248.95248002980816,0.7,0.4,0.29999999999999993,1.0,0.78712,0
11144-11144_game_1,2024-06-10 09:17:00+00:00,LPL,2024,Summer Placements,0,1,14.1,FunPlus Phoenix,EDward Gaming,1538.6645225367072,1466.3732383011434,72.29128423556381,0.5,0.2,0.3,0.6666666666666667,0.5357750491263008,0
11144-11144_game_2,2024-06-10 10:09:13+00:00,LPL,2024,Summer Placements,0,2,14.1,EDward Gaming,FunPlus Phoenix,1485.5592908633057,1536.6439424658736,-51.084651602567874,0.3,0.4,-0.10000000000000003,0.5,0.4642249508736992,1
11145-11145_game_1,2024-06-10 11:35:37+00:00,LPL,2024,Summer Placements,0,1,14.1,Bilibili Gaming,LGD Gaming,1784.2827096128335,1449.2046982206452,335.0780113921883,0.5,0.6,-0.09999999999999998,1.0,0.8487065477276758,1
11145-11145_game_2,2024-06-10 12:43:24+00:00,LPL,2024,Summer Placements,0,2,14.1,LGD Gaming,Bilibili Gaming,1445.144271974781,1788.3427531979953,-343.19848122321423,0.6,0.6,0.0,0.0,0.1512934522723241,0
LOLTMNT04_52024,2024-06-10 15:09:03+00:00,LEC,2024,Summer,0,1,14.11,Fnatic,Team Vitality,1610.7360438818578,1506.3474765757378,104.38856730611997,0.4,0.3,0.10000000000000003,0.8333333333333334,0.665083,1
LOLTMNT04_51028,2024-06-10 15:58:00+00:00,LEC,2024,Summer,0,1,14.11,GiantX,SK Gaming,1458.4778679360286,1534.078419984396,-75.60055204836749,0.4,0.5,-0.09999999999999998,0.0,0.379653,0
LOLTMNT04_52038,2024-06-10 16:58:23+00:00,LEC,2024,Summer,0,1,14.11,Team BDS,G2 Esports,1565.0124653996472,1731.632770996414,-166.62030559676668,0.5,0.6,-0.09999999999999998,0.11111111111111116,,1
LOLTMNT04_52046,2024-06-10 18:01:13+00:00,LEC,2024,Summer,0,1,14.11,Rogue,Karmine Corp,1422.7583114022914,1491.1615283209503,-68.40321691865893,0.4,0.2,0.2,1.0,0.424084,0
LOLTMNT04_51053,2024-06-10 18:54:45+00:00,LEC,2024,Summer,0,1,14.11,Team Heretics,MAD Lions KOI,1503.093679301741,1462.308027584873,40.78565171686819,0.4,0.3,0.10000000000000003,0.5,0.5,0
11146-11146_game_1,2024-06-11 09:17:04+00:00,LPL,2024,Summer Placements,0,1,14.1,Invictus Gaming,Anyone's Legend,1467.1001785675476,1499.4245675611119,-32.3243889935643,0.4,0.5,-0.09999999999999998,1.0,0.232752464228834,0
11146-11146_game_2,2024-06-11 10:05:34+00:00,LPL,2024,Summer Placements,0,2,14.1,Anyone's Legend,Invictus Gaming,1513.9418087239162,1452.5200707512386,61.42173797267765,0.6,0.4,0.19999999999999996,0.3333333333333333,0.767247535771166,1
11147-11147_game_1,2024-06-11 11:19:02+00:00,LPL,2024,Summer Placements,0,1,14.1,Ninjas in Pyjamas,Ultra Prime,1532.7836676074555,1422.0140104142026,110.7696571932529,0.4,0.4,0.0,0.6666666666666666,,1
11147-11147_game_2,2024-06-11 12:15:47+00:00,LPL,2024,Summer Placements,0,2,14.1,Ultra Prime,Ninjas in Pyjamas,1410.8343602174962,1543.8486243363902,-133.01426411889406,0.4,0.5,-0.09999999999999998,0.25,,0
LOLTMNT01_120250,2024-06-12 08:11:51+00:00,LCK,2024,Summer,0,1,14.11,Dplus Kia,Hanwha Life Esports,1509.5047662619997,1654.9282601908958,-145.42349392889605,0.4,0.4,0.0,0.0,0.34657315058464,1
LOLTMNT01_119339,2024-06-12 08:59:47+00:00,LCK,2024,Summer,0,2,14.11,Hanwha Life Esports,Dplus Kia,1632.5967611089484,1531.8362653439474,100.760495765001,0.3,0.4,-0.10000000000000003,0.8,0.65342684941536,1
11148-11148_game_1,2024-06-12 09:16:57+00:00,LPL,2024,Summer Placements,0,1,14.1,LNG Esports,Rare Atom,1555.7428573434163,1416.9844515397544,138.75840580366184,0.5,0.3,0.2,0.42857142857142855,0.7361969138744575,1
LOLTMNT01_119358,2024-06-12 09:53:53+00:00,LCK,2024,Summer,0,3,14.11,Dplus Kia,Hanwha Life Esports,1520.350599348381,1644.0824271045149,-123.73182775613395,0.3,0.3,0.0,0.16666666666666666,0.34657315058464,1
11148-11148_game_2,2024-06-12 10:10:55+00:00,LPL,2024,Summer Placements,0,2,14.1,Rare Atom,LNG Esports,1406.9448151614938,1565.6724836712249,-158.72766850973107,0.3,0.5,-0.2,0.5,0.2638030861255425,1
11148-11148_game_3,2024-06-12 11:01:13+00:00,LPL,2024,Summer Placements,0,3,14.1,LNG Esports,Rare Atom,1542.8325050857015,1429.6722850017256,113.1602200839759,0.5,0.4,0.09999999999999998,0.4444444444444444,0.7361969138744575,0
11149-11149_game_1,2024-06-12 11:16:02+00:00,LPL,2024,Summer Placements,0,1,14.1,Top Esports,Oh My God,1739.9886278534566,1439.5072125259017,300.48141532755494,0.6,0.3,0.3,1.0,0.8250868856820781,1
LOLTMNT01_119446,2024-06-12 11:53:00+00:00,LCK,2024,Summer,0,1,14.11,Nongshim RedForce,BNK FEARX,1419.4058678814429,1455.319820548032,-35.91395266658924,0.4,0.7,-0.29999999999999993,0.5,0.4346932921405816,0
11149-11149_game_2,2024-06-12 12:08:41+00:00,LPL,2024,Summer Placements,0,2,14.1,Oh My God,Top Esports,1434.6861099588302,1744.808617256274,-310.1225072974437,0.2,0.6,-0.39999999999999997,0.0,0.1749131143179219,0
LOLTMNT01_119481,2024-06-12 12:51:01+00:00,LCK,2024,Summer,0,2,14.11,BNK FEARX,Nongshim RedForce,1469.6740932790094,1405.0403102509388,64.63378302807064,0.7,0.4,0.29999999999999993,0.5714285714285714,0.5653067078594183,0
LOLTMNT01_120436,2024-06-12 13:46:01+00:00,LCK,2024,Summer,0,3,14.11,Nongshim RedForce,BNK FEARX,1423.9532035774405,1450.7348707492747,-26.781667171834215,0.5,0.6,-0.09999999999999998,0.5,0.4346932921405816,0
LOLTMNT01_122073,2024-06-13 08:10:32+00:00,LCK,2024,Summer,0,1,14.11,KT Rolster,DN SOOPers,1560.277429647956,1426.4392303885338,133.83819925942225,0.5,0.3,0.2,0.6,0.7149221018500238,0
LOLTMNT01_121156,2024-06-13 09:06:21+00:00,LCK,2024,Summer,0,2,14.11,KT Rolster,DN SOOPers,1538.5887727394716,1448.2637636955246,90.32500904394692,0.4,0.3,0.10000000000000003,0.5,0.7149221018500238,0
11150-11150_game_1,2024-06-13 09:16:51+00:00,LPL,2024,Summer Placements,0,1,14.1,Anyone's Legend,Weibo Gaming,1527.1451050299188,1469.595658033476,57.54944699644284,0.7,0.4,0.29999999999999993,0.6666666666666666,0.5970210220230041,0
11150-11150_game_2,2024-06-13 10:13:55+00:00,LPL,2024,Summer Placements,0,2,14.1,Weibo Gaming,Anyone's Legend,1488.205344264851,1508.52120526522,-20.31586100036907,0.5,0.7,-0.19999999999999996,0.5,0.4029789779769959,1
LOLTMNT01_121204,2024-06-13 10:50:53+00:00,LCK,2024,Summer,0,1,14.11,HANJIN BRION,DRX,1399.8836301833162,1383.8272402643595,16.05638991895671,0.1,0.2,-0.1,0.5,0.4400994294121558,1
11151-11151_game_1,2024-06-13 11:18:27+00:00,LPL,2024,Summer Placements,0,1,14.1,Team WE,Bilibili Gaming,1541.5013188577018,1792.2399586807082,-250.73863982300645,0.7,0.6,0.09999999999999998,0.0,0.2501146491434448,1
LOLTMNT01_121238,2024-06-13 11:43:40+00:00,LCK,2024,Summer,0,2,14.11,DRX,HANJIN BRION,1400.4218699525456,1415.1932092240545,-14.77133927150885,0.1,0.2,-0.1,0.42857142857142855,0.5599005705878441,1
11151-11151_game_2,2024-06-13 12:15:54+00:00,LPL,2024,Summer Placements,0,2,14.1,Bilibili Gaming,Team WE,1766.3527392413544,1567.3839071865034,198.96883205485096,0.6,0.7,-0.09999999999999998,0.6666666666666666,0.7498853508565553,1
LOLTMNT01_122184,2024-06-13 12:35:30+00:00,LCK,2024,Summer,0,3,14.11,HANJIN BRION,DRX,1373.2637402830273,1417.103682604552,-43.83994232152463,0.2,0.2,0.0,0.5,0.4400994294121558,0
11151-11151_game_3,2024-06-13 13:06:40+00:00,LPL,2024,Summer Placements,0,3,14.1,Team WE,Bilibili Gaming,1559.6567348575377,1774.0755625546851,-214.41882769714744,0.6,0.6,0.0,0.25,0.2501146491434448,0
LOLTMNT01_123488,2024-06-14 08:10:57+00:00,LCK,2024,Summer,0,1,14.11,Gen.G,BNK FEARX,1854.147851128992,1465.505457095888,388.642394033104,0.7,0.7,0.0,1.0,0.8371925038358898,1
LOLTMNT01_125494,2024-06-14 09:01:54+00:00,LCK,2024,Summer,0,2,14.11,BNK FEARX,Gen.G,1462.4145397492923,1857.234533503611,-394.8199937543186,0.6,0.8,-0.20000000000000007,0.0,0.1628074961641101,0
11152-11152_game_1,2024-06-14 09:16:25+00:00,LPL,2024,Summer Placements,0,1,14.1,Royal Never Give Up,LGD Gaming,1441.0985737112633,1441.246707224803,-0.14813351353973303,0.2,0.5,-0.3,0.0,0.4827217890961945,0
11152-11152_game_2,2024-06-14 10:15:04+00:00,LPL,2024,Summer Placements,0,2,14.1,LGD Gaming,Royal Never Give Up,1457.2398902050447,1405.5804152285543,51.6594749764904,0.6,0.2,0.39999999999999997,1.0,0.5172782109038054,0
LOLTMNT01_123547,2024-06-14 10:51:23+00:00,LCK,2024,Summer,0,1,14.11,T1,Nongshim RedForce,1782.546598693853,1409.1770704407036,373.3695282531494,0.6,0.5,0.09999999999999998,0.8,0.8371925038358902,1
11152-11152_game_3,2024-06-14 11:06:22+00:00,LPL,2024,Summer Placements,0,3,14.1,Royal Never Give Up,LGD Gaming,1423.9128895213466,1438.8784045701866,-14.965515048839961,0.3,0.5,-0.2,0.25,0.4827217890961945,0
11153-11153_game_1,2024-06-14 11:16:37+00:00,LPL,2024,Summer Placements,0,1,14.1,Invictus Gaming,Ninjas in Pyjamas,1439.2224489360428,1554.005802704062,-114.7833537680192,0.3,0.6,-0.3,0.0,,0
LOLTMNT01_125566,2024-06-14 11:50:20+00:00,LCK,2024,Summer,0,2,14.11,T1,Nongshim RedForce,1785.887336027146,1444.191428250328,341.6959077768179,0.7,0.4,0.29999999999999993,0.8333333333333334,0.8371925038358902,1
11153-11153_game_2,2024-06-14 12:08:56+00:00,LPL,2024,Summer Placements,0,2,14.1,Ninjas in Pyjamas,Invictus Gaming,1564.9041076909682,1428.1830504477014,136.72105724326684,0.6,0.2,0.39999999999999997,1.0,,0
11153-11153_game_3,2024-06-14 13:07:22+00:00,LPL,2024,Summer Placements,0,3,14.1,Ninjas in Pyjamas,Invictus Gaming,1542.913925683479,1450.0287300286059,92.88519565487309,0.5,0.3,0.2,0.75,,0
LOLTMNT01_126054,2024-06-15 06:07:40+00:00,LCK,2024,Summer,0,1,14.11,HANJIN BRION,DN SOOPers,1380.98361890988,1468.2998817786463,-87.31626286876622,0.2,0.4,-0.2,0.6666666666666667,0.3104984548904417,0
LOLTMNT01_127037,2024-06-15 06:59:05+00:00,LCK,2024,Summer,0,2,14.11,HANJIN BRION,DN SOOPers,1344.1931887265303,1480.401127918553,-136.20793919202265,0.1,0.5,-0.4,0.5714285714285714,0.3104984548904417,1
LOLTMNT01_126081,2024-06-15 07:49:05+00:00,LCK,2024,Summer,0,3,14.11,HANJIN BRION,DN SOOPers,1366.0842891385903,1458.4782981807728,-92.39400904218246,0.2,0.4,-0.2,0.625,0.3104984548904417,0
11154-11154_game_1,2024-06-15 09:16:17+00:00,LPL,2024,Summer Placements,0,1,14.1,EDward Gaming,ThunderTalk Gaming,1503.9031922135432,1447.671715981563,56.231476231980196,0.4,0.2,0.2,0.0,0.5724674194687841,1
LOLTMNT01_127114,2024-06-15 09:34:04+00:00,LCK,2024,Summer,0,1,14.11,KT Rolster,Dplus Kia,1518.6651965469425,1541.8193938139316,-23.15419726698906,0.4,0.4,0.0,0.4545454545454546,0.4029789779769958,0
11154-11154_game_2,2024-06-15 10:10:05+00:00,LPL,2024,Summer Placements,0,2,14.1,ThunderTalk Gaming,EDward Gaming,1434.237891275789,1517.7968113779036,-83.5589201021146,0.2,0.5,-0.3,0.6666666666666667,0.4275325805312159,0
LOLTMNT01_127122,2024-06-15 10:24:43+00:00,LCK,2024,Summer,0,2,14.11,KT Rolster,Dplus Kia,1491.6063184836362,1556.7546793995175,-65.14836091588131,0.4,0.4,0.0,0.41666666666666663,0.4029789779769958,1
11155-11155_game_1,2024-06-15 11:17:33+00:00,LPL,2024,Summer Placements,0,1,14.1,FunPlus Phoenix,JD Gaming,1518.3094429612643,1625.0509080580389,-106.74146509677462,0.4,0.6,-0.19999999999999996,1.0,0.2819428176859688,0
LOLTMNT01_126176,2024-06-15 11:21:29+00:00,LCK,2024,Summer,0,3,14.11,Dplus Kia,KT Rolster,1537.7891619334296,1510.553128683212,27.236033250217588,0.4,0.4,0.0,0.5384615384615384,0.5970210220230042,1
11155-11155_game_2,2024-06-15 12:10:59+00:00,LPL,2024,Summer Placements,0,2,14.1,JD Gaming,FunPlus Phoenix,1636.304542723778,1507.0740961540446,129.23044656973343,0.7,0.3,0.39999999999999997,0.33333333333333337,0.7180571823140312,1
LOLTMNT04_52448,2024-06-15 15:07:41+00:00,LEC,2024,Summer,0,1,14.11,Team BDS,SK Gaming,1588.0336475493193,1546.8171354080282,41.216512141291105,0.5,0.6,-0.09999999999999998,1.0,,0
LOLTMNT04_52452,2024-06-15 16:02:24+00:00,LEC,2024,Summer,0,1,14.11,Fnatic,Rogue,1622.068388839084,1409.8622383613533,212.20615047773072,0.4,0.4,0.0,1.0,0.746988,1
LOLTMNT04_52459,2024-06-15 16:50:13+00:00,LEC,2024,Summer,0,1,14.11,MAD Lions KOI,Team Vitality,1480.177695792249,1494.9576260011256,-14.779930208876522,0.3,0.3,0.0,0.5,0.571802,0
LOLTMNT04_53159,2024-06-15 17:38:11+00:00,LEC,2024,Summer,0,1,14.11,Team Heretics,Karmine Corp,1485.2370519791516,1504.2441476572517,-19.007095678100086,0.4,0.3,0.10000000000000003,1.0,0.533333,1
LOLTMNT04_52471,2024-06-15 18:32:34+00:00,LEC,2024,Summer,0,1,14.11,G2 Esports,GiantX,1708.4983613087447,1445.8121540457594,262.68620726298536,0.5,0.3,0.2,1.0,0.847107,1
LOLTMNT01_127469,2024-06-16 06:07:25+00:00,LCK,2024,Summer,0,1,14.11,DRX,Hanwha Life Esports,1431.1824580987286,1622.6136326389642,-191.4311745402356,0.3,0.2,0.09999999999999998,0.0,0.1635873504489019,0
LOLTMNT01_127475,2024-06-16 06:55:55+00:00,LCK,2024,Summer,0,2,14.11,DRX,Hanwha Life Esports,1423.022795877177,1630.593524718526,-207.5707288413489,0.3,0.3,0.0,0.0,0.1635873504489019,1
LOLTMNT01_126521,2024-06-16 07:49:02+00:00,LCK,2024,Summer,0,3,14.11,Hanwha Life Esports,DRX,1606.029956951128,1447.4141011588238,158.61585579230427,0.3,0.3,0.0,0.8333333333333334,0.8364126495510981,1
11156-11156_game_1,2024-06-16 09:16:26+00:00,LPL,2024,Summer Placements,0,1,14.11,Rare Atom,LNG Esports,1450.6273812173918,1521.7982851417084,-71.17090392431669,0.4,0.5,-0.09999999999999998,0.6,0.3082026692647292,0
LOLTMNT01_126562,2024-06-16 09:23:15+00:00,LCK,2024,Summer,0,1,14.11,Gen.G,T1,1860.2234511400543,1789.8142503811807,70.40920075887357,0.8,0.7,0.10000000000000009,0.7,0.6108347071661341,1
11156-11156_game_2,2024-06-16 10:07:47+00:00,LPL,2024,Summer Placements,0,2,14.11,Rare Atom,LNG Esports,1437.8153350561838,1534.5659748259045,-96.75063976972069,0.4,0.5,-0.09999999999999998,0.5454545454545454,0.3082026692647292,0
LOLTMNT01_126571,2024-06-16 10:10:51+00:00,LCK,2024,Summer,0,2,14.11,T1,Gen.G,1777.0130385841862,1873.0246582086154,-96.01161962442916,0.6,0.9,-0.30000000000000004,0.2727272727272727,0.3891652928338659,0
11157-11157_game_1,2024-06-16 11:15:19+00:00,LPL,2024,Summer Placements,0,1,14.11,Oh My God,Top Esports,1430.0879117506072,1749.4057744232846,-319.3178626726774,0.1,0.6,-0.5,0.0,0.1859897754826414,0
11157-11157_game_2,2024-06-16 12:02:12+00:00,LPL,2024,Summer Placements,0,2,14.11,Top Esports,Oh My God,1753.7984546486864,1425.6942569537418,328.10419769494456,0.7,0.1,0.6,1.0,0.8140102245173586,1
LOLTMNT04_53179,2024-06-16 15:07:10+00:00,LEC,2024,Summer,0,1,14.11,Team Vitality,Team Heretics,1510.3020058854408,1502.1091479631152,8.19285792232563,0.4,0.5,-0.09999999999999998,1.0,,1
LOLTMNT04_52500,2024-06-16 15:57:15+00:00,LEC,2024,Summer,0,1,14.11,Rogue,G2 Esports,1402.564315837291,1714.2782449616188,-311.71392912432793,0.3,0.5,-0.2,1.0,0.220401,0
LOLTMNT04_52506,2024-06-16 16:48:30+00:00,LEC,2024,Summer,0,1,14.11,GiantX,MAD Lions KOI,1439.8521822067994,1464.8579264532657,-25.005744246466293,0.2,0.3,-0.09999999999999998,0.42857142857142855,0.345238,1
LOLTMNT04_52519,2024-06-16 17:34:41+00:00,LEC,2024,Summer,0,1,14.11,SK Gaming,Fnatic,1564.671141886773,1629.3535920164616,-64.6824501296885,0.6,0.5,0.09999999999999998,0.4,0.387255,0
LOLTMNT04_52526,2024-06-16 18:33:28+00:00,LEC,2024,Summer,0,1,14.11,Karmine Corp,Team BDS,1487.4471543634907,1570.1589911308408,-82.71183676735018,0.3,0.5,-0.2,0.5,,0
11158-11158_game_1,2024-06-17 09:18:27+00:00,LPL,2024,Summer Placements,0,1,14.11,Weibo Gaming,Ultra Prime,1505.1325864924324,1400.5554192181141,104.5771672743183,0.5,0.4,0.09999999999999998,0.6,0.7201761251301323,0
11158-11158_game_2,2024-06-17 10:05:20+00:00,LPL,2024,Summer Placements,0,2,14.11,Ultra Prime,Weibo Gaming,1421.1380749961088,1484.4747107889852,-63.33663579287645,0.5,0.5,0.0,0.5,0.2798238748698677,1
11159-11159_game_1,2024-06-17 11:17:23+00:00,LPL,2024,Summer Placements,0,1,14.11,Anyone's Legend,Ninjas in Pyjamas,1491.5874016091398,1522.7354823850883,-31.14808077594853,0.6,0.5,0.09999999999999998,0.8,0.4974159769946448,1
11159-11159_game_2,2024-06-17 12:09:27+00:00,LPL,2024,Summer Placements,0,2,14.11,Ninjas in Pyjamas,Anyone's Legend,1505.304890934754,1509.0167384712172,-3.7118475364632104,0.5,0.7,-0.19999999999999996,0.16666666666666663,0.5025840230053552,1
11159-11159_game_3,2024-06-17 12:55:36+00:00,LPL,2024,Summer Placements,0,3,14.11,Anyone's Legend,Ninjas in Pyjamas,1492.845843099507,1521.4758213276632,-28.629978228156233,0.7,0.5,0.19999999999999996,0.7142857142857143,0.4974159769946448,1
11160-11160_game_1,2024-06-18 09:16:26+00:00,LPL,2024,Summer Placements,0,1,14.11,LGD Gaming,Royal Never Give Up,1454.1896841828757,1408.5968187648682,45.59286541800748,0.5,0.2,0.3,0.8,0.5025840230053552,1
11160-11160_game_2,2024-06-18 10:14:13+00:00,LPL,2024,Summer Placements,0,2,14.11,Royal Never Give Up,LGD Gaming,1394.6630878357712,1468.102130473999,-73.43904263822787,0.1,0.5,-0.4,0.16666666666666663,0.4974159769946448,0
11161-11161_game_1,2024-06-18 11:17:52+00:00,LPL,2024,Summer Placements,0,1,14.11,Bilibili Gaming,Team WE,1781.2893468964583,1552.4388414864798,228.8505054099785,0.7,0.6,0.09999999999999998,0.8,0.749885350856555,1
11161-11161_game_2,2024-06-18 12:16:26+00:00,LPL,2024,Summer Placements,0,2,14.11,Team WE,Bilibili Gaming,1545.6747785446353,1788.0495481366565,-242.37476959202127,0.5,0.8,-0.30000000000000004,0.16666666666666663,0.2501146491434449,0
LOLTMNT02_108451,2024-06-19 08:06:05+00:00,LCK,2024,Summer,0,1,14.12,Nongshim RedForce,DN SOOPers,1403.6439069075027,1470.3557586055126,-66.71185169800992,0.3,0.4,-0.10000000000000003,0.19999999999999996,0.3191123986967462,0
LOLTMNT02_109469,2024-06-19 09:05:21+00:00,LCK,2024,Summer,0,2,14.12,Nongshim RedForce,DN SOOPers,1390.6551110195928,1483.3463053893097,-92.69119436971687,0.3,0.5,-0.2,0.16666666666666663,0.3191123986967462,0
11162-11162_game_1,2024-06-19 09:19:18+00:00,LPL,2024,Summer Placements,0,1,14.11,Ninjas in Pyjamas,Invictus Gaming,1504.1603382978424,1470.1032223392244,34.05711595861794,0.4,0.3,0.10000000000000003,0.6,,1
11162-11162_game_2,2024-06-19 10:04:07+00:00,LPL,2024,Summer Placements,0,2,14.11,Invictus Gaming,Ninjas in Pyjamas,1455.6236029396428,1518.5969543341714,-62.97335139452866,0.3,0.5,-0.2,0.3333333333333333,,0
LOLTMNT02_108532,2024-06-19 10:42:50+00:00,LCK,2024,Summer,0,1,14.12,Dplus Kia,T1,1552.5374592066553,1765.3253159244312,-212.78785671777587,0.4,0.5,-0.09999999999999998,0.0,0.4050852411104829,0
11163-11163_game_1,2024-06-19 11:17:23+00:00,LPL,2024,Summer Placements,0,1,14.11,ThunderTalk Gaming,JD Gaming,1430.819462690377,1646.6352221877678,-215.8157594973909,0.2,0.7,-0.49999999999999994,0.0,0.1984999405501686,1
LOLTMNT02_108563,2024-06-19 11:51:09+00:00,LCK,2024,Summer,0,2,14.12,Dplus Kia,T1,1545.2710800277362,1772.5917029851269,-227.3206229573907,0.4,0.5,-0.09999999999999998,0.0,0.4050852411104829,0
11163-11163_game_2,2024-06-19 12:09:46+00:00,LPL,2024,Summer Placements,0,2,14.11,JD Gaming,ThunderTalk Gaming,1621.830546405456,1455.621130084272,166.2094163211841,0.7,0.3,0.39999999999999997,0.8,0.8015000594498314,1
11163-11163_game_3,2024-06-19 12:51:44+00:00,LPL,2024,Summer Placements,0,3,14.11,ThunderTalk Gaming,JD Gaming,1446.715547017456,1630.7336259247074,-184.0180789072515,0.2,0.7,-0.49999999999999994,0.16666666666666663,0.1984999405501686,0
LOLTMNT02_110020,2024-06-20 08:06:02+00:00,LCK,2024,Summer,0,1,14.12,KT Rolster,Gen.G,1495.8005914593382,1884.712375248789,-388.91178378945074,0.3,0.9,-0.6000000000000001,0.5,0.2167493975587103,0
LOLTMNT02_110032,2024-06-20 09:01:22+00:00,LCK,2024,Summer,0,2,14.12,KT Rolster,Gen.G,1492.684625645366,1887.794735423108,-395.1101097777421,0.3,0.9,-0.6000000000000001,0.4,0.2167493975587103,0
11164-11164_game_1,2024-06-20 09:16:00+00:00,LPL,2024,Summer Placements,0,1,14.11,EDward Gaming,FunPlus Phoenix,1530.5253161624848,1496.763254684299,33.76206147818584,0.6,0.3,0.3,0.6,0.5530962527946586,0
11164-11164_game_2,2024-06-20 10:19:36+00:00,LPL,2024,Summer Placements,0,2,14.11,FunPlus Phoenix,EDward Gaming,1514.3126430923312,1513.294740498954,1.01790259337713,0.3,0.5,-0.2,0.5,0.4469037472053414,0
LOLTMNT02_111045,2024-06-20 10:36:18+00:00,LCK,2024,Summer,0,1,14.12,DRX,BNK FEARX,1438.1084407441315,1459.421612677003,-21.313171932871455,0.3,0.5,-0.2,0.19999999999999996,0.4322452776444954,1
11164-11164_game_3,2024-06-20 11:11:54+00:00,LPL,2024,Summer Placements,0,3,14.11,EDward Gaming,FunPlus Phoenix,1529.5116428570782,1498.265835218304,31.245807638774295,0.5,0.3,0.2,0.5714285714285714,0.5530962527946586,0
LOLTMNT02_110137,2024-06-20 11:31:03+00:00,LCK,2024,Summer,0,2,14.12,BNK FEARX,DRX,1442.442377475389,1455.0793211284767,-12.636943653087656,0.4,0.4,0.0,0.6666666666666666,0.5677547223555046,0
11165-11165_game_1,2024-06-20 12:27:45+00:00,LPL,2024,Summer Placements,0,1,14.11,Oh My God,Rare Atom,1421.488846614689,1426.101237540189,-4.612390925499994,0.1,0.4,-0.30000000000000004,0.6,0.4819741905029074,0
11165-11165_game_2,2024-06-20 13:24:13+00:00,LPL,2024,Summer Placements,0,2,14.11,Rare Atom,Oh My God,1441.9022799512124,1405.7012010779863,36.20107887322615,0.5,0.1,0.4,0.5,0.5180258094970925,1
LOLTMNT02_110673,2024-06-21 08:05:19+00:00,LCK,2024,Summer,0,1,14.12,HANJIN BRION,Hanwha Life Esports,1362.6213522570258,1615.193886393996,-252.57253413697026,0.2,0.4,-0.2,0.0,0.1976048398889646,0
LOLTMNT02_111598,2024-06-21 08:52:06+00:00,LCK,2024,Summer,0,2,14.12,HANJIN BRION,Hanwha Life Esports,1356.3987820067039,1621.2546331062472,-264.8558510995433,0.2,0.4,-0.2,0.0,0.1976048398889646,0
11166-11166_game_1,2024-06-21 09:18:09+00:00,LPL,2024,Summer Placements,0,1,14.11,Ultra Prime,Anyone's Legend,1439.970097443187,1510.1603687252677,-70.19027128208086,0.5,0.7,-0.19999999999999996,0.19999999999999996,0.3104984548904416,1
11166-11166_game_2,2024-06-21 10:15:38+00:00,LPL,2024,Summer Placements,0,2,14.11,Anyone's Legend,Ultra Prime,1490.9730767867757,1459.1052818398537,31.867794946922004,0.6,0.5,0.09999999999999998,0.6666666666666666,0.6895015451095583,1
LOLTMNT02_110747,2024-06-21 10:36:50+00:00,LCK,2024,Summer,0,1,14.12,T1,DN SOOPers,1779.3989890141002,1495.205339157707,284.1936498563932,0.6,0.6,0.0,1.0,0.7410608306552791,0
11167-11167_game_1,2024-06-21 11:17:01+00:00,LPL,2024,Summer Placements,0,1,14.11,Ninjas in Pyjamas,Weibo Gaming,1531.7282699811067,1465.5995870589782,66.12868292212852,0.6,0.5,0.09999999999999998,0.4,0.5470266664247917,1
11166-11166_game_3,2024-06-21 11:19:53+00:00,LPL,2024,Summer Placements,0,3,14.11,Ultra Prime,Anyone's Legend,1444.5482124203945,1505.5103673524761,-60.9621549320816,0.5,0.6,-0.09999999999999998,0.2857142857142857,0.3104984548904416,0
LOLTMNT02_111684,2024-06-21 11:36:00+00:00,LCK,2024,Summer,0,2,14.12,T1,DN SOOPers,1752.6155358082483,1521.9516904846814,230.66384532356687,0.5,0.7,-0.19999999999999996,0.8,0.7410608306552791,1
11167-11167_game_2,2024-06-21 12:06:59+00:00,LPL,2024,Summer Placements,0,2,14.11,Weibo Gaming,Ninjas in Pyjamas,1452.5961662719917,1544.7191807906722,-92.12301451868052,0.4,0.6,-0.19999999999999996,0.5,0.4529733335752083,0
LOLTMNT02_110815,2024-06-21 12:37:20+00:00,LCK,2024,Summer,0,3,14.12,DN SOOPers,T1,1515.211033532496,1759.3202530528338,-244.10921952033777,0.7,0.6,0.09999999999999998,0.16666666666666666,0.2589391693447209,0
LOLTMNT02_112272,2024-06-22 06:08:15+00:00,LCK,2024,Summer,0,1,14.12,Nongshim RedForce,DRX,1383.062191927272,1470.5231674966042,-87.46097556933228,0.3,0.5,-0.2,0.6,0.4283114326409811,1
LOLTMNT02_113368,2024-06-22 06:58:21+00:00,LCK,2024,Summer,0,2,14.12,DRX,Nongshim RedForce,1450.6623837711857,1402.9667010757605,47.69568269542515,0.5,0.4,0.09999999999999998,0.3333333333333333,0.5716885673590189,1
LOLTMNT02_112296,2024-06-22 07:47:44+00:00,LCK,2024,Summer,0,3,14.12,Nongshim RedForce,DRX,1389.1322524802035,1464.5287567790685,-75.39650429886501,0.3,0.6,-0.3,0.5714285714285714,0.4283114326409811,1
11168-11168_game_1,2024-06-22 09:18:43+00:00,LPL,2024,Summer Placements,0,1,14.11,Team WE,LGD Gaming,1539.316745093508,1480.7697694741878,58.546975619320165,0.5,0.5,0.0,0.8,,0
LOLTMNT02_113473,2024-06-22 09:23:20+00:00,LCK,2024,Summer,0,1,14.12,BNK FEARX,Dplus Kia,1427.0237926243124,1538.4638014116592,-111.44000878734687,0.4,0.4,0.0,0.2,0.262754776462597,0
11168-11168_game_2,2024-06-22 10:25:20+00:00,LPL,2024,Summer Placements,0,2,14.11,LGD Gaming,Team WE,1499.4406168279597,1520.647203466996,-21.20658663903623,0.5,0.5,0.0,0.3333333333333333,,1
LOLTMNT02_112437,2024-06-22 10:30:57+00:00,LCK,2024,Summer,0,2,14.12,BNK FEARX,Dplus Kia,1415.983640702545,1549.500840865097,-133.51720016255194,0.4,0.5,-0.09999999999999998,0.16666666666666666,0.262754776462597,0
11169-11169_game_1,2024-06-22 11:15:35+00:00,LPL,2024,Summer Placements,0,1,14.11,Bilibili Gaming,Royal Never Give Up,1794.4039644438774,1408.4592985657341,385.94466587814327,0.8,0.1,0.7000000000000001,1.0,0.8259083526149442,1
11169-11169_game_2,2024-06-22 12:11:16+00:00,LPL,2024,Summer Placements,0,2,14.11,Bilibili Gaming,Royal Never Give Up,1797.5342296221322,1405.04340504956,392.49082457257214,0.9,0.1,0.8,1.0,0.8259083526149442,1
LOLTMNT05_52424,2024-06-22 15:05:57+00:00,LEC,2024,Summer,0,1,14.12,Team BDS,Rogue,1582.4632649935238,1397.9920201426994,184.4712448508244,0.6,0.3,0.3,1.0,,1
LOLTMNT05_52438,2024-06-22 15:55:46+00:00,LEC,2024,Summer,0,1,14.12,Team Heretics,SK Gaming,1486.4865299808012,1551.5462368426067,-65.05970686180558,0.5,0.5,0.0,0.625,0.364896,0
LOLTMNT05_52456,2024-06-22 16:40:01+00:00,LEC,2024,Summer,0,1,14.12,Team Vitality,GiantX,1525.9426711910403,1456.9805840531976,68.96208713784267,0.4,0.2,0.2,0.0,0.614251,0
LOLTMNT05_52466,2024-06-22 17:37:36+00:00,LEC,2024,Summer,0,1,14.12,G2 Esports,Karmine Corp,1718.8394555493371,1475.0520218733905,243.78743367594666,0.5,0.3,0.2,1.0,0.754717,1
LOLTMNT05_51676,2024-06-22 18:27:30+00:00,LEC,2024,Summer,0,1,14.12,MAD Lions KOI,Fnatic,1447.7083536239472,1642.408798602252,-194.70044497830486,0.3,0.6,-0.3,0.5555555555555556,0.350348,0
LOLTMNT02_115076,2024-06-23 06:05:32+00:00,LCK,2024,Summer,0,1,14.12,Gen.G,HANJIN BRION,1890.7791307486755,1350.5262198653604,540.252910883315,0.9,0.2,0.7,1.0,0.8639745957718684,1
LOLTMNT02_114102,2024-06-23 06:51:12+00:00,LCK,2024,Summer,0,2,14.12,Gen.G,HANJIN BRION,1892.14549432518,1349.097367739802,543.048126585378,0.9,0.2,0.7,1.0,0.8639745957718684,1
LOLTMNT02_115135,2024-06-23 08:36:33+00:00,LCK,2024,Summer,0,1,14.12,Hanwha Life Esports,KT Rolster,1626.97560345846,1489.6684786832836,137.30712477517636,0.5,0.2,0.3,0.8,0.6168034039303588,1
11170-11170_game_1,2024-06-23 09:17:00+00:00,LPL,2024,Summer Placements,0,1,14.11,Anyone's Legend,Invictus Gaming,1518.7327461200343,1442.427966115777,76.30478000425728,0.6,0.3,0.3,0.5,0.749885350856555,1
LOLTMNT02_115161,2024-06-23 09:23:33+00:00,LCK,2024,Summer,0,2,14.12,KT Rolster,Hanwha Life Esports,1479.650106235114,1636.9622296865286,-157.31212345141466,0.1,0.6,-0.5,0.16666666666666663,0.3831965960696412,0
11170-11170_game_2,2024-06-23 10:08:15+00:00,LPL,2024,Summer Placements,0,2,14.11,Invictus Gaming,Anyone's Legend,1429.8180307452044,1531.2757077259985,-101.45767698079408,0.3,0.6,-0.3,0.4,0.2501146491434449,0
11171-11171_game_1,2024-06-23 11:17:09+00:00,LPL,2024,Summer Placements,0,1,14.11,Top Esports,LNG Esports,1758.00295161892,1546.2223182670095,211.7806333519104,0.8,0.5,0.30000000000000004,1.0,0.674380173157321,0
11171-11171_game_2,2024-06-23 12:25:58+00:00,LPL,2024,Summer Placements,0,2,14.11,LNG Esports,Top Esports,1570.923089625249,1733.3019462823872,-162.37885665713816,0.6,0.8,-0.20000000000000007,0.2,0.325619826842679,0
11171-11171_game_3,2024-06-23 13:16:08+00:00,LPL,2024,Summer Placements,0,3,14.11,Top Esports,LNG Esports,1742.324875052685,1561.899959411568,180.42491564111697,0.9,0.5,0.4,0.8333333333333334,0.674380173157321,1
LOLTMNT05_53011,2024-06-23 15:08:04+00:00,LEC,2024,Summer,0,1,14.12,Rogue,Team Heretics,1389.7588599310648,1473.437131486071,-83.67827155500618,0.3,0.4,-0.10000000000000003,0.0,,1
LOLTMNT05_54025,2024-06-23 16:04:43+00:00,LEC,2024,Summer,0,1,14.12,GiantX,Team BDS,1476.0473923740803,1590.7687339476615,-114.72134157358119,0.3,0.6,-0.3,0.0,,0
LOLTMNT05_54039,2024-06-23 16:55:42+00:00,LEC,2024,Summer,0,1,14.12,Fnatic,G2 Esports,1650.276496026856,1725.1525607088192,-74.87606468196327,0.7,0.5,0.19999999999999996,0.2727272727272727,0.376559,0
LOLTMNT05_54047,2024-06-23 17:48:00+00:00,LEC,2024,Summer,0,1,14.12,SK Gaming,MAD Lions KOI,1564.6984902651554,1439.8406561993434,124.85783406581209,0.6,0.3,0.3,0.5,0.603581,1
LOLTMNT05_53062,2024-06-23 18:37:23+00:00,LEC,2024,Summer,0,1,14.12,Karmine Corp,Team Vitality,1468.477106865591,1506.8547393974586,-38.377632531867675,0.2,0.3,-0.09999999999999998,0.0,0.432642,1
11172-11172_game_1,2024-06-24 09:17:01+00:00,LPL,2024,Summer Placements,0,1,14.11,ThunderTalk Gaming,EDward Gaming,1438.453166923014,1512.3326621151634,-73.87949519214953,0.2,0.5,-0.3,0.5,0.3923457993453779,1
11172-11172_game_2,2024-06-24 10:14:51+00:00,LPL,2024,Summer Placements,0,2,14.11,EDward Gaming,ThunderTalk Gaming,1493.321267737905,1457.7943468172034,35.526920920701514,0.5,0.2,0.3,0.4,0.6076542006546222,0
11173-11173_game_1,2024-06-24 11:17:49+00:00,LPL,2024,Summer Placements,0,1,14.11,JD Gaming,FunPlus Phoenix,1644.2331558055266,1515.700478297432,128.5326775080946,0.8,0.4,0.4,0.5,0.749885350856555,1
11173-11173_game_2,2024-06-24 12:09:39+00:00,LPL,2024,Summer Placements,0,2,14.11,FunPlus Phoenix,JD Gaming,1505.3621765418911,1654.5740349111486,-149.21185836925747,0.4,0.9,-0.5,0.4,0.2501146491434449,0
11174-11174_game_1,2024-06-25 09:18:40+00:00,LPL,2024,Summer Placements,0,1,14.11,Invictus Gaming,Ultra Prime,1427.501798227094,1431.2878925868913,-3.786094359797289,0.2,0.5,-0.3,0.6,,1
11174-11174_game_2,2024-06-25 10:10:09+00:00,LPL,2024,Summer Placements,0,2,14.11,Ultra Prime,Invictus Gaming,1415.1200053106033,1443.669409568131,-28.549404257527613,0.4,0.3,0.10000000000000003,0.33333333333333337,,0
11175-11175_game_1,2024-06-25 11:34:11+00:00,LPL,2024,Summer Placements,0,1,14.11,Weibo Gaming,Anyone's Legend,1457.7175608206057,1542.7335902017705,-85.0160293811648,0.4,0.6,-0.19999999999999996,0.6,0.3424792999325075,0
11175-11175_game_2,2024-06-25 12:26:55+00:00,LPL,2024,Summer Placements,0,2,14.11,Anyone's Legend,Weibo Gaming,1554.8961554513648,1445.5063759229756,109.38977952838923,0.7,0.3,0.39999999999999997,0.5,0.6575207000674925,1
LOLTMNT02_122032,2024-06-26 08:05:03+00:00,LCK,2024,Summer,0,1,14.12,T1,DRX,1765.6239826613005,1445.1731024945561,320.45088016674435,0.6,0.6,0.0,1.0,0.8259083526149442,1
LOLTMNT02_122043,2024-06-26 09:00:14+00:00,LCK,2024,Summer,0,2,14.12,T1,DRX,1769.992009509002,1409.0554976515846,360.9365118574174,0.7,0.5,0.19999999999999996,1.0,0.8259083526149442,1
11176-11176_game_1,2024-06-26 09:16:19+00:00,LPL,2024,Summer Placements,0,1,14.11,Top Esports,Rare Atom,1750.6902644599918,1456.2724052414387,294.4178592185531,0.9,0.6,0.30000000000000004,1.0,0.8259083526149441,1
11176-11176_game_2,2024-06-26 10:10:33+00:00,LPL,2024,Summer Placements,0,2,14.11,Rare Atom,Top Esports,1451.2317565394908,1755.65490201521,-304.42314547571914,0.6,0.9,-0.30000000000000004,0.0,0.1740916473850559,0
LOLTMNT02_121098,2024-06-26 10:36:36+00:00,LCK,2024,Summer,0,1,14.12,Gen.G,Hanwha Life Esports,1893.4909652946258,1646.1753168876742,247.3156484069516,0.9,0.7,0.20000000000000007,0.875,0.7024549697168018,1
11177-11177_game_1,2024-06-26 11:17:24+00:00,LPL,2024,Summer Placements,0,1,14.11,LNG Esports,Oh My God,1553.534375034061,1407.388581684046,146.14579335001508,0.4,0.1,0.30000000000000004,1.0,0.7498853508565553,1
LOLTMNT02_121147,2024-06-26 11:31:30+00:00,LCK,2024,Summer,0,2,14.12,Hanwha Life Esports,Gen.G,1639.9645030013023,1899.7017791809972,-259.73727617969485,0.7,1.0,-0.30000000000000004,0.11111111111111116,0.2975450302831982,0
11177-11177_game_2,2024-06-26 12:10:55+00:00,LPL,2024,Summer Placements,0,2,14.11,Oh My God,LNG Esports,1397.7090211489208,1563.1750102809797,-165.4659891320589,0.1,0.5,-0.4,0.0,0.2501146491434448,1
11177-11177_game_3,2024-06-26 13:01:40+00:00,LPL,2024,Summer Placements,0,3,14.11,LNG Esports,Oh My God,1540.0834151916465,1420.7616549448853,119.32176024676119,0.5,0.1,0.4,0.8333333333333334,0.7498853508565553,1
LOLTMNT02_121685,2024-06-27 08:08:58+00:00,LCK,2024,Summer,0,1,14.12,Nongshim RedForce,Dplus Kia,1408.5219103676632,1559.637957405789,-151.11604703812577,0.3,0.6,-0.3,0.0,0.1984999405501687,0
LOLTMNT02_122697,2024-06-27 08:58:13+00:00,LCK,2024,Summer,0,2,14.12,Dplus Kia,Nongshim RedForce,1569.0868016019363,1399.0217452665922,170.06505633534402,0.6,0.3,0.3,1.0,0.8015000594498313,1
11178-11178_game_1,2024-06-27 09:17:59+00:00,LPL,2024,Summer Placements,0,1,14.11,Royal Never Give Up,Team WE,1401.749475116367,1501.867749851194,-100.11827473482708,0.1,0.4,-0.30000000000000004,0.0,0.262754776462597,1
11178-11178_game_2,2024-06-27 10:20:40+00:00,LPL,2024,Summer Placements,0,2,14.11,Team WE,Royal Never Give Up,1481.3838489517934,1422.090477845719,59.293371106074346,0.3,0.2,0.09999999999999998,0.8,0.737245223537403,1
LOLTMNT02_122734,2024-06-27 10:36:09+00:00,LCK,2024,Summer,0,1,14.12,KT Rolster,HANJIN BRION,1470.4048320267466,1347.6913783450425,122.7134536817041,0.1,0.2,-0.1,1.0,0.7351546945186836,1
11178-11178_game_3,2024-06-27 11:13:59+00:00,LPL,2024,Summer Placements,0,3,14.11,Team WE,Royal Never Give Up,1494.6813333856485,1408.7367405661118,85.94459281953664,0.3,0.2,0.09999999999999998,0.8333333333333334,0.737245223537403,0
11179-11179_game_1,2024-06-27 11:14:56+00:00,LPL,2024,Summer Placements,0,1,14.11,LGD Gaming,Bilibili Gaming,1516.4159700443117,1800.5596774668527,-284.14370742254096,0.6,0.9,-0.30000000000000004,0.0,0.1984999405501686,1
LOLTMNT02_121766,2024-06-27 11:27:13+00:00,LCK,2024,Summer,0,2,14.12,HANJIN BRION,KT Rolster,1377.817841559006,1481.0062088887976,-103.18836732979162,0.1,0.2,-0.1,0.0,0.2648453054813163,1
11179-11179_game_2,2024-06-27 12:10:23+00:00,LPL,2024,Summer Placements,0,2,14.11,Bilibili Gaming,LGD Gaming,1773.7774729608968,1543.1979699287485,230.5795030321483,0.8,0.7,0.10000000000000009,0.8,0.8015000594498314,1
LOLTMNT02_121789,2024-06-27 12:26:17+00:00,LCK,2024,Summer,0,3,14.12,KT Rolster,HANJIN BRION,1460.4130049981948,1398.2512613623892,62.16174363580558,0.2,0.2,0.0,0.8333333333333334,0.7351546945186836,1
11179-11179_game_3,2024-06-27 12:58:15+00:00,LPL,2024,Summer Placements,0,3,14.11,LGD Gaming,Bilibili Gaming,1536.4904826673483,1780.48475713596,-243.99427446861182,0.7,0.8,-0.10000000000000009,0.16666666666666663,0.1984999405501686,1
LOLTMNT02_123240,2024-06-28 08:06:59+00:00,LCK,2024,Summer,0,1,14.12,BNK FEARX,DN SOOPers,1405.8432592399636,1508.8735754450106,-103.03031620504703,0.3,0.7,-0.39999999999999997,0.5,0.3419906503234501,0
LOLTMNT02_124259,2024-06-28 09:00:30+00:00,LCK,2024,Summer,0,2,14.12,DN SOOPers,BNK FEARX,1520.2868338971352,1394.4511473469342,125.83568655020099,0.7,0.2,0.49999999999999994,0.5714285714285714,0.6580093496765499,1
11180-11180_game_1,2024-06-28 09:15:58+00:00,LPL,2024,Summer Placements,0,1,14.11,FunPlus Phoenix,ThunderTalk Gaming,1495.838738685028,1475.4206846419597,20.418054043068196,0.3,0.3,0.0,0.6666666666666666,0.5970210220230042,1
11180-11180_game_2,2024-06-28 10:10:25+00:00,LPL,2024,Summer Placements,0,2,14.11,ThunderTalk Gaming,FunPlus Phoenix,1460.3583308463797,1510.8997958852706,-50.54146503889092,0.3,0.3,0.0,0.2857142857142857,0.4029789779769958,0
LOLTMNT02_124329,2024-06-28 10:53:41+00:00,LCK,2024,Summer,0,1,14.12,Gen.G,DRX,1905.5624931983598,1405.4420387032776,500.1204544950822,1.0,0.4,0.6,1.0,0.8639745957718684,1
11181-11181_game_1,2024-06-28 11:17:36+00:00,LPL,2024,Summer Placements,0,1,14.11,JD Gaming,EDward Gaming,1654.5733779209543,1475.9146911022858,178.65868681866846,0.9,0.5,0.4,1.0,0.7488603956330357,1
LOLTMNT02_124348,2024-06-28 11:36:14+00:00,LCK,2024,Summer,0,2,14.12,DRX,Gen.G,1403.7096759546994,1907.2650620025574,-503.55538604785806,0.4,1.0,-0.6,0.0,0.1360254042281315,0
11181-11181_game_2,2024-06-28 12:12:32+00:00,LPL,2024,Summer Placements,0,2,14.11,EDward Gaming,JD Gaming,1467.1544432191474,1663.0391766201192,-195.88473340097175,0.5,0.9,-0.4,0.0,0.2511396043669642,0
LOLTMNT02_127393,2024-06-29 06:07:20+00:00,LCK,2024,Summer,0,1,14.12,T1,KT Rolster,1773.553021775119,1473.5958087082358,299.95721306688324,0.7,0.3,0.39999999999999997,0.8,0.7439952467247326,1
LOLTMNT02_127404,2024-06-29 07:41:49+00:00,LCK,2024,Summer,0,2,14.12,KT Rolster,T1,1468.737924272189,1778.3853830284884,-309.64745875629933,0.3,0.7,-0.39999999999999997,0.16666666666666666,0.2560047532752674,1
LOLTMNT02_129445,2024-06-29 08:34:37+00:00,LCK,2024,Summer,0,3,14.12,T1,KT Rolster,1750.993320754451,1496.1061551863222,254.8871655681287,0.7,0.3,0.39999999999999997,0.7142857142857143,0.7439952467247326,0
11182-11182_game_1,2024-06-29 09:18:51+00:00,LPL,2024,Summer Placements,0,1,14.11,Ultra Prime,Ninjas in Pyjamas,1400.4177216391838,1556.57346209815,-156.1557404589662,0.4,0.6,-0.19999999999999996,0.19999999999999996,,0
LOLTMNT02_127490,2024-06-29 10:02:59+00:00,LCK,2024,Summer,0,1,14.12,Hanwha Life Esports,Nongshim RedForce,1634.1037889839401,1412.7235276455642,221.38026133837593,0.6,0.2,0.39999999999999997,0.8,0.8023951601110355,1
11182-11182_game_2,2024-06-29 10:17:57+00:00,LPL,2024,Summer Placements,0,2,14.11,Ninjas in Pyjamas,Ultra Prime,1565.8302823788579,1391.0944080595168,174.73587431934106,0.6,0.3,0.3,0.8333333333333334,,1
LOLTMNT02_127527,2024-06-29 10:53:46+00:00,LCK,2024,Summer,0,2,14.12,Nongshim RedForce,Hanwha Life Esports,1405.5961665831253,1641.0961272881163,-235.49996070499105,0.2,0.7,-0.49999999999999994,0.16666666666666663,0.1976048398889645,0
11183-11183_game_1,2024-06-29 11:15:55+00:00,LPL,2024,Summer Placements,0,1,14.11,Invictus Gaming,Weibo Gaming,1458.3842684309839,1423.3738400992622,35.01042833172164,0.4,0.3,0.10000000000000003,0.3,0.3923457993453779,0
11183-11183_game_2,2024-06-29 12:02:26+00:00,LPL,2024,Summer Placements,0,2,14.11,Weibo Gaming,Invictus Gaming,1440.9730546342105,1440.8077009085189,0.16535372569160245,0.3,0.4,-0.10000000000000003,0.7272727272727273,0.6076542006546222,1
LOLTMNT05_58387,2024-06-29 15:06:48+00:00,LEC,2024,Summer,0,1,14.12,Fnatic,Team Heretics,1637.672256452411,1453.671784801901,184.00047165051,0.7,0.3,0.39999999999999997,0.6,0.746562,0
LOLTMNT05_57436,2024-06-29 15:55:44+00:00,LEC,2024,Summer,0,1,14.12,Rogue,GiantX,1409.5338676360197,1465.0460708249789,-55.51220318895912,0.4,0.3,0.10000000000000003,0.0,0.467532,0
LOLTMNT05_57443,2024-06-29 16:54:02+00:00,LEC,2024,Summer,0,1,14.12,G2 Esports,Team Vitality,1737.7568002832643,1489.1236605470676,248.63313973619665,0.5,0.2,0.3,0.0,0.830383,1
LOLTMNT05_57450,2024-06-29 17:36:29+00:00,LEC,2024,Summer,0,1,14.12,SK Gaming,Karmine Corp,1575.339242568619,1486.1933284566953,89.14591411192373,0.7,0.3,0.39999999999999997,0.5,0.660377,1
LOLTMNT05_58717,2024-06-29 18:28:07+00:00,LEC,2024,Summer,0,1,14.12,MAD Lions KOI,Team BDS,1429.3551963306002,1601.7231230165678,-172.36792668596763,0.2,0.6,-0.39999999999999997,0.5714285714285714,,0
LOLTMNT02_127882,2024-06-30 06:08:47+00:00,LCK,2024,Summer,0,1,14.12,HANJIN BRION,BNK FEARX,1344.942923026731,1411.6905571622779,-66.74763413554683,0.2,0.1,0.1,0.0,0.4047490846782591,0
LOLTMNT02_127890,2024-06-30 07:04:08+00:00,LCK,2024,Summer,0,2,14.12,HANJIN BRION,BNK FEARX,1331.9370975376962,1424.7450886620495,-92.8079911243533,0.2,0.2,0.0,0.0,0.4047490846782591,0
LOLTMNT02_127929,2024-06-30 08:52:23+00:00,LCK,2024,Summer,0,1,14.12,Dplus Kia,DN SOOPers,1577.8258601263315,1530.757105256424,47.06875486990748,0.7,0.7,0.0,0.0,0.6021985565588029,0
LOLTMNT02_129922,2024-06-30 10:04:17+00:00,LCK,2024,Summer,0,2,14.12,Dplus Kia,DN SOOPers,1559.671428154093,1548.9044770051457,10.766951148947328,0.6,0.7,-0.09999999999999998,0.0,0.6021985565588029,1
LOLTMNT02_129943,2024-06-30 10:53:58+00:00,LCK,2024,Summer,0,3,14.12,DN SOOPers,Dplus Kia,1533.400181352419,1575.1757503970796,-41.77556904466064,0.7,0.6,0.09999999999999998,0.8333333333333334,0.397801443441197,0
LOLTMNT05_57484,2024-06-30 15:06:55+00:00,LEC,2024,Summer,0,1,14.12,Team Vitality,SK Gaming,1482.885674959636,1587.4396024452835,-104.55392748564759,0.2,0.7,-0.49999999999999994,0.5714285714285714,0.352941,0
LOLTMNT05_59689,2024-06-30 15:58:11+00:00,LEC,2024,Summer,0,1,14.12,MAD Lions KOI,Rogue,1420.7000947140461,1396.065325584859,24.634769129187134,0.1,0.3,-0.19999999999999998,1.0,0.597403,1
LOLTMNT05_57516,2024-06-30 17:00:33+00:00,LEC,2024,Summer,0,1,14.12,Team BDS,Fnatic,1610.4465780549217,1613.911101956593,-3.4645239016713276,0.7,0.6,0.09999999999999998,0.5714285714285714,,1
LOLTMNT05_59705,2024-06-30 17:51:18+00:00,LEC,2024,Summer,0,1,14.12,Team Heretics,G2 Esports,1477.4115663902226,1743.929741045145,-266.5181746549224,0.3,0.6,-0.3,0.0,0.185714,0
LOLTMNT05_59739,2024-06-30 18:51:07+00:00,LEC,2024,Summer,0,1,14.12,GiantX,Karmine Corp,1478.569745789903,1474.0930696678847,4.476676122018262,0.3,0.3,0.0,0.5,0.5,0
LOLTMNT05_57548,2024-06-30 19:40:02+00:00,LEC,2024,Summer,0,1,14.12,MAD Lions KOI,Rogue,1435.567519026882,1381.1967109799998,54.3708080468823,0.2,0.2,0.0,1.0,0.597403,1
LOLTMNT05_57557,2024-06-30 20:32:45+00:00,LEC,2024,Summer,0,1,14.12,MAD Lions KOI,Team Vitality,1449.0838921638149,1471.5238190363325,-22.439926872517617,0.3,0.2,0.09999999999999998,0.42857142857142855,0.462366,1
11266-11266_game_1,2024-07-05 09:18:00+00:00,LPL,2024,Summer,0,1,14.13,EDward Gaming,Royal Never Give Up,1458.9965763186597,1475.1482506073328,-16.15167428867312,0.4,0.3,0.10000000000000003,0.3333333333333333,0.6534268494153601,1
11266-11266_game_2,2024-07-05 10:23:45+00:00,LPL,2024,Summer,0,2,14.13,EDward Gaming,Royal Never Give Up,1475.788409591423,1458.4237919276698,17.36461766375328,0.4,0.3,0.10000000000000003,0.5,0.6534268494153601,0
11266-11266_game_3,2024-07-05 11:23:37+00:00,LPL,2024,Summer,0,3,14.13,EDward Gaming,Royal Never Give Up,1459.104163530487,1475.1988012740119,-16.0946377435248,0.3,0.3,0.0,0.4,0.6534268494153601,1
11267-11267_game_1,2024-07-05 12:56:00+00:00,LPL,2024,Summer,0,1,14.13,Anyone's Legend,FunPlus Phoenix,1566.0202420120727,1524.589091187901,41.43115082417171,0.8,0.4,0.4,1.0,0.6152800155885982,1
11267-11267_game_2,2024-07-05 13:46:03+00:00,LPL,2024,Summer,0,2,14.13,FunPlus Phoenix,Anyone's Legend,1510.4877094201142,1580.1218478581438,-69.6341384380296,0.4,0.8,-0.4,0.0,0.3847199844114018,0
11268-11268_game_1,2024-07-06 09:19:37+00:00,LPL,2024,Summer,0,1,14.13,ThunderTalk Gaming,Rare Atom,1446.6641400688802,1446.4329677532542,0.23117231562605411,0.3,0.5,-0.2,0.33333333333333337,0.4613624259050369,0
11268-11268_game_2,2024-07-06 10:14:12+00:00,LPL,2024,Summer,0,2,14.13,Rare Atom,ThunderTalk Gaming,1462.4501405683638,1430.6546209961998,31.79551957216404,0.5,0.3,0.2,0.75,0.538637574094963,1
11269-11269_game_1,2024-07-06 11:20:55+00:00,LPL,2024,Summer,0,1,14.13,JD Gaming,Weibo Gaming,1670.9026123950473,1456.9645396146198,213.93807278042755,0.9,0.4,0.5,0.6,0.737245223537403,0
11269-11269_game_2,2024-07-06 12:23:24+00:00,LPL,2024,Summer,0,2,14.13,Weibo Gaming,JD Gaming,1481.7139598310364,1646.1663511472361,-164.45239131619974,0.4,0.8,-0.4,0.5,0.262754776462597,1
11270-11270_game_1,2024-07-07 09:17:45+00:00,LPL,2024,Summer,0,1,14.13,Ultra Prime,Invictus Gaming,1382.4600560933882,1424.8135254417741,-42.35346934838594,0.3,0.4,-0.10000000000000003,0.2857142857142857,,0
11270-11270_game_2,2024-07-07 10:08:47+00:00,LPL,2024,Summer,0,2,14.13,Invictus Gaming,Ultra Prime,1438.903514115852,1368.3831326966945,70.5203814191575,0.4,0.3,0.10000000000000003,0.75,,1
11271-11271_game_1,2024-07-07 11:20:17+00:00,LPL,2024,Summer,0,1,14.13,Ninjas in Pyjamas,LNG Esports,1574.3995857091195,1550.7948822287472,23.604703480372336,0.7,0.5,0.19999999999999996,0.6666666666666667,0.554947869823024,0
11271-11271_game_2,2024-07-07 12:07:49+00:00,LPL,2024,Summer,0,2,14.13,LNG Esports,Ninjas in Pyjamas,1567.8802242527156,1557.3142183803102,10.566005872405412,0.6,0.7,-0.09999999999999998,0.5,0.445052130176976,1
11272-11272_game_1,2024-07-08 09:20:27+00:00,LPL,2024,Summer,0,1,14.13,EDward Gaming,Team WE,1475.8798578019419,1467.7972136228561,8.082644179085719,0.3,0.2,0.09999999999999998,0.0,0.4440727568091022,0
11272-11272_game_2,2024-07-08 10:06:24+00:00,LPL,2024,Summer,0,2,14.13,Team WE,EDward Gaming,1484.1687235593938,1459.5826710466686,24.586052512725246,0.2,0.3,-0.09999999999999998,1.0,0.5559272431908978,1
11273-11273_game_1,2024-07-08 11:18:04+00:00,LPL,2024,Summer,0,1,14.13,LGD Gaming,Anyone's Legend,1562.18321901007,1592.9582244355745,-30.77500542550456,0.8,0.9,-0.09999999999999998,0.33333333333333337,0.377048440965799,0
11273-11273_game_2,2024-07-08 12:07:30+00:00,LPL,2024,Summer,0,2,14.13,Anyone's Legend,LGD Gaming,1607.545040687827,1547.596725703231,59.94831498459598,0.9,0.7,0.20000000000000007,0.75,0.622951559034201,1
11274-11274_game_1,2024-07-09 09:20:03+00:00,LPL,2024,Summer,0,1,14.13,Oh My God,Royal Never Give Up,1416.9337300461934,1458.4740467386675,-41.54031669247411,0.1,0.3,-0.19999999999999998,0.0,0.4613624259050368,1
11274-11274_game_2,2024-07-09 10:05:57+00:00,LPL,2024,Summer,0,2,14.13,Royal Never Give Up,Oh My God,1440.6104263982918,1434.8225703708072,5.787856027484622,0.3,0.2,0.09999999999999998,0.6666666666666667,0.5386375740949632,0
11275-11275_game_1,2024-07-09 11:21:36+00:00,LPL,2024,Summer,0,1,14.13,JD Gaming,FunPlus Phoenix,1623.1410726398078,1483.416349625802,139.7247230140058,0.7,0.4,0.29999999999999993,0.6666666666666667,0.7223190508428301,1
11275-11275_game_2,2024-07-09 12:09:35+00:00,LPL,2024,Summer,0,2,14.13,FunPlus Phoenix,JD Gaming,1473.499231187782,1633.056440239341,-159.55720905155908,0.4,0.7,-0.29999999999999993,0.2857142857142857,0.2776809491571699,1
11275-11275_game_3,2024-07-09 12:59:24+00:00,LPL,2024,Summer,0,3,14.13,JD Gaming,FunPlus Phoenix,1610.2092358300101,1496.34536116298,113.86387466703013,0.7,0.4,0.29999999999999993,0.625,0.7223190508428301,1
LOLTMNT03_115479,2024-07-10 08:06:47+00:00,LCK,2024,Summer,0,1,14.13,T1,HANJIN BRION,1798.148647215181,1364.3170632497731,433.83158396540784,0.7,0.1,0.6,1.0,0.8487065477276758,1
LOLTMNT03_116496,2024-07-10 08:53:26+00:00,LCK,2024,Summer,0,2,14.13,HANJIN BRION,T1,1348.3096037911241,1800.582094550493,-452.2724907593688,0.1,0.7,-0.6,0.0,0.1512934522723241,1
11276-11276_game_1,2024-07-10 09:18:58+00:00,LPL,2024,Summer,0,1,14.13,ThunderTalk Gaming,Invictus Gaming,1416.1122070865763,1451.7460642862964,-35.63385719972007,0.3,0.4,-0.10000000000000003,0.33333333333333337,,1
LOLTMNT03_116507,2024-07-10 09:45:03+00:00,LCK,2024,Summer,0,3,14.13,T1,HANJIN BRION,1770.7873488387881,1377.9525671403528,392.83478169843534,0.7,0.2,0.49999999999999994,0.8333333333333334,0.8487065477276758,1
11276-11276_game_2,2024-07-10 10:06:13+00:00,LPL,2024,Summer,0,2,14.13,Invictus Gaming,ThunderTalk Gaming,1434.1325358200174,1433.7447089106186,0.387826909398882,0.4,0.4,0.0,0.5,,0
LOLTMNT03_115546,2024-07-10 11:16:56+00:00,LCK,2024,Summer,0,1,14.13,Nongshim RedForce,KT Rolster,1398.9106885660776,1522.086374221017,-123.17568565493934,0.2,0.4,-0.2,0.19999999999999996,0.3115958429744762,0
11277-11277_game_1,2024-07-10 11:17:29+00:00,LPL,2024,Summer,0,1,14.13,LNG Esports,Weibo Gaming,1583.3938032277042,1504.749448258472,78.64435496923215,0.7,0.4,0.29999999999999993,0.5,0.5724674194687842,1
LOLTMNT03_116572,2024-07-10 12:09:45+00:00,LCK,2024,Summer,0,2,14.13,Nongshim RedForce,KT Rolster,1388.2687149773517,1532.659073404381,-144.39035842702924,0.2,0.5,-0.3,0.16666666666666663,0.3115958429744762,0
11277-11277_game_2,2024-07-10 12:15:56+00:00,LPL,2024,Summer,0,2,14.13,Weibo Gaming,LNG Esports,1492.2998014462107,1595.8327791081715,-103.53297766196079,0.4,0.7,-0.29999999999999993,0.4444444444444444,0.4275325805312158,1
11277-11277_game_3,2024-07-10 13:14:09+00:00,LPL,2024,Summer,0,3,14.13,LNG Esports,Weibo Gaming,1575.2012765398422,1512.919266523414,62.2820100164281,0.6,0.5,0.09999999999999998,0.5,0.5724674194687842,1
LOLTMNT03_117142,2024-07-11 08:07:35+00:00,LCK,2024,Summer,0,1,14.13,DRX,Dplus Kia,1402.00992582877,1589.2611323913275,-187.2512065625574,0.3,0.7,-0.39999999999999997,0.2,0.2167493975587101,0
LOLTMNT03_118135,2024-07-11 09:01:38+00:00,LCK,2024,Summer,0,2,14.13,DRX,Dplus Kia,1393.8270365389894,1597.3860206444724,-203.55898410548298,0.3,0.7,-0.39999999999999997,0.16666666666666666,0.2167493975587101,0
11278-11278_game_1,2024-07-11 09:15:39+00:00,LPL,2024,Summer,0,1,14.13,Ultra Prime,Rare Atom,1355.5592563635892,1477.0106576735136,-121.45140130992445,0.2,0.6,-0.39999999999999997,1.0,0.372716490933616,1
11278-11278_game_2,2024-07-11 10:02:57+00:00,LPL,2024,Summer,0,2,14.13,Rare Atom,Ultra Prime,1455.6833280010921,1376.8945775949248,78.78875040616731,0.5,0.2,0.3,0.0,0.627283509066384,0
LOLTMNT03_118169,2024-07-11 10:38:24+00:00,LCK,2024,Summer,0,1,14.13,Gen.G,DN SOOPers,1865.8469743102692,1519.3096268651339,346.5373474451353,0.8,0.6,0.20000000000000007,1.0,0.792925397737012,1
11279-11279_game_1,2024-07-11 11:20:07+00:00,LPL,2024,Summer,0,1,14.13,Ninjas in Pyjamas,Anyone's Legend,1541.8006509821564,1620.8120368632149,-79.01138588105846,0.7,1.0,-0.30000000000000004,0.25,0.4394019688997619,0
LOLTMNT03_118187,2024-07-11 11:23:29+00:00,LCK,2024,Summer,0,2,14.13,Gen.G,DN SOOPers,1869.678874452805,1515.4602905120385,354.2185839407666,0.8,0.5,0.30000000000000004,1.0,0.792925397737012,1
11279-11279_game_2,2024-07-11 12:13:35+00:00,LPL,2024,Summer,0,2,14.13,Anyone's Legend,Ninjas in Pyjamas,1633.2356401500074,1529.3778051411673,103.85783500884008,1.0,0.6,0.4,0.7777777777777778,0.5605980311002381,1
11280-11280_game_1,2024-07-12 07:19:20+00:00,LPL,2024,Summer,0,1,14.13,LGD Gaming,JD Gaming,1534.3303031901162,1621.1631284916398,-86.8328253015236,0.7,0.7,0.0,0.33333333333333337,0.2638030861255426,0
LOLTMNT03_118687,2024-07-12 08:07:34+00:00,LCK,2024,Summer,0,1,14.13,BNK FEARX,KT Rolster,1436.6708613840951,1542.3866563897893,-105.71579500569419,0.2,0.6,-0.39999999999999997,0.0,0.3311553155698605,0
11280-11280_game_2,2024-07-12 08:13:43+00:00,LPL,2024,Summer,0,2,14.13,JD Gaming,LGD Gaming,1633.2580888044727,1522.2477845645142,111.01030423995849,0.7,0.6,0.09999999999999998,0.75,0.7361969138744574,1
LOLTMNT03_118716,2024-07-12 09:06:11+00:00,LCK,2024,Summer,0,2,14.13,BNK FEARX,KT Rolster,1425.3242350942667,1553.6777582514874,-128.3535231572207,0.2,0.7,-0.49999999999999994,0.0,0.3311553155698605,0
11281-11281_game_1,2024-07-12 09:17:55+00:00,LPL,2024,Summer,0,1,14.13,EDward Gaming,Oh My God,1444.7226636010112,1451.1004698952777,-6.37780629426652,0.2,0.3,-0.09999999999999998,0.3333333333333333,0.5917980966852358,0
11281-11281_game_2,2024-07-12 10:18:26+00:00,LPL,2024,Summer,0,2,14.13,Oh My God,EDward Gaming,1466.8245021792313,1429.052415814369,37.77208636486239,0.4,0.2,0.2,0.75,0.4082019033147642,0
LOLTMNT03_118804,2024-07-12 10:40:59+00:00,LCK,2024,Summer,0,1,14.13,Hanwha Life Esports,T1,1647.6544866770196,1773.8073783434957,-126.15289166647608,0.7,0.7,0.0,0.5,0.4329310771477317,1
11281-11281_game_3,2024-07-12 11:08:52+00:00,LPL,2024,Summer,0,3,14.13,EDward Gaming,Oh My God,1446.7697014679297,1449.1253984109494,-2.355696943019666,0.3,0.4,-0.10000000000000003,0.4,0.5917980966852358,0
LOLTMNT03_118842,2024-07-12 11:45:32+00:00,LCK,2024,Summer,0,2,14.13,T1,Hanwha Life Esports,1752.2403522003879,1669.2215141722622,83.01883802812563,0.7,0.8,-0.10000000000000009,0.46153846153846156,0.5670689228522683,1
11282-11282_game_1,2024-07-12 12:29:20+00:00,LPL,2024,Summer,0,1,14.13,Top Esports,Bilibili Gaming,1785.808187366693,1736.3853099472358,49.42287741945711,0.7,0.6,0.09999999999999998,0.33333333333333337,0.4758017741717995,1
LOLTMNT03_118880,2024-07-12 12:40:53+00:00,LCK,2024,Summer,0,3,14.13,Hanwha Life Esports,T1,1656.9735349890484,1764.4883322852966,-107.51479729624816,0.7,0.7,0.0,0.5,0.4329310771477317,1
11282-11282_game_2,2024-07-12 13:32:26+00:00,LPL,2024,Summer,0,2,14.13,Bilibili Gaming,Top Esports,1722.646088991089,1799.5474083228396,-76.90131933175053,0.5,0.7,-0.19999999999999996,0.6153846153846154,0.5241982258282005,1
11282-11282_game_3,2024-07-12 14:20:30+00:00,LPL,2024,Summer,0,3,14.13,Top Esports,Bilibili Gaming,1780.062693596709,1742.1308037172196,37.93188987948952,0.6,0.5,0.09999999999999998,0.3571428571428571,0.4758017741717995,0
LOLTMNT06_61286,2024-07-12 15:12:56+00:00,LEC,2024,Summer,1,1,14.13,SK Gaming,Team Heretics,1598.884439057942,1471.714777005233,127.1696620527091,0.8,0.3,0.5,0.4444444444444444,0.6813349643523033,1
LOLTMNT06_61297,2024-07-12 15:59:03+00:00,LEC,2024,Summer,1,2,14.13,Team Heretics,SK Gaming,1461.3077616584878,1609.3990515951994,-148.09128993671152,0.3,0.9,-0.6000000000000001,0.5,0.3186650356476966,0
LOLTMNT06_60283,2024-07-12 17:01:51+00:00,LEC,2024,Summer,1,1,14.13,Team BDS,MAD Lions KOI,1626.5945012908655,1466.1158544345635,160.47864685630202,0.8,0.4,0.4,0.5,,0
LOLTMNT06_60294,2024-07-12 17:56:48+00:00,LEC,2024,Summer,1,2,14.13,Team BDS,MAD Lions KOI,1603.743927568858,1489.0218890682927,114.7220385005653,0.8,0.5,0.30000000000000004,0.4444444444444444,,1
LOLTMNT06_61321,2024-07-12 18:53:17+00:00,LEC,2024,Summer,1,3,14.13,Team BDS,MAD Lions KOI,1614.683986491903,1478.1210473465103,136.56293914539265,0.8,0.4,0.4,0.5,,1
LOLTMNT03_122217,2024-07-13 06:08:03+00:00,LCK,2024,Summer,0,1,14.13,Dplus Kia,Gen.G,1604.95509087617,1873.3641193226254,-268.4090284464553,0.8,0.8,0.0,0.36363636363636365,0.2638030861255425,0
LOLTMNT03_121254,2024-07-13 07:00:39+00:00,LCK,2024,Summer,0,2,14.13,Dplus Kia,Gen.G,1599.3295851642708,1878.9896250345241,-279.6600398702533,0.8,0.8,0.0,0.3333333333333333,0.2638030861255425,0
11283-11283_game_1,2024-07-13 07:16:59+00:00,LPL,2024,Summer,0,1,14.13,Rare Atom,Invictus Gaming,1436.1494216255946,1418.113980601948,18.035441023646626,0.4,0.4,0.0,0.0,0.5599005705878443,1
11283-11283_game_2,2024-07-13 08:09:08+00:00,LPL,2024,Summer,0,2,14.13,Invictus Gaming,Rare Atom,1402.9333140421754,1451.3302148664102,-48.39690082423476,0.4,0.5,-0.09999999999999998,0.6666666666666666,0.4400994294121557,0
LOLTMNT03_122290,2024-07-13 08:46:05+00:00,LCK,2024,Summer,0,1,14.13,HANJIN BRION,Nongshim RedForce,1377.8690385999444,1378.4689263373243,-0.5998877373799587,0.2,0.2,0.0,0.2,0.4758017741717995,0
11284-11284_game_1,2024-07-13 09:18:11+00:00,LPL,2024,Summer,0,1,14.13,Team WE,Royal Never Give Up,1499.0397497567087,1424.347695617428,74.6920541392808,0.3,0.3,0.0,0.7142857142857143,0.7361969138744575,1
LOLTMNT03_122329,2024-07-13 09:48:51+00:00,LCK,2024,Summer,0,2,14.13,HANJIN BRION,Nongshim RedForce,1365.6147369365924,1394.4476936156743,-28.832956679081917,0.2,0.3,-0.09999999999999998,0.16666666666666666,0.4758017741717995,0
11284-11284_game_2,2024-07-13 10:07:38+00:00,LPL,2024,Summer,0,2,14.13,Team WE,Royal Never Give Up,1511.6558490130512,1411.6733561478584,99.98249286519285,0.4,0.3,0.10000000000000003,0.75,0.7361969138744575,1
11285-11285_game_1,2024-07-13 11:18:46+00:00,LPL,2024,Summer,0,1,14.13,Weibo Gaming,Ninjas in Pyjamas,1499.7497048606951,1518.0230891802896,-18.27338431959447,0.5,0.6,-0.09999999999999998,0.4285714285714286,0.4828993322709669,1
11285-11285_game_2,2024-07-13 12:05:15+00:00,LPL,2024,Summer,0,2,14.13,Ninjas in Pyjamas,Weibo Gaming,1501.1823438243312,1516.5880627127326,-15.405718888401452,0.5,0.6,-0.09999999999999998,0.5,0.5171006677290331,0
LOLTMNT06_63020,2024-07-13 15:09:12+00:00,LEC,2024,Summer,1,1,14.13,Fnatic,GiantX,1573.4172959890166,1462.3737423996615,111.04355358935504,0.5,0.3,0.2,1.0,0.7034718637332565,0
LOLTMNT06_62038,2024-07-13 16:06:28+00:00,LEC,2024,Summer,1,2,14.13,Fnatic,GiantX,1552.470842079581,1483.2447027528547,69.2261393267263,0.4,0.4,0.0,0.8333333333333334,0.7034718637332565,1
LOLTMNT06_63034,2024-07-13 16:52:04+00:00,LEC,2024,Summer,1,3,14.13,GiantX,Fnatic,1470.3461892053442,1565.3243889335413,-94.97819972819707,0.4,0.4,0.0,0.1428571428571429,0.2965281362667434,0
LOLTMNT06_63036,2024-07-13 17:47:49+00:00,LEC,2024,Summer,1,1,14.13,G2 Esports,Karmine Corp,1723.9602652477774,1490.3113022284365,233.64896301934095,0.7,0.4,0.29999999999999993,1.0,0.7631197403730637,1
LOLTMNT06_62047,2024-07-13 18:55:10+00:00,LEC,2024,Summer,1,2,14.13,Karmine Corp,G2 Esports,1483.5089492154966,1730.5743580057574,-247.0654087902608,0.4,0.7,-0.29999999999999993,0.0,0.2368802596269362,0
LOLTMNT03_122799,2024-07-14 06:06:35+00:00,LCK,2024,Summer,0,1,14.13,DRX,DN SOOPers,1386.202696909163,1511.7586730579565,-125.55597614879343,0.2,0.4,-0.2,0.5,0.3148530305624174,0
LOLTMNT03_122818,2024-07-14 06:55:31+00:00,LCK,2024,Summer,0,2,14.13,DRX,DN SOOPers,1375.7045493916826,1522.2313660085556,-146.52681661687302,0.1,0.4,-0.30000000000000004,0.4,0.3148530305624174,0
11286-11286_game_1,2024-07-14 07:16:49+00:00,LPL,2024,Summer,0,1,14.13,Ultra Prime,ThunderTalk Gaming,1396.4361094008418,1449.7632539916308,-53.327144590788976,0.2,0.4,-0.2,0.33333333333333337,,0
11286-11286_game_2,2024-07-14 08:27:16+00:00,LPL,2024,Summer,0,2,14.13,ThunderTalk Gaming,Ultra Prime,1463.331469979721,1382.8566328840786,80.47483709564244,0.5,0.2,0.3,0.75,,1
LOLTMNT03_122848,2024-07-14 08:42:28+00:00,LCK,2024,Summer,0,1,14.13,BNK FEARX,Hanwha Life Esports,1414.9011557689678,1677.7725573776183,-262.87140160865056,0.2,0.7,-0.49999999999999994,0.2,0.1976048398889645,0
11287-11287_game_1,2024-07-14 09:16:03+00:00,LPL,2024,Summer,0,1,14.13,Anyone's Legend,JD Gaming,1644.591227921419,1644.3274892805148,0.26373864090419374,1.0,0.7,0.30000000000000004,0.3333333333333333,0.4400994294121558,0
LOLTMNT03_121896,2024-07-14 09:30:24+00:00,LCK,2024,Summer,0,2,14.13,BNK FEARX,Hanwha Life Esports,1409.0221956335909,1683.5473939611832,-274.5251983275923,0.2,0.7,-0.49999999999999994,0.16666666666666666,0.1976048398889645,0
11287-11287_game_2,2024-07-14 10:10:42+00:00,LPL,2024,Summer,0,2,14.13,JD Gaming,Anyone's Legend,1660.3381541848125,1628.5790728141026,31.759081370709964,0.7,0.9,-0.20000000000000007,0.75,0.5599005705878441,0
11287-11287_game_3,2024-07-14 10:57:32+00:00,LPL,2024,Summer,0,3,14.13,Anyone's Legend,JD Gaming,1646.0373125712442,1642.8826342003958,3.154678370848387,0.9,0.6,0.30000000000000004,0.4,0.4400994294121558,0
11288-11288_game_1,2024-07-14 11:15:40+00:00,LPL,2024,Summer,0,1,14.13,LNG Esports,Top Esports,1588.3634640563423,1762.3227730572119,-173.95930900086955,0.6,0.5,0.09999999999999998,0.14285714285714285,0.3311553155698605,1
11288-11288_game_2,2024-07-14 12:13:01+00:00,LPL,2024,Summer,0,2,14.13,Top Esports,LNG Esports,1738.9201542958222,1611.7659932500655,127.15416104575661,0.4,0.7,-0.29999999999999993,0.75,0.6688446844301394,0
LOLTMNT06_62062,2024-07-14 15:06:12+00:00,LEC,2024,Summer,1,1,14.13,SK Gaming,Fnatic,1619.0861981100793,1577.0562750155707,42.029923094508604,0.9,0.4,0.5,0.33333333333333337,0.5487477888771377,0
LOLTMNT06_63085,2024-07-14 15:59:02+00:00,LEC,2024,Summer,1,2,14.13,SK Gaming,Fnatic,1601.2106452294215,1594.982437715572,6.228207513849611,0.8,0.4,0.4,0.2857142857142857,0.5487477888771377,0
LOLTMNT06_62076,2024-07-14 16:50:27+00:00,LEC,2024,Summer,1,1,14.13,G2 Esports,Team BDS,1736.7923852799497,1624.7420904457451,112.05029483420458,0.7,0.8,-0.10000000000000009,0.8,,1
LOLTMNT06_63100,2024-07-14 17:40:09+00:00,LEC,2024,Summer,1,2,14.13,G2 Esports,Team BDS,1747.804037968396,1613.690164492771,134.11387347562504,0.7,0.7,0.0,0.8181818181818182,,1
11289-11289_game_1,2024-07-15 09:17:01+00:00,LPL,2024,Summer,0,1,14.13,Invictus Gaming,Oh My God,1389.1239255639898,1465.0285536076506,-75.90462804366075,0.4,0.5,-0.09999999999999998,0.0,0.372716490933616,0
11289-11289_game_2,2024-07-15 10:13:21+00:00,LPL,2024,Summer,0,2,14.13,Oh My God,Invictus Gaming,1477.630750598491,1376.5323650620219,101.0983855364691,0.6,0.3,0.3,1.0,0.627283509066384,0
11289-11289_game_3,2024-07-15 11:10:37+00:00,LPL,2024,Summer,0,3,14.13,Invictus Gaming,Oh My God,1397.0234087096474,1457.1494191175589,-60.12601040791151,0.3,0.6,-0.3,0.25,0.372716490933616,0
11290-11290_game_1,2024-07-15 12:33:32+00:00,LPL,2024,Summer,0,1,14.13,Bilibili Gaming,LGD Gaming,1759.8707242567168,1511.1927548281421,248.67796942857467,0.5,0.5,0.0,0.7142857142857143,0.8023951601110355,1
11290-11290_game_2,2024-07-15 13:21:45+00:00,LPL,2024,Summer,0,2,14.13,LGD Gaming,Bilibili Gaming,1505.0209748355528,1766.042379423738,-261.0214045881853,0.4,0.5,-0.09999999999999998,0.25,0.1976048398889645,0
11291-11291_game_1,2024-07-16 09:16:03+00:00,LPL,2024,Summer,0,1,14.13,Rare Atom,EDward Gaming,1465.134970224153,1430.9104782456811,34.22449197847186,0.6,0.3,0.3,0.0,0.4939076985030663,1
11291-11291_game_2,2024-07-16 10:12:01+00:00,LPL,2024,Summer,0,2,14.13,EDward Gaming,Rare Atom,1416.4700672085435,1479.5773488387993,-63.107281630255784,0.3,0.6,-0.3,0.6666666666666666,0.5060923014969336,1
11291-11291_game_3,2024-07-16 11:03:06+00:00,LPL,2024,Summer,0,3,14.13,Rare Atom,EDward Gaming,1460.7221297653937,1435.3007769088254,25.42135285656832,0.5,0.4,0.09999999999999998,0.25,0.4939076985030663,1
11292-11292_game_1,2024-07-16 11:16:17+00:00,LPL,2024,Summer,0,1,14.13,FunPlus Phoenix,Ninjas in Pyjamas,1485.389180854994,1485.8913387963214,-0.5021579413273685,0.4,0.4,0.0,0.5,0.4613624259050368,0
11292-11292_game_2,2024-07-16 12:12:13+00:00,LPL,2024,Summer,0,2,14.13,Ninjas in Pyjamas,FunPlus Phoenix,1501.8682135846234,1469.4103825889451,32.45783099567825,0.4,0.3,0.10000000000000003,0.5714285714285714,0.5386375740949632,0
11292-11292_game_3,2024-07-16 13:09:02+00:00,LPL,2024,Summer,0,3,14.13,FunPlus Phoenix,Ninjas in Pyjamas,1486.894214166242,1484.377808549936,2.516405616305974,0.4,0.3,0.10000000000000003,0.5,0.4613624259050368,1
LOLTMNT03_126299,2024-07-17 08:07:34+00:00,LCK,2024,Summer,0,1,14.13,Dplus Kia,HANJIN BRION,1593.998094619938,1353.6273594632798,240.37073515665816,0.7,0.2,0.49999999999999994,1.0,0.8371925038358902,1
LOLTMNT03_126306,2024-07-17 08:58:37+00:00,LCK,2024,Summer,0,2,14.13,HANJIN BRION,Dplus Kia,1312.082243151713,1600.4114640902865,-288.32922093857337,0.2,0.7,-0.49999999999999994,0.0,0.1628074961641098,0
11293-11293_game_1,2024-07-17 09:18:09+00:00,LPL,2024,Summer,0,1,14.13,Team WE,ThunderTalk Gaming,1523.1789346595745,1475.6965492937773,47.4823853657972,0.5,0.6,-0.09999999999999998,0.0,,0
11293-11293_game_2,2024-07-17 10:15:28+00:00,LPL,2024,Summer,0,2,14.13,ThunderTalk Gaming,Team WE,1493.8668656058283,1505.0078617442084,-11.14099613838016,0.6,0.5,0.09999999999999998,1.0,,1
LOLTMNT03_126335,2024-07-17 10:35:45+00:00,LCK,2024,Summer,0,1,14.13,Hanwha Life Esports,DN SOOPers,1689.011516780503,1531.872611977838,157.1389048026649,0.7,0.5,0.19999999999999996,0.875,0.7106998687502926,1
11294-11294_game_1,2024-07-17 11:17:21+00:00,LPL,2024,Summer,0,1,14.13,Top Esports,Weibo Gaming,1717.3126395253778,1531.8801730040796,185.43246652129824,0.3,0.7,-0.39999999999999997,1.0,0.6554114818043353,1
LOLTMNT03_125372,2024-07-17 11:22:13+00:00,LCK,2024,Summer,0,2,14.13,DN SOOPers,Hanwha Life Esports,1522.638939612234,1698.2311470710843,-175.59220745885023,0.5,0.7,-0.19999999999999996,0.1111111111111111,0.2893001312497074,0
11294-11294_game_2,2024-07-17 12:14:47+00:00,LPL,2024,Summer,0,2,14.13,Weibo Gaming,Top Esports,1523.6801342671952,1725.5011568507693,-201.82102258357418,0.7,0.3,0.39999999999999997,0.0,0.3445885181956647,0
11295-11295_game_1,2024-07-18 07:16:56+00:00,LPL,2024,Summer,0,1,14.13,Royal Never Give Up,Ultra Prime,1419.9891330603914,1370.4756434978774,49.513489562513996,0.3,0.2,0.09999999999999998,1.0,0.2177021221110465,0
LOLTMNT03_127225,2024-07-18 08:06:11+00:00,LCK,2024,Summer,0,1,14.13,BNK FEARX,T1,1403.4607766502038,1743.6893109130935,-340.22853426288975,0.2,0.6,-0.39999999999999997,0.0,0.1976048398889645,1
11295-11295_game_2,2024-07-18 08:13:49+00:00,LPL,2024,Summer,0,2,14.13,Ultra Prime,Royal Never Give Up,1388.727919246191,1401.805396385512,-13.07747713932099,0.3,0.2,0.09999999999999998,0.33333333333333337,0.7822978778889534,0
LOLTMNT03_128221,2024-07-18 08:56:50+00:00,LCK,2024,Summer,0,2,14.13,T1,BNK FEARX,1715.6454105381824,1431.421779526776,284.2236310114065,0.6,0.3,0.3,0.8,0.8023951601110355,1
11295-11295_game_3,2024-07-18 09:25:14+00:00,LPL,2024,Summer,0,3,14.13,Ultra Prime,Royal Never Give Up,1373.3274360376715,1417.2277312622464,-43.90029522457485,0.3,0.3,0.0,0.25,0.7822978778889534,0
LOLTMNT03_127246,2024-07-18 09:43:28+00:00,LCK,2024,Summer,0,3,14.13,BNK FEARX,T1,1426.119170087948,1720.861198394079,-294.74202830613103,0.3,0.6,-0.3,0.16666666666666666,0.1976048398889645,1
11296-11296_game_1,2024-07-18 10:51:07+00:00,LPL,2024,Summer,0,1,14.13,Weibo Gaming,Anyone's Legend,1516.0421496786294,1629.8920522221936,-113.84990254356421,0.6,0.8,-0.20000000000000007,0.4285714285714286,0.4158727991094862,1
11297-11297_game_1,2024-07-18 11:15:54+00:00,LPL,2024,Summer,0,1,14.13,Bilibili Gaming,LNG Esports,1771.8677880976534,1633.3734378271397,138.49435027051368,0.6,0.8,-0.20000000000000007,1.0,0.6587036608129031,0
LOLTMNT03_128313,2024-07-18 11:23:18+00:00,LCK,2024,Summer,0,1,14.13,Gen.G,Nongshim RedForce,1884.3211155788572,1422.9151062612568,461.40600931760036,0.8,0.3,0.5,1.0,0.8639745957718685,1
11296-11296_game_2,2024-07-18 11:40:53+00:00,LPL,2024,Summer,0,2,14.13,Anyone's Legend,Weibo Gaming,1608.8296548314609,1537.0973787247603,71.73227610670051,0.7,0.6,0.09999999999999998,0.5,0.5841272008905138,0
11297-11297_game_2,2024-07-18 12:09:01+00:00,LPL,2024,Summer,0,2,14.13,LNG Esports,Bilibili Gaming,1655.433633893513,1749.8075237835715,-94.37388989005854,0.8,0.5,0.30000000000000004,0.33333333333333337,0.3412963391870969,0
LOLTMNT03_127338,2024-07-18 12:13:58+00:00,LCK,2024,Summer,0,2,14.13,Nongshim RedForce,Gen.G,1420.7798062790687,1886.4208303703203,-465.64102409125167,0.3,0.8,-0.5,0.0,0.1360254042281315,0
11297-11297_game_3,2024-07-18 12:59:03+00:00,LPL,2024,Summer,0,3,14.13,LNG Esports,Bilibili Gaming,1643.6758389524152,1761.565271005941,-117.88943205352575,0.8,0.6,0.20000000000000007,0.25,0.3412963391870969,1
11298-11298_game_1,2024-07-19 07:17:23+00:00,LPL,2024,Summer,0,1,14.13,Invictus Gaming,EDward Gaming,1383.7427431082099,1420.466690431285,-36.72394732307521,0.3,0.3,0.0,0.6666666666666667,0.4050852411104829,1
LOLTMNT03_127679,2024-07-19 08:06:42+00:00,LCK,2024,Summer,0,1,14.13,KT Rolster,DRX,1564.0369683802737,1366.0371745341781,197.9997938460956,0.8,0.1,0.7000000000000001,0.6666666666666667,0.7498853508565553,1
11298-11298_game_2,2024-07-19 08:10:50+00:00,LPL,2024,Summer,0,2,14.13,EDward Gaming,Invictus Gaming,1402.8354969506495,1401.4147749762978,1.4207219743516362,0.3,0.4,-0.10000000000000003,0.25,0.5949147588895172,0
LOLTMNT03_127699,2024-07-19 09:00:13+00:00,LCK,2024,Summer,0,2,14.13,KT Rolster,DRX,1571.8090119817905,1358.2378751675992,213.57113681419128,0.8,0.0,0.8,0.7142857142857143,0.7498853508565553,1
11299-11299_game_1,2024-07-19 09:32:11+00:00,LPL,2024,Summer,0,1,14.13,LGD Gaming,FunPlus Phoenix,1493.6325385728155,1502.7773008796182,-9.144762306802704,0.3,0.5,-0.2,0.33333333333333337,0.4315959053620418,1
11299-11299_game_2,2024-07-19 10:28:14+00:00,LPL,2024,Summer,0,2,14.13,FunPlus Phoenix,LGD Gaming,1486.3562516928694,1510.053079154922,-23.696827462052624,0.4,0.3,0.10000000000000003,0.5,0.5684040946379582,1
LOLTMNT03_128764,2024-07-19 10:37:01+00:00,LCK,2024,Summer,0,1,14.13,DN SOOPers,HANJIN BRION,1514.086776474257,1354.4608816102557,159.62589486400134,0.4,0.1,0.30000000000000004,0.4444444444444444,0.7374311061719953,0
11300-11300_game_1,2024-07-19 11:16:13+00:00,LPL,2024,Summer,0,1,14.13,Ninjas in Pyjamas,JD Gaming,1468.4936912848136,1659.026436466534,-190.53274518172043,0.2,0.6,-0.39999999999999997,0.2857142857142857,0.2648453054813165,0
11299-11299_game_3,2024-07-19 11:29:02+00:00,LPL,2024,Summer,0,3,14.13,LGD Gaming,FunPlus Phoenix,1492.9641027891182,1503.4420164816806,-10.477913692562424,0.2,0.4,-0.2,0.4,0.4315959053620418,0
LOLTMNT03_128790,2024-07-19 11:35:26+00:00,LCK,2024,Summer,0,2,14.13,DN SOOPers,HANJIN BRION,1491.2255035720095,1377.0455953274802,114.17990824452932,0.3,0.2,0.09999999999999998,0.4,0.7374311061719953,1
11300-11300_game_2,2024-07-19 12:15:09+00:00,LPL,2024,Summer,0,2,14.13,JD Gaming,Ninjas in Pyjamas,1667.051612737628,1460.4827804795652,206.56883225806268,0.7,0.1,0.6,0.75,0.7351546945186835,1
LOLTMNT03_127805,2024-07-19 12:33:50+00:00,LCK,2024,Summer,0,3,14.13,HANJIN BRION,DN SOOPers,1365.9208538614657,1502.1586841958601,-136.2378303343944,0.2,0.3,-0.09999999999999998,0.5454545454545454,0.2625688938280047,1
LOLTMNT03_129062,2024-07-20 06:08:00+00:00,LCK,2024,Summer,0,1,14.13,T1,Hanwha Life Esports,1693.818015082384,1706.7695558798819,-12.951540797497955,0.5,0.8,-0.30000000000000004,0.4666666666666667,0.5025840230053552,0
LOLTMNT03_129067,2024-07-20 06:58:38+00:00,LCK,2024,Summer,0,2,14.13,T1,Hanwha Life Esports,1678.4141793459603,1722.1733915050536,-43.759212159093295,0.4,0.9,-0.5,0.4375,0.5025840230053552,0
11301-11301_game_1,2024-07-20 07:18:41+00:00,LPL,2024,Summer,0,1,14.13,Team WE,Oh My God,1488.4953842268435,1470.4386179594933,18.056766267350213,0.5,0.7,-0.19999999999999996,0.5,0.6055428991916412,0
11301-11301_game_2,2024-07-20 08:04:11+00:00,LPL,2024,Summer,0,2,14.13,Oh My God,Team WE,1487.2685107700495,1471.6652223392298,15.603288430819703,0.7,0.5,0.19999999999999996,0.5714285714285714,0.3944571008083588,1
LOLTMNT03_130077,2024-07-20 08:38:18+00:00,LCK,2024,Summer,0,1,14.13,Gen.G,Dplus Kia,1888.473219125833,1605.5248944275336,282.94832469829953,0.8,0.7,0.10000000000000009,0.6923076923076923,0.7198123730620828,0
11302-11302_game_1,2024-07-20 09:15:51+00:00,LPL,2024,Summer,0,1,14.13,Top Esports,LGD Gaming,1733.128192774154,1477.4460466188768,255.68214615527722,0.3,0.2,0.09999999999999998,1.0,0.8023951601110354,1
LOLTMNT03_130102,2024-07-20 09:30:17+00:00,LCK,2024,Summer,0,2,14.13,Dplus Kia,Gen.G,1632.2769791071723,1861.7211344461944,-229.44415533902202,0.7,0.7,0.0,0.35714285714285715,0.2801876269379172,0
11302-11302_game_2,2024-07-20 10:11:28+00:00,LPL,2024,Summer,0,2,14.13,LGD Gaming,Top Esports,1471.4692285577548,1739.101486215285,-267.6322576575301,0.1,0.4,-0.30000000000000004,0.0,0.1976048398889646,0
LOLTMNT03_129140,2024-07-20 10:26:21+00:00,LCK,2024,Summer,0,3,14.13,Gen.G,Dplus Kia,1868.4631322697708,1625.5349812835962,242.92815098617461,0.7,0.7,0.0,0.6666666666666667,0.7198123730620828,1
11303-11303_game_1,2024-07-20 11:18:58+00:00,LPL,2024,Summer,0,1,14.13,JD Gaming,Bilibili Gaming,1674.5346062602143,1740.335447224806,-65.80084096459177,0.8,0.6,0.20000000000000007,0.16666666666666663,0.4082019033147642,1
11303-11303_game_2,2024-07-20 12:17:24+00:00,LPL,2024,Summer,0,2,14.13,Bilibili Gaming,JD Gaming,1653.3250005792045,1693.5224387050762,-40.19743812587171,0.5,0.8,-0.30000000000000004,0.7142857142857143,0.5917980966852358,1
11303-11303_game_3,2024-07-20 13:02:42+00:00,LPL,2024,Summer,0,3,14.13,JD Gaming,Bilibili Gaming,1675.6823309993365,1670.5925332536674,5.089797745669102,0.8,0.6,0.20000000000000007,0.25,0.4082019033147642,0
LOLTMNT03_129380,2024-07-21 06:06:08+00:00,LCK,2024,Summer,0,1,14.13,KT Rolster,BNK FEARX,1579.0656567075441,1453.0813511248016,125.98430558274254,0.9,0.4,0.5,1.0,0.7024549697168018,1
LOLTMNT03_129383,2024-07-21 06:54:59+00:00,LCK,2024,Summer,0,2,14.13,BNK FEARX,KT Rolster,1442.5858944876477,1589.5175493425681,-146.93165485492045,0.4,0.9,-0.5,0.0,0.2975450302831982,1
LOLTMNT03_130370,2024-07-21 07:37:00+00:00,LCK,2024,Summer,0,3,14.13,KT Rolster,BNK FEARX,1567.139675891313,1464.9176202052997,102.22205568601316,0.9,0.4,0.5,0.875,0.7024549697168018,0
LOLTMNT03_130460,2024-07-21 09:16:10+00:00,LCK,2024,Summer,0,1,14.13,DRX,Nongshim RedForce,1350.95535811931,1405.8152662786913,-54.85990815938135,0.0,0.2,-0.2,0.375,0.4748895560017541,0
11304-11304_game_1,2024-07-21 09:18:13+00:00,LPL,2024,Summer,0,1,14.13,Team WE,Ultra Prime,1456.3827185222594,1359.3291321317076,97.0535863905518,0.5,0.3,0.2,1.0,,0
LOLTMNT03_130471,2024-07-21 10:07:11+00:00,LCK,2024,Summer,0,2,14.13,DRX,Nongshim RedForce,1337.4458052153057,1419.3442629452047,-81.89845772989906,0.0,0.3,-0.3,0.3333333333333333,0.4748895560017541,0
11304-11304_game_2,2024-07-21 10:15:39+00:00,LPL,2024,Summer,0,2,14.13,Ultra Prime,Team WE,1379.667714776318,1436.0287015137606,-56.360986737442545,0.4,0.4,0.0,0.33333333333333337,,1
11305-11305_game_1,2024-07-21 11:15:46+00:00,LPL,2024,Summer,0,1,14.13,LNG Esports,FunPlus Phoenix,1664.90561087071,1518.9598590339563,145.94575183675374,0.8,0.5,0.30000000000000004,0.33333333333333337,0.6895015451095583,0
11305-11305_game_2,2024-07-21 12:21:47+00:00,LPL,2024,Summer,0,2,14.13,FunPlus Phoenix,LNG Esports,1541.299819640444,1642.5538941232153,-101.25407448277133,0.6,0.7,-0.09999999999999998,0.75,0.3104984548904417,1
LOLTMNT06_65205,2024-07-21 15:09:56+00:00,LEC,2024,Summer,1,1,14.13,Team Heretics,GiantX,1451.7270833911937,1458.5586095528038,-6.8315261616101,0.2,0.4,-0.2,0.6666666666666667,0.5725600340956701,0
LOLTMNT06_64247,2024-07-21 16:01:12+00:00,LEC,2024,Summer,1,2,14.13,Team Heretics,GiantX,1436.0416274676477,1474.2519215824839,-38.21029411483619,0.2,0.5,-0.3,0.5,0.5725600340956701,1
LOLTMNT06_64251,2024-07-21 16:47:07+00:00,LEC,2024,Summer,1,3,14.13,GiantX,Team Heretics,1456.5237346576541,1453.790626793419,2.7331078642350803,0.5,0.3,0.2,0.4,0.4274399659043298,1
LOLTMNT06_65229,2024-07-21 17:44:40+00:00,LEC,2024,Summer,1,1,14.13,Karmine Corp,MAD Lions KOI,1477.1139547017222,1468.104967307648,9.008987394074211,0.4,0.4,0.0,0.6666666666666666,0.4748895560017542,1
LOLTMNT06_65237,2024-07-21 18:35:49+00:00,LEC,2024,Summer,1,2,14.13,MAD Lions KOI,Karmine Corp,1452.5197535511334,1492.7235051388925,-40.20375158775914,0.4,0.4,0.0,0.25,0.5251104439982458,0
11306-11306_game_1,2024-07-22 09:17:21+00:00,LPL,2024,Summer,0,1,14.13,Rare Atom,Royal Never Give Up,1475.5623323503678,1442.3663306300414,33.19600172032642,0.6,0.3,0.3,0.6666666666666666,0.6392415237036972,1
11306-11306_game_2,2024-07-22 10:05:55+00:00,LPL,2024,Summer,0,2,14.13,Rare Atom,Royal Never Give Up,1490.047941470189,1427.856748983574,62.19119248661491,0.7,0.3,0.39999999999999997,0.75,0.6392415237036972,1
11307-11307_game_1,2024-07-22 11:18:44+00:00,LPL,2024,Summer,0,1,14.13,ThunderTalk Gaming,EDward Gaming,1510.3794530767002,1386.7894177854223,123.5900352912779,0.6,0.2,0.39999999999999997,0.6666666666666667,0.5980834651279714,0
11307-11307_game_2,2024-07-22 12:05:47+00:00,LPL,2024,Summer,0,2,14.13,EDward Gaming,ThunderTalk Gaming,1408.1787237226974,1488.9227561511882,-80.74403242849075,0.3,0.6,-0.3,0.42857142857142855,0.4019165348720286,0
11307-11307_game_3,2024-07-22 12:53:15+00:00,LPL,2024,Summer,0,3,14.13,ThunderTalk Gaming,EDward Gaming,1501.2741884201696,1395.78824618714,105.48594223302962,0.7,0.3,0.39999999999999997,0.625,0.5980834651279714,0
LOLTMNT06_64279,2024-07-22 15:08:08+00:00,LEC,2024,Summer,1,1,14.13,G2 Esports,Fnatic,1757.917381148785,1611.2692265519684,146.64815459681654,0.7,0.4,0.29999999999999993,0.75,0.6349651494840348,1
LOLTMNT06_64296,2024-07-22 15:54:50+00:00,LEC,2024,Summer,1,2,14.13,Fnatic,G2 Esports,1601.6482253877584,1767.5383823129948,-165.8901569252364,0.4,0.7,-0.29999999999999993,0.23076923076923078,0.3650348505159652,1
LOLTMNT06_64299,2024-07-22 16:48:25+00:00,LEC,2024,Summer,1,3,14.13,G2 Esports,Fnatic,1744.4309369542927,1624.7556707464605,119.67526620783224,0.7,0.5,0.19999999999999996,0.7142857142857143,0.6349651494840348,0
LOLTMNT06_64304,2024-07-22 17:56:06+00:00,LEC,2024,Summer,1,4,14.13,G2 Esports,Fnatic,1723.1277829207131,1646.0588247800401,77.06895814067298,0.6,0.6,0.0,0.6666666666666667,0.6349651494840348,1
LOLTMNT06_65288,2024-07-22 18:47:00+00:00,LEC,2024,Summer,1,5,14.13,Fnatic,G2 Esports,1633.5508925883676,1735.6357151123855,-102.08482252401791,0.6,0.6,0.0,0.3125,0.3650348505159652,1
11308-11308_game_1,2024-07-23 09:17:38+00:00,LPL,2024,Summer,0,1,14.13,Weibo Gaming,Bilibili Gaming,1556.3495990057422,1686.457367105606,-130.10776809986373,0.6,0.7,-0.09999999999999998,0.0,0.3040093957137472,1
11308-11308_game_2,2024-07-23 10:08:12+00:00,LPL,2024,Summer,0,2,14.13,Bilibili Gaming,Weibo Gaming,1665.0731417760308,1578.0689076956055,87.00423408042525,0.6,0.6,0.0,0.6666666666666666,0.6959906042862527,1
11308-11308_game_3,2024-07-23 10:53:47+00:00,LPL,2024,Summer,0,3,14.13,Weibo Gaming,Bilibili Gaming,1565.9889507258588,1677.2834499530502,-111.29449922719141,0.6,0.6,0.0,0.25,0.3040093957137472,0
11309-11309_game_1,2024-07-23 11:16:07+00:00,LPL,2024,Summer,0,1,14.13,Top Esports,Ninjas in Pyjamas,1744.7477541394085,1453.0133755633265,291.734378576082,0.5,0.1,0.4,1.0,0.749885350856555,1
11309-11309_game_2,2024-07-23 12:12:50+00:00,LPL,2024,Summer,0,2,14.13,Ninjas in Pyjamas,Top Esports,1447.983599926765,1749.7775297759697,-301.7939298492047,0.1,0.6,-0.5,0.0,0.2501146491434449,0
LOLTMNT06_66027,2024-07-23 15:08:06+00:00,LEC,2024,Summer,1,1,14.13,Team BDS,GiantX,1603.5359986207122,1472.4020357500963,131.13396287061596,0.7,0.5,0.19999999999999996,1.0,,1
LOLTMNT06_67033,2024-07-23 16:13:37+00:00,LEC,2024,Summer,1,2,14.13,GiantX,Team BDS,1462.1192814036442,1613.8007145529343,-151.68143314929011,0.4,0.7,-0.29999999999999993,0.0,,1
LOLTMNT06_67037,2024-07-23 17:13:11+00:00,LEC,2024,Summer,1,3,14.13,Team BDS,GiantX,1591.261094542418,1484.6411450488129,106.61994949360519,0.6,0.5,0.09999999999999998,0.8,,1
LOLTMNT06_67042,2024-07-23 18:11:04+00:00,LEC,2024,Summer,1,1,14.13,SK Gaming,Karmine Corp,1584.941265111397,1506.9355344202959,78.00573069110101,0.7,0.4,0.29999999999999993,0.6666666666666667,0.6188687878087552,0
LOLTMNT06_66054,2024-07-23 19:02:57+00:00,LEC,2024,Summer,1,2,14.13,SK Gaming,Karmine Corp,1565.4723886560691,1526.4023203848342,39.07006827123496,0.6,0.5,0.09999999999999998,0.5,0.6188687878087552,1
LOLTMNT06_66056,2024-07-23 19:49:36+00:00,LEC,2024,Summer,1,3,14.13,Karmine Corp,SK Gaming,1512.1665699379669,1579.716495537395,-67.5499255994282,0.5,0.7,-0.19999999999999996,0.4,0.3811312121912448,1
LOLTMNT01_150466,2024-07-24 08:06:27+00:00,LCK,2024,Summer,0,1,14.14,BNK FEARX,Nongshim RedForce,1485.4547940751277,1431.684366714629,53.770427360498616,0.4,0.4,0.0,0.5555555555555556,0.5970210220230041,1
LOLTMNT01_149503,2024-07-24 09:00:54+00:00,LCK,2024,Summer,0,2,14.14,Nongshim RedForce,BNK FEARX,1418.1186296388842,1499.0284206059491,-80.90979096706496,0.4,0.5,-0.09999999999999998,0.4,0.4029789779769959,0
11310-11310_game_1,2024-07-24 09:16:54+00:00,LPL,2024,Summer,0,1,14.14,Ultra Prime,Oh My God,1398.230626698271,1502.5612804756374,-104.33065377736648,0.5,0.8,-0.30000000000000004,0.0,0.3781164631320576,1
11310-11310_game_2,2024-07-24 10:15:37+00:00,LPL,2024,Summer,0,2,14.14,Ultra Prime,Oh My God,1418.879693474121,1481.9293582043244,-63.0496647302034,0.6,0.7,-0.09999999999999998,0.33333333333333337,0.3781164631320576,0
LOLTMNT01_149527,2024-07-24 10:43:20+00:00,LCK,2024,Summer,0,1,14.14,HANJIN BRION,Gen.G,1377.4175963099387,1874.8013416248104,-497.3837453148717,0.3,0.8,-0.5,0.0,0.1360254042281315,0
11310-11310_game_3,2024-07-24 11:03:56+00:00,LPL,2024,Summer,0,3,14.14,Oh My God,Ultra Prime,1495.0789337021852,1405.74232753953,89.33660616265524,0.7,0.5,0.19999999999999996,0.75,0.6218835368679423,1
11311-11311_game_1,2024-07-24 11:18:59+00:00,LPL,2024,Summer,0,1,14.14,LNG Esports,JD Gaming,1622.0186874759074,1659.4477805294027,-37.42909305349531,0.6,0.7,-0.09999999999999998,0.33333333333333337,0.4642249508736992,1
LOLTMNT01_149544,2024-07-24 11:36:23+00:00,LCK,2024,Summer,0,2,14.14,HANJIN BRION,Gen.G,1375.547076728693,1876.5294847127384,-500.9824079840455,0.3,0.9,-0.6000000000000001,0.0,0.1360254042281315,0
11311-11311_game_2,2024-07-24 12:12:48+00:00,LPL,2024,Summer,0,2,14.14,JD Gaming,LNG Esports,1641.7329491807118,1639.735709056717,1.997240123994743,0.6,0.6,0.0,0.5,0.5357750491263008,1
11311-11311_game_3,2024-07-24 13:07:39+00:00,LPL,2024,Summer,0,3,14.14,LNG Esports,JD Gaming,1623.8276838008794,1657.640667762819,-33.81298396193961,0.6,0.6,0.0,0.4,0.4642249508736992,1
11312-11312_game_1,2024-07-25 07:22:54+00:00,LPL,2024,Summer,0,1,14.14,Rare Atom,Team WE,1503.228553122239,1417.4572523153333,85.77130080690563,0.7,0.4,0.29999999999999993,0.6666666666666666,0.5,1
LOLTMNT01_149897,2024-07-25 08:07:22+00:00,LCK,2024,Summer,0,1,14.14,Hanwha Life Esports,DN SOOPers,1736.1687938879409,1477.7433072337428,258.42548665419804,0.9,0.3,0.6000000000000001,0.9,0.7692151298581198,1
11312-11312_game_2,2024-07-25 08:14:54+00:00,LPL,2024,Summer,0,2,14.14,Team WE,Rare Atom,1405.3267311892655,1515.3738139680072,-110.0470827787417,0.3,0.7,-0.39999999999999997,0.25,0.5,1
LOLTMNT01_149909,2024-07-25 09:03:53+00:00,LCK,2024,Summer,0,2,14.14,Hanwha Life Esports,DN SOOPers,1742.0657449201979,1471.8322618452949,270.233483074903,0.9,0.3,0.6000000000000001,0.9090909090909091,0.7692151298581198,1
11312-11312_game_3,2024-07-25 09:10:57+00:00,LPL,2024,Summer,0,3,14.14,Rare Atom,Team WE,1494.4872882494146,1426.2293065628414,68.2579816865732,0.7,0.3,0.39999999999999997,0.6,0.5,1
11313-11313_game_1,2024-07-25 09:16:01+00:00,LPL,2024,Summer,0,1,14.14,Invictus Gaming,Royal Never Give Up,1417.4793719832337,1414.8703482075882,2.6090237756454826,0.4,0.2,0.2,0.6666666666666666,0.5970210220230042,0
11313-11313_game_2,2024-07-25 10:05:55+00:00,LPL,2024,Summer,0,2,14.14,Royal Never Give Up,Invictus Gaming,1430.997794973255,1401.3596393512078,29.63815562204718,0.3,0.3,0.0,0.5,0.4029789779769958,0
LOLTMNT01_149936,2024-07-25 10:36:38+00:00,LCK,2024,Summer,0,1,14.14,Dplus Kia,DRX,1619.1967719285562,1370.4964537971387,248.7003181314176,0.6,0.0,0.6,0.8571428571428572,0.7948065308964944,1
11313-11313_game_3,2024-07-25 10:56:42+00:00,LPL,2024,Summer,0,3,14.14,Invictus Gaming,Royal Never Give Up,1418.713282746278,1413.6842415619692,5.0290411843088805,0.4,0.3,0.10000000000000003,0.6,0.5970210220230042,1
LOLTMNT01_150875,2024-07-25 11:30:09+00:00,LCK,2024,Summer,0,2,14.14,DRX,Dplus Kia,1364.06216947645,1625.3677862710765,-261.30561679462653,0.0,0.6,-0.6,0.125,0.2051934691035055,0
11314-11314_game_1,2024-07-25 12:15:14+00:00,LPL,2024,Summer,0,1,14.14,Weibo Gaming,LGD Gaming,1554.940404632062,1476.2608271946187,78.67957743744319,0.5,0.1,0.4,0.33333333333333337,,1
11314-11314_game_2,2024-07-25 13:03:28+00:00,LPL,2024,Summer,0,2,14.14,LGD Gaming,Weibo Gaming,1463.8191059009314,1567.3813596943478,-103.5622537934164,0.1,0.6,-0.5,0.5,,0
11315-11315_game_1,2024-07-26 07:16:48+00:00,LPL,2024,Summer,0,1,14.14,Oh My God,ThunderTalk Gaming,1507.0783618968076,1480.565140566225,26.51322133058261,0.7,0.7,0.0,1.0,0.5241982258282005,0
LOLTMNT01_151223,2024-07-26 08:07:01+00:00,LCK,2024,Summer,0,1,14.14,BNK FEARX,HANJIN BRION,1511.4046949238716,1373.7158709594958,137.68882396437584,0.6,0.2,0.39999999999999997,1.0,0.6688446844301394,1
11315-11315_game_2,2024-07-26 08:08:00+00:00,LPL,2024,Summer,0,2,14.14,ThunderTalk Gaming,Oh My God,1497.7828044537714,1489.8694854035307,7.913319050240716,0.8,0.7,0.10000000000000009,0.33333333333333337,0.4758017741717995,1
LOLTMNT01_152131,2024-07-26 08:57:42+00:00,LCK,2024,Summer,0,2,14.14,HANJIN BRION,BNK FEARX,1363.573199536107,1521.4218823239744,-157.84868278786735,0.2,0.7,-0.49999999999999994,0.0,0.3311553155698605,0
11316-11316_game_1,2024-07-26 09:31:45+00:00,LPL,2024,Summer,0,1,14.14,Anyone's Legend,Top Esports,1589.5728174637272,1754.5666689356808,-164.99385147195358,0.6,0.6,0.0,0.3333333333333333,0.3712268194807526,0
11316-11316_game_2,2024-07-26 10:17:04+00:00,LPL,2024,Summer,0,2,14.14,Top Esports,Anyone's Legend,1763.4923929487934,1580.646407028468,182.84598592032535,0.7,0.5,0.19999999999999996,0.75,0.6287731805192474,1
LOLTMNT01_152156,2024-07-26 10:35:49+00:00,LCK,2024,Summer,0,1,14.14,KT Rolster,T1,1546.572480087492,1664.4187766288821,-117.84629654139007,0.8,0.3,0.5,0.375,0.4035662914267801,0
11317-11317_game_1,2024-07-26 11:23:01+00:00,LPL,2024,Summer,0,1,14.14,Bilibili Gaming,Ninjas in Pyjamas,1688.5647904062243,1443.1944607670544,245.37032963917,0.6,0.1,0.5,0.8888888888888888,0.7804081974224587,0
LOLTMNT01_152162,2024-07-26 11:30:45+00:00,LCK,2024,Summer,0,2,14.14,KT Rolster,T1,1535.7922293557058,1675.1907278690148,-139.39849851330905,0.7,0.4,0.29999999999999993,0.3333333333333333,0.4035662914267801,1
11317-11317_game_2,2024-07-26 12:11:52+00:00,LPL,2024,Summer,0,2,14.14,Ninjas in Pyjamas,Bilibili Gaming,1468.9274038922085,1663.390628555886,-194.46322466367747,0.2,0.5,-0.3,0.19999999999999996,0.2195918025775412,0
LOLTMNT01_152170,2024-07-26 12:27:55+00:00,LCK,2024,Summer,0,3,14.14,T1,KT Rolster,1653.0948354218563,1557.8794897246175,95.21534569723872,0.3,0.7,-0.39999999999999997,0.6,0.5964337085732199,1
11317-11317_game_3,2024-07-26 13:06:56+00:00,LPL,2024,Summer,0,3,14.14,Bilibili Gaming,Ninjas in Pyjamas,1671.7179748536,1461.0516014365844,210.66637341701562,0.6,0.2,0.39999999999999997,0.8181818181818182,0.7804081974224587,1
LOLTMNT06_66167,2024-07-26 15:07:54+00:00,LEC,2024,Summer,1,1,14.13,Team BDS,Karmine Corp,1602.522691916845,1531.190396920979,71.33229499586582,0.6,0.6,0.0,0.6666666666666667,,0
LOLTMNT06_66184,2024-07-26 16:09:28+00:00,LEC,2024,Summer,1,2,14.13,Team BDS,Karmine Corp,1583.2971645434384,1550.3828104879863,32.91435405545212,0.5,0.6,-0.09999999999999998,0.5,,1
LOLTMNT06_66186,2024-07-26 16:53:48+00:00,LEC,2024,Summer,1,3,14.13,Karmine Corp,Team BDS,1535.8764724864711,1597.7906108593559,-61.914138372884736,0.6,0.5,0.09999999999999998,0.4,,0
LOLTMNT06_66188,2024-07-26 17:59:55+00:00,LEC,2024,Summer,1,4,14.13,Karmine Corp,Team BDS,1522.6635850950875,1610.979292382905,-88.31570728781753,0.5,0.6,-0.09999999999999998,0.3333333333333333,,1
LOLTMNT06_67177,2024-07-26 18:51:01+00:00,LEC,2024,Summer,1,5,14.13,Team BDS,Karmine Corp,1591.011262050229,1542.600121898809,48.41114015142011,0.5,0.6,-0.09999999999999998,0.5714285714285714,,1
LOLTMNT01_152468,2024-07-27 06:08:17+00:00,LCK,2024,Summer,0,1,14.14,Hanwha Life Esports,Dplus Kia,1747.642721301899,1631.1854033064446,116.45731799545433,0.9,0.6,0.30000000000000004,0.7142857142857143,0.5980834651279714,1
LOLTMNT01_152477,2024-07-27 06:56:14+00:00,LCK,2024,Summer,0,2,14.14,Dplus Kia,Hanwha Life Esports,1620.3562429016072,1758.4718817067364,-138.11563880512927,0.5,1.0,-0.5,0.25,0.4019165348720286,1
11318-11318_game_1,2024-07-27 07:16:29+00:00,LPL,2024,Summer,0,1,14.14,LGD Gaming,LNG Esports,1452.4467973564408,1641.3799207306165,-188.9331233741757,0.1,0.6,-0.5,0.6666666666666666,0.2317710612877305,1
LOLTMNT01_152480,2024-07-27 07:47:23+00:00,LCK,2024,Summer,0,3,14.14,Hanwha Life Esports,Dplus Kia,1736.426561806616,1642.4015628017273,94.02499900488874,0.9,0.6,0.30000000000000004,0.6666666666666667,0.5980834651279714,1
11318-11318_game_2,2024-07-27 08:09:18+00:00,LPL,2024,Summer,0,2,14.14,LNG Esports,LGD Gaming,1617.4462969880897,1476.373578802381,141.0727181857087,0.5,0.2,0.3,0.25,0.7682289387122695,1
11318-11318_game_3,2024-07-27 08:59:53+00:00,LPL,2024,Summer,0,3,14.14,LGD Gaming,LNG Esports,1466.529730230113,1627.2846481586253,-160.7549179285122,0.2,0.5,-0.3,0.6,0.2317710612877305,0
11319-11319_game_1,2024-07-27 09:16:13+00:00,LPL,2024,Summer,0,1,14.14,EDward Gaming,Ultra Prime,1416.448241653585,1393.7561943486703,22.692047304914695,0.4,0.4,0.0,0.6666666666666666,0.5,1
LOLTMNT01_151627,2024-07-27 09:41:38+00:00,LCK,2024,Summer,0,1,14.14,Gen.G,DN SOOPers,1878.224072882526,1466.2421249707336,411.9819479117923,0.9,0.3,0.6000000000000001,1.0,0.8113029696793962,1
11319-11319_game_2,2024-07-27 10:05:00+00:00,LPL,2024,Summer,0,2,14.14,Ultra Prime,EDward Gaming,1378.796988138439,1431.4288921964649,-52.63190405802584,0.4,0.4,0.0,0.25,0.5,0
LOLTMNT01_152545,2024-07-27 10:27:47+00:00,LCK,2024,Summer,0,2,14.14,DN SOOPers,Gen.G,1463.5016385915728,1880.9558282585513,-417.45418966697844,0.3,0.9,-0.6000000000000001,0.0,0.1886970303206038,0
11320-11320_game_1,2024-07-27 11:32:17+00:00,LPL,2024,Summer,0,1,14.14,FunPlus Phoenix,Top Esports,1561.82630298654,1771.7719602711372,-209.94565728459725,0.7,0.8,-0.10000000000000009,0.6666666666666666,0.2975450302831982,0
11320-11320_game_2,2024-07-27 12:25:43+00:00,LPL,2024,Summer,0,2,14.14,Top Esports,FunPlus Phoenix,1779.13063906884,1554.456402372334,224.6742366965061,0.9,0.6,0.30000000000000004,0.5,0.7024549697168018,1
LOLTMNT06_67198,2024-07-27 15:08:41+00:00,LEC,2024,Summer,1,1,14.13,G2 Esports,Team BDS,1715.0653091706056,1604.8025885207778,110.26272064982777,0.6,0.5,0.09999999999999998,0.8333333333333334,,0
LOLTMNT06_67203,2024-07-27 16:00:58+00:00,LEC,2024,Summer,1,2,14.13,G2 Esports,Team BDS,1694.1513997235354,1625.7002877374407,68.4511119860947,0.6,0.6,0.0,0.7692307692307693,,1
LOLTMNT06_66213,2024-07-27 16:52:10+00:00,LEC,2024,Summer,1,3,14.13,G2 Esports,Team BDS,1707.0392726326904,1612.8018145429917,94.23745808969875,0.6,0.6,0.0,0.7857142857142857,,1
LOLTMNT06_67207,2024-07-27 17:47:12+00:00,LEC,2024,Summer,1,4,14.13,Team BDS,G2 Esports,1601.0259961380198,1718.802861692789,-117.7768655547693,0.5,0.6,-0.09999999999999998,0.19999999999999996,,0
LOLTMNT01_151950,2024-07-28 06:06:59+00:00,LCK,2024,Summer,0,1,14.14,DRX,T1,1357.9969352969551,1664.8165800254314,-306.8196447284763,0.0,0.4,-0.4,0.0,0.1859897754826414,0
LOLTMNT01_151960,2024-07-28 07:16:03+00:00,LCK,2024,Summer,0,2,14.14,DRX,T1,1353.0983286625526,1669.4890943106766,-316.390765648124,0.0,0.4,-0.4,0.0,0.1859897754826414,0
11321-11321_game_1,2024-07-28 07:18:30+00:00,LPL,2024,Summer,0,1,14.14,Invictus Gaming,Team WE,1434.4826467550597,1413.33142302636,21.151223728699733,0.5,0.2,0.3,0.3333333333333333,,1
11321-11321_game_2,2024-07-28 08:24:42+00:00,LPL,2024,Summer,0,2,14.14,Invictus Gaming,Team WE,1449.5141428251045,1398.3038277892679,51.21031503583663,0.6,0.1,0.5,0.5,,1
LOLTMNT01_153007,2024-07-28 08:46:54+00:00,LCK,2024,Summer,0,1,14.14,KT Rolster,Nongshim RedForce,1546.151858043951,1417.357381187993,128.794476855958,0.6,0.4,0.19999999999999996,0.8571428571428571,0.7361969138744575,1
11322-11322_game_1,2024-07-28 09:16:08+00:00,LPL,2024,Summer,0,1,14.14,Anyone's Legend,LNG Esports,1572.366177763358,1636.368296353741,-64.0021185903829,0.4,0.5,-0.09999999999999998,0.0,0.4029789779769959,1
LOLTMNT01_152880,2024-07-28 09:36:49+00:00,LCK,2024,Summer,0,2,14.14,Nongshim RedForce,KT Rolster,1406.995807029475,1556.4855803727537,-149.48977334327878,0.4,0.6,-0.19999999999999996,0.125,0.2638030861255425,1
11322-11322_game_2,2024-07-28 10:23:25+00:00,LPL,2024,Summer,0,2,14.14,LNG Esports,Anyone's Legend,1617.4537977516338,1591.2803944218508,26.173403329783014,0.5,0.4,0.09999999999999998,0.6666666666666667,0.5970210220230041,1
LOLTMNT01_153026,2024-07-28 10:28:54+00:00,LCK,2024,Summer,0,3,14.14,KT Rolster,Nongshim RedForce,1534.0042585330564,1429.4490218137453,104.5552367193111,0.5,0.5,0.0,0.7777777777777778,0.7361969138744575,1
11323-11323_game_1,2024-07-28 11:17:11+00:00,LPL,2024,Summer,0,1,14.14,FunPlus Phoenix,Weibo Gaming,1547.5565758929183,1578.752705684071,-31.19612979115277,0.6,0.6,0.0,1.0,0.4029789779769959,0
11322-11322_game_3,2024-07-28 11:18:51+00:00,LPL,2024,Summer,0,3,14.14,Anyone's Legend,LNG Esports,1576.4833317474154,1632.250748722585,-55.76741697516968,0.3,0.5,-0.2,0.25,0.4029789779769959,0
11323-11323_game_2,2024-07-28 12:04:22+00:00,LPL,2024,Summer,0,2,14.14,Weibo Gaming,FunPlus Phoenix,1593.3211144013799,1532.986576647699,60.334537753680934,0.6,0.6,0.0,0.33333333333333337,0.5970210220230041,1
LOLTMNT06_66234,2024-07-28 15:11:37+00:00,LEC,2024,Summer,1,1,14.13,Fnatic,G2 Esports,1654.1212985301477,1729.577668434757,-75.45636990460935,0.7,0.6,0.09999999999999998,0.35294117647058826,0.4225811010586227,0
LOLTMNT06_66243,2024-07-28 16:04:29+00:00,LEC,2024,Summer,1,2,14.13,Fnatic,G2 Esports,1641.5425701817505,1742.1563967831542,-100.61382660140362,0.7,0.6,0.09999999999999998,0.3333333333333333,0.4225811010586227,0
LOLTMNT06_66246,2024-07-28 16:59:26+00:00,LEC,2024,Summer,1,3,14.13,Fnatic,G2 Esports,1630.05068677136,1753.6482801935447,-123.59759342218467,0.6,0.6,0.0,0.3157894736842105,0.4225811010586227,0
11324-11324_game_1,2024-07-29 09:18:17+00:00,LPL,2024,Summer,0,1,14.14,Royal Never Give Up,ThunderTalk Gaming,1397.9182917794133,1513.418986240348,-115.50069446093471,0.3,0.8,-0.5,0.0,0.3401863982905546,0
11324-11324_game_2,2024-07-29 10:02:34+00:00,LPL,2024,Summer,0,2,14.14,Royal Never Give Up,ThunderTalk Gaming,1386.943791477312,1524.2915060019209,-137.34771452460882,0.3,0.8,-0.5,0.0,0.3401863982905546,0
11325-11325_game_1,2024-07-29 11:27:46+00:00,LPL,2024,Summer,0,1,14.14,Oh My God,Rare Atom,1474.2348024226671,1507.395568330167,-33.16076590749981,0.6,0.8,-0.20000000000000007,0.42857142857142855,0.4707887655521662,1
11325-11325_game_2,2024-07-29 12:12:23+00:00,LPL,2024,Summer,0,2,14.14,Rare Atom,Oh My God,1489.8790947684497,1491.7527656757254,-1.8736709072757094,0.7,0.6,0.09999999999999998,0.5,0.5292112344478338,0
11326-11326_game_1,2024-07-30 09:18:25+00:00,LPL,2024,Summer,0,1,14.14,Ninjas in Pyjamas,LGD Gaming,1455.627721798368,1457.4406075559266,-1.8128857575586608,0.2,0.2,0.0,1.0,,1
11326-11326_game_2,2024-07-30 10:24:12+00:00,LPL,2024,Summer,0,2,14.14,LGD Gaming,Ninjas in Pyjamas,1441.3574222216846,1471.7112080634945,-30.353785841809895,0.1,0.2,-0.1,0.0,,1
11327-11327_game_1,2024-07-30 11:15:39+00:00,LPL,2024,Summer,0,1,14.14,Bilibili Gaming,Anyone's Legend,1679.5017247048975,1563.0294680962618,116.47225660863569,0.6,0.2,0.39999999999999997,1.0,0.6906057493746031,1
11326-11326_game_3,2024-07-30 11:24:50+00:00,LPL,2024,Summer,0,3,14.14,Ninjas in Pyjamas,LGD Gaming,1454.3170715385613,1458.7507494640718,-4.4336779255104375,0.2,0.2,0.0,0.75,,0
11327-11327_game_2,2024-07-30 11:58:32+00:00,LPL,2024,Summer,0,2,14.14,Bilibili Gaming,Anyone's Legend,1690.5478420756226,1552.2005570314655,138.34728504415716,0.7,0.2,0.49999999999999994,1.0,0.6906057493746031,0
11327-11327_game_3,2024-07-30 12:56:20+00:00,LPL,2024,Summer,0,3,14.14,Bilibili Gaming,Anyone's Legend,1668.753823739658,1574.2546423691606,94.49918137049735,0.7,0.2,0.49999999999999994,0.75,0.6906057493746031,1
LOLTMNT01_153827,2024-07-31 08:06:20+00:00,LCK,2024,Summer,0,1,14.14,T1,Dplus Kia,1673.946021574693,1630.628874092866,43.31714748182708,0.5,0.6,-0.09999999999999998,1.0,0.5663969528555135,0
LOLTMNT01_154710,2024-07-31 09:15:05+00:00,LCK,2024,Summer,0,2,14.14,T1,Dplus Kia,1655.9614656305253,1648.6134302504884,7.34803538003689,0.5,0.6,-0.09999999999999998,0.9,0.5663969528555135,1
11328-11328_game_1,2024-07-31 09:17:04+00:00,LPL,2024,Summer,0,1,14.14,FunPlus Phoenix,Bilibili Gaming,1519.733175942259,1680.6453003444553,-160.91212440219624,0.5,0.7,-0.19999999999999996,0.0,0.2501146491434448,0
LOLTMNT01_154728,2024-07-31 10:06:56+00:00,LCK,2024,Summer,0,3,14.14,Dplus Kia,T1,1632.9517693407943,1671.6231265736799,-38.67135723288561,0.5,0.5,0.0,0.09090909090909091,0.4336030471444865,0
11328-11328_game_2,2024-07-31 10:14:12+00:00,LPL,2024,Summer,0,2,14.14,Bilibili Gaming,FunPlus Phoenix,1689.9914866621482,1510.6477616875286,179.3437249746196,0.7,0.4,0.29999999999999993,1.0,0.7498853508565553,1
11329-11329_game_1,2024-07-31 11:18:13+00:00,LPL,2024,Summer,0,1,14.14,JD Gaming,Top Esports,1640.0900714075185,1786.0199158025357,-145.9298443950172,0.5,1.0,-0.5,0.4,0.3923457993453778,0
LOLTMNT01_154783,2024-07-31 11:46:57+00:00,LCK,2024,Summer,0,1,14.14,KT Rolster,Hanwha Life Esports,1545.3350859489722,1748.1992505154776,-202.86416456650545,0.5,0.9,-0.4,0.1428571428571429,0.2797047659500517,1
11329-11329_game_2,2024-07-31 12:19:13+00:00,LPL,2024,Summer,0,2,14.14,Top Esports,JD Gaming,1795.6687612587368,1630.43467866747,165.23408259126677,1.0,0.5,0.5,0.625,0.6076542006546222,1
LOLTMNT01_153913,2024-07-31 12:40:35+00:00,LCK,2024,Summer,0,2,14.14,Hanwha Life Esports,KT Rolster,1723.7914583087738,1569.7360204116299,154.05543789714397,0.8,0.5,0.30000000000000004,0.75,0.7202952340499482,1
LOLTMNT01_153935,2024-07-31 13:38:00+00:00,LCK,2024,Summer,0,3,14.14,KT Rolster,Hanwha Life Esports,1560.3937450209755,1733.1280235352247,-172.73427851424913,0.4,0.8,-0.4,0.2222222222222222,0.2797047659500517,1
LOLTMNT01_156045,2024-08-01 08:06:25+00:00,LCK,2024,Summer,0,1,14.14,DRX,HANJIN BRION,1348.430375075652,1384.6407767850046,-36.21040170935271,0.0,0.2,-0.2,0.5555555555555556,0.526589063855476,1
LOLTMNT01_156049,2024-08-01 08:58:04+00:00,LCK,2024,Summer,0,2,14.14,HANJIN BRION,DRX,1367.0585677422118,1366.0798698564884,0.9786978857234772,0.2,0.1,0.1,0.4,0.473410936144524,0
LOLTMNT01_155209,2024-08-01 10:48:46+00:00,LCK,2024,Summer,0,1,14.14,BNK FEARX,Gen.G,1530.659480744723,1883.6098984271416,-352.9504176824187,0.8,0.9,-0.09999999999999998,0.0,0.1628074961641101,0
LOLTMNT01_156084,2024-08-01 11:38:24+00:00,LCK,2024,Summer,0,2,14.14,BNK FEARX,Gen.G,1526.912566993037,1887.3190148649705,-360.40644787193355,0.7,0.9,-0.20000000000000007,0.0,0.1628074961641101,0
LOLTMNT01_155358,2024-08-02 08:06:37+00:00,LCK,2024,Summer,0,1,14.14,Nongshim RedForce,Hanwha Life Esports,1406.6501777804606,1709.7698157691343,-303.11963798867373,0.4,0.7,-0.29999999999999993,0.1428571428571429,0.1740916473850559,0
LOLTMNT01_156239,2024-08-02 08:57:06+00:00,LCK,2024,Summer,0,2,14.14,Nongshim RedForce,Hanwha Life Esports,1414.102639421642,1714.5279599240698,-300.4253205024279,0.3,0.7,-0.39999999999999997,0.125,0.1740916473850559,0
LOLTMNT01_156255,2024-08-02 10:37:32+00:00,LCK,2024,Summer,0,1,14.14,Dplus Kia,DN SOOPers,1618.725333071139,1466.381297359868,152.34403571127086,0.4,0.2,0.2,0.2857142857142857,0.7298030217565579,1
LOLTMNT01_155392,2024-08-02 11:24:52+00:00,LCK,2024,Summer,0,2,14.14,DN SOOPers,Dplus Kia,1456.97186533559,1628.1271751170702,-171.15530978148013,0.1,0.5,-0.4,0.625,0.2701969782434421,1
LOLTMNT01_155400,2024-08-02 12:20:51+00:00,LCK,2024,Summer,0,3,14.14,Dplus Kia,DN SOOPers,1604.8264224035815,1480.2651781146453,124.56124428893622,0.5,0.2,0.3,0.33333333333333337,0.7298030217565579,1
LOLTMNT01_155488,2024-08-03 06:06:23+00:00,LCK,2024,Summer,0,1,14.14,T1,Gen.G,1685.8495630020425,1890.88969063768,-205.04012763563742,0.6,0.9,-0.30000000000000004,0.25,0.3401863982905546,0
LOLTMNT01_155499,2024-08-03 07:12:31+00:00,LCK,2024,Summer,0,2,14.14,T1,Gen.G,1678.3296518600077,1898.409601275685,-220.07994941567722,0.6,0.9,-0.30000000000000004,0.23076923076923073,0.3401863982905546,0
LOLTMNT01_156416,2024-08-03 08:57:43+00:00,LCK,2024,Summer,0,1,14.14,BNK FEARX,DRX,1523.306392915416,1382.1612359824333,141.14515693298267,0.7,0.2,0.49999999999999994,0.5714285714285714,0.6598136017094454,1
LOLTMNT01_156427,2024-08-03 09:42:57+00:00,LCK,2024,Summer,0,2,14.14,DRX,BNK FEARX,1372.1971439056365,1533.1783761019033,-160.98123219626677,0.2,0.7,-0.49999999999999994,0.375,0.3401863982905546,0
11348-11348_game_1,2024-08-03 10:17:03+00:00,LPL,2024,Summer,1,1,14.14,LGD Gaming,Invictus Gaming,1474.5469064033637,1463.182399617245,11.364506786118682,0.3,0.7,-0.39999999999999997,0.33333333333333337,,1
11348-11348_game_2,2024-08-03 11:02:46+00:00,LPL,2024,Summer,1,2,14.14,Invictus Gaming,LGD Gaming,1447.7033602626411,1490.0242467820951,-42.32088651945401,0.7,0.4,0.29999999999999993,0.5,,0
11348-11348_game_3,2024-08-03 11:45:35+00:00,LPL,2024,Summer,1,3,14.14,LGD Gaming,Invictus Gaming,1504.0862079006915,1433.6357863351382,70.45042156555337,0.5,0.6,-0.09999999999999998,0.6,,0
11348-11348_game_4,2024-08-03 12:34:04+00:00,LPL,2024,Summer,1,4,14.14,LGD Gaming,Invictus Gaming,1484.8874571801246,1452.826316238145,32.0611409419796,0.5,0.7,-0.19999999999999996,0.5,,0
11348-11348_game_5,2024-08-03 13:37:55+00:00,LPL,2024,Summer,1,5,14.14,Invictus Gaming,LGD Gaming,1470.2941696399628,1467.4160266556803,2.8781429842824764,0.7,0.5,0.19999999999999996,0.5714285714285714,,0
LOLTMNT01_156500,2024-08-04 06:07:39+00:00,LCK,2024,Summer,0,1,14.14,HANJIN BRION,KT Rolster,1328.6747971796776,1583.7463582957948,-255.0715611161172,0.2,0.5,-0.3,0.14285714285714285,0.1859897754826414,1
LOLTMNT01_155636,2024-08-04 07:01:18+00:00,LCK,2024,Summer,0,2,14.14,KT Rolster,HANJIN BRION,1557.7422424098618,1354.5279110877586,203.21433132210313,0.5,0.3,0.2,0.75,0.8140102245173586,0
LOLTMNT01_155673,2024-08-04 08:47:33+00:00,LCK,2024,Summer,0,1,14.14,DN SOOPers,Nongshim RedForce,1469.7619534648975,1403.6174472814264,66.1445061834711,0.2,0.3,-0.09999999999999998,0.8571428571428571,0.65342684941536,1
LOLTMNT01_156545,2024-08-04 09:39:11+00:00,LCK,2024,Summer,0,2,14.14,DN SOOPers,Nongshim RedForce,1482.7555356170046,1390.6013904964243,92.15414512058032,0.3,0.3,0.0,0.875,0.65342684941536,1
11349-11349_game_1,2024-08-04 10:14:57+00:00,LPL,2024,Summer,1,1,14.14,Ninjas in Pyjamas,Rare Atom,1438.5212264261256,1473.9660356072607,-35.44480918113504,0.2,0.6,-0.39999999999999997,1.0,0.5562236105630297,1
11349-11349_game_2,2024-08-04 11:15:46+00:00,LPL,2024,Summer,1,2,14.14,Rare Atom,Ninjas in Pyjamas,1456.3445778825503,1456.147740582731,0.19683729981920806,0.5,0.3,0.2,0.0,0.4437763894369703,0
11349-11349_game_3,2024-08-04 12:04:37+00:00,LPL,2024,Summer,1,3,14.14,Rare Atom,Ninjas in Pyjamas,1440.3362300610352,1472.1568105871538,-31.820580526118647,0.5,0.4,0.09999999999999998,0.0,0.4437763894369703,0
11350-11350_game_1,2024-08-05 10:16:35+00:00,LPL,2024,Summer,1,1,14.14,Oh My God,ThunderTalk Gaming,1507.6689382433156,1534.2804867631417,-26.6115485198261,0.7,0.8,-0.10000000000000009,0.5,0.4730116255889802,0
11350-11350_game_2,2024-08-05 11:02:59+00:00,LPL,2024,Summer,1,2,14.14,Oh My God,ThunderTalk Gaming,1492.8892503239845,1549.0583566029516,-56.16910627896709,0.6,0.8,-0.20000000000000007,0.4,0.4730116255889802,0
11350-11350_game_3,2024-08-05 11:45:21+00:00,LPL,2024,Summer,1,3,14.14,ThunderTalk Gaming,Oh My God,1562.4956687663278,1479.4464695772601,83.04919918906762,0.8,0.5,0.30000000000000004,0.6666666666666667,0.5269883744110198,1
LOLTMNT02_150406,2024-08-07 08:06:18+00:00,LCK,2024,Summer,0,1,14.15,DRX,Gen.G,1332.2969552100135,1905.4429281506175,-573.145972940604,0.2,1.0,-0.8,0.0,0.1360254042281315,0
LOLTMNT02_149440,2024-08-07 08:56:18+00:00,LCK,2024,Summer,0,2,14.15,DRX,Gen.G,1331.1388529485819,1906.5819821222515,-575.4431291736696,0.2,1.0,-0.8,0.0,0.1360254042281315,0
LOLTMNT02_149504,2024-08-07 10:36:57+00:00,LCK,2024,Summer,0,1,14.15,DN SOOPers,KT Rolster,1494.6125150268,1533.3280256751566,-38.715510648356485,0.3,0.5,-0.2,0.5714285714285714,0.3880443188634618,1
LOLTMNT02_150520,2024-08-07 11:34:21+00:00,LCK,2024,Summer,0,2,14.15,KT Rolster,DN SOOPers,1515.554032417839,1512.38659414507,3.1674382727690045,0.4,0.4,0.0,0.375,0.6119556811365381,0
LOLTMNT02_149962,2024-08-08 08:07:43+00:00,LCK,2024,Summer,0,1,14.15,Hanwha Life Esports,HANJIN BRION,1719.3492714540166,1378.8071247961918,340.5421466578248,0.7,0.3,0.39999999999999997,1.0,0.818199203508443,1
LOLTMNT02_150943,2024-08-08 08:59:04+00:00,LCK,2024,Summer,0,2,14.15,Hanwha Life Esports,HANJIN BRION,1723.2991152217378,1374.7343366329737,348.56477858876406,0.7,0.3,0.39999999999999997,1.0,0.818199203508443,1
LOLTMNT02_150971,2024-08-08 10:36:48+00:00,LCK,2024,Summer,0,1,14.15,Dplus Kia,BNK FEARX,1620.911405587555,1542.2892214559943,78.62218413156074,0.5,0.8,-0.30000000000000004,0.8571428571428572,0.6688446844301394,0
LOLTMNT02_152013,2024-08-08 11:28:19+00:00,LCK,2024,Summer,0,2,14.15,Dplus Kia,BNK FEARX,1601.3549918131937,1561.8328019894439,39.52218982374984,0.4,0.8,-0.4,0.75,0.6688446844301394,1
LOLTMNT02_151065,2024-08-08 12:41:58+00:00,LCK,2024,Summer,0,3,14.15,BNK FEARX,Dplus Kia,1547.6385014887287,1615.544649465428,-67.90614797669923,0.7,0.5,0.19999999999999996,0.2222222222222222,0.3311553155698605,0
LOLTMNT02_151332,2024-08-09 08:06:33+00:00,LCK,2024,Summer,0,1,14.15,Gen.G,KT Rolster,1907.7065988387483,1499.4084353253015,408.29816351344675,1.0,0.4,0.6,0.6666666666666666,0.793874051317928,1
LOLTMNT02_152438,2024-08-09 08:58:05+00:00,LCK,2024,Summer,0,2,14.15,KT Rolster,Gen.G,1496.620384566479,1910.4918054095385,-413.87142084305947,0.3,1.0,-0.7,0.2857142857142857,0.206125948682072,1
LOLTMNT02_152455,2024-08-09 09:49:48+00:00,LCK,2024,Summer,0,3,14.15,Gen.G,KT Rolster,1881.1965071008551,1525.912979873225,355.2835272276302,0.9,0.4,0.5,0.625,0.793874051317928,0
LOLTMNT02_151414,2024-08-09 11:43:38+00:00,LCK,2024,Summer,0,1,14.15,T1,Nongshim RedForce,1671.296324509821,1378.7162331950942,292.5800913147268,0.6,0.2,0.39999999999999997,0.8571428571428572,0.7832506024412896,0
LOLTMNT02_151430,2024-08-09 12:40:09+00:00,LCK,2024,Summer,0,2,14.15,T1,Nongshim RedForce,1644.305497271414,1405.6606378851227,238.64485938629127,0.5,0.2,0.3,0.75,0.7832506024412896,0
LOLTMNT02_153183,2024-08-10 06:06:29+00:00,LCK,2024,Summer,0,1,14.15,BNK FEARX,DN SOOPers,1534.7145588914052,1528.53245532576,6.182103565645093,0.6,0.5,0.09999999999999998,0.375,0.5298601656056385,0
LOLTMNT02_151742,2024-08-10 07:00:31+00:00,LCK,2024,Summer,0,2,14.15,BNK FEARX,DN SOOPers,1518.433281924726,1544.8170090823944,-26.383727157668318,0.5,0.6,-0.09999999999999998,0.3333333333333333,0.5298601656056385,1
LOLTMNT02_151764,2024-08-10 07:53:28+00:00,LCK,2024,Summer,0,3,14.15,DN SOOPers,BNK FEARX,1527.605258226815,1535.6430717828123,-8.037813555997218,0.6,0.5,0.09999999999999998,0.6,0.4701398343943614,0
LOLTMNT02_151812,2024-08-10 09:21:53+00:00,LCK,2024,Summer,0,1,14.15,Hanwha Life Esports,DRX,1727.0918235308131,1340.1381185890073,386.9537049418059,0.7,0.2,0.49999999999999994,0.8571428571428572,0.8282741404784987,1
LOLTMNT02_153281,2024-08-10 10:13:12+00:00,LCK,2024,Summer,0,2,14.15,DRX,Hanwha Life Esports,1336.9730673937097,1730.2057234436888,-393.23265604997914,0.2,0.7,-0.49999999999999994,0.125,0.1717258595215013,0
11351-11351_game_1,2024-08-10 10:17:30+00:00,LPL,2024,Summer,1,1,14.15,LGD Gaming,Ninjas in Pyjamas,1483.5485875797026,1486.6956170671474,-3.1470294874447973,0.5,0.5,0.0,0.4,,0
11351-11351_game_2,2024-08-10 11:10:37+00:00,LPL,2024,Summer,1,2,14.15,LGD Gaming,Ninjas in Pyjamas,1467.6935194611901,1502.5507095316157,-34.85719007042553,0.5,0.6,-0.09999999999999998,0.3333333333333333,,0
11351-11351_game_3,2024-08-10 12:08:24+00:00,LPL,2024,Summer,1,3,14.15,LGD Gaming,Ninjas in Pyjamas,1453.292819185109,1516.9509440110155,-63.6581248259065,0.5,0.6,-0.09999999999999998,0.2857142857142857,,1
11351-11351_game_4,2024-08-10 13:08:24+00:00,LPL,2024,Summer,1,4,14.15,Ninjas in Pyjamas,LGD Gaming,1498.0519124645,1472.191046403179,25.860866061321076,0.6,0.6,0.0,0.625,,1
LOLTMNT05_73594,2024-08-10 15:10:05+00:00,LEC,2024,Finals,1,1,14.15,Team BDS,Fnatic,1590.238201238597,1619.5140209883616,-29.27581974976465,0.5,0.5,0.0,0.625,,0
LOLTMNT05_73614,2024-08-10 16:07:39+00:00,LEC,2024,Finals,1,2,14.15,Fnatic,Team BDS,1634.1690014546323,1575.5790385437144,58.58996291091785,0.5,0.4,0.09999999999999998,0.4444444444444444,,1
LOLTMNT05_73618,2024-08-10 16:54:34+00:00,LEC,2024,Finals,1,3,14.15,Fnatic,Team BDS,1647.496123079946,1562.2454078459673,85.25071523397878,0.5,0.4,0.09999999999999998,0.5,,1
LOLTMNT02_154211,2024-08-11 06:07:55+00:00,LCK,2024,Summer,0,1,14.15,Nongshim RedForce,Dplus Kia,1431.1497199620974,1628.4594121900845,-197.30969222798717,0.3,0.5,-0.2,0.0,0.2167493975587103,1
LOLTMNT02_153745,2024-08-11 07:11:20+00:00,LCK,2024,Summer,0,2,14.15,Dplus Kia,Nongshim RedForce,1604.2431289315693,1455.3280785606498,148.91505037091952,0.5,0.4,0.09999999999999998,0.8571428571428571,0.7832506024412896,1
LOLTMNT02_154246,2024-08-11 08:17:21+00:00,LCK,2024,Summer,0,3,14.15,Dplus Kia,Nongshim RedForce,1613.780613088184,1445.7593610404515,168.02125204773256,0.5,0.4,0.09999999999999998,0.875,0.7832506024412896,1
LOLTMNT02_153808,2024-08-11 09:56:06+00:00,LCK,2024,Summer,0,1,14.15,HANJIN BRION,T1,1370.8265099040416,1618.7699653607192,-247.9434554566776,0.2,0.5,-0.3,0.14285714285714285,0.2396205914907681,0
11352-11352_game_1,2024-08-11 10:22:48+00:00,LPL,2024,Summer,1,1,14.15,FunPlus Phoenix,ThunderTalk Gaming,1502.2364478458314,1574.744459821964,-72.5080119761326,0.4,0.8,-0.4,0.75,0.5295460419928208,0
LOLTMNT02_154335,2024-08-11 10:49:51+00:00,LCK,2024,Summer,0,2,14.15,HANJIN BRION,T1,1364.508916736247,1624.9627104949689,-260.45379375872176,0.2,0.5,-0.3,0.125,0.2396205914907681,0
11352-11352_game_2,2024-08-11 11:16:15+00:00,LPL,2024,Summer,1,2,14.15,FunPlus Phoenix,ThunderTalk Gaming,1489.5240001418802,1587.4547353285475,-97.93073518666733,0.3,0.9,-0.6000000000000001,0.6666666666666666,0.5295460419928208,1
11352-11352_game_3,2024-08-11 12:06:34+00:00,LPL,2024,Summer,1,3,14.15,ThunderTalk Gaming,FunPlus Phoenix,1567.0626392521299,1509.9136122012292,57.14902705090071,0.8,0.3,0.5,0.30000000000000004,0.4704539580071791,0
11352-11352_game_4,2024-08-11 13:04:47+00:00,LPL,2024,Summer,1,4,14.15,FunPlus Phoenix,ThunderTalk Gaming,1528.5192509967521,1548.4555028221446,-19.936251825392446,0.3,0.8,-0.5,0.7272727272727273,0.5295460419928208,0
11352-11352_game_5,2024-08-11 14:09:34+00:00,LPL,2024,Summer,1,5,14.15,ThunderTalk Gaming,FunPlus Phoenix,1563.5388448164824,1513.435321028392,50.10352378809034,0.8,0.2,0.6000000000000001,0.33333333333333337,0.4704539580071791,0
LOLTMNT05_73676,2024-08-11 15:07:22+00:00,LEC,2024,Finals,1,1,14.15,G2 Esports,MAD Lions KOI,1764.1849459765428,1438.3629850355383,325.8219609410046,0.7,0.4,0.29999999999999993,0.8888888888888888,0.772651452018145,1
LOLTMNT05_73680,2024-08-11 15:53:35+00:00,LEC,2024,Finals,1,2,14.15,G2 Esports,MAD Lions KOI,1768.437655148319,1434.110275863762,334.3273792845571,0.8,0.4,0.4,0.9,0.772651452018145,0
LOLTMNT05_73687,2024-08-11 16:47:09+00:00,LEC,2024,Finals,1,3,14.15,G2 Esports,MAD Lions KOI,1740.513040994279,1462.034890017802,278.4781509764771,0.7,0.5,0.19999999999999996,0.8181818181818182,0.772651452018145,1
LOLTMNT05_74678,2024-08-11 17:57:05+00:00,LEC,2024,Finals,1,4,14.15,G2 Esports,MAD Lions KOI,1745.8748295604557,1456.6731014516254,289.20172810883037,0.8,0.4,0.4,0.8333333333333334,0.772651452018145,0
LOLTMNT05_74680,2024-08-11 18:43:27+00:00,LEC,2024,Finals,1,5,14.15,MAD Lions KOI,G2 Esports,1483.5812128209784,1718.9667181911027,-235.3855053701243,0.4,0.8,-0.4,0.23076923076923073,0.227348547981855,1
11353-11353_game_1,2024-08-12 10:18:52+00:00,LPL,2024,Summer,1,1,14.15,JD Gaming,Ninjas in Pyjamas,1630.8022700081754,1512.8632347446933,117.93903526348208,0.4,0.7,-0.29999999999999993,0.7777777777777778,0.6661059046173624,0
11353-11353_game_2,2024-08-12 11:10:45+00:00,LPL,2024,Summer,1,2,14.15,JD Gaming,Ninjas in Pyjamas,1609.5725891961627,1534.0948782720247,75.47771092413791,0.3,0.7,-0.39999999999999997,0.7,0.6661059046173624,1
11353-11353_game_3,2024-08-12 11:57:12+00:00,LPL,2024,Summer,1,3,14.15,Ninjas in Pyjamas,JD Gaming,1521.51694704596,1622.1518101856905,-100.63486313973044,0.7,0.3,0.39999999999999997,0.2727272727272727,0.3338940953826376,1
11353-11353_game_4,2024-08-12 12:45:25+00:00,LPL,2024,Summer,1,4,14.15,JD Gaming,Ninjas in Pyjamas,1601.6444412498172,1542.025791225714,59.61865002410309,0.2,0.8,-0.6000000000000001,0.6666666666666666,0.6661059046173624,1
11353-11353_game_5,2024-08-12 13:49:00+00:00,LPL,2024,Summer,1,5,14.15,Ninjas in Pyjamas,JD Gaming,1528.7446023999546,1614.9265144556775,-86.18191205572293,0.7,0.3,0.39999999999999997,0.3076923076923077,0.3338940953826376,1
11354-11354_game_1,2024-08-13 10:18:44+00:00,LPL,2024,Summer,1,1,14.15,Anyone's Legend,FunPlus Phoenix,1562.5019931984643,1531.724823789905,30.777169408559303,0.2,0.3,-0.09999999999999998,1.0,0.6123683676809397,1
11354-11354_game_2,2024-08-13 11:09:57+00:00,LPL,2024,Summer,1,2,14.15,FunPlus Phoenix,Anyone's Legend,1517.1372770116182,1577.0884317121386,-59.95115470052042,0.3,0.3,0.0,0.0,0.3876316323190603,0
11354-11354_game_3,2024-08-13 12:00:13+00:00,LPL,2024,Summer,1,3,14.15,FunPlus Phoenix,Anyone's Legend,1503.8691403037687,1590.3548040452065,-86.48566374143775,0.3,0.4,-0.10000000000000003,0.0,0.3876316323190603,1
11354-11354_game_4,2024-08-13 12:48:15+00:00,LPL,2024,Summer,1,4,14.15,Anyone's Legend,FunPlus Phoenix,1570.452452207858,1523.7693262251819,46.683125982676074,0.4,0.4,0.0,0.8571428571428571,0.6123683676809397,1
LOLTMNT02_155833,2024-08-14 08:06:07+00:00,LCK,2024,Summer,0,1,14.15,KT Rolster,DRX,1554.2444990993463,1325.2374025817849,229.00709651756142,0.4,0.2,0.2,0.75,0.749885350856555,1
LOLTMNT02_155850,2024-08-14 08:56:19+00:00,LCK,2024,Summer,0,2,14.15,KT Rolster,DRX,1561.0036090608512,1318.4317400450066,242.57186901584464,0.4,0.2,0.2,0.7777777777777778,0.749885350856555,1
LOLTMNT02_155898,2024-08-14 10:42:17+00:00,LCK,2024,Summer,0,1,14.15,DN SOOPers,T1,1511.9751914963979,1630.8037047890211,-118.82851329262326,0.6,0.5,0.09999999999999998,0.14285714285714285,0.323017936884126,1
LOLTMNT02_156515,2024-08-14 11:38:42+00:00,LCK,2024,Summer,0,2,14.15,T1,DN SOOPers,1609.535289615998,1533.24092223076,76.29436738523805,0.4,0.7,-0.29999999999999993,0.75,0.6769820631158739,1
LOLTMNT02_155935,2024-08-14 12:30:07+00:00,LCK,2024,Summer,0,3,14.15,DN SOOPers,T1,1520.697293291183,1622.0772104922667,-101.37991720108357,0.6,0.5,0.09999999999999998,0.2222222222222222,0.323017936884126,0
LOLTMNT02_156799,2024-08-15 08:06:23+00:00,LCK,2024,Summer,0,1,14.15,Hanwha Life Esports,BNK FEARX,1733.2194933703747,1551.2759391185948,181.94355425177991,0.8,0.5,0.30000000000000004,0.8571428571428572,0.749885350856555,1
LOLTMNT02_156819,2024-08-15 08:56:41+00:00,LCK,2024,Summer,0,2,14.15,BNK FEARX,Hanwha Life Esports,1542.9454669656893,1741.5309829775208,-198.5855160118315,0.5,0.8,-0.30000000000000004,0.125,0.2501146491434449,0
11355-11355_game_1,2024-08-15 10:19:41+00:00,LPL,2024,Summer,1,1,14.15,Weibo Gaming,Ninjas in Pyjamas,1606.5723490997211,1548.6338598906527,57.93848920906839,0.7,0.7,0.0,0.5555555555555556,0.5562236105630297,1
LOLTMNT02_157244,2024-08-15 10:38:46+00:00,LCK,2024,Summer,0,1,14.15,HANJIN BRION,Dplus Kia,1374.2415461037908,1622.598566228654,-248.35702012486308,0.2,0.6,-0.39999999999999997,0.0,0.2014212187379908,0
11355-11355_game_2,2024-08-15 11:18:00+00:00,LPL,2024,Summer,1,2,14.15,Ninjas in Pyjamas,Weibo Gaming,1535.277487594722,1619.9305297888209,-84.65304219409882,0.6,0.8,-0.20000000000000007,0.4,0.4437763894369703,1
LOLTMNT02_157268,2024-08-15 11:45:07+00:00,LCK,2024,Summer,0,2,14.15,HANJIN BRION,Dplus Kia,1367.925441731666,1628.7833006734354,-260.85785894176934,0.2,0.7,-0.49999999999999994,0.0,0.2014212187379908,0
11355-11355_game_3,2024-08-15 12:04:07+00:00,LPL,2024,Summer,1,3,14.15,Weibo Gaming,Ninjas in Pyjamas,1600.1099198520983,1555.100449365665,45.0094704864332,0.7,0.6,0.09999999999999998,0.5454545454545454,0.5562236105630297,1
11355-11355_game_4,2024-08-15 12:59:00+00:00,LPL,2024,Summer,1,4,14.15,Ninjas in Pyjamas,Weibo Gaming,1541.1616432231913,1614.049905137565,-72.88826191437374,0.5,0.7,-0.19999999999999996,0.4166666666666667,0.4437763894369703,0
LOLTMNT02_157475,2024-08-16 08:07:01+00:00,LCK,2024,Summer,0,1,14.15,DRX,DN SOOPers,1312.0359481323346,1509.2358707698081,-197.1999226374735,0.2,0.6,-0.39999999999999997,0.33333333333333337,0.3093942506253969,1
LOLTMNT02_158144,2024-08-16 08:59:12+00:00,LCK,2024,Summer,0,2,14.15,DN SOOPers,DRX,1485.0212229331232,1336.209892808742,148.81133012438113,0.5,0.2,0.3,0.5714285714285714,0.6906057493746031,1
LOLTMNT02_158160,2024-08-16 09:56:19+00:00,LCK,2024,Summer,0,3,14.15,DRX,DN SOOPers,1326.636613691535,1494.560925092054,-167.92431140051895,0.1,0.5,-0.4,0.375,0.3093942506253969,1
11356-11356_game_1,2024-08-16 10:22:10+00:00,LPL,2024,Summer,1,1,14.15,Top Esports,Anyone's Legend,1804.5855876549717,1584.3155561374704,220.27003151750137,1.0,0.5,0.5,0.8,0.6932266019439876,1
11356-11356_game_2,2024-08-16 11:18:33+00:00,LPL,2024,Summer,1,2,14.15,Anyone's Legend,Top Esports,1577.2879706031792,1811.6129119874247,-234.32494138424545,0.4,1.0,-0.6,0.16666666666666666,0.3067733980560124,1
LOLTMNT02_157551,2024-08-16 12:04:40+00:00,LCK,2024,Summer,0,1,14.15,Gen.G,Nongshim RedForce,1852.8618091475291,1436.9106383165727,415.95117083095647,0.8,0.3,0.5,1.0,0.8555031787956264,1
11356-11356_game_3,2024-08-16 12:11:55+00:00,LPL,2024,Summer,1,3,14.15,Top Esports,Anyone's Legend,1786.206610598496,1602.6940268673598,183.51258373113615,0.9,0.5,0.4,0.7142857142857143,0.6932266019439876,1
LOLTMNT02_157559,2024-08-16 12:59:00+00:00,LCK,2024,Summer,0,2,14.15,Nongshim RedForce,Gen.G,1434.2119505592414,1855.53701409248,-421.32506353323856,0.3,0.8,-0.5,0.0,0.1444968212043735,0
11356-11356_game_4,2024-08-16 13:05:00+00:00,LPL,2024,Summer,1,4,14.15,Anyone's Legend,Top Esports,1594.4377657858374,1794.4626492475259,-200.02488346168843,0.5,0.9,-0.4,0.25,0.3067733980560124,0
LOLTMNT02_157747,2024-08-17 06:07:27+00:00,LCK,2024,Summer,0,1,14.15,Dplus Kia,KT Rolster,1634.6168127143096,1567.355726965453,67.26108574885666,0.7,0.5,0.19999999999999996,0.5714285714285714,0.6076542006546222,1
LOLTMNT02_157771,2024-08-17 07:15:06+00:00,LCK,2024,Summer,0,2,14.15,KT Rolster,Dplus Kia,1554.4135975663135,1647.5592138717143,-93.14561630540084,0.4,0.8,-0.4,0.4,0.3923457993453778,0
LOLTMNT02_158466,2024-08-17 09:07:43+00:00,LCK,2024,Summer,0,1,14.15,T1,BNK FEARX,1633.5366353098723,1535.1915136511386,98.34512165873366,0.5,0.5,0.0,0.7142857142857143,0.6949337619473758,1
LOLTMNT02_157857,2024-08-17 10:01:18+00:00,LCK,2024,Summer,0,2,14.15,BNK FEARX,T1,1523.5925894928569,1645.1248783511787,-121.53228885832186,0.4,0.5,-0.09999999999999998,0.25,0.3050662380526242,0
11357-11357_game_1,2024-08-17 10:20:47+00:00,LPL,2024,Summer,1,1,14.15,Bilibili Gaming,Weibo Gaming,1698.6707637571333,1626.7434591387498,71.92730461838346,0.8,0.7,0.10000000000000009,0.8,0.648120410084692,1
11357-11357_game_2,2024-08-17 11:21:47+00:00,LPL,2024,Summer,1,2,14.15,Weibo Gaming,Bilibili Gaming,1614.0076086811746,1711.4775934797647,-97.46998479859008,0.7,0.8,-0.10000000000000009,0.16666666666666663,0.351879589915308,0
11357-11357_game_3,2024-08-17 12:15:37+00:00,LPL,2024,Summer,1,3,14.15,Weibo Gaming,Bilibili Gaming,1602.3801093915467,1723.2217092407554,-120.8415998492087,0.7,0.8,-0.10000000000000009,0.1428571428571429,0.351879589915308,0
LOLTMNT05_75025,2024-08-17 15:07:31+00:00,LEC,2024,Finals,1,1,14.15,SK Gaming,Team BDS,1560.6925015944921,1550.0864873044484,10.606014290043731,0.6,0.3,0.3,0.3333333333333333,,0
LOLTMNT05_75039,2024-08-17 16:00:53+00:00,LEC,2024,Finals,1,2,14.15,Team BDS,SK Gaming,1566.5732152094347,1544.217670872678,22.355544336756793,0.3,0.5,-0.2,0.75,,1
LOLTMNT05_74993,2024-08-17 16:48:09+00:00,LEC,2024,Finals,1,3,14.15,Team BDS,SK Gaming,1581.546308455077,1529.2401021118098,52.30620634326715,0.4,0.4,0.0,0.8,,1
LOLTMNT02_158613,2024-08-18 06:06:20+00:00,LCK,2024,Summer,0,1,14.15,Nongshim RedForce,HANJIN BRION,1431.5892610831393,1361.9690366417349,69.62022444140439,0.3,0.2,0.09999999999999998,0.8571428571428572,0.5970210220230041,1
LOLTMNT02_159034,2024-08-18 07:02:48+00:00,LCK,2024,Summer,0,2,14.15,HANJIN BRION,Nongshim RedForce,1349.0776372516127,1444.4422672293142,-95.3646299777015,0.2,0.4,-0.2,0.125,0.4029789779769959,0
LOLTMNT02_159074,2024-08-18 08:58:25+00:00,LCK,2024,Summer,0,1,14.15,Hanwha Life Esports,Gen.G,1749.2667418367357,1858.1373514106756,-108.87060957393987,0.9,0.8,0.09999999999999998,0.09999999999999998,0.3712268194807526,0
LOLTMNT02_159097,2024-08-18 09:47:23+00:00,LCK,2024,Summer,0,2,14.15,Hanwha Life Esports,Gen.G,1738.1225178889895,1869.2815753584218,-131.15905746943235,0.8,0.8,0.0,0.09090909090909094,0.3712268194807526,0
11358-11358_game_1,2024-08-18 10:17:02+00:00,LPL,2024,Summer,1,1,14.15,LNG Esports,Top Esports,1645.704405685763,1802.149910955574,-156.44550526981084,0.6,0.9,-0.30000000000000004,0.3333333333333333,0.4292189933955464,0
11358-11358_game_2,2024-08-18 11:09:28+00:00,LPL,2024,Summer,1,2,14.15,LNG Esports,Top Esports,1636.4585335594732,1811.3957611093497,-174.93722754987652,0.6,0.9,-0.30000000000000004,0.3,0.4292189933955464,0
11358-11358_game_3,2024-08-18 12:08:22+00:00,LPL,2024,Summer,1,3,14.15,LNG Esports,Top Esports,1627.8964795880315,1819.9577937079673,-192.0613141199358,0.5,0.9,-0.4,0.2727272727272727,0.4292189933955464,0
LOLTMNT05_75065,2024-08-18 15:09:22+00:00,LEC,2024,Finals,1,1,14.15,G2 Esports,GiantX,1693.5285136856078,1473.365883252412,220.16263043319577,0.7,0.4,0.29999999999999993,1.0,0.7623625750745331,1
LOLTMNT05_75079,2024-08-18 15:53:57+00:00,LEC,2024,Finals,1,2,14.15,G2 Esports,GiantX,1700.559229150409,1466.2856994036163,234.27352974679275,0.7,0.4,0.29999999999999993,1.0,0.7623625750745331,1
LOLTMNT05_75080,2024-08-18 16:43:10+00:00,LEC,2024,Finals,1,3,14.15,G2 Esports,GiantX,1707.15447720401,1459.6439666067645,247.51051059724546,0.7,0.3,0.39999999999999997,1.0,0.7623625750745331,1
11359-11359_game_1,2024-08-21 10:16:53+00:00,LPL,2024,Summer,1,1,14.15,Top Esports,Bilibili Gaming,1827.9159778118296,1734.0190886148218,93.8968891970078,0.9,0.9,0.0,0.33333333333333337,0.4221061994729399,1
11359-11359_game_2,2024-08-21 11:06:56+00:00,LPL,2024,Summer,1,2,14.15,Bilibili Gaming,Top Esports,1722.0541138549888,1839.6941549011517,-117.64004104616288,0.8,0.9,-0.09999999999999998,0.625,0.5778938005270601,1
11359-11359_game_3,2024-08-21 11:59:11+00:00,LPL,2024,Summer,1,3,14.15,Top Esports,Bilibili Gaming,1818.4745913605116,1743.082477905132,75.39211345537956,0.8,0.8,0.0,0.3529411764705882,0.4221061994729399,0
11359-11359_game_4,2024-08-21 12:44:25+00:00,LPL,2024,Summer,1,4,14.15,Top Esports,Bilibili Gaming,1799.0561436394698,1762.3592711263123,36.69687251315759,0.7,0.8,-0.10000000000000009,0.33333333333333337,0.4221061994729399,0
11360-11360_game_1,2024-08-22 10:18:57+00:00,LPL,2024,Summer,1,1,14.15,LNG Esports,Weibo Gaming,1619.9382750108139,1591.7288858403688,28.209389170445093,0.5,0.6,-0.09999999999999998,0.5454545454545454,0.57789380052706,1
11360-11360_game_2,2024-08-22 11:14:17+00:00,LPL,2024,Summer,1,2,14.15,Weibo Gaming,LNG Esports,1577.0245693836519,1634.642035935194,-57.617466551542066,0.5,0.5,0.0,0.41666666666666663,0.42210619947294,1
11360-11360_game_3,2024-08-22 12:02:21+00:00,LPL,2024,Summer,1,3,14.15,LNG Esports,Weibo Gaming,1616.0127205288638,1595.6529127122278,20.35980781663602,0.5,0.5,0.0,0.5384615384615384,0.57789380052706,1
11360-11360_game_4,2024-08-22 12:55:40+00:00,LPL,2024,Summer,1,4,14.15,Weibo Gaming,LNG Esports,1580.5891021141967,1631.0761909947605,-50.48708888056376,0.4,0.5,-0.09999999999999998,0.4285714285714286,0.42210619947294,1
11360-11360_game_5,2024-08-22 13:57:42+00:00,LPL,2024,Summer,1,5,14.15,LNG Esports,Weibo Gaming,1612.7674080659904,1598.8971701026326,13.870237963357795,0.4,0.4,0.0,0.5333333333333333,0.57789380052706,0
LOLTMNT03_138505,2024-08-23 08:10:13+00:00,LCK,2024,Summer,1,1,14.16,Dplus Kia,BNK FEARX,1659.3716900622742,1512.95999503828,146.41169502399407,0.8,0.3,0.5,0.8,0.7042261545665661,1
LOLTMNT03_137726,2024-08-23 09:05:10+00:00,LCK,2024,Summer,1,2,14.16,BNK FEARX,Dplus Kia,1503.3174993361213,1669.0044361583598,-165.68693682223852,0.2,0.9,-0.7,0.18181818181818182,0.2957738454334339,0
LOLTMNT03_138521,2024-08-23 09:57:52+00:00,LCK,2024,Summer,1,3,14.16,BNK FEARX,Dplus Kia,1494.4052019051846,1677.9070356548705,-183.50183374968583,0.2,0.9,-0.7,0.16666666666666666,0.2957738454334339,1
LOLTMNT03_137737,2024-08-23 11:09:57+00:00,LCK,2024,Summer,1,4,14.16,Dplus Kia,BNK FEARX,1654.1658889578132,1518.1369210898588,136.0289678679544,0.8,0.3,0.5,0.7692307692307692,0.7042261545665661,1
LOLTMNT05_75182,2024-08-23 15:08:35+00:00,LEC,2024,Finals,1,1,14.15,G2 Esports,Team BDS,1713.3596784088083,1595.1587158040584,118.20096260474998,0.7,0.4,0.29999999999999993,0.8125,,0
LOLTMNT05_75187,2024-08-23 16:00:31+00:00,LEC,2024,Finals,1,2,14.15,G2 Esports,Team BDS,1692.1170446557403,1616.3945146139097,75.72253004183062,0.6,0.4,0.19999999999999996,0.7647058823529411,,0
LOLTMNT05_76151,2024-08-23 17:03:55+00:00,LEC,2024,Finals,1,3,14.15,G2 Esports,Team BDS,1672.6840782280337,1635.822934258163,36.86114396987068,0.5,0.5,0.0,0.7222222222222222,,1
LOLTMNT05_75190,2024-08-23 17:50:53+00:00,LEC,2024,Finals,1,4,14.15,G2 Esports,Team BDS,1686.9929004304336,1621.511818762438,65.48108166799557,0.5,0.5,0.0,0.7368421052631579,,1
LOLTMNT05_75191,2024-08-23 18:50:41+00:00,LEC,2024,Finals,1,5,14.15,G2 Esports,Team BDS,1700.0125896022237,1608.48877529613,91.52381430609375,0.6,0.5,0.09999999999999998,0.75,,1
LOLTMNT03_138902,2024-08-24 06:06:28+00:00,LCK,2024,Summer,1,1,14.16,T1,KT Rolster,1655.7457356858624,1542.6013713818884,113.14436430397404,0.6,0.4,0.19999999999999996,0.6363636363636364,0.6291231162242962,1
LOLTMNT03_139091,2024-08-24 07:03:52+00:00,LCK,2024,Summer,1,2,14.16,KT Rolster,T1,1531.6331800749035,1666.7119469293018,-135.07876685439828,0.4,0.7,-0.29999999999999993,0.3333333333333333,0.3708768837757038,1
LOLTMNT03_138906,2024-08-24 07:56:02+00:00,LCK,2024,Summer,1,3,14.16,T1,KT Rolster,1644.7869094373946,1553.5561526543227,91.23075678307191,0.7,0.5,0.19999999999999996,0.6153846153846154,0.6291231162242962,1
LOLTMNT03_139097,2024-08-24 08:51:56+00:00,LCK,2024,Summer,1,4,14.16,KT Rolster,T1,1541.6621076202723,1656.6795476492812,-115.01744002900887,0.5,0.8,-0.30000000000000004,0.35714285714285715,0.3708768837757038,0
11361-11361_game_1,2024-08-24 10:19:09+00:00,LPL,2024,Summer,1,1,14.15,Top Esports,Weibo Gaming,1781.3724466778735,1615.5353798007152,165.83706687715835,0.6,0.5,0.09999999999999998,1.0,0.6618936100308928,0
11361-11361_game_2,2024-08-24 11:12:36+00:00,LPL,2024,Summer,1,2,14.15,Top Esports,Weibo Gaming,1758.266963896564,1638.6393905211967,119.62757337536732,0.6,0.5,0.09999999999999998,0.8,0.6618936100308928,1
11361-11361_game_3,2024-08-24 12:13:04+00:00,LPL,2024,Summer,1,3,14.15,Weibo Gaming,Top Esports,1627.9394547116558,1768.9657650046981,-141.02631029304234,0.4,0.6,-0.19999999999999996,0.16666666666666663,0.3381063899691072,1
11361-11361_game_4,2024-08-24 13:09:13+00:00,LPL,2024,Summer,1,4,14.15,Top Esports,Weibo Gaming,1746.805904364585,1650.0981575535832,96.70774681100193,0.5,0.5,0.0,0.7142857142857143,0.6618936100308928,1
11361-11361_game_5,2024-08-24 14:03:31+00:00,LPL,2024,Summer,1,5,14.15,Weibo Gaming,Top Esports,1638.4393299391272,1758.4639083228653,-120.02457838373812,0.5,0.5,0.0,0.25,0.3381063899691072,1
LOLTMNT05_75207,2024-08-24 15:08:15+00:00,LEC,2024,Finals,1,1,14.15,MAD Lions KOI,Fnatic,1509.0194173264733,1659.6471200043968,-150.62770267792348,0.4,0.6,-0.19999999999999996,0.5,0.4007177429424702,1
LOLTMNT05_75208,2024-08-24 15:56:26+00:00,LEC,2024,Finals,1,2,14.15,MAD Lions KOI,Fnatic,1531.551843503962,1637.1146938269083,-105.56285032294636,0.4,0.5,-0.09999999999999998,0.5454545454545454,0.4007177429424702,0
LOLTMNT05_76175,2024-08-24 16:40:59+00:00,LEC,2024,Finals,1,3,14.15,Fnatic,MAD Lions KOI,1648.3976122869542,1520.268925043916,128.12868724303826,0.5,0.4,0.09999999999999998,0.5,0.5992822570575298,1
LOLTMNT05_76176,2024-08-24 17:40:47+00:00,LEC,2024,Finals,1,4,14.15,MAD Lions KOI,Fnatic,1509.9157672488607,1658.7507700820092,-148.83500283314856,0.4,0.6,-0.19999999999999996,0.46153846153846156,0.4007177429424702,1
LOLTMNT05_75210,2024-08-24 18:33:58+00:00,LEC,2024,Finals,1,5,14.15,MAD Lions KOI,Fnatic,1532.379253318804,1636.287284012066,-103.90803069326194,0.5,0.5,0.0,0.5,0.4007177429424702,0
LOLTMNT03_143238,2024-08-28 08:10:07+00:00,LCK,2024,Summer,1,1,14.16,Gen.G,Dplus Kia,1879.5129399673897,1664.2051144260738,215.30782554131588,0.8,0.9,-0.09999999999999998,0.6875,0.7137026746026236,1
LOLTMNT03_143239,2024-08-28 09:11:06+00:00,LCK,2024,Summer,1,2,14.16,Dplus Kia,Gen.G,1657.0177317690632,1886.698170170846,-229.6804384017828,0.8,0.8,0.0,0.29411764705882354,0.2862973253973764,0
LOLTMNT03_143242,2024-08-28 10:03:23+00:00,LCK,2024,Summer,1,3,14.16,Dplus Kia,Gen.G,1650.2809450719694,1893.4329327204214,-243.15198764845195,0.7,0.8,-0.10000000000000009,0.2777777777777778,0.2862973253973764,0
LOLTMNT03_143512,2024-08-29 08:08:49+00:00,LCK,2024,Summer,1,1,14.16,Hanwha Life Esports,T1,1727.8911532800216,1667.5681707812396,60.32298249878204,0.8,0.8,0.0,0.5882352941176471,0.5368920774599909,1
LOLTMNT03_142511,2024-08-29 09:01:48+00:00,LCK,2024,Summer,1,2,14.16,T1,Hanwha Life Esports,1654.3185651076278,1741.1407588819143,-86.82219377428646,0.7,0.8,-0.10000000000000009,0.38888888888888884,0.4631079225400091,0
LOLTMNT03_142514,2024-08-29 10:02:36+00:00,LCK,2024,Summer,1,3,14.16,T1,Hanwha Life Esports,1642.2356747451674,1753.223649154092,-110.98797440892463,0.7,0.8,-0.10000000000000009,0.368421052631579,0.4631079225400091,0
11362-11362_game_1,2024-08-30 08:28:56+00:00,LPL,2024,Summer,1,1,14.15,Bilibili Gaming,Weibo Gaming,1779.9548546976457,1659.7559134023318,120.19894129531394,0.9,0.6,0.30000000000000004,0.875,0.6950650457208766,1
11362-11362_game_2,2024-08-30 09:19:26+00:00,LPL,2024,Summer,1,2,14.15,Weibo Gaming,Bilibili Gaming,1649.0797086701164,1790.7357689240744,-141.656060253958,0.6,0.9,-0.30000000000000004,0.11111111111111116,0.3049349542791234,0
11362-11362_game_3,2024-08-30 10:16:18+00:00,LPL,2024,Summer,1,3,14.15,Weibo Gaming,Bilibili Gaming,1639.2634234632267,1800.6664663009299,-161.4030428377032,0.5,0.9,-0.4,0.09999999999999998,0.3049349542791234,0
LOLTMNT03_143986,2024-08-31 06:07:46+00:00,LCK,2024,Summer,1,1,14.16,Gen.G,Hanwha Life Esports,1899.7645953897404,1764.2795102471828,135.48508514255764,0.8,0.8,0.0,0.9166666666666666,0.6646226311808352,0
LOLTMNT03_143993,2024-08-31 07:03:21+00:00,LCK,2024,Summer,1,2,14.16,Gen.G,Hanwha Life Esports,1877.8234190550943,1786.220686581829,91.60273247326518,0.7,0.8,-0.10000000000000009,0.8461538461538461,0.6646226311808352,1
LOLTMNT03_144116,2024-08-31 07:55:34+00:00,LCK,2024,Summer,1,3,14.16,Hanwha Life Esports,Gen.G,1774.3440453272658,1889.7000603096574,-115.35601498239157,0.7,0.8,-0.10000000000000009,0.1428571428571429,0.3353773688191648,0
LOLTMNT03_145002,2024-08-31 08:49:36+00:00,LCK,2024,Summer,1,4,14.16,Hanwha Life Esports,Gen.G,1763.4694186780212,1900.5746869589025,-137.10526828088132,0.6,0.9,-0.30000000000000004,0.1333333333333333,0.3353773688191648,0
LOLTMNT05_75315,2024-08-31 16:12:40+00:00,LEC,2024,Finals,1,1,14.15,G2 Esports,MAD Lions KOI,1711.892624000337,1521.0266540175091,190.8659699828279,0.6,0.5,0.09999999999999998,0.7142857142857143,0.6444457021462611,0
LOLTMNT05_76282,2024-08-31 17:00:09+00:00,LEC,2024,Finals,1,2,14.15,G2 Esports,MAD Lions KOI,1687.8920206888774,1545.0272573289683,142.86476335990915,0.6,0.6,0.0,0.6666666666666666,0.6444457021462611,1
LOLTMNT05_75316,2024-08-31 17:48:55+00:00,LEC,2024,Finals,1,3,14.15,G2 Esports,MAD Lions KOI,1697.6601921770266,1535.2590858408194,162.40110633620725,0.7,0.5,0.19999999999999996,0.6875,0.6444457021462611,1
LOLTMNT05_76283,2024-08-31 18:40:10+00:00,LEC,2024,Finals,1,4,14.15,G2 Esports,MAD Lions KOI,1706.6822911738623,1526.236986843984,180.44530432987835,0.7,0.5,0.19999999999999996,0.7058823529411765,0.6444457021462611,1
LOLTMNT03_145467,2024-09-01 06:14:37+00:00,LCK,2024,Summer,1,1,14.16,Dplus Kia,T1,1643.947385883938,1631.1798135517279,12.767572332210193,0.6,0.6,0.0,0.08333333333333333,0.4417289218128194,1
LOLTMNT03_145472,2024-09-01 07:11:01+00:00,LCK,2024,Summer,1,2,14.16,T1,Dplus Kia,1615.7675174493936,1659.3598918083117,-43.59237435891805,0.5,0.6,-0.09999999999999998,0.8461538461538461,0.5582710781871806,1
LOLTMNT03_144583,2024-09-01 08:03:17+00:00,LCK,2024,Summer,1,3,14.16,Dplus Kia,T1,1641.3634091901174,1633.7645520125795,7.598857177537866,0.5,0.5,0.0,0.14285714285714285,0.4417289218128194,0
LOLTMNT03_145485,2024-09-01 08:52:13+00:00,LCK,2024,Summer,1,4,14.16,T1,Dplus Kia,1650.1144365242114,1625.0136388464714,25.100797677740047,0.5,0.4,0.09999999999999998,0.8666666666666667,0.5582710781871806,1
LOLTMNT05_75329,2024-09-01 16:13:25+00:00,LEC,2024,Finals,1,1,14.15,Fnatic,G2 Esports,1647.6398833133612,1715.0469554485069,-67.40707213514565,0.6,0.7,-0.09999999999999998,0.3,0.3879143328261918,0
LOLTMNT05_76295,2024-09-01 17:24:42+00:00,LEC,2024,Finals,1,2,14.15,Fnatic,G2 Esports,1634.705722696565,1727.981116065303,-93.27539336873792,0.6,0.7,-0.09999999999999998,0.2857142857142857,0.3879143328261918,1
LOLTMNT05_75330,2024-09-01 18:23:50+00:00,LEC,2024,Finals,1,3,14.15,G2 Esports,Fnatic,1707.7859339319396,1654.900904829928,52.88502910201146,0.7,0.7,0.0,0.6818181818181819,0.6120856671738082,1
LOLTMNT05_75331,2024-09-01 19:16:56+00:00,LEC,2024,Finals,1,4,14.15,G2 Esports,Fnatic,1721.3691249994692,1641.3177137623984,80.05141123707085,0.8,0.6,0.20000000000000007,0.6956521739130435,0.6120856671738082,1
LOLTMNT03_147323,2024-09-07 06:22:16+00:00,LCK,2024,Summer,1,1,14.16,Hanwha Life Esports,T1,1753.4748079331064,1664.9605090229402,88.51429891016619,0.5,0.5,0.0,0.65,0.561552931195881,1
LOLTMNT03_146452,2024-09-07 07:15:07+00:00,LCK,2024,Summer,1,2,14.16,T1,Hanwha Life Esports,1652.950784689542,1765.4845322134984,-112.53374752395644,0.5,0.5,0.0,0.33333333333333337,0.438447068804119,1
LOLTMNT03_146454,2024-09-07 08:19:41+00:00,LCK,2024,Summer,1,3,14.16,Hanwha Life Esports,T1,1744.4760938905797,1673.9592229538805,70.5168709366992,0.5,0.5,0.0,0.6363636363636364,0.561552931195881,1
LOLTMNT03_146456,2024-09-07 09:07:01+00:00,LCK,2024,Summer,1,4,14.16,T1,Hanwha Life Esports,1661.162775762355,1757.27254104547,-96.10976528311494,0.4,0.6,-0.19999999999999996,0.34782608695652173,0.438447068804119,0
LOLTMNT03_146529,2024-09-08 06:29:41+00:00,LCK,2024,Summer,1,1,14.16,Gen.G,Hanwha Life Esports,1910.5692977038168,1768.9560669456798,141.61323075813698,0.9,0.6,0.30000000000000004,0.875,0.6780696796658022,0
LOLTMNT03_147402,2024-09-08 07:41:05+00:00,LCK,2024,Summer,1,2,14.16,Gen.G,Hanwha Life Esports,1888.3864295083308,1791.1389351411658,97.24749436716502,0.8,0.6,0.20000000000000007,0.8235294117647058,0.6780696796658022,1
LOLTMNT03_147403,2024-09-08 08:41:17+00:00,LCK,2024,Summer,1,3,14.16,Hanwha Life Esports,Gen.G,1779.503947231417,1900.0214174180796,-120.51747018666265,0.5,0.8,-0.30000000000000004,0.16666666666666663,0.3219303203341978,0
LOLTMNT03_147404,2024-09-08 09:37:23+00:00,LCK,2024,Summer,1,4,14.16,Hanwha Life Esports,Gen.G,1768.8415976046294,1910.6837670448672,-141.84216944023774,0.4,0.8,-0.4,0.1578947368421053,0.3219303203341978,1
LOLTMNT03_147405,2024-09-08 10:43:57+00:00,LCK,2024,Summer,1,5,14.16,Gen.G,Hanwha Life Esports,1888.4919324808805,1791.0334321686162,97.45850031226428,0.7,0.5,0.19999999999999996,0.8,0.6780696796658022,0
11715-11715_game_1,2025-01-12 09:24:17+00:00,LPL,2025,Split 1,0,1,15.01,Weibo Gaming,Oh My God,1672.2970787107138,1494.0514118330414,178.24566687767242,0.5,0.4,0.09999999999999998,0.33333333333333337,0.7206404722483798,1
11715-11715_game_2,2025-01-12 10:26:00+00:00,LPL,2025,Split 1,0,2,15.01,Oh My God,Weibo Gaming,1485.4607204715217,1680.7681810627564,-195.30746059123476,0.4,0.6,-0.19999999999999996,0.5,0.2793595277516202,0
11715-11715_game_3,2025-01-12 11:21:40+00:00,LPL,2025,Split 1,0,3,15.01,Oh My God,Weibo Gaming,1477.4694644382316,1688.641796717605,-211.17233227937345,0.3,0.6,-0.3,0.4,0.2793595277516202,0
11716-11716_game_1,2025-01-13 09:35:11+00:00,LPL,2025,Split 1,0,1,15.01,LNG Esports,ThunderTalk Gaming,1569.9264043765234,1515.7140748835945,54.2123294929288,0.7,0.7,0.0,0.3333333333333333,0.5246355752705822,1
11716-11716_game_2,2025-01-13 10:36:48+00:00,LPL,2025,Split 1,0,2,15.01,ThunderTalk Gaming,LNG Esports,1502.0841252667556,1583.6068154721481,-81.52269020539256,0.6,0.7,-0.09999999999999998,0.5,0.4753644247294177,1
11716-11716_game_3,2025-01-13 11:33:45+00:00,LPL,2025,Split 1,0,3,15.01,LNG Esports,ThunderTalk Gaming,1564.1229915395315,1521.6490245332022,42.4739670063293,0.6,0.6,0.0,0.4,0.5246355752705822,0
11716-11716_game_4,2025-01-13 12:27:12+00:00,LPL,2025,Split 1,0,4,15.01,LNG Esports,ThunderTalk Gaming,1546.2835145996182,1539.5183774317677,6.765137167850526,0.5,0.6,-0.09999999999999998,0.3333333333333333,0.5246355752705822,0
11717-11717_game_1,2025-01-14 09:27:56+00:00,LPL,2025,Split 1,0,1,15.01,Royal Never Give Up,FunPlus Phoenix,1446.2362720742906,1521.143344152838,-74.90707207854734,0.3,0.4,-0.10000000000000003,1.0,0.4773942803781459,0
11717-11717_game_2,2025-01-14 10:21:38+00:00,LPL,2025,Split 1,0,2,15.01,Royal Never Give Up,FunPlus Phoenix,1433.4612950485428,1533.8479659552506,-100.38667090670788,0.3,0.5,-0.2,0.6666666666666667,0.4773942803781459,1
11717-11717_game_3,2025-01-14 11:21:38+00:00,LPL,2025,Split 1,0,3,15.01,FunPlus Phoenix,Royal Never Give Up,1513.475584080121,1453.7710404450977,59.704543635023356,0.5,0.3,0.2,0.25,0.5226057196218541,0
11717-11717_game_4,2025-01-14 12:11:52+00:00,LPL,2025,Split 1,0,4,15.01,FunPlus Phoenix,Royal Never Give Up,1494.8208491341666,1472.368406680377,22.452442453789672,0.4,0.3,0.10000000000000003,0.2,0.5226057196218541,0
LOLTMNT03_183532,2025-01-15 08:09:30+00:00,LCK,2025,Cup,0,1,15.01,HANJIN BRION,DRX,1611.009350781557,1475.805668944044,135.20368183751293,0.6,0.4,0.19999999999999996,0.33333333333333337,0.5537476894452291,1
LOLTMNT03_183538,2025-01-15 09:03:08+00:00,LCK,2025,Cup,0,2,15.01,DRX,HANJIN BRION,1465.5522152651201,1621.637863247116,-156.08564798199586,0.4,0.7,-0.29999999999999993,0.6153846153846154,0.4462523105547709,1
11718-11718_game_1,2025-01-15 09:30:43+00:00,LPL,2025,Split 1,0,1,15.01,Ultra Prime,Weibo Gaming,1557.3162420278081,1695.9856940481554,-138.6694520203473,0.4,0.6,-0.19999999999999996,0.5714285714285714,0.2243609200862539,0
LOLTMNT03_183544,2025-01-15 09:54:37+00:00,LCK,2025,Cup,0,3,15.01,HANJIN BRION,DRX,1599.4588899028436,1488.1106359870614,111.34825391578215,0.7,0.5,0.19999999999999996,0.3571428571428571,0.5537476894452291,0
11718-11718_game_2,2025-01-15 10:29:59+00:00,LPL,2025,Split 1,0,2,15.01,Ultra Prime,Weibo Gaming,1546.884031179533,1705.9391751900487,-159.05514401051573,0.3,0.6,-0.3,0.5,0.2243609200862539,1
11718-11718_game_3,2025-01-15 11:22:40+00:00,LPL,2025,Split 1,0,3,15.01,Weibo Gaming,Ultra Prime,1683.1069214812346,1569.2304159479104,113.87650553332423,0.6,0.4,0.19999999999999996,0.4444444444444444,0.775639079913746,1
LOLTMNT03_183585,2025-01-15 11:26:48+00:00,LCK,2025,Cup,0,1,15.01,DN SOOPers,Nongshim RedForce,1512.5121115986474,1520.2798864053339,-7.767774806686475,0.2,0.5,-0.3,0.8888888888888888,0.5901329816412614,1
11718-11718_game_4,2025-01-15 12:06:15+00:00,LPL,2025,Split 1,0,4,15.01,Ultra Prime,Weibo Gaming,1557.9207411087634,1694.0585520819827,-136.1378109732193,0.4,0.6,-0.19999999999999996,0.5,0.2243609200862539,0
LOLTMNT03_182705,2025-01-15 12:36:28+00:00,LCK,2025,Cup,0,2,15.01,Nongshim RedForce,DN SOOPers,1504.1347608044566,1528.8650562615774,-24.730295457120747,0.5,0.3,0.2,0.09999999999999998,0.4098670183587386,1
LOLTMNT03_182729,2025-01-15 13:34:29+00:00,LCK,2025,Cup,0,3,15.01,DN SOOPers,Nongshim RedForce,1511.742590082836,1521.2829529301455,-9.540362847309552,0.3,0.5,-0.2,0.8181818181818182,0.5901329816412614,1
LOLTMNT03_184086,2025-01-16 08:09:06+00:00,LCK,2025,Cup,0,1,15.01,BNK FEARX,KT Rolster,1482.274367730634,1571.587278116999,-89.31291038636505,0.3,0.5,-0.2,0.23076923076923078,0.298737367368829,0
LOLTMNT03_183991,2025-01-16 09:04:00+00:00,LCK,2025,Cup,0,2,15.01,BNK FEARX,KT Rolster,1470.2120422425269,1583.8499421567788,-113.63789991425188,0.3,0.5,-0.2,0.21428571428571427,0.298737367368829,1
11719-11719_game_1,2025-01-16 09:26:37+00:00,LPL,2025,Split 1,0,1,15.01,LGD Gaming,Anyone's Legend,1586.7418680026597,1601.5163167103917,-14.774448707732063,0.5,0.5,0.0,0.19999999999999996,0.2243609200862539,0
LOLTMNT03_184105,2025-01-16 09:54:20+00:00,LCK,2025,Cup,0,3,15.01,KT Rolster,BNK FEARX,1563.1000726624957,1491.1588009785096,71.94127168398609,0.5,0.3,0.2,0.7333333333333334,0.7012626326311711,1
11719-11719_game_2,2025-01-16 10:24:20+00:00,LPL,2025,Split 1,0,2,15.01,LGD Gaming,Anyone's Legend,1571.370441205666,1616.8446828978135,-45.474241692147416,0.4,0.5,-0.09999999999999998,0.16666666666666663,0.2243609200862539,0
LOLTMNT03_185025,2025-01-16 11:11:06+00:00,LCK,2025,Cup,0,1,15.01,Dplus Kia,T1,1627.6800705124997,1815.0817684674432,-187.40169795494353,0.5,0.3,0.2,0.2727272727272727,0.3622791235371677,1
11719-11719_game_3,2025-01-16 11:14:07+00:00,LPL,2025,Split 1,0,3,15.01,LGD Gaming,Anyone's Legend,1557.3690991664714,1630.777548008796,-73.40844884232456,0.3,0.6,-0.3,0.1428571428571429,0.2243609200862539,0
LOLTMNT03_185042,2025-01-16 11:55:28+00:00,LCK,2025,Cup,0,2,15.01,T1,Dplus Kia,1791.2136388167605,1651.5571647555091,139.6564740612514,0.3,0.5,-0.2,0.6956521739130435,0.6377208764628323,1
LOLTMNT03_185067,2025-01-16 12:50:03+00:00,LCK,2025,Cup,0,3,15.01,Dplus Kia,T1,1641.660524054322,1801.1175933667432,-159.45706931242125,0.5,0.3,0.2,0.2916666666666667,0.3622791235371677,1
LOLTMNT03_185467,2025-01-17 08:08:25+00:00,LCK,2025,Cup,0,1,15.01,Gen.G,Hanwha Life Esports,1729.6484791195303,1762.528515650053,-32.8800365305226,0.7,0.5,0.19999999999999996,0.76,0.5663799870871713,1
LOLTMNT03_184583,2025-01-17 08:59:26+00:00,LCK,2025,Cup,0,2,15.01,Hanwha Life Esports,Gen.G,1745.0499073611325,1746.9094758380386,-1.8595684769061336,0.5,0.8,-0.30000000000000004,0.23076923076923073,0.4336200129128287,0
11720-11720_game_1,2025-01-17 09:30:26+00:00,LPL,2025,Split 1,0,1,15.01,EDward Gaming,Bilibili Gaming,1452.6447621111997,1815.6655283284242,-363.0207662172245,0.5,0.7,-0.19999999999999996,0.0,0.2360283086796941,0
11720-11720_game_2,2025-01-17 10:26:50+00:00,LPL,2025,Split 1,0,2,15.01,EDward Gaming,Bilibili Gaming,1449.0971923622433,1819.388272654908,-370.2910802926647,0.5,0.7,-0.19999999999999996,0.0,0.2360283086796941,0
LOLTMNT03_184622,2025-01-17 10:34:53+00:00,LCK,2025,Cup,0,1,15.01,Nongshim RedForce,HANJIN BRION,1505.0265674372617,1538.849703010122,-33.82313557286034,0.4,0.6,-0.19999999999999996,0.8888888888888888,0.5851814209301169,1
11720-11720_game_3,2025-01-17 11:21:48+00:00,LPL,2025,Split 1,0,3,15.01,EDward Gaming,Bilibili Gaming,1445.680127563924,1822.9693731889943,-377.2892456250702,0.4,0.7,-0.29999999999999993,0.0,0.2360283086796941,0
LOLTMNT03_184660,2025-01-17 11:38:32+00:00,LCK,2025,Cup,0,2,15.01,HANJIN BRION,Nongshim RedForce,1521.446191704547,1522.535148417745,-1.0889567131980584,0.5,0.5,0.0,0.1,0.414818579069883,0
LOLTMNT03_186192,2025-01-18 06:05:55+00:00,LCK,2025,Cup,0,1,15.01,Dplus Kia,DN SOOPers,1664.5255761375106,1528.1769580494165,136.3486180880941,0.5,0.4,0.09999999999999998,0.4,0.6504147655454251,1
LOLTMNT03_187100,2025-01-18 06:57:05+00:00,LCK,2025,Cup,0,2,15.01,DN SOOPers,Dplus Kia,1518.0984078398753,1674.5523511433507,-156.4539433034754,0.3,0.6,-0.3,0.5454545454545454,0.3495852344545749,0
LOLTMNT03_186260,2025-01-18 08:35:57+00:00,LCK,2025,Cup,0,1,15.01,DRX,T1,1512.667397141989,1778.2597853835905,-265.5923882416014,0.5,0.3,0.2,0.0,0.2070725721455878,0
11721-11721_game_1,2025-01-18 09:30:27+00:00,LPL,2025,Split 1,0,1,15.01,Top Esports,Team WE,1678.06247594028,1431.663655114768,246.39882082551185,0.5,0.1,0.4,1.0,0.7686206370492258,1
LOLTMNT03_187132,2025-01-18 09:32:58+00:00,LCK,2025,Cup,0,2,15.01,DRX,T1,1506.7771078632584,1783.9706859720961,-277.19357810883776,0.5,0.3,0.2,0.0,0.2070725721455878,0
11721-11721_game_2,2025-01-18 10:22:01+00:00,LPL,2025,Split 1,0,2,15.01,Team WE,Top Esports,1425.3299598678493,1684.453480905108,-259.1235210372588,0.1,0.5,-0.4,0.0,0.2313793629507742,0
11721-11721_game_3,2025-01-18 11:27:25+00:00,LPL,2025,Split 1,0,3,15.01,Team WE,Top Esports,1419.3620873470418,1690.475210505891,-271.11312315884925,0.1,0.6,-0.5,0.0,0.2313793629507742,0
LOLTMNT06_96344,2025-01-18 17:09:08+00:00,LEC,2025,Winter,0,1,15.01,Team Heretics,Rogue,1630.6142848687227,1451.0791255934405,179.53515927528224,0.2,0.2,0.0,0.6666666666666667,,0
LOLTMNT06_96348,2025-01-18 18:10:05+00:00,LEC,2025,Winter,0,1,15.01,Team Vitality,Team BDS,1613.4356997712798,1639.5098932362944,-26.07419346501456,0.2,0.5,-0.3,0.25,,1
LOLTMNT06_95363,2025-01-18 19:05:05+00:00,LEC,2025,Winter,0,1,15.01,GiantX,SK Gaming,1575.4436636994105,1652.0998074531594,-76.65614375374889,0.3,0.3,0.0,0.0,0.576142,1
LOLTMNT06_96368,2025-01-18 19:59:46+00:00,LEC,2025,Winter,0,1,15.01,Movistar KOI,Fnatic,1585.2197720299828,1602.795995716769,-17.576223686786307,0.5,0.3,0.2,,0.417989,1
LOLTMNT06_95385,2025-01-18 21:00:09+00:00,LEC,2025,Winter,0,1,15.01,Karmine Corp,G2 Esports,1616.8033951820478,1704.336730618481,-87.53333543643316,0.6,0.5,0.09999999999999998,0.0,0.37561,1
LOLTMNT03_187435,2025-01-19 06:04:49+00:00,LCK,2025,Cup,0,1,15.01,KT Rolster,Hanwha Life Esports,1576.0491962239983,1729.1402200399305,-153.0910238159322,0.5,0.5,0.0,0.33333333333333337,0.2786181167730275,0
LOLTMNT03_187440,2025-01-19 06:54:25+00:00,LCK,2025,Cup,0,2,15.01,KT Rolster,Hanwha Life Esports,1566.4221106901282,1738.5907755344554,-172.16866484432717,0.4,0.5,-0.09999999999999998,0.3076923076923077,0.2786181167730275,0
LOLTMNT03_187470,2025-01-19 08:34:13+00:00,LCK,2025,Cup,0,1,15.01,BNK FEARX,Gen.G,1478.368442235796,1762.7588991821272,-284.39045694633114,0.3,0.8,-0.5,0.0,0.1629908303220048,0
11722-11722_game_1,2025-01-19 09:27:45+00:00,LPL,2025,Split 1,0,1,15.01,Invictus Gaming,Ninjas in Pyjamas,1565.712821180189,1491.0262121191902,74.68660906099876,0.6,0.4,0.19999999999999996,0.2857142857142857,,1
LOLTMNT03_187471,2025-01-19 09:34:45+00:00,LCK,2025,Cup,0,2,15.01,BNK FEARX,Gen.G,1473.0087839110824,1768.5705764942243,-295.5617925831418,0.3,0.8,-0.5,0.0,0.1629908303220048,0
11722-11722_game_2,2025-01-19 10:19:30+00:00,LPL,2025,Split 1,0,2,15.01,Ninjas in Pyjamas,Invictus Gaming,1478.3904211531703,1578.6545943641117,-100.26417321094141,0.3,0.7,-0.39999999999999997,0.625,,1
11722-11722_game_3,2025-01-19 11:13:50+00:00,LPL,2025,Split 1,0,3,15.01,Invictus Gaming,Ninjas in Pyjamas,1558.545615289489,1498.8567597737422,59.68885551574681,0.6,0.4,0.19999999999999996,0.3333333333333333,,0
11722-11722_game_4,2025-01-19 12:08:06+00:00,LPL,2025,Split 1,0,4,15.01,Invictus Gaming,Ninjas in Pyjamas,1540.0570331932745,1517.5627992938373,22.494233899437177,0.5,0.4,0.09999999999999998,0.3,,0
LOLTMNT06_96430,2025-01-19 17:06:11+00:00,LEC,2025,Winter,0,1,15.01,Team Heretics,SK Gaming,1607.8416992855211,1633.0106461676066,-25.168946882085493,0.2,0.2,0.0,0.4545454545454546,0.410579,1
LOLTMNT06_95435,2025-01-19 17:59:13+00:00,LEC,2025,Winter,0,1,15.01,Rogue,GiantX,1474.4053608179559,1594.6936611927897,-120.28830037483385,0.3,0.4,-0.10000000000000003,0.0,0.344037,0
LOLTMNT06_95446,2025-01-19 19:21:06+00:00,LEC,2025,Winter,0,1,15.01,Movistar KOI,Karmine Corp,1602.025380523939,1636.4769295615351,-34.45154903759612,0.6,0.6,0.0,,0.5,0
LOLTMNT06_96459,2025-01-19 20:24:44+00:00,LEC,2025,Winter,0,1,15.01,G2 Esports,Team BDS,1684.4908797322864,1622.44188206442,62.04899766786639,0.4,0.5,-0.09999999999999998,0.7619047619047619,,0
LOLTMNT06_96473,2025-01-19 21:18:52+00:00,LEC,2025,Winter,0,1,15.01,Fnatic,Team Vitality,1586.012640841916,1630.5713343313737,-44.55869348945771,0.3,0.3,0.0,0.8571428571428571,0.686801,1
11723-11723_game_1,2025-01-20 09:29:51+00:00,LPL,2025,Split 1,0,1,15.01,JD Gaming,Ultra Prime,1696.5939916284647,1547.4920733643835,149.10191826408118,0.5,0.3,0.2,1.0,0.775639079913746,1
11723-11723_game_2,2025-01-20 10:17:30+00:00,LPL,2025,Split 1,0,2,15.01,Ultra Prime,JD Gaming,1537.5762835721612,1706.6433021188961,-169.06701854673497,0.2,0.6,-0.39999999999999997,0.0,0.2243609200862539,0
11723-11723_game_3,2025-01-20 11:16:40+00:00,LPL,2025,Split 1,0,3,15.01,Ultra Prime,JD Gaming,1528.412911002211,1715.9351942310016,-187.52228322879046,0.1,0.6,-0.5,0.0,0.2243609200862539,0
LOLTMNT06_95500,2025-01-20 17:07:36+00:00,LEC,2025,Winter,0,1,15.01,Team BDS,Rogue,1641.0555774773352,1463.5512252892916,177.50435218804364,0.6,0.2,0.39999999999999997,1.0,,1
LOLTMNT06_96516,2025-01-20 18:05:02+00:00,LEC,2025,Winter,0,1,15.01,Team Heretics,Fnatic,1624.8724107669452,1603.9823954514545,20.8900153154907,0.3,0.3,0.0,0.5,0.290323,0
LOLTMNT06_96529,2025-01-20 18:52:10+00:00,LEC,2025,Winter,0,1,15.01,Movistar KOI,Team Vitality,1587.6022002552043,1613.1409974647113,-25.538797209507038,0.5,0.3,0.2,,0.645238,1
LOLTMNT06_95531,2025-01-20 19:48:37+00:00,LEC,2025,Winter,0,1,15.01,G2 Esports,SK Gaming,1665.7305119228538,1615.9909873471245,49.73952457572932,0.3,0.1,0.19999999999999998,0.6666666666666666,0.752418,1
LOLTMNT06_96548,2025-01-20 20:43:00+00:00,LEC,2025,Winter,0,1,15.01,GiantX,Karmine Corp,1605.6255255677297,1651.0301424067736,-45.40461683904391,0.4,0.6,-0.19999999999999996,0.3333333333333333,0.39206,1
11724-11724_game_1,2025-01-21 09:22:17+00:00,LPL,2025,Split 1,0,1,15.01,EDward Gaming,ThunderTalk Gaming,1442.384669376231,1555.7952739166146,-113.4106045403837,0.4,0.6,-0.19999999999999996,0.4444444444444444,0.4202250281778261,1
11724-11724_game_2,2025-01-21 10:23:14+00:00,LPL,2025,Split 1,0,2,15.01,ThunderTalk Gaming,EDward Gaming,1534.830006410446,1463.410068617697,71.4199377927489,0.5,0.5,0.0,0.5,0.5797749718221739,1
11724-11724_game_3,2025-01-21 11:16:15+00:00,LPL,2025,Split 1,0,3,15.01,EDward Gaming,ThunderTalk Gaming,1450.6415756833903,1547.628187295689,-96.9866116122987,0.5,0.5,0.0,0.45454545454545453,0.4202250281778261,0
11724-11724_game_4,2025-01-21 12:11:42+00:00,LPL,2025,Split 1,0,4,15.01,EDward Gaming,ThunderTalk Gaming,1438.9810570691275,1559.3315830015665,-120.35052593243904,0.4,0.6,-0.19999999999999996,0.4166666666666667,0.4202250281778261,0
LOLTMNT03_188641,2025-01-22 08:04:43+00:00,LCK,2025,Cup,0,1,15.01,Dplus Kia,BNK FEARX,1683.8000846051777,1467.933596718713,215.8664878864647,0.6,0.3,0.3,0.7857142857142857,0.760379408509232,1
LOLTMNT03_188645,2025-01-22 08:55:05+00:00,LCK,2025,Cup,0,2,15.01,BNK FEARX,Dplus Kia,1460.6352852911075,1690.969685489652,-230.33440019854447,0.3,0.6,-0.3,0.2,0.2396205914907679,1
11725-11725_game_1,2025-01-22 09:27:10+00:00,LPL,2025,Split 1,0,1,15.01,LGD Gaming,Team WE,1544.5964683981365,1413.7240844784271,130.87238391970936,0.2,0.1,0.1,0.42857142857142855,,1
LOLTMNT03_188655,2025-01-22 09:48:21+00:00,LCK,2025,Cup,0,3,15.01,Dplus Kia,BNK FEARX,1665.6865901329002,1485.7964340692,179.89015606370026,0.6,0.3,0.3,0.75,0.760379408509232,1
11725-11725_game_2,2025-01-22 10:24:03+00:00,LPL,2025,Split 1,0,2,15.01,Team WE,LGD Gaming,1403.4168904640096,1554.9502548244968,-151.5333643604872,0.1,0.3,-0.19999999999999998,0.5,,0
LOLTMNT03_188679,2025-01-22 11:00:14+00:00,LCK,2025,Cup,0,1,15.01,DN SOOPers,DRX,1508.7990409090219,1501.2052888975165,7.59375201150533,0.3,0.4,-0.10000000000000003,0.6,0.6331953591455877,1
11725-11725_game_3,2025-01-22 11:36:39+00:00,LPL,2025,Split 1,0,3,15.01,Team WE,LGD Gaming,1393.9188437112782,1564.4983484625614,-170.57950475128314,0.1,0.4,-0.30000000000000004,0.4444444444444444,,0
LOLTMNT03_189517,2025-01-22 11:54:37+00:00,LCK,2025,Cup,0,2,15.01,DRX,DN SOOPers,1485.5345501325512,1524.4526388230386,-38.918088690487366,0.4,0.4,0.0,0.36363636363636365,0.3668046408544123,1
LOLTMNT03_188722,2025-01-22 12:46:42+00:00,LCK,2025,Cup,0,3,15.01,DN SOOPers,DRX,1506.6823575537642,1503.2653804863332,3.4169770674309348,0.4,0.4,0.0,0.5833333333333334,0.6331953591455877,0
LOLTMNT03_189773,2025-01-23 08:04:06+00:00,LCK,2025,Cup,0,1,15.01,HANJIN BRION,Gen.G,1551.75859485009,1774.0687418708974,-222.31014702080734,0.5,0.8,-0.30000000000000004,0.0,0.1800937027367385,1
LOLTMNT03_189783,2025-01-23 09:12:50+00:00,LCK,2025,Cup,0,2,15.01,Gen.G,HANJIN BRION,1749.5741426265135,1576.22728038274,173.34686224377356,0.7,0.5,0.19999999999999996,0.9,0.8199062972632615,0
11738-11738_game_1,2025-01-23 09:23:46+00:00,LPL,2025,Split 1,0,1,15.01,Oh My God,JD Gaming,1470.0119754197162,1724.5504576830313,-254.53848226331502,0.2,0.6,-0.39999999999999997,0.33333333333333337,0.2360283086796941,1
11738-11738_game_2,2025-01-23 10:20:54+00:00,LPL,2025,Split 1,0,2,15.01,JD Gaming,Oh My God,1699.0339293920174,1495.8726384040299,203.1612909879875,0.6,0.3,0.3,0.5,0.7639716913203058,1
LOLTMNT03_190012,2025-01-23 10:34:33+00:00,LCK,2025,Cup,0,1,15.01,Hanwha Life Esports,Nongshim RedForce,1747.3281592641329,1538.5965479279919,208.731611336141,0.6,0.6,0.0,0.9090909090909091,0.7867831417028295,1
11738-11738_game_3,2025-01-23 11:11:52+00:00,LPL,2025,Split 1,0,3,15.01,Oh My God,JD Gaming,1488.1706158394113,1707.068427583788,-218.89781174437667,0.3,0.6,-0.3,0.4,0.2360283086796941,1
LOLTMNT03_190023,2025-01-23 11:32:01+00:00,LCK,2025,Cup,0,2,15.01,Nongshim RedForce,Hanwha Life Esports,1530.6348071060684,1754.7994540769985,-224.1646469709301,0.5,0.6,-0.09999999999999998,0.08333333333333337,0.2132168582971705,0
11738-11738_game_4,2025-01-23 12:12:51+00:00,LPL,2025,Split 1,0,4,15.01,JD Gaming,Oh My God,1682.5676480880436,1512.9855595516754,169.58208853636825,0.5,0.3,0.2,0.5,0.7639716913203058,1
11738-11738_game_5,2025-01-23 12:57:38+00:00,LPL,2025,Split 1,0,5,15.01,Oh My God,JD Gaming,1504.134135324532,1691.7032065151375,-187.56907119060543,0.2,0.6,-0.39999999999999997,0.4285714285714286,0.2360283086796941,0
LOLTMNT03_191023,2025-01-24 08:05:35+00:00,LCK,2025,Cup,0,1,15.01,DRX,BNK FEARX,1519.410828062096,1477.3060157217667,42.10481234032932,0.5,0.2,0.3,0.33333333333333337,0.4462523105547707,1
LOLTMNT03_191028,2025-01-24 08:59:16+00:00,LCK,2025,Cup,0,2,15.01,BNK FEARX,DRX,1463.217121204819,1533.5151507477324,-70.29802954291335,0.2,0.5,-0.3,0.6,0.5537476894452292,1
11726-11726_game_1,2025-01-24 09:34:15+00:00,LPL,2025,Split 1,0,1,15.02,Top Esports,Anyone's Legend,1696.163631516571,1643.4658349678907,52.697796548680344,0.6,0.6,0.0,0.7777777777777778,0.5540237865705194,0
LOLTMNT03_191030,2025-01-24 09:49:42+00:00,LCK,2025,Cup,0,3,15.01,DRX,BNK FEARX,1514.375974428674,1482.3739221634955,32.00205226517846,0.5,0.3,0.2,0.36363636363636365,0.4462523105547707,1
11726-11726_game_2,2025-01-24 10:38:13+00:00,LPL,2025,Split 1,0,2,15.02,Top Esports,Anyone's Legend,1677.789166030741,1661.8652741070953,15.92389192364567,0.6,0.6,0.0,0.7,0.5540237865705194,1
LOLTMNT03_190264,2025-01-24 11:12:47+00:00,LCK,2025,Cup,0,1,15.01,T1,KT Rolster,1723.1538193713332,1557.5033453407545,165.6504740305786,0.3,0.4,-0.10000000000000003,0.65,0.6259521291653675,1
11726-11726_game_3,2025-01-24 11:45:17+00:00,LPL,2025,Split 1,0,3,15.02,Anyone's Legend,Top Esports,1646.5971934165275,1693.0566068389303,-46.459413422402804,0.6,0.6,0.0,0.2727272727272727,0.4459762134294806,1
LOLTMNT03_191065,2025-01-24 12:03:15+00:00,LCK,2025,Cup,0,2,15.01,KT Rolster,T1,1548.3689848537538,1732.6062435362378,-184.23725868248403,0.4,0.4,0.0,0.3333333333333333,0.3740478708346325,1
11726-11726_game_4,2025-01-24 12:49:04+00:00,LPL,2025,Split 1,0,4,15.02,Top Esports,Anyone's Legend,1674.9543651798842,1664.717558305716,10.236806874168224,0.5,0.6,-0.09999999999999998,0.6666666666666667,0.5540237865705194,0
LOLTMNT03_191077,2025-01-24 13:04:39+00:00,LCK,2025,Cup,0,3,15.01,T1,KT Rolster,1709.4312138847358,1571.9076858037383,137.5235280809975,0.4,0.4,0.0,0.6363636363636364,0.6259521291653675,1
11727-11727_game_1,2025-01-25 05:30:35+00:00,LPL,2025,Split 1,0,1,15.02,Bilibili Gaming,LNG Esports,1826.418608735495,1529.9945682490165,296.42404048647836,0.7,0.4,0.29999999999999993,0.5,0.7439969864378295,1
LOLTMNT03_191178,2025-01-25 06:06:39+00:00,LCK,2025,Cup,0,1,15.01,Hanwha Life Esports,Dplus Kia,1761.7732389225941,1674.0729220928374,87.70031682975673,0.6,0.6,0.0,0.6363636363636364,0.592241101475382,0
11727-11727_game_2,2025-01-25 06:25:38+00:00,LPL,2025,Split 1,0,2,15.02,LNG Esports,Bilibili Gaming,1524.8213906324886,1831.5301849592875,-306.70879432679885,0.3,0.7,-0.39999999999999997,0.4285714285714286,0.2560030135621704,0
LOLTMNT03_191179,2025-01-25 07:00:00+00:00,LCK,2025,Cup,0,2,15.01,Hanwha Life Esports,Dplus Kia,1741.8595660373812,1694.0268707922685,47.832695245112745,0.5,0.7,-0.19999999999999996,0.5833333333333333,0.592241101475382,1
11727-11727_game_3,2025-01-25 07:19:20+00:00,LPL,2025,Split 1,0,3,15.02,LNG Esports,Bilibili Gaming,1519.9063356262382,1836.387308586956,-316.48097296071774,0.2,0.7,-0.49999999999999994,0.375,0.2560030135621704,0
LOLTMNT03_190416,2025-01-25 07:59:38+00:00,LCK,2025,Cup,0,3,15.01,Dplus Kia,Hanwha Life Esports,1680.2152096322056,1755.6940070917324,-75.47879745952673,0.7,0.6,0.09999999999999998,0.38461538461538464,0.407758898524618,1
LOLTMNT03_190434,2025-01-25 09:24:12+00:00,LCK,2025,Cup,0,1,15.01,Gen.G,DN SOOPers,1726.655497374947,1501.2048350833504,225.45066229159647,0.6,0.4,0.19999999999999996,1.0,0.7706622539817704,1
11728-11728_game_1,2025-01-25 09:27:08+00:00,LPL,2025,Split 1,0,1,15.02,Invictus Gaming,Royal Never Give Up,1523.1159225607898,1489.3373630624355,33.7785594983543,0.4,0.4,0.0,0.6666666666666666,0.6908371369854289,0
LOLTMNT03_190436,2025-01-25 10:14:02+00:00,LCK,2025,Cup,0,2,15.01,DN SOOPers,Gen.G,1494.3094067597492,1733.9939950167332,-239.68458825698394,0.3,0.6,-0.3,0.0,0.2293377460182296,0
11728-11728_game_2,2025-01-25 10:29:01+00:00,LPL,2025,Split 1,0,2,15.02,Invictus Gaming,Royal Never Give Up,1505.6856641891545,1506.815952224411,-1.1302880352563989,0.3,0.5,-0.2,0.5714285714285714,0.6908371369854289,1
11728-11728_game_3,2025-01-25 11:32:50+00:00,LPL,2025,Split 1,0,3,15.02,Royal Never Give Up,Invictus Gaming,1490.7421085367196,1521.7463244831338,-31.004215946414206,0.4,0.4,0.0,0.375,0.3091628630145711,0
11728-11728_game_4,2025-01-25 12:23:54+00:00,LPL,2025,Split 1,0,4,15.02,Invictus Gaming,Royal Never Give Up,1536.4157713150307,1476.1104046888672,60.305366626163504,0.5,0.4,0.09999999999999998,0.6666666666666666,0.6908371369854289,1
LOLTMNT04_92110,2025-01-25 17:08:30+00:00,LEC,2025,Winter,0,1,15.02,Rogue,Fnatic,1454.8447851828219,1620.9103517173558,-166.0655665345339,0.2,0.4,-0.2,0.0,0.280851,0
LOLTMNT04_92114,2025-01-25 18:08:27+00:00,LEC,2025,Winter,0,1,15.02,Team BDS,Team Heretics,1649.9972839540599,1608.0381646537976,41.95911930026227,0.6,0.3,0.3,0.8571428571428571,,0
LOLTMNT04_92126,2025-01-25 19:08:52+00:00,LEC,2025,Winter,0,1,15.02,GiantX,Movistar KOI,1623.5798594862902,1604.7729138616396,18.806945624650552,0.5,0.6,-0.09999999999999998,,0.463731,0
LOLTMNT04_92133,2025-01-25 20:07:47+00:00,LEC,2025,Winter,0,1,15.02,Team Vitality,G2 Esports,1596.36781011394,1679.5044363893653,-83.13662627542521,0.3,0.3,0.0,0.6666666666666667,0.298643,0
LOLTMNT04_92142,2025-01-25 21:14:10+00:00,LEC,2025,Winter,0,1,15.02,Karmine Corp,SK Gaming,1633.1056526814905,1602.0730526561365,31.032600025353986,0.5,0.1,0.4,0.5,0.720524,1
LOLTMNT03_191289,2025-01-26 06:04:20+00:00,LCK,2025,Cup,0,1,15.01,T1,Nongshim RedForce,1719.7913415658572,1523.1874978498795,196.60384371597775,0.5,0.4,0.09999999999999998,0.6,0.7365162783581356,1
LOLTMNT03_191291,2025-01-26 06:58:03+00:00,LCK,2025,Cup,0,2,15.01,Nongshim RedForce,T1,1514.9005534182254,1728.1555792885897,-213.2550258703643,0.4,0.6,-0.19999999999999996,0.36363636363636365,0.2634837216418644,0
LOLTMNT03_191298,2025-01-26 08:34:53+00:00,LCK,2025,Cup,0,1,15.01,KT Rolster,HANJIN BRION,1561.7533139823179,1599.1204609836955,-37.36714700137759,0.3,0.5,-0.2,0.7,0.6146760794917354,1
LOLTMNT03_190508,2025-01-26 09:36:41+00:00,LCK,2025,Cup,0,2,15.01,HANJIN BRION,KT Rolster,1581.5719403230075,1579.4359483173587,2.135992005648859,0.5,0.4,0.09999999999999998,0.2727272727272727,0.3853239205082646,0
LOLTMNT04_92193,2025-01-26 17:07:00+00:00,LEC,2025,Winter,0,1,15.02,GiantX,Team Heretics,1606.7406170314007,1625.7690370693877,-19.02842003798696,0.4,0.3,0.10000000000000003,0.5,0.643705,1
LOLTMNT04_93166,2025-01-26 17:57:24+00:00,LEC,2025,Winter,0,1,15.02,SK Gaming,Team Vitality,1587.390899677528,1583.5857994640523,3.8051002134757255,0.1,0.2,-0.1,0.5,0.485714,0
LOLTMNT04_93174,2025-01-26 19:04:12+00:00,LEC,2025,Winter,0,1,15.02,Fnatic,G2 Esports,1629.9593944902151,1691.8233329029063,-61.86393841269114,0.5,0.4,0.09999999999999998,0.2916666666666667,0.463731,1
LOLTMNT04_92211,2025-01-26 19:52:31+00:00,LEC,2025,Winter,0,1,15.02,Karmine Corp,Rogue,1647.7837035975185,1445.747852620088,202.03585097743053,0.6,0.2,0.39999999999999997,0.3333333333333333,0.722917,1
LOLTMNT04_92219,2025-01-26 20:38:09+00:00,LEC,2025,Winter,0,1,15.02,Team BDS,Movistar KOI,1632.2275453883688,1621.6357937295973,10.5917516587715,0.5,0.6,-0.09999999999999998,,,0
LOLTMNT04_92277,2025-01-27 17:07:16+00:00,LEC,2025,Winter,0,1,15.02,Team Vitality,Rogue,1599.8668294711886,1437.9087359691202,161.95809350206832,0.2,0.2,0.0,0.6666666666666667,,1
LOLTMNT04_93276,2025-01-27 18:02:18+00:00,LEC,2025,Winter,0,1,15.02,Fnatic,Team BDS,1648.7042875583072,1615.7868229988173,32.91746455948987,0.6,0.4,0.19999999999999996,0.5454545454545454,,1
LOLTMNT04_93287,2025-01-27 19:06:14+00:00,LEC,2025,Winter,0,1,15.02,G2 Esports,GiantX,1673.0566458228623,1623.5631767513491,49.49346907151312,0.3,0.5,-0.2,1.0,0.596491,1
LOLTMNT04_93299,2025-01-27 19:53:56+00:00,LEC,2025,Winter,0,1,15.02,Karmine Corp,Team Heretics,1655.7567370882066,1608.9925386320979,46.764198456108716,0.6,0.3,0.3,0.0,0.729614,1
LOLTMNT04_93308,2025-01-27 20:50:22+00:00,LEC,2025,Winter,0,1,15.02,SK Gaming,Movistar KOI,1571.2428116550177,1638.1219456306112,-66.8791339755935,0.1,0.6,-0.5,,0.270386,0
LOLTMNT01_196721,2025-01-31 08:03:18+00:00,LCK,2025,Cup,0,1,15.02,DN SOOPers,KT Rolster,1479.9577708002876,1595.555012838993,-115.59724203870542,0.3,0.5,-0.2,0.6,0.3581163238673568,1
LOLTMNT01_195821,2025-01-31 08:53:26+00:00,LCK,2025,Cup,0,2,15.02,KT Rolster,DN SOOPers,1574.5653245952822,1501.069619756909,73.49570483837306,0.4,0.3,0.10000000000000003,0.36363636363636365,0.6418836761326432,1
LOLTMNT01_196743,2025-01-31 09:44:17+00:00,LCK,2025,Cup,0,3,15.02,DN SOOPers,KT Rolster,1488.3896906721798,1587.3306442549447,-98.9409535827649,0.3,0.5,-0.2,0.5833333333333334,0.3581163238673568,0
LOLTMNT01_195885,2025-01-31 11:08:35+00:00,LCK,2025,Cup,0,1,15.02,DRX,Hanwha Life Esports,1482.4481156438028,1736.3025257014283,-253.8544100576255,0.6,0.5,0.09999999999999998,0.1111111111111111,0.2570586371960447,0
LOLTMNT01_195897,2025-01-31 12:00:21+00:00,LCK,2025,Cup,0,2,15.02,DRX,Hanwha Life Esports,1476.146108117639,1742.375935640194,-266.22982752255507,0.5,0.6,-0.09999999999999998,0.1,0.2570586371960447,0
LOLTMNT01_198268,2025-02-01 06:04:25+00:00,LCK,2025,Cup,0,1,15.02,T1,Gen.G,1735.9699139867887,1740.8744349926303,-4.904521005841616,0.7,0.6,0.09999999999999998,0.3157894736842105,0.3880752000375197,1
LOLTMNT01_198283,2025-02-01 06:57:56+00:00,LCK,2025,Cup,0,2,15.02,Gen.G,T1,1724.626175536782,1751.9574394068284,-27.331263870046314,0.6,0.8,-0.20000000000000007,0.65,0.6119247999624803,1
LOLTMNT01_198303,2025-02-01 07:51:42+00:00,LCK,2025,Cup,0,3,15.02,T1,Gen.G,1734.6083535837236,1741.7743477524068,-7.165994168683255,0.7,0.7,0.0,0.33333333333333337,0.3880752000375197,1
LOLTMNT01_197638,2025-02-01 09:15:19+00:00,LCK,2025,Cup,0,1,15.02,HANJIN BRION,Dplus Kia,1565.511008929437,1699.636617673433,-134.12560874399605,0.4,0.7,-0.29999999999999993,0.3076923076923077,0.2645515905613579,1
LOLTMNT01_197663,2025-02-01 10:06:23+00:00,LCK,2025,Cup,0,2,15.02,Dplus Kia,HANJIN BRION,1677.7506581429436,1587.071386522015,90.6792716209286,0.7,0.4,0.29999999999999993,0.6428571428571429,0.735448409438642,1
LOLTMNT01_197690,2025-02-01 10:54:40+00:00,LCK,2025,Cup,0,3,15.02,HANJIN BRION,Dplus Kia,1574.9376751407476,1689.6678261412587,-114.73015100051111,0.3,0.7,-0.39999999999999997,0.33333333333333337,0.2645515905613579,0
LOLTMNT04_93750,2025-02-01 17:08:38+00:00,LEC,2025,Winter,0,1,15.02,SK Gaming,Team BDS,1558.079703229611,1601.2181409892578,-43.13843775964688,0.0,0.3,-0.3,0.16666666666666666,,0
LOLTMNT04_92679,2025-02-01 17:56:54+00:00,LEC,2025,Winter,0,1,15.02,GiantX,Fnatic,1609.7245270074732,1663.227047739094,-53.502520731620734,0.4,0.6,-0.19999999999999996,0.125,0.341014,0
LOLTMNT04_92696,2025-02-01 18:52:30+00:00,LEC,2025,Winter,0,1,15.02,Rogue,G2 Esports,1428.68991592257,1686.8310530169533,-258.14113709438334,0.2,0.4,-0.2,0.6666666666666667,0.229358,0
LOLTMNT04_92709,2025-02-01 19:44:04+00:00,LEC,2025,Winter,0,1,15.02,Team Heretics,Movistar KOI,1594.9471479142244,1651.0838325997381,-56.13668468551373,0.3,0.6,-0.3,,0.294872,1
LOLTMNT04_92728,2025-02-01 20:43:29+00:00,LEC,2025,Winter,0,1,15.02,Team Vitality,Karmine Corp,1609.8896440498181,1669.7406639579276,-59.85101990810949,0.3,0.6,-0.3,0.6666666666666667,0.298643,0
LOLTMNT01_198801,2025-02-02 06:06:34+00:00,LCK,2025,Cup,0,1,15.02,Nongshim RedForce,BNK FEARX,1507.1806013515336,1467.8336680721957,39.34693327933792,0.3,0.3,0.0,0.36363636363636365,0.5472876546374191,1
LOLTMNT01_198810,2025-02-02 06:55:43+00:00,LCK,2025,Cup,0,2,15.02,BNK FEARX,Nongshim RedForce,1453.62407000948,1521.557582487601,-67.93351247812097,0.2,0.4,-0.2,0.5833333333333334,0.4527123453625808,0
LOLTMNT04_93871,2025-02-02 17:07:20+00:00,LEC,2025,Winter,0,1,15.02,Rogue,SK Gaming,1422.585920266843,1543.9339723689336,-121.3480521020906,0.1,0.0,0.1,0.25,0.557841,0
LOLTMNT04_93883,2025-02-02 17:57:23+00:00,LEC,2025,Winter,0,1,15.02,Team BDS,GiantX,1615.3620583495267,1596.0688061848796,19.29325216464713,0.3,0.4,-0.10000000000000003,0.8333333333333334,,0
LOLTMNT04_92827,2025-02-02 18:59:16+00:00,LEC,2025,Winter,0,1,15.02,Fnatic,Karmine Corp,1676.8337480509756,1683.1516004004964,-6.317852349520763,0.7,0.7,0.0,1.0,0.536269,1
LOLTMNT04_92843,2025-02-02 19:46:21+00:00,LEC,2025,Winter,0,1,15.02,Team Heretics,Team Vitality,1613.3022362139086,1596.3185171486234,16.983719065285186,0.4,0.3,0.10000000000000003,0.0,,0
LOLTMNT04_93937,2025-02-02 20:42:01+00:00,LEC,2025,Winter,0,1,15.02,G2 Esports,Movistar KOI,1692.8441066743085,1632.5241876464995,60.319919027808965,0.5,0.5,0.0,,0.557841,1
LOLTMNT04_92941,2025-02-03 17:05:40+00:00,LEC,2025,Winter,0,1,15.02,Team Vitality,GiantX,1613.0884121588413,1612.9158931687991,0.17251899004213556,0.4,0.5,-0.09999999999999998,0.0,0.410579,1
LOLTMNT04_92952,2025-02-03 17:55:39+00:00,LEC,2025,Winter,0,1,15.02,Movistar KOI,Rogue,1619.2704973956231,1411.8329492161004,207.43754817952276,0.5,0.1,0.4,,0.770642,1
LOLTMNT04_92975,2025-02-03 18:46:57+00:00,LEC,2025,Winter,0,1,15.02,Karmine Corp,Team BDS,1666.8846224419424,1598.5299916786066,68.35463076333576,0.7,0.3,0.39999999999999997,0.375,,0
LOLTMNT04_92989,2025-02-03 19:36:03+00:00,LEC,2025,Winter,0,1,15.02,G2 Esports,Team Heretics,1706.1350067592116,1596.5894504549474,109.54555630426421,0.6,0.4,0.19999999999999996,1.0,0.787086,1
LOLTMNT04_94054,2025-02-03 20:28:27+00:00,LEC,2025,Winter,0,1,15.02,SK Gaming,Fnatic,1554.8650579517157,1693.1171714265681,-138.25211347485242,0.1,0.7,-0.6,0.25,0.188498,0
LOLTMNT01_202875,2025-02-07 08:05:24+00:00,LCK,2025,Cup,0,1,15.02,DRX,DN SOOPers,1470.2024198113972,1476.8092351033133,-6.606815291916064,0.4,0.2,0.2,0.46153846153846156,0.5303405733689568,1
LOLTMNT01_202877,2025-02-07 09:00:30+00:00,LCK,2025,Cup,0,2,15.02,DN SOOPers,DRX,1460.5062505233775,1486.4607722622877,-25.954521738910216,0.2,0.5,-0.3,0.5,0.4696594266310432,0
LOLTMNT01_203863,2025-02-07 10:33:44+00:00,LCK,2025,Cup,0,1,15.02,Nongshim RedForce,HANJIN BRION,1534.7072078615633,1563.7896928022703,-29.08248494070699,0.5,0.3,0.2,0.9090909090909091,0.5690666151779489,1
LOLTMNT01_203871,2025-02-07 11:27:17+00:00,LCK,2025,Cup,0,2,15.02,HANJIN BRION,Nongshim RedForce,1546.5402886884553,1552.0106421163057,-5.470353427850341,0.3,0.5,-0.2,0.08333333333333333,0.4309333848220511,0
LOLTMNT01_204096,2025-02-08 06:05:33+00:00,LCK,2025,Cup,0,1,15.02,T1,Nongshim RedForce,1750.7409238896494,1567.8144156845888,182.9265082050606,0.8,0.6,0.20000000000000007,0.6666666666666667,0.7748029286173659,1
LOLTMNT01_205030,2025-02-08 06:59:21+00:00,LCK,2025,Cup,0,2,15.02,Nongshim RedForce,T1,1559.2409080080906,1759.3958143593045,-200.15490635121387,0.5,0.8,-0.30000000000000004,0.3076923076923077,0.2251970713826341,0
LOLTMNT01_204112,2025-02-08 08:35:01+00:00,LCK,2025,Cup,0,1,15.02,Hanwha Life Esports,DRX,1748.1054522527033,1501.2825243311759,246.82292792152748,0.7,0.6,0.09999999999999998,0.9090909090909091,0.7439952467247326,1
11729-11729_game_1,2025-02-08 09:23:57+00:00,LPL,2025,Split 1,0,1,15.02,Ninjas in Pyjamas,FunPlus Phoenix,1534.591277056863,1485.1544694256277,49.4368076312353,0.5,0.3,0.2,0.4444444444444444,0.708446970151129,1
LOLTMNT01_204114,2025-02-08 09:30:18+00:00,LCK,2025,Cup,0,2,15.02,DRX,Hanwha Life Esports,1494.8457077457238,1754.3745927283937,-259.52888498267,0.6,0.8,-0.20000000000000007,0.08333333333333333,0.2560047532752674,0
11729-11729_game_2,2025-02-08 10:12:40+00:00,LPL,2025,Split 1,0,2,15.02,FunPlus Phoenix,Ninjas in Pyjamas,1471.3420604773796,1548.3403606112752,-76.99830013389555,0.3,0.6,-0.3,0.5,0.291553029848871,0
11729-11729_game_3,2025-02-08 11:11:14+00:00,LPL,2025,Split 1,0,3,15.02,FunPlus Phoenix,Ninjas in Pyjamas,1458.7396884590162,1560.8659561204922,-102.12626766147605,0.2,0.6,-0.39999999999999997,0.45454545454545453,0.291553029848871,0
LOLTMNT01_204273,2025-02-09 06:04:31+00:00,LCK,2025,Cup,0,1,15.02,DRX,Nongshim RedForce,1488.7809666424384,1551.2700340029864,-62.489067360548006,0.5,0.4,0.09999999999999998,0.2727272727272727,0.5384456655032896,0
LOLTMNT01_205157,2025-02-09 06:53:50+00:00,LCK,2025,Cup,0,2,15.02,DRX,Nongshim RedForce,1475.523563172368,1564.570345661205,-89.04678248883693,0.4,0.5,-0.09999999999999998,0.25,0.5384456655032896,1
LOLTMNT01_204280,2025-02-09 07:52:48+00:00,LCK,2025,Cup,0,3,15.02,Nongshim RedForce,DRX,1544.7305348708346,1495.4151134124302,49.315421458404444,0.5,0.4,0.09999999999999998,0.6923076923076923,0.4615543344967104,1
LOLTMNT01_204281,2025-02-09 08:41:47+00:00,LCK,2025,Cup,0,4,15.02,DRX,Nongshim RedForce,1481.5970512025579,1558.5790812507494,-76.98203004819152,0.4,0.6,-0.19999999999999996,0.2857142857142857,0.5384456655032896,0
11730-11730_game_1,2025-02-09 09:26:01+00:00,LPL,2025,Split 1,0,1,15.02,JD Gaming,Weibo Gaming,1700.1825897866788,1704.1076071091052,-3.9250173224263563,0.7,0.6,0.09999999999999998,0.4166666666666667,0.5167666984016943,0
11730-11730_game_2,2025-02-09 10:23:23+00:00,LPL,2025,Split 1,0,2,15.02,JD Gaming,Weibo Gaming,1684.3671300690046,1719.9283528626995,-35.561222793694924,0.6,0.7,-0.09999999999999998,0.38461538461538464,0.5167666984016943,1
11730-11730_game_3,2025-02-09 11:14:45+00:00,LPL,2025,Split 1,0,3,15.02,Weibo Gaming,JD Gaming,1702.3013325771244,1701.928206136446,0.3731264406783339,0.7,0.7,0.0,0.5714285714285714,0.4832333015983057,1
11730-11730_game_4,2025-02-09 12:16:15+00:00,LPL,2025,Split 1,0,4,15.02,JD Gaming,Weibo Gaming,1685.9551693621675,1718.2849360147852,-32.329766652617764,0.6,0.8,-0.20000000000000007,0.4,0.5167666984016943,1
11730-11730_game_5,2025-02-09 13:12:03+00:00,LPL,2025,Split 1,0,5,15.02,Weibo Gaming,JD Gaming,1700.8041205532886,1703.3856466150555,-2.5815260617669082,0.7,0.6,0.09999999999999998,0.5625,0.4832333015983057,0
11731-11731_game_1,2025-02-10 09:27:30+00:00,LPL,2025,Split 1,0,1,15.02,Team WE,Anyone's Legend,1380.6458769619226,1681.188895622167,-300.54301866024434,0.1,0.7,-0.6,1.0,0.2072876486392058,0
11731-11731_game_2,2025-02-10 10:34:38+00:00,LPL,2025,Split 1,0,2,15.02,Team WE,Anyone's Legend,1375.7885141638094,1686.026306327869,-310.23779216405956,0.0,0.7,-0.7,0.6666666666666667,0.2072876486392058,0
11731-11731_game_3,2025-02-10 11:25:53+00:00,LPL,2025,Split 1,0,3,15.02,Team WE,Anyone's Legend,1371.1576510165066,1690.638524086722,-319.48087307021547,0.0,0.8,-0.8,0.5,0.2072876486392058,1
11731-11731_game_4,2025-02-10 12:20:38+00:00,LPL,2025,Split 1,0,4,15.02,Anyone's Legend,Team WE,1663.0442159317886,1398.7345197307964,264.3096962009922,0.8,0.1,0.7000000000000001,0.4,0.7927123513607942,1
11732-11732_game_1,2025-02-11 09:23:13+00:00,LPL,2025,Split 1,0,1,15.02,EDward Gaming,LNG Esports,1428.2961920906378,1515.2269542753488,-86.93076218471106,0.4,0.2,0.2,0.0,0.4123215717516703,1
11732-11732_game_2,2025-02-11 10:22:07+00:00,LPL,2025,Split 1,0,2,15.02,LNG Esports,EDward Gaming,1495.4476219938133,1448.206922772668,47.240699221145405,0.1,0.4,-0.30000000000000004,0.6666666666666667,0.5876784282483297,0
11732-11732_game_3,2025-02-11 11:20:26+00:00,LPL,2025,Split 1,0,3,15.02,LNG Esports,EDward Gaming,1477.362873057939,1466.3634783724406,10.999394685498373,0.1,0.4,-0.30000000000000004,0.5,0.5876784282483297,0
LOLTMNT02_212651,2025-02-12 08:11:06+00:00,LCK,2025,Cup,0,1,15.03,KT Rolster,Nongshim RedForce,1599.0057585815343,1571.2227019512372,27.783056630297096,0.5,0.7,-0.19999999999999996,0.8,0.5723279918112381,0
LOLTMNT02_212665,2025-02-12 09:09:20+00:00,LCK,2025,Cup,0,2,15.03,KT Rolster,Nongshim RedForce,1581.772025150066,1588.4769308056088,-6.704905655542916,0.5,0.7,-0.19999999999999996,0.7272727272727273,0.5723279918112381,0
11733-11733_game_1,2025-02-12 09:24:21+00:00,LPL,2025,Split 1,0,1,15.02,Ultra Prime,Oh My God,1519.920092081718,1495.927406891479,23.992685190238944,0.1,0.2,-0.1,0.19999999999999996,0.4165541442394539,0
LOLTMNT02_213066,2025-02-12 10:03:18+00:00,LCK,2025,Cup,0,3,15.03,KT Rolster,Nongshim RedForce,1566.0873713092622,1604.193087301806,-38.105715992543765,0.5,0.7,-0.19999999999999996,0.6666666666666666,0.5723279918112381,0
11733-11733_game_2,2025-02-12 10:19:49+00:00,LPL,2025,Split 1,0,2,15.02,Ultra Prime,Oh My God,1502.8907771948598,1513.027899242586,-10.13712204772628,0.1,0.3,-0.19999999999999998,0.16666666666666663,0.4165541442394539,1
11733-11733_game_3,2025-02-12 11:19:18+00:00,LPL,2025,Split 1,0,3,15.02,Oh My God,Ultra Prime,1496.5795232153657,1519.3412826630185,-22.76175944765282,0.3,0.2,0.09999999999999998,0.7142857142857143,0.5834458557605461,0
11733-11733_game_4,2025-02-12 12:18:08+00:00,LPL,2025,Split 1,0,4,15.02,Oh My God,Ultra Prime,1481.623715790639,1534.353105638448,-52.72938984780899,0.3,0.3,0.0,0.625,0.5834458557605461,1
11733-11733_game_5,2025-02-12 13:19:29+00:00,LPL,2025,Split 1,0,5,15.02,Ultra Prime,Oh My God,1516.0551598271825,1500.0153088073675,16.039851019814932,0.3,0.4,-0.10000000000000003,0.33333333333333337,0.4165541442394539,0
LOLTMNT02_214006,2025-02-13 08:05:16+00:00,LCK,2025,Cup,0,1,15.03,Hanwha Life Esports,T1,1760.2822784600405,1767.4575227796352,-7.17524431959464,0.8,0.8,0.0,0.68,0.4359292845669976,1
LOLTMNT02_214014,2025-02-13 08:54:58+00:00,LCK,2025,Cup,0,2,15.03,T1,Hanwha Life Esports,1751.023853191578,1776.6122484618693,-25.588395270291358,0.7,0.8,-0.10000000000000009,0.3076923076923077,0.5640707154330024,1
11734-11734_game_1,2025-02-13 09:22:51+00:00,LPL,2025,Split 1,0,1,15.02,Royal Never Give Up,Ninjas in Pyjamas,1439.584369971956,1572.3107413627447,-132.7263713907887,0.4,0.7,-0.29999999999999993,0.0,0.3064275073256736,0
LOLTMNT02_214018,2025-02-13 09:46:17+00:00,LCK,2025,Cup,0,3,15.03,Hanwha Life Esports,T1,1759.4443113967955,1768.0295243759506,-8.58521297915513,0.7,0.8,-0.10000000000000009,0.6666666666666666,0.4359292845669976,1
11734-11734_game_2,2025-02-13 10:25:17+00:00,LPL,2025,Split 1,0,2,15.02,Royal Never Give Up,Ninjas in Pyjamas,1429.293505487581,1582.49822629643,-153.20472080884906,0.4,0.8,-0.4,0.0,0.3064275073256736,0
LOLTMNT02_213440,2025-02-13 10:41:37+00:00,LCK,2025,Cup,0,4,15.03,T1,Hanwha Life Esports,1751.5581701933575,1775.8387762037733,-24.280606010415795,0.7,0.7,0.0,0.3214285714285714,0.5640707154330024,1
11734-11734_game_3,2025-02-13 11:15:59+00:00,LPL,2025,Split 1,0,3,15.02,Ninjas in Pyjamas,Royal Never Give Up,1591.8860845587146,1419.801957488112,172.08412707060256,0.8,0.4,0.4,1.0,0.6935724926743264,1
LOLTMNT02_214059,2025-02-13 11:40:02+00:00,LCK,2025,Cup,0,5,15.03,Hanwha Life Esports,T1,1758.7289492536827,1768.5392047801167,-9.810255526434048,0.7,0.7,0.0,0.6551724137931034,0.4359292845669976,1
11735-11735_game_1,2025-02-14 09:22:47+00:00,LPL,2025,Split 1,0,1,15.02,Bilibili Gaming,ThunderTalk Gaming,1841.0120503699723,1570.0673537487094,270.9446966212629,0.7,0.7,0.0,1.0,0.7431433998633061,0
11735-11735_game_2,2025-02-14 10:16:55+00:00,LPL,2025,Split 1,0,2,15.02,ThunderTalk Gaming,Bilibili Gaming,1596.421351986204,1814.7381390168616,-218.31678703065768,0.7,0.7,0.0,0.33333333333333337,0.2568566001366939,1
11735-11735_game_3,2025-02-14 11:12:43+00:00,LPL,2025,Split 1,0,3,15.02,Bilibili Gaming,ThunderTalk Gaming,1789.9806989060314,1621.2437940368113,168.7369048692201,0.6,0.8,-0.20000000000000007,0.5,0.7431433998633061,1
11735-11735_game_4,2025-02-14 12:03:07+00:00,LPL,2025,Split 1,0,4,15.02,ThunderTalk Gaming,Bilibili Gaming,1612.3751860271805,1798.8932474892201,-186.51806146203967,0.8,0.7,0.10000000000000009,0.4,0.2568566001366939,0
11735-11735_game_5,2025-02-14 12:53:17+00:00,LPL,2025,Split 1,0,5,15.02,ThunderTalk Gaming,Bilibili Gaming,1604.1474981271886,1807.1670232000263,-203.01952507283772,0.7,0.8,-0.10000000000000009,0.33333333333333337,0.2568566001366939,1
LOLTMNT02_215947,2025-02-15 06:06:56+00:00,LCK,2025,Cup,0,1,15.03,Dplus Kia,Nongshim RedForce,1700.5692139821094,1618.5046024623732,82.06461151973622,0.7,0.7,0.0,0.9,0.6896755034734273,1
LOLTMNT02_215958,2025-02-15 06:59:03+00:00,LCK,2025,Cup,0,2,15.03,Nongshim RedForce,Dplus Kia,1606.1389830237952,1712.8593627715632,-106.72037974776799,0.6,0.7,-0.09999999999999998,0.09090909090909094,0.3103244965265727,0
LOLTMNT02_216864,2025-02-15 07:47:46+00:00,LCK,2025,Cup,0,3,15.03,Nongshim RedForce,Dplus Kia,1594.8143456948553,1724.0943579431216,-129.2800122482663,0.6,0.7,-0.09999999999999998,0.08333333333333337,0.3103244965265727,1
LOLTMNT02_216888,2025-02-15 08:36:56+00:00,LCK,2025,Cup,0,4,15.03,Dplus Kia,Nongshim RedForce,1702.4018942554226,1616.4098525045679,85.9920417508547,0.7,0.7,0.0,0.8461538461538461,0.6896755034734273,1
11736-11736_game_1,2025-02-15 09:25:33+00:00,LPL,2025,Split 1,0,1,15.02,FunPlus Phoenix,Invictus Gaming,1447.2110602062676,1549.8191597727277,-102.60809956646017,0.2,0.5,-0.3,1.0,0.2810989858668301,0
11736-11736_game_2,2025-02-15 10:26:02+00:00,LPL,2025,Split 1,0,2,15.02,FunPlus Phoenix,Invictus Gaming,1435.710609778073,1561.443475681598,-125.73286590352518,0.2,0.5,-0.3,0.6666666666666666,0.2810989858668301,0
11736-11736_game_3,2025-02-15 11:09:37+00:00,LPL,2025,Split 1,0,3,15.02,FunPlus Phoenix,Invictus Gaming,1425.1641990338076,1572.124020564332,-146.95982153052455,0.1,0.6,-0.5,0.5,0.2810989858668301,0
LOLTMNT05_111524,2025-02-15 17:12:10+00:00,LEC,2025,Winter,1,1,15.03,Fnatic,Team Heretics,1703.162758791923,1585.1481514856828,118.01460730624012,0.8,0.3,0.5,0.5714285714285714,0.8140102245173586,1
LOLTMNT05_112394,2025-02-15 17:58:23+00:00,LEC,2025,Winter,1,2,15.03,Team Heretics,Fnatic,1574.0630682115418,1714.0078244245542,-139.9447562130124,0.3,0.9,-0.6000000000000001,0.375,0.1859897754826414,0
LOLTMNT05_112400,2025-02-15 18:57:18+00:00,LEC,2025,Winter,1,1,15.03,G2 Esports,GiantX,1717.316242074296,1596.9148176464507,120.40142442784531,0.6,0.5,0.09999999999999998,1.0,0.7180571823140312,1
LOLTMNT05_112410,2025-02-15 19:58:48+00:00,LEC,2025,Winter,1,2,15.03,GiantX,G2 Esports,1586.1042177669121,1728.0479658693816,-141.9437481024695,0.5,0.7,-0.19999999999999996,0.0,0.2819428176859688,0
LOLTMNT02_217358,2025-02-16 06:06:32+00:00,LCK,2025,Cup,0,1,15.03,Gen.G,Hanwha Life Esports,1725.4340837312652,1775.1795829016294,-49.745499170364155,0.6,0.7,-0.09999999999999998,0.7777777777777778,0.551542650628303,0
LOLTMNT02_217366,2025-02-16 07:06:00+00:00,LCK,2025,Cup,0,2,15.03,Gen.G,Hanwha Life Esports,1711.5723607915438,1788.9140459919813,-77.3416852004375,0.5,0.8,-0.30000000000000004,0.75,0.551542650628303,1
LOLTMNT02_217372,2025-02-16 08:01:28+00:00,LCK,2025,Cup,0,3,15.03,Hanwha Life Esports,Gen.G,1769.4229424722885,1730.9016952078066,38.52124726448187,0.7,0.5,0.19999999999999996,0.24137931034482762,0.448457349371697,1
LOLTMNT02_217385,2025-02-16 08:51:09+00:00,LCK,2025,Cup,0,4,15.03,Gen.G,Hanwha Life Esports,1716.5747057028777,1783.6627244880062,-67.0880187851285,0.4,0.7,-0.29999999999999993,0.7333333333333333,0.551542650628303,1
11737-11737_game_1,2025-02-16 09:24:17+00:00,LPL,2025,Split 1,0,1,15.02,Top Esports,LGD Gaming,1658.4801840950508,1573.333892158435,85.14629193661585,0.4,0.4,0.0,1.0,0.743143399863306,1
LOLTMNT02_218314,2025-02-16 09:44:51+00:00,LCK,2025,Cup,0,5,15.03,Hanwha Life Esports,Gen.G,1764.620590541735,1735.4955235375687,29.12506700416634,0.6,0.5,0.09999999999999998,0.25806451612903225,0.448457349371697,1
11737-11737_game_2,2025-02-16 10:21:45+00:00,LPL,2025,Split 1,0,2,15.02,LGD Gaming,Top Esports,1561.097591033668,1670.6802331122326,-109.5826420785645,0.4,0.5,-0.09999999999999998,0.0,0.256856600136694,0
11737-11737_game_3,2025-02-16 11:10:52+00:00,LPL,2025,Split 1,0,3,15.02,LGD Gaming,Top Esports,1549.8962834917106,1681.8472853941698,-131.9510019024592,0.4,0.6,-0.19999999999999996,0.0,0.256856600136694,0
LOLTMNT05_112512,2025-02-16 17:07:42+00:00,LEC,2025,Winter,1,1,15.03,Movistar KOI,Team BDS,1626.718803024191,1617.502328513102,9.216474511089018,0.6,0.4,0.19999999999999996,,,1
LOLTMNT05_112514,2025-02-16 17:59:31+00:00,LEC,2025,Winter,1,2,15.03,Team BDS,Movistar KOI,1601.9153896544508,1642.2946441869385,-40.37925453248772,0.4,0.7,-0.29999999999999993,0.0,,0
LOLTMNT05_112521,2025-02-16 19:07:09+00:00,LEC,2025,Winter,1,1,15.03,Karmine Corp,Team Vitality,1647.907702277696,1629.1676615919357,18.740040685760277,0.6,0.5,0.09999999999999998,0.5,0.6906057493746031,1
LOLTMNT05_112538,2025-02-16 19:59:43+00:00,LEC,2025,Winter,1,2,15.03,Team Vitality,Karmine Corp,1614.0032817586416,1663.0862755756825,-49.082993817040915,0.5,0.7,-0.19999999999999996,0.4,0.3093942506253969,0
LOLTMNT05_111721,2025-02-17 17:17:33+00:00,LEC,2025,Winter,1,1,15.03,Fnatic,G2 Esports,1723.9732690827993,1737.9188658223757,-13.945596739576331,1.0,0.8,0.19999999999999996,0.32,0.5386375740949632,0
LOLTMNT05_111732,2025-02-17 18:23:54+00:00,LEC,2025,Winter,1,2,15.03,Fnatic,G2 Esports,1708.605029363062,1753.2827895279438,-44.677760164881875,0.9,0.9,0.0,0.3076923076923077,0.5386375740949632,0
LOLTMNT05_111735,2025-02-17 19:18:39+00:00,LEC,2025,Winter,1,1,15.03,Karmine Corp,Movistar KOI,1676.9235457909022,1656.4450927855564,20.478453005345727,0.7,0.7,0.0,,0.47961403713203,1
LOLTMNT05_111750,2025-02-17 20:07:22+00:00,LEC,2025,Winter,1,2,15.03,Movistar KOI,Karmine Corp,1641.3859422572282,1692.0176551150234,-50.631712857795264,0.7,0.7,0.0,0.0,0.52038596286797,0
LOLTMNT02_222055,2025-02-19 08:06:35+00:00,LCK,2025,Cup,0,1,15.03,Hanwha Life Esports,Dplus Kia,1779.2866901683942,1714.5212407629501,64.76544940544409,0.6,0.7,-0.09999999999999998,0.5714285714285714,0.5449108404789489,1
LOLTMNT02_222064,2025-02-19 08:57:23+00:00,LCK,2025,Cup,0,2,15.03,Dplus Kia,Hanwha Life Esports,1701.4693573986165,1792.345890563564,-90.87653316494743,0.6,0.6,0.0,0.4,0.455089159521051,1
LOLTMNT02_222074,2025-02-19 09:57:34+00:00,LCK,2025,Cup,0,3,15.03,Hanwha Life Esports,Dplus Kia,1772.2630258776528,1721.5610288462908,50.701997031362,0.6,0.7,-0.09999999999999998,0.5625,0.5449108404789489,0
LOLTMNT02_221094,2025-02-19 10:58:30+00:00,LCK,2025,Cup,0,4,15.03,Hanwha Life Esports,Dplus Kia,1753.9497321275842,1739.87925966359,14.070472463994292,0.5,0.7,-0.19999999999999996,0.5294117647058824,0.5449108404789489,1
LOLTMNT02_221101,2025-02-19 11:52:23+00:00,LCK,2025,Cup,0,5,15.03,Dplus Kia,Hanwha Life Esports,1724.5268057425542,1769.303672787578,-44.77686704502389,0.7,0.6,0.09999999999999998,0.4444444444444444,0.455089159521051,0
LOLTMNT02_222394,2025-02-20 08:05:22+00:00,LCK,2025,Cup,0,1,15.03,Nongshim RedForce,Gen.G,1604.2279622611716,1720.7709686398298,-116.54300637865822,0.6,0.5,0.09999999999999998,0.0,0.2784810934492176,0
LOLTMNT02_222398,2025-02-20 09:02:48+00:00,LCK,2025,Cup,0,2,15.03,Nongshim RedForce,Gen.G,1593.3259157134776,1731.7424787469422,-138.41656303346463,0.6,0.5,0.09999999999999998,0.0,0.2784810934492176,0
LOLTMNT02_222411,2025-02-20 10:09:08+00:00,LCK,2025,Cup,0,3,15.03,Nongshim RedForce,Gen.G,1583.3028155091563,1741.8384351593909,-158.5356196502346,0.5,0.5,0.0,0.0,0.2784810934492176,1
LOLTMNT02_222421,2025-02-20 11:04:59+00:00,LCK,2025,Cup,0,4,15.03,Gen.G,Nongshim RedForce,1719.1595357083777,1606.055009298394,113.10452640998369,0.5,0.5,0.0,0.9166666666666666,0.7215189065507823,0
LOLTMNT02_222433,2025-02-20 12:04:46+00:00,LCK,2025,Cup,0,5,15.03,Gen.G,Nongshim RedForce,1698.2399948451334,1627.028100070379,71.21189477475446,0.4,0.5,-0.09999999999999998,0.8461538461538461,0.7215189065507823,1
LOLTMNT02_222826,2025-02-22 06:07:03+00:00,LCK,2025,Cup,0,1,15.03,Dplus Kia,Gen.G,1710.5773325788984,1711.0733029231865,-0.49597034428802544,0.6,0.5,0.09999999999999998,0.30434782608695654,0.4928688996991962,0
11763-11763_game_1,2025-02-22 06:13:58+00:00,LPL,2025,Split 1,1,1,15.04,JD Gaming,ThunderTalk Gaming,1719.2794771826361,1628.4874392976308,90.79203788500536,0.6,0.7,-0.09999999999999998,0.8571428571428571,0.5742887212847627,1
LOLTMNT02_222827,2025-02-22 06:51:45+00:00,LCK,2025,Cup,0,2,15.03,Dplus Kia,Gen.G,1694.6001659613248,1727.043962831969,-32.44379687064429,0.5,0.6,-0.09999999999999998,0.2916666666666667,0.4928688996991962,0
11763-11763_game_2,2025-02-22 07:12:38+00:00,LPL,2025,Split 1,1,2,15.04,ThunderTalk Gaming,JD Gaming,1616.5269937728112,1731.3335599564675,-114.80656618365629,0.6,0.7,-0.09999999999999998,0.125,0.4257112787152373,1
LOLTMNT02_222830,2025-02-22 07:41:41+00:00,LCK,2025,Cup,0,3,15.03,Dplus Kia,Gen.G,1680.0898183090735,1741.5778124425426,-61.4879941334691,0.4,0.6,-0.19999999999999996,0.28,0.4928688996991962,0
11763-11763_game_3,2025-02-22 08:08:39+00:00,LPL,2025,Split 1,1,3,15.04,JD Gaming,ThunderTalk Gaming,1710.3864523705925,1637.5780692311398,72.80838313945264,0.6,0.7,-0.09999999999999998,0.7777777777777778,0.5742887212847627,1
11763-11763_game_4,2025-02-22 09:10:09+00:00,LPL,2025,Split 1,1,4,15.04,ThunderTalk Gaming,JD Gaming,1624.8471661481526,1723.1827044357688,-98.33553828761615,0.6,0.7,-0.09999999999999998,0.19999999999999996,0.4257112787152373,0
11764-11764_game_1,2025-02-22 10:33:01+00:00,LPL,2025,Split 1,1,1,15.04,Ninjas in Pyjamas,Anyone's Legend,1600.5699584685005,1648.7749259013249,-48.20496743282433,0.9,0.8,0.09999999999999998,0.19999999999999996,0.4524995065814965,1
11764-11764_game_2,2025-02-22 11:25:01+00:00,LPL,2025,Split 1,1,2,15.04,Anyone's Legend,Ninjas in Pyjamas,1630.5970624111578,1618.769162089147,11.827900322010919,0.7,1.0,-0.30000000000000004,0.7272727272727273,0.5475004934185035,1
11764-11764_game_3,2025-02-22 12:18:40+00:00,LPL,2025,Split 1,1,3,15.04,Ninjas in Pyjamas,Anyone's Legend,1603.31201976362,1646.0509255907523,-42.738905827132385,0.9,0.7,0.20000000000000007,0.25,0.4524995065814965,1
11764-11764_game_4,2025-02-22 13:18:59+00:00,LPL,2025,Split 1,1,4,15.04,Anyone's Legend,Ninjas in Pyjamas,1628.1130741359966,1621.2654740653652,6.847600070631415,0.6,0.9,-0.30000000000000004,0.6923076923076923,0.5475004934185035,1
11764-11764_game_5,2025-02-22 14:26:44+00:00,LPL,2025,Split 1,1,5,15.04,Anyone's Legend,Ninjas in Pyjamas,1643.7940088893872,1605.5799507042868,38.214058185100384,0.7,0.8,-0.10000000000000009,0.7142857142857143,0.5475004934185035,1
LOLTMNT05_114249,2025-02-22 17:08:34+00:00,LEC,2025,Winter,1,1,15.03,Team Vitality,Team BDS,1600.0701735848174,1587.699384086224,12.370789498593467,0.4,0.4,0.0,0.33333333333333337,,0
LOLTMNT05_114254,2025-02-22 17:59:12+00:00,LEC,2025,Winter,1,2,15.03,Team Vitality,Team BDS,1583.616609509907,1604.253413043108,-20.63680353320092,0.4,0.4,0.0,0.30000000000000004,,1
LOLTMNT05_113282,2025-02-22 18:56:49+00:00,LEC,2025,Winter,1,3,15.03,Team BDS,Team Vitality,1587.340624584665,1600.5295233773509,-13.188898792685904,0.3,0.5,-0.2,0.6363636363636364,,1
LOLTMNT05_114277,2025-02-22 20:05:16+00:00,LEC,2025,Winter,1,1,15.03,GiantX,Team Heretics,1576.1536779613457,1563.8459111500722,12.307766811273495,0.4,0.3,0.10000000000000003,0.5714285714285714,0.6207260755087951,1
LOLTMNT05_113307,2025-02-22 20:53:51+00:00,LEC,2025,Winter,1,2,15.03,Team Heretics,GiantX,1548.3810960937337,1591.5948438527275,-43.213747758993804,0.2,0.4,-0.2,0.375,0.3792739244912049,1
LOLTMNT05_113309,2025-02-22 21:47:15+00:00,LEC,2025,Winter,1,3,15.03,GiantX,Team Heretics,1573.65424625912,1566.2568618818514,7.397384377268736,0.3,0.3,0.0,0.5555555555555556,0.6207260755087951,1
11765-11765_game_1,2025-02-23 06:13:55+00:00,LPL,2025,Split 1,1,1,15.04,Weibo Gaming,Bilibili Gaming,1684.9233370243262,1782.8733857310824,-97.9500487067562,0.6,0.7,-0.09999999999999998,0.0714285714285714,0.3631918510184612,0
LOLTMNT02_223033,2025-02-23 06:21:15+00:00,LCK,2025,Cup,0,1,15.03,Hanwha Life Esports,Gen.G,1783.2568012919794,1754.8202282856842,28.436573006295248,0.6,0.7,-0.09999999999999998,0.28125,0.4931612804910336,1
11765-11765_game_2,2025-02-23 07:06:58+00:00,LPL,2025,Split 1,1,2,15.04,Weibo Gaming,Bilibili Gaming,1673.3114851012149,1794.538687141391,-121.22720204017605,0.5,0.7,-0.19999999999999996,0.06666666666666665,0.3631918510184612,1
LOLTMNT02_223039,2025-02-23 07:16:10+00:00,LCK,2025,Cup,0,2,15.03,Gen.G,Hanwha Life Esports,1740.1007450900702,1797.9524927092884,-57.85174761921826,0.6,0.6,0.0,0.696969696969697,0.5068387195089664,1
11765-11765_game_3,2025-02-23 07:57:04+00:00,LPL,2025,Split 1,1,3,15.04,Bilibili Gaming,Weibo Gaming,1773.2420924413861,1694.6707446743007,78.5713477670854,0.6,0.5,0.09999999999999998,0.875,0.6368081489815388,1
LOLTMNT02_223046,2025-02-23 08:02:54+00:00,LCK,2025,Cup,0,3,15.03,Hanwha Life Esports,Gen.G,1779.3166547586884,1758.6979236659329,20.618731092755525,0.6,0.7,-0.09999999999999998,0.2941176470588235,0.4931612804910336,1
LOLTMNT02_223059,2025-02-23 08:55:52+00:00,LCK,2025,Cup,0,4,15.03,Gen.G,Hanwha Life Esports,1743.629728017147,1794.3696845803236,-50.73995656317652,0.6,0.6,0.0,0.6857142857142857,0.5068387195089664,1
11765-11765_game_4,2025-02-23 08:56:35+00:00,LPL,2025,Split 1,1,4,15.04,Weibo Gaming,Bilibili Gaming,1682.2239444774973,1785.7238635370054,-103.4999190595081,0.5,0.6,-0.09999999999999998,0.11764705882352944,0.3631918510184612,0
LOLTMNT02_223070,2025-02-23 09:50:50+00:00,LCK,2025,Cup,0,5,15.03,Hanwha Life Esports,Gen.G,1776.0524298649998,1761.91831231695,14.134117548049744,0.6,0.6,0.0,0.3055555555555556,0.4931612804910336,1
11766-11766_game_1,2025-02-23 10:34:24+00:00,LPL,2025,Split 1,1,1,15.04,Invictus Gaming,Top Esports,1581.966993815134,1692.1035944908424,-110.13660067570845,0.6,0.7,-0.09999999999999998,0.3333333333333333,0.4442976340982406,0
11766-11766_game_2,2025-02-23 11:40:50+00:00,LPL,2025,Split 1,1,2,15.04,Invictus Gaming,Top Esports,1570.7029882447755,1703.2399230989126,-132.53693485413714,0.6,0.7,-0.09999999999999998,0.25,0.4442976340982406,0
11766-11766_game_3,2025-02-23 12:55:40+00:00,LPL,2025,Split 1,1,3,15.04,Invictus Gaming,Top Esports,1560.3441712431754,1713.4644161092408,-153.12024486606538,0.6,0.7,-0.09999999999999998,0.2,0.4442976340982406,1
11766-11766_game_4,2025-02-23 13:47:08+00:00,LPL,2025,Split 1,1,4,15.04,Top Esports,Invictus Gaming,1690.8858191799852,1582.787298527493,108.0985206524922,0.6,0.7,-0.09999999999999998,0.6666666666666667,0.5557023659017594,1
LOLTMNT05_113346,2025-02-23 17:08:40+00:00,LEC,2025,Winter,1,1,15.03,Fnatic,Team BDS,1694.6236842467945,1603.9332280738477,90.69045617294682,0.8,0.4,0.4,0.5833333333333334,,1
LOLTMNT05_114349,2025-02-23 18:14:59+00:00,LEC,2025,Winter,1,2,15.03,Team BDS,Fnatic,1591.912560578659,1706.5859742715534,-114.67341369289443,0.4,0.8,-0.4,0.3846153846153846,,1
LOLTMNT05_113358,2025-02-23 19:05:40+00:00,LEC,2025,Winter,1,3,15.03,Fnatic,Team BDS,1685.5401429121969,1612.893054160432,72.64708875176484,0.7,0.5,0.19999999999999996,0.5714285714285714,,1
LOLTMNT05_114381,2025-02-23 20:14:40+00:00,LEC,2025,Winter,1,1,15.03,Movistar KOI,GiantX,1627.6990951266666,1589.3158954352052,38.383199691461414,0.6,0.4,0.19999999999999996,,0.6076542006546222,1
LOLTMNT05_114389,2025-02-23 21:10:17+00:00,LEC,2025,Winter,1,2,15.03,GiantX,Movistar KOI,1575.0390879812378,1641.9398478485655,-66.90075986732768,0.3,0.6,-0.3,0.0,0.3923457993453778,0
11767-11767_game_1,2025-02-24 06:13:13+00:00,LPL,2025,Split 1,1,1,15.04,Bilibili Gaming,ThunderTalk Gaming,1797.1444985272053,1613.2189183776477,183.92558014955762,0.6,0.5,0.09999999999999998,0.5714285714285714,0.7015282652655941,0
11767-11767_game_2,2025-02-24 07:14:28+00:00,LPL,2025,Split 1,1,2,15.04,Bilibili Gaming,ThunderTalk Gaming,1773.4610351116414,1636.9288871054982,136.5321480061432,0.5,0.5,0.0,0.5,0.7015282652655941,1
11767-11767_game_3,2025-02-24 08:07:39+00:00,LPL,2025,Split 1,1,3,15.04,ThunderTalk Gaming,Bilibili Gaming,1626.8707765477602,1783.5352410915643,-156.66446454380412,0.4,0.6,-0.19999999999999996,0.4444444444444444,0.2984717347344058,0
11767-11767_game_4,2025-02-24 09:02:56+00:00,LPL,2025,Split 1,1,4,15.04,ThunderTalk Gaming,Bilibili Gaming,1617.5931460722354,1792.8311252520336,-175.23797917979823,0.3,0.7,-0.39999999999999997,0.4,0.2984717347344058,0
11768-11768_game_1,2025-02-24 10:27:04+00:00,LPL,2025,Split 1,1,1,15.04,Ninjas in Pyjamas,Top Esports,1591.3290743815598,1702.0972269712506,-110.76815258969077,0.7,0.7,0.0,0.0,0.4135886809398632,1
11768-11768_game_2,2025-02-24 11:26:10+00:00,LPL,2025,Split 1,1,2,15.04,Top Esports,Ninjas in Pyjamas,1681.195037597257,1612.2556805632703,68.93935703398665,0.6,0.7,-0.09999999999999998,0.8,0.5864113190601368,1
11768-11768_game_3,2025-02-24 12:35:48+00:00,LPL,2025,Split 1,1,3,15.04,Ninjas in Pyjamas,Top Esports,1599.3842123761472,1694.0803139478453,-94.69610157169814,0.6,0.7,-0.09999999999999998,0.16666666666666666,0.4135886809398632,0
11768-11768_game_4,2025-02-24 13:26:14+00:00,LPL,2025,Split 1,1,4,15.04,Ninjas in Pyjamas,Top Esports,1587.634023598697,1705.8483057011338,-118.21428210243675,0.5,0.8,-0.30000000000000004,0.14285714285714285,0.4135886809398632,0
LOLTMNT05_113387,2025-02-24 17:11:24+00:00,LEC,2025,Winter,1,1,15.03,Karmine Corp,G2 Esports,1705.7730310935742,1767.2568414947752,-61.483810401201026,0.8,0.9,-0.09999999999999998,0.16666666666666663,0.4263272890680084,0
LOLTMNT05_113388,2025-02-24 17:59:06+00:00,LEC,2025,Winter,1,2,15.03,Karmine Corp,G2 Esports,1692.5080063898872,1780.4802073340204,-87.97220094413319,0.7,0.9,-0.20000000000000007,0.1428571428571429,0.4263272890680084,1
LOLTMNT05_114409,2025-02-24 18:47:56+00:00,LEC,2025,Winter,1,3,15.03,G2 Esports,Karmine Corp,1760.5460612447575,1712.3881668909594,48.157894353798156,0.9,0.7,0.20000000000000007,0.75,0.5736727109319916,1
LOLTMNT05_114414,2025-02-24 19:43:32+00:00,LEC,2025,Winter,1,4,15.03,Karmine Corp,G2 Esports,1698.547463926814,1774.3593451555298,-75.81188122871572,0.6,0.9,-0.30000000000000004,0.2222222222222222,0.4263272890680084,0
11769-11769_game_1,2025-02-25 09:13:19+00:00,LPL,2025,Split 1,1,1,15.04,JD Gaming,Anyone's Legend,1734.8888076975447,1658.056418546073,76.83238915147172,0.7,0.7,0.0,0.6666666666666667,0.5266488234539844,0
11769-11769_game_2,2025-02-25 10:18:47+00:00,LPL,2025,Split 1,1,2,15.04,JD Gaming,Anyone's Legend,1715.4958808069725,1677.4946370828213,38.00124372415121,0.6,0.7,-0.09999999999999998,0.5714285714285714,0.5266488234539844,1
11769-11769_game_3,2025-02-25 11:12:09+00:00,LPL,2025,Split 1,1,3,15.04,Anyone's Legend,JD Gaming,1663.214225325663,1729.7970030779766,-66.58277775231363,0.6,0.7,-0.09999999999999998,0.375,0.4733511765460155,1
11769-11769_game_4,2025-02-25 12:14:37+00:00,LPL,2025,Split 1,1,4,15.04,JD Gaming,Anyone's Legend,1710.8334837570287,1682.2109907073693,28.622493049659397,0.6,0.6,0.0,0.5555555555555556,0.5266488234539844,1
11769-11769_game_5,2025-02-25 13:21:30+00:00,LPL,2025,Split 1,1,5,15.04,Anyone's Legend,JD Gaming,1667.5104263450917,1725.5469422271622,-58.03651588207049,0.6,0.7,-0.09999999999999998,0.4,0.4733511765460155,1
11770-11770_game_1,2025-02-26 09:13:46+00:00,LPL,2025,Split 1,1,1,15.04,Bilibili Gaming,Top Esports,1801.4401183379166,1716.6319127854658,84.80820555245077,0.7,0.8,-0.10000000000000009,0.6842105263157895,0.6087836006573999,1
11770-11770_game_2,2025-02-26 10:08:57+00:00,LPL,2025,Split 1,1,2,15.04,Top Esports,Bilibili Gaming,1704.4400327863084,1813.638747120746,-109.19871433443768,0.7,0.7,0.0,0.30000000000000004,0.3912163993426001,1
11770-11770_game_3,2025-02-26 11:00:57+00:00,LPL,2025,Split 1,1,3,15.04,Bilibili Gaming,Top Esports,1792.803365934256,1725.2858153355214,67.51755059873449,0.7,0.7,0.0,0.6666666666666666,0.6087836006573999,0
11770-11770_game_4,2025-02-26 12:01:40+00:00,LPL,2025,Split 1,1,4,15.04,Bilibili Gaming,Top Esports,1773.7512394399535,1744.3412932814463,29.409946158507182,0.6,0.7,-0.09999999999999998,0.6363636363636364,0.6087836006573999,0
11771-11771_game_1,2025-02-27 09:13:04+00:00,LPL,2025,Split 1,1,1,15.04,JD Gaming,Top Esports,1706.9474598782886,1761.6852921180878,-54.73783223979922,0.6,0.7,-0.09999999999999998,0.35294117647058826,0.4579861216540877,1
11771-11771_game_2,2025-02-27 10:14:52+00:00,LPL,2025,Split 1,1,2,15.04,Top Esports,JD Gaming,1743.1935540354139,1725.4095447165732,17.784009318840617,0.7,0.6,0.09999999999999998,0.6111111111111112,0.5420138783459123,1
11771-11771_game_3,2025-02-27 11:06:50+00:00,LPL,2025,Split 1,1,3,15.04,JD Gaming,Top Esports,1710.2175223477807,1758.3771021828422,-48.15957983506155,0.5,0.7,-0.19999999999999996,0.3684210526315789,0.4579861216540877,0
11771-11771_game_4,2025-02-27 12:06:43+00:00,LPL,2025,Split 1,1,4,15.04,JD Gaming,Top Esports,1696.3932575211427,1772.1794946755138,-75.78623715437107,0.5,0.8,-0.30000000000000004,0.35,0.4579861216540877,0
LOLTMNT05_115018,2025-02-28 17:09:33+00:00,LEC,2025,Winter,1,1,15.03,Fnatic,Movistar KOI,1698.2749247927718,1654.8984592857319,43.37646550703994,0.7,0.6,0.09999999999999998,,0.5787530526031297,1
LOLTMNT05_115019,2025-02-28 18:08:30+00:00,LEC,2025,Winter,1,2,15.03,Movistar KOI,Fnatic,1640.8842886824962,1712.3059281553324,-71.4216394728362,0.5,0.7,-0.19999999999999996,0.5,0.4212469473968702,0
LOLTMNT05_115021,2025-02-28 18:56:51+00:00,LEC,2025,Winter,1,3,15.03,Movistar KOI,Fnatic,1628.1258482219332,1725.0891127059936,-96.96326448406035,0.5,0.7,-0.19999999999999996,0.33333333333333337,0.4212469473968702,1
LOLTMNT05_115027,2025-02-28 19:58:16+00:00,LEC,2025,Winter,1,4,15.03,Fnatic,Movistar KOI,1704.7680259591357,1648.4764533012196,56.29157265791605,0.6,0.6,0.0,0.5,0.5787530526031297,1
11772-11772_game_1,2025-03-01 09:15:09+00:00,LPL,2025,Split 1,1,1,15.04,Top Esports,Anyone's Legend,1784.752737188444,1686.1343076233038,98.6184295651401,0.8,0.6,0.20000000000000007,0.6153846153846154,0.5319782966494896,1
11772-11772_game_2,2025-03-01 10:17:51+00:00,LPL,2025,Split 1,1,2,15.04,Anyone's Legend,Top Esports,1674.5249599674444,1796.3398755665753,-121.81491559913093,0.6,0.8,-0.20000000000000007,0.35714285714285715,0.4680217033505104,1
11772-11772_game_3,2025-03-01 11:13:59+00:00,LPL,2025,Split 1,1,3,15.04,Top Esports,Anyone's Legend,1774.9606509030975,1695.8811994829236,79.07945142017388,0.7,0.6,0.09999999999999998,0.6,0.5319782966494896,1
11772-11772_game_4,2025-03-01 12:07:58+00:00,LPL,2025,Split 1,1,4,15.04,Anyone's Legend,Top Esports,1683.437781044023,1787.3878034113336,-103.95002236731057,0.6,0.8,-0.20000000000000007,0.375,0.4680217033505104,0
LOLTMNT05_115043,2025-03-01 17:08:25+00:00,LEC,2025,Winter,1,1,15.03,Karmine Corp,Fnatic,1685.9206487690365,1718.216199756346,-32.295550987309525,0.5,0.6,-0.09999999999999998,0.0,0.4592103192167385,1
LOLTMNT05_115044,2025-03-01 18:04:33+00:00,LEC,2025,Winter,1,2,15.03,Fnatic,Karmine Corp,1700.742830767871,1703.3791811821047,-2.636350414233675,0.5,0.6,-0.09999999999999998,0.8,0.5407896807832615,0
LOLTMNT05_115046,2025-03-01 19:10:39+00:00,LEC,2025,Winter,1,3,15.03,Karmine Corp,Fnatic,1719.2623467342796,1684.8633821492936,34.39896458498606,0.7,0.5,0.19999999999999996,0.33333333333333337,0.4592103192167385,0
LOLTMNT05_116037,2025-03-01 20:05:53+00:00,LEC,2025,Winter,1,4,15.03,Karmine Corp,Fnatic,1701.7096207327952,1702.433625438398,-0.7240047056027379,0.6,0.6,0.0,0.2857142857142857,0.4592103192167385,0
LOLTMNT05_115052,2025-03-01 21:00:04+00:00,LEC,2025,Winter,1,5,15.03,Fnatic,Karmine Corp,1718.400357967207,1685.7444106519233,32.65594731528358,0.6,0.5,0.09999999999999998,0.75,0.5407896807832615,0
LOLTMNT05_116057,2025-03-02 17:13:49+00:00,LEC,2025,Winter,1,1,15.03,G2 Esports,Karmine Corp,1786.9464945555378,1703.2263740482965,83.72012050724129,0.9,0.5,0.4,0.8,0.6420871076856619,0
LOLTMNT05_116059,2025-03-02 18:09:35+00:00,LEC,2025,Winter,1,2,15.03,G2 Esports,Karmine Corp,1767.1880600833344,1722.9681563113045,44.219903772029966,0.8,0.5,0.30000000000000004,0.7272727272727273,0.6420871076856619,0
LOLTMNT05_115078,2025-03-02 19:02:17+00:00,LEC,2025,Winter,1,3,15.03,Karmine Corp,G2 Esports,1740.973423480557,1749.1745876241341,-8.201164143577216,0.6,0.7,-0.09999999999999998,0.33333333333333337,0.3579128923143381,1
11869-11869_game_1,2025-03-22 08:12:20+00:00,LPL,2025,Split 2 Placements,0,1,15.06,Weibo Gaming,EDward Gaming,1670.8486211492532,1478.882828630796,191.9657925184572,0.4,0.4,0.0,0.6666666666666667,0.694143,1
11870-11870_game_1,2025-03-22 09:19:15+00:00,LPL,2025,Split 2 Placements,0,1,15.06,Team WE,Bilibili Gaming,1392.9629402824028,1756.4049642377481,-363.44202395534535,0.1,0.6,-0.5,0.1428571428571429,0.152086,0
11871-11871_game_1,2025-03-22 10:18:58+00:00,LPL,2025,Split 2 Placements,0,1,15.06,EDward Gaming,Team WE,1470.8954670044482,1389.4199372532207,81.47552975122744,0.4,0.1,0.30000000000000004,0.0,0.7100839999999999,1
11872-11872_game_1,2025-03-22 11:16:56+00:00,LPL,2025,Split 2 Placements,0,1,15.06,Bilibili Gaming,Weibo Gaming,1759.9547574997262,1678.817598428631,81.13715907109508,0.6,0.4,0.19999999999999996,0.8888888888888888,0.660377,1
11873-11873_game_1,2025-03-22 12:10:53+00:00,LPL,2025,Split 2 Placements,0,1,15.06,Weibo Gaming,Team WE,1666.4838113844876,1377.0854253687107,289.39838601577685,0.3,0.1,0.19999999999999998,0.0,0.8,1
11874-11874_game_1,2025-03-22 13:03:48+00:00,LPL,2025,Split 2 Placements,0,1,15.06,EDward Gaming,Bilibili Gaming,1483.224311688829,1772.3036019899446,-289.07929030111563,0.5,0.6,-0.09999999999999998,0.0,0.202322,0
11875-11875_game_1,2025-03-23 08:13:18+00:00,LPL,2025,Split 2 Placements,0,1,15.06,Invictus Gaming,LGD Gaming,1571.4758608557997,1539.6079915795256,31.867869276274178,0.7,0.3,0.39999999999999997,0.5,,1
11876-11876_game_1,2025-03-23 09:18:04+00:00,LPL,2025,Split 2 Placements,0,1,15.06,LNG Esports,JD Gaming,1460.8764910828681,1683.7892905314488,-222.9127994485807,0.1,0.4,-0.30000000000000004,0.5,0.241379,0
11877-11877_game_1,2025-03-23 10:08:44+00:00,LPL,2025,Split 2 Placements,0,1,15.06,LGD Gaming,LNG Esports,1525.0396715158283,1453.7526467128996,71.28702480292873,0.3,0.0,0.3,0.5,0.406404,1
11878-11878_game_1,2025-03-23 11:10:20+00:00,LPL,2025,Split 2 Placements,0,1,15.06,JD Gaming,Invictus Gaming,1690.8042391715135,1586.0574708492122,104.74676832230125,0.4,0.7,-0.29999999999999993,1.0,0.60401,0
11879-11879_game_1,2025-03-23 12:10:01+00:00,LPL,2025,Split 2 Placements,0,1,15.06,Invictus Gaming,LNG Esports,1606.6292636421888,1440.908669559822,165.7205940823667,0.7,0.0,0.7,0.3333333333333333,0.712871,1
11880-11880_game_1,2025-03-23 13:05:12+00:00,LPL,2025,Split 2 Placements,0,1,15.06,LGD Gaming,JD Gaming,1537.83755996812,1670.1683395671273,-132.3307795990072,0.4,0.4,0.0,0.19999999999999996,0.211409,0
11881-11881_game_1,2025-03-24 08:17:31+00:00,LPL,2025,Split 2 Placements,0,1,15.06,ThunderTalk Gaming,Royal Never Give Up,1609.0033516376138,1411.0166992460304,197.98665239158345,0.3,0.4,-0.10000000000000003,1.0,0.745763,1
11882-11882_game_1,2025-03-24 09:22:14+00:00,LPL,2025,Split 2 Placements,0,1,15.06,Ultra Prime,Anyone's Legend,1516.1391437475672,1672.0607281063694,-155.9215843588022,0.2,0.5,-0.3,0.25,0.149215,0
11883-11883_game_1,2025-03-24 10:22:18+00:00,LPL,2025,Split 2 Placements,0,1,15.06,Royal Never Give Up,Ultra Prime,1403.1441856544473,1506.693091098778,-103.54890544433079,0.3,0.2,0.09999999999999998,0.8,0.6055280000000001,0
11884-11884_game_1,2025-03-24 11:23:06+00:00,LPL,2025,Split 2 Placements,0,1,15.06,Anyone's Legend,ThunderTalk Gaming,1681.3552779850247,1616.7951485419312,64.5601294430935,0.5,0.4,0.09999999999999998,1.0,0.642857,1
11885-11885_game_1,2025-03-24 12:10:46+00:00,LPL,2025,Split 2 Placements,0,1,15.06,ThunderTalk Gaming,Ultra Prime,1603.7158593786492,1518.175395632975,85.54046374567406,0.3,0.3,0.0,0.8,,0
11886-11886_game_1,2025-03-24 13:11:32+00:00,LPL,2025,Split 2 Placements,0,1,15.06,Royal Never Give Up,Anyone's Legend,1391.6999367178137,1694.4284198231603,-302.72848310534664,0.2,0.5,-0.3,0.6666666666666667,0.171429,1
11887-11887_game_1,2025-03-25 08:13:48+00:00,LPL,2025,Split 2 Placements,0,1,15.06,Ninjas in Pyjamas,Oh My God,1576.870461635,1516.7537777481389,60.11668388686121,0.4,0.5,-0.09999999999999998,1.0,0.747664,1
11888-11888_game_1,2025-03-25 09:12:49+00:00,LPL,2025,Split 2 Placements,0,1,15.06,FunPlus Phoenix,Top Esports,1418.0089536197006,1699.4114871690267,-281.4025335493261,0.1,0.2,-0.1,0.4,0.1729319999999999,0
11889-11889_game_1,2025-03-25 10:07:00+00:00,LPL,2025,Split 2 Placements,0,1,15.06,Oh My God,FunPlus Phoenix,1503.4761058342333,1412.6196214762313,90.85648435800204,0.4,0.0,0.4,0.0,0.609756,0
11890-11890_game_1,2025-03-25 11:04:10+00:00,LPL,2025,Split 2 Placements,0,1,15.06,Top Esports,Ninjas in Pyjamas,1704.7028099450695,1590.1327464457295,114.57006349934,0.3,0.4,-0.10000000000000003,0.875,0.588689,1
11891-11891_game_1,2025-03-25 11:55:10+00:00,LPL,2025,Split 2 Placements,0,1,15.06,Ninjas in Pyjamas,FunPlus Phoenix,1579.2200815420128,1432.640524590511,146.5795569515019,0.3,0.1,0.19999999999999998,0.5833333333333333,0.764595,1
11892-11892_game_1,2025-03-25 12:55:17+00:00,LPL,2025,Split 2 Placements,0,1,15.06,Oh My God,Top Esports,1483.4222522789325,1715.612992231932,-232.19073995299937,0.4,0.3,0.10000000000000003,0.0,0.1846149999999999,0
11893-11893_game_1,2025-03-26 08:12:04+00:00,LPL,2025,Split 2 Placements,0,1,15.06,EDward Gaming,Weibo Gaming,1478.108031053264,1671.576988308443,-193.46895725517902,0.5,0.4,0.09999999999999998,0.25,0.2556819999999999,0
11894-11894_game_1,2025-03-26 09:18:50+00:00,LPL,2025,Split 2 Placements,0,1,15.06,Bilibili Gaming,Team WE,1777.433525371796,1371.9694371237524,405.4640882480435,0.7,0.1,0.6,0.875,0.850202,1
11895-11895_game_1,2025-03-26 10:19:29+00:00,LPL,2025,Split 2 Placements,0,1,15.06,Weibo Gaming,Bilibili Gaming,1679.4929326332149,1780.285293223827,-100.79236059061213,0.4,0.7,-0.29999999999999993,0.10526315789473684,0.318907,1
11896-11896_game_1,2025-03-26 11:13:34+00:00,LPL,2025,Split 2 Placements,0,1,15.06,Team WE,EDward Gaming,1369.122466826743,1470.1771182573254,-101.05465143058245,0.1,0.4,-0.30000000000000004,0.8,0.30131,1
11897-11897_game_1,2025-03-26 12:25:00+00:00,LPL,2025,Split 2 Placements,0,1,15.06,Bilibili Gaming,EDward Gaming,1759.789616043819,1449.6636564601881,310.1259595836309,0.6,0.4,0.19999999999999996,1.0,0.793388,1
11898-11898_game_1,2025-03-26 13:25:35+00:00,LPL,2025,Split 2 Placements,0,1,15.06,Team WE,Weibo Gaming,1389.6298837632885,1700.004838842964,-310.3749550796756,0.2,0.5,-0.3,0.6666666666666666,0.179104,0
11937-11937_game_1,2025-03-26 14:15:31+00:00,LPL,2025,Split 2 Placements,0,1,15.06,EDward Gaming,Team WE,1445.0498502724408,1385.0148574533582,60.03499281908262,0.4,0.2,0.2,0.16666666666666666,0.69869,0
11899-11899_game_1,2025-03-27 08:13:47+00:00,LPL,2025,Split 2 Placements,0,1,15.06,LGD Gaming,Invictus Gaming,1527.5848373617182,1615.667930148759,-88.08309278704087,0.4,0.7,-0.29999999999999993,0.4444444444444444,,0
11900-11900_game_1,2025-03-27 09:23:33+00:00,LPL,2025,Split 2 Placements,0,1,15.06,JD Gaming,LNG Esports,1680.4032601532356,1431.8683460881616,248.53491406507396,0.4,0.0,0.4,0.5714285714285714,0.78836,1
11901-11901_game_1,2025-03-27 10:17:42+00:00,LPL,2025,Split 2 Placements,0,1,15.06,Invictus Gaming,JD Gaming,1627.7821622334545,1686.6349314479194,-58.85276921446484,0.7,0.5,0.19999999999999996,0.3333333333333333,0.512626,1
11902-11902_game_1,2025-03-27 11:16:06+00:00,LPL,2025,Split 2 Placements,0,1,15.06,LNG Esports,LGD Gaming,1425.5497218753942,1515.5073711425039,-89.95764926710967,0.0,0.4,-0.4,0.4285714285714286,0.5,0
11903-11903_game_1,2025-03-27 12:12:16+00:00,LPL,2025,Split 2 Placements,0,1,15.06,JD Gaming,LGD Gaming,1667.9735142282789,1527.4911265179878,140.48238771029105,0.4,0.4,0.0,0.8333333333333334,0.760077,1
11904-11904_game_1,2025-03-27 13:03:31+00:00,LPL,2025,Split 2 Placements,0,1,15.06,LNG Esports,Invictus Gaming,1413.5212453822946,1646.4147377403508,-232.89349235805616,0.0,0.7,-0.7,0.5,0.190939,0
11905-11905_game_1,2025-03-28 08:13:14+00:00,LPL,2025,Split 2 Placements,0,1,15.06,Royal Never Give Up,ThunderTalk Gaming,1418.8383541747703,1583.8705984883893,-165.032244313619,0.2,0.3,-0.09999999999999998,0.0,0.3436749999999999,0
11906-11906_game_1,2025-03-28 09:12:24+00:00,LPL,2025,Split 2 Placements,0,1,15.06,Anyone's Legend,Ultra Prime,1667.2218536987632,1537.9306045094004,129.29124918936282,0.5,0.4,0.09999999999999998,0.7777777777777778,0.79932,1
11907-11907_game_1,2025-03-28 10:10:25+00:00,LPL,2025,Split 2 Placements,0,1,15.06,ThunderTalk Gaming,Anyone's Legend,1592.8206428535318,1677.5487745039325,-84.72813165040066,0.3,0.5,-0.2,0.0,0.284211,0
11908-11908_game_1,2025-03-28 11:07:34+00:00,LPL,2025,Split 2 Placements,0,1,15.06,Ultra Prime,Royal Never Give Up,1527.495752599408,1409.8242714928979,117.6714811065101,0.4,0.1,0.30000000000000004,0.33333333333333337,0.509284,0
11909-11909_game_1,2025-03-28 12:11:14+00:00,LPL,2025,Split 2 Placements,0,1,15.06,Anyone's Legend,Royal Never Give Up,1689.7357219157554,1430.9766875986586,258.75903431709685,0.6,0.2,0.39999999999999997,0.25,0.833333,1
11910-11910_game_1,2025-03-28 13:23:46+00:00,LPL,2025,Split 2 Placements,0,1,15.06,Ultra Prime,ThunderTalk Gaming,1506.3757678293284,1580.6296744669864,-74.25390663765802,0.4,0.3,0.10000000000000003,0.33333333333333337,,0
11958-11958_game_1,2025-03-28 14:21:24+00:00,LPL,2025,Split 2 Placements,0,1,15.06,Royal Never Give Up,Ultra Prime,1425.0070830454692,1493.6699421025107,-68.66285905704149,0.2,0.4,-0.2,0.7142857142857143,0.490716,0
11911-11911_game_1,2025-03-29 08:11:36+00:00,LPL,2025,Split 2 Placements,0,1,15.06,Oh My God,Ninjas in Pyjamas,1476.7149650907854,1588.8496522628288,-112.13468717204341,0.3,0.4,-0.10000000000000003,0.0,0.193548,0
11912-11912_game_1,2025-03-29 09:16:18+00:00,LPL,2025,Split 2 Placements,0,1,15.06,Top Esports,FunPlus Phoenix,1722.2750816034957,1422.9311668596438,299.3439147438519,0.3,0.1,0.19999999999999998,0.6666666666666667,0.843882,1
11913-11913_game_1,2025-03-29 10:07:29+00:00,LPL,2025,Split 2 Placements,0,1,15.06,Ninjas in Pyjamas,Top Esports,1599.8623758176436,1727.1253188348733,-127.26294301722965,0.4,0.4,0.0,0.1111111111111111,0.357143,0
11914-11914_game_1,2025-03-29 11:12:41+00:00,LPL,2025,Split 2 Placements,0,1,15.06,FunPlus Phoenix,Oh My God,1418.0037786139476,1465.6765451674526,-47.67276655350497,0.1,0.3,-0.19999999999999998,1.0,0.548872,0
11915-11915_game_1,2025-03-29 12:16:38+00:00,LPL,2025,Split 2 Placements,0,1,15.06,Top Esports,Oh My God,1737.516120020391,1479.5132679996495,258.00285202074156,0.5,0.4,0.09999999999999998,1.0,0.855263,1
11916-11916_game_1,2025-03-29 13:13:55+00:00,LPL,2025,Split 2 Placements,0,1,15.06,FunPlus Phoenix,Ninjas in Pyjamas,1404.1500745899618,1589.4696488206932,-185.3195742307314,0.1,0.4,-0.30000000000000004,0.38461538461538464,0.235182,1
LOLTMNT05_122323,2025-03-29 13:16:11+00:00,LEC,2025,Spring,0,1,15.06,Fnatic,GiantX,1700.9076476312923,1568.1075088411844,132.8001387901079,0.6,0.3,0.3,0.8888888888888888,0.7287326336114531,1
LOLTMNT05_122326,2025-03-29 14:03:24+00:00,LEC,2025,Spring,0,2,15.06,GiantX,Fnatic,1557.8602527948588,1711.0945188222315,-153.23426602737277,0.3,0.6,-0.3,0.09999999999999998,0.2712673663885468,0
LOLTMNT05_122336,2025-03-29 15:31:53+00:00,LEC,2025,Spring,0,1,15.06,Rogue,Team Heretics,1404.2260797294275,1550.5816701509764,-146.35559042154887,0.1,0.2,-0.1,0.5,,0
LOLTMNT05_121339,2025-03-29 16:28:08+00:00,LEC,2025,Spring,0,2,15.06,Rogue,Team Heretics,1394.466763731311,1560.4625575543068,-165.9957938229959,0.1,0.3,-0.19999999999999998,0.4,,0
LOLTMNT05_122345,2025-03-29 17:19:38+00:00,LEC,2025,Spring,0,1,15.06,G2 Esports,Movistar KOI,1732.7986064725937,1635.0449849118754,97.75362156071833,0.6,0.5,0.09999999999999998,,0.6499362664136268,1
LOLTMNT05_122355,2025-03-29 18:06:59+00:00,LEC,2025,Spring,0,2,15.06,Movistar KOI,G2 Esports,1623.429638043271,1744.4330338667176,-121.00339582344645,0.4,0.6,-0.19999999999999996,0.0,0.3500637335863732,1
LOLTMNT05_121353,2025-03-29 19:26:02+00:00,LEC,2025,Spring,0,3,15.06,Movistar KOI,G2 Esports,1644.785116910416,1723.0982286781734,-78.31311176775739,0.4,0.5,-0.09999999999999998,0.33333333333333337,0.3500637335863732,0
11917-11917_game_1,2025-03-30 09:25:23+00:00,LPL,2025,Split 2 Placements,0,1,15.06,LGD Gaming,FunPlus Phoenix,1517.5751609824754,1427.8821425106992,89.69301847177621,0.3,0.2,0.09999999999999998,0.33333333333333337,0.584416,0
11918-11918_game_1,2025-03-30 10:43:35+00:00,LPL,2025,Split 2 Placements,0,1,15.06,Team WE,Ultra Prime,1403.7413788775077,1506.6001233706766,-102.85874449316884,0.3,0.4,-0.10000000000000003,0.5,,0
11919-11919_game_1,2025-03-30 11:56:06+00:00,LPL,2025,Split 2 Placements,0,1,15.06,FunPlus Phoenix,Ultra Prime,1447.8752010606854,1518.0671310761545,-70.1919300154691,0.3,0.4,-0.10000000000000003,0.3333333333333333,0.5205655974558812,1
11919-11919_game_2,2025-03-30 12:50:09+00:00,LPL,2025,Split 2 Placements,0,2,15.06,Ultra Prime,FunPlus Phoenix,1498.9228458630187,1467.0276080579417,31.89523780507693,0.4,0.4,0.0,0.5,0.4794344025441188,1
11919-11919_game_3,2025-03-30 13:43:23+00:00,LPL,2025,Split 2 Placements,0,3,15.06,FunPlus Phoenix,Ultra Prime,1452.4739719552697,1513.4750163551105,-61.001044399840794,0.4,0.5,-0.09999999999999998,0.4,0.5205655974558812,1
LOLTMNT05_122377,2025-03-30 15:08:17+00:00,LEC,2025,Spring,0,1,15.06,GiantX,Team Vitality,1548.411495400571,1584.40904182716,-35.997546426589,0.2,0.5,-0.3,0.75,0.5557868240883121,0
LOLTMNT05_121383,2025-03-30 16:01:34+00:00,LEC,2025,Spring,0,2,15.06,GiantX,Team Vitality,1534.0360712943286,1598.9225767526596,-64.88650545833093,0.2,0.5,-0.3,0.6,0.5557868240883121,0
LOLTMNT05_122381,2025-03-30 16:54:21+00:00,LEC,2025,Spring,0,1,15.06,Karmine Corp,Movistar KOI,1752.3878952085531,1632.3303472103494,120.05754799820375,0.4,0.4,0.0,1.0,0.5981326938038132,1
LOLTMNT05_122391,2025-03-30 17:44:33+00:00,LEC,2025,Spring,0,2,15.06,Movistar KOI,Karmine Corp,1621.6474512955617,1763.0767114368239,-141.42926014126215,0.4,0.5,-0.09999999999999998,0.0,0.4018673061961867,1
LOLTMNT05_122399,2025-03-30 18:41:35+00:00,LEC,2025,Spring,0,3,15.06,Karmine Corp,Movistar KOI,1740.9088432258159,1643.8213674892158,97.08747573660003,0.4,0.4,0.0,0.8,0.5981326938038132,1
11920-11920_game_1,2025-03-31 09:25:16+00:00,LPL,2025,Split 2 Placements,0,1,15.06,Team WE,LGD Gaming,1392.3287677467738,1497.5650664962764,-105.23629874950257,0.3,0.2,0.09999999999999998,0.4,,1
11920-11920_game_2,2025-03-31 10:13:08+00:00,LPL,2025,Split 2 Placements,0,2,15.06,LGD Gaming,Team WE,1476.8949527409259,1413.0174302370913,63.8775225038346,0.2,0.3,-0.09999999999999998,0.5454545454545454,,0
11921-11921_game_1,2025-03-31 11:16:25+00:00,LPL,2025,Split 2 Placements,0,1,15.06,Ultra Prime,Team WE,1494.727070650433,1431.9174677705425,62.80960287989046,0.5,0.4,0.09999999999999998,0.6,,1
11921-11921_game_2,2025-03-31 12:08:04+00:00,LPL,2025,Split 2 Placements,0,2,15.06,Team WE,Ultra Prime,1418.7708242389929,1507.8966887075237,-89.12586446853084,0.4,0.5,-0.09999999999999998,0.3333333333333333,,1
11921-11921_game_3,2025-03-31 12:56:51+00:00,LPL,2025,Split 2 Placements,0,3,15.06,Ultra Prime,Team WE,1487.9200531717254,1438.7776247895276,49.14242838219775,0.4,0.5,-0.09999999999999998,0.5714285714285714,,0
LOLTMNT05_122430,2025-03-31 15:08:49+00:00,LEC,2025,Spring,0,1,15.06,Team BDS,Rogue,1600.1177527461878,1385.449724977911,214.66802776827672,0.4,0.0,0.4,1.0,,0
LOLTMNT05_122431,2025-03-31 16:07:14+00:00,LEC,2025,Spring,0,2,15.06,Rogue,Team BDS,1410.1100789207535,1575.4587152329618,-165.34863631220833,0.1,0.4,-0.30000000000000004,0.2,,0
LOLTMNT05_121435,2025-03-31 17:02:42+00:00,LEC,2025,Spring,0,3,15.06,Team BDS,Rogue,1584.4892129797508,1401.0862343449667,183.40297863478418,0.4,0.1,0.30000000000000004,0.8333333333333334,,1
LOLTMNT05_121441,2025-03-31 18:03:10+00:00,LEC,2025,Spring,0,1,15.06,SK Gaming,Fnatic,1659.494723349467,1720.4835676888229,-60.988844339355865,0.1,0.6,-0.5,0.2222222222222222,0.1859897754826414,1
LOLTMNT05_121453,2025-03-31 18:52:10+00:00,LEC,2025,Spring,0,2,15.06,Fnatic,SK Gaming,1701.713013948935,1678.0832831789946,23.629730769940352,0.5,0.2,0.3,0.7,0.8140102245173586,0
LOLTMNT02_242547,2025-04-02 08:11:26+00:00,LCK,2025,Rounds 1-2,0,1,15.06,Hanwha Life Esports,Gen.G,1891.6226391273945,1746.5586720098522,145.06396711754223,0.8,0.6,0.20000000000000007,0.32432432432432434,0.5475244499408563,0
LOLTMNT02_241560,2025-04-02 09:01:28+00:00,LCK,2025,Rounds 1-2,0,2,15.06,Hanwha Life Esports,Gen.G,1869.3064057791805,1768.8187792263138,100.48762655286669,0.7,0.7,0.0,0.3157894736842105,0.5475244499408563,0
LOLTMNT02_242586,2025-04-02 10:17:09+00:00,LCK,2025,Rounds 1-2,0,1,15.06,DRX,DN SOOPers,1468.99295312866,1445.695061658093,23.297891470567038,0.3,0.2,0.09999999999999998,0.5333333333333333,0.5458135428818758,1
LOLTMNT02_241605,2025-04-02 11:16:50+00:00,LCK,2025,Rounds 1-2,0,2,15.06,DN SOOPers,DRX,1430.7629095522323,1483.9313634734349,-53.16845392120263,0.1,0.4,-0.30000000000000004,0.4375,0.4541864571181242,0
LOLTMNT02_241948,2025-04-03 08:09:21+00:00,LCK,2025,Rounds 1-2,0,1,15.06,Nongshim RedForce,HANJIN BRION,1614.2269361653252,1497.91202816891,116.31490799641529,0.4,0.3,0.10000000000000003,0.9230769230769231,0.6555317795441848,1
LOLTMNT02_241955,2025-04-03 09:06:27+00:00,LCK,2025,Rounds 1-2,0,2,15.06,HANJIN BRION,Nongshim RedForce,1486.9128936379095,1625.1175717330186,-138.2046780951091,0.3,0.4,-0.10000000000000003,0.07142857142857142,0.3444682204558151,0
LOLTMNT02_241987,2025-04-03 10:26:24+00:00,LCK,2025,Rounds 1-2,0,1,15.06,BNK FEARX,Dplus Kia,1440.685053904069,1666.8920640247804,-226.2070101207114,0.2,0.3,-0.09999999999999998,0.23529411764705882,0.2275429988996521,0
LOLTMNT02_243004,2025-04-03 11:16:53+00:00,LCK,2025,Rounds 1-2,0,2,15.06,BNK FEARX,Dplus Kia,1433.7753989718756,1673.7341344122383,-239.95873544036272,0.2,0.4,-0.2,0.2222222222222222,0.2275429988996521,1
LOLTMNT02_242946,2025-04-03 12:04:23+00:00,LCK,2025,Rounds 1-2,0,3,15.06,Dplus Kia,BNK FEARX,1648.1600246598966,1459.2859375862913,188.87408707360532,0.3,0.3,0.0,0.736842105263158,0.7724570011003479,1
LOLTMNT02_243218,2025-04-04 08:09:26+00:00,LCK,2025,Rounds 1-2,0,1,15.06,Hanwha Life Esports,KT Rolster,1848.8045749188666,1554.245900970671,294.5586739481955,0.7,0.5,0.19999999999999996,0.7142857142857143,0.7738186851000997,1
LOLTMNT02_243219,2025-04-04 09:07:00+00:00,LCK,2025,Rounds 1-2,0,2,15.06,KT Rolster,Hanwha Life Esports,1549.1596771777113,1853.7669976009056,-304.6073204231943,0.4,0.7,-0.29999999999999993,0.2666666666666667,0.2261813148999003,1
LOLTMNT02_244146,2025-04-04 10:04:22+00:00,LCK,2025,Rounds 1-2,0,3,15.06,Hanwha Life Esports,KT Rolster,1826.4916637004303,1576.3194252333778,250.17223846705247,0.6,0.5,0.09999999999999998,0.6875,0.7738186851000997,1
LOLTMNT02_244166,2025-04-04 11:22:00+00:00,LCK,2025,Rounds 1-2,0,1,15.06,DRX,T1,1497.5383601978058,1786.6556543392421,-289.11729414143633,0.5,0.6,-0.09999999999999998,0.0,0.2358386713226293,0
LOLTMNT02_243267,2025-04-04 12:16:43+00:00,LCK,2025,Rounds 1-2,0,2,15.06,DRX,T1,1492.3373543807004,1791.7524334075945,-299.4150790268941,0.4,0.6,-0.19999999999999996,0.0,0.2358386713226293,0
LOLTMNT02_244356,2025-04-05 06:08:15+00:00,LCK,2025,Rounds 1-2,0,1,15.06,HANJIN BRION,BNK FEARX,1476.7807525722824,1451.160900206901,25.619852365381348,0.2,0.3,-0.09999999999999998,0.11111111111111116,0.5240732679919914,1
LOLTMNT02_243459,2025-04-05 07:01:01+00:00,LCK,2025,Rounds 1-2,0,2,15.06,BNK FEARX,HANJIN BRION,1436.333555756183,1491.6852790799908,-55.351723323807846,0.2,0.2,0.0,0.8,0.4759267320080086,1
11965-11965_game_1,2025-04-05 07:27:43+00:00,LPL,2025,Split 2,0,1,15.07,FunPlus Phoenix,Invictus Gaming,1471.2272892409371,1653.1691848691748,-181.94189562823772,0.5,0.7,-0.19999999999999996,0.4,0.2151429073061421,1
LOLTMNT02_244383,2025-04-05 07:55:21+00:00,LCK,2025,Rounds 1-2,0,3,15.06,HANJIN BRION,BNK FEARX,1473.2719678627848,1454.8455027603882,18.426465102396605,0.2,0.3,-0.09999999999999998,0.18181818181818177,0.5240732679919914,0
11965-11965_game_2,2025-04-05 08:28:43+00:00,LPL,2025,Split 2,0,2,15.07,Invictus Gaming,FunPlus Phoenix,1629.5871079526669,1494.8665235086232,134.72058444404365,0.7,0.6,0.09999999999999998,0.5,0.7848570926938578,1
LOLTMNT02_243506,2025-04-05 09:06:40+00:00,LCK,2025,Rounds 1-2,0,1,15.06,DN SOOPers,Nongshim RedForce,1417.1854352483865,1635.1254978975462,-217.9400626491597,0.1,0.5,-0.4,0.8333333333333334,0.2763644653683417,0
11965-11965_game_3,2025-04-05 09:43:40+00:00,LPL,2025,Split 2,0,3,15.07,FunPlus Phoenix,Invictus Gaming,1484.7368301997008,1639.7621643655548,-155.02533416585402,0.5,0.8,-0.30000000000000004,0.42857142857142855,0.2151429073061421,0
LOLTMNT02_244407,2025-04-05 10:14:00+00:00,LCK,2025,Rounds 1-2,0,2,15.06,DN SOOPers,Nongshim RedForce,1410.0675882244377,1642.2875125098242,-232.21992428538647,0.1,0.6,-0.5,0.7692307692307693,0.2763644653683417,0
11966-11966_game_1,2025-04-05 11:03:51+00:00,LPL,2025,Split 2,0,1,15.07,ThunderTalk Gaming,Bilibili Gaming,1593.2724002159932,1764.4150600067544,-171.14265979076117,0.4,0.6,-0.19999999999999996,0.36363636363636365,,0
11966-11966_game_2,2025-04-05 11:52:40+00:00,LPL,2025,Split 2,0,2,15.07,ThunderTalk Gaming,Bilibili Gaming,1584.5512554202382,1773.1409964952654,-188.58974107502718,0.3,0.6,-0.3,0.33333333333333337,,0
LOLTMNT06_111070,2025-04-05 12:07:02+00:00,LEC,2025,Spring,0,1,15.07,Rogue,Team Vitality,1392.7171336619697,1612.203728090355,-219.4865944283854,0.1,0.5,-0.4,0.25,,1
11967-11967_game_1,2025-04-05 13:07:21+00:00,LPL,2025,Split 2,0,1,15.07,Anyone's Legend,Top Esports,1695.6455631747172,1743.4279128110059,-47.7823496362887,0.6,0.6,0.0,0.35294117647058826,0.4311895886141534,1
LOLTMNT06_111072,2025-04-05 13:09:58+00:00,LEC,2025,Spring,0,2,15.07,Rogue,Team Vitality,1417.5569985259503,1587.6723552033568,-170.11535667740645,0.2,0.5,-0.3,0.4,,1
11967-11967_game_2,2025-04-05 13:59:45+00:00,LPL,2025,Split 2,0,2,15.07,Top Esports,Anyone's Legend,1725.242213714316,1713.8240320122004,11.41818170211559,0.6,0.7,-0.09999999999999998,0.6111111111111112,0.5688104113858465,1
LOLTMNT06_110083,2025-04-05 14:08:19+00:00,LEC,2025,Spring,0,1,15.07,Team BDS,Karmine Corp,1592.8630510363648,1752.5561947981496,-159.69314376178477,0.5,0.4,0.09999999999999998,0.6666666666666667,,0
11967-11967_game_3,2025-04-05 14:56:51+00:00,LPL,2025,Split 2,0,3,15.07,Anyone's Legend,Top Esports,1698.3471806418297,1740.716760896911,-42.369580255081246,0.6,0.7,-0.09999999999999998,0.3684210526315789,0.4311895886141534,0
LOLTMNT06_111090,2025-04-05 15:01:22+00:00,LEC,2025,Spring,0,2,15.07,Karmine Corp,Team BDS,1761.6866523933081,1583.6403992007001,178.046253192608,0.5,0.5,0.0,0.4,,1
LOLTMNT06_111097,2025-04-05 16:02:04+00:00,LEC,2025,Spring,0,1,15.07,G2 Esports,Team Heretics,1735.5663195249842,1569.5977990717615,165.9685204532227,0.5,0.4,0.09999999999999998,1.0,0.7596794227475826,1
LOLTMNT06_110120,2025-04-05 16:57:34+00:00,LEC,2025,Spring,0,2,15.07,Team Heretics,G2 Esports,1560.4794382661414,1744.4790892548667,-183.9996509887253,0.3,0.5,-0.2,0.0,0.2403205772524173,0
LOLTMNT02_244630,2025-04-06 06:07:19+00:00,LCK,2025,Rounds 1-2,0,1,15.06,KT Rolster,Dplus Kia,1570.0740894692153,1656.2287323575197,-86.15464288830435,0.4,0.4,0.0,0.375,0.3377608171147869,0
LOLTMNT02_243751,2025-04-06 07:07:17+00:00,LCK,2025,Rounds 1-2,0,2,15.06,KT Rolster,Dplus Kia,1594.9717121586975,1668.340716289534,-73.3690041308364,0.3,0.4,-0.10000000000000003,0.3529411764705882,0.3377608171147869,0
11968-11968_game_1,2025-04-06 07:29:34+00:00,LPL,2025,Split 2,0,1,15.07,JD Gaming,Ninjas in Pyjamas,1677.876569910708,1565.6672617225581,112.20930818814986,0.5,0.4,0.09999999999999998,0.631578947368421,0.6119247999624804,1
11968-11968_game_2,2025-04-06 08:29:09+00:00,LPL,2025,Split 2,0,2,15.07,Ninjas in Pyjamas,JD Gaming,1554.658575975095,1688.9148188630547,-134.25624288795984,0.3,0.5,-0.2,0.35,0.3880752000375196,0
LOLTMNT02_243783,2025-04-06 08:29:55+00:00,LCK,2025,Rounds 1-2,0,1,15.06,T1,Gen.G,1796.600230939639,1789.2795543657317,7.320676573907349,0.7,0.7,0.0,0.36363636363636365,0.4200301036980453,1
LOLTMNT02_244684,2025-04-06 09:29:58+00:00,LCK,2025,Rounds 1-2,0,2,15.06,Gen.G,T1,1773.61178523163,1812.2633144691354,-38.65152923750543,0.6,0.7,-0.09999999999999998,0.6086956521739131,0.5799698963019547,1
11969-11969_game_1,2025-04-06 09:54:39+00:00,LPL,2025,Split 2,0,1,15.07,ThunderTalk Gaming,FunPlus Phoenix,1576.4525019436342,1475.3970555607095,101.05544638292463,0.3,0.5,-0.2,0.3076923076923077,0.6014717402689502,1
LOLTMNT02_243791,2025-04-06 10:34:47+00:00,LCK,2025,Rounds 1-2,0,3,15.06,T1,Gen.G,1794.49136222214,1791.3686211615914,3.1227410605486057,0.6,0.6,0.0,0.375,0.4200301036980453,0
11969-11969_game_2,2025-04-06 10:51:47+00:00,LPL,2025,Split 2,0,2,15.07,FunPlus Phoenix,ThunderTalk Gaming,1463.8949336249138,1587.9378119349617,-124.04287831004785,0.5,0.4,0.09999999999999998,0.6428571428571429,0.3985282597310497,1
11969-11969_game_3,2025-04-06 11:50:55+00:00,LPL,2025,Split 2,0,3,15.07,ThunderTalk Gaming,FunPlus Phoenix,1566.4696312378205,1485.3460067107287,81.1236245270918,0.4,0.6,-0.19999999999999996,0.33333333333333337,0.6014717402689502,1
11970-11970_game_1,2025-04-06 13:16:00+00:00,LPL,2025,Split 2,0,1,15.07,Bilibili Gaming,Invictus Gaming,1781.244670639761,1649.1475481074326,132.09712253232829,0.7,0.8,-0.10000000000000009,0.0,0.6183128465376279,1
11970-11970_game_2,2025-04-06 14:26:22+00:00,LPL,2025,Split 2,0,2,15.07,Invictus Gaming,Bilibili Gaming,1638.8824834207746,1791.4576402001203,-152.57515677934566,0.8,0.8,0.0,0.6666666666666667,0.3816871534623721,0
LOLTMNT06_110153,2025-04-06 15:08:21+00:00,LEC,2025,Spring,0,1,15.07,Team BDS,SK Gaming,1575.0935167662135,1695.0815323465067,-119.98801558029322,0.4,0.3,0.10000000000000003,0.8571428571428572,,1
LOLTMNT06_111152,2025-04-06 16:01:55+00:00,LEC,2025,Spring,0,2,15.07,Team BDS,SK Gaming,1596.3377932663807,1673.9947514701391,-77.65695820375845,0.5,0.3,0.2,0.875,,1
LOLTMNT06_111156,2025-04-06 16:56:07+00:00,LEC,2025,Spring,0,1,15.07,Karmine Corp,Fnatic,1770.143730967426,1684.6299901383456,85.51374082908046,0.6,0.5,0.09999999999999998,0.33333333333333337,0.5644909644945493,1
LOLTMNT06_110166,2025-04-06 17:50:46+00:00,LEC,2025,Spring,0,2,15.07,Fnatic,Karmine Corp,1672.4795740070615,1782.2872658733363,-109.80769186627481,0.4,0.6,-0.19999999999999996,0.6,0.4355090355054506,1
LOLTMNT06_110171,2025-04-06 18:48:36+00:00,LEC,2025,Spring,0,3,15.07,Karmine Corp,Fnatic,1761.3967409968238,1693.3624014377733,68.03433955905052,0.5,0.5,0.0,0.36363636363636365,0.5644909644945493,0
11971-11971_game_1,2025-04-07 09:24:17+00:00,LPL,2025,Split 2,0,1,15.07,EDward Gaming,LNG Esports,1426.3196835666258,1422.453341320964,3.8663422456618264,0.4,0.0,0.4,0.6,0.5932808897069561,1
11971-11971_game_2,2025-04-07 10:24:40+00:00,LPL,2025,Split 2,0,2,15.07,LNG Esports,EDward Gaming,1406.624714932012,1442.1418845719763,-35.51716963996432,0.0,0.4,-0.4,0.33333333333333337,0.4067191102930439,1
11971-11971_game_3,2025-04-07 11:27:40+00:00,LPL,2025,Split 2,0,3,15.07,EDward Gaming,LNG Esports,1424.515573492024,1424.2169190470177,0.2986544450063775,0.3,0.1,0.19999999999999998,0.5714285714285714,0.5932808897069561,1
11972-11972_game_1,2025-04-07 12:58:31+00:00,LPL,2025,Split 2,0,1,15.07,Top Esports,Weibo Gaming,1754.7759158823228,1704.6010781927944,50.17483768952843,0.8,0.6,0.20000000000000007,0.6666666666666666,0.60510828007743,1
11972-11972_game_2,2025-04-07 13:52:05+00:00,LPL,2025,Split 2,0,2,15.07,Weibo Gaming,Top Esports,1690.894074963907,1768.4820007826595,-77.58792581875241,0.6,0.9,-0.30000000000000004,0.30000000000000004,0.39489171992257,1
11972-11972_game_3,2025-04-07 14:53:56+00:00,LPL,2025,Split 2,0,3,15.07,Top Esports,Weibo Gaming,1748.9682725395737,1710.4064918229135,38.56178071666022,0.8,0.6,0.20000000000000007,0.6363636363636364,0.60510828007743,1
LOLTMNT06_110205,2025-04-07 15:07:35+00:00,LEC,2025,Spring,0,1,15.07,GiantX,Rogue,1520.9510103553414,1440.7283455711517,80.22266478418965,0.2,0.3,-0.09999999999999998,1.0,0.5725355179644379,1
LOLTMNT06_110211,2025-04-07 16:25:24+00:00,LEC,2025,Spring,0,2,15.07,Rogue,GiantX,1428.3139925182788,1533.3551715247315,-105.0411790064527,0.3,0.3,0.0,0.0,0.4274644820355621,0
LOLTMNT06_111217,2025-04-07 17:19:50+00:00,LEC,2025,Spring,0,1,15.07,Movistar KOI,Team Heretics,1632.17830688218,1552.018335289828,80.15997159235212,0.3,0.3,0.0,,0.6645125761976114,1
LOLTMNT06_110226,2025-04-07 18:11:29+00:00,LEC,2025,Spring,0,2,15.07,Team Heretics,Movistar KOI,1539.5272950155393,1644.551864814442,-105.0245697989028,0.3,0.4,-0.10000000000000003,0.5,0.3354874238023886,0
11973-11973_game_1,2025-04-08 09:27:33+00:00,LPL,2025,Split 2,0,1,15.07,FunPlus Phoenix,Top Esports,1472.9946219296844,1763.2002009751595,-290.20557904547513,0.5,0.8,-0.30000000000000004,0.2857142857142857,0.2014212187379908,0
11973-11973_game_2,2025-04-08 10:12:04+00:00,LPL,2025,Split 2,0,2,15.07,FunPlus Phoenix,Top Esports,1467.8979494319697,1768.2690244298997,-300.37107499793,0.4,0.8,-0.4,0.25,0.2014212187379908,0
11974-11974_game_1,2025-04-08 11:29:14+00:00,LPL,2025,Split 2,0,1,15.07,Anyone's Legend,Invictus Gaming,1684.2826337241804,1629.4177551025016,54.86487862167883,0.6,0.7,-0.09999999999999998,0.6666666666666666,0.5113159320115794,1
11974-11974_game_2,2025-04-08 12:23:53+00:00,LPL,2025,Split 2,0,2,15.07,Invictus Gaming,Anyone's Legend,1615.8947643444515,1697.7825351267359,-81.8877707822844,0.6,0.7,-0.09999999999999998,0.2857142857142857,0.4886840679884206,0
LOLTMNT03_218043,2025-04-09 08:10:53+00:00,LCK,2025,Rounds 1-2,0,1,15.07,DN SOOPers,Hanwha Life Esports,1403.3945498822966,1832.6217231556698,-429.2271732733732,0.1,0.6,-0.5,0.08333333333333333,0.1701900879630704,0
LOLTMNT03_218051,2025-04-09 09:08:54+00:00,LCK,2025,Rounds 1-2,0,2,15.07,DN SOOPers,Hanwha Life Esports,1400.8915251148248,1835.1161179031083,-434.2245927882834,0.1,0.6,-0.5,0.07692307692307693,0.1701900879630704,1
11975-11975_game_1,2025-04-09 09:29:18+00:00,LPL,2025,Split 2,0,1,15.07,LGD Gaming,Oh My God,1440.3414006637788,1473.5662041338956,-33.22480347011674,0.2,0.3,-0.09999999999999998,0.0,0.5181900248812759,0
LOLTMNT03_217087,2025-04-09 10:05:44+00:00,LCK,2025,Rounds 1-2,0,3,15.07,Hanwha Life Esports,DN SOOPers,1805.54513263969,1430.4542703533705,375.09086228631963,0.6,0.1,0.5,0.8571428571428572,0.8298099120369296,1
11975-11975_game_2,2025-04-09 10:36:16+00:00,LPL,2025,Split 2,0,2,15.07,LGD Gaming,Oh My God,1425.8441581784402,1488.0528948339793,-62.20873665553904,0.2,0.4,-0.2,0.0,0.5181900248812759,1
LOLTMNT03_218101,2025-04-09 11:19:20+00:00,LCK,2025,Rounds 1-2,0,1,15.07,Dplus Kia,HANJIN BRION,1681.011436824437,1486.264527517636,194.74690930680094,0.4,0.2,0.2,0.6875,0.7408506958900773,1
11975-11975_game_3,2025-04-09 11:26:00+00:00,LPL,2025,Split 2,0,3,15.07,Oh My God,LGD Gaming,1469.2355599866396,1444.6431269047666,24.59243308187297,0.4,0.3,0.10000000000000003,0.75,0.4818099751187241,0
LOLTMNT03_218134,2025-04-09 12:10:40+00:00,LCK,2025,Rounds 1-2,0,2,15.07,HANJIN BRION,Dplus Kia,1478.205754790059,1688.8777989240243,-210.6720441339653,0.1,0.5,-0.4,0.2941176470588235,0.2591493041099226,0
11976-11976_game_1,2025-04-09 12:46:14+00:00,LPL,2025,Split 2,0,1,15.07,JD Gaming,Team WE,1699.0568618196976,1457.0203701121116,242.03649170758604,0.6,0.6,0.0,0.6666666666666666,0.7829523062682462,1
11976-11976_game_2,2025-04-09 13:34:10+00:00,LPL,2025,Split 2,0,2,15.07,Team WE,JD Gaming,1450.6427508180868,1705.4591379380065,-254.81638711991968,0.6,0.7,-0.09999999999999998,0.25,0.2170476937317538,0
LOLTMNT03_218624,2025-04-10 08:06:04+00:00,LCK,2025,Rounds 1-2,0,1,15.07,BNK FEARX,DRX,1471.6911360742088,1487.3919984822774,-15.700862408068588,0.4,0.3,0.10000000000000003,0.5833333333333334,0.4089233647282319,1
LOLTMNT03_218633,2025-04-10 09:04:58+00:00,LCK,2025,Rounds 1-2,0,2,15.07,DRX,BNK FEARX,1470.672245421107,1488.4124223597146,-17.740176938607647,0.3,0.4,-0.10000000000000003,0.3846153846153846,0.5910766352717681,0
11977-11977_game_1,2025-04-10 09:27:39+00:00,LPL,2025,Split 2,0,1,15.07,ThunderTalk Gaming,Weibo Gaming,1578.8085496563879,1696.173984514185,-117.36543485779703,0.4,0.6,-0.19999999999999996,0.0,0.3172601497728935,0
11977-11977_game_2,2025-04-10 10:18:50+00:00,LPL,2025,Split 2,0,2,15.07,ThunderTalk Gaming,Weibo Gaming,1568.004962878888,1706.968703136717,-138.96374025782916,0.4,0.7,-0.29999999999999993,0.0,0.3172601497728935,0
LOLTMNT03_219187,2025-04-10 10:32:59+00:00,LCK,2025,Rounds 1-2,0,1,15.07,T1,KT Rolster,1745.1898284138915,1613.1060975208402,132.08373089305132,0.5,0.3,0.2,0.6521739130434783,0.7276682544864529,1
LOLTMNT03_218683,2025-04-10 11:20:38+00:00,LCK,2025,Rounds 1-2,0,2,15.07,KT Rolster,T1,1602.6318324391386,1755.5382764441624,-152.9064440050238,0.2,0.6,-0.39999999999999997,0.3333333333333333,0.2723317455135471,0
11978-11978_game_1,2025-04-10 11:32:38+00:00,LPL,2025,Split 2,0,1,15.07,Bilibili Gaming,Anyone's Legend,1800.8701515344299,1711.2839263399321,89.58622519449773,0.9,0.7,0.20000000000000007,0.8,0.6119247999624804,0
11978-11978_game_2,2025-04-10 12:26:31+00:00,LPL,2025,Split 2,0,2,15.07,Bilibili Gaming,Anyone's Legend,1780.845270835916,1731.3141698007144,49.53110103520157,0.8,0.7,0.10000000000000009,0.6666666666666667,0.6119247999624804,1
11978-11978_game_3,2025-04-10 13:21:33+00:00,LPL,2025,Split 2,0,3,15.07,Anyone's Legend,Bilibili Gaming,1717.5763453540858,1794.5852303867882,-77.00888503270244,0.7,0.8,-0.10000000000000009,0.2857142857142857,0.3880752000375196,1
LOLTMNT03_220261,2025-04-11 08:06:10+00:00,LCK,2025,Rounds 1-2,0,1,15.07,HANJIN BRION,DN SOOPers,1470.6874526937054,1427.1323634210937,43.55508927261167,0.1,0.1,0.0,0.6153846153846154,0.495737230054064,0
LOLTMNT03_219798,2025-04-11 08:59:22+00:00,LCK,2025,Rounds 1-2,0,2,15.07,HANJIN BRION,DN SOOPers,1452.7521447333845,1445.1234135961827,7.628731137201839,0.1,0.2,-0.1,0.5714285714285714,0.495737230054064,1
11979-11979_game_1,2025-04-11 09:25:59+00:00,LPL,2025,Split 2,0,1,15.07,Anyone's Legend,FunPlus Phoenix,1738.8080917308089,1463.0477917540363,275.76029997677256,0.7,0.3,0.39999999999999997,0.875,0.7929274278544122,0
LOLTMNT03_220286,2025-04-11 09:51:57+00:00,LCK,2025,Rounds 1-2,0,3,15.07,DN SOOPers,HANJIN BRION,1429.4739821841997,1468.4148193698281,-38.940837185628425,0.2,0.2,0.0,0.4,0.5042627699459359,0
11979-11979_game_2,2025-04-11 10:33:36+00:00,LPL,2025,Split 2,0,2,15.07,Anyone's Legend,FunPlus Phoenix,1712.2442522215479,1489.5882926106042,222.65595961094368,0.6,0.4,0.19999999999999996,0.7777777777777778,0.7929274278544122,1
LOLTMNT03_219847,2025-04-11 11:07:09+00:00,LCK,2025,Rounds 1-2,0,1,15.07,Gen.G,Nongshim RedForce,1807.5099679697705,1649.002023250007,158.5079447197636,0.6,0.6,0.0,0.8571428571428571,0.7473162357561465,1
11979-11979_game_3,2025-04-11 11:33:01+00:00,LPL,2025,Split 2,0,3,15.07,FunPlus Phoenix,Anyone's Legend,1482.6087194592112,1719.2006354006783,-236.59191594146705,0.3,0.6,-0.3,0.19999999999999996,0.2070725721455878,0
LOLTMNT03_220342,2025-04-11 11:58:52+00:00,LCK,2025,Rounds 1-2,0,2,15.07,Nongshim RedForce,Gen.G,1639.7862309983598,1816.7155017763955,-176.92927077803574,0.6,0.7,-0.09999999999999998,0.1333333333333333,0.2526837642438535,0
11980-11980_game_1,2025-04-11 13:01:12+00:00,LPL,2025,Split 2,0,1,15.07,Invictus Gaming,Top Esports,1603.5592744255505,1773.0931356327674,-169.5338612072169,0.5,0.8,-0.30000000000000004,0.2857142857142857,0.3706797084693222,1
11980-11980_game_2,2025-04-11 13:59:01+00:00,LPL,2025,Split 2,0,2,15.07,Top Esports,Invictus Gaming,1749.85307886597,1626.742295362807,123.11078350316302,0.7,0.5,0.19999999999999996,0.625,0.6293202915306777,1
11980-11980_game_3,2025-04-11 14:54:37+00:00,LPL,2025,Split 2,0,3,15.07,Invictus Gaming,Top Esports,1616.1406909635932,1760.4106747290891,-144.2699837654959,0.4,0.7,-0.29999999999999993,0.3333333333333333,0.3706797084693222,1
LOLTMNT03_221513,2025-04-12 06:07:11+00:00,LCK,2025,Rounds 1-2,0,1,15.07,Hanwha Life Esports,T1,1808.857115698354,1765.0838365449642,43.773279153389694,0.6,0.6,0.0,0.6666666666666666,0.5,1
LOLTMNT03_221558,2025-04-12 07:00:01+00:00,LCK,2025,Rounds 1-2,0,2,15.07,T1,Hanwha Life Esports,1750.985770538932,1822.8522055318476,-71.86643499291563,0.6,0.6,0.0,0.32258064516129037,0.5,0
11981-11981_game_1,2025-04-12 07:25:45+00:00,LPL,2025,Split 2,0,1,15.07,FunPlus Phoenix,Weibo Gaming,1476.0574969904196,1716.8929750474933,-240.83547805707371,0.2,0.7,-0.49999999999999994,0.5,0.2570586371960447,1
11981-11981_game_2,2025-04-12 08:23:30+00:00,LPL,2025,Split 2,0,2,15.07,Weibo Gaming,FunPlus Phoenix,1691.2959037686792,1501.6337612887987,189.66214247988046,0.7,0.3,0.39999999999999997,0.4,0.7429413628039552,0
LOLTMNT03_222019,2025-04-12 08:29:02+00:00,LCK,2025,Rounds 1-2,0,1,15.07,KT Rolster,BNK FEARX,1592.9679416796134,1503.604334512275,89.36360716733839,0.1,0.5,-0.4,0.75,0.5841272008905137,1
LOLTMNT03_221610,2025-04-12 09:21:23+00:00,LCK,2025,Rounds 1-2,0,2,15.07,BNK FEARX,KT Rolster,1491.612081976646,1605.1207695003409,-113.50868752369479,0.5,0.2,0.3,0.23529411764705882,0.4158727991094862,1
11982-11982_game_1,2025-04-12 09:47:09+00:00,LPL,2025,Split 2,0,1,15.07,Invictus Gaming,ThunderTalk Gaming,1638.3812948052096,1558.071718098865,80.30957670634461,0.4,0.4,0.0,0.4,,1
LOLTMNT03_221634,2025-04-12 10:12:46+00:00,LCK,2025,Rounds 1-2,0,3,15.07,KT Rolster,BNK FEARX,1584.272091452132,1512.6390284768809,71.63306297525105,0.2,0.6,-0.39999999999999997,0.7222222222222222,0.5841272008905137,1
11982-11982_game_2,2025-04-12 10:36:30+00:00,LPL,2025,Split 2,0,2,15.07,ThunderTalk Gaming,Invictus Gaming,1545.697916973267,1650.77548343144,-105.07756645817312,0.3,0.5,-0.2,0.5,,1
11982-11982_game_3,2025-04-12 11:26:17+00:00,LPL,2025,Split 2,0,3,15.07,Invictus Gaming,ThunderTalk Gaming,1630.110703877524,1566.3860280634462,63.72467581407773,0.4,0.4,0.0,0.42857142857142855,,1
LOLTMNT06_111761,2025-04-12 12:07:45+00:00,LEC,2025,Spring,0,1,15.07,Team Heretics,Team BDS,1528.0854084516318,1615.8094130422023,-87.72400459057053,0.3,0.5,-0.2,0.25,,1
11983-11983_game_1,2025-04-12 12:55:24+00:00,LPL,2025,Split 2,0,1,15.07,Bilibili Gaming,JD Gaming,1775.1042339077171,1711.4921559152135,63.6120779925036,0.7,0.8,-0.10000000000000009,0.7777777777777778,0.6276827994154649,0
LOLTMNT06_110675,2025-04-12 13:09:59+00:00,LEC,2025,Spring,0,2,15.07,Team BDS,Team Heretics,1595.902052797328,1547.9328422512685,47.96921054605946,0.5,0.4,0.09999999999999998,0.6666666666666666,,1
11983-11983_game_2,2025-04-12 13:46:44+00:00,LPL,2025,Split 2,0,2,15.07,Bilibili Gaming,JD Gaming,1756.213426330464,1730.3742905050617,25.83913582540231,0.6,0.8,-0.20000000000000007,0.7,0.6276827994154649,0
LOLTMNT06_111766,2025-04-12 14:01:50+00:00,LEC,2025,Spring,0,3,15.07,Team Heretics,Team BDS,1534.0700921181901,1609.7332661535033,-75.6631740353132,0.4,0.5,-0.09999999999999998,0.30000000000000004,,1
LOLTMNT06_111775,2025-04-12 14:58:26+00:00,LEC,2025,Spring,0,1,15.07,Rogue,G2 Esports,1416.9552627605497,1752.7403025677954,-335.78503980724577,0.3,0.6,-0.3,0.5,0.2122455781460852,0
LOLTMNT06_111817,2025-04-12 15:52:38+00:00,LEC,2025,Spring,0,2,15.07,G2 Esports,Rogue,1756.8046153357834,1412.839127566571,343.96548776921236,0.6,0.3,0.3,0.6,0.7877544218539148,1
LOLTMNT06_110736,2025-04-12 16:52:56+00:00,LEC,2025,Spring,0,1,15.07,Karmine Corp,SK Gaming,1742.3058087589402,1654.6179598971619,87.68784886177832,0.5,0.3,0.2,0.5714285714285714,,1
LOLTMNT06_111842,2025-04-12 17:38:38+00:00,LEC,2025,Spring,0,2,15.07,SK Gaming,Karmine Corp,1642.3946469764755,1754.3543394755295,-111.95969249905397,0.3,0.6,-0.3,0.375,,0
LOLTMNT03_222610,2025-04-13 06:06:25+00:00,LCK,2025,Rounds 1-2,0,1,15.07,Dplus Kia,Gen.G,1696.213048844659,1825.2423896846108,-129.02934083995183,0.6,0.7,-0.09999999999999998,0.2692307692307692,0.3126624254671777,1
LOLTMNT03_222628,2025-04-13 06:57:19+00:00,LCK,2025,Rounds 1-2,0,2,15.07,Gen.G,Dplus Kia,1803.5877640002022,1717.8959863798664,85.69177762033587,0.7,0.7,0.0,0.7037037037037037,0.6873375745328223,1
11984-11984_game_1,2025-04-13 07:22:45+00:00,LPL,2025,Split 2,0,1,15.07,Ninjas in Pyjamas,Team WE,1544.5471243017673,1444.6327904788652,99.91433382290211,0.3,0.5,-0.2,0.625,,1
LOLTMNT03_222659,2025-04-13 07:49:14+00:00,LCK,2025,Rounds 1-2,0,3,15.07,Dplus Kia,Gen.G,1705.7639965032872,1815.738555640754,-109.97455913746671,0.7,0.7,0.0,0.2857142857142857,0.3126624254671777,0
11984-11984_game_2,2025-04-13 08:22:55+00:00,LPL,2025,Split 2,0,2,15.07,Team WE,Ninjas in Pyjamas,1433.103196471207,1556.0714794694704,-122.96828299826348,0.5,0.4,0.09999999999999998,0.33333333333333337,,0
LOLTMNT03_223223,2025-04-13 09:09:40+00:00,LCK,2025,Rounds 1-2,0,1,15.07,Nongshim RedForce,DRX,1631.2492114913296,1466.436170878926,164.81304061240348,0.6,0.3,0.3,0.7333333333333334,0.6233837871391785,1
11985-11985_game_1,2025-04-13 09:45:54+00:00,LPL,2025,Split 2,0,1,15.07,Top Esports,ThunderTalk Gaming,1738.1251743561133,1553.2828111946521,184.8423631614612,0.7,0.3,0.39999999999999997,1.0,0.735448409438642,1
LOLTMNT03_222719,2025-04-13 10:04:04+00:00,LCK,2025,Rounds 1-2,0,2,15.07,DRX,Nongshim RedForce,1457.3753514512905,1640.224957065107,-182.8496056138165,0.3,0.7,-0.39999999999999997,0.25,0.3766162128608215,1
11985-11985_game_2,2025-04-13 10:40:49+00:00,LPL,2025,Split 2,0,2,15.07,Top Esports,ThunderTalk Gaming,1746.3355850557723,1545.0640095181748,201.27157553759753,0.7,0.3,0.39999999999999997,1.0,0.735448409438642,1
LOLTMNT03_223254,2025-04-13 10:57:45+00:00,LCK,2025,Rounds 1-2,0,3,15.07,Nongshim RedForce,DRX,1616.5461169144587,1480.9720417683911,135.57407514606757,0.6,0.3,0.3,0.7058823529411764,0.6233837871391785,1
11986-11986_game_1,2025-04-13 11:51:39+00:00,LPL,2025,Split 2,0,1,15.07,Anyone's Legend,Weibo Gaming,1727.159712969064,1667.3399701920655,59.81974277699851,0.6,0.6,0.0,0.4444444444444444,0.5788428021839316,1
11986-11986_game_2,2025-04-13 12:43:54+00:00,LPL,2025,Split 2,0,2,15.07,Weibo Gaming,Anyone's Legend,1654.066688555164,1740.4327087872466,-86.36602023208252,0.5,0.7,-0.19999999999999996,0.5,0.4211571978160684,0
LOLTMNT06_112003,2025-04-13 15:08:26+00:00,LEC,2025,Spring,0,1,15.07,Team Vitality,Fnatic,1564.7822158461586,1712.4485888075683,-147.6663729614097,0.4,0.6,-0.19999999999999996,0.125,0.2484920732246069,0
LOLTMNT06_110936,2025-04-13 16:09:02+00:00,LEC,2025,Spring,0,2,15.07,Fnatic,Team Vitality,1722.0424994837165,1554.8965881894878,167.14591129422865,0.6,0.3,0.3,0.8888888888888888,0.751507926775393,1
LOLTMNT06_110946,2025-04-13 17:00:20+00:00,LEC,2025,Spring,0,1,15.07,Team BDS,Movistar KOI,1590.3389688775017,1655.8584942621335,-65.51952538463183,0.5,0.5,0.0,0.0,,0
LOLTMNT06_112050,2025-04-13 17:50:05+00:00,LEC,2025,Spring,0,2,15.07,Movistar KOI,Team BDS,1668.8771196067405,1577.2931178021865,91.58400180455396,0.5,0.5,0.0,1.0,,1
11987-11987_game_1,2025-04-14 09:27:01+00:00,LPL,2025,Split 2,0,1,15.07,Ultra Prime,Royal Never Give Up,1469.6921533973396,1412.0899675508342,57.602185846505336,0.4,0.2,0.2,0.375,0.5311282162378455,0
11987-11987_game_2,2025-04-14 10:28:28+00:00,LPL,2025,Split 2,0,2,15.07,Ultra Prime,Royal Never Give Up,1451.0854788745219,1430.6884325618107,20.397046312711154,0.4,0.3,0.10000000000000003,0.33333333333333337,0.5311282162378455,1
11987-11987_game_3,2025-04-14 11:25:00+00:00,LPL,2025,Split 2,0,3,15.07,Royal Never Give Up,Ultra Prime,1415.6162804215471,1466.153241314415,-50.53696089286791,0.3,0.5,-0.2,0.6,0.4688717837621545,0
11988-11988_game_1,2025-04-14 12:48:12+00:00,LPL,2025,Split 2,0,1,15.07,JD Gaming,FunPlus Phoenix,1747.5564949830216,1525.5703289165103,221.98616606651126,0.9,0.4,0.5,0.6666666666666667,0.760379408509232,0
11988-11988_game_2,2025-04-14 13:51:02+00:00,LPL,2025,Split 2,0,2,15.07,JD Gaming,FunPlus Phoenix,1722.5579915507144,1550.5757040508317,171.98228749988266,0.8,0.5,0.30000000000000004,0.6,0.760379408509232,1
11988-11988_game_3,2025-04-14 14:43:04+00:00,LPL,2025,Split 2,0,3,15.07,FunPlus Phoenix,JD Gaming,1541.8874962591592,1731.2521018295404,-189.36460557038117,0.4,0.8,-0.4,0.36363636363636365,0.2396205914907679,1
LOLTMNT06_110999,2025-04-14 15:07:08+00:00,LEC,2025,Spring,0,1,15.07,GiantX,SK Gaming,1544.7006646933849,1631.185118181975,-86.48445348859013,0.3,0.3,0.0,0.25,0.5725355179644379,0
LOLTMNT06_112069,2025-04-14 16:04:09+00:00,LEC,2025,Spring,0,2,15.07,GiantX,SK Gaming,1532.5663686783603,1643.40761804782,-110.84124936945977,0.3,0.4,-0.10000000000000003,0.2,0.5725355179644379,0
LOLTMNT06_112073,2025-04-14 17:04:51+00:00,LEC,2025,Spring,0,1,15.07,Team Heretics,Karmine Corp,1553.4197488965128,1765.3731846801834,-211.95343578367056,0.4,0.7,-0.29999999999999993,0.75,0.2234365199339816,1
LOLTMNT06_112088,2025-04-14 18:10:43+00:00,LEC,2025,Spring,0,2,15.07,Karmine Corp,Team Heretics,1740.6708456150034,1577.9862426355999,162.6846029794035,0.6,0.5,0.09999999999999998,0.2,0.7765634800660184,1
LOLTMNT06_113014,2025-04-14 19:11:08+00:00,LEC,2025,Spring,0,3,15.07,Team Heretics,Karmine Corp,1568.8539605442195,1749.6860698165394,-180.83210927231994,0.4,0.7,-0.29999999999999993,0.6666666666666667,0.2234365199339816,0
11989-11989_game_1,2025-04-15 09:27:01+00:00,LPL,2025,Split 2,0,1,15.07,ThunderTalk Gaming,Anyone's Legend,1537.4094996323317,1752.5364729183282,-215.12697328599643,0.3,0.8,-0.5,0.0,0.2323462337982771,0
11989-11989_game_2,2025-04-15 10:19:59+00:00,LPL,2025,Split 2,0,2,15.07,ThunderTalk Gaming,Anyone's Legend,1530.20990423419,1759.729196946786,-229.5192927125961,0.2,0.8,-0.6000000000000001,0.0,0.2323462337982771,0
11990-11990_game_1,2025-04-15 11:45:54+00:00,LPL,2025,Split 2,0,1,15.07,Invictus Gaming,Ninjas in Pyjamas,1643.2278510169429,1566.6367586907634,76.59109232617948,0.4,0.5,-0.09999999999999998,0.2727272727272727,,1
11990-11990_game_2,2025-04-15 12:56:00+00:00,LPL,2025,Split 2,0,2,15.07,Ninjas in Pyjamas,Invictus Gaming,1554.1059472613433,1655.7774576783654,-101.67151041702209,0.4,0.5,-0.09999999999999998,0.6666666666666667,,1
11990-11990_game_3,2025-04-15 14:00:27+00:00,LPL,2025,Split 2,0,3,15.07,Invictus Gaming,Ninjas in Pyjamas,1635.2484025877143,1574.6566572918991,60.591745295815144,0.5,0.5,0.0,0.3076923076923077,,0
LOLTMNT03_230058,2025-04-16 08:05:15+00:00,LCK,2025,Rounds 1-2,0,1,15.07,T1,Nongshim RedForce,1738.1259819957104,1579.7827112066461,158.34327078906426,0.5,0.6,-0.09999999999999998,0.7142857142857143,0.7347149399129076,1
LOLTMNT03_229082,2025-04-16 09:00:40+00:00,LCK,2025,Rounds 1-2,0,2,15.07,Nongshim RedForce,T1,1570.1039597995891,1747.4358569890242,-177.33189718943504,0.6,0.6,0.0,0.26666666666666666,0.2652850600870924,1
11991-11991_game_1,2025-04-16 09:24:22+00:00,LPL,2025,Split 2,0,1,15.07,LGD Gaming,LNG Esports,1461.759332866302,1408.2285761548726,53.530756711429376,0.3,0.1,0.19999999999999998,0.625,0.5507307481332836,1
LOLTMNT03_229092,2025-04-16 09:52:25+00:00,LCK,2025,Rounds 1-2,0,3,15.07,T1,Nongshim RedForce,1724.048156017326,1593.1441175963187,130.90403842100727,0.5,0.6,-0.09999999999999998,0.6875,0.7347149399129076,1
11991-11991_game_2,2025-04-16 10:25:14+00:00,LPL,2025,Split 2,0,2,15.07,LNG Esports,LGD Gaming,1394.6287709248143,1475.3365912002014,-80.70782027538712,0.1,0.4,-0.30000000000000004,0.33333333333333337,0.4492692518667164,0
LOLTMNT03_229121,2025-04-16 11:13:00+00:00,LCK,2025,Rounds 1-2,0,1,15.07,BNK FEARX,Gen.G,1499.8789024457267,1826.8580429383255,-326.97914049259884,0.6,0.8,-0.20000000000000007,0.0,,1
11992-11992_game_1,2025-04-16 11:35:49+00:00,LPL,2025,Split 2,0,1,15.07,Top Esports,Team WE,1753.9821322122075,1422.5323491944298,331.4497830177777,0.7,0.4,0.29999999999999993,1.0,0.7929274278544121,0
LOLTMNT03_229164,2025-04-16 12:09:37+00:00,LCK,2025,Rounds 1-2,0,2,15.07,Gen.G,BNK FEARX,1799.1108847873795,1527.6266647163854,271.48422007099407,0.7,0.6,0.09999999999999998,0.9090909090909091,,1
11992-11992_game_2,2025-04-16 12:35:16+00:00,LPL,2025,Split 2,0,2,15.07,Top Esports,Team WE,1726.1177187490546,1450.3890164727718,275.7287022762828,0.6,0.5,0.09999999999999998,0.8333333333333334,0.7929274278544121,1
LOLTMNT03_229200,2025-04-16 13:02:35+00:00,LCK,2025,Rounds 1-2,0,3,15.07,BNK FEARX,Gen.G,1522.0576032615616,1804.6808355749083,-282.62323231334676,0.6,0.7,-0.09999999999999998,0.08333333333333333,,0
11992-11992_game_3,2025-04-16 13:37:48+00:00,LPL,2025,Split 2,0,3,15.07,Team WE,Top Esports,1444.9469202911546,1731.5515103745395,-286.6045900833849,0.4,0.7,-0.29999999999999993,0.14285714285714285,0.2070725721455878,0
LOLTMNT03_230485,2025-04-17 08:06:06+00:00,LCK,2025,Rounds 1-2,0,1,15.07,DRX,Hanwha Life Esports,1470.8153923749837,1835.5895063652915,-364.7741139903078,0.3,0.6,-0.3,0.07692307692307693,0.1588558113866907,0
LOLTMNT03_229500,2025-04-17 08:56:44+00:00,LCK,2025,Rounds 1-2,0,2,15.07,DRX,Hanwha Life Esports,1467.2372829004894,1839.0818524056442,-371.8445695051548,0.3,0.7,-0.39999999999999997,0.07142857142857142,0.1588558113866907,0
11993-11993_game_1,2025-04-17 09:25:47+00:00,LPL,2025,Split 2,0,1,15.07,Team WE,Bilibili Gaming,1439.7820149198837,1739.0275685227741,-299.24555360289037,0.3,0.6,-0.3,0.11111111111111116,0.1995684005611132,0
LOLTMNT03_230518,2025-04-17 10:11:54+00:00,LCK,2025,Rounds 1-2,0,1,15.07,HANJIN BRION,KT Rolster,1471.3536938686925,1597.1458091540014,-125.79211528530891,0.3,0.3,0.0,0.25,0.4044993304056918,0
11993-11993_game_2,2025-04-17 10:21:39+00:00,LPL,2025,Split 2,0,2,15.07,Bilibili Gaming,Team WE,1743.8893281248315,1434.9247557356343,308.9645723891972,0.6,0.3,0.3,0.9,0.8004315994388868,0
11993-11993_game_3,2025-04-17 11:12:51+00:00,LPL,2025,Split 2,0,3,15.07,Bilibili Gaming,Team WE,1716.524530896059,1462.2937471849646,254.23078371109455,0.5,0.3,0.2,0.8181818181818182,0.8004315994388868,1
LOLTMNT03_229541,2025-04-17 11:17:08+00:00,LCK,2025,Rounds 1-2,0,2,15.07,HANJIN BRION,KT Rolster,1460.8434998791452,1607.7761432475454,-146.93264336840025,0.3,0.4,-0.10000000000000003,0.23076923076923078,0.4044993304056918,1
LOLTMNT03_230548,2025-04-17 12:08:37+00:00,LCK,2025,Rounds 1-2,0,3,15.07,KT Rolster,HANJIN BRION,1585.5722617934305,1483.1693918327278,102.40286996070267,0.3,0.4,-0.10000000000000003,0.7142857142857143,0.5955006695943081,0
11994-11994_game_1,2025-04-17 12:31:29+00:00,LPL,2025,Split 2,0,1,15.07,Weibo Gaming,Ninjas in Pyjamas,1631.663056833776,1593.4177583178603,38.24529851591569,0.4,0.5,-0.09999999999999998,0.6153846153846154,0.5200280449348466,1
11994-11994_game_2,2025-04-17 13:30:15+00:00,LPL,2025,Split 2,0,2,15.07,Ninjas in Pyjamas,Weibo Gaming,1579.1711669932758,1645.9141814622458,-66.74301446896993,0.4,0.4,0.0,0.35714285714285715,0.4799719550651534,1
11994-11994_game_3,2025-04-17 14:28:43+00:00,LPL,2025,Split 2,0,3,15.07,Weibo Gaming,Ninjas in Pyjamas,1626.8869720102734,1598.2063556997061,28.680616310567302,0.4,0.5,-0.09999999999999998,0.6,0.5200280449348466,1
LOLTMNT03_229809,2025-04-18 08:05:29+00:00,LCK,2025,Rounds 1-2,0,1,15.07,BNK FEARX,T1,1516.7779903674677,1734.388832599551,-217.61084223208331,0.6,0.5,0.09999999999999998,0.2222222222222222,0.2462029009469504,0
LOLTMNT03_229822,2025-04-18 09:10:00+00:00,LCK,2025,Rounds 1-2,0,2,15.07,BNK FEARX,T1,1509.6435919752766,1741.6291081166187,-231.98551614134203,0.5,0.5,0.0,0.2,0.2462029009469504,1
11995-11995_game_1,2025-04-18 09:25:08+00:00,LPL,2025,Split 2,0,1,15.07,ThunderTalk Gaming,Ninjas in Pyjamas,1523.4621676604459,1583.5236677819403,-60.06150012149442,0.2,0.5,-0.3,0.0,,0
LOLTMNT03_230810,2025-04-18 10:05:30+00:00,LCK,2025,Rounds 1-2,0,3,15.07,T1,BNK FEARX,1746.8784900333035,1534.9576890924752,211.92080094082826,0.5,0.5,0.0,0.7272727272727273,0.7537970990530496,0
11995-11995_game_2,2025-04-18 10:21:22+00:00,LPL,2025,Split 2,0,2,15.07,ThunderTalk Gaming,Ninjas in Pyjamas,1510.1973119208567,1596.7858415115782,-86.58852959072146,0.1,0.6,-0.5,0.0,,1
11995-11995_game_3,2025-04-18 11:09:27+00:00,LPL,2025,Split 2,0,3,15.07,Ninjas in Pyjamas,ThunderTalk Gaming,1576.879962957723,1530.099954712799,46.78000824492392,0.6,0.2,0.39999999999999997,0.75,,0
LOLTMNT03_230842,2025-04-18 11:20:55+00:00,LCK,2025,Rounds 1-2,0,1,15.07,DN SOOPers,Dplus Kia,1415.256603196523,1694.6657469830825,-279.4091437865595,0.2,0.7,-0.49999999999999994,0.5,0.2549453837037793,0
LOLTMNT03_230854,2025-04-18 12:10:51+00:00,LCK,2025,Rounds 1-2,0,2,15.07,DN SOOPers,Dplus Kia,1409.9088553068077,1700.003825327641,-290.0949700208332,0.2,0.7,-0.49999999999999994,0.46153846153846156,0.2549453837037793,0
11996-11996_game_1,2025-04-18 12:25:56+00:00,LPL,2025,Split 2,0,1,15.07,Invictus Gaming,JD Gaming,1616.5001373932632,1707.3274320409587,-90.82729464769545,0.5,0.8,-0.30000000000000004,0.5,0.4302067061554069,1
11996-11996_game_2,2025-04-18 13:29:10+00:00,LPL,2025,Split 2,0,2,15.07,JD Gaming,Invictus Gaming,1687.2518476456175,1636.5722002659252,50.67964737969237,0.7,0.6,0.09999999999999998,0.4,0.5697932938445931,1
11996-11996_game_3,2025-04-18 14:23:12+00:00,LPL,2025,Split 2,0,3,15.07,Invictus Gaming,JD Gaming,1622.8800124932154,1700.9423174357785,-78.06230494256306,0.5,0.7,-0.19999999999999996,0.5,0.4302067061554069,1
LOLTMNT03_231043,2025-04-19 06:05:24+00:00,LCK,2025,Rounds 1-2,0,1,15.07,Gen.G,HANJIN BRION,1809.9612842357951,1509.0234398353243,300.9378444004708,0.8,0.4,0.4,0.8181818181818182,0.8122694423461722,1
LOLTMNT03_232041,2025-04-19 07:01:15+00:00,LCK,2025,Rounds 1-2,0,2,15.07,HANJIN BRION,Gen.G,1504.1396336933933,1814.7929219906061,-310.65328829721284,0.4,0.8,-0.4,0.16666666666666663,0.1877305576538278,0
LOLTMNT03_231086,2025-04-19 08:15:16+00:00,LCK,2025,Rounds 1-2,0,1,15.07,Nongshim RedForce,Hanwha Life Esports,1582.4783551313162,1842.4495534371497,-259.97119830583347,0.5,0.8,-0.30000000000000004,0.07692307692307687,0.2411139136610141,0
LOLTMNT03_232068,2025-04-19 09:02:12+00:00,LCK,2025,Rounds 1-2,0,2,15.07,Nongshim RedForce,Hanwha Life Esports,1576.215720831416,1848.3045832416888,-272.08886241027267,0.4,0.8,-0.4,0.0714285714285714,0.2411139136610141,0
11997-11997_game_1,2025-04-19 09:25:35+00:00,LPL,2025,Split 2,0,1,15.08,EDward Gaming,Oh My God,1440.501685311608,1465.4862133299998,-24.984528018391757,0.3,0.3,0.0,0.3333333333333333,0.5870027540509528,1
11997-11997_game_2,2025-04-19 10:17:40+00:00,LPL,2025,Split 2,0,2,15.08,Oh My God,EDward Gaming,1448.3477808920316,1457.6478996501198,-9.300118758088274,0.2,0.4,-0.2,0.5714285714285714,0.4129972459490471,0
11998-11998_game_1,2025-04-19 11:40:30+00:00,LPL,2025,Split 2,0,1,15.08,Anyone's Legend,Team WE,1758.0086698161012,1456.2719322273558,301.7367375887454,0.8,0.2,0.6000000000000001,0.5,0.7686513660568883,1
11998-11998_game_2,2025-04-19 12:32:55+00:00,LPL,2025,Split 2,0,2,15.08,Team WE,Anyone's Legend,1451.474536439551,1762.8198966480154,-311.3453602084644,0.2,0.8,-0.6000000000000001,0.4285714285714286,0.2313486339431117,1
11998-11998_game_3,2025-04-19 13:35:00+00:00,LPL,2025,Split 2,0,3,15.08,Anyone's Legend,Team WE,1735.4087902224933,1478.8985532005117,256.51023702198154,0.8,0.3,0.5,0.5,0.7686513660568883,1
LOLTMNT04_107072,2025-04-19 15:08:43+00:00,LEC,2025,Spring,0,1,15.08,Fnatic,Rogue,1730.9008022026726,1408.8909478221035,322.0098543805691,0.6,0.3,0.3,1.0,0.7746558617250666,1
LOLTMNT04_107075,2025-04-19 15:57:46+00:00,LEC,2025,Spring,0,2,15.08,Rogue,Fnatic,1404.4901851001202,1735.2458240314802,-330.75563893135995,0.3,0.7,-0.39999999999999997,0.0,0.2253441382749333,0
LOLTMNT04_106064,2025-04-19 16:47:35+00:00,LEC,2025,Spring,0,1,15.08,Karmine Corp,GiantX,1758.0405559643834,1521.4642811091,236.57627485528337,0.7,0.2,0.49999999999999994,0.5,0.7683356655321676,1
LOLTMNT04_106078,2025-04-19 17:40:46+00:00,LEC,2025,Spring,0,2,15.08,GiantX,Karmine Corp,1514.889667289494,1764.5701283061287,-249.6804610166348,0.2,0.7,-0.49999999999999994,0.4,0.2316643344678324,1
LOLTMNT04_107091,2025-04-19 18:45:01+00:00,LEC,2025,Spring,0,3,15.08,Karmine Corp,GiantX,1738.7163248687884,1540.7013173708206,198.01500749796787,0.6,0.3,0.3,0.5,0.7683356655321676,1
LOLTMNT03_231270,2025-04-20 06:08:09+00:00,LCK,2025,Rounds 1-2,0,1,15.07,Dplus Kia,DRX,1705.073892983366,1463.78858000482,241.28531297854602,0.8,0.2,0.6000000000000001,0.8888888888888888,0.8046787585947359,0
LOLTMNT03_232248,2025-04-20 07:16:08+00:00,LCK,2025,Rounds 1-2,0,2,15.07,Dplus Kia,DRX,1679.4604639901822,1489.2994333605382,190.16103062964407,0.7,0.2,0.49999999999999994,0.8,0.8046787585947359,1
11999-11999_game_1,2025-04-20 07:25:44+00:00,LPL,2025,Split 2,0,1,15.08,LNG Esports,Ultra Prime,1384.6959664462584,1479.8582883814433,-95.16232193518499,0.1,0.5,-0.4,0.6666666666666666,0.4304983652475381,1
LOLTMNT03_232256,2025-04-20 08:08:31+00:00,LCK,2025,Rounds 1-2,0,3,15.07,DRX,Dplus Kia,1481.180295155185,1687.4843755926245,-206.30408043743955,0.2,0.7,-0.49999999999999994,0.18181818181818182,0.195321241405264,0
11999-11999_game_2,2025-04-20 08:13:34+00:00,LPL,2025,Split 2,0,2,15.08,Ultra Prime,LNG Esports,1459.6095663076117,1404.9066040652808,54.70296224233084,0.4,0.2,0.2,0.25,0.569501634752462,0
LOLTMNT03_231299,2025-04-20 09:24:18+00:00,LCK,2025,Rounds 1-2,0,1,15.07,KT Rolster,DN SOOPers,1550.1525556870918,1404.8297583440963,145.3227973429955,0.3,0.2,0.09999999999999998,0.46153846153846156,0.5564957620567721,1
12000-12000_game_1,2025-04-20 09:26:17+00:00,LPL,2025,Split 2,0,1,15.08,Bilibili Gaming,Top Esports,1722.550512081512,1736.7086605947486,-14.15814851323671,0.5,0.7,-0.19999999999999996,0.6086956521739131,0.5266211547152163,1
12000-12000_game_2,2025-04-20 10:18:39+00:00,LPL,2025,Split 2,0,2,15.08,Top Esports,Bilibili Gaming,1720.0571022389286,1739.2003337439587,-19.143231505030144,0.6,0.5,0.09999999999999998,0.375,0.4733788452847837,1
LOLTMNT03_231301,2025-04-20 10:31:53+00:00,LCK,2025,Rounds 1-2,0,2,15.07,DN SOOPers,KT Rolster,1395.1493521983773,1559.9799762782577,-164.8306240798804,0.2,0.4,-0.2,0.5,0.4435042379432279,0
12000-12000_game_3,2025-04-20 11:17:29+00:00,LPL,2025,Split 2,0,3,15.08,Bilibili Gaming,Top Esports,1722.3205737964447,1736.9376623506093,-14.617088554164638,0.4,0.6,-0.19999999999999996,0.6,0.5266211547152163,0
12001-12001_game_1,2025-04-20 12:29:46+00:00,LPL,2025,Split 2,0,1,15.08,FunPlus Phoenix,Ninjas in Pyjamas,1565.8178686805368,1558.7391696701245,7.078699010412265,0.5,0.5,0.0,0.42857142857142855,0.4118596839699189,1
12001-12001_game_2,2025-04-20 13:19:34+00:00,LPL,2025,Split 2,0,2,15.08,Ninjas in Pyjamas,FunPlus Phoenix,1543.0650234108598,1581.4921465582174,-38.427123147357634,0.4,0.6,-0.19999999999999996,0.5333333333333333,0.5881403160300811,0
LOLTMNT04_107126,2025-04-20 15:08:03+00:00,LEC,2025,Spring,0,1,15.08,Team Heretics,Team Vitality,1560.385864922078,1545.7468682383103,14.6389966837678,0.3,0.3,0.0,0.0,,1
LOLTMNT04_107128,2025-04-20 16:07:56+00:00,LEC,2025,Spring,0,2,15.08,Team Vitality,Team Heretics,1530.4073478595706,1575.7240390617535,-45.31669120218294,0.3,0.4,-0.10000000000000003,0.8,,0
LOLTMNT04_106127,2025-04-20 17:13:18+00:00,LEC,2025,Spring,0,1,15.08,Team BDS,G2 Esports,1565.381295363544,1760.7042658087607,-195.3229704452167,0.4,0.6,-0.19999999999999996,0.2727272727272727,,1
LOLTMNT04_107139,2025-04-20 18:14:19+00:00,LEC,2025,Spring,0,2,15.08,G2 Esports,Team BDS,1736.5702366870041,1589.4847182189283,147.08551846807586,0.6,0.4,0.19999999999999996,0.6956521739130435,,0
12002-12002_game_1,2025-04-21 09:26:04+00:00,LPL,2025,Split 2,0,1,15.08,JD Gaming,Weibo Gaming,1681.4173308263726,1641.572315583046,39.84501524332654,0.6,0.4,0.19999999999999996,0.47058823529411764,0.6199009670766027,0
12002-12002_game_2,2025-04-21 10:35:09+00:00,LPL,2025,Split 2,0,2,15.08,JD Gaming,Weibo Gaming,1663.5956953545533,1659.393161105531,4.202534249022392,0.5,0.5,0.0,0.4444444444444444,0.6199009670766027,1
12002-12002_game_3,2025-04-21 11:33:01+00:00,LPL,2025,Split 2,0,3,15.08,Weibo Gaming,JD Gaming,1643.585382857945,1679.402821701286,-35.81743884334105,0.4,0.5,-0.09999999999999998,0.5263157894736843,0.3800990329233973,1
12003-12003_game_1,2025-04-21 12:44:09+00:00,LPL,2025,Split 2,0,1,15.08,Team WE,Invictus Gaming,1472.9416540362731,1642.4024468933778,-169.4607928571047,0.3,0.6,-0.3,0.4,,0
12003-12003_game_2,2025-04-21 13:34:30+00:00,LPL,2025,Split 2,0,2,15.08,Invictus Gaming,Team WE,1651.1845344637466,1464.1744418064504,187.01009265729613,0.6,0.3,0.3,0.6666666666666666,,1
LOLTMNT04_106164,2025-04-21 15:08:19+00:00,LEC,2025,Spring,0,1,15.08,SK Gaming,Rogue,1654.6145374240955,1400.2789161277979,254.33562129629763,0.5,0.2,0.3,0.8,0.5961948453679592,1
LOLTMNT04_106166,2025-04-21 16:08:11+00:00,LEC,2025,Spring,0,2,15.08,Rogue,SK Gaming,1394.2017530020103,1660.8238398823873,-266.6220868803771,0.2,0.5,-0.3,0.16666666666666666,0.4038051546320408,1
LOLTMNT04_106169,2025-04-21 17:01:56+00:00,LEC,2025,Spring,0,3,15.08,SK Gaming,Rogue,1634.6827714858,1420.4665984548308,214.21617303096923,0.5,0.3,0.2,0.7142857142857143,0.5961948453679592,0
LOLTMNT04_106173,2025-04-21 17:55:01+00:00,LEC,2025,Spring,0,1,15.08,Team Vitality,Movistar KOI,1516.4060029193458,1680.755364988857,-164.34936206951124,0.3,0.6,-0.3,,0.274442700411287,1
LOLTMNT04_107177,2025-04-21 18:47:43+00:00,LEC,2025,Spring,0,2,15.08,Movistar KOI,Team Vitality,1657.7060835739212,1539.2222780351087,118.48380553881248,0.6,0.3,0.3,0.5,0.725557299588713,0
12004-12004_game_1,2025-04-22 09:23:12+00:00,LPL,2025,Split 2,0,1,15.08,Royal Never Give Up,LGD Gaming,1401.9050572888502,1487.7166810702408,-85.81162378139061,0.3,0.5,-0.2,0.1428571428571429,0.4383949298429383,0
12004-12004_game_2,2025-04-22 10:10:34+00:00,LPL,2025,Split 2,0,2,15.08,Royal Never Give Up,LGD Gaming,1389.7459071138067,1499.8737352367045,-110.12782812289788,0.3,0.5,-0.2,0.125,0.4383949298429383,0
12005-12005_game_1,2025-04-22 11:28:13+00:00,LPL,2025,Split 2,0,1,15.08,ThunderTalk Gaming,Team WE,1548.2389268929487,1456.035331982145,92.20359491080376,0.3,0.2,0.09999999999999998,1.0,,0
12005-12005_game_2,2025-04-22 12:26:04+00:00,LPL,2025,Split 2,0,2,15.08,ThunderTalk Gaming,Team WE,1528.0932104225951,1476.180977158987,51.91223326360819,0.3,0.3,0.0,0.8,,0
LOLTMNT01_228752,2025-04-23 08:05:24+00:00,LCK,2025,Rounds 1-2,0,1,15.08,DRX,KT Rolster,1473.611653620031,1569.0631959272923,-95.45154230726143,0.2,0.5,-0.3,0.18181818181818182,0.4428403284229589,0
LOLTMNT01_229352,2025-04-23 09:09:16+00:00,LCK,2025,Rounds 1-2,0,2,15.08,DRX,KT Rolster,1461.842626578693,1580.8800410654621,-119.0374144867692,0.2,0.6,-0.39999999999999997,0.16666666666666666,0.4428403284229589,0
12006-12006_game_1,2025-04-23 09:24:21+00:00,LPL,2025,Split 2,0,1,15.08,Oh My God,LNG Esports,1432.7741876814848,1423.3671760125515,9.407011668933364,0.2,0.3,-0.09999999999999998,0.1428571428571429,0.4087923445806557,0
12006-12006_game_2,2025-04-23 10:16:06+00:00,LPL,2025,Split 2,0,2,15.08,Oh My God,LNG Esports,1416.344909552438,1439.7921940732892,-23.447284520851326,0.2,0.4,-0.2,0.125,0.4087923445806557,0
LOLTMNT01_228803,2025-04-23 10:22:22+00:00,LCK,2025,Rounds 1-2,0,1,15.08,Nongshim RedForce,BNK FEARX,1570.3046938480106,1559.6433578243486,10.661336023661988,0.3,0.5,-0.2,0.46153846153846156,0.5235160058810782,1
LOLTMNT01_228821,2025-04-23 11:15:41+00:00,LCK,2025,Rounds 1-2,0,2,15.08,BNK FEARX,Nongshim RedForce,1544.1337589942723,1585.736999019326,-41.603240025053765,0.4,0.4,0.0,0.5,0.4764839941189218,0
12007-12007_game_1,2025-04-23 11:24:07+00:00,LPL,2025,Split 2,0,1,15.08,Top Esports,Ninjas in Pyjamas,1752.2649934635424,1528.8270708872913,223.43792257625114,0.7,0.4,0.29999999999999993,0.9,0.6917160411216421,1
12007-12007_game_2,2025-04-23 12:35:31+00:00,LPL,2025,Split 2,0,2,15.08,Ninjas in Pyjamas,Top Esports,1521.89794567685,1759.1935147300119,-237.2955690531619,0.3,0.7,-0.39999999999999997,0.09090909090909091,0.3082839588783578,1
12007-12007_game_3,2025-04-23 13:54:50+00:00,LPL,2025,Split 2,0,3,15.08,Top Esports,Ninjas in Pyjamas,1733.6987919499977,1547.3921022102063,186.3066897397914,0.7,0.3,0.39999999999999997,0.8333333333333334,0.6917160411216421,1
LOLTMNT01_230375,2025-04-24 08:06:14+00:00,LCK,2025,Rounds 1-2,0,1,15.08,Gen.G,DN SOOPers,1819.3989949168688,1419.1294406435943,400.2695542732745,0.8,0.2,0.6000000000000001,1.0,0.8555031787956264,1
LOLTMNT01_229915,2025-04-24 09:03:42+00:00,LCK,2025,Rounds 1-2,0,2,15.08,DN SOOPers,Gen.G,1416.075961436838,1822.3194646667532,-406.2435032299152,0.2,0.8,-0.6000000000000001,0.0,0.1444968212043735,0
12008-12008_game_1,2025-04-24 09:24:34+00:00,LPL,2025,Split 2,0,1,15.08,Weibo Gaming,Team WE,1661.2244458633722,1494.5520311588944,166.6724147044779,0.4,0.4,0.0,0.5,0.6979950853184238,0
LOLTMNT01_229932,2025-04-24 10:18:06+00:00,LCK,2025,Rounds 1-2,0,1,15.08,Hanwha Life Esports,HANJIN BRION,1853.8332558420711,1499.4847833649965,354.34847247707467,0.9,0.4,0.5,0.8181818181818181,0.8197460747121892,1
12008-12008_game_2,2025-04-24 10:20:27+00:00,LPL,2025,Split 2,0,2,15.08,Weibo Gaming,Team WE,1638.1004777902594,1517.684027909457,120.41644988080247,0.4,0.5,-0.09999999999999998,0.4,0.6979950853184238,1
LOLTMNT01_230468,2025-04-24 11:12:58+00:00,LCK,2025,Rounds 1-2,0,2,15.08,HANJIN BRION,Hanwha Life Esports,1495.7422273354716,1857.516625984513,-361.77439864904136,0.4,0.9,-0.5,0.16666666666666666,0.1802539252878108,0
12008-12008_game_3,2025-04-24 11:24:16+00:00,LPL,2025,Split 2,0,3,15.08,Team WE,Weibo Gaming,1507.0141980187627,1648.776287169721,-141.76208915095822,0.4,0.5,-0.09999999999999998,0.5,0.3020049146815762,1
12009-12009_game_1,2025-04-24 12:50:26+00:00,LPL,2025,Split 2,0,1,15.08,Anyone's Legend,JD Gaming,1738.851308784236,1661.7631502056847,77.0881585785512,0.8,0.4,0.4,0.45454545454545453,0.5670689228522683,0
12009-12009_game_2,2025-04-24 13:41:37+00:00,LPL,2025,Split 2,0,2,15.08,Anyone's Legend,JD Gaming,1719.3723194987167,1681.2489938921258,38.123325606590925,0.8,0.4,0.4,0.4166666666666667,0.5670689228522683,0
LOLTMNT01_231505,2025-04-25 08:06:28+00:00,LCK,2025,Rounds 1-2,0,1,15.08,KT Rolster,Nongshim RedForce,1591.7141423558965,1599.843957466717,-8.129815110820573,0.7,0.5,0.19999999999999996,0.6153846153846154,0.430933384822051,0
LOLTMNT01_232089,2025-04-25 09:00:02+00:00,LCK,2025,Rounds 1-2,0,2,15.08,KT Rolster,Nongshim RedForce,1576.0922991433515,1615.4061658119927,-39.31386666864114,0.6,0.5,0.09999999999999998,0.5714285714285714,0.430933384822051,0
12010-12010_game_1,2025-04-25 09:23:28+00:00,LPL,2025,Split 2,0,1,15.08,Team WE,FunPlus Phoenix,1529.199485345367,1595.7335839537727,-66.53409860840566,0.5,0.7,-0.19999999999999996,0.6666666666666667,0.442629563789481,1
LOLTMNT01_232113,2025-04-25 10:18:33+00:00,LCK,2025,Rounds 1-2,0,1,15.08,T1,Dplus Kia,1722.1829413780263,1694.9626469617044,27.22029441632185,0.5,0.7,-0.19999999999999996,0.6799999999999999,0.4798884872496097,1
12010-12010_game_2,2025-04-25 10:20:14+00:00,LPL,2025,Split 2,0,2,15.08,FunPlus Phoenix,Team WE,1576.7128631870935,1548.2248189764273,28.488044210666203,0.6,0.6,0.0,0.25,0.557370436210519,1
12010-12010_game_3,2025-04-25 11:10:59+00:00,LPL,2025,Split 2,0,3,15.08,Team WE,FunPlus Phoenix,1533.5330808694757,1591.406200728538,-57.87311985906217,0.5,0.7,-0.19999999999999996,0.6,0.442629563789481,1
LOLTMNT01_231666,2025-04-25 11:16:32+00:00,LCK,2025,Rounds 1-2,0,2,15.08,Dplus Kia,T1,1680.2136026717794,1736.9342174221397,-56.720614750360255,0.6,0.5,0.09999999999999998,0.3076923076923077,0.5201115127503904,1
LOLTMNT01_231710,2025-04-25 12:04:59+00:00,LCK,2025,Rounds 1-2,0,3,15.08,T1,Dplus Kia,1718.348890054375,1698.8026738310286,19.54621622334639,0.4,0.6,-0.19999999999999996,0.6666666666666667,0.4798884872496097,1
12011-12011_game_1,2025-04-25 12:42:12+00:00,LPL,2025,Split 2,0,1,15.08,Ninjas in Pyjamas,Bilibili Gaming,1539.2331012393577,1706.9918206269529,-167.7587193875952,0.3,0.4,-0.10000000000000003,0.16666666666666663,0.3008580300038134,0
12011-12011_game_2,2025-04-25 13:35:07+00:00,LPL,2025,Split 2,0,2,15.08,Ninjas in Pyjamas,Bilibili Gaming,1530.4084573706164,1715.8233070187803,-185.4148496481639,0.2,0.4,-0.2,0.15384615384615385,0.3008580300038134,0
LOLTMNT01_232663,2025-04-26 06:07:29+00:00,LCK,2025,Rounds 1-2,0,1,15.08,DN SOOPers,BNK FEARX,1413.12041833084,1530.0362367494295,-116.91581841858942,0.1,0.4,-0.30000000000000004,0.5,0.3712268194807526,1
LOLTMNT01_233515,2025-04-26 07:09:50+00:00,LCK,2025,Rounds 1-2,0,2,15.08,BNK FEARX,DN SOOPers,1508.8587084909523,1434.2033025753585,74.65540591559375,0.3,0.2,0.09999999999999998,0.46153846153846156,0.6287731805192474,1
LOLTMNT01_233535,2025-04-26 07:59:46+00:00,LCK,2025,Rounds 1-2,0,3,15.08,DN SOOPers,BNK FEARX,1421.532754691964,1521.4807617316676,-99.9480070397035,0.1,0.4,-0.30000000000000004,0.5,0.3712268194807526,0
LOLTMNT01_233579,2025-04-26 09:17:00+00:00,LCK,2025,Rounds 1-2,0,1,15.08,DRX,Gen.G,1458.9953538156306,1825.1495796637369,-366.1542258481063,0.2,0.8,-0.6000000000000001,0.0,0.1835566869267131,0
12012-12012_game_1,2025-04-26 09:24:24+00:00,LPL,2025,Split 2,0,1,15.08,Ultra Prime,EDward Gaming,1441.1257527051548,1473.2203579619015,-32.09460525674672,0.4,0.4,0.0,0.19999999999999996,0.3767766356550807,1
LOLTMNT01_232817,2025-04-26 10:06:26+00:00,LCK,2025,Rounds 1-2,0,2,15.08,DRX,Gen.G,1455.4292845407035,1828.6329112064,-373.20362666569645,0.2,0.9,-0.7,0.0,0.1835566869267131,0
12012-12012_game_2,2025-04-26 10:15:45+00:00,LPL,2025,Split 2,0,2,15.08,EDward Gaming,Ultra Prime,1455.748814995092,1458.5896920964053,-2.8408771013132537,0.4,0.4,0.0,0.6666666666666666,0.6232233643449193,1
12012-12012_game_3,2025-04-26 11:04:35+00:00,LPL,2025,Split 2,0,3,15.08,Ultra Prime,EDward Gaming,1442.4585476544987,1471.879351393671,-29.420803739172243,0.4,0.5,-0.09999999999999998,0.2857142857142857,0.3767766356550807,1
12013-12013_game_1,2025-04-26 12:25:03+00:00,LPL,2025,Split 2,0,1,15.08,ThunderTalk Gaming,JD Gaming,1509.7220094505324,1698.9943205278585,-189.2723110773261,0.2,0.5,-0.3,0.18181818181818177,0.2645515905613579,0
12013-12013_game_2,2025-04-26 13:21:02+00:00,LPL,2025,Split 2,0,2,15.08,ThunderTalk Gaming,JD Gaming,1501.662724690573,1707.0596357536274,-205.3969110630544,0.2,0.5,-0.3,0.16666666666666663,0.2645515905613579,1
LOLTMNT04_108350,2025-04-26 13:32:18+00:00,LEC,2025,Spring,0,1,15.08,GiantX,G2 Esports,1532.9032855465812,1714.1904517096402,-181.28716616305906,0.3,0.6,-0.3,0.0,0.2401041512063262,1
12013-12013_game_3,2025-04-26 14:15:42+00:00,LPL,2025,Split 2,0,3,15.08,JD Gaming,ThunderTalk Gaming,1682.5779445834378,1526.1501468210856,156.42779776235216,0.5,0.3,0.2,0.7692307692307693,0.7354484094386421,1
LOLTMNT04_106786,2025-04-26 14:28:40+00:00,LEC,2025,Spring,0,2,15.08,GiantX,G2 Esports,1556.5291026411228,1690.5416583325532,-134.0125556914304,0.4,0.6,-0.19999999999999996,0.08333333333333337,0.2401041512063262,0
LOLTMNT04_108362,2025-04-26 15:20:43+00:00,LEC,2025,Spring,0,3,15.08,GiantX,G2 Esports,1546.3794997291836,1700.6721673733925,-154.2926676442089,0.4,0.6,-0.19999999999999996,0.07692307692307687,0.2401041512063262,1
LOLTMNT04_106797,2025-04-26 16:51:50+00:00,LEC,2025,Spring,0,1,15.08,Movistar KOI,Fnatic,1636.4526586687334,1739.4049568282467,-102.95229815951325,0.5,0.7,-0.19999999999999996,0.4,0.3322470018788714,0
LOLTMNT04_108377,2025-04-26 17:50:12+00:00,LEC,2025,Spring,0,2,15.08,Movistar KOI,Fnatic,1625.0590162963754,1750.8054818187761,-125.74646552240074,0.5,0.7,-0.19999999999999996,0.33333333333333337,0.3322470018788714,1
LOLTMNT04_106812,2025-04-26 18:41:09+00:00,LEC,2025,Spring,0,3,15.08,Movistar KOI,Fnatic,1646.608836098611,1729.2629685839006,-82.65413248528967,0.6,0.7,-0.09999999999999998,0.4285714285714286,0.3322470018788714,1
LOLTMNT01_234523,2025-04-27 06:05:50+00:00,LCK,2025,Rounds 1-2,0,1,15.08,HANJIN BRION,T1,1492.1402035994956,1733.4511181323346,-241.31091453283898,0.4,0.5,-0.09999999999999998,0.1111111111111111,0.2462029009469504,1
LOLTMNT01_234559,2025-04-27 07:05:30+00:00,LCK,2025,Rounds 1-2,0,2,15.08,T1,HANJIN BRION,1707.8438691883098,1517.6873535651944,190.1565156231154,0.5,0.5,0.0,0.8,0.7537970990530496,1
12014-12014_game_1,2025-04-27 07:48:11+00:00,LPL,2025,Split 2,0,1,15.08,Ninjas in Pyjamas,Anyone's Legend,1522.2183649124242,1701.6291839668988,-179.4108190544746,0.2,0.7,-0.49999999999999994,0.2666666666666667,0.3079094588703688,0
LOLTMNT01_234587,2025-04-27 07:50:45+00:00,LCK,2025,Rounds 1-2,0,3,15.08,HANJIN BRION,T1,1509.6020337983832,1715.8743731236525,-206.2723393252693,0.4,0.5,-0.09999999999999998,0.18181818181818182,0.2462029009469504,1
12014-12014_game_2,2025-04-27 08:50:32+00:00,LPL,2025,Split 2,0,2,15.08,Ninjas in Pyjamas,Anyone's Legend,1513.8159758064203,1710.0537669997343,-196.23779119331402,0.1,0.7,-0.6,0.25,0.3079094588703688,0
LOLTMNT01_235231,2025-04-27 09:10:52+00:00,LCK,2025,Rounds 1-2,0,1,15.08,Dplus Kia,Hanwha Life Esports,1683.701845830747,1861.0629280729395,-177.36108224219242,0.5,0.9,-0.4,0.42105263157894735,0.3880443188634618,1
LOLTMNT01_235270,2025-04-27 10:09:36+00:00,LCK,2025,Rounds 1-2,0,2,15.08,Hanwha Life Esports,Dplus Kia,1837.538357268296,1707.2269363903094,130.31142087798662,0.9,0.6,0.30000000000000004,0.55,0.6119556811365381,1
12015-12015_game_1,2025-04-27 10:14:12+00:00,LPL,2025,Split 2,0,1,15.08,Weibo Gaming,Invictus Gaming,1626.5972047696036,1659.3379490347456,-32.740744265141984,0.5,0.6,-0.09999999999999998,0.75,0.4304983652475381,0
LOLTMNT01_235289,2025-04-27 11:06:05+00:00,LCK,2025,Rounds 1-2,0,3,15.08,Dplus Kia,Hanwha Life Esports,1696.9615072823685,1847.804199353443,-150.84269207107445,0.6,0.9,-0.30000000000000004,0.42857142857142855,0.3880443188634618,0
12015-12015_game_2,2025-04-27 11:10:43+00:00,LPL,2025,Split 2,0,2,15.08,Weibo Gaming,Invictus Gaming,1612.097557433232,1673.8394206911864,-61.74186325795449,0.5,0.7,-0.19999999999999996,0.6923076923076923,0.4304983652475381,1
12015-12015_game_3,2025-04-27 12:03:02+00:00,LPL,2025,Split 2,0,3,15.08,Invictus Gaming,Weibo Gaming,1655.0335436179964,1630.9067187083133,24.126824909683137,0.6,0.5,0.09999999999999998,0.2857142857142857,0.569501634752462,0
LOLTMNT04_106845,2025-04-27 13:19:45+00:00,LEC,2025,Spring,0,1,15.08,G2 Esports,Fnatic,1678.0128489865092,1709.5321869088907,-31.51933792238151,0.6,0.7,-0.09999999999999998,0.7037037037037037,0.4982546595777532,1
12016-12016_game_1,2025-04-27 13:26:03+00:00,LPL,2025,Split 2,0,1,15.08,Top Esports,JD Gaming,1741.8572743787977,1691.8331687838697,50.02410559492796,0.7,0.6,0.09999999999999998,0.6666666666666667,0.5622990578627225,0
LOLTMNT04_108428,2025-04-27 14:15:31+00:00,LEC,2025,Spring,0,2,15.08,Fnatic,G2 Esports,1692.0866273041265,1695.4571222591796,-3.3704949550531182,0.7,0.6,0.09999999999999998,0.2857142857142857,0.5017453404222467,1
12016-12016_game_2,2025-04-27 14:22:20+00:00,LPL,2025,Split 2,0,2,15.08,Top Esports,JD Gaming,1723.5695702615722,1710.1178895541914,13.451680707380774,0.6,0.6,0.0,0.6363636363636364,0.5622990578627225,1
LOLTMNT04_106860,2025-04-27 15:11:18+00:00,LEC,2025,Spring,0,3,15.08,G2 Esports,Fnatic,1679.302132270555,1708.2416374084437,-28.939505137888773,0.5,0.7,-0.19999999999999996,0.6896551724137931,0.4982546595777532,0
12016-12016_game_3,2025-04-27 15:28:27+00:00,LPL,2025,Split 2,0,3,15.08,JD Gaming,Top Esports,1694.736291032638,1738.9504550057331,-44.21416397309508,0.6,0.7,-0.09999999999999998,0.34782608695652173,0.4377009421372775,0
LOLTMNT04_106881,2025-04-27 16:42:44+00:00,LEC,2025,Spring,0,1,15.08,Movistar KOI,GiantX,1666.3444764534343,1569.0199853564222,97.32449109701201,0.6,0.5,0.09999999999999998,1.0,0.6677529981211286,1
LOLTMNT04_108453,2025-04-27 17:49:02+00:00,LEC,2025,Spring,0,2,15.08,GiantX,Movistar KOI,1557.3658899075701,1677.9766920964216,-120.6108021888515,0.4,0.7,-0.29999999999999993,0.0,0.3322470018788713,1
LOLTMNT04_106898,2025-04-27 18:40:48+00:00,LEC,2025,Spring,0,3,15.08,Movistar KOI,GiantX,1656.63577326993,1578.683597386614,77.95217588331593,0.6,0.4,0.19999999999999996,0.8,0.6677529981211286,1
12017-12017_game_1,2025-04-28 09:19:34+00:00,LPL,2025,Split 2,0,1,15.08,LNG Esports,Royal Never Give Up,1454.7251240645742,1378.6179971980278,76.10712686654642,0.5,0.3,0.2,1.0,0.6369003263436385,1
12017-12017_game_2,2025-04-28 10:10:45+00:00,LPL,2025,Split 2,0,2,15.08,Royal Never Give Up,LNG Esports,1366.0431579955014,1467.3103611418326,-101.26720314633121,0.2,0.6,-0.39999999999999997,0.0,0.3630996736563615,0
12018-12018_game_1,2025-04-28 11:27:05+00:00,LPL,2025,Split 2,0,1,15.08,Bilibili Gaming,FunPlus Phoenix,1724.0200223552172,1572.770063487863,151.24995886735428,0.5,0.7,-0.19999999999999996,1.0,0.7034718637332567,0
12018-12018_game_2,2025-04-28 12:19:17+00:00,LPL,2025,Split 2,0,2,15.08,Bilibili Gaming,FunPlus Phoenix,1701.4701245186036,1595.3165193792822,106.15360513932137,0.5,0.7,-0.19999999999999996,0.8,0.7034718637332567,1
12018-12018_game_3,2025-04-28 13:07:22+00:00,LPL,2025,Split 2,0,3,15.08,FunPlus Phoenix,Bilibili Gaming,1584.0511083035988,1712.7327948153797,-128.68168651178098,0.6,0.6,0.0,0.16666666666666663,0.2965281362667433,1
LOLTMNT04_108493,2025-04-28 15:08:13+00:00,LEC,2025,Spring,0,1,15.08,SK Gaming,Team Heretics,1610.078388123278,1589.6827339294853,20.39565419379278,0.4,0.5,-0.09999999999999998,0.5,0.4068593162037404,0
LOLTMNT04_106945,2025-04-28 16:10:12+00:00,LEC,2025,Spring,0,2,15.08,Team Heretics,SK Gaming,1606.606319329497,1593.1564617833324,13.449857546164594,0.6,0.3,0.3,0.5384615384615384,0.5931406837962596,1
LOLTMNT04_108498,2025-04-28 17:09:03+00:00,LEC,2025,Spring,0,1,15.08,Team Vitality,Team BDS,1560.3024932259289,1611.8392016770945,-51.53670845116562,0.4,0.5,-0.09999999999999998,0.33333333333333337,,1
LOLTMNT04_106968,2025-04-28 18:06:44+00:00,LEC,2025,Spring,0,2,15.08,Team Vitality,Team BDS,1578.5874526614346,1593.4999725110897,-14.912519849655155,0.4,0.5,-0.09999999999999998,0.3846153846153846,,0
LOLTMNT04_106978,2025-04-28 19:02:43+00:00,LEC,2025,Spring,0,3,15.08,Team Vitality,Team BDS,1563.2620029441853,1608.818481320954,-45.55647837676884,0.3,0.5,-0.2,0.3571428571428571,,1
12019-12019_game_1,2025-04-29 09:25:19+00:00,LPL,2025,Split 2,0,1,15.08,LGD Gaming,EDward Gaming,1510.999741905276,1454.5294380733753,56.470303831900765,0.6,0.5,0.09999999999999998,1.0,0.4827217890961945,0
12019-12019_game_2,2025-04-29 10:54:28+00:00,LPL,2025,Split 2,0,2,15.08,LGD Gaming,EDward Gaming,1492.4391554933832,1473.1041750734003,19.334980419982912,0.6,0.6,0.0,0.6666666666666667,0.4827217890961945,1
12019-12019_game_3,2025-04-29 11:44:43+00:00,LPL,2025,Split 2,0,3,15.08,EDward Gaming,LGD Gaming,1457.9926081110582,1507.5547260354372,-49.56211792437898,0.6,0.7,-0.09999999999999998,0.25,0.5172782109038054,1
12021-12021_game_1,2025-04-29 13:04:27+00:00,LPL,2025,Split 2,0,1,15.08,Weibo Gaming,Bilibili Gaming,1648.014124081867,1691.068550612888,-43.05442653102091,0.6,0.5,0.09999999999999998,0.15000000000000002,0.4077506166361413,1
12021-12021_game_2,2025-04-29 13:59:55+00:00,LPL,2025,Split 2,0,2,15.08,Bilibili Gaming,Weibo Gaming,1673.0975035530137,1665.9839693469487,7.113534206064969,0.5,0.6,-0.09999999999999998,0.8095238095238095,0.5922493833638587,1
12021-12021_game_3,2025-04-29 15:00:32+00:00,LPL,2025,Split 2,0,3,15.08,Weibo Gaming,Bilibili Gaming,1650.3108848231313,1688.7700391108508,-38.45915428771946,0.5,0.5,0.0,0.18181818181818177,0.4077506166361413,1
LOLTMNT01_237491,2025-04-30 08:06:00+00:00,LCK,2025,Rounds 1-2,0,1,15.08,Nongshim RedForce,Dplus Kia,1629.6167497835884,1687.502107722224,-57.88535793863571,0.6,0.5,0.09999999999999998,0.1428571428571429,0.3388664316017228,0
LOLTMNT01_237499,2025-04-30 09:05:59+00:00,LCK,2025,Rounds 1-2,0,2,15.08,Nongshim RedForce,Dplus Kia,1616.0906977017662,1700.8608146230235,-84.77011692125734,0.5,0.5,0.0,0.1333333333333333,0.3388664316017228,1
12022-12022_game_1,2025-04-30 09:22:15+00:00,LPL,2025,Split 2,0,1,15.08,JD Gaming,ThunderTalk Gaming,1680.7591577969001,1528.9356486969396,151.82350909996057,0.6,0.3,0.3,0.7857142857142857,0.7101068596327964,1
LOLTMNT01_238025,2025-04-30 10:01:26+00:00,LCK,2025,Rounds 1-2,0,3,15.08,Dplus Kia,Nongshim RedForce,1681.032711080894,1635.7304373206948,45.302273760199114,0.5,0.6,-0.09999999999999998,0.8125,0.6611335683982772,0
12022-12022_game_2,2025-04-30 10:15:15+00:00,LPL,2025,Split 2,0,2,15.08,ThunderTalk Gaming,JD Gaming,1519.4815034215903,1690.186910398436,-170.70540697684578,0.3,0.6,-0.3,0.19999999999999996,0.2898931403672036,0
LOLTMNT01_237541,2025-04-30 11:18:31+00:00,LCK,2025,Rounds 1-2,0,1,15.08,BNK FEARX,Hanwha Life Esports,1533.010114965323,1857.2640132467172,-324.2538982813942,0.4,0.9,-0.5,0.1111111111111111,0.1935837167251228,0
12023-12023_game_1,2025-04-30 11:33:38+00:00,LPL,2025,Split 2,0,1,15.08,Weibo Gaming,Invictus Gaming,1668.072706810531,1637.9272183187154,30.145488491815513,0.6,0.5,0.09999999999999998,0.7333333333333334,0.4777633395456349,1
LOLTMNT01_238088,2025-04-30 12:15:07+00:00,LCK,2025,Rounds 1-2,0,2,15.08,BNK FEARX,Hanwha Life Esports,1528.713205516283,1861.5505672033876,-332.8373616871045,0.4,0.9,-0.5,0.1,0.1935837167251228,0
12023-12023_game_2,2025-04-30 12:29:30+00:00,LPL,2025,Split 2,0,2,15.08,Invictus Gaming,Weibo Gaming,1623.3088140873647,1682.6891132977682,-59.380299210403564,0.5,0.6,-0.09999999999999998,0.25,0.5222366604543651,1
12023-12023_game_3,2025-04-30 13:21:53+00:00,LPL,2025,Split 2,0,3,15.08,Weibo Gaming,Invictus Gaming,1663.983098567864,1642.0114334392706,21.971665128593486,0.6,0.6,0.0,0.7058823529411764,0.4777633395456349,1
LOLTMNT01_238405,2025-05-01 08:05:45+00:00,LCK,2025,Rounds 1-2,0,1,15.08,Gen.G,KT Rolster,1831.9918475785405,1561.8716700929915,270.120177485549,0.9,0.6,0.30000000000000004,0.5555555555555556,0.8299421292590129,1
LOLTMNT01_237861,2025-05-01 08:56:50+00:00,LCK,2025,Rounds 1-2,0,2,15.08,KT Rolster,Gen.G,1556.1875261933633,1837.5904813687605,-281.4029551753972,0.5,0.9,-0.4,0.4,0.1700578707409871,0
12024-12024_game_1,2025-05-01 09:22:44+00:00,LPL,2025,Split 2,0,1,15.08,Top Esports,FunPlus Phoenix,1752.925388035316,1605.7125925764362,147.21279545887978,0.7,0.6,0.09999999999999998,0.7777777777777778,0.6866926891964078,1
LOLTMNT01_238430,2025-05-01 10:16:03+00:00,LCK,2025,Rounds 1-2,0,1,15.08,HANJIN BRION,DRX,1534.0644783335924,1498.6491890817128,35.415289251879585,0.4,0.1,0.30000000000000004,0.33333333333333337,0.559596900950342,0
12024-12024_game_2,2025-05-01 10:23:57+00:00,LPL,2025,Split 2,0,2,15.08,FunPlus Phoenix,Top Esports,1596.10584815011,1762.5249085404216,-166.41906039031164,0.6,0.7,-0.09999999999999998,0.2,0.3133073108035922,0
LOLTMNT01_237894,2025-05-01 11:04:25+00:00,LCK,2025,Rounds 1-2,0,2,15.08,HANJIN BRION,DRX,1516.4542904711625,1516.2436034725206,0.2106869986419042,0.4,0.2,0.2,0.3125,0.559596900950342,1
12025-12025_game_1,2025-05-01 11:40:41+00:00,LPL,2025,Split 2,0,1,15.08,Invictus Gaming,Anyone's Legend,1627.0199947406213,1720.6543929761542,-93.6343982355329,0.5,0.7,-0.19999999999999996,0.25,0.4077506166361412,0
LOLTMNT01_237909,2025-05-01 11:55:26+00:00,LCK,2025,Rounds 1-2,0,3,15.08,DRX,HANJIN BRION,1500.2784671864738,1532.4453602251692,-32.166893038695434,0.2,0.4,-0.2,0.6470588235294118,0.440403099049658,1
12025-12025_game_2,2025-05-01 12:33:30+00:00,LPL,2025,Split 2,0,2,15.08,Invictus Gaming,Anyone's Legend,1615.2235626415304,1732.4507274001633,-117.22716475863285,0.5,0.7,-0.19999999999999996,0.2222222222222222,0.4077506166361412,0
LOLTMNT01_238751,2025-05-02 08:05:32+00:00,LCK,2025,Rounds 1-2,0,1,15.08,T1,DN SOOPers,1691.3597908713728,1409.935585990414,281.42420488095877,0.5,0.1,0.4,0.8,0.8046787585947359,1
LOLTMNT01_238758,2025-05-02 08:59:08+00:00,LCK,2025,Rounds 1-2,0,2,15.08,DN SOOPers,T1,1404.5156910694902,1696.6519129006338,-292.13622183114353,0.1,0.5,-0.4,0.18181818181818182,0.195321241405264,0
12026-12026_game_1,2025-05-02 09:20:14+00:00,LPL,2025,Split 2,0,1,15.08,Royal Never Give Up,Oh My God,1354.5503952280608,1424.1230473901028,-69.572652162042,0.2,0.2,0.0,0.5,0.531454828805833,1
LOLTMNT01_239267,2025-05-02 10:12:25+00:00,LCK,2025,Rounds 1-2,0,1,15.08,Hanwha Life Esports,Nongshim RedForce,1865.656975290331,1653.6826967434488,211.97427854688226,0.9,0.6,0.30000000000000004,0.9333333333333333,0.758886086338986,1
12026-12026_game_2,2025-05-02 10:14:41+00:00,LPL,2025,Split 2,0,2,15.08,Oh My God,Royal Never Give Up,1405.0163255278542,1373.6930182140036,31.32330731385059,0.2,0.2,0.0,0.4,0.468545171194167,1
LOLTMNT01_239278,2025-05-02 11:01:02+00:00,LCK,2025,Rounds 1-2,0,2,15.08,Nongshim RedForce,Hanwha Life Esports,1646.171831580727,1872.9501573932935,-226.77832581256644,0.6,0.9,-0.30000000000000004,0.0625,0.2411139136610139,0
12026-12026_game_3,2025-05-02 11:03:46+00:00,LPL,2025,Split 2,0,3,15.08,Royal Never Give Up,Oh My God,1359.1232709222033,1419.6043801699939,-60.48110924779053,0.2,0.2,0.0,0.5,0.531454828805833,1
12027-12027_game_1,2025-05-02 12:10:07+00:00,LPL,2025,Split 2,0,1,15.08,Bilibili Gaming,Weibo Gaming,1644.6394477186452,1678.9733052304787,-34.33385751183346,0.4,0.6,-0.19999999999999996,0.782608695652174,0.5504222583440261,0
12027-12027_game_2,2025-05-02 13:00:20+00:00,LPL,2025,Split 2,0,2,15.08,Bilibili Gaming,Weibo Gaming,1630.127497244414,1693.3983530867322,-63.27085584231827,0.4,0.7,-0.29999999999999993,0.75,0.5504222583440261,1
12027-12027_game_3,2025-05-02 13:48:56+00:00,LPL,2025,Split 2,0,3,15.08,Weibo Gaming,Bilibili Gaming,1674.5182208976926,1648.8995061050744,25.61871479261822,0.7,0.5,0.19999999999999996,0.24,0.4495777416559738,0
LOLTMNT01_239481,2025-05-03 06:07:27+00:00,LCK,2025,Rounds 1-2,0,1,15.08,Gen.G,Dplus Kia,1842.8949516799737,1662.9582287533642,179.9367229266095,1.0,0.4,0.6,0.7241379310344828,0.7367379191460782,1
LOLTMNT01_239496,2025-05-03 07:14:56+00:00,LCK,2025,Rounds 1-2,0,2,15.08,Gen.G,Dplus Kia,1851.2940344784238,1654.5754082228043,196.71862625561948,1.0,0.3,0.7,0.7333333333333334,0.7367379191460782,1
12028-12028_game_1,2025-05-03 07:20:04+00:00,LPL,2025,Split 2,0,1,15.09,Ninjas in Pyjamas,Team WE,1488.607161706142,1552.172566923962,-63.565405217819944,0.1,0.6,-0.5,0.7,,0
12028-12028_game_2,2025-05-03 08:13:07+00:00,LPL,2025,Split 2,0,2,15.09,Ninjas in Pyjamas,Team WE,1475.4723304737454,1565.278755612763,-89.80642513901762,0.1,0.7,-0.6,0.6363636363636364,,0
LOLTMNT01_239535,2025-05-03 08:29:23+00:00,LCK,2025,Rounds 1-2,0,1,15.08,DRX,BNK FEARX,1517.7322021656735,1524.5970982031583,-6.864896037484868,0.3,0.4,-0.10000000000000003,0.3571428571428571,0.4087923445806557,1
LOLTMNT01_240045,2025-05-03 09:27:45+00:00,LCK,2025,Rounds 1-2,0,2,15.08,BNK FEARX,DRX,1508.2820490715744,1534.0588979246827,-25.776848853108277,0.4,0.3,0.10000000000000003,0.6,0.5912076554193443,0
12029-12029_game_1,2025-05-03 09:35:38+00:00,LPL,2025,Split 2,0,1,15.09,Bilibili Gaming,FunPlus Phoenix,1666.0147124185946,1587.2253935096874,78.78931890890726,0.5,0.5,0.0,0.7142857142857143,0.6849855175011071,1
12029-12029_game_2,2025-05-03 10:29:40+00:00,LPL,2025,Split 2,0,2,15.09,FunPlus Phoenix,Bilibili Gaming,1574.7886157157498,1678.5023504642074,-103.71373474845768,0.4,0.5,-0.09999999999999998,0.25,0.3150144824988928,1
12029-12029_game_3,2025-05-03 11:29:00+00:00,LPL,2025,Split 2,0,3,15.09,Bilibili Gaming,FunPlus Phoenix,1657.9362475751052,1595.4230504228549,62.513197152250314,0.5,0.4,0.09999999999999998,0.6666666666666666,0.6849855175011071,1
12030-12030_game_1,2025-05-03 13:07:29+00:00,LPL,2025,Split 2,0,1,15.09,Invictus Gaming,Top Esports,1604.4184934717819,1771.3982940238257,-166.9798005520438,0.4,0.8,-0.4,0.4,0.3981916848412337,1
12030-12030_game_2,2025-05-03 14:05:07+00:00,LPL,2025,Split 2,0,2,15.09,Top Esports,Invictus Gaming,1748.2509687634254,1627.5575066361148,120.69346212731057,0.7,0.4,0.29999999999999993,0.5454545454545454,0.6018083151587663,1
LOLTMNT05_130051,2025-05-03 15:09:16+00:00,LEC,2025,Spring,0,1,15.09,Fnatic,Team BDS,1722.9135159234888,1590.744965821265,132.1685501022239,0.7,0.4,0.29999999999999993,0.6,,1
12030-12030_game_3,2025-05-03 15:09:57+00:00,LPL,2025,Split 2,0,3,15.09,Invictus Gaming,Top Esports,1616.895709118998,1758.9063794399924,-142.01067032099445,0.3,0.7,-0.39999999999999997,0.4166666666666667,0.3981916848412337,0
LOLTMNT05_130052,2025-05-03 16:14:25+00:00,LEC,2025,Spring,0,2,15.09,Fnatic,Team BDS,1733.10977508871,1580.5267443308505,152.58303075785943,0.7,0.4,0.29999999999999993,0.625,,1
LOLTMNT05_130053,2025-05-03 17:11:00+00:00,LEC,2025,Spring,0,1,15.09,Karmine Corp,Rogue,1746.474391397518,1445.1880508770269,301.2863405204912,0.6,0.3,0.3,0.5,0.7746558617250666,1
LOLTMNT05_130060,2025-05-03 18:03:58+00:00,LEC,2025,Spring,0,2,15.09,Karmine Corp,Rogue,1751.2781047447818,1440.3348520778795,310.94325266690225,0.7,0.2,0.49999999999999994,0.6,0.7746558617250666,1
LOLTMNT01_240296,2025-05-04 06:06:00+00:00,LCK,2025,Rounds 1-2,0,1,15.08,KT Rolster,T1,1550.8031942835487,1701.6771220330381,-150.87392774948944,0.4,0.5,-0.09999999999999998,0.32,0.2742417747173686,0
LOLTMNT01_240300,2025-05-04 06:59:50+00:00,LCK,2025,Rounds 1-2,0,2,15.08,KT Rolster,T1,1541.2652979958955,1711.1400222008701,-169.87472420497465,0.4,0.6,-0.19999999999999996,0.3076923076923077,0.2742417747173686,0
LOLTMNT01_239787,2025-05-04 08:20:59+00:00,LCK,2025,Rounds 1-2,0,1,15.08,DN SOOPers,HANJIN BRION,1429.725147176837,1521.9242338488962,-92.19908667205914,0.1,0.3,-0.19999999999999998,0.375,0.3764067707129649,0
LOLTMNT01_240332,2025-05-04 09:15:31+00:00,LCK,2025,Rounds 1-2,0,2,15.08,DN SOOPers,HANJIN BRION,1417.7274073822489,1533.8271394049577,-116.09973202270885,0.1,0.4,-0.30000000000000004,0.35294117647058826,0.3764067707129649,1
12031-12031_game_1,2025-05-04 09:19:31+00:00,LPL,2025,Split 2,0,1,15.09,Oh My God,Ultra Prime,1400.887881699528,1459.8026591067023,-58.91477740717437,0.2,0.4,-0.2,0.7,0.4023532662131972,0
LOLTMNT01_240336,2025-05-04 10:11:37+00:00,LCK,2025,Rounds 1-2,0,3,15.08,HANJIN BRION,DN SOOPers,1512.7267908506365,1438.7161206013923,74.01067024924419,0.4,0.2,0.2,0.6111111111111112,0.623593229287035,1
12031-12031_game_2,2025-05-04 10:12:28+00:00,LPL,2025,Split 2,0,2,15.09,Oh My God,Ultra Prime,1387.5460709937843,1473.1263700698719,-85.58029907608761,0.1,0.5,-0.4,0.6363636363636364,0.4023532662131972,1
12031-12031_game_3,2025-05-04 11:06:37+00:00,LPL,2025,Split 2,0,3,15.09,Ultra Prime,Oh My God,1453.2775781258185,1407.370265728843,45.90731239697561,0.5,0.2,0.3,0.33333333333333337,0.5976467337868028,0
12032-12032_game_1,2025-05-04 12:26:20+00:00,LPL,2025,Split 2,0,1,15.09,Anyone's Legend,Top Esports,1745.6262849094212,1768.7082167920576,-23.081931882636354,0.7,0.7,0.0,0.35,0.4638771529854549,1
12032-12032_game_2,2025-05-04 13:30:46+00:00,LPL,2025,Split 2,0,2,15.09,Top Esports,Anyone's Legend,1751.6468638465326,1762.6868379959985,-11.039974149465934,0.7,0.7,0.0,0.6190476190476191,0.5361228470145452,0
LOLTMNT05_130075,2025-05-04 15:08:14+00:00,LEC,2025,Spring,0,1,15.09,GiantX,Team BDS,1566.1984189576292,1571.1066695393881,-4.908250581758921,0.4,0.3,0.10000000000000003,0.2857142857142857,,1
LOLTMNT05_130076,2025-05-04 16:13:46+00:00,LEC,2025,Spring,0,2,15.09,GiantX,Team BDS,1582.4224280191756,1554.881909225501,27.540518793674664,0.5,0.3,0.2,0.375,,1
LOLTMNT05_131093,2025-05-04 17:09:16+00:00,LEC,2025,Spring,0,1,15.09,G2 Esports,Team Vitality,1664.6292717527565,1581.29553415442,83.33373759833648,0.4,0.4,0.0,0.5,0.6985282483236602,1
LOLTMNT05_130088,2025-05-04 17:56:46+00:00,LEC,2025,Spring,0,2,15.09,G2 Esports,Team Vitality,1676.8694452115778,1568.9706002330602,107.89884497851767,0.4,0.4,0.0,0.6,0.6985282483236602,1
12033-12033_game_1,2025-05-05 09:23:12+00:00,LPL,2025,Split 2,0,1,15.09,FunPlus Phoenix,Team WE,1582.2683146450665,1577.2342827160514,5.0340319290151,0.4,0.8,-0.4,0.3333333333333333,0.5,0
12033-12033_game_2,2025-05-05 10:13:57+00:00,LPL,2025,Split 2,0,2,15.09,FunPlus Phoenix,Team WE,1566.0365871535491,1593.46599229281,-27.42940513926078,0.3,0.8,-0.5,0.2857142857142857,0.5,0
12034-12034_game_1,2025-05-05 11:29:46+00:00,LPL,2025,Split 2,0,1,15.09,Bilibili Gaming,ThunderTalk Gaming,1671.1222249584062,1510.7338427730097,160.3883821853965,0.5,0.3,0.2,0.6923076923076923,0.7686513660568882,1
12034-12034_game_2,2025-05-05 12:35:50+00:00,LPL,2025,Split 2,0,2,15.09,ThunderTalk Gaming,Bilibili Gaming,1501.60778991955,1680.313693460917,-178.70590354136698,0.3,0.6,-0.3,0.2857142857142857,0.2313486339431117,0
LOLTMNT05_131176,2025-05-05 15:07:50+00:00,LEC,2025,Spring,0,1,15.09,Fnatic,Team Heretics,1742.5077934006306,1621.9956198225545,120.51217357807604,0.7,0.7,0.0,0.6666666666666666,0.7136701237087999,1
LOLTMNT05_131180,2025-05-05 15:57:04+00:00,LEC,2025,Spring,0,2,15.09,Team Heretics,Fnatic,1611.2722823195836,1753.174609157674,-141.9023268380904,0.6,0.7,-0.09999999999999998,0.30000000000000004,0.2863298762912,0
LOLTMNT05_131182,2025-05-05 16:44:05+00:00,LEC,2025,Spring,0,1,15.09,Movistar KOI,SK Gaming,1669.1053459540751,1577.7531173892464,91.35222856482869,0.6,0.3,0.3,,0.7218896552140898,1
LOLTMNT05_130177,2025-05-05 17:33:32+00:00,LEC,2025,Spring,0,2,15.09,SK Gaming,Movistar KOI,1565.775501795823,1680.9931321007912,-115.21763030496822,0.3,0.6,-0.3,0.0,0.2781103447859102,0
12035-12035_game_1,2025-05-06 09:18:06+00:00,LPL,2025,Split 2,0,1,15.09,Team WE,JD Gaming,1608.2058603202217,1698.9084350536273,-90.70257473340553,0.8,0.7,0.10000000000000009,0.19999999999999996,0.3256866139690129,0
12035-12035_game_2,2025-05-06 10:25:00+00:00,LPL,2025,Split 2,0,2,15.09,Team WE,JD Gaming,1596.2892883713953,1710.8274199293887,-114.53813155799344,0.7,0.7,0.0,0.16666666666666663,0.3256866139690129,1
12035-12035_game_3,2025-05-06 11:24:30+00:00,LPL,2025,Split 2,0,3,15.09,JD Gaming,Team WE,1689.7398335987207,1617.3795170463486,72.36031655237207,0.6,0.8,-0.20000000000000007,0.7142857142857143,0.6743133860309871,1
12036-12036_game_1,2025-05-06 12:52:03+00:00,LPL,2025,Split 2,0,1,15.09,ThunderTalk Gaming,Invictus Gaming,1493.1530633159368,1607.0873464421998,-113.93428312626293,0.2,0.2,0.0,0.5,,0
12036-12036_game_2,2025-05-06 13:48:37+00:00,LPL,2025,Split 2,0,2,15.09,ThunderTalk Gaming,Invictus Gaming,1482.2001984166923,1618.026261506584,-135.8260630898917,0.1,0.3,-0.19999999999999998,0.4444444444444444,,1
12036-12036_game_3,2025-05-06 14:50:47+00:00,LPL,2025,Split 2,0,3,15.09,Invictus Gaming,ThunderTalk Gaming,1596.077191091381,1504.1344836267342,91.9427074646469,0.3,0.2,0.09999999999999998,0.5,,1
LOLTMNT02_257604,2025-05-07 08:03:23+00:00,LCK,2025,Rounds 1-2,0,1,15.09,BNK FEARX,HANJIN BRION,1493.4654369313973,1525.406144735355,-31.940707803957594,0.3,0.5,-0.2,0.8333333333333334,0.5256638708062388,1
LOLTMNT02_258642,2025-05-07 08:53:24+00:00,LCK,2025,Rounds 1-2,0,2,15.09,HANJIN BRION,BNK FEARX,1507.9565308862889,1510.9304280192478,-2.973897132958882,0.5,0.3,0.2,0.15384615384615385,0.4743361291937612,1
12037-12037_game_1,2025-05-07 09:25:02+00:00,LPL,2025,Split 2,0,1,15.09,Ninjas in Pyjamas,Weibo Gaming,1463.4839226003912,1657.341209455732,-193.85728685534082,0.1,0.6,-0.5,0.375,0.3263518223330696,1
LOLTMNT02_258663,2025-05-07 09:44:51+00:00,LCK,2025,Rounds 1-2,0,3,15.09,BNK FEARX,HANJIN BRION,1494.793981529059,1524.0950167919375,-29.301035262878486,0.3,0.5,-0.2,0.7857142857142857,0.5256638708062388,1
12037-12037_game_2,2025-05-07 10:26:21+00:00,LPL,2025,Split 2,0,2,15.09,Weibo Gaming,Ninjas in Pyjamas,1633.2411400104647,1487.5421463739526,145.6989936365121,0.5,0.2,0.3,0.5882352941176471,0.6736481776669303,0
LOLTMNT02_258702,2025-05-07 11:02:40+00:00,LCK,2025,Rounds 1-2,0,1,15.09,Dplus Kia,KT Rolster,1646.776384105032,1536.8290321265636,109.94735197846853,0.3,0.4,-0.10000000000000003,0.6666666666666666,0.6873375745328222,0
12038-12038_game_1,2025-05-07 11:42:49+00:00,LPL,2025,Split 2,0,1,15.09,Bilibili Gaming,Anyone's Legend,1688.8338644855462,1778.178833779481,-89.34496929393481,0.7,0.7,0.0,0.625,0.458016666888276,1
LOLTMNT02_258765,2025-05-07 12:07:43+00:00,LCK,2025,Rounds 1-2,0,2,15.09,Dplus Kia,KT Rolster,1625.8756683676143,1557.656275421416,68.21939294619824,0.2,0.4,-0.2,0.631578947368421,0.6873375745328222,0
12038-12038_game_2,2025-05-07 12:41:30+00:00,LPL,2025,Split 2,0,2,15.09,Anyone's Legend,Bilibili Gaming,1758.1548467653495,1708.7902756188232,49.36457114652626,0.7,0.7,0.0,0.3333333333333333,0.541983333111724,0
LOLTMNT02_260233,2025-05-08 08:06:11+00:00,LCK,2025,Rounds 1-2,0,1,15.09,T1,DRX,1719.8906955805978,1548.9210067904091,170.96968879018868,0.7,0.4,0.29999999999999993,1.0,0.7867602918695231,1
LOLTMNT02_259265,2025-05-08 09:02:20+00:00,LCK,2025,Rounds 1-2,0,2,15.09,DRX,T1,1540.0822637628994,1728.6010462120328,-188.51878244913337,0.4,0.7,-0.29999999999999993,0.0,0.2132397081304768,0
12039-12039_game_1,2025-05-08 09:24:49+00:00,LPL,2025,Split 2,0,1,15.09,FunPlus Phoenix,ThunderTalk Gaming,1551.2959816104653,1492.2587912562024,59.037190354262975,0.3,0.2,0.09999999999999998,0.625,0.5870027540509528,1
LOLTMNT02_260299,2025-05-08 10:16:11+00:00,LCK,2025,Rounds 1-2,0,1,15.09,Nongshim RedForce,Gen.G,1639.1428084673469,1859.1086052081014,-219.9657967407545,0.6,1.0,-0.4,0.125,0.2251970713826343,0
12039-12039_game_2,2025-05-08 10:17:34+00:00,LPL,2025,Split 2,0,2,15.09,ThunderTalk Gaming,FunPlus Phoenix,1478.9436471859121,1564.6049919446887,-85.66134475877652,0.2,0.3,-0.09999999999999998,0.3529411764705882,0.4129972459490471,0
LOLTMNT02_259331,2025-05-08 11:06:28+00:00,LCK,2025,Rounds 1-2,0,2,15.09,Nongshim RedForce,Gen.G,1631.9107524297103,1866.1603720176456,-234.24961958793529,0.6,1.0,-0.4,0.11764705882352944,0.2251970713826343,0
12040-12040_game_1,2025-05-08 11:30:56+00:00,LPL,2025,Split 2,0,1,15.09,Top Esports,Ninjas in Pyjamas,1736.1550791694688,1509.845491757223,226.30958741224572,0.6,0.3,0.3,0.8461538461538461,0.7012626326311711,1
12040-12040_game_2,2025-05-08 12:22:58+00:00,LPL,2025,Split 2,0,2,15.09,Ninjas in Pyjamas,Top Esports,1502.9673797182634,1742.9938409562194,-240.02646123795603,0.2,0.7,-0.49999999999999994,0.14285714285714285,0.2987373673688289,1
12040-12040_game_3,2025-05-08 13:29:06+00:00,LPL,2025,Split 2,0,3,15.09,Top Esports,Ninjas in Pyjamas,1717.4176047140086,1528.5067610797996,188.91084363420896,0.6,0.3,0.3,0.8,0.7012626326311711,1
LOLTMNT02_259995,2025-05-09 08:06:29+00:00,LCK,2025,Rounds 1-2,0,1,15.09,DN SOOPers,KT Rolster,1404.2352019097336,1576.717184144293,-172.48198223455938,0.2,0.4,-0.2,0.4666666666666667,0.3126624254671777,0
LOLTMNT02_261033,2025-05-09 08:56:03+00:00,LCK,2025,Rounds 1-2,0,2,15.09,DN SOOPers,KT Rolster,1395.515323377624,1585.4610800846065,-189.94575670698237,0.2,0.4,-0.2,0.4375,0.3126624254671777,0
12041-12041_game_1,2025-05-09 09:20:41+00:00,LPL,2025,Split 2,0,1,15.09,FunPlus Phoenix,Anyone's Legend,1576.7406415126502,1732.8771002259953,-156.13645871334506,0.4,0.6,-0.19999999999999996,0.18181818181818177,0.2666705807898009,1
LOLTMNT02_260974,2025-05-09 10:06:12+00:00,LCK,2025,Rounds 1-2,0,1,15.09,HANJIN BRION,Hanwha Life Esports,1506.761974493668,1879.7746191463953,-373.0126446527272,0.5,0.9,-0.4,0.15384615384615385,0.173987299366007,0
12041-12041_game_2,2025-05-09 10:27:53+00:00,LPL,2025,Split 2,0,2,15.09,Anyone's Legend,FunPlus Phoenix,1710.1549282605527,1599.4795359845543,110.67539227599832,0.6,0.4,0.19999999999999996,0.75,0.7333294192101991,1
LOLTMNT02_260988,2025-05-09 10:58:34+00:00,LCK,2025,Rounds 1-2,0,2,15.09,HANJIN BRION,Hanwha Life Esports,1503.3791536652693,1883.121816581078,-379.74266291580875,0.4,0.9,-0.5,0.14285714285714285,0.173987299366007,0
12041-12041_game_3,2025-05-09 11:17:09+00:00,LPL,2025,Split 2,0,3,15.09,FunPlus Phoenix,Anyone's Legend,1588.4079786416064,1721.2383529344188,-132.8303742928124,0.4,0.7,-0.29999999999999993,0.23076923076923073,0.2666705807898009,1
12042-12042_game_1,2025-05-09 12:57:28+00:00,LPL,2025,Split 2,0,1,15.09,Invictus Gaming,Team WE,1607.9431418717609,1604.6636366142507,3.279505257510209,0.4,0.7,-0.29999999999999993,0.7142857142857143,,0
12042-12042_game_2,2025-05-09 13:56:12+00:00,LPL,2025,Split 2,0,2,15.09,Invictus Gaming,Team WE,1591.7922795071486,1620.8146162271066,-29.022336719958048,0.3,0.7,-0.39999999999999997,0.625,,1
12042-12042_game_3,2025-05-09 14:51:43+00:00,LPL,2025,Split 2,0,3,15.09,Team WE,Invictus Gaming,1603.4814736212982,1609.1246077929545,-5.643134171656357,0.7,0.4,0.29999999999999993,0.33333333333333337,,0
LOLTMNT02_262700,2025-05-10 06:05:23+00:00,LCK,2025,Rounds 1-2,0,1,15.09,Dplus Kia,T1,1606.7738325036312,1736.6859358282709,-129.9121033246397,0.2,0.8,-0.6000000000000001,0.32142857142857145,0.4023934654282814,0
LOLTMNT02_261703,2025-05-10 06:57:01+00:00,LCK,2025,Rounds 1-2,0,2,15.09,Dplus Kia,T1,1596.4924088569333,1746.9705945144492,-150.47818565751595,0.1,0.8,-0.7000000000000001,0.3103448275862069,0.4023934654282814,0
12043-12043_game_1,2025-05-10 07:27:09+00:00,LPL,2025,Split 2,0,1,15.09,EDward Gaming,Royal Never Give Up,1476.2573478353788,1377.8666547245557,98.39069311082312,0.6,0.3,0.3,0.5,0.6369003263436384,1
LOLTMNT02_262780,2025-05-10 08:12:35+00:00,LCK,2025,Rounds 1-2,0,1,15.09,Gen.G,BNK FEARX,1872.770270083308,1512.1387791476623,360.63149093564584,1.0,0.4,0.6,0.9230769230769231,0.8086402792027165,1
12043-12043_game_2,2025-05-10 08:15:07+00:00,LPL,2025,Split 2,0,2,15.09,Royal Never Give Up,EDward Gaming,1366.2608605239557,1487.8474254385794,-121.58656491462375,0.2,0.7,-0.49999999999999994,0.4285714285714286,0.3630996736563616,1
12043-12043_game_3,2025-05-10 09:05:45+00:00,LPL,2025,Split 2,0,3,15.09,EDward Gaming,Royal Never Give Up,1466.4701264453204,1387.6213302398373,78.84879620548304,0.6,0.3,0.3,0.5,0.6369003263436384,1
LOLTMNT02_262815,2025-05-10 09:10:05+00:00,LCK,2025,Rounds 1-2,0,2,15.09,BNK FEARX,Gen.G,1508.5666074989438,1876.3473857816698,-367.78077828272603,0.4,1.0,-0.6,0.07142857142857142,0.1913597207972834,0
12044-12044_game_1,2025-05-10 10:25:22+00:00,LPL,2025,Split 2,0,1,15.09,Anyone's Legend,Weibo Gaming,1692.9937364362936,1610.9017341114281,82.09200232486546,0.6,0.4,0.19999999999999996,0.5454545454545454,0.6079940028806023,1
12044-12044_game_2,2025-05-10 11:20:38+00:00,LPL,2025,Split 2,0,2,15.09,Weibo Gaming,Anyone's Legend,1598.6116339839427,1705.306125935877,-106.6944919519342,0.4,0.6,-0.19999999999999996,0.41666666666666663,0.3920059971193976,0
12045-12045_game_1,2025-05-10 12:36:02+00:00,LPL,2025,Split 2,0,1,15.09,Bilibili Gaming,Team WE,1727.004485442459,1587.741270043171,139.26321539928813,0.8,0.6,0.20000000000000007,0.8333333333333334,0.7101068596327964,1
12045-12045_game_2,2025-05-10 13:36:21+00:00,LPL,2025,Split 2,0,2,15.09,Team WE,Bilibili Gaming,1577.8308872089715,1736.9758518326023,-159.1449646236308,0.5,0.9,-0.4,0.15384615384615385,0.2898931403672036,0
LOLTMNT05_130653,2025-05-10 15:17:02+00:00,LEC,2025,Spring,0,1,15.09,SK Gaming,G2 Esports,1554.797507292334,1688.0609968071628,-133.26348951482873,0.3,0.4,-0.10000000000000003,0.25,0.2390887271877128,0
LOLTMNT05_130654,2025-05-10 16:08:33+00:00,LEC,2025,Spring,0,2,15.09,G2 Esports,SK Gaming,1698.21532961002,1544.551746907179,153.66358270284104,0.5,0.3,0.2,0.8,0.7609112728122872,1
LOLTMNT05_131696,2025-05-10 18:24:32+00:00,LEC,2025,Spring,0,1,15.09,Team Vitality,Karmine Corp,1557.680851067602,1755.8591838224088,-198.1783327548069,0.4,0.8,-0.4,0.33333333333333337,0.2316643344678325,0
LOLTMNT05_131697,2025-05-10 19:16:52+00:00,LEC,2025,Spring,0,2,15.09,Team Vitality,Karmine Corp,1549.792380438821,1763.6112762685796,-213.8188958297585,0.4,0.8,-0.4,0.2857142857142857,0.2316643344678325,1
LOLTMNT05_131698,2025-05-10 20:20:57+00:00,LEC,2025,Spring,0,3,15.09,Karmine Corp,Team Vitality,1738.846811452267,1574.4273985702698,164.41941288199723,0.7,0.5,0.19999999999999996,0.625,0.7683356655321675,1
LOLTMNT02_263347,2025-05-11 06:05:43+00:00,LCK,2025,Rounds 1-2,0,1,15.09,Nongshim RedForce,DN SOOPers,1625.1316948270792,1387.4175196818996,237.71417514517952,0.5,0.2,0.3,0.2857142857142857,0.7367379191460782,1
LOLTMNT02_263369,2025-05-11 07:10:44+00:00,LCK,2025,Rounds 1-2,0,2,15.09,DN SOOPers,Nongshim RedForce,1380.8607683231382,1631.7982998744942,-250.93753155135596,0.1,0.5,-0.4,0.6666666666666666,0.2632620808539218,1
12046-12046_game_1,2025-05-11 07:24:10+00:00,LPL,2025,Split 2,0,1,15.09,LGD Gaming,Ultra Prime,1489.3003627619855,1448.0324526197492,41.26791014223636,0.7,0.5,0.19999999999999996,0.6666666666666666,,1
LOLTMNT02_263396,2025-05-11 07:59:03+00:00,LCK,2025,Rounds 1-2,0,3,15.09,Nongshim RedForce,DN SOOPers,1606.0695949120202,1406.693144744563,199.37645016745728,0.4,0.2,0.2,0.3125,0.7367379191460782,0
12046-12046_game_2,2025-05-11 08:18:54+00:00,LPL,2025,Split 2,0,2,15.09,Ultra Prime,LGD Gaming,1424.525611692439,1503.4184388308427,-78.89282713840362,0.4,0.8,-0.4,0.25,,1
12046-12046_game_3,2025-05-11 09:10:18+00:00,LPL,2025,Split 2,0,3,15.09,LGD Gaming,Ultra Prime,1483.8629940066428,1444.0827891136391,39.780204893003656,0.7,0.4,0.29999999999999993,0.6,,1
LOLTMNT02_264288,2025-05-11 09:23:56+00:00,LCK,2025,Rounds 1-2,0,1,15.09,Hanwha Life Esports,DRX,1886.3546618851353,1531.8723470571263,354.48231482800907,0.9,0.4,0.5,0.9333333333333333,0.8314019574423607,1
LOLTMNT02_263459,2025-05-11 10:14:45+00:00,LCK,2025,Rounds 1-2,0,2,15.09,DRX,Hanwha Life Esports,1528.0837307593288,1890.0352718620693,-361.9515411027405,0.4,0.9,-0.5,0.0625,0.1685980425576393,0
12047-12047_game_1,2025-05-11 10:28:33+00:00,LPL,2025,Split 2,0,1,15.09,Weibo Gaming,ThunderTalk Gaming,1587.3742810482654,1466.7997079562817,120.57457309198367,0.3,0.1,0.19999999999999998,1.0,0.7202952340499482,1
12047-12047_game_2,2025-05-11 11:25:21+00:00,LPL,2025,Split 2,0,2,15.09,ThunderTalk Gaming,Weibo Gaming,1456.126444247327,1598.0362091247575,-141.90976487743046,0.1,0.3,-0.19999999999999998,0.0,0.2797047659500517,1
12047-12047_game_3,2025-05-11 12:17:07+00:00,LPL,2025,Split 2,0,3,15.09,Weibo Gaming,ThunderTalk Gaming,1575.843691438486,1478.3072344389643,97.53645699952176,0.3,0.2,0.09999999999999998,0.8333333333333334,0.7202952340499482,0
12048-12048_game_1,2025-05-11 13:30:04+00:00,LPL,2025,Split 2,0,1,15.09,Top Esports,JD Gaming,1725.4849219841665,1702.4573910525614,23.027530931605042,0.6,0.6,0.0,0.6666666666666667,0.5650435701627678,1
12048-12048_game_2,2025-05-11 14:24:53+00:00,LPL,2025,Split 2,0,2,15.09,JD Gaming,Top Esports,1687.515556578713,1740.4260480926023,-52.91049151388938,0.6,0.6,0.0,0.32,0.4349564298372322,0
LOLTMNT05_130721,2025-05-11 15:13:45+00:00,LEC,2025,Spring,0,1,15.09,SK Gaming,Team Vitality,1535.1020780469112,1565.3677433111109,-30.265665264199697,0.2,0.5,-0.3,0.4444444444444444,0.4273058018711646,0
LOLTMNT05_131763,2025-05-11 16:11:30+00:00,LEC,2025,Spring,0,2,15.09,Team Vitality,SK Gaming,1580.007477756542,1520.465854710748,59.54162304579381,0.5,0.1,0.4,0.6,0.5726941981288354,1
LOLTMNT05_131765,2025-05-11 17:22:16+00:00,LEC,2025,Spring,0,1,15.09,G2 Esports,Karmine Corp,1707.573926993235,1747.795949111251,-40.22202211801596,0.6,0.8,-0.20000000000000007,0.6153846153846154,0.460959326953714,1
LOLTMNT05_130732,2025-05-11 18:19:31+00:00,LEC,2025,Spring,0,2,15.09,Karmine Corp,G2 Esports,1729.9525216729162,1725.4157707737438,4.536750899172375,0.7,0.7,0.0,0.3571428571428571,0.539040673046286,1
LOLTMNT05_130733,2025-05-11 19:12:55+00:00,LEC,2025,Spring,0,3,15.09,G2 Esports,Karmine Corp,1709.6244212368226,1745.7436804215426,-36.11925918472002,0.6,0.7,-0.09999999999999998,0.6,0.460959326953714,0
12049-12049_game_1,2025-05-12 09:23:06+00:00,LPL,2025,Split 2,0,1,15.09,ThunderTalk Gaming,Anyone's Legend,1498.6751012668738,1716.570562013998,-217.89546074712416,0.3,0.6,-0.3,0.0,0.2170476937317538,0
12049-12049_game_2,2025-05-12 10:18:39+00:00,LPL,2025,Split 2,0,2,15.09,ThunderTalk Gaming,Anyone's Legend,1491.5586800682293,1723.7152846073154,-232.15660453908617,0.3,0.6,-0.3,0.0,0.2170476937317538,0
12050-12050_game_1,2025-05-12 11:32:20+00:00,LPL,2025,Split 2,0,1,15.09,Ninjas in Pyjamas,FunPlus Phoenix,1520.404740572254,1610.2406900282135,-89.83594945595951,0.3,0.5,-0.2,0.5,0.4845310646266488,1
12050-12050_game_2,2025-05-12 12:33:31+00:00,LPL,2025,Split 2,0,2,15.09,FunPlus Phoenix,Ninjas in Pyjamas,1590.1952416686395,1540.429494921233,49.76574674740641,0.5,0.4,0.09999999999999998,0.47058823529411764,0.5154689353733511,0
LOLTMNT05_130766,2025-05-12 15:07:44+00:00,LEC,2025,Spring,0,1,15.09,Team Heretics,GiantX,1601.404285523785,1597.1605373530467,4.243748170738172,0.6,0.6,0.0,0.4,0.4609593269537139,0
LOLTMNT05_131798,2025-05-12 15:57:46+00:00,LEC,2025,Spring,0,2,15.09,Team Heretics,GiantX,1585.210753639167,1613.3544765349602,-28.14372289579319,0.5,0.6,-0.09999999999999998,0.36363636363636365,0.4609593269537139,0
LOLTMNT05_131801,2025-05-12 16:51:21+00:00,LEC,2025,Spring,0,1,15.09,Rogue,Movistar KOI,1449.2796177484784,1691.873889049103,-242.59427130062454,0.2,0.6,-0.39999999999999997,,0.2047373092215958,0
LOLTMNT05_131808,2025-05-12 17:43:15+00:00,LEC,2025,Spring,0,2,15.09,Rogue,Movistar KOI,1442.8494132784629,1698.22238272611,-255.37296944764716,0.2,0.7,-0.49999999999999994,0.0,0.2047373092215958,0
12051-12051_game_1,2025-05-13 09:18:18+00:00,LPL,2025,Split 2,0,1,15.09,Bilibili Gaming,Ninjas in Pyjamas,1746.1830982713018,1558.692327416057,187.49077085524482,0.9,0.5,0.4,0.8571428571428571,0.7298030217565579,1
12051-12051_game_2,2025-05-13 10:20:10+00:00,LPL,2025,Split 2,0,2,15.09,Ninjas in Pyjamas,Bilibili Gaming,1550.5484626072207,1754.363916555542,-203.8154539483212,0.5,0.9,-0.4,0.1333333333333333,0.2701969782434421,1
12051-12051_game_3,2025-05-13 11:12:19+00:00,LPL,2025,Split 2,0,3,15.09,Bilibili Gaming,Ninjas in Pyjamas,1729.9862214599912,1574.9620346422412,155.02418681774998,0.8,0.6,0.20000000000000007,0.8125,0.7298030217565579,1
12052-12052_game_1,2025-05-13 12:27:51+00:00,LPL,2025,Split 2,0,1,15.09,Invictus Gaming,JD Gaming,1624.864969304766,1673.9319716705934,-49.06700236582742,0.5,0.5,0.0,0.5714285714285714,0.4211571978160684,1
12052-12052_game_2,2025-05-13 13:19:33+00:00,LPL,2025,Split 2,0,2,15.09,JD Gaming,Invictus Gaming,1655.6885945461509,1643.108158572817,12.580435973333806,0.4,0.6,-0.19999999999999996,0.375,0.5788428021839316,0
LOLTMNT05_131854,2025-05-13 18:08:09+00:00,LEC,2025,Spring,0,1,15.09,Team Heretics,Team Vitality,1570.491067053447,1593.3402490958808,-22.849182042433767,0.4,0.5,-0.09999999999999998,0.3333333333333333,,1
LOLTMNT02_265983,2025-05-14 08:04:35+00:00,LCK,2025,Rounds 1-2,0,1,15.09,BNK FEARX,Nongshim RedForce,1505.1231109426817,1581.9238901272427,-76.80077918456095,0.3,0.3,0.0,0.4666666666666667,0.4615609385665337,1
LOLTMNT02_265989,2025-05-14 08:57:26+00:00,LCK,2025,Rounds 1-2,0,2,15.09,Nongshim RedForce,BNK FEARX,1562.4986876827766,1524.6001442353877,37.898543447388874,0.3,0.3,0.0,0.5,0.5384390614334662,1
12053-12053_game_1,2025-05-14 09:18:47+00:00,LPL,2025,Split 2,0,1,15.09,Weibo Gaming,JD Gaming,1555.4677455270462,1639.1098286393772,-83.64208311233097,0.2,0.4,-0.2,0.55,0.4277674992800164,0
LOLTMNT02_265995,2025-05-14 09:46:11+00:00,LCK,2025,Rounds 1-2,0,3,15.09,BNK FEARX,Nongshim RedForce,1510.3370944879903,1576.7757172519389,-66.43862276394862,0.3,0.3,0.0,0.47058823529411764,0.4615609385665337,0
12053-12053_game_2,2025-05-14 10:28:33+00:00,LPL,2025,Split 2,0,2,15.09,Weibo Gaming,JD Gaming,1543.2457162983853,1651.3324862718582,-108.08676997347288,0.1,0.5,-0.4,0.5238095238095238,0.4277674992800164,0
LOLTMNT02_266810,2025-05-14 10:57:54+00:00,LCK,2025,Rounds 1-2,0,1,15.09,DRX,Dplus Kia,1524.4394031964773,1587.0190614179646,-62.57965822148731,0.4,0.1,0.30000000000000004,0.16666666666666666,0.3061759525894639,0
12054-12054_game_1,2025-05-14 11:46:04+00:00,LPL,2025,Split 2,0,1,15.09,Top Esports,Team WE,1754.0081618250238,1568.6859219525763,185.32223987244743,0.6,0.4,0.19999999999999996,0.875,0.7235722017130934,1
LOLTMNT02_267069,2025-05-14 12:02:24+00:00,LCK,2025,Rounds 1-2,0,2,15.09,DRX,Dplus Kia,1511.247797138076,1600.1679442885252,-88.92014715044911,0.4,0.2,0.2,0.15384615384615385,0.3061759525894639,1
12054-12054_game_2,2025-05-14 12:35:00+00:00,LPL,2025,Split 2,0,2,15.09,Team WE,Top Esports,1560.4926117842508,1762.2007047285115,-201.70809294426067,0.3,0.7,-0.39999999999999997,0.1111111111111111,0.2764277982869065,0
LOLTMNT02_267104,2025-05-14 13:03:21+00:00,LCK,2025,Rounds 1-2,0,3,15.09,Dplus Kia,DRX,1580.160166341772,1531.1979210800735,48.96224526169863,0.1,0.4,-0.30000000000000004,0.7857142857142857,0.693824047410536,1
LOLTMNT02_268237,2025-05-15 08:06:53+00:00,LCK,2025,Rounds 1-2,0,1,15.09,KT Rolster,Hanwha Life Esports,1593.5810716644814,1893.5781246272513,-299.9970529627699,0.4,1.0,-0.6,0.2941176470588235,0.2265715009765916,0
LOLTMNT02_268242,2025-05-15 09:01:56+00:00,LCK,2025,Rounds 1-2,0,2,15.09,KT Rolster,Hanwha Life Esports,1588.669307566403,1898.4098717263696,-309.74056415996665,0.4,1.0,-0.6,0.2777777777777778,0.2265715009765916,1
12055-12055_game_1,2025-05-15 09:23:22+00:00,LPL,2025,Split 2,0,1,15.09,Anyone's Legend,Ninjas in Pyjamas,1730.414295492572,1565.63976010634,164.77453538623195,0.6,0.6,0.0,0.7647058823529411,0.7057829506465721,1
LOLTMNT02_268252,2025-05-15 09:54:38+00:00,LCK,2025,Rounds 1-2,0,3,15.09,Hanwha Life Esports,KT Rolster,1871.0160012255922,1615.988455677602,255.02754554799026,0.9,0.5,0.4,0.6842105263157895,0.7734284990234084,0
12055-12055_game_2,2025-05-15 10:15:49+00:00,LPL,2025,Split 2,0,2,15.09,Ninjas in Pyjamas,Anyone's Legend,1556.684495055002,1739.3811337775405,-182.69663872253864,0.5,0.6,-0.09999999999999998,0.2222222222222222,0.2942170493534278,1
LOLTMNT02_268294,2025-05-15 11:18:14+00:00,LCK,2025,Rounds 1-2,0,1,15.09,T1,HANJIN BRION,1756.447178608214,1500.1126880936567,256.3344905145573,0.9,0.4,0.5,0.75,0.7315146057087164,1
12055-12055_game_3,2025-05-15 11:24:09+00:00,LPL,2025,Split 2,0,3,15.09,Anyone's Legend,Ninjas in Pyjamas,1715.6981751611718,1580.379100136731,135.31907502444074,0.6,0.5,0.09999999999999998,0.7368421052631579,0.7057829506465721,1
LOLTMNT02_268312,2025-05-15 12:18:56+00:00,LCK,2025,Rounds 1-2,0,2,15.09,HANJIN BRION,T1,1494.115412160237,1762.4055897332487,-268.29017757301176,0.3,0.9,-0.6000000000000001,0.23076923076923078,0.2684853942912836,1
12056-12056_game_1,2025-05-15 12:43:50+00:00,LPL,2025,Split 2,0,1,15.09,Team WE,ThunderTalk Gaming,1552.860917798092,1484.886376848824,67.97454094926798,0.2,0.3,-0.09999999999999998,0.3333333333333333,,1
LOLTMNT02_268334,2025-05-15 13:15:17+00:00,LCK,2025,Rounds 1-2,0,3,15.09,T1,HANJIN BRION,1736.0373874834313,1520.4473108729267,215.59007661050464,0.9,0.4,0.5,0.7142857142857143,0.7315146057087164,1
12056-12056_game_2,2025-05-15 13:35:55+00:00,LPL,2025,Split 2,0,2,15.09,ThunderTalk Gaming,Team WE,1471.9719253555227,1565.7703133597984,-93.7983880042757,0.3,0.3,0.0,0.5714285714285714,,0
LOLTMNT02_268539,2025-05-16 08:07:23+00:00,LCK,2025,Rounds 1-2,0,1,15.09,Dplus Kia,BNK FEARX,1593.9201913349868,1497.357568366588,96.56262296839873,0.2,0.3,-0.09999999999999998,0.75,0.6485310883464873,1
LOLTMNT02_267792,2025-05-16 09:02:03+00:00,LCK,2025,Rounds 1-2,0,2,15.09,BNK FEARX,Dplus Kia,1485.6903028019601,1605.584405067217,-119.89410226525683,0.3,0.3,0.0,0.23809523809523808,0.3514689116535127,0
12057-12057_game_1,2025-05-16 09:18:58+00:00,LPL,2025,Split 2,0,1,15.09,FunPlus Phoenix,JD Gaming,1571.9199671473712,1662.5115142134614,-90.59154706609024,0.4,0.5,-0.09999999999999998,0.4166666666666667,0.3249249717671094,0
12057-12057_game_2,2025-05-16 10:12:23+00:00,LPL,2025,Split 2,0,2,15.09,FunPlus Phoenix,JD Gaming,1559.9981998967398,1674.4332683877208,-114.43506849098094,0.4,0.5,-0.09999999999999998,0.38461538461538464,0.3249249717671094,0
LOLTMNT02_267812,2025-05-16 10:15:50+00:00,LCK,2025,Rounds 1-2,0,1,15.09,DN SOOPers,Gen.G,1430.92830524293,1879.7955452862116,-448.8672400432815,0.3,1.0,-0.7,0.0,0.1563880096034537,0
LOLTMNT02_267818,2025-05-16 11:02:23+00:00,LCK,2025,Rounds 1-2,0,2,15.09,DN SOOPers,Gen.G,1428.6503609539702,1882.048548477965,-453.3981875239947,0.3,1.0,-0.7,0.0,0.1563880096034537,0
12058-12058_game_1,2025-05-16 11:26:07+00:00,LPL,2025,Split 2,0,1,15.09,Invictus Gaming,Ninjas in Pyjamas,1659.6868987531932,1570.2966946618392,89.39020409135401,0.6,0.5,0.09999999999999998,0.2857142857142857,,1
12058-12058_game_2,2025-05-16 12:27:25+00:00,LPL,2025,Split 2,0,2,15.09,Ninjas in Pyjamas,Invictus Gaming,1558.3127354151688,1671.6610148878153,-113.34827947264648,0.4,0.7,-0.29999999999999993,0.6666666666666667,,0
LOLTMNT02_267967,2025-05-17 06:06:29+00:00,LCK,2025,Rounds 1-2,0,1,15.09,DRX,Nongshim RedForce,1517.410666962387,1589.7921206190485,-72.3814536566615,0.4,0.3,0.10000000000000003,0.2777777777777778,0.3572922464358556,0
LOLTMNT02_267969,2025-05-17 06:58:31+00:00,LCK,2025,Rounds 1-2,0,2,15.09,DRX,Nongshim RedForce,1504.6570802722558,1602.547230573177,-97.89015030092128,0.3,0.4,-0.10000000000000003,0.2631578947368421,0.3572922464358556,1
LOLTMNT02_268713,2025-05-17 07:47:44+00:00,LCK,2025,Rounds 1-2,0,3,15.09,Nongshim RedForce,DRX,1582.2091197838786,1525.0003349483823,57.20878483549632,0.4,0.3,0.10000000000000003,0.7,0.6427077535641443,1
LOLTMNT02_268769,2025-05-17 09:01:31+00:00,LCK,2025,Rounds 1-2,0,1,15.09,KT Rolster,HANJIN BRION,1641.9208657604454,1498.2064855240194,143.714380236426,0.6,0.3,0.3,0.6666666666666667,0.6262248026887167,1
12059-12059_game_1,2025-05-17 09:22:23+00:00,LPL,2025,Split 2,0,1,15.09,Weibo Gaming,Top Esports,1532.067400681523,1769.8316688177852,-237.76426813626222,0.1,0.7,-0.6,0.33333333333333337,0.3133073108035922,0
LOLTMNT02_268811,2025-05-17 09:53:30+00:00,LCK,2025,Rounds 1-2,0,2,15.09,HANJIN BRION,KT Rolster,1488.4226205511009,1651.720056698125,-163.2974361470242,0.3,0.7,-0.39999999999999997,0.3125,0.3737751973112833,1
12059-12059_game_2,2025-05-17 10:15:47+00:00,LPL,2025,Split 2,0,2,15.09,Weibo Gaming,Top Esports,1525.5750987691595,1776.3224680555163,-250.74736928635684,0.1,0.7,-0.6,0.3076923076923077,0.3133073108035922,0
LOLTMNT02_269084,2025-05-17 10:41:19+00:00,LCK,2025,Rounds 1-2,0,3,15.09,KT Rolster,HANJIN BRION,1628.7715197300945,1511.3852902011633,117.38622952893115,0.7,0.3,0.39999999999999997,0.6470588235294117,0.6262248026887167,1
12060-12060_game_1,2025-05-17 11:40:13+00:00,LPL,2025,Split 2,0,1,15.09,JD Gaming,Bilibili Gaming,1685.3477474008341,1739.335819561626,-53.988072160791944,0.5,0.9,-0.4,0.36363636363636365,0.4035662914267801,1
12060-12060_game_2,2025-05-17 12:35:04+00:00,LPL,2025,Split 2,0,2,15.09,Bilibili Gaming,JD Gaming,1720.8844964760851,1703.8133277182383,17.071168757846863,0.8,0.6,0.20000000000000007,0.5833333333333334,0.5964337085732199,0
LOLTMNT02_269294,2025-05-18 06:04:32+00:00,LCK,2025,Rounds 1-2,0,1,15.09,Hanwha Life Esports,DN SOOPers,1845.007944801098,1426.4276625742198,418.5802822268781,0.8,0.3,0.5,0.8666666666666667,0.843388518365666,1
LOLTMNT02_270047,2025-05-18 07:02:00+00:00,LCK,2025,Rounds 1-2,0,2,15.09,DN SOOPers,Hanwha Life Esports,1423.755076466654,1847.6464813638438,-423.8914048971899,0.3,0.8,-0.5,0.125,0.156611481634334,0
LOLTMNT02_269313,2025-05-18 08:21:01+00:00,LCK,2025,Rounds 1-2,0,1,15.09,Gen.G,T1,1884.2473906064788,1743.2166033724316,141.03078723404724,1.0,0.9,0.09999999999999998,0.64,0.6357990998847839,1
LOLTMNT02_270074,2025-05-18 09:22:19+00:00,LCK,2025,Rounds 1-2,0,2,15.09,T1,Gen.G,1733.3742411992262,1894.0971420069811,-160.72290080775497,0.8,1.0,-0.19999999999999996,0.34615384615384615,0.3642009001152161,0
12061-12061_game_1,2025-05-18 09:23:03+00:00,LPL,2025,Split 2,0,1,15.09,ThunderTalk Gaming,Top Esports,1460.182758878867,1782.435133804948,-322.2523749260811,0.2,0.8,-0.6000000000000001,0.0,0.2032541745289519,0
12061-12061_game_2,2025-05-18 10:13:57+00:00,LPL,2025,Split 2,0,2,15.09,ThunderTalk Gaming,Top Esports,1455.8445351863058,1786.7643012014591,-330.9197660151533,0.2,0.9,-0.7,0.0,0.2032541745289519,1
12061-12061_game_3,2025-05-18 11:03:50+00:00,LPL,2025,Split 2,0,3,15.09,Top Esports,ThunderTalk Gaming,1758.9100650931373,1483.6902892364433,275.219775856694,0.8,0.3,0.5,0.8333333333333334,0.7967458254710481,1
12062-12062_game_1,2025-05-18 12:18:32+00:00,LPL,2025,Split 2,0,1,15.09,Team WE,Anyone's Legend,1577.5531944567979,1722.259038242523,-144.70584378572516,0.3,0.7,-0.39999999999999997,0.4444444444444444,0.3008580300038135,0
12062-12062_game_2,2025-05-18 13:12:14+00:00,LPL,2025,Split 2,0,2,15.09,Team WE,Anyone's Legend,1567.856193130549,1731.99491849342,-164.13872536287113,0.3,0.8,-0.5,0.4,0.3008580300038135,0
12063-12063_game_1,2025-05-19 09:21:06+00:00,LPL,2025,Split 2,0,1,15.09,Weibo Gaming,FunPlus Phoenix,1546.060955843294,1549.0837142623302,-3.0227584190361085,0.1,0.4,-0.30000000000000004,0.33333333333333337,0.5663799870871713,1
12063-12063_game_2,2025-05-19 10:19:56+00:00,LPL,2025,Split 2,0,2,15.09,FunPlus Phoenix,Weibo Gaming,1532.9445324891833,1562.218138537892,-29.273606048708643,0.4,0.2,0.2,0.5714285714285714,0.4336200129128287,0
12064-12064_game_1,2025-05-19 11:35:36+00:00,LPL,2025,Split 2,0,1,15.09,JD Gaming,Ninjas in Pyjamas,1720.5986064008564,1547.3420307713354,173.25657562952097,0.6,0.4,0.19999999999999996,0.6666666666666666,0.6866926891964078,1
12064-12064_game_2,2025-05-19 12:29:53+00:00,LPL,2025,Split 2,0,2,15.09,Ninjas in Pyjamas,JD Gaming,1538.704457732499,1729.2231494342209,-190.518691701722,0.3,0.7,-0.39999999999999997,0.31818181818181823,0.3133073108035922,0
12065-12065_game_1,2025-05-20 09:23:51+00:00,LPL,2025,Split 2,0,1,15.09,Invictus Gaming,FunPlus Phoenix,1682.6211844493544,1518.288998166706,164.3321862826483,0.8,0.3,0.5,0.625,0.7109723110152166,1
12065-12065_game_2,2025-05-20 10:27:00+00:00,LPL,2025,Split 2,0,2,15.09,FunPlus Phoenix,Invictus Gaming,1509.3370787603887,1691.574219153222,-182.23714039283323,0.2,0.8,-0.6000000000000001,0.3333333333333333,0.2890276889847833,0
12066-12066_game_1,2025-05-20 11:54:23+00:00,LPL,2025,Split 2,0,1,15.09,Bilibili Gaming,Top Esports,1704.099495750383,1764.3562079807168,-60.25671223033373,0.7,0.9,-0.20000000000000007,0.5769230769230769,0.4827217890961945,1
12066-12066_game_2,2025-05-20 12:49:30+00:00,LPL,2025,Split 2,0,2,15.09,Top Esports,Bilibili Gaming,1745.6088229093598,1722.8229461840838,22.78587672527601,0.8,0.7,0.10000000000000009,0.40740740740740744,0.5172782109038054,0
LOLTMNT03_241129,2025-05-21 08:06:27+00:00,LCK,2025,Rounds 1-2,0,1,15.1,Gen.G,Hanwha Life Esports,1903.1916636417216,1850.2119349165455,52.979728725176074,1.0,0.8,0.19999999999999996,0.6923076923076923,0.6233837871391785,1
LOLTMNT03_241144,2025-05-21 08:57:00+00:00,LCK,2025,Rounds 1-2,0,2,15.1,Hanwha Life Esports,Gen.G,1836.632894544234,1916.7742693537887,-80.14137480955469,0.7,1.0,-0.30000000000000004,0.30000000000000004,0.3766162128608215,1
12067-12067_game_1,2025-05-21 09:21:59+00:00,LPL,2025,Split 2,0,1,15.09,Anyone's Legend,JD Gaming,1740.9919921778994,1737.2361790117588,3.7558131661405696,0.8,0.8,0.0,0.38461538461538464,0.5129902560847158,0
LOLTMNT03_241162,2025-05-21 10:07:37+00:00,LCK,2025,Rounds 1-2,0,3,15.1,Gen.G,Hanwha Life Esports,1897.1526601783157,1856.259302054011,40.89335812430477,0.9,0.7,0.20000000000000007,0.6829268292682927,0.6233837871391785,1
12067-12067_game_2,2025-05-21 10:26:48+00:00,LPL,2025,Split 2,0,2,15.09,Anyone's Legend,JD Gaming,1724.8158017590079,1753.4090946138876,-28.59329285487979,0.8,0.9,-0.09999999999999998,0.35714285714285715,0.5129902560847158,0
LOLTMNT03_241226,2025-05-21 11:23:37+00:00,LCK,2025,Rounds 1-2,0,1,15.1,DN SOOPers,DRX,1421.157222554418,1511.5854307177108,-90.42820816329277,0.2,0.2,0.0,0.4117647058823529,0.441398337083046,0
12068-12068_game_1,2025-05-21 11:37:36+00:00,LPL,2025,Split 2,0,1,15.09,Bilibili Gaming,Invictus Gaming,1739.8594290570636,1699.877994658384,39.98143439867954,0.7,0.9,-0.20000000000000007,0.5,0.6244492282154968,1
LOLTMNT03_240814,2025-05-21 12:20:07+00:00,LCK,2025,Rounds 1-2,0,2,15.1,DRX,DN SOOPers,1523.5580549475987,1409.2022947492144,114.35576019838436,0.3,0.2,0.09999999999999998,0.6111111111111112,0.5586016629169539,1
12068-12068_game_2,2025-05-21 12:31:27+00:00,LPL,2025,Split 2,0,2,15.09,Invictus Gaming,Bilibili Gaming,1685.710367082252,1754.0337011517645,-68.32333406951238,0.8,0.7,0.10000000000000009,0.4,0.3755507717845032,1
12068-12068_game_3,2025-05-21 13:25:25+00:00,LPL,2025,Split 2,0,3,15.09,Bilibili Gaming,Invictus Gaming,1734.9410383580566,1704.8156892641266,30.125349093930026,0.6,0.9,-0.30000000000000004,0.5,0.6244492282154968,1
LOLTMNT03_242206,2025-05-22 08:07:11+00:00,LCK,2025,Rounds 1-2,0,1,15.1,HANJIN BRION,Dplus Kia,1514.1173308600407,1616.272301730733,-102.1549708706923,0.3,0.4,-0.10000000000000003,0.2777777777777778,0.2975713438930076,1
LOLTMNT03_242218,2025-05-22 08:56:33+00:00,LCK,2025,Rounds 1-2,0,2,15.1,Dplus Kia,HANJIN BRION,1595.6989450127453,1534.672363792654,61.0265812200912,0.4,0.3,0.10000000000000003,0.6842105263157895,0.7024286561069923,0
12069-12069_game_1,2025-05-22 09:21:14+00:00,LPL,2025,Split 2,0,1,15.09,Team WE,Weibo Gaming,1558.898158473789,1576.9132144883238,-18.01505601453482,0.2,0.3,-0.09999999999999998,0.5714285714285714,0.4211571978160686,1
12069-12069_game_2,2025-05-22 10:10:36+00:00,LPL,2025,Split 2,0,2,15.09,Weibo Gaming,Team WE,1560.1126620476468,1575.7269579834606,-15.614295935813743,0.3,0.3,0.0,0.375,0.5788428021839314,0
LOLTMNT03_241674,2025-05-22 10:12:41+00:00,LCK,2025,Rounds 1-2,0,1,15.1,T1,BNK FEARX,1724.2870450802911,1484.5679194379093,239.71912564238187,0.7,0.3,0.39999999999999997,0.6666666666666667,0.7308794763750301,1
LOLTMNT03_242254,2025-05-22 11:01:39+00:00,LCK,2025,Rounds 1-2,0,2,15.1,BNK FEARX,T1,1478.115554259018,1730.722098536963,-252.60654427794498,0.2,0.7,-0.49999999999999994,0.3076923076923077,0.2691205236249698,0
12070-12070_game_1,2025-05-22 11:31:05+00:00,LPL,2025,Split 2,0,1,15.09,ThunderTalk Gaming,Ninjas in Pyjamas,1478.2351496311699,1530.678990716824,-52.443841085654185,0.3,0.2,0.09999999999999998,0.4,,1
12070-12070_game_2,2025-05-22 12:29:00+00:00,LPL,2025,Split 2,0,2,15.09,Ninjas in Pyjamas,ThunderTalk Gaming,1512.2863885204256,1496.629022425616,15.657366094809504,0.2,0.4,-0.2,0.5,,0
LOLTMNT03_243096,2025-05-23 08:07:24+00:00,LCK,2025,Rounds 1-2,0,1,15.1,Gen.G,DRX,1911.2804779545077,1534.5229288043624,376.7575491501452,0.9,0.4,0.5,1.0,0.8633037768474681,1
LOLTMNT03_242638,2025-05-23 08:55:39+00:00,LCK,2025,Rounds 1-2,0,2,15.1,DRX,Gen.G,1531.1946986729465,1914.5690574627401,-383.37435878979363,0.4,0.9,-0.5,0.0,0.1366962231525319,0
LOLTMNT03_243145,2025-05-23 10:20:15+00:00,LCK,2025,Rounds 1-2,0,1,15.1,Nongshim RedForce,KT Rolster,1550.3593267990232,1639.6119081732916,-89.2525813742684,0.5,0.8,-0.30000000000000004,0.4666666666666667,0.4804820862281148,0
LOLTMNT03_243166,2025-05-23 11:16:42+00:00,LCK,2025,Rounds 1-2,0,2,15.1,Nongshim RedForce,KT Rolster,1538.07258095116,1651.627791053558,-113.55521010239795,0.5,0.8,-0.30000000000000004,0.4375,0.4804820862281148,1
LOLTMNT03_242726,2025-05-23 12:06:13+00:00,LCK,2025,Rounds 1-2,0,3,15.1,KT Rolster,Nongshim RedForce,1630.6179078951106,1558.7994718724217,71.81843602268896,0.7,0.5,0.19999999999999996,0.5294117647058824,0.5195179137718852,1
LOLTMNT03_244183,2025-05-24 06:04:59+00:00,LCK,2025,Rounds 1-2,0,1,15.1,Hanwha Life Esports,Dplus Kia,1842.1337904021395,1576.9171264966253,265.2166639055142,0.6,0.4,0.19999999999999996,0.5909090909090908,0.7330882976266391,0
LOLTMNT03_243654,2025-05-24 06:57:37+00:00,LCK,2025,Rounds 1-2,0,2,15.1,Hanwha Life Esports,Dplus Kia,1815.8452255492364,1603.2058885933006,212.63933695593573,0.5,0.5,0.0,0.5652173913043479,0.7330882976266391,1
LOLTMNT03_243679,2025-05-24 07:49:35+00:00,LCK,2025,Rounds 1-2,0,3,15.1,Hanwha Life Esports,Dplus Kia,1823.116615897879,1595.9346881341366,227.18192776374235,0.5,0.5,0.0,0.5833333333333333,0.7330882976266391,0
LOLTMNT03_244289,2025-05-24 09:07:30+00:00,LCK,2025,Rounds 1-2,0,1,15.1,DN SOOPers,T1,1398.2551654088272,1736.7841532029859,-338.52898779415864,0.2,0.7,-0.49999999999999994,0.16666666666666666,0.1895892202783276,0
12423-12423_game_1,2025-05-24 09:13:08+00:00,LPL,2025,Split 2,1,1,15.1,Invictus Gaming,EDward Gaming,1690.1990696358637,1478.9027276366219,211.2963419992418,0.8,0.6,0.20000000000000007,0.8,0.7000158734956919,1
LOLTMNT03_243757,2025-05-24 09:55:14+00:00,LCK,2025,Rounds 1-2,0,2,15.1,DN SOOPers,T1,1394.2302181019618,1740.7761298302914,-346.54591172832966,0.2,0.7,-0.49999999999999994,0.15384615384615385,0.1895892202783276,0
12423-12423_game_2,2025-05-24 10:12:33+00:00,LPL,2025,Split 2,1,2,15.1,EDward Gaming,Invictus Gaming,1471.5836003691168,1697.51573934864,-225.9321389795232,0.5,0.8,-0.30000000000000004,0.16666666666666666,0.299984126504308,0
12423-12423_game_3,2025-05-24 11:15:11+00:00,LPL,2025,Split 2,1,3,15.1,EDward Gaming,Invictus Gaming,1464.7292361841737,1704.3677915685482,-239.6385553843745,0.5,0.8,-0.30000000000000004,0.14285714285714285,0.299984126504308,0
LOLTMNT06_121629,2025-05-24 15:09:25+00:00,LEC,2025,Spring,1,1,15.1,Fnatic,G2 Esports,1762.9847598621704,1695.2801491610087,67.70461070116176,0.7,0.6,0.09999999999999998,0.3333333333333333,0.5213871395096105,1
LOLTMNT06_120664,2025-05-24 15:58:13+00:00,LEC,2025,Spring,1,2,15.1,G2 Esports,Fnatic,1682.3564766535692,1775.9079789079274,-93.55150225435818,0.5,0.7,-0.19999999999999996,0.6451612903225806,0.4786128604903895,1
LOLTMNT06_121630,2025-05-24 16:46:47+00:00,LEC,2025,Spring,1,3,15.1,Fnatic,G2 Esports,1755.703679815647,1702.5602389497308,53.14344086591632,0.7,0.6,0.09999999999999998,0.34375,0.5213871395096105,0
LOLTMNT06_121631,2025-05-24 17:41:57+00:00,LEC,2025,Spring,1,4,15.1,Fnatic,G2 Esports,1737.276753648747,1720.9868574467887,16.2898962019583,0.7,0.7,0.0,0.3333333333333333,0.5213871395096105,0
LOLTMNT03_245295,2025-05-25 06:04:05+00:00,LCK,2025,Rounds 1-2,0,1,15.1,HANJIN BRION,Nongshim RedForce,1553.4437344981811,1545.8279785938655,7.61575590431562,0.4,0.5,-0.09999999999999998,0.06666666666666667,0.3974382143944526,1
LOLTMNT03_244865,2025-05-25 06:59:30+00:00,LCK,2025,Rounds 1-2,0,2,15.1,Nongshim RedForce,HANJIN BRION,1574.1464129753433,1569.0951087420165,5.051304233326846,0.5,0.5,0.0,0.875,0.6025617856055474,1
LOLTMNT03_245333,2025-05-25 07:47:29+00:00,LCK,2025,Rounds 1-2,0,3,15.1,HANJIN BRION,Nongshim RedForce,1553.3275315241076,1589.9088429294247,-36.58131140531714,0.5,0.6,-0.09999999999999998,0.11764705882352941,0.3974382143944526,0
LOLTMNT03_244928,2025-05-25 09:10:27+00:00,LCK,2025,Rounds 1-2,0,1,15.1,BNK FEARX,KT Rolster,1477.8246965717144,1643.3841249337079,-165.55942836199347,0.2,0.7,-0.49999999999999994,0.2631578947368421,0.3444682204558151,1
12424-12424_game_1,2025-05-25 09:12:59+00:00,LPL,2025,Split 2,1,1,15.1,FunPlus Phoenix,Ninjas in Pyjamas,1501.0343814517685,1495.5665644981416,5.46781695362688,0.1,0.1,0.0,0.4444444444444444,0.4724042784100673,1
LOLTMNT03_244951,2025-05-25 10:01:46+00:00,LCK,2025,Rounds 1-2,0,2,15.1,KT Rolster,BNK FEARX,1620.3307481894321,1500.9070810774276,119.42366711200452,0.6,0.2,0.39999999999999997,0.7,0.6555317795441848,1
12424-12424_game_2,2025-05-25 10:02:34+00:00,LPL,2025,Split 2,1,2,15.1,Ninjas in Pyjamas,FunPlus Phoenix,1479.8172979477208,1516.7826444351049,-36.96534648738407,0.1,0.2,-0.1,0.5263157894736843,0.5275957215899327,1
12424-12424_game_3,2025-05-25 10:54:05+00:00,LPL,2025,Split 2,1,3,15.1,FunPlus Phoenix,Ninjas in Pyjamas,1499.0870895065757,1497.5099836157187,1.5771058908569557,0.1,0.2,-0.1,0.45,0.4724042784100673,1
LOLTMNT03_244968,2025-05-25 11:00:15+00:00,LCK,2025,Rounds 1-2,0,3,15.1,BNK FEARX,KT Rolster,1490.190161690632,1631.0709243156239,-140.8807626249918,0.2,0.7,-0.49999999999999994,0.2857142857142857,0.3444682204558151,0
12424-12424_game_4,2025-05-25 11:45:31+00:00,LPL,2025,Split 2,1,4,15.1,Ninjas in Pyjamas,FunPlus Phoenix,1481.5820519080216,1515.0144625468245,-33.43241063880282,0.1,0.2,-0.1,0.5238095238095238,0.5275957215899327,1
12424-12424_game_5,2025-05-25 12:52:50+00:00,LPL,2025,Split 2,1,5,15.1,Ninjas in Pyjamas,FunPlus Phoenix,1499.114494583311,1497.479854014884,1.634640568426903,0.2,0.2,0.0,0.5454545454545454,0.5275957215899327,0
LOLTMNT06_120697,2025-05-25 15:08:50+00:00,LEC,2025,Spring,1,1,15.1,Karmine Corp,Movistar KOI,1760.0867676524754,1704.2048040464324,55.88196360604297,0.7,0.8,-0.10000000000000009,0.8333333333333334,0.6159138990867249,0
LOLTMNT06_121661,2025-05-25 16:00:56+00:00,LEC,2025,Spring,1,2,15.1,Karmine Corp,Movistar KOI,1741.5359246409723,1722.756111106836,18.779813534136338,0.7,0.9,-0.20000000000000007,0.7142857142857143,0.6159138990867249,1
LOLTMNT06_121662,2025-05-25 17:02:36+00:00,LEC,2025,Spring,1,3,15.1,Movistar KOI,Karmine Corp,1707.6200498384653,1756.672132420458,-49.052082581992636,0.8,0.7,0.10000000000000009,0.25,0.3840861009132751,1
LOLTMNT06_120702,2025-05-25 17:58:24+00:00,LEC,2025,Spring,1,4,15.1,Karmine Corp,Movistar KOI,1738.428569986979,1725.8639532011603,12.564616785818771,0.6,0.8,-0.20000000000000007,0.6666666666666666,0.6159138990867249,1
LOLTMNT06_121664,2025-05-25 18:55:37+00:00,LEC,2025,Spring,1,5,15.1,Movistar KOI,Karmine Corp,1710.4422874705008,1753.8503172054384,-43.4080297349376,0.7,0.6,0.09999999999999998,0.30000000000000004,0.3840861009132751,1
12425-12425_game_1,2025-05-26 09:13:19+00:00,LPL,2025,Split 2,1,1,15.1,Team WE,LGD Gaming,1591.008438722341,1498.994336648308,92.01410207403296,0.4,0.7,-0.29999999999999993,0.5,,1
12425-12425_game_2,2025-05-26 10:12:45+00:00,LPL,2025,Split 2,1,2,15.1,LGD Gaming,Team WE,1487.1209222672899,1602.8677088579032,-115.74678659061328,0.6,0.5,0.09999999999999998,0.46153846153846156,,1
12425-12425_game_3,2025-05-26 11:04:42+00:00,LPL,2025,Split 2,1,3,15.1,Team WE,LGD Gaming,1581.7265309385493,1508.24669296145,73.47983797709935,0.5,0.6,-0.09999999999999998,0.5,,1
12425-12425_game_4,2025-05-26 11:54:41+00:00,LPL,2025,Split 2,1,4,15.1,LGD Gaming,Team WE,1495.5709113503692,1594.392439925537,-98.8215285751678,0.5,0.6,-0.09999999999999998,0.4666666666666667,,0
LOLTMNT06_120738,2025-05-26 15:09:11+00:00,LEC,2025,Spring,1,1,15.1,Movistar KOI,G2 Esports,1728.4308620750114,1737.7359504505584,-9.30508837554703,0.8,0.7,0.10000000000000009,0.25,0.4207740366786316,0
LOLTMNT06_121704,2025-05-26 16:01:51+00:00,LEC,2025,Spring,1,2,15.1,Movistar KOI,G2 Esports,1712.8592524379405,1753.3077918403492,-40.44853940240864,0.7,0.7,0.0,0.19999999999999996,0.4207740366786316,0
LOLTMNT06_121705,2025-05-26 17:06:57+00:00,LEC,2025,Spring,1,3,15.1,Movistar KOI,G2 Esports,1698.7135270357417,1767.454473982354,-68.74094694661244,0.6,0.7,-0.09999999999999998,0.16666666666666663,0.4207740366786316,1
LOLTMNT06_121707,2025-05-26 18:02:13+00:00,LEC,2025,Spring,1,4,15.1,G2 Esports,Movistar KOI,1748.3310668989495,1717.8383772527948,30.49268964615476,0.6,0.6,0.0,0.7142857142857143,0.5792259633213683,1
12426-12426_game_1,2025-05-27 09:12:26+00:00,LPL,2025,Split 2,1,1,15.1,Weibo Gaming,ThunderTalk Gaming,1521.7129205523147,1513.3489120939205,8.36400845839421,0.2,0.4,-0.2,0.7142857142857143,0.6532038068634167,1
12426-12426_game_2,2025-05-27 10:13:49+00:00,LPL,2025,Split 2,1,2,15.1,ThunderTalk Gaming,Weibo Gaming,1497.7337919961035,1537.327904694216,-39.59411269811244,0.3,0.3,0.0,0.25,0.3467961931365833,0
12426-12426_game_3,2025-05-27 11:05:18+00:00,LPL,2025,Split 2,1,3,15.1,ThunderTalk Gaming,Weibo Gaming,1483.547566611737,1551.5128933129665,-67.96532670122951,0.3,0.4,-0.10000000000000003,0.2222222222222222,0.3467961931365833,0
LOLTMNT03_248140,2025-05-28 08:03:32+00:00,LCK,2025,Rounds 1-2,0,1,15.1,BNK FEARX,DN SOOPers,1480.3342857138869,1390.3658176219378,89.96846809194903,0.2,0.2,0.0,0.5333333333333333,0.6265994145979298,1
LOLTMNT03_248153,2025-05-28 09:00:47+00:00,LCK,2025,Rounds 1-2,0,2,15.1,DN SOOPers,BNK FEARX,1378.3972731247754,1492.2881670106076,-113.89089388583216,0.1,0.2,-0.1,0.4375,0.3734005854020702,1
LOLTMNT03_247772,2025-05-28 09:51:09+00:00,LCK,2025,Rounds 1-2,0,3,15.1,BNK FEARX,DN SOOPers,1471.2309618400654,1399.4378725972401,71.79308924282532,0.2,0.1,0.1,0.5294117647058824,0.6265994145979298,1
LOLTMNT03_248249,2025-05-28 11:13:02+00:00,LCK,2025,Rounds 1-2,0,1,15.1,T1,Hanwha Life Esports,1744.609587534062,1797.9283701665427,-53.318782632480634,0.7,0.4,0.29999999999999993,0.3125,0.4379528369356088,0
LOLTMNT03_250029,2025-05-28 12:09:20+00:00,LCK,2025,Rounds 1-2,0,2,15.1,T1,Hanwha Life Esports,1731.0451713735827,1811.492117217508,-80.44694584392528,0.6,0.5,0.09999999999999998,0.303030303030303,0.4379528369356088,0
LOLTMNT03_250487,2025-05-29 08:06:13+00:00,LCK,2025,Rounds 1-2,0,1,15.1,DRX,HANJIN BRION,1547.0268669915763,1521.034858488813,25.992008502763383,0.4,0.5,-0.09999999999999998,0.6666666666666666,0.4339219775965773,1
LOLTMNT03_251392,2025-05-29 09:05:43+00:00,LCK,2025,Rounds 1-2,0,2,15.1,HANJIN BRION,DRX,1506.2149813257413,1561.8530749635397,-55.63809363779842,0.4,0.5,-0.09999999999999998,0.3157894736842105,0.5660780224034228,1
LOLTMNT03_250553,2025-05-29 10:13:03+00:00,LCK,2025,Rounds 1-2,0,3,15.1,DRX,HANJIN BRION,1543.350567057742,1524.7305878215568,18.619979236185145,0.4,0.5,-0.09999999999999998,0.65,0.4339219775965773,1
LOLTMNT03_251520,2025-05-29 11:54:37+00:00,LCK,2025,Rounds 1-2,0,1,15.1,KT Rolster,Gen.G,1640.950147947163,1917.7467952792563,-276.79664733209324,0.7,0.9,-0.20000000000000007,0.36363636363636365,0.2117297610448028,0
LOLTMNT03_251552,2025-05-29 12:41:11+00:00,LCK,2025,Rounds 1-2,0,2,15.1,KT Rolster,Gen.G,1635.510657130029,1923.1587310705388,-287.6480739405099,0.6,0.9,-0.30000000000000004,0.33333333333333337,0.2117297610448028,1
LOLTMNT03_250721,2025-05-29 13:33:57+00:00,LCK,2025,Rounds 1-2,0,3,15.1,Gen.G,KT Rolster,1896.295382070629,1662.348290922923,233.94709114770603,0.8,0.6,0.20000000000000007,0.6153846153846154,0.7882702389551972,1
LOLTMNT03_251983,2025-05-30 08:06:20+00:00,LCK,2025,Rounds 1-2,0,1,15.1,Nongshim RedForce,T1,1590.327615749454,1718.684074380968,-128.356458631514,0.6,0.5,0.09999999999999998,0.29411764705882354,0.28863253905581,1
LOLTMNT03_251998,2025-05-30 08:56:17+00:00,LCK,2025,Rounds 1-2,0,2,15.1,T1,Nongshim RedForce,1697.029409753771,1611.9531709489129,85.07623880485812,0.5,0.6,-0.09999999999999998,0.6666666666666667,0.71136746094419,0
LOLTMNT03_253051,2025-05-30 10:17:54+00:00,LCK,2025,Rounds 1-2,0,1,15.1,Dplus Kia,DN SOOPers,1621.1231124445872,1386.6830562088867,234.44005623570047,0.6,0.1,0.5,0.5714285714285714,0.7867602918695231,1
LOLTMNT03_252111,2025-05-30 11:22:37+00:00,LCK,2025,Rounds 1-2,0,2,15.1,DN SOOPers,Dplus Kia,1380.064438385576,1627.713358997869,-247.64892061229284,0.1,0.6,-0.5,0.4,0.2132397081304768,1
LOLTMNT03_252143,2025-05-30 12:17:09+00:00,LCK,2025,Rounds 1-2,0,3,15.1,Dplus Kia,DN SOOPers,1601.9145911203263,1405.8366358161827,196.07795530414364,0.6,0.2,0.39999999999999997,0.5625,0.7867602918695231,1
LOLTMNT03_253463,2025-05-31 06:05:53+00:00,LCK,2025,Rounds 1-2,0,1,15.1,KT Rolster,DRX,1655.7116185053249,1558.506774983515,97.20484352180983,0.6,0.5,0.09999999999999998,0.8461538461538461,0.6925889635507587,1
12427-12427_game_1,2025-05-31 06:22:44+00:00,LPL,2025,Split 2,1,1,15.11,Top Esports,FunPlus Phoenix,1728.5610131269186,1513.5551077514326,215.005905375486,0.7,0.3,0.39999999999999997,0.8181818181818181,0.7574241250830193,0
LOLTMNT03_252517,2025-05-31 06:59:05+00:00,LCK,2025,Rounds 1-2,0,2,15.1,DRX,KT Rolster,1546.820888728817,1667.3689865402855,-120.54809781146855,0.5,0.6,-0.09999999999999998,0.14285714285714285,0.3074110364492413,0
12427-12427_game_2,2025-05-31 07:10:55+00:00,LPL,2025,Split 2,1,2,15.11,Top Esports,FunPlus Phoenix,1703.7560234164794,1538.3592240138325,165.39679940264682,0.6,0.4,0.19999999999999996,0.75,0.7574241250830193,1
12427-12427_game_3,2025-05-31 08:02:56+00:00,LPL,2025,Split 2,1,3,15.11,FunPlus Phoenix,Top Esports,1529.4475794874706,1712.6669057948407,-183.21932630737,0.4,0.6,-0.19999999999999996,0.23076923076923078,0.2425758749169807,0
LOLTMNT03_252540,2025-05-31 08:16:20+00:00,LCK,2025,Rounds 1-2,0,1,15.1,HANJIN BRION,Gen.G,1528.2782861726193,1902.9068101553444,-374.628523982725,0.5,0.8,-0.30000000000000004,0.15384615384615385,0.180253925287811,0
12427-12427_game_4,2025-05-31 08:55:52+00:00,LPL,2025,Split 2,1,4,15.11,FunPlus Phoenix,Top Esports,1521.1803838800095,1720.9333668374288,-199.75298295741936,0.4,0.6,-0.19999999999999996,0.21428571428571427,0.2425758749169807,0
LOLTMNT03_253497,2025-05-31 09:12:30+00:00,LCK,2025,Rounds 1-2,0,2,15.1,HANJIN BRION,Gen.G,1524.9451485712896,1906.2305021243876,-381.28535355309805,0.4,0.8,-0.4,0.1428571428571429,0.180253925287811,0
12428-12428_game_1,2025-05-31 10:18:11+00:00,LPL,2025,Split 2,1,1,15.11,Bilibili Gaming,Invictus Gaming,1749.561330261064,1710.8045269275779,38.75680333348623,0.6,0.8,-0.20000000000000007,0.5714285714285714,0.6247776669225863,1
12428-12428_game_2,2025-05-31 11:11:00+00:00,LPL,2025,Split 2,1,2,15.11,Invictus Gaming,Bilibili Gaming,1696.5815160796778,1763.7896006144026,-67.20808453472478,0.7,0.6,0.09999999999999998,0.375,0.3752223330774137,0
12428-12428_game_3,2025-05-31 12:13:37+00:00,LPL,2025,Split 2,1,3,15.11,Invictus Gaming,Bilibili Gaming,1683.6378202169071,1776.7431419669294,-93.10532175002231,0.6,0.7,-0.09999999999999998,0.33333333333333337,0.3752223330774137,0
LOLTMNT06_122265,2025-05-31 15:08:33+00:00,LEC,2025,Spring,1,1,15.1,Fnatic,GiantX,1720.5275592215355,1628.064500577892,92.46305864364354,0.7,0.7,0.0,0.9090909090909091,0.7042261545665661,1
LOLTMNT06_122266,2025-05-31 16:05:21+00:00,LEC,2025,Spring,1,2,15.1,GiantX,Fnatic,1616.213466888747,1732.369287152465,-116.15582026371794,0.6,0.7,-0.09999999999999998,0.08333333333333337,0.2957738454334339,0
LOLTMNT06_123271,2025-05-31 16:59:13+00:00,LEC,2025,Spring,1,3,15.1,GiantX,Fnatic,1605.359618480427,1743.213124692828,-137.85350621240104,0.6,0.7,-0.09999999999999998,0.07692307692307687,0.2957738454334339,1
LOLTMNT06_122267,2025-05-31 17:52:53+00:00,LEC,2025,Spring,1,4,15.1,Fnatic,GiantX,1721.1804615633077,1627.382064176995,93.79839738631267,0.6,0.6,0.0,0.8571428571428571,0.7042261545665661,1
LOLTMNT03_253707,2025-06-01 06:05:16+00:00,LCK,2025,Rounds 1-2,0,1,15.1,Hanwha Life Esports,BNK FEARX,1823.852310344559,1483.9758420491992,339.8764682953599,0.6,0.3,0.3,0.9090909090909091,0.794932257628429,1
12429-12429_game_1,2025-06-01 06:12:53+00:00,LPL,2025,Split 2,1,1,15.11,Anyone's Legend,Team WE,1704.7123788321492,1605.9606714967554,98.7517073353938,0.7,0.7,0.0,0.6363636363636364,0.7016993879567955,1
LOLTMNT03_253709,2025-06-01 06:54:26+00:00,LCK,2025,Rounds 1-2,0,2,15.1,BNK FEARX,Hanwha Life Esports,1480.0054977452426,1827.8155707874193,-347.8100730421768,0.3,0.6,-0.3,0.08333333333333333,0.205067742371571,0
12429-12429_game_2,2025-06-01 07:02:47+00:00,LPL,2025,Split 2,1,2,15.11,Team WE,Anyone's Legend,1594.3894911880875,1716.321779597302,-121.9322884092146,0.6,0.7,-0.09999999999999998,0.33333333333333337,0.2983006120432044,0
12429-12429_game_3,2025-06-01 07:57:31+00:00,LPL,2025,Split 2,1,3,15.11,Team WE,Anyone's Legend,1583.784717535622,1726.9698794690685,-143.18516193344658,0.5,0.7,-0.19999999999999996,0.3076923076923077,0.2983006120432044,0
LOLTMNT03_252905,2025-06-01 08:07:40+00:00,LCK,2025,Rounds 1-2,0,1,15.1,Dplus Kia,Nongshim RedForce,1609.735348963531,1631.7731242339883,-22.03777527045736,0.6,0.6,0.0,0.7647058823529411,0.5626166807084513,1
LOLTMNT03_253750,2025-06-01 09:00:11+00:00,LCK,2025,Rounds 1-2,0,2,15.1,Nongshim RedForce,Dplus Kia,1614.762455426809,1626.7488649069453,-11.986409480136217,0.6,0.6,0.0,0.2222222222222222,0.4373833192915487,1
12430-12430_game_1,2025-06-01 09:19:24+00:00,LPL,2025,Split 2,1,1,15.11,JD Gaming,Weibo Gaming,1768.095594728234,1564.4230972778055,203.6724974504284,1.0,0.5,0.5,0.5,0.6274046494363639,1
LOLTMNT03_252965,2025-06-01 09:49:07+00:00,LCK,2025,Rounds 1-2,0,3,15.1,Dplus Kia,Nongshim RedForce,1610.1970903261017,1631.3098573306227,-21.112767004520947,0.5,0.6,-0.09999999999999998,0.7368421052631579,0.5626166807084513,1
12430-12430_game_2,2025-06-01 10:13:08+00:00,LPL,2025,Split 2,1,2,15.11,Weibo Gaming,JD Gaming,1556.856251400733,1775.6621704042857,-218.80591900355262,0.5,1.0,-0.5,0.4782608695652174,0.3725953505636361,1
12430-12430_game_3,2025-06-01 11:17:00+00:00,LPL,2025,Split 2,1,3,15.11,JD Gaming,Weibo Gaming,1750.7370327531105,1581.7811349054732,168.9558978476373,0.9,0.6,0.30000000000000004,0.5,0.6274046494363639,1
12430-12430_game_4,2025-06-01 12:15:55+00:00,LPL,2025,Split 2,1,4,15.11,Weibo Gaming,JD Gaming,1573.0001689757687,1759.51776967574,-186.51760069997135,0.6,0.9,-0.30000000000000004,0.48,0.3725953505636361,1
12430-12430_game_5,2025-06-01 13:41:33+00:00,LPL,2025,Split 2,1,5,15.11,Weibo Gaming,JD Gaming,1596.8484160201128,1735.669303782713,-138.82088776260025,0.6,0.8,-0.20000000000000007,0.5,0.3725953505636361,1
LOLTMNT06_122354,2025-06-01 15:08:14+00:00,LEC,2025,Spring,1,1,15.1,Karmine Corp,Team Heretics,1735.8619944026796,1587.5321632207401,148.32983118193943,0.5,0.5,0.0,0.42857142857142855,0.7465916416453651,1
LOLTMNT06_123341,2025-06-01 16:22:30+00:00,LEC,2025,Spring,1,2,15.1,Team Heretics,Karmine Corp,1577.9314953498501,1745.418871818573,-167.4873764687229,0.5,0.6,-0.09999999999999998,0.5,0.2534083583546349,1
LOLTMNT06_122355,2025-06-01 17:24:12+00:00,LEC,2025,Spring,1,3,15.1,Karmine Corp,Team Heretics,1722.2533741582927,1601.0539925837425,121.19938157455022,0.5,0.5,0.0,0.4444444444444444,0.7465916416453651,1
LOLTMNT06_123342,2025-06-01 18:16:17+00:00,LEC,2025,Spring,1,4,15.1,Team Heretics,Karmine Corp,1590.3856641183136,1732.888503308448,-142.5028391901344,0.4,0.6,-0.19999999999999996,0.5,0.2534083583546349,0
12431-12431_game_1,2025-06-02 09:14:46+00:00,LPL,2025,Split 2,1,1,15.11,Top Esports,Bilibili Gaming,1728.6298469868088,1788.5688834863515,-59.93903649954268,0.6,0.7,-0.09999999999999998,0.3928571428571429,0.4392748375947007,0
12431-12431_game_2,2025-06-02 10:06:45+00:00,LPL,2025,Split 2,1,2,15.11,Top Esports,Bilibili Gaming,1715.3630491879255,1801.8435236129499,-86.48047442502434,0.5,0.8,-0.30000000000000004,0.3793103448275862,0.4392748375947007,0
12431-12431_game_3,2025-06-02 11:03:03+00:00,LPL,2025,Split 2,1,3,15.11,Top Esports,Bilibili Gaming,1703.2653239562037,1813.9518970683293,-110.68657311212564,0.4,0.9,-0.5,0.3666666666666667,0.4392748375947007,0
LOLTMNT06_122364,2025-06-02 15:08:07+00:00,LEC,2025,Spring,1,1,15.1,Karmine Corp,Fnatic,1742.6715017189497,1732.9644713717644,9.70703034718531,0.6,0.6,0.0,0.33333333333333337,0.5212768717848422,1
LOLTMNT06_122365,2025-06-02 16:02:53+00:00,LEC,2025,Spring,1,2,15.1,Fnatic,Karmine Corp,1717.4112120600926,1758.224647466801,-40.81343540670832,0.5,0.6,-0.09999999999999998,0.6153846153846154,0.4787231282151578,0
LOLTMNT06_122368,2025-06-02 16:50:00+00:00,LEC,2025,Spring,1,3,15.1,Fnatic,Karmine Corp,1703.2815098113049,1772.3539187370502,-69.07240892574532,0.4,0.7,-0.29999999999999993,0.5714285714285714,0.4787231282151578,0
12432-12432_game_1,2025-06-03 09:17:15+00:00,LPL,2025,Split 2,1,1,15.11,Anyone's Legend,Weibo Gaming,1736.7714307834297,1618.9205438467884,117.85088693664125,0.7,0.6,0.09999999999999998,0.6153846153846154,0.6384076839384571,1
12432-12432_game_2,2025-06-03 10:13:12+00:00,LPL,2025,Split 2,1,2,15.11,Weibo Gaming,Anyone's Legend,1608.1479401045249,1747.5792651528948,-139.4313250483699,0.6,0.7,-0.09999999999999998,0.3571428571428571,0.3615923160615428,1
12432-12432_game_3,2025-06-03 11:12:38+00:00,LPL,2025,Split 2,1,3,15.11,Anyone's Legend,Weibo Gaming,1725.520321951366,1630.2442643107133,95.27605764065265,0.7,0.7,0.0,0.6,0.6384076839384571,1
12432-12432_game_4,2025-06-03 12:07:45+00:00,LPL,2025,Split 2,1,4,15.11,Weibo Gaming,Anyone's Legend,1618.524505240199,1737.2645650640686,-118.74005982386961,0.6,0.7,-0.09999999999999998,0.375,0.3615923160615428,0
LOLTMNT03_255081,2025-06-04 08:08:19+00:00,LCK,2025,Rounds 1-2,0,1,15.1,Dplus Kia,KT Rolster,1627.1681723977115,1678.0518611514558,-50.88368875374431,0.6,0.6,0.0,0.6,0.5446735414898006,1
LOLTMNT03_255086,2025-06-04 09:11:25+00:00,LCK,2025,Rounds 1-2,0,2,15.1,KT Rolster,Dplus Kia,1659.7356317004578,1645.4948378546603,14.240793845797498,0.6,0.7,-0.09999999999999998,0.38095238095238093,0.4553264585101993,1
12433-12433_game_1,2025-06-04 09:13:56+00:00,LPL,2025,Split 2,1,1,15.11,FunPlus Phoenix,Invictus Gaming,1513.4832043238343,1671.824851567315,-158.34164724348057,0.4,0.5,-0.09999999999999998,0.3,0.3503506007977957,0
12433-12433_game_2,2025-06-04 10:05:26+00:00,LPL,2025,Split 2,1,2,15.11,FunPlus Phoenix,Invictus Gaming,1504.3082831748989,1681.0002327704522,-176.6919495955533,0.4,0.5,-0.09999999999999998,0.2727272727272727,0.3503506007977957,1
LOLTMNT03_254398,2025-06-04 10:08:43+00:00,LCK,2025,Rounds 1-2,0,3,15.1,Dplus Kia,KT Rolster,1630.1502826306362,1675.0837419865616,-44.93345935592538,0.6,0.6,0.0,0.5909090909090909,0.5446735414898006,0
12433-12433_game_3,2025-06-04 11:02:20+00:00,LPL,2025,Split 2,1,3,15.11,Invictus Gaming,FunPlus Phoenix,1657.5001620049072,1527.8088008857517,129.69136111915554,0.5,0.4,0.09999999999999998,0.6666666666666667,0.6496493992022043,1
12433-12433_game_4,2025-06-04 11:52:57+00:00,LPL,2025,Split 2,1,4,15.11,FunPlus Phoenix,Invictus Gaming,1517.518030470265,1667.7912849834288,-150.2732545131637,0.4,0.5,-0.09999999999999998,0.3076923076923077,0.3503506007977957,1
12433-12433_game_5,2025-06-04 12:58:40+00:00,LPL,2025,Split 2,1,5,15.11,Invictus Gaming,FunPlus Phoenix,1645.2733358715363,1540.036334454507,105.23700141702943,0.5,0.4,0.09999999999999998,0.6428571428571428,0.6496493992022043,1
12434-12434_game_1,2025-06-05 09:13:17+00:00,LPL,2025,Split 2,1,1,15.11,Team WE,JD Gaming,1574.0288048276675,1713.596992824208,-139.56818799654047,0.5,0.7,-0.19999999999999996,0.25,0.2901748494666801,1
12434-12434_game_2,2025-06-05 10:06:47+00:00,LPL,2025,Split 2,1,2,15.11,JD Gaming,Team WE,1691.4951881358604,1596.1311464970647,95.3640416387957,0.6,0.6,0.0,0.6666666666666666,0.70982515053332,1
12434-12434_game_3,2025-06-05 10:56:15+00:00,LPL,2025,Split 2,1,3,15.11,Team WE,JD Gaming,1584.4155974274017,1703.2111156721144,-118.79551824471264,0.5,0.6,-0.09999999999999998,0.30000000000000004,0.2901748494666801,1
12434-12434_game_4,2025-06-05 11:51:22+00:00,LPL,2025,Split 2,1,4,15.11,JD Gaming,Team WE,1681.9446397297968,1605.6824825331564,76.26215719664037,0.5,0.5,0.0,0.6363636363636364,0.70982515053332,0
LOLTMNT01_250089,2025-06-07 06:06:28+00:00,LCK,2025,Rounds 1-2,1,1,15.11,KT Rolster,Dplus Kia,1689.0337017656184,1616.208081983614,72.82561978200442,0.7,0.6,0.09999999999999998,0.4347826086956522,0.6027406867903898,1
LOLTMNT01_249121,2025-06-07 07:16:41+00:00,LCK,2025,Rounds 1-2,1,2,15.11,Dplus Kia,KT Rolster,1603.5135532485488,1701.7387069953027,-98.2251537467539,0.5,0.7,-0.19999999999999996,0.5416666666666666,0.3972593132096101,0
LOLTMNT01_249126,2025-06-07 08:07:34+00:00,LCK,2025,Rounds 1-2,1,3,15.11,Dplus Kia,KT Rolster,1591.9202005614002,1713.344093516083,-121.42389295468274,0.4,0.7,-0.29999999999999993,0.52,0.3972593132096101,0
12435-12435_game_1,2025-06-07 09:13:36+00:00,LPL,2025,Split 2,1,1,15.11,Weibo Gaming,Invictus Gaming,1607.788630506411,1656.5705955223184,-48.78196501590742,0.5,0.5,0.0,0.7222222222222222,0.4946395892780069,1
12435-12435_game_2,2025-06-07 10:13:10+00:00,LPL,2025,Split 2,1,2,15.11,Invictus Gaming,Weibo Gaming,1638.3390476059571,1626.0201876848546,12.318859921102558,0.4,0.5,-0.09999999999999998,0.2631578947368421,0.5053604107219931,1
12435-12435_game_3,2025-06-07 11:06:49+00:00,LPL,2025,Split 2,1,3,15.11,Weibo Gaming,Invictus Gaming,1610.5871799429983,1653.7720517664457,-43.18487182344734,0.5,0.4,0.09999999999999998,0.7,0.4946395892780069,0
12435-12435_game_4,2025-06-07 12:04:26+00:00,LPL,2025,Split 2,1,4,15.11,Weibo Gaming,Invictus Gaming,1596.5655245176863,1667.793713732112,-71.22818921442581,0.4,0.5,-0.09999999999999998,0.6666666666666667,0.4946395892780069,0
LOLTMNT06_122390,2025-06-07 15:09:59+00:00,LEC,2025,Spring,1,1,15.1,Movistar KOI,Karmine Corp,1703.2389726608058,1785.2145714229325,-81.97559876212676,0.5,0.7,-0.19999999999999996,0.36363636363636365,0.371829197387867,0
LOLTMNT06_122394,2025-06-07 16:02:13+00:00,LEC,2025,Spring,1,2,15.1,Movistar KOI,Karmine Corp,1690.9454472313287,1797.5083011082304,-106.56285387690173,0.4,0.8,-0.4,0.33333333333333337,0.371829197387867,1
LOLTMNT06_123396,2025-06-07 17:01:12+00:00,LEC,2025,Spring,1,3,15.1,Karmine Corp,Movistar KOI,1776.749565218679,1711.7044143334515,65.04515088522749,0.7,0.4,0.29999999999999993,0.6153846153846154,0.628170802612133,0
LOLTMNT06_122396,2025-06-07 17:49:22+00:00,LEC,2025,Spring,1,4,15.1,Karmine Corp,Movistar KOI,1757.7888552620832,1730.6652640240104,27.123591238072777,0.7,0.5,0.19999999999999996,0.5714285714285714,0.628170802612133,1
LOLTMNT06_123397,2025-06-07 18:35:43+00:00,LEC,2025,Spring,1,5,15.1,Movistar KOI,Karmine Corp,1715.9117888153,1772.542385568929,-56.63059675362888,0.4,0.7,-0.29999999999999993,0.4,0.371829197387867,1
LOLTMNT01_249476,2025-06-08 06:07:06+00:00,LCK,2025,Rounds 1-2,1,1,15.11,Nongshim RedForce,KT Rolster,1614.3411249056376,1723.982135612257,-109.64101070661945,0.6,0.8,-0.20000000000000007,0.4444444444444444,0.4254736711643276,0
LOLTMNT01_250305,2025-06-08 06:57:09+00:00,LCK,2025,Rounds 1-2,1,2,15.11,Nongshim RedForce,KT Rolster,1603.2115386462756,1735.105146866529,-131.89360822025333,0.5,0.8,-0.30000000000000004,0.42105263157894735,0.4254736711643276,0
LOLTMNT01_250311,2025-06-08 07:46:53+00:00,LCK,2025,Rounds 1-2,1,3,15.11,Nongshim RedForce,KT Rolster,1592.991523727836,1745.3184506564107,-152.32692692857472,0.5,0.9,-0.4,0.4,0.4254736711643276,0
12436-12436_game_1,2025-06-08 09:13:22+00:00,LPL,2025,Split 2,1,1,15.11,Top Esports,Team WE,1692.1968627320239,1625.1390343414785,67.05782839054541,0.4,0.5,-0.09999999999999998,0.9,0.6837839493074066,1
12436-12436_game_2,2025-06-08 10:04:55+00:00,LPL,2025,Split 2,1,2,15.11,Team WE,Top Esports,1612.189285480104,1705.1465443650673,-92.95725888496327,0.5,0.4,0.09999999999999998,0.09090909090909091,0.3162160506925934,1
12436-12436_game_3,2025-06-08 10:53:18+00:00,LPL,2025,Split 2,1,3,15.11,Top Esports,Team WE,1684.9650395876622,1632.3707090492082,52.59433053845396,0.4,0.5,-0.09999999999999998,0.8333333333333334,0.6837839493074066,1
12436-12436_game_4,2025-06-08 11:46:19+00:00,LPL,2025,Split 2,1,4,15.11,Team WE,Top Esports,1618.7743727135155,1698.5613309131306,-79.78695819961513,0.4,0.5,-0.09999999999999998,0.15384615384615385,0.3162160506925934,1
12436-12436_game_5,2025-06-08 12:58:31+00:00,LPL,2025,Split 2,1,5,15.11,Team WE,Top Esports,1638.3853588166744,1678.9502850963859,-40.56492627971147,0.5,0.5,0.0,0.21428571428571427,0.3162160506925934,1
LOLTMNT06_123414,2025-06-08 15:13:24+00:00,LEC,2025,Spring,1,1,15.1,G2 Esports,Movistar KOI,1762.9310744225284,1734.4968143890953,28.43426003343302,0.6,0.5,0.09999999999999998,0.75,0.5926047252975267,0
LOLTMNT06_122412,2025-06-08 16:15:01+00:00,LEC,2025,Spring,1,2,15.1,G2 Esports,Movistar KOI,1745.6250994695408,1751.8033176005254,-6.178218130984533,0.6,0.5,0.09999999999999998,0.6666666666666666,0.5926047252975267,0
LOLTMNT06_123415,2025-06-08 17:13:16+00:00,LEC,2025,Spring,1,3,15.1,G2 Esports,Movistar KOI,1729.9094667505956,1767.5188347674,-37.60936801680441,0.6,0.6,0.0,0.6,0.5926047252975267,1
LOLTMNT06_122413,2025-06-08 18:09:12+00:00,LEC,2025,Spring,1,4,15.1,Movistar KOI,G2 Esports,1749.7936210256812,1747.6340882248903,2.1595328007908847,0.6,0.7,-0.09999999999999998,0.36363636363636365,0.4073952747024733,1
12437-12437_game_1,2025-06-09 09:18:03+00:00,LPL,2025,Split 2,1,1,15.11,Anyone's Legend,Bilibili Gaming,1748.028224049701,1825.0326324732632,-77.00440842356215,0.7,0.9,-0.20000000000000007,0.3,0.3947165252664193,1
12437-12437_game_2,2025-06-09 10:12:39+00:00,LPL,2025,Split 2,1,2,15.11,Bilibili Gaming,Anyone's Legend,1805.5514492608345,1767.494204532286,38.05724472854854,0.8,0.7,0.10000000000000009,0.6363636363636364,0.6052834747335807,1
12437-12437_game_3,2025-06-09 11:03:38+00:00,LPL,2025,Split 2,1,3,15.11,Anyone's Legend,Bilibili Gaming,1753.2270608186998,1819.8091407278268,-66.58207990912706,0.7,0.8,-0.10000000000000009,0.3333333333333333,0.3947165252664193,1
12437-12437_game_4,2025-06-09 11:53:47+00:00,LPL,2025,Split 2,1,4,15.11,Bilibili Gaming,Anyone's Legend,1800.7857417909795,1772.2389364527821,28.546805338197373,0.8,0.8,0.0,0.6153846153846154,0.6052834747335807,1
12437-12437_game_5,2025-06-09 13:00:41+00:00,LPL,2025,Split 2,1,5,15.11,Anyone's Legend,Bilibili Gaming,1757.542071459316,1815.476009131166,-57.93393767184989,0.7,0.8,-0.10000000000000009,0.35714285714285715,0.3947165252664193,1
12438-12438_game_1,2025-06-11 09:15:52+00:00,LPL,2025,Split 2,1,1,15.11,Team WE,Invictus Gaming,1656.2449599561842,1680.559048424724,-24.31408846853992,0.6,0.6,0.0,0.30000000000000004,,0
12438-12438_game_2,2025-06-11 10:24:05+00:00,LPL,2025,Split 2,1,2,15.11,Team WE,Invictus Gaming,1641.3628184455097,1695.4412724619524,-54.07845401644272,0.6,0.7,-0.09999999999999998,0.2727272727272727,,0
12438-12438_game_3,2025-06-11 11:13:24+00:00,LPL,2025,Split 2,1,3,15.11,Team WE,Invictus Gaming,1627.8332606628865,1708.9709925480897,-81.13773188520327,0.5,0.7,-0.19999999999999996,0.25,,0
LOLTMNT01_251602,2025-06-13 08:18:23+00:00,LCK,2025,Rounds 1-2,1,1,15.11,Gen.G,Hanwha Life Esports,1909.4416654760018,1831.622949753933,77.81871572206887,0.8,0.6,0.20000000000000007,0.6904761904761905,0.6143889562461513,0
12439-12439_game_1,2025-06-13 09:16:33+00:00,LPL,2025,Split 2,1,1,15.11,Bilibili Gaming,Invictus Gaming,1796.8367309691741,1721.3012103252968,75.53552064387736,0.7,0.8,-0.10000000000000009,0.7,0.623863305255541,0
LOLTMNT01_252424,2025-06-13 09:32:05+00:00,LCK,2025,Rounds 1-2,1,2,15.11,Gen.G,Hanwha Life Esports,1889.9197110413782,1851.1478079740293,38.77190306734883,0.7,0.7,0.0,0.6744186046511628,0.6143889562461513,0
12439-12439_game_2,2025-06-13 10:14:46+00:00,LPL,2025,Split 2,1,2,15.11,Bilibili Gaming,Invictus Gaming,1777.4170822280607,1740.7257279583087,36.69135426975208,0.6,0.8,-0.20000000000000007,0.6363636363636364,0.623863305255541,1
LOLTMNT01_252430,2025-06-13 10:26:58+00:00,LCK,2025,Rounds 1-2,1,3,15.11,Gen.G,Hanwha Life Esports,1872.142975096791,1868.9259082981414,3.217066798649512,0.7,0.7,0.0,0.6590909090909091,0.6143889562461513,1
12439-12439_game_3,2025-06-13 11:13:08+00:00,LPL,2025,Split 2,1,3,15.11,Invictus Gaming,Bilibili Gaming,1726.4090656757453,1791.7357553917464,-65.32668971600106,0.8,0.6,0.20000000000000007,0.33333333333333337,0.376136694744459,0
LOLTMNT01_252434,2025-06-13 11:19:23+00:00,LCK,2025,Rounds 1-2,1,4,15.11,Hanwha Life Esports,Gen.G,1853.0740529064544,1887.994895156856,-34.92084225040162,0.7,0.7,0.0,0.33333333333333337,0.3856110437538487,0
12439-12439_game_4,2025-06-13 12:08:10+00:00,LPL,2025,Split 2,1,4,15.11,Invictus Gaming,Bilibili Gaming,1713.382342776753,1804.7660053891723,-91.38366261241936,0.7,0.6,0.09999999999999998,0.3076923076923077,0.376136694744459,0
LOLTMNT01_252445,2025-06-13 12:18:27+00:00,LCK,2025,Rounds 1-2,1,5,15.11,Hanwha Life Esports,Gen.G,1838.6767960568443,1902.3931734811267,-63.71637742428243,0.7,0.7,0.0,0.32608695652173914,0.3856110437538487,0
LOLTMNT01_252598,2025-06-14 06:20:04+00:00,LCK,2025,Rounds 1-2,1,1,15.11,T1,KT Rolster,1677.1889020966457,1754.7322491711038,-77.5433470744581,0.4,0.9,-0.5,0.7037037037037037,0.5417969752069062,0
LOLTMNT01_252614,2025-06-14 07:41:08+00:00,LCK,2025,Rounds 1-2,1,2,15.11,T1,KT Rolster,1664.7010219380281,1767.2260027777538,-102.52498083972569,0.4,0.9,-0.5,0.6785714285714286,0.5417969752069062,1
LOLTMNT01_252626,2025-06-14 08:38:50+00:00,LCK,2025,Rounds 1-2,1,3,15.11,KT Rolster,T1,1746.6444846996624,1685.2891693282581,61.35531537140423,0.9,0.5,0.4,0.3103448275862069,0.4582030247930938,0
12440-12440_game_1,2025-06-14 09:19:04+00:00,LPL,2025,Split 2,1,1,15.11,Anyone's Legend,Bilibili Gaming,1776.1726646371021,1816.6567549766255,-40.48409033952339,0.7,0.6,0.09999999999999998,0.4,0.4564300745390567,1
LOLTMNT01_251863,2025-06-14 09:34:19+00:00,LCK,2025,Rounds 1-2,1,4,15.11,KT Rolster,T1,1727.852542873752,1704.085170650066,23.767372223686152,0.8,0.5,0.30000000000000004,0.3,0.4582030247930938,0
12440-12440_game_2,2025-06-14 10:11:18+00:00,LPL,2025,Split 2,1,2,15.11,Bilibili Gaming,Anyone's Legend,1798.8026429280612,1794.0196801808343,4.782962747226975,0.5,0.7,-0.19999999999999996,0.5625,0.5435699254609433,0
12440-12440_game_3,2025-06-14 11:14:06+00:00,LPL,2025,Split 2,1,3,15.11,Bilibili Gaming,Anyone's Legend,1782.5823473377945,1810.2374570356783,-27.655109697883745,0.5,0.7,-0.19999999999999996,0.5294117647058824,0.5435699254609433,1
12440-12440_game_4,2025-06-14 12:20:57+00:00,LPL,2025,Split 2,1,4,15.11,Anyone's Legend,Bilibili Gaming,1792.9692227993019,1799.8517507960962,-6.882527996794352,0.7,0.5,0.19999999999999996,0.4444444444444444,0.4564300745390567,1
LOLTMNT01_252766,2025-06-15 06:17:37+00:00,LCK,2025,Rounds 1-2,1,1,15.11,Hanwha Life Esports,T1,1825.5785408783418,1721.1778184002856,104.4007224780562,0.6,0.5,0.09999999999999998,0.7058823529411765,0.6044210211034873,0
LOLTMNT01_253007,2025-06-15 07:20:05+00:00,LCK,2025,Rounds 1-2,1,2,15.11,Hanwha Life Esports,T1,1804.9104358442644,1741.8453136504934,63.065122193771,0.6,0.5,0.09999999999999998,0.6857142857142857,0.6044210211034873,0
LOLTMNT01_252771,2025-06-15 08:16:26+00:00,LCK,2025,Rounds 1-2,1,3,15.11,T1,Hanwha Life Esports,1760.717691572928,1786.0376985172752,-25.320006944347142,0.5,0.5,0.0,0.33333333333333337,0.3955789788965127,1
12558-12558_game_1,2025-07-19 07:13:52+00:00,LPL,2025,Split 3,0,1,15.14,EDward Gaming,Ultra Prime,1470.7364737923122,1438.727113279334,32.00936051297822,0.4,0.4,0.0,0.625,0.626555963235747,1
12558-12558_game_2,2025-07-19 08:14:23+00:00,LPL,2025,Split 3,0,2,15.14,Ultra Prime,EDward Gaming,1424.1865525799658,1485.2760162536265,-61.0894636736607,0.4,0.5,-0.09999999999999998,0.33333333333333337,0.373444036764253,0
12559-12559_game_1,2025-07-19 09:17:17+00:00,LPL,2025,Split 3,0,1,15.14,Weibo Gaming,FunPlus Phoenix,1600.4690652584204,1495.104909870149,105.36415538827146,0.4,0.4,0.0,0.5,0.6769058520271167,1
12559-12559_game_2,2025-07-19 10:13:38+00:00,LPL,2025,Split 3,0,2,15.14,FunPlus Phoenix,Weibo Gaming,1483.7037139448505,1611.7958146619744,-128.0921007171239,0.3,0.4,-0.10000000000000003,0.4444444444444444,0.3230941479728832,1
12559-12559_game_3,2025-07-19 11:07:40+00:00,LPL,2025,Split 3,0,3,15.14,Weibo Gaming,FunPlus Phoenix,1590.1868775569674,1505.2373024510275,84.94957510593986,0.3,0.3,0.0,0.5,0.6769058520271167,1
12560-12560_game_1,2025-07-19 12:18:44+00:00,LPL,2025,Split 3,0,1,15.14,Top Esports,Invictus Gaming,1653.9166631837106,1692.3647209705625,-38.448057786851905,0.4,0.7,-0.29999999999999993,0.6153846153846154,0.5719247723759346,1
12560-12560_game_2,2025-07-19 13:14:09+00:00,LPL,2025,Split 3,0,2,15.14,Invictus Gaming,Top Esports,1674.605626659075,1671.6764850609397,2.9291415981351747,0.6,0.4,0.19999999999999996,0.35714285714285715,0.4280752276240653,1
12560-12560_game_3,2025-07-19 14:08:34+00:00,LPL,2025,Split 3,0,3,15.14,Top Esports,Invictus Gaming,1655.8106558952593,1690.4698530958092,-34.6591972005499,0.3,0.6,-0.3,0.6,0.5719247723759346,1
12561-12561_game_1,2025-07-20 09:13:33+00:00,LPL,2025,Split 3,0,1,15.14,EDward Gaming,ThunderTalk Gaming,1498.5055799728032,1470.0597261765972,28.445853796205938,0.5,0.3,0.2,0.38461538461538464,0.567414506350886,1
12561-12561_game_2,2025-07-20 10:08:13+00:00,LPL,2025,Split 3,0,2,15.14,ThunderTalk Gaming,EDward Gaming,1455.3659437530923,1513.2056128098498,-57.83966905675743,0.3,0.6,-0.3,0.5714285714285714,0.432585493649114,0
12562-12562_game_1,2025-07-20 11:11:18+00:00,LPL,2025,Split 3,0,1,15.14,Weibo Gaming,Top Esports,1602.377045957203,1673.3987989360699,-71.02175297886674,0.4,0.4,0.0,0.2857142857142857,0.3922723941268861,0
12562-12562_game_2,2025-07-20 12:12:33+00:00,LPL,2025,Split 3,0,2,15.14,Weibo Gaming,Top Esports,1589.5879080888121,1686.1766940732948,-96.58878598448268,0.3,0.5,-0.2,0.2666666666666667,0.3922723941268861,1
12562-12562_game_3,2025-07-20 13:20:47+00:00,LPL,2025,Split 3,0,3,15.14,Top Esports,Weibo Gaming,1665.8443717671794,1609.9057104235785,55.93866134360087,0.5,0.4,0.09999999999999998,0.6875,0.6077276058731138,1
12563-12563_game_1,2025-07-21 09:13:27+00:00,LPL,2025,Split 3,0,1,15.14,Ultra Prime,ThunderTalk Gaming,1410.9498009641125,1442.003604779909,-31.053803815796527,0.3,0.3,0.0,0.2857142857142857,,1
12563-12563_game_2,2025-07-21 10:05:42+00:00,LPL,2025,Split 3,0,2,15.14,ThunderTalk Gaming,Ultra Prime,1424.5782470055397,1428.3673970074212,-3.7891500018815805,0.3,0.4,-0.10000000000000003,0.625,,1
12563-12563_game_3,2025-07-21 11:01:00+00:00,LPL,2025,Split 3,0,3,15.14,Ultra Prime,ThunderTalk Gaming,1412.1970041825039,1440.752707709878,-28.555703527374135,0.3,0.3,0.0,0.33333333333333337,,0
12564-12564_game_1,2025-07-21 12:04:38+00:00,LPL,2025,Split 3,0,1,15.14,LNG Esports,Ninjas in Pyjamas,1478.8159041104923,1452.2134051985875,26.60249891190483,0.7,0.2,0.49999999999999994,0.6,0.4158727991094862,0
12564-12564_game_2,2025-07-21 13:04:12+00:00,LPL,2025,Split 3,0,2,15.14,LNG Esports,Ninjas in Pyjamas,1461.6032311001868,1469.3923996758788,-7.789168575691974,0.6,0.3,0.3,0.5,0.4158727991094862,0
12565-12565_game_1,2025-07-22 09:14:09+00:00,LPL,2025,Split 3,0,1,15.14,LGD Gaming,Ninjas in Pyjamas,1483.9911632596347,1485.0229843764632,-1.031821116828496,0.4,0.4,0.0,0.3333333333333333,,0
12565-12565_game_2,2025-07-22 10:05:33+00:00,LPL,2025,Split 3,0,2,15.14,LGD Gaming,Ninjas in Pyjamas,1468.0384119059847,1500.9611043411574,-32.92269243517262,0.4,0.5,-0.09999999999999998,0.3,,1
12565-12565_game_3,2025-07-22 10:59:40+00:00,LPL,2025,Split 3,0,3,15.14,Ninjas in Pyjamas,LGD Gaming,1483.4596671059014,1485.5463539554125,-2.086686849511125,0.5,0.4,0.09999999999999998,0.6363636363636364,,1
12566-12566_game_1,2025-07-22 12:09:53+00:00,LPL,2025,Split 3,0,1,15.14,Invictus Gaming,Team WE,1672.8822299749495,1615.5032561115931,57.37897386335635,0.5,0.5,0.0,0.7692307692307693,,1
12566-12566_game_2,2025-07-22 13:10:18+00:00,LPL,2025,Split 3,0,2,15.14,Team WE,Invictus Gaming,1602.1218526323569,1686.2690534985318,-84.1472008661749,0.4,0.5,-0.09999999999999998,0.2142857142857143,,0
LOLTMNT01_265680,2025-07-23 08:07:58+00:00,LCK,2025,Rounds 3-5,0,1,15.14,Dplus Kia,HANJIN BRION,1581.2949103586739,1521.7250599390504,59.569850419623435,0.4,0.4,0.0,0.65,0.6852226895822874,1
LOLTMNT01_265707,2025-07-23 09:05:20+00:00,LCK,2025,Rounds 3-5,0,2,15.14,HANJIN BRION,Dplus Kia,1508.4347215251623,1594.5781891392812,-86.14346761411889,0.3,0.4,-0.10000000000000003,0.33333333333333337,0.3147773104177126,1
12567-12567_game_1,2025-07-23 09:16:09+00:00,LPL,2025,Split 3,0,1,15.14,FunPlus Phoenix,Top Esports,1492.9907165985146,1679.2928137416202,-186.30209714310558,0.3,0.5,-0.2,0.2,0.2107755218383392,0
LOLTMNT01_264713,2025-07-23 10:05:33+00:00,LCK,2025,Rounds 3-5,0,3,15.14,Dplus Kia,HANJIN BRION,1574.6904797349391,1528.3133936735196,46.377086061419504,0.3,0.3,0.0,0.6363636363636364,0.6852226895822874,0
12567-12567_game_2,2025-07-23 10:11:35+00:00,LPL,2025,Split 3,0,2,15.14,FunPlus Phoenix,Top Esports,1484.7249750829865,1687.4568051972608,-202.73183011427432,0.3,0.6,-0.3,0.1875,0.2107755218383392,0
LOLTMNT01_264750,2025-07-23 11:17:36+00:00,LCK,2025,Rounds 3-5,0,1,15.14,Gen.G,Hanwha Life Esports,1943.7912205371435,1792.954934854243,150.83628568290055,0.7,0.3,0.39999999999999997,0.6808510638297872,0.6306315684465087,1
12568-12568_game_1,2025-07-23 11:18:20+00:00,LPL,2025,Split 3,0,1,15.14,Team WE,Weibo Gaming,1589.9228917704113,1596.4500986779917,-6.527206907580421,0.3,0.4,-0.10000000000000003,0.6666666666666666,0.4160765533396232,1
LOLTMNT01_264776,2025-07-23 12:09:23+00:00,LCK,2025,Rounds 3-5,0,2,15.14,Hanwha Life Esports,Gen.G,1783.4953254030079,1953.2510477433375,-169.7557223403296,0.3,0.7,-0.39999999999999997,0.3125,0.3693684315534913,0
12568-12568_game_2,2025-07-23 12:15:59+00:00,LPL,2025,Split 3,0,2,15.14,Weibo Gaming,Team WE,1580.1532517057417,1606.2234415193934,-26.070189813651723,0.3,0.4,-0.10000000000000003,0.30000000000000004,0.5839234466603768,1
12568-12568_game_3,2025-07-23 13:15:16+00:00,LPL,2025,Split 3,0,3,15.14,Team WE,Weibo Gaming,1589.0251267513077,1597.3487826109715,-8.323655859663859,0.3,0.4,-0.10000000000000003,0.6363636363636364,0.4160765533396232,0
LOLTMNT01_266226,2025-07-24 08:05:02+00:00,LCK,2025,Rounds 3-5,0,1,15.14,DN SOOPers,BNK FEARX,1397.991404739477,1482.543953857856,-84.55254911837892,0.2,0.3,-0.09999999999999998,0.4444444444444444,0.3954460890681733,0
LOLTMNT01_266234,2025-07-24 08:56:45+00:00,LCK,2025,Rounds 3-5,0,2,15.14,DN SOOPers,BNK FEARX,1385.7970321280313,1494.7360615226905,-108.9390293946592,0.2,0.4,-0.2,0.42105263157894735,0.3954460890681733,0
12569-12569_game_1,2025-07-24 09:15:14+00:00,LPL,2025,Split 3,0,1,15.14,JD Gaming,Invictus Gaming,1565.754030048575,1698.4754261627822,-132.7213961142072,0.4,0.5,-0.09999999999999998,0.33333333333333337,0.4436386161503544,0
12569-12569_game_2,2025-07-24 10:04:19+00:00,LPL,2025,Split 3,0,2,15.14,JD Gaming,Invictus Gaming,1554.934931063914,1708.654387998688,-153.71945693477392,0.3,0.5,-0.2,0.30000000000000004,0.4436386161503544,0
LOLTMNT01_266276,2025-07-24 10:11:20+00:00,LCK,2025,Rounds 3-5,0,1,15.14,KT Rolster,Nongshim RedForce,1710.7615628548963,1583.5710933426196,127.19046951227665,0.7,0.5,0.19999999999999996,0.6190476190476191,0.6021985565588029,1
12570-12570_game_1,2025-07-24 11:08:16+00:00,LPL,2025,Split 3,0,1,15.14,ThunderTalk Gaming,LNG Esports,1455.4413294460835,1445.9576777212028,9.483651724880701,0.4,0.6,-0.19999999999999996,0.7142857142857143,0.5437328557700267,1
LOLTMNT01_266288,2025-07-24 11:15:19+00:00,LCK,2025,Rounds 3-5,0,2,15.14,Nongshim RedForce,KT Rolster,1573.1649609528158,1721.1591865600064,-147.99422560719063,0.4,0.7,-0.29999999999999993,0.36363636363636365,0.397801443441197,0
12570-12570_game_2,2025-07-24 12:11:02+00:00,LPL,2025,Split 3,0,2,15.14,LNG Esports,ThunderTalk Gaming,1430.3899278736249,1471.0049482528082,-40.615020379183306,0.6,0.4,0.19999999999999996,0.25,0.4562671442299733,0
LOLTMNT01_266736,2025-07-25 08:11:59+00:00,LCK,2025,Rounds 3-5,0,1,15.14,T1,Gen.G,1861.604261877838,1962.001672784608,-100.39741090676989,0.5,0.7,-0.19999999999999996,0.3513513513513513,0.3581163238673568,0
LOLTMNT01_266753,2025-07-25 09:06:04+00:00,LCK,2025,Rounds 3-5,0,2,15.14,T1,Gen.G,1850.1031693381233,1973.5028997214445,-123.39973038332118,0.4,0.7,-0.29999999999999993,0.3421052631578947,0.3581163238673568,1
12571-12571_game_1,2025-07-25 09:13:34+00:00,LPL,2025,Split 3,0,1,15.14,EDward Gaming,Ninjas in Pyjamas,1526.5775649312272,1499.5428969122613,27.03466801896593,0.6,0.6,0.0,0.0,0.4698166693013872,1
LOLTMNT01_266767,2025-07-25 10:00:20+00:00,LCK,2025,Rounds 3-5,0,3,15.14,Gen.G,T1,1952.047794707211,1871.558417847013,80.48937686019804,0.7,0.5,0.19999999999999996,0.6410256410256411,0.6418836761326432,0
12571-12571_game_2,2025-07-25 10:09:48+00:00,LPL,2025,Split 3,0,2,15.14,Ninjas in Pyjamas,EDward Gaming,1484.7597838497907,1541.340659479536,-56.58087562974538,0.6,0.6,0.0,0.6666666666666667,0.5301833306986128,0
12572-12572_game_1,2025-07-25 11:14:22+00:00,LPL,2025,Split 3,0,1,15.14,LGD Gaming,LNG Esports,1469.4503587199567,1416.2380590175926,53.212299702364135,0.4,0.6,-0.19999999999999996,0.7,0.4791024985931201,0
LOLTMNT01_266798,2025-07-25 11:15:42+00:00,LCK,2025,Rounds 3-5,0,1,15.14,HANJIN BRION,DRX,1546.4319085578345,1561.8474050540856,-15.41549649625108,0.3,0.4,-0.10000000000000003,0.33333333333333337,0.5273225291076479,0
12572-12572_game_2,2025-07-25 12:07:51+00:00,LPL,2025,Split 3,0,2,15.14,LGD Gaming,LNG Esports,1451.0234218221096,1434.6536067098616,16.369815112248034,0.3,0.6,-0.3,0.6363636363636364,0.4791024985931201,1
LOLTMNT01_266815,2025-07-25 12:09:55+00:00,LCK,2025,Rounds 3-5,0,2,15.14,HANJIN BRION,DRX,1531.1400205875427,1577.175494560157,-46.03547397261423,0.3,0.5,-0.2,0.31818181818181823,0.5273225291076479,1
12572-12572_game_3,2025-07-25 12:56:59+00:00,LPL,2025,Split 3,0,3,15.14,LNG Esports,LGD Gaming,1419.4018264165863,1466.2713914107105,-46.869564994124175,0.5,0.4,0.09999999999999998,0.33333333333333337,0.5208975014068798,0
LOLTMNT01_266848,2025-07-25 13:10:25+00:00,LCK,2025,Rounds 3-5,0,3,15.14,DRX,HANJIN BRION,1559.1447304144476,1549.2438827575008,9.90084765694678,0.4,0.4,0.0,0.6521739130434783,0.4726774708923521,0
LOLTMNT01_268648,2025-07-26 06:07:12+00:00,LCK,2025,Rounds 3-5,0,1,15.14,Dplus Kia,BNK FEARX,1556.5673327834559,1505.8894636121368,50.67786917131912,0.3,0.5,-0.2,0.7727272727272727,0.6287731805192474,1
LOLTMNT01_268653,2025-07-26 07:03:38+00:00,LCK,2025,Rounds 3-5,0,2,15.14,BNK FEARX,Dplus Kia,1492.2014299281923,1570.2499439198748,-78.04851399168251,0.4,0.3,0.10000000000000003,0.21739130434782608,0.3712268194807526,0
12573-12573_game_1,2025-07-26 07:13:10+00:00,LPL,2025,Split 3,0,1,15.14,Ninjas in Pyjamas,Ultra Prime,1471.3053040587597,1397.5024214840519,73.80288257470784,0.5,0.2,0.3,0.8571428571428571,,1
12573-12573_game_2,2025-07-26 08:03:34+00:00,LPL,2025,Split 3,0,2,15.14,Ultra Prime,Ninjas in Pyjamas,1384.8324934873845,1483.9847119465915,-99.152218459207,0.2,0.6,-0.39999999999999997,0.125,,1
LOLTMNT01_269192,2025-07-26 08:31:59+00:00,LCK,2025,Rounds 3-5,0,1,15.14,Hanwha Life Esports,KT Rolster,1774.744913395197,1730.7347650911674,44.0101483040296,0.3,0.7,-0.39999999999999997,0.65,0.6287731805192474,1
12573-12573_game_3,2025-07-26 08:53:08+00:00,LPL,2025,Split 3,0,3,15.14,Ninjas in Pyjamas,Ultra Prime,1463.5741218722083,1405.2561957769155,58.317926095292705,0.5,0.3,0.2,0.7777777777777778,,1
LOLTMNT01_269211,2025-07-26 09:30:22+00:00,LCK,2025,Rounds 3-5,0,2,15.14,KT Rolster,Hanwha Life Esports,1716.7486903099223,1788.7289541339367,-71.9802638240144,0.6,0.4,0.19999999999999996,0.33333333333333337,0.3712268194807526,0
12574-12574_game_1,2025-07-26 10:12:01+00:00,LPL,2025,Split 3,0,1,15.14,Anyone's Legend,Bilibili Gaming,1869.9053419065792,1720.3740126125135,149.5313292940657,0.6,0.4,0.19999999999999996,0.5454545454545454,0.6514042345968927,1
12574-12574_game_2,2025-07-26 11:19:28+00:00,LPL,2025,Split 3,0,2,15.14,Bilibili Gaming,Anyone's Legend,1710.4304474911817,1879.6103204100557,-169.17987291887403,0.3,0.6,-0.3,0.4347826086956522,0.3485957654031073,1
12574-12574_game_3,2025-07-26 12:21:12+00:00,LPL,2025,Split 3,0,3,15.14,Anyone's Legend,Bilibili Gaming,1856.5843799801667,1733.2425244572491,123.34185552291751,0.6,0.3,0.3,0.5416666666666666,0.6514042345968927,0
12575-12575_game_1,2025-07-26 13:23:16+00:00,LPL,2025,Split 3,0,1,15.14,JD Gaming,Team WE,1544.9399136958095,1573.4083678758348,-28.46845418002522,0.2,0.3,-0.09999999999999998,0.5833333333333334,0.5622990578627225,1
12575-12575_game_2,2025-07-26 14:12:33+00:00,LPL,2025,Split 3,0,2,15.14,Team WE,JD Gaming,1556.1002856544164,1562.029177671449,-5.928892017032467,0.2,0.3,-0.09999999999999998,0.3846153846153846,0.4377009421372775,1
12575-12575_game_3,2025-07-26 15:01:13+00:00,LPL,2025,Split 3,0,3,15.14,JD Gaming,Team WE,1545.7004443823498,1572.373292306616,-26.67284792426608,0.2,0.2,0.0,0.5714285714285714,0.5622990578627225,1
LOLTMNT01_268996,2025-07-27 06:05:40+00:00,LCK,2025,Rounds 3-5,0,1,15.14,DN SOOPers,DRX,1374.6407937164302,1542.7120657070545,-168.07127199062438,0.2,0.3,-0.09999999999999998,0.3684210526315789,0.3572922464358556,0
LOLTMNT01_270006,2025-07-27 07:06:53+00:00,LCK,2025,Rounds 3-5,0,2,15.14,DN SOOPers,DRX,1365.8105355972202,1551.682099186905,-185.87156358968468,0.2,0.4,-0.2,0.35,0.3572922464358556,1
LOLTMNT01_269548,2025-07-27 08:04:07+00:00,LCK,2025,Rounds 3-5,0,3,15.14,DRX,DN SOOPers,1528.0070124448398,1389.6199275134468,138.38708493139302,0.4,0.3,0.10000000000000003,0.6190476190476191,0.6427077535641443,1
12576-12576_game_1,2025-07-27 09:14:28+00:00,LPL,2025,Split 3,0,1,15.14,Bilibili Gaming,FunPlus Phoenix,1754.3325849218363,1477.0264582744155,277.3061266474208,0.4,0.3,0.10000000000000003,0.7,0.7829523062682465,1
LOLTMNT01_270043,2025-07-27 09:29:10+00:00,LCK,2025,Rounds 3-5,0,1,15.14,T1,Nongshim RedForce,1891.2001492621705,1563.5808982894735,327.61925097269705,0.6,0.3,0.3,0.631578947368421,0.7527845992650007,1
12576-12576_game_2,2025-07-27 10:08:17+00:00,LPL,2025,Split 3,0,2,15.14,FunPlus Phoenix,Bilibili Gaming,1471.544362320839,1760.0934689211688,-288.5491066003299,0.3,0.4,-0.10000000000000003,0.2727272727272727,0.2170476937317534,0
LOLTMNT01_270056,2025-07-27 10:26:37+00:00,LCK,2025,Rounds 3-5,0,2,15.14,Nongshim RedForce,T1,1559.3527441094413,1895.4148843595835,-336.0621402501422,0.2,0.6,-0.39999999999999997,0.35,0.2472154007349992,0
12577-12577_game_1,2025-07-27 11:12:03+00:00,LPL,2025,Split 3,0,1,15.14,Anyone's Legend,Weibo Gaming,1835.269862085821,1612.968740490472,222.30112159534883,0.5,0.5,0.0,0.6470588235294118,0.6927283204556924,1
12577-12577_game_2,2025-07-27 12:06:03+00:00,LPL,2025,Split 3,0,2,15.14,Weibo Gaming,Anyone's Legend,1605.9846458583027,1842.4367943281518,-236.45214846984913,0.5,0.5,0.0,0.33333333333333337,0.3072716795443076,1
12577-12577_game_3,2025-07-27 12:58:20+00:00,LPL,2025,Split 3,0,3,15.14,Anyone's Legend,Weibo Gaming,1817.159833808514,1631.435382826136,185.7244509823779,0.4,0.5,-0.09999999999999998,0.631578947368421,0.6927283204556924,0
12578-12578_game_1,2025-07-28 09:14:07+00:00,LPL,2025,Split 3,0,1,15.14,LGD Gaming,EDward Gaming,1480.1293498996579,1554.7669140674757,-74.6375641678178,0.4,0.7,-0.29999999999999993,0.6,0.3171239422297922,0
12578-12578_game_2,2025-07-28 10:11:06+00:00,LPL,2025,Split 3,0,2,15.14,LGD Gaming,EDward Gaming,1467.5097416279568,1567.3919911005057,-99.88224947254889,0.4,0.7,-0.29999999999999993,0.5,0.3171239422297922,0
12579-12579_game_1,2025-07-28 11:13:22+00:00,LPL,2025,Split 3,0,1,15.14,Top Esports,JD Gaming,1695.0590886402729,1562.7530351552036,132.30605348506924,0.6,0.3,0.3,0.6923076923076923,0.6423957238677335,1
12579-12579_game_2,2025-07-28 12:05:13+00:00,LPL,2025,Split 3,0,2,15.14,JD Gaming,Top Esports,1552.1325158598597,1705.2488478221094,-153.11633196224966,0.3,0.7,-0.39999999999999997,0.2962962962962963,0.3576042761322665,0
12580-12580_game_1,2025-07-29 09:13:16+00:00,LPL,2025,Split 3,0,1,15.14,Ultra Prime,LGD Gaming,1391.9046487602657,1455.9811536901748,-64.0765049299091,0.3,0.3,0.0,0.33333333333333337,,0
12580-12580_game_2,2025-07-29 10:03:15+00:00,LPL,2025,Split 3,0,2,15.14,Ultra Prime,LGD Gaming,1378.8100797909487,1469.0668175890492,-90.2567377981004,0.2,0.4,-0.2,0.2857142857142857,,1
12580-12580_game_3,2025-07-29 10:58:29+00:00,LPL,2025,Split 3,0,3,15.14,LGD Gaming,Ultra Prime,1449.005699648324,1398.8596740300725,50.14602561825154,0.4,0.3,0.10000000000000003,0.625,,1
12581-12581_game_1,2025-07-29 12:03:27+00:00,LPL,2025,Split 3,0,1,15.14,FunPlus Phoenix,Invictus Gaming,1466.3520795922968,1718.0139796500018,-251.661900057705,0.2,0.5,-0.3,0.3333333333333333,0.2302342472552656,1
12581-12581_game_2,2025-07-29 13:10:27+00:00,LPL,2025,Split 3,0,2,15.14,Invictus Gaming,FunPlus Phoenix,1692.1113478627515,1492.179956064191,199.93139179856053,0.5,0.3,0.2,0.625,0.7697657527447344,0
LOLTMNT01_271620,2025-07-30 08:07:21+00:00,LCK,2025,Rounds 3-5,0,1,15.14,DRX,Dplus Kia,1538.0762446684796,1582.7149434979685,-44.63869882948893,0.4,0.3,0.10000000000000003,0.2,0.3377608171147869,1
12582-12582_game_1,2025-07-30 09:16:28+00:00,LPL,2025,Split 3,0,1,15.14,Anyone's Legend,Team WE,1793.5009892281855,1555.14737934031,238.35360988787556,0.4,0.2,0.2,0.7142857142857143,0.7593527530941575,1
LOLTMNT01_272131,2025-07-30 09:19:17+00:00,LCK,2025,Rounds 3-5,0,2,15.14,Dplus Kia,DRX,1564.670493728601,1556.083051907687,8.587441820914137,0.3,0.5,-0.2,0.75,0.6622391828852131,1
12582-12582_game_2,2025-07-30 10:09:25+00:00,LPL,2025,Split 3,0,2,15.14,Team WE,Anyone's Legend,1548.6742144201557,1800.1415930926803,-251.46737867252455,0.2,0.5,-0.3,0.2666666666666667,0.2406472469058425,1
LOLTMNT01_272144,2025-07-30 10:17:32+00:00,LCK,2025,Rounds 3-5,0,3,15.14,DRX,Dplus Kia,1540.4760920855954,1580.27510814755,-39.79901606195472,0.4,0.4,0.0,0.23529411764705882,0.3377608171147869,0
12582-12582_game_3,2025-07-30 11:06:23+00:00,LPL,2025,Split 3,0,3,15.14,Anyone's Legend,Team WE,1774.39129876762,1574.5821100131445,199.80918875447537,0.4,0.3,0.10000000000000003,0.6875,0.7593527530941575,1
LOLTMNT01_271687,2025-07-30 11:48:43+00:00,LCK,2025,Rounds 3-5,0,1,15.14,KT Rolster,T1,1704.0138161962234,1899.454918616983,-195.44110242075953,0.5,0.7,-0.19999999999999996,0.2903225806451613,0.4743361291937613,0
LOLTMNT01_271704,2025-07-30 12:38:20+00:00,LCK,2025,Rounds 3-5,0,2,15.14,KT Rolster,T1,1696.1657719882248,1907.2973800611264,-211.1316080729016,0.4,0.7,-0.29999999999999993,0.28125,0.4743361291937613,0
LOLTMNT01_272461,2025-07-31 08:06:28+00:00,LCK,2025,Rounds 3-5,0,1,15.14,BNK FEARX,HANJIN BRION,1479.7289899246891,1565.6990333833714,-85.97004345868231,0.4,0.5,-0.09999999999999998,0.8,0.4482855947251703,1
LOLTMNT01_272463,2025-07-31 09:09:20+00:00,LCK,2025,Rounds 3-5,0,2,15.14,HANJIN BRION,BNK FEARX,1545.8247002731014,1499.6017724538983,46.22292781920305,0.4,0.5,-0.09999999999999998,0.1875,0.5517144052748297,0
12584-12584_game_1,2025-07-31 09:14:23+00:00,LPL,2025,Split 3,0,1,15.14,Top Esports,Team WE,1714.6255363185326,1566.8875552475286,147.73798107100401,0.8,0.3,0.5,0.7333333333333334,0.7181419842140739,0
12584-12584_game_2,2025-07-31 10:10:06+00:00,LPL,2025,Split 3,0,2,15.14,Top Esports,Team WE,1692.2083071659995,1589.3086798546174,102.89962731138212,0.7,0.4,0.29999999999999993,0.6875,0.7181419842140739,1
LOLTMNT01_273014,2025-07-31 10:31:25+00:00,LCK,2025,Rounds 3-5,0,1,15.14,Nongshim RedForce,Hanwha Life Esports,1594.6270532677786,1801.4607832923896,-206.833730024611,0.1,0.5,-0.4,0.05882352941176472,0.3750353771103328,0
12584-12584_game_3,2025-07-31 11:03:16+00:00,LPL,2025,Split 3,0,3,15.14,Team WE,Top Esports,1577.9135007204359,1703.6062573142688,-125.69275659383288,0.3,0.8,-0.5,0.29411764705882354,0.281858015785926,0
LOLTMNT01_273023,2025-07-31 11:20:55+00:00,LCK,2025,Rounds 3-5,0,2,15.14,Nongshim RedForce,Hanwha Life Esports,1586.8507010781163,1808.9214910358999,-222.07078995778352,0.1,0.6,-0.5,0.05555555555555558,0.3750353771103328,0
12585-12585_game_1,2025-07-31 12:10:52+00:00,LPL,2025,Split 3,0,1,15.14,Weibo Gaming,Bilibili Gaming,1655.2397942126736,1765.5471240818795,-110.30732986920589,0.6,0.5,0.09999999999999998,0.23076923076923073,0.3772932124456442,0
12585-12585_game_2,2025-07-31 13:13:26+00:00,LPL,2025,Split 3,0,2,15.14,Weibo Gaming,Bilibili Gaming,1644.144110616795,1776.7889564444463,-132.64484582765135,0.5,0.6,-0.09999999999999998,0.2222222222222222,0.3772932124456442,0
LOLTMNT01_272688,2025-08-01 08:04:50+00:00,LCK,2025,Rounds 3-5,0,1,15.14,Gen.G,KT Rolster,1932.4061577496627,1688.840382638257,243.56577511140563,0.6,0.3,0.3,0.6428571428571429,0.7867602918695231,1
LOLTMNT01_272695,2025-08-01 09:03:41+00:00,LCK,2025,Rounds 3-5,0,2,15.14,KT Rolster,Gen.G,1682.5158029056697,1938.725922652801,-256.21011974713133,0.2,0.6,-0.39999999999999997,0.33333333333333337,0.2132397081304768,0
12586-12586_game_1,2025-08-01 09:15:12+00:00,LPL,2025,Split 3,0,1,15.14,FunPlus Phoenix,JD Gaming,1492.6781448133875,1542.3284946821072,-49.650349868719786,0.3,0.3,0.0,0.35714285714285715,0.3901667238779205,0
12586-12586_game_2,2025-08-01 10:13:33+00:00,LPL,2025,Split 3,0,2,15.14,FunPlus Phoenix,JD Gaming,1478.8719804130333,1556.1611121766148,-77.28913176358151,0.3,0.3,0.0,0.3333333333333333,0.3901667238779205,0
LOLTMNT01_273235,2025-08-01 10:25:35+00:00,LCK,2025,Rounds 3-5,0,1,15.14,Dplus Kia,DN SOOPers,1594.4502714300972,1379.6619301385717,214.7883412915255,0.5,0.3,0.2,0.5882352941176471,0.7545909410072269,1
LOLTMNT01_272717,2025-08-01 11:17:00+00:00,LCK,2025,Rounds 3-5,0,2,15.14,DN SOOPers,Dplus Kia,1372.4444904029574,1601.6521802675902,-229.2076898646328,0.2,0.6,-0.39999999999999997,0.3888888888888889,0.2454090589927731,0
12587-12587_game_1,2025-08-01 11:19:24+00:00,LPL,2025,Split 3,0,1,15.14,Invictus Gaming,Weibo Gaming,1667.811755215692,1633.9600033877998,33.85175182789226,0.5,0.5,0.0,0.36363636363636365,0.5398074402071312,1
12587-12587_game_2,2025-08-01 12:18:19+00:00,LPL,2025,Split 3,0,2,15.14,Weibo Gaming,Invictus Gaming,1619.511319636564,1682.2596589825189,-62.748339345954946,0.4,0.6,-0.19999999999999996,0.6086956521739131,0.4601925597928687,0
LOLTMNT01_273344,2025-08-02 06:07:06+00:00,LCK,2025,Rounds 3-5,0,1,15.14,T1,Hanwha Life Esports,1914.6174775946408,1815.8921612899017,98.72531630473918,0.8,0.6,0.20000000000000007,0.3513513513513513,0.5823622775966819,1
LOLTMNT01_272834,2025-08-02 06:59:14+00:00,LCK,2025,Rounds 3-5,0,2,15.14,Hanwha Life Esports,T1,1804.3200730491965,1926.1895678403944,-121.8694947911979,0.5,0.9,-0.4,0.631578947368421,0.4176377224033181,0
12588-12588_game_1,2025-08-02 07:14:34+00:00,LPL,2025,Split 3,0,1,15.14,ThunderTalk Gaming,LGD Gaming,1485.143833150219,1462.7146098497747,22.42922330044439,0.4,0.5,-0.09999999999999998,1.0,,0
12588-12588_game_2,2025-08-02 08:08:52+00:00,LPL,2025,Split 3,0,2,15.14,ThunderTalk Gaming,LGD Gaming,1468.1127869357629,1479.7450699764395,-11.632283040676612,0.4,0.5,-0.09999999999999998,0.6666666666666667,,0
LOLTMNT01_273361,2025-08-02 08:31:55+00:00,LCK,2025,Rounds 3-5,0,1,15.14,BNK FEARX,DRX,1517.7141487792994,1526.272982857569,-8.558834078269683,0.5,0.4,0.09999999999999998,0.5625,0.5489369270263859,1
12589-12589_game_1,2025-08-02 09:16:36+00:00,LPL,2025,Split 3,0,1,15.14,LNG Esports,Ultra Prime,1435.9362915630031,1385.1449994284003,50.79129213460283,0.4,0.3,0.10000000000000003,0.8,0.6188687878087552,1
LOLTMNT01_273365,2025-08-02 09:27:00+00:00,LCK,2025,Rounds 3-5,0,2,15.14,DRX,BNK FEARX,1509.8895337097024,1534.1076597125566,-24.218126002854206,0.4,0.6,-0.19999999999999996,0.4117647058823529,0.4510630729736141,1
12589-12589_game_2,2025-08-02 10:17:17+00:00,LPL,2025,Split 3,0,2,15.14,Ultra Prime,LNG Esports,1371.459989884439,1449.7873058293428,-78.32731594490383,0.3,0.4,-0.10000000000000003,0.16666666666666663,0.3811312121912448,1
LOLTMNT01_273370,2025-08-02 10:24:29+00:00,LCK,2025,Rounds 3-5,0,3,15.14,BNK FEARX,DRX,1516.9960150218603,1526.9899374176819,-9.993922395821528,0.5,0.4,0.09999999999999998,0.5555555555555556,0.5489369270263859,0
12589-12589_game_3,2025-08-02 11:06:40+00:00,LPL,2025,Split 3,0,3,15.14,LNG Esports,Ultra Prime,1430.4396159769278,1390.9965419015734,39.44307407535439,0.3,0.3,0.0,0.7142857142857143,0.6188687878087552,0
12590-12590_game_1,2025-08-02 12:17:14+00:00,LPL,2025,Split 3,0,1,15.14,JD Gaming,Anyone's Legend,1568.830773513147,1782.2243958708211,-213.39362235767408,0.4,0.4,0.0,0.6666666666666667,0.3484680444034354,0
12590-12590_game_2,2025-08-02 13:12:50+00:00,LPL,2025,Split 3,0,2,15.14,JD Gaming,Anyone's Legend,1561.21916112688,1789.6036418747215,-228.3844807478415,0.4,0.5,-0.09999999999999998,0.625,0.3484680444034354,0
LOLTMNT05_145072,2025-08-02 15:14:26+00:00,LEC,2025,Summer,0,1,15.15,Natus Vincere,Karmine Corp,1552.129689627481,1753.9574622557818,-201.82777262830086,,0.7,,,0.1995684005611133,0
LOLTMNT05_145074,2025-08-02 16:02:43+00:00,LEC,2025,Summer,0,2,15.15,Karmine Corp,Natus Vincere,1761.5846223174117,1543.4058301041707,218.17879221324097,0.7,,,,0.8004315994388866,1
LOLTMNT05_145075,2025-08-02 16:51:45+00:00,LEC,2025,Summer,0,1,15.15,Team Heretics,Fnatic,1580.568785142236,1661.2488992397205,-80.68011409748442,0.3,0.3,0.0,0.2727272727272727,0.2543368451536855,0
LOLTMNT05_145081,2025-08-02 17:43:46+00:00,LEC,2025,Summer,0,2,15.15,Team Heretics,Fnatic,1568.1978846199006,1673.6631972944292,-105.4653126745286,0.2,0.4,-0.2,0.25,0.2543368451536855,1
LOLTMNT05_146099,2025-08-02 18:30:16+00:00,LEC,2025,Summer,0,3,15.15,Fnatic,Team Heretics,1653.0353634043317,1588.8870016540404,64.14836175029131,0.4,0.3,0.10000000000000003,0.6923076923076923,0.7456631548463144,1
LOLTMNT01_273420,2025-08-03 06:07:00+00:00,LCK,2025,Rounds 3-5,0,1,15.14,DN SOOPers,HANJIN BRION,1365.6806323353878,1527.7116240295295,-162.03099169414168,0.2,0.4,-0.2,0.3684210526315789,0.3322470018788714,0
LOLTMNT01_272915,2025-08-03 07:03:34+00:00,LCK,2025,Rounds 3-5,0,2,15.14,DN SOOPers,HANJIN BRION,1356.632275360429,1536.7550259341908,-180.12275057376178,0.2,0.5,-0.3,0.35,0.3322470018788714,0
LOLTMNT01_273430,2025-08-03 08:33:38+00:00,LCK,2025,Rounds 3-5,0,1,15.14,Nongshim RedForce,Gen.G,1579.5755645772988,1944.6846431928764,-365.1090786155776,0.0,0.6,-0.6,0.11111111111111116,0.1588558113866907,0
12591-12591_game_1,2025-08-03 09:13:30+00:00,LPL,2025,Split 3,0,1,15.14,LNG Esports,EDward Gaming,1412.7575879971384,1578.9266778905626,-166.16908989342414,0.2,0.8,-0.6000000000000001,0.375,0.3008580300038134,0
LOLTMNT01_272927,2025-08-03 09:25:54+00:00,LCK,2025,Rounds 3-5,0,2,15.14,Nongshim RedForce,Gen.G,1575.827912400243,1948.1704780911882,-372.3425656909453,0.0,0.7,-0.7,0.10526315789473684,0.1588558113866907,0
12591-12591_game_2,2025-08-03 10:10:12+00:00,LPL,2025,Split 3,0,2,15.14,LNG Esports,EDward Gaming,1403.6787065608182,1587.8234000447094,-184.14469348389116,0.2,0.9,-0.7,0.33333333333333337,0.3008580300038134,0
12592-12592_game_1,2025-08-03 11:15:03+00:00,LPL,2025,Split 3,0,1,15.14,Bilibili Gaming,Top Esports,1787.147646463986,1714.0608570880117,73.08678937597415,0.7,0.8,-0.10000000000000009,0.6451612903225806,0.5475204134773581,1
12592-12592_game_2,2025-08-03 12:15:10+00:00,LPL,2025,Split 3,0,2,15.14,Top Esports,Bilibili Gaming,1701.3759200006036,1799.902167548805,-98.52624754820135,0.7,0.7,0.0,0.34375,0.4524795865226418,0
LOLTMNT05_146142,2025-08-03 15:09:00+00:00,LEC,2025,Summer,0,1,15.15,Team BDS,SK Gaming,1518.812988209633,1511.112439244132,7.700548965500957,0.3,0.0,0.3,0.8888888888888888,,1
LOLTMNT05_146144,2025-08-03 16:08:24+00:00,LEC,2025,Summer,0,2,15.15,SK Gaming,Team BDS,1495.464486750728,1534.4557236746034,-38.991236923875476,0.0,0.4,-0.4,0.1,,0
LOLTMNT05_146146,2025-08-03 17:01:36+00:00,LEC,2025,Summer,0,1,15.15,GiantX,Karmine Corp,1615.590747066479,1768.6785181885139,-153.08777112203484,0.6,0.7,-0.09999999999999998,0.42857142857142855,0.2956372969158324,0
LOLTMNT05_146151,2025-08-03 17:59:10+00:00,LEC,2025,Summer,0,2,15.15,GiantX,Karmine Corp,1606.2061084563302,1778.0522365272293,-171.8461280708991,0.5,0.7,-0.19999999999999996,0.375,0.2956372969158324,1
LOLTMNT05_146152,2025-08-03 18:50:16+00:00,LEC,2025,Summer,0,3,15.15,Karmine Corp,GiantX,1754.726587142381,1629.5211345771893,125.20545256519176,0.6,0.6,0.0,0.5555555555555556,0.7043627030841676,1
12593-12593_game_1,2025-08-04 09:11:58+00:00,LPL,2025,Split 3,0,1,15.15,Team WE,FunPlus Phoenix,1567.4618701891056,1466.2751988882296,101.18667130087601,0.3,0.3,0.0,0.75,0.6025617856055473,0
12593-12593_game_2,2025-08-04 10:07:48+00:00,LPL,2025,Split 3,0,2,15.15,Team WE,FunPlus Phoenix,1546.929498132152,1486.6982393336534,60.23125879849863,0.3,0.3,0.0,0.6666666666666667,0.6025617856055473,1
12593-12593_game_3,2025-08-04 11:00:00+00:00,LPL,2025,Split 3,0,3,15.15,FunPlus Phoenix,Team WE,1473.3762774967824,1560.183214524474,-86.80693702769145,0.3,0.4,-0.10000000000000003,0.3,0.3974382143944527,0
LOLTMNT05_146170,2025-08-04 15:08:13+00:00,LEC,2025,Summer,0,1,15.15,SK Gaming,Fnatic,1481.2203833547615,1666.1543119123733,-184.9339285576118,0.0,0.5,-0.5,0.36363636363636365,0.2108075811211024,0
LOLTMNT05_146172,2025-08-04 15:53:27+00:00,LEC,2025,Summer,0,2,15.15,SK Gaming,Fnatic,1472.9010392310327,1674.4795846469428,-201.57854541591018,0.0,0.5,-0.5,0.33333333333333337,0.2108075811211024,0
LOLTMNT05_145155,2025-08-04 16:50:58+00:00,LEC,2025,Summer,0,1,15.15,GiantX,Team Vitality,1619.0411687407534,1602.560397096859,16.480771643894286,0.5,0.4,0.09999999999999998,0.5,0.5804865310976602,1
LOLTMNT05_145156,2025-08-04 17:41:10+00:00,LEC,2025,Summer,0,2,15.15,Team Vitality,GiantX,1587.301747970303,1634.283709036365,-46.98196106606201,0.4,0.5,-0.09999999999999998,0.4285714285714286,0.4195134689023397,0
12595-12595_game_1,2025-08-05 09:12:23+00:00,LPL,2025,Split 3,0,1,15.15,Ninjas in Pyjamas,ThunderTalk Gaming,1476.9314047399862,1452.6481223040823,24.283282435903857,0.6,0.4,0.19999999999999996,0.42857142857142855,,0
12595-12595_game_2,2025-08-05 10:16:59+00:00,LPL,2025,Split 3,0,2,15.15,Ninjas in Pyjamas,ThunderTalk Gaming,1459.8190149715576,1469.7642718839063,-9.945256912348668,0.5,0.5,0.0,0.375,,1
12595-12595_game_3,2025-08-05 11:21:38+00:00,LPL,2025,Split 3,0,3,15.15,ThunderTalk Gaming,Ninjas in Pyjamas,1453.3065560762032,1476.2690278414123,-22.962471765209102,0.5,0.5,0.0,0.5555555555555556,,0
12596-12596_game_1,2025-08-05 12:22:02+00:00,LPL,2025,Split 3,0,1,15.15,Top Esports,Anyone's Legend,1689.7931588621825,1796.5040086134243,-106.71084975124177,0.7,0.5,0.19999999999999996,0.5909090909090908,0.4187152459456469,1
12596-12596_game_2,2025-08-05 13:20:13+00:00,LPL,2025,Split 3,0,2,15.15,Anyone's Legend,Top Esports,1775.8062372808788,1710.5563047384435,65.24993254243532,0.5,0.7,-0.19999999999999996,0.391304347826087,0.5812847540543531,1
12596-12596_game_3,2025-08-05 14:11:16+00:00,LPL,2025,Split 3,0,3,15.15,Top Esports,Anyone's Legend,1697.5249978279674,1788.8695122634667,-91.34451443549938,0.6,0.6,0.0,0.5833333333333333,0.4187152459456469,1
LOLTMNT02_294403,2025-08-06 08:06:02+00:00,LCK,2025,Rounds 3-5,0,1,15.15,Hanwha Life Esports,Nongshim RedForce,1793.7129658920592,1541.5707460720616,252.14221981999754,0.5,0.0,0.5,0.9473684210526315,0.7876956150859445,1
LOLTMNT02_295361,2025-08-06 08:57:50+00:00,LCK,2025,Rounds 3-5,0,2,15.15,Nongshim RedForce,Hanwha Life Esports,1535.480060573535,1799.7859141435042,-264.30585356996926,0.0,0.5,-0.5,0.050000000000000044,0.2123043849140554,0
12597-12597_game_1,2025-08-06 09:16:50+00:00,LPL,2025,Split 3,0,1,15.15,Bilibili Gaming,JD Gaming,1811.5939582646638,1554.1012728308087,257.49268543385506,0.8,0.4,0.4,0.5384615384615384,0.7021576242060441,0
12597-12597_game_2,2025-08-06 10:18:03+00:00,LPL,2025,Split 3,0,2,15.15,Bilibili Gaming,JD Gaming,1785.7459912863674,1579.8606944761125,205.88529681025489,0.8,0.5,0.30000000000000004,0.5,0.7021576242060441,1
LOLTMNT02_295398,2025-08-06 10:22:21+00:00,LCK,2025,Rounds 3-5,0,1,15.15,HANJIN BRION,BNK FEARX,1545.1384114391178,1501.4555595360848,43.682851903033,0.6,0.5,0.09999999999999998,0.17647058823529416,0.511199206172384,0
12597-12597_game_3,2025-08-06 11:13:25+00:00,LPL,2025,Split 3,0,3,15.15,JD Gaming,Bilibili Gaming,1572.0609291707874,1793.4392348527394,-221.37830568195204,0.4,0.9,-0.5,0.4666666666666667,0.2978423757939559,0
LOLTMNT02_294485,2025-08-06 11:18:00+00:00,LCK,2025,Rounds 3-5,0,2,15.15,HANJIN BRION,BNK FEARX,1527.139580564577,1519.4542109517515,7.685369612825525,0.6,0.6,0.0,0.16666666666666663,0.511199206172384,0
12598-12598_game_1,2025-08-06 12:20:10+00:00,LPL,2025,Split 3,0,1,15.15,Invictus Gaming,Anyone's Legend,1695.4045379978656,1768.805677678388,-73.40113968052242,0.7,0.5,0.19999999999999996,0.19999999999999996,0.4211571978160684,1
12598-12598_game_2,2025-08-06 13:18:33+00:00,LPL,2025,Split 3,0,2,15.15,Anyone's Legend,Invictus Gaming,1749.5090172102937,1714.730983316047,34.77803389424662,0.5,0.7,-0.19999999999999996,0.7272727272727273,0.5788428021839316,0
LOLTMNT02_294883,2025-08-07 08:06:22+00:00,LCK,2025,Rounds 3-5,0,1,15.15,DRX,DN SOOPers,1542.5392521439312,1390.479664256526,152.0595878874053,0.5,0.1,0.4,0.6363636363636364,0.6367425089095304,0
LOLTMNT02_294895,2025-08-07 09:05:39+00:00,LCK,2025,Rounds 3-5,0,2,15.15,DRX,DN SOOPers,1520.021536594129,1412.8350369310729,107.18649966305611,0.5,0.2,0.3,0.6086956521739131,0.6367425089095304,1
12599-12599_game_1,2025-08-07 09:11:31+00:00,LPL,2025,Split 3,0,1,15.15,LNG Esports,LGD Gaming,1449.6531849117532,1495.2100208315671,-45.55683591981392,0.2,0.6,-0.39999999999999997,0.3076923076923077,0.4313329651043838,1
LOLTMNT02_294910,2025-08-07 10:04:12+00:00,LCK,2025,Rounds 3-5,0,3,15.15,DN SOOPers,DRX,1401.4752096397754,1531.2883806715668,-129.8131710317914,0.2,0.5,-0.3,0.375,0.3632574910904695,1
12599-12599_game_2,2025-08-07 10:11:39+00:00,LPL,2025,Split 3,0,2,15.15,LGD Gaming,LNG Esports,1477.1255916833845,1467.6462795848959,9.479312098488663,0.6,0.3,0.3,0.6428571428571429,0.5686670348956162,0
12600-12600_game_1,2025-08-07 11:18:54+00:00,LPL,2025,Split 3,0,1,15.15,ThunderTalk Gaming,Ninjas in Pyjamas,1438.3622286538186,1491.216456409937,-52.85422775611846,0.5,0.5,0.0,0.5,,1
LOLTMNT02_295940,2025-08-07 11:20:03+00:00,LCK,2025,Rounds 3-5,0,1,15.15,Gen.G,T1,1951.5290636302993,1936.7966771239194,14.732386506379953,0.8,0.9,-0.09999999999999998,0.625,0.5788428021839316,0
LOLTMNT02_295962,2025-08-07 12:13:48+00:00,LCK,2025,Rounds 3-5,0,2,15.15,Gen.G,T1,1934.8510356916402,1953.4747195361456,-18.623683844505422,0.7,0.9,-0.20000000000000007,0.6097560975609756,0.5788428021839316,1
12600-12600_game_2,2025-08-07 12:17:10+00:00,LPL,2025,Split 3,0,2,15.15,Ninjas in Pyjamas,ThunderTalk Gaming,1472.8126266941301,1456.7771114386437,16.035515255486416,0.5,0.6,-0.09999999999999998,0.45454545454545453,,1
LOLTMNT02_295986,2025-08-07 13:06:46+00:00,LCK,2025,Rounds 3-5,0,3,15.15,T1,Gen.G,1936.6178909267705,1951.7078472151002,-15.089956288329631,0.9,0.7,0.20000000000000007,0.38095238095238093,0.4211571978160684,0
12600-12600_game_3,2025-08-07 13:12:34+00:00,LPL,2025,Split 3,0,3,15.15,ThunderTalk Gaming,Ninjas in Pyjamas,1441.5149080200438,1488.0759498187829,-46.5610417987391,0.5,0.5,0.0,0.5,,0
LOLTMNT02_296408,2025-08-08 08:08:25+00:00,LCK,2025,Rounds 3-5,0,1,15.15,BNK FEARX,Dplus Kia,1535.807727140804,1608.4014273202424,-72.59370017943843,0.6,0.7,-0.09999999999999998,0.20833333333333334,0.3444682204558151,1
LOLTMNT02_296421,2025-08-08 09:07:31+00:00,LCK,2025,Rounds 3-5,0,2,15.15,Dplus Kia,BNK FEARX,1589.1061792354935,1555.0996260027061,34.00655323278738,0.6,0.6,0.0,0.76,0.6555317795441848,0
12601-12601_game_1,2025-08-08 09:28:06+00:00,LPL,2025,Split 3,0,1,15.15,Ultra Prime,LNG Esports,1408.8003903046924,1484.1268165879358,-75.32642628324334,0.4,0.4,0.0,0.375,0.452479586522642,0
12601-12601_game_2,2025-08-08 10:19:13+00:00,LPL,2025,Split 3,0,2,15.15,Ultra Prime,LNG Esports,1396.2073450272867,1497.0100338957375,-100.80268886845079,0.4,0.4,0.0,0.33333333333333337,0.452479586522642,1
LOLTMNT02_296450,2025-08-08 10:27:25+00:00,LCK,2025,Rounds 3-5,0,1,15.15,KT Rolster,Hanwha Life Esports,1676.0799392182005,1805.5217953488998,-129.4418561306993,0.2,0.6,-0.39999999999999997,0.31818181818181823,0.3311553155698605,0
12601-12601_game_3,2025-08-08 11:11:53+00:00,LPL,2025,Split 3,0,3,15.15,LNG Esports,Ultra Prime,1476.8238076623788,1416.7132266621254,60.11058100025343,0.4,0.5,-0.09999999999999998,0.6,0.547520413477358,0
LOLTMNT02_296483,2025-08-08 11:28:56+00:00,LCK,2025,Rounds 3-5,0,2,15.15,KT Rolster,Hanwha Life Esports,1665.776155276678,1815.822099213931,-150.045943937253,0.2,0.7,-0.49999999999999994,0.30434782608695654,0.3311553155698605,0
12602-12602_game_1,2025-08-08 12:27:53+00:00,LPL,2025,Split 3,0,1,15.15,Anyone's Legend,FunPlus Phoenix,1731.9217153379388,1461.2104601057636,270.7112552321753,0.5,0.3,0.2,0.7142857142857143,0.7518615207024816,0
12602-12602_game_2,2025-08-08 13:18:58+00:00,LPL,2025,Split 3,0,2,15.15,Anyone's Legend,FunPlus Phoenix,1705.56104267434,1487.532663584152,218.02837909018785,0.4,0.4,0.0,0.6666666666666666,0.7518615207024816,1
12602-12602_game_3,2025-08-08 14:16:15+00:00,LPL,2025,Split 3,0,3,15.15,FunPlus Phoenix,Anyone's Legend,1480.3226261546738,1712.7293980701663,-232.40677191549253,0.4,0.5,-0.09999999999999998,0.3125,0.2481384792975184,0
LOLTMNT02_296815,2025-08-09 06:11:11+00:00,LCK,2025,Rounds 3-5,0,1,15.15,DRX,HANJIN BRION,1509.6280591456048,1510.7861354433637,-1.158076297758953,0.5,0.5,0.0,0.625,0.4484729247748363,1
LOLTMNT02_296825,2025-08-09 07:06:28+00:00,LCK,2025,Rounds 3-5,0,2,15.15,HANJIN BRION,DRX,1494.7329014247807,1525.6827950378536,-30.949893613072845,0.4,0.5,-0.09999999999999998,0.36,0.5515270752251636,1
12603-12603_game_1,2025-08-09 07:12:33+00:00,LPL,2025,Split 3,0,1,15.15,Team WE,Bilibili Gaming,1572.2667796565177,1800.6247888824182,-228.35800922590056,0.4,0.9,-0.5,0.1428571428571429,0.2623510623693921,0
LOLTMNT02_296837,2025-08-09 07:56:20+00:00,LCK,2025,Rounds 3-5,0,3,15.15,DRX,HANJIN BRION,1508.2755046354955,1512.1532627278866,-3.8777580923911046,0.4,0.5,-0.09999999999999998,0.6153846153846154,0.4484729247748363,0
12603-12603_game_2,2025-08-09 08:06:18+00:00,LPL,2025,Split 3,0,2,15.15,Team WE,Bilibili Gaming,1565.4914274349899,1807.5820253235695,-242.09059788857962,0.4,0.9,-0.5,0.1333333333333333,0.2623510623693921,1
12603-12603_game_3,2025-08-09 08:55:36+00:00,LPL,2025,Split 3,0,3,15.15,Bilibili Gaming,Team WE,1782.1167703592594,1591.1286558321501,190.98811452710925,0.8,0.5,0.30000000000000004,0.8125,0.7376489376306079,1
LOLTMNT02_297840,2025-08-09 09:16:24+00:00,LCK,2025,Rounds 3-5,0,1,15.15,Nongshim RedForce,T1,1529.7276080126676,1921.3123701490028,-391.58476213633526,0.0,0.8,-0.8,0.3333333333333333,0.2321807982458528,0
12604-12604_game_1,2025-08-09 10:00:42+00:00,LPL,2025,Split 3,0,1,15.15,Top Esports,Weibo Gaming,1717.6356421344037,1606.3648253723,111.27081676210378,0.6,0.4,0.19999999999999996,0.7058823529411765,0.6415393502306198,1
LOLTMNT02_297863,2025-08-09 10:06:29+00:00,LCK,2025,Rounds 3-5,0,2,15.15,Nongshim RedForce,T1,1526.6763473039293,1924.3521499795347,-397.6758026756054,0.0,0.8,-0.8,0.3181818181818182,0.2321807982458528,0
12604-12604_game_2,2025-08-09 10:52:54+00:00,LPL,2025,Split 3,0,2,15.15,Weibo Gaming,Top Esports,1595.3125688462976,1728.681357862451,-133.3687890161534,0.4,0.6,-0.19999999999999996,0.2777777777777778,0.3584606497693802,0
12605-12605_game_1,2025-08-09 11:57:41+00:00,LPL,2025,Split 3,0,1,15.15,Invictus Gaming,JD Gaming,1732.3250821988681,1564.7782886130972,167.54679358577096,0.8,0.4,0.4,0.7272727272727273,0.6439796220071707,1
12605-12605_game_2,2025-08-09 12:52:11+00:00,LPL,2025,Split 3,0,2,15.15,JD Gaming,Invictus Gaming,1555.6861118219504,1741.1625849193265,-185.47647309737613,0.3,0.8,-0.5,0.25,0.3560203779928293,0
LOLTMNT05_146696,2025-08-09 15:08:27+00:00,LEC,2025,Summer,0,1,15.15,G2 Esports,Team Heretics,1730.5236738174506,1575.793604124217,154.73006969323365,0.5,0.3,0.2,1.0,0.7583318091902541,1
LOLTMNT05_146700,2025-08-09 16:04:34+00:00,LEC,2025,Summer,0,2,15.15,G2 Esports,Team Heretics,1739.8347062048658,1566.4570451368131,173.3776610680527,0.5,0.3,0.2,1.0,0.7583318091902541,1
LOLTMNT05_146705,2025-08-09 16:57:02+00:00,LEC,2025,Summer,0,1,15.15,Movistar KOI,GiantX,1748.5656753887401,1648.136051785062,100.42962360367824,0.4,0.5,-0.09999999999999998,0.8333333333333334,0.6119556811365381,0
LOLTMNT05_145693,2025-08-09 17:54:11+00:00,LEC,2025,Summer,0,2,15.15,Movistar KOI,GiantX,1728.0653861571463,1668.6307229207691,59.43466323637722,0.4,0.5,-0.09999999999999998,0.7142857142857143,0.6119556811365381,1
LOLTMNT05_146708,2025-08-09 18:41:39+00:00,LEC,2025,Summer,0,3,15.15,GiantX,Movistar KOI,1655.3380386898473,1741.35471865308,-86.01667996323272,0.5,0.5,0.0,0.25,0.3880443188634619,0
LOLTMNT02_298258,2025-08-10 06:06:45+00:00,LCK,2025,Rounds 3-5,0,1,15.15,KT Rolster,Gen.G,1656.2827076339963,1967.0133802954497,-310.73067266145335,0.2,0.7,-0.49999999999999994,0.3125,0.2110829434666105,0
LOLTMNT02_299237,2025-08-10 07:02:39+00:00,LCK,2025,Rounds 3-5,0,2,15.15,KT Rolster,Gen.G,1651.6958823685188,1971.596881818156,-319.9009994496371,0.1,0.7,-0.6,0.2941176470588235,0.2110829434666105,0
LOLTMNT02_299274,2025-08-10 08:19:07+00:00,LCK,2025,Rounds 3-5,0,1,15.15,DN SOOPers,Dplus Kia,1423.0191802010208,1571.5451021459435,-148.52592194492263,0.3,0.6,-0.3,0.3684210526315789,0.2223337948111269,0
12606-12606_game_1,2025-08-10 09:13:03+00:00,LPL,2025,Split 3,0,1,15.15,ThunderTalk Gaming,EDward Gaming,1427.6459814054572,1596.0710783997174,-168.42509699426023,0.4,1.0,-0.6,0.5333333333333333,0.3194812416373588,1
LOLTMNT02_298318,2025-08-10 09:24:53+00:00,LCK,2025,Rounds 3-5,0,2,15.15,DN SOOPers,Dplus Kia,1413.2889953040158,1581.0935330859734,-167.8045377819576,0.3,0.7,-0.39999999999999997,0.35,0.2223337948111269,0
12606-12606_game_2,2025-08-10 10:11:33+00:00,LPL,2025,Split 3,0,2,15.15,EDward Gaming,ThunderTalk Gaming,1572.8828348861641,1450.845803445989,122.03703144017504,0.9,0.4,0.5,0.4375,0.6805187583626412,1
12606-12606_game_3,2025-08-10 11:02:26+00:00,LPL,2025,Split 3,0,3,15.15,ThunderTalk Gaming,EDward Gaming,1440.2447671732743,1583.4930049631537,-143.24823778987934,0.3,0.9,-0.6000000000000001,0.5294117647058824,0.3194812416373588,0
12607-12607_game_1,2025-08-10 12:06:54+00:00,LPL,2025,Split 3,0,1,15.15,Bilibili Gaming,Team WE,1790.2595485612778,1583.1334579279555,207.1260906333223,0.8,0.4,0.4,0.8235294117647058,0.7408506958900773,1
12607-12607_game_2,2025-08-10 13:16:38+00:00,LPL,2025,Split 3,0,2,15.15,Team WE,Bilibili Gaming,1575.6823870590754,1797.8532371481488,-222.17085008907338,0.4,0.8,-0.4,0.16666666666666663,0.2591493041099226,1
12607-12607_game_3,2025-08-10 14:10:29+00:00,LPL,2025,Split 3,0,3,15.15,Bilibili Gaming,Team WE,1772.9568355767028,1600.7148685533757,172.2419670233271,0.7,0.4,0.29999999999999993,0.7894736842105263,0.7408506958900773,1
LOLTMNT05_146756,2025-08-10 15:12:55+00:00,LEC,2025,Summer,0,1,15.15,Fnatic,Team BDS,1682.230249264982,1548.6899948916848,133.5402543732971,0.5,0.4,0.09999999999999998,0.6470588235294118,,1
LOLTMNT05_146759,2025-08-10 16:01:53+00:00,LEC,2025,Summer,0,2,15.15,Fnatic,Team BDS,1692.4476962520675,1538.47063877145,153.97705748061753,0.6,0.3,0.3,0.6666666666666666,,1
LOLTMNT05_146760,2025-08-10 16:57:30+00:00,LEC,2025,Summer,0,1,15.15,Karmine Corp,Movistar KOI,1765.1981560482186,1753.472512945611,11.725643102607592,0.6,0.5,0.09999999999999998,0.5625,0.5975004981072934,1
LOLTMNT05_146765,2025-08-10 17:46:47+00:00,LEC,2025,Summer,0,2,15.15,Movistar KOI,Karmine Corp,1738.0122921263799,1780.6583969271983,-42.64610480081842,0.5,0.6,-0.09999999999999998,0.4117647058823529,0.4024995018927065,1
LOLTMNT05_145755,2025-08-10 18:36:14+00:00,LEC,2025,Summer,0,3,15.15,Karmine Corp,Movistar KOI,1762.7043453153044,1755.9664083231903,6.737936992114101,0.6,0.5,0.09999999999999998,0.5555555555555556,0.5975004981072934,1
12608-12608_game_1,2025-08-11 09:09:58+00:00,LPL,2025,Split 3,0,1,15.15,Ultra Prime,Ninjas in Pyjamas,1435.4483139867084,1501.952917319595,-66.50460333288652,0.5,0.6,-0.09999999999999998,0.19999999999999996,,0
12608-12608_game_2,2025-08-11 10:03:44+00:00,LPL,2025,Split 3,0,2,15.15,Ultra Prime,Ninjas in Pyjamas,1422.46821818255,1514.9389599978244,-92.47074181527455,0.5,0.7,-0.19999999999999996,0.18181818181818177,,0
12609-12609_game_1,2025-08-11 11:10:44+00:00,LPL,2025,Split 3,0,1,15.15,JD Gaming,FunPlus Phoenix,1520.5969836761228,1473.5660638830475,47.03091979307533,0.3,0.4,-0.10000000000000003,0.6875,0.6248416133737411,1
12609-12609_game_2,2025-08-11 12:03:33+00:00,LPL,2025,Split 3,0,2,15.15,FunPlus Phoenix,JD Gaming,1484.7363482111946,1534.5441939319521,-49.80784572075754,0.3,0.4,-0.10000000000000003,0.29411764705882354,0.3751583866262589,0
12610-12610_game_1,2025-08-12 09:11:19+00:00,LPL,2025,Split 3,0,1,15.15,Ninjas in Pyjamas,LGD Gaming,1526.7935502232108,1460.6894550903994,66.10409513281138,0.7,0.5,0.19999999999999996,0.6666666666666667,,1
12610-12610_game_2,2025-08-12 10:04:04+00:00,LPL,2025,Split 3,0,2,15.15,LGD Gaming,Ninjas in Pyjamas,1447.6955327894757,1539.7955086212728,-92.09997583179711,0.4,0.8,-0.4,0.3076923076923077,,0
12611-12611_game_1,2025-08-12 11:06:03+00:00,LPL,2025,Split 3,0,1,15.15,Weibo Gaming,Team WE,1585.160900684613,1592.055172907314,-6.894272222701147,0.3,0.4,-0.10000000000000003,0.41666666666666663,0.5691169088532786,0
12611-12611_game_2,2025-08-12 12:00:28+00:00,LPL,2025,Split 3,0,2,15.15,Weibo Gaming,Team WE,1569.4783594895753,1607.7377223596418,-38.259362870066525,0.2,0.5,-0.3,0.3846153846153846,0.5691169088532786,1
12611-12611_game_3,2025-08-12 12:50:28+00:00,LPL,2025,Split 3,0,3,15.15,Team WE,Weibo Gaming,1589.9829047856215,1587.2310541398977,2.7518506457238345,0.5,0.3,0.2,0.5714285714285714,0.4308830911467214,0
LOLTMNT02_301617,2025-08-13 08:10:10+00:00,LCK,2025,Rounds 3-5,0,1,15.15,T1,KT Rolster,1927.2968310378,1647.3126960375812,279.9841350002189,0.8,0.0,0.8,0.7272727272727273,0.7565591991414566,1
LOLTMNT02_301624,2025-08-13 08:55:40+00:00,LCK,2025,Rounds 3-5,0,2,15.15,KT Rolster,T1,1641.9861871693806,1932.6200544925246,-290.63386732314393,0.0,0.8,-0.8,0.2647058823529412,0.2434408008585433,0
12612-12612_game_1,2025-08-13 09:11:30+00:00,LPL,2025,Split 3,0,1,15.15,JD Gaming,Top Esports,1548.370236589213,1738.826101575661,-190.45586498644798,0.4,0.6,-0.19999999999999996,0.2857142857142857,0.3430807687088419,0
12612-12612_game_2,2025-08-13 10:08:07+00:00,LPL,2025,Split 3,0,2,15.15,JD Gaming,Top Esports,1539.9191208444158,1746.8415520635797,-206.92243121916385,0.3,0.7,-0.39999999999999997,0.27586206896551724,0.3430807687088419,1
LOLTMNT02_301649,2025-08-13 10:08:55+00:00,LCK,2025,Rounds 3-5,0,1,15.15,BNK FEARX,DN SOOPers,1572.6592312945252,1404.2799958948333,168.37923539969188,0.7,0.2,0.49999999999999994,0.6,0.7015523008304823,1
12612-12612_game_3,2025-08-13 11:03:30+00:00,LPL,2025,Split 3,0,3,15.15,Top Esports,JD Gaming,1722.3010967907678,1564.046245173064,158.2548516177037,0.6,0.4,0.19999999999999996,0.7,0.656919231291158,1
LOLTMNT02_301669,2025-08-13 11:06:30+00:00,LCK,2025,Rounds 3-5,0,2,15.15,DN SOOPers,BNK FEARX,1359.2655589354863,1581.4652362096135,-222.19967727412723,0.2,0.8,-0.6000000000000001,0.38095238095238093,0.2984476991695177,1
LOLTMNT02_301689,2025-08-13 11:56:13+00:00,LCK,2025,Rounds 3-5,0,3,15.15,BNK FEARX,DN SOOPers,1556.4369590620176,1384.2861078362494,172.1508512257683,0.7,0.3,0.39999999999999997,0.5909090909090909,0.7015523008304823,1
12613-12613_game_1,2025-08-13 12:04:13+00:00,LPL,2025,Split 3,0,1,15.15,Bilibili Gaming,Anyone's Legend,1781.7288727596344,1719.447194501044,62.281678258590546,0.7,0.5,0.19999999999999996,0.48,0.5501683559005647,1
12613-12613_game_2,2025-08-13 12:56:33+00:00,LPL,2025,Split 3,0,2,15.15,Anyone's Legend,Bilibili Gaming,1706.2506663103882,1794.924162874481,-88.67349656409283,0.4,0.7,-0.29999999999999993,0.5,0.4498316440994353,1
12613-12613_game_3,2025-08-13 13:49:40+00:00,LPL,2025,Split 3,0,3,15.15,Bilibili Gaming,Anyone's Legend,1774.977579869336,1726.2082257375903,48.769354131745786,0.7,0.4,0.29999999999999993,0.4814814814814815,0.5501683559005647,0
LOLTMNT02_301984,2025-08-14 08:07:37+00:00,LCK,2025,Rounds 3-5,0,1,15.15,Gen.G,Nongshim RedForce,1975.9769584609057,1523.720769472191,452.2561889887147,0.8,0.0,0.8,0.9,0.8341269349502459,1
LOLTMNT02_301999,2025-08-14 08:58:22+00:00,LCK,2025,Rounds 3-5,0,2,15.15,Nongshim RedForce,Gen.G,1521.5067500381122,1978.182467478738,-456.67571744062593,0.0,0.9,-0.9,0.09523809523809523,0.165873065049754,0
12614-12614_game_1,2025-08-14 09:12:19+00:00,LPL,2025,Split 3,0,1,15.15,Ninjas in Pyjamas,EDward Gaming,1551.6635681538144,1593.2562232084965,-41.592655054682155,0.8,0.9,-0.09999999999999998,0.5,0.4696594266310432,0
LOLTMNT02_300855,2025-08-14 10:09:25+00:00,LCK,2025,Rounds 3-5,0,1,15.15,Dplus Kia,DRX,1589.9154989888132,1496.3147540638433,93.60074492496983,0.7,0.4,0.29999999999999993,0.7777777777777778,0.6621467945378007,1
12614-12614_game_2,2025-08-14 10:10:52+00:00,LPL,2025,Split 3,0,2,15.15,Ninjas in Pyjamas,EDward Gaming,1537.5624924598003,1607.3535154555307,-69.79102299573037,0.8,0.9,-0.09999999999999998,0.4,0.4696594266310432,1
12614-12614_game_3,2025-08-14 11:09:02+00:00,LPL,2025,Split 3,0,3,15.15,EDward Gaming,Ninjas in Pyjamas,1588.187126302089,1556.7238538241374,31.463272477951477,0.8,0.8,0.0,0.5,0.5303405733689568,0
LOLTMNT02_300868,2025-08-14 11:14:41+00:00,LCK,2025,Rounds 3-5,0,2,15.15,DRX,Dplus Kia,1484.4962170063463,1601.7063684830266,-117.21015147668027,0.4,0.7,-0.29999999999999993,0.21052631578947367,0.3378532054621993,0
12615-12615_game_1,2025-08-14 12:10:46+00:00,LPL,2025,Split 3,0,1,15.15,FunPlus Phoenix,Team WE,1470.9905114600817,1573.8561802777363,-102.86566881765452,0.2,0.4,-0.2,0.2727272727272727,0.3773591836094168,0
12615-12615_game_2,2025-08-14 13:05:23+00:00,LPL,2025,Split 3,0,2,15.15,FunPlus Phoenix,Team WE,1459.5570649324834,1585.2527780710711,-125.69571313858773,0.2,0.4,-0.2,0.25,0.3773591836094168,0
LOLTMNT02_302238,2025-08-15 08:06:45+00:00,LCK,2025,Rounds 3-5,0,1,15.15,HANJIN BRION,DN SOOPers,1527.9748680827734,1408.0915900114655,119.88327807130781,0.5,0.3,0.2,0.6666666666666667,0.6610331453500286,1
LOLTMNT02_302252,2025-08-15 09:05:41+00:00,LCK,2025,Rounds 3-5,0,2,15.15,DN SOOPers,HANJIN BRION,1367.9267691900288,1538.666582406407,-170.73981321637825,0.3,0.5,-0.2,0.3181818181818182,0.3389668546499714,1
12616-12616_game_1,2025-08-15 09:18:00+00:00,LPL,2025,Split 3,0,1,15.15,Anyone's Legend,Invictus Gaming,1744.415399136145,1749.355415257906,-4.9400161217611185,0.5,0.8,-0.30000000000000004,0.6666666666666666,0.5257915421705694,1
LOLTMNT02_302264,2025-08-15 09:59:50+00:00,LCK,2025,Rounds 3-5,0,3,15.15,HANJIN BRION,DN SOOPers,1515.3847911124471,1391.2053892559468,124.17940185650036,0.5,0.4,0.09999999999999998,0.6521739130434783,0.6610331453500286,0
12616-12616_game_2,2025-08-15 10:10:51+00:00,LPL,2025,Split 3,0,2,15.15,Invictus Gaming,Anyone's Legend,1733.1279246769377,1760.6356949772312,-27.507770300293487,0.7,0.5,0.19999999999999996,0.3076923076923077,0.4742084578294305,0
LOLTMNT02_303069,2025-08-15 11:15:30+00:00,LCK,2025,Rounds 3-5,0,1,15.15,Hanwha Life Esports,T1,1825.3120300558912,1937.676760062785,-112.36473000689375,0.8,0.8,0.0,0.6153846153846154,0.3837055851621719,0
12617-12617_game_1,2025-08-15 11:16:50+00:00,LPL,2025,Split 3,0,1,15.15,Bilibili Gaming,Weibo Gaming,1756.7658348857362,1603.3580030748585,153.40783181087772,0.6,0.3,0.3,0.7857142857142857,0.6988971878975967,0
LOLTMNT02_302301,2025-08-15 12:15:57+00:00,LCK,2025,Rounds 3-5,0,2,15.15,Hanwha Life Esports,T1,1814.3134337326906,1948.6753555404316,-134.36192180774106,0.7,0.8,-0.10000000000000009,0.6,0.3837055851621719,0
12617-12617_game_2,2025-08-15 12:29:59+00:00,LPL,2025,Split 3,0,2,15.15,Bilibili Gaming,Weibo Gaming,1734.2012223037786,1625.9901739962418,108.21104830753688,0.5,0.3,0.2,0.7586206896551724,0.6988971878975967,1
12617-12617_game_3,2025-08-15 13:28:46+00:00,LPL,2025,Split 3,0,3,15.15,Weibo Gaming,Bilibili Gaming,1614.8135948374165,1745.4233475709327,-130.6097527335162,0.3,0.5,-0.2,0.23333333333333328,0.3011028121024033,0
LOLTMNT02_303137,2025-08-16 06:05:19+00:00,LCK,2025,Rounds 3-5,0,1,15.15,Nongshim RedForce,KT Rolster,1519.3447489237253,1633.7325051679059,-114.38775624418054,0.0,0.0,0.0,0.34782608695652173,0.392459043567521,0
LOLTMNT02_303138,2025-08-16 07:00:28+00:00,LCK,2025,Rounds 3-5,0,2,15.15,Nongshim RedForce,KT Rolster,1508.4190299565657,1644.651033883619,-136.23200392705326,0.0,0.1,-0.1,0.33333333333333337,0.392459043567521,1
12618-12618_game_1,2025-08-16 07:15:37+00:00,LPL,2025,Split 3,0,1,15.15,Team WE,JD Gaming,1595.7042721916284,1554.5006633159596,41.203608875668806,0.5,0.4,0.09999999999999998,0.4,0.4369599680488131,1
LOLTMNT02_303139,2025-08-16 07:51:07+00:00,LCK,2025,Rounds 3-5,0,3,15.15,KT Rolster,Nongshim RedForce,1622.6841905201698,1530.3785104769545,92.30568004321526,0.1,0.1,0.0,0.64,0.607540956432479,1
12618-12618_game_2,2025-08-16 08:07:38+00:00,LPL,2025,Split 3,0,2,15.15,JD Gaming,Team WE,1540.238966924006,1609.8156246964656,-69.57665777245961,0.3,0.5,-0.2,0.5625,0.5630400319511869,1
12618-12618_game_3,2025-08-16 09:01:28+00:00,LPL,2025,Split 3,0,3,15.15,Team WE,JD Gaming,1590.6536611502993,1559.2056046924542,31.44805645784504,0.5,0.4,0.09999999999999998,0.4117647058823529,0.4369599680488131,0
LOLTMNT02_303157,2025-08-16 09:05:30+00:00,LCK,2025,Rounds 3-5,0,1,15.15,DRX,BNK FEARX,1473.6679342336163,1565.1044917660092,-91.43655753239295,0.4,0.7,-0.29999999999999993,0.4736842105263158,0.4029976820945593,1
LOLTMNT02_303158,2025-08-16 09:58:29+00:00,LCK,2025,Rounds 3-5,0,2,15.15,BNK FEARX,DRX,1544.9910928384368,1493.7612514651228,51.229841373314,0.6,0.4,0.19999999999999996,0.5,0.5970023179054407,1
12619-12619_game_1,2025-08-16 10:03:51+00:00,LPL,2025,Split 3,0,1,15.15,ThunderTalk Gaming,Ultra Prime,1430.490767788098,1410.62157066559,19.869197122508012,0.3,0.5,-0.2,0.7,,0
LOLTMNT02_302398,2025-08-16 10:51:13+00:00,LCK,2025,Rounds 3-5,0,3,15.15,DRX,BNK FEARX,1480.0910333582597,1558.6503724846305,-78.55933912637079,0.3,0.7,-0.39999999999999997,0.47619047619047616,0.4029976820945593,1
12619-12619_game_2,2025-08-16 10:55:23+00:00,LPL,2025,Split 3,0,2,15.15,ThunderTalk Gaming,Ultra Prime,1413.5768902688226,1427.5342626660536,-13.957372397230984,0.3,0.5,-0.2,0.6363636363636364,,1
12619-12619_game_3,2025-08-16 11:54:45+00:00,LPL,2025,Split 3,0,3,15.15,Ultra Prime,ThunderTalk Gaming,1410.8931546739168,1430.219230804423,-19.32607613050618,0.5,0.3,0.2,0.33333333333333337,,1
12620-12620_game_1,2025-08-16 13:04:49+00:00,LPL,2025,Split 3,0,1,15.15,Invictus Gaming,Top Esports,1718.3908227434088,1731.4801396538005,-13.089316910391744,0.6,0.6,0.0,0.375,0.4383949298429383,0
12620-12620_game_2,2025-08-16 13:53:49+00:00,LPL,2025,Split 3,0,2,15.15,Invictus Gaming,Top Esports,1702.9926976290349,1746.8777600888013,-43.88506245976646,0.6,0.7,-0.09999999999999998,0.35294117647058826,0.4383949298429383,1
12620-12620_game_3,2025-08-16 14:46:32+00:00,LPL,2025,Split 3,0,3,15.15,Top Esports,Invictus Gaming,1728.8678888437112,1721.0014858998918,7.8664029438193666,0.7,0.7,0.0,0.6111111111111112,0.5616050701570616,0
LOLTMNT06_133372,2025-08-16 15:07:19+00:00,LEC,2025,Summer,0,1,15.16,Movistar KOI,Natus Vincere,1740.2766620621212,1535.2383659104898,205.03829615163136,0.5,,,,0.7839021954305718,1
LOLTMNT06_133374,2025-08-16 16:02:38+00:00,LEC,2025,Summer,0,2,15.16,Natus Vincere,Movistar KOI,1526.734543533966,1747.7966476406873,-221.06210410672134,0.0,0.5,-0.5,,0.2160978045694281,0
LOLTMNT06_132374,2025-08-16 17:12:08+00:00,LEC,2025,Summer,0,1,15.16,Team Heretics,SK Gaming,1557.813595979953,1465.1574717396938,92.65612424025926,0.3,0.0,0.3,0.5714285714285714,0.666111342143225,0
LOLTMNT06_133390,2025-08-16 18:11:57+00:00,LEC,2025,Summer,0,2,15.16,Team Heretics,SK Gaming,1537.6604138873122,1485.2639264958887,52.396487391423534,0.2,0.1,0.1,0.5333333333333333,0.666111342143225,1
LOLTMNT06_132386,2025-08-16 19:06:52+00:00,LEC,2025,Summer,0,3,15.16,SK Gaming,Team Heretics,1471.6256857596086,1551.2740770795206,-79.64839131991198,0.1,0.3,-0.19999999999999998,0.4375,0.333888657856775,1
LOLTMNT02_302438,2025-08-17 06:07:44+00:00,LCK,2025,Rounds 3-5,0,1,15.15,Hanwha Life Esports,Gen.G,1804.2099515659872,1980.336301955586,-176.12635038959866,0.6,0.9,-0.30000000000000004,0.30612244897959184,0.2797047659500517,0
LOLTMNT02_303218,2025-08-17 07:00:19+00:00,LCK,2025,Rounds 3-5,0,2,15.15,Hanwha Life Esports,Gen.G,1795.6907635294526,1988.8555752565298,-193.16481172707722,0.5,0.9,-0.4,0.30000000000000004,0.2797047659500517,1
LOLTMNT02_303220,2025-08-17 07:55:07+00:00,LCK,2025,Rounds 3-5,0,3,15.15,Gen.G,Hanwha Life Esports,1964.7759346819646,1819.770485707999,145.0054489739657,0.8,0.5,0.30000000000000004,0.6862745098039216,0.7202952340499482,1
LOLTMNT02_302449,2025-08-17 09:10:43+00:00,LCK,2025,Rounds 3-5,0,1,15.15,HANJIN BRION,Dplus Kia,1493.9007689687216,1612.5045036225074,-118.60373465378575,0.5,0.8,-0.30000000000000004,0.3913043478260869,0.3574286835916898,1
12621-12621_game_1,2025-08-17 09:10:55+00:00,LPL,2025,Split 3,0,1,15.15,Weibo Gaming,Anyone's Legend,1604.555159485527,1775.3757307127369,-170.82057122720994,0.3,0.6,-0.3,0.4,0.3433602467875045,0
12621-12621_game_2,2025-08-17 10:03:12+00:00,LPL,2025,Split 3,0,2,15.15,Weibo Gaming,Anyone's Legend,1595.8382559222646,1784.1229613648115,-188.28470544254697,0.3,0.7,-0.39999999999999997,0.38095238095238093,0.3433602467875045,0
LOLTMNT02_302450,2025-08-17 10:09:06+00:00,LCK,2025,Rounds 3-5,0,2,15.15,Dplus Kia,HANJIN BRION,1591.2453203974183,1515.1573313362198,76.08798906119841,0.7,0.5,0.19999999999999996,0.5833333333333334,0.6425713164083102,0
12622-12622_game_1,2025-08-17 11:05:27+00:00,LPL,2025,Split 3,0,1,15.15,Top Esports,Bilibili Gaming,1712.5057414720607,1755.732227482354,-43.22648601029323,0.6,0.6,0.0,0.33333333333333337,0.4087923445806558,1
12622-12622_game_2,2025-08-17 11:56:42+00:00,LPL,2025,Split 3,0,2,15.15,Bilibili Gaming,Top Esports,1737.764583266605,1730.485793403658,7.278789862947178,0.5,0.7,-0.19999999999999996,0.6470588235294118,0.5912076554193442,0
LOLTMNT06_132462,2025-08-17 15:08:19+00:00,LEC,2025,Summer,0,1,15.16,Team Vitality,Natus Vincere,1573.4125255533072,1518.7760099550228,54.636515598284404,0.3,0.0,0.3,,0.6414552844044206,1
LOLTMNT06_132463,2025-08-17 15:57:36+00:00,LEC,2025,Summer,0,2,15.16,Natus Vincere,Team Vitality,1505.0678509408674,1586.9554825819844,-81.88763164111697,0.0,0.4,-0.4,,0.3585447155955794,0
LOLTMNT06_132464,2025-08-17 16:49:42+00:00,LEC,2025,Summer,0,1,15.16,Fnatic,G2 Esports,1701.8716845035003,1748.4532784648716,-46.581593961371254,0.6,0.5,0.09999999999999998,0.3235294117647059,0.4592591703354853,0
LOLTMNT06_133477,2025-08-17 17:39:11+00:00,LEC,2025,Summer,0,2,15.16,Fnatic,G2 Esports,1687.9584029927312,1762.3209194254027,-74.36251643267155,0.6,0.6,0.0,0.3142857142857143,0.4592591703354853,0
12623-12623_game_1,2025-08-18 09:11:27+00:00,LPL,2025,Split 3,0,1,15.15,FunPlus Phoenix,Weibo Gaming,1449.0672959432454,1587.7441301285012,-138.67683418525576,0.2,0.3,-0.09999999999999998,0.45454545454545453,0.2981514976303699,0
12623-12623_game_2,2025-08-18 10:04:33+00:00,LPL,2025,Split 3,0,2,15.15,FunPlus Phoenix,Weibo Gaming,1439.097527097955,1597.681038465098,-158.58351136714305,0.1,0.4,-0.30000000000000004,0.4166666666666667,0.2981514976303699,0
12624-12624_game_1,2025-08-18 11:18:18+00:00,LPL,2025,Split 3,0,1,15.15,Bilibili Gaming,Invictus Gaming,1721.4244410685715,1737.3633299304772,-15.938888861905752,0.4,0.7,-0.29999999999999993,0.7142857142857143,0.5775450624209446,0
12624-12624_game_2,2025-08-18 12:31:36+00:00,LPL,2025,Split 3,0,2,15.15,Bilibili Gaming,Invictus Gaming,1706.1438031945086,1752.6301467305293,-46.48634353602074,0.4,0.7,-0.29999999999999993,0.6666666666666666,0.5775450624209446,1
12624-12624_game_3,2025-08-18 13:30:25+00:00,LPL,2025,Split 3,0,3,15.15,Invictus Gaming,Bilibili Gaming,1734.5030679670667,1724.2480565535443,10.255011413522425,0.6,0.4,0.19999999999999996,0.3125,0.4224549375790554,1
LOLTMNT06_133504,2025-08-18 15:11:01+00:00,LEC,2025,Summer,0,1,15.16,Karmine Corp,Team Vitality,1778.394101216109,1599.3042653247871,179.08983589132185,0.7,0.5,0.19999999999999996,0.6666666666666666,0.7535116301575148,1
LOLTMNT06_133506,2025-08-18 15:56:20+00:00,LEC,2025,Summer,0,2,15.16,Karmine Corp,Team Vitality,1786.8072386128292,1590.8097284422836,195.99751017054564,0.7,0.5,0.19999999999999996,0.7,0.7535116301575148,0
LOLTMNT06_133510,2025-08-18 16:49:30+00:00,LEC,2025,Summer,0,3,15.16,Karmine Corp,Team Vitality,1762.6308881354257,1614.90828071937,147.72260741605578,0.7,0.5,0.19999999999999996,0.6363636363636364,0.7535116301575148,0
LOLTMNT06_133511,2025-08-18 17:51:49+00:00,LEC,2025,Summer,0,1,15.16,G2 Esports,Team BDS,1774.9478080837077,1529.0486434933139,245.89916459039387,0.6,0.3,0.3,0.6666666666666666,,1
LOLTMNT06_133519,2025-08-18 18:48:23+00:00,LEC,2025,Summer,0,2,15.16,G2 Esports,Team BDS,1781.1996373468162,1522.7142159149387,258.4854214318775,0.6,0.2,0.39999999999999997,0.68,,1
12625-12625_game_1,2025-08-19 09:11:44+00:00,LPL,2025,Split 3,0,1,15.16,Ninjas in Pyjamas,LNG Esports,1574.163957240645,1458.3013075288861,115.86264971175888,0.8,0.4,0.4,0.5714285714285714,0.7179361811825902,1
12625-12625_game_2,2025-08-19 10:06:11+00:00,LPL,2025,Split 3,0,2,15.16,LNG Esports,Ninjas in Pyjamas,1447.2089438350613,1585.0286809460422,-137.8197371109809,0.3,0.9,-0.6000000000000001,0.375,0.2820638188174098,0
12626-12626_game_1,2025-08-19 11:17:13+00:00,LPL,2025,Split 3,0,1,15.16,Anyone's Legend,Top Esports,1792.2465623154749,1746.8208682634518,45.42569405202312,0.8,0.7,0.10000000000000009,0.4,0.5475204134773581,0
12626-12626_game_2,2025-08-19 12:15:27+00:00,LPL,2025,Split 3,0,2,15.16,Anyone's Legend,Top Esports,1774.1746330668543,1764.9006198524614,9.27401321439288,0.8,0.7,0.10000000000000009,0.38461538461538464,0.5475204134773581,0
LOLTMNT03_284103,2025-08-20 08:06:31+00:00,LCK,2025,Rounds 3-5,0,1,15.16,DRX,DN SOOPers,1499.6315659640836,1412.686984808244,86.94458115583961,0.4,0.4,0.0,0.6,0.5873073419967705,1
LOLTMNT03_284115,2025-08-20 09:07:29+00:00,LCK,2025,Rounds 3-5,0,2,15.16,DN SOOPers,DRX,1400.6056404130645,1511.7260075833528,-111.12036717028832,0.4,0.4,0.0,0.38461538461538464,0.4126926580032295,0
12627-12627_game_1,2025-08-20 09:10:19+00:00,LPL,2025,Split 3,0,1,15.16,LGD Gaming,ThunderTalk Gaming,1435.837933233422,1413.3302585930385,22.507674640383584,0.4,0.3,0.10000000000000003,0.5,,1
12627-12627_game_2,2025-08-20 10:04:59+00:00,LPL,2025,Split 3,0,2,15.16,ThunderTalk Gaming,LGD Gaming,1398.365223964724,1450.8034161718392,-52.43819220711521,0.3,0.5,-0.2,0.4,,0
LOLTMNT03_284142,2025-08-20 10:33:21+00:00,LCK,2025,Rounds 3-5,0,1,15.16,Gen.G,Nongshim RedForce,1974.4607587186479,1518.5240590804765,455.9366996381714,0.8,0.1,0.7000000000000001,0.9090909090909091,0.8626357172654658,1
12628-12628_game_1,2025-08-20 11:11:48+00:00,LPL,2025,Split 3,0,1,15.16,FunPlus Phoenix,Anyone's Legend,1429.8957748700293,1757.7469399725553,-327.851165102526,0.1,0.7,-0.6,0.2941176470588235,0.2160978045694281,0
LOLTMNT03_284170,2025-08-20 11:30:28+00:00,LCK,2025,Rounds 3-5,0,2,15.16,Nongshim RedForce,Gen.G,1516.3554253308523,1976.6231416489322,-460.2677163180799,0.1,0.9,-0.8,0.08695652173913049,0.1373642827345341,0
12628-12628_game_2,2025-08-20 12:01:21+00:00,LPL,2025,Split 3,0,2,15.16,FunPlus Phoenix,Anyone's Legend,1425.6546951475443,1761.9822329837175,-336.3275378361732,0.1,0.7,-0.6,0.2777777777777778,0.2160978045694281,0
LOLTMNT03_284605,2025-08-21 08:05:15+00:00,LCK,2025,Rounds 3-5,0,1,15.16,KT Rolster,Hanwha Life Esports,1634.5334079261027,1810.0857290383403,-175.55232111223768,0.2,0.5,-0.3,0.29166666666666663,0.2601853348494135,1
LOLTMNT03_285537,2025-08-21 09:06:15+00:00,LCK,2025,Rounds 3-5,0,2,15.16,Hanwha Life Esports,KT Rolster,1786.625586441804,1657.9898092268463,128.63577721495767,0.5,0.3,0.2,0.68,0.7398146651505865,1
12629-12629_game_1,2025-08-21 09:10:38+00:00,LPL,2025,Split 3,0,1,15.16,Ultra Prime,EDward Gaming,1427.7811545398915,1570.7444879242016,-142.9633333843101,0.6,0.7,-0.09999999999999998,0.30000000000000004,0.2591493041099226,0
12629-12629_game_2,2025-08-21 10:06:34+00:00,LPL,2025,Split 3,0,2,15.16,Ultra Prime,EDward Gaming,1418.009800181299,1580.5158240072092,-162.50602382591023,0.5,0.7,-0.19999999999999996,0.2727272727272727,0.2591493041099226,0
LOLTMNT03_285549,2025-08-21 10:07:01+00:00,LCK,2025,Rounds 3-5,0,3,15.16,KT Rolster,Hanwha Life Esports,1647.6541439267153,1796.9583199485114,-149.30417602179614,0.3,0.5,-0.2,0.3076923076923077,0.2601853348494135,0
12630-12630_game_1,2025-08-21 11:09:55+00:00,LPL,2025,Split 3,0,1,15.16,JD Gaming,Bilibili Gaming,1576.5453799860147,1708.7109065470563,-132.1655265610416,0.5,0.3,0.2,0.4375,0.33947841543952,0
LOLTMNT03_284666,2025-08-21 11:27:46+00:00,LCK,2025,Rounds 3-5,0,1,15.16,HANJIN BRION,BNK FEARX,1534.6046665068466,1539.09507214494,-4.490405638093534,0.5,0.7,-0.19999999999999996,0.1578947368421053,0.4716924221346872,0
12630-12630_game_2,2025-08-21 12:07:24+00:00,LPL,2025,Split 3,0,2,15.16,JD Gaming,Bilibili Gaming,1566.1101739337319,1718.9355147015654,-152.8253407678335,0.5,0.4,0.09999999999999998,0.4117647058823529,0.33947841543952,1
LOLTMNT03_284695,2025-08-21 12:18:34+00:00,LCK,2025,Rounds 3-5,0,2,15.16,HANJIN BRION,BNK FEARX,1518.81136466741,1554.888429540249,-36.077064872838946,0.5,0.7,-0.19999999999999996,0.15000000000000002,0.4716924221346872,1
12630-12630_game_3,2025-08-21 12:51:15+00:00,LPL,2025,Split 3,0,3,15.16,Bilibili Gaming,JD Gaming,1696.3533544489346,1588.4848559543414,107.86849849459327,0.4,0.6,-0.19999999999999996,0.5555555555555556,0.6605215845604799,1
LOLTMNT03_284713,2025-08-21 13:09:59+00:00,LCK,2025,Rounds 3-5,0,3,15.16,BNK FEARX,HANJIN BRION,1537.233809980572,1536.4661394234995,0.7676705570725062,0.6,0.6,0.0,0.8095238095238095,0.5283075778653128,1
LOLTMNT03_287069,2025-08-22 08:05:01+00:00,LCK,2025,Rounds 3-5,0,1,15.16,Nongshim RedForce,T1,1514.2367710240774,1958.7788368220513,-444.5420657979739,0.1,0.8,-0.7000000000000001,0.30434782608695654,0.1459014192637973,0
LOLTMNT03_287081,2025-08-22 08:55:45+00:00,LCK,2025,Rounds 3-5,0,2,15.16,Nongshim RedForce,T1,1511.9320626129734,1961.0772403619292,-449.1451777489558,0.1,0.8,-0.7000000000000001,0.2916666666666667,0.1459014192637973,1
12631-12631_game_1,2025-08-22 09:12:40+00:00,LPL,2025,Split 3,0,1,15.16,Invictus Gaming,FunPlus Phoenix,1750.0310885909826,1421.590707196437,328.4403813945455,0.6,0.0,0.6,0.5882352941176471,0.7820073676956698,1
LOLTMNT03_287101,2025-08-22 09:46:22+00:00,LCK,2025,Rounds 3-5,0,3,15.16,T1,Nongshim RedForce,1931.3197531611913,1541.683508427258,389.6362447339334,0.7,0.2,0.49999999999999994,0.6799999999999999,0.8540985807362027,1
12631-12631_game_2,2025-08-22 10:05:19+00:00,LPL,2025,Split 3,0,2,15.16,FunPlus Phoenix,Invictus Gaming,1417.3643931299423,1754.2308949076778,-336.8665017777355,0.0,0.6,-0.6,0.3888888888888889,0.2179926323043302,0
LOLTMNT03_286183,2025-08-22 10:59:29+00:00,LCK,2025,Rounds 3-5,0,1,15.16,Dplus Kia,DRX,1571.796303116476,1522.795083676289,49.001219440187015,0.6,0.5,0.09999999999999998,0.8,0.6677529981211286,0
12632-12632_game_1,2025-08-22 11:08:07+00:00,LPL,2025,Split 3,0,1,15.16,EDward Gaming,LGD Gaming,1589.5409046934983,1464.4078790008118,125.13302569268649,0.7,0.5,0.19999999999999996,0.5714285714285714,0.7040010621427916,0
LOLTMNT03_286208,2025-08-22 12:02:07+00:00,LCK,2025,Rounds 3-5,0,2,15.16,Dplus Kia,DRX,1553.5545581579477,1541.0284150149455,12.526143143002173,0.5,0.5,0.0,0.7619047619047619,0.6677529981211286,1
12632-12632_game_2,2025-08-22 12:02:45+00:00,LPL,2025,Split 3,0,2,15.16,EDward Gaming,LGD Gaming,1568.0207634364806,1485.9313598259455,82.0894036105351,0.6,0.6,0.0,0.5,0.7040010621427916,0
LOLTMNT03_286241,2025-08-22 12:57:07+00:00,LCK,2025,Rounds 3-5,0,3,15.16,DRX,Dplus Kia,1525.6030209557846,1568.9779578614275,-43.374936905642926,0.5,0.5,0.0,0.22727272727272727,0.3322470018788713,0
LOLTMNT03_286946,2025-08-23 06:06:52+00:00,LCK,2025,Rounds 3-5,0,1,15.16,Hanwha Life Esports,Gen.G,1806.4767723107202,1978.7357942928938,-172.25902198217364,0.5,0.9,-0.4,0.3076923076923077,0.3072716795443076,0
LOLTMNT03_286952,2025-08-23 07:02:58+00:00,LCK,2025,Rounds 3-5,0,2,15.16,Hanwha Life Esports,Gen.G,1797.8177029894027,1987.39493003413,-189.57722704472735,0.4,0.9,-0.5,0.30188679245283023,0.3072716795443076,1
12633-12633_game_1,2025-08-23 07:10:25+00:00,LPL,2025,Split 3,0,1,15.16,LNG Esports,ThunderTalk Gaming,1436.984282155828,1384.7616991332477,52.22258302258024,0.3,0.2,0.09999999999999998,0.2222222222222222,0.4214094499564019,1
LOLTMNT03_287529,2025-08-23 07:59:15+00:00,LCK,2025,Rounds 3-5,0,3,15.16,Gen.G,Hanwha Life Esports,1963.438990743518,1821.773706020523,141.665284722995,0.8,0.4,0.4,0.6851851851851852,0.6927283204556924,1
12633-12633_game_2,2025-08-23 08:01:17+00:00,LPL,2025,Split 3,0,2,15.16,ThunderTalk Gaming,LNG Esports,1371.1484871792663,1450.7490941599822,-79.60060698071584,0.2,0.4,-0.2,0.7,0.578590550043598,0
12634-12634_game_1,2025-08-23 09:06:53+00:00,LPL,2025,Split 3,0,1,15.16,Team WE,Top Esports,1573.2093686328687,1781.3275269216756,-208.11815828880685,0.5,0.7,-0.19999999999999996,0.2777777777777778,0.2747255157763801,1
LOLTMNT03_286994,2025-08-23 09:20:22+00:00,LCK,2025,Rounds 3-5,0,1,15.16,HANJIN BRION,DN SOOPers,1520.5014904788027,1389.551099769153,130.95039070964958,0.6,0.3,0.3,0.625,0.6233837871391785,0
12634-12634_game_2,2025-08-23 09:57:31+00:00,LPL,2025,Split 3,0,2,15.16,Top Esports,Team WE,1756.746790952538,1597.7909024262522,158.9558885262859,0.6,0.5,0.09999999999999998,0.6842105263157895,0.7252744842236198,1
LOLTMNT03_287593,2025-08-23 10:14:59+00:00,LCK,2025,Rounds 3-5,0,2,15.16,HANJIN BRION,DN SOOPers,1498.7430084135956,1411.3070451985382,87.43596321505743,0.5,0.4,0.09999999999999998,0.6,0.6233837871391785,1
12634-12634_game_3,2025-08-23 10:48:39+00:00,LPL,2025,Split 3,0,3,15.16,Team WE,Top Esports,1588.6397621321644,1765.8986107808328,-177.2588486486684,0.5,0.7,-0.19999999999999996,0.3,0.2747255157763801,0
LOLTMNT03_287634,2025-08-23 11:19:26+00:00,LCK,2025,Rounds 3-5,0,3,15.16,DN SOOPers,HANJIN BRION,1399.2477900994088,1510.8005621723457,-111.55277207293693,0.4,0.5,-0.09999999999999998,0.38461538461538464,0.3766162128608215,1
12635-12635_game_1,2025-08-23 11:55:32+00:00,LPL,2025,Split 3,0,1,15.16,Weibo Gaming,Invictus Gaming,1606.8504993565805,1758.2568059439557,-151.40630658737518,0.5,0.6,-0.09999999999999998,0.5833333333333333,0.3475057654804733,0
12635-12635_game_2,2025-08-23 12:58:38+00:00,LPL,2025,Split 3,0,2,15.16,Weibo Gaming,Invictus Gaming,1597.4089871019287,1767.69669138916,-170.28770428723124,0.5,0.7,-0.19999999999999996,0.56,0.3475057654804733,1
12635-12635_game_3,2025-08-23 13:54:46+00:00,LPL,2025,Split 3,0,3,15.16,Invictus Gaming,Weibo Gaming,1744.429731839436,1620.6743471770396,123.75538466239641,0.7,0.5,0.19999999999999996,0.4230769230769231,0.6524942345195267,1
LOLTMNT03_288407,2025-08-24 06:06:54+00:00,LCK,2025,Rounds 3-5,0,1,15.16,BNK FEARX,Dplus Kia,1553.1984904186572,1582.990781732893,-29.792291314235854,0.6,0.6,0.0,0.2692307692307692,0.4278954992593776,0
LOLTMNT03_288421,2025-08-24 07:06:53+00:00,LCK,2025,Rounds 3-5,0,2,15.16,BNK FEARX,Dplus Kia,1538.5665687278276,1597.6221490609882,-59.055580333160606,0.5,0.7,-0.19999999999999996,0.25925925925925924,0.4278954992593776,0
LOLTMNT03_288450,2025-08-24 08:27:55+00:00,LCK,2025,Rounds 3-5,0,1,15.16,KT Rolster,T1,1638.1327308415277,1934.3905260966505,-296.2577952551228,0.3,0.8,-0.5,0.2571428571428571,0.2132397081304769,1
12636-12636_game_1,2025-08-24 09:12:37+00:00,LPL,2025,Split 3,0,1,15.16,EDward Gaming,LNG Esports,1548.312986768542,1463.3312179215875,84.98176884695454,0.5,0.5,0.0,0.7,0.6895015451095583,1
LOLTMNT03_288467,2025-08-24 09:30:59+00:00,LCK,2025,Rounds 3-5,0,2,15.16,T1,KT Rolster,1907.3109124859322,1665.209403313548,242.10150917238434,0.8,0.4,0.4,0.7222222222222222,0.7867602918695231,0
12636-12636_game_2,2025-08-24 09:59:37+00:00,LPL,2025,Split 3,0,2,15.16,LNG Esports,EDward Gaming,1451.0397813193847,1560.479197572976,-109.43941625359139,0.5,0.6,-0.09999999999999998,0.2727272727272727,0.3104984548904416,0
12637-12637_game_1,2025-08-24 11:22:32+00:00,LPL,2025,Split 3,0,1,15.16,Anyone's Legend,JD Gaming,1766.0406942627592,1577.1112728010696,188.92942146168957,0.8,0.5,0.30000000000000004,0.4117647058823529,0.6718109127623748,1
12637-12637_game_2,2025-08-24 12:18:18+00:00,LPL,2025,Split 3,0,2,15.16,JD Gaming,Anyone's Legend,1568.8230548194238,1774.1317532137207,-205.30869839429693,0.4,0.8,-0.4,0.5555555555555556,0.3281890872376251,0
12638-12638_game_1,2025-08-25 09:12:04+00:00,LPL,2025,Split 3,0,1,15.16,LGD Gaming,Ultra Prime,1505.6414261937714,1408.984646269076,96.65677992469546,0.6,0.4,0.19999999999999996,0.6666666666666666,,0
12638-12638_game_2,2025-08-25 10:05:32+00:00,LPL,2025,Split 3,0,2,15.16,LGD Gaming,Ultra Prime,1485.3031419744068,1429.319953634187,55.98318834021984,0.5,0.5,0.0,0.6,,1
12638-12638_game_3,2025-08-25 10:51:46+00:00,LPL,2025,Split 3,0,3,15.16,Ultra Prime,LGD Gaming,1415.8734896994583,1498.7479738956158,-82.87448419615748,0.4,0.5,-0.09999999999999998,0.36363636363636365,,0
12639-12639_game_1,2025-08-25 11:56:22+00:00,LPL,2025,Split 3,0,1,15.16,FunPlus Phoenix,Bilibili Gaming,1464.9287096932956,1707.5635466658327,-242.6348369725372,0.0,0.5,-0.5,0.25,0.2108075811211023,0
12639-12639_game_2,2025-08-25 13:02:01+00:00,LPL,2025,Split 3,0,2,15.16,FunPlus Phoenix,Bilibili Gaming,1457.9475536099287,1713.944837973618,-255.99728436368923,0.0,0.5,-0.5,0.23076923076923073,0.2108075811211023,0
LOLTMNT06_134147,2025-08-25 15:08:07+00:00,LEC,2025,Summer,0,1,15.16,SK Gaming,G2 Esports,1491.1850171813226,1787.0950224766034,-295.9100052952808,0.2,0.7,-0.49999999999999994,0.16666666666666663,0.203254174528952,0
LOLTMNT06_133782,2025-08-25 15:54:14+00:00,LEC,2025,Summer,0,2,15.16,G2 Esports,SK Gaming,1792.0238229215697,1486.1814140147605,305.84240890680917,0.7,0.2,0.49999999999999994,0.8571428571428571,0.796745825471048,1
LOLTMNT06_133790,2025-08-25 16:51:10+00:00,LEC,2025,Summer,0,1,15.16,Team BDS,Team Heretics,1516.741588091139,1531.6804237216495,-14.938835630510539,0.2,0.2,0.0,0.6363636363636364,,0
LOLTMNT06_134153,2025-08-25 17:47:22+00:00,LEC,2025,Summer,0,2,15.16,Team Heretics,Team BDS,1546.9949239520033,1501.4159739254842,45.578950026519124,0.3,0.2,0.09999999999999998,0.41666666666666663,,0
LOLTMNT06_134158,2025-08-25 18:48:43+00:00,LEC,2025,Summer,0,3,15.16,Team Heretics,Team BDS,1528.9135470343672,1519.4764410930536,9.437105941313575,0.3,0.3,0.0,0.3846153846153846,,1
12640-12640_game_1,2025-08-26 09:11:34+00:00,LPL,2025,Split 3,0,1,15.16,Team WE,Invictus Gaming,1580.1612724873237,1754.9616109330714,-174.80033844574768,0.4,0.8,-0.4,0.19999999999999996,,0
12640-12640_game_2,2025-08-26 10:04:37+00:00,LPL,2025,Split 3,0,2,15.16,Team WE,Invictus Gaming,1571.594291891141,1763.5304165119876,-191.9361246208466,0.4,0.8,-0.4,0.1875,,0
12641-12641_game_1,2025-08-26 11:01:11+00:00,LPL,2025,Split 3,0,1,15.16,Top Esports,FunPlus Phoenix,1774.377760650641,1451.3754829399272,323.00227771071377,0.7,0.0,0.7,0.8235294117647058,0.7910497485890013,1
12641-12641_game_2,2025-08-26 11:56:06+00:00,LPL,2025,Split 3,0,2,15.16,FunPlus Phoenix,Top Esports,1446.489512793523,1778.6912616121353,-332.20174881861226,0.0,0.7,-0.7,0.16666666666666666,0.2089502514109986,1
12641-12641_game_3,2025-08-26 12:57:40+00:00,LPL,2025,Split 3,0,3,15.16,Top Esports,FunPlus Phoenix,1750.810905518469,1473.8345622156498,276.97634330281926,0.7,0.1,0.6,0.7894736842105263,0.7910497485890013,1
LOLTMNT06_133844,2025-08-26 15:11:14+00:00,LEC,2025,Summer,0,1,15.16,Team Vitality,Movistar KOI,1637.2637092727923,1754.7990124849705,-117.53530321217818,0.6,0.6,0.0,0.6666666666666667,0.3459708855663077,0
LOLTMNT06_133849,2025-08-26 16:15:45+00:00,LEC,2025,Summer,0,2,15.16,Movistar KOI,Team Vitality,1765.5837689807122,1626.4266305912304,139.15713838948182,0.6,0.5,0.09999999999999998,0.5,0.6540291144336923,1
LOLTMNT06_133856,2025-08-26 17:09:46+00:00,LEC,2025,Summer,0,1,15.16,Natus Vincere,GiantX,1492.4224503794198,1643.2160773070823,-150.79362692766244,0.0,0.5,-0.5,,0.2786181167730275,0
LOLTMNT06_133858,2025-08-26 18:09:54+00:00,LEC,2025,Summer,0,2,15.16,Natus Vincere,GiantX,1482.344470279586,1652.6827691863887,-170.33829890680272,0.0,0.5,-0.5,,0.2786181167730275,0
LOLTMNT03_292093,2025-08-27 08:04:11+00:00,LCK,2025,Rounds 3-5,0,1,15.16,T1,Hanwha Life Esports,1881.6733552955661,1811.9586064248415,69.71474887072463,0.7,0.4,0.29999999999999993,0.41463414634146345,0.5955587912509115,1
LOLTMNT03_292099,2025-08-27 08:54:16+00:00,LCK,2025,Rounds 3-5,0,2,15.16,Hanwha Life Esports,T1,1799.126681020983,1894.505282643771,-95.37860162278798,0.4,0.7,-0.29999999999999993,0.5714285714285714,0.4044412087490885,1
12642-12642_game_1,2025-08-27 09:10:58+00:00,LPL,2025,Split 3,0,1,15.16,Weibo Gaming,JD Gaming,1610.1412485974147,1561.101774628833,49.03947396858166,0.4,0.4,0.0,0.5185185185185186,0.5350105517190044,1
LOLTMNT03_291552,2025-08-27 10:04:17+00:00,LCK,2025,Rounds 3-5,0,3,15.16,T1,Hanwha Life Esports,1874.220053630233,1819.4119123482342,54.808141281998815,0.6,0.5,0.09999999999999998,0.41860465116279066,0.5955587912509115,1
12642-12642_game_2,2025-08-27 10:08:59+00:00,LPL,2025,Split 3,0,2,15.16,JD Gaming,Weibo Gaming,1547.2580678833572,1623.8990945726803,-76.6410266893231,0.3,0.4,-0.10000000000000003,0.4642857142857143,0.4649894482809956,0
12643-12643_game_1,2025-08-27 11:09:00+00:00,LPL,2025,Split 3,0,1,15.16,Team WE,Anyone's Legend,1563.6317930024738,1781.6662664930257,-218.03447349055182,0.4,0.8,-0.4,0.2941176470588235,0.2581070917956678,1
LOLTMNT03_291596,2025-08-27 11:21:15+00:00,LCK,2025,Rounds 3-5,0,1,15.16,DN SOOPers,BNK FEARX,1438.4733004263878,1525.2593000885013,-86.78599966211345,0.5,0.4,0.09999999999999998,0.3913043478260869,0.3685437864928466,0
12643-12643_game_2,2025-08-27 12:12:26+00:00,LPL,2025,Split 3,0,2,15.16,Anyone's Legend,Team WE,1756.7866121541651,1588.5336347659952,168.25297738816994,0.7,0.4,0.29999999999999993,0.6666666666666666,0.7418929082043322,0
LOLTMNT03_291623,2025-08-27 12:19:22+00:00,LCK,2025,Rounds 3-5,0,2,15.16,DN SOOPers,BNK FEARX,1411.084619652825,1537.345045938669,-126.260426285844,0.4,0.5,-0.09999999999999998,0.375,0.3685437864928466,0
LOLTMNT03_293104,2025-08-28 08:08:10+00:00,LCK,2025,Rounds 3-5,0,1,15.16,Dplus Kia,HANJIN BRION,1610.928431662124,1489.8342628942423,121.09416876788168,0.7,0.4,0.29999999999999993,0.56,0.6327484151830797,1
LOLTMNT03_294111,2025-08-28 09:00:09+00:00,LCK,2025,Rounds 3-5,0,2,15.16,HANJIN BRION,Dplus Kia,1479.1941931064368,1621.5671926987511,-142.37299959231427,0.4,0.7,-0.29999999999999993,0.42307692307692313,0.3672515848169203,0
12594-12594_game_1,2025-08-28 09:12:45+00:00,LPL,2025,Split 3,0,1,15.16,JD Gaming,Weibo Gaming,1534.6215398033182,1636.4275522188868,-101.8060124155686,0.3,0.5,-0.2,0.4482758620689655,0.4087923445806558,1
12594-12594_game_2,2025-08-28 10:10:14+00:00,LPL,2025,Split 3,0,2,15.16,Weibo Gaming,JD Gaming,1615.8709389558903,1555.0578943626456,60.81304459324474,0.5,0.4,0.09999999999999998,0.5333333333333333,0.5912076554193442,1
LOLTMNT03_293145,2025-08-28 10:12:22+00:00,LCK,2025,Rounds 3-5,0,1,15.16,Gen.G,KT Rolster,1973.2541424908836,1690.8439869311405,282.4101555597431,0.8,0.5,0.30000000000000004,0.7222222222222222,0.7734284990234084,1
12594-12594_game_3,2025-08-28 11:00:40+00:00,LPL,2025,Split 3,0,3,15.16,JD Gaming,Weibo Gaming,1541.752414346748,1629.0998552675103,-87.34744092076221,0.3,0.6,-0.3,0.45161290322580644,0.4087923445806558,1
LOLTMNT03_293167,2025-08-28 11:16:07+00:00,LCK,2025,Rounds 3-5,0,2,15.16,KT Rolster,Gen.G,1685.5797587585835,1978.5157246993247,-292.9359659407412,0.5,0.8,-0.30000000000000004,0.26315789473684215,0.2265715009765916,0
12583-12583_game_1,2025-08-28 12:03:35+00:00,LPL,2025,Split 3,0,1,15.16,Invictus Gaming,Bilibili Gaming,1771.4946664712704,1719.941599888903,51.553066582367364,0.8,0.5,0.30000000000000004,0.3529411764705882,0.4586685250946095,1
12583-12583_game_2,2025-08-28 13:01:20+00:00,LPL,2025,Split 3,0,2,15.16,Bilibili Gaming,Invictus Gaming,1706.2845682840757,1785.1384293724702,-78.85386108839452,0.5,0.8,-0.30000000000000004,0.6111111111111112,0.5413314749053906,0
LOLTMNT03_293371,2025-08-29 08:07:17+00:00,LCK,2025,Rounds 3-5,0,1,15.16,BNK FEARX,DRX,1547.775230388102,1511.583976701629,36.191253686473146,0.5,0.5,0.0,0.5,0.5716885673590187,0
LOLTMNT03_293376,2025-08-29 09:02:15+00:00,LCK,2025,Rounds 3-5,0,2,15.16,BNK FEARX,DRX,1530.11505344949,1529.2398833848874,0.8751700646025711,0.5,0.6,-0.09999999999999998,0.4782608695652174,0.5716885673590187,1
LOLTMNT03_294392,2025-08-29 09:52:59+00:00,LCK,2025,Rounds 3-5,0,3,15.16,DRX,BNK FEARX,1513.280093701833,1546.0747686095833,-32.79467490775028,0.6,0.5,0.09999999999999998,0.5,0.4283114326409812,0
LOLTMNT03_293418,2025-08-29 11:12:12+00:00,LCK,2025,Rounds 3-5,0,1,15.16,Hanwha Life Esports,Nongshim RedForce,1805.9151875562952,1538.6053352053525,267.3098523509427,0.4,0.2,0.2,0.9523809523809523,0.7783948332842126,1
LOLTMNT03_294428,2025-08-29 12:12:25+00:00,LCK,2025,Rounds 3-5,0,2,15.16,Nongshim RedForce,Hanwha Life Esports,1532.9407198924503,1811.5700962304913,-278.6293763380411,0.2,0.5,-0.3,0.045454545454545414,0.2216051667157874,0
LOLTMNT03_293580,2025-08-30 06:12:29+00:00,LCK,2025,Rounds 3-5,0,1,15.16,T1,Gen.G,1887.7167797306652,1983.5163049136693,-95.7995251830041,0.6,0.8,-0.20000000000000007,0.37209302325581395,0.4076139579063482,1
LOLTMNT03_293583,2025-08-30 07:14:25+00:00,LCK,2025,Rounds 3-5,0,2,15.16,Gen.G,T1,1963.2131186362396,1908.0199977812367,55.19312085500292,0.7,0.6,0.09999999999999998,0.6136363636363636,0.5923860420936518,1
LOLTMNT03_294600,2025-08-30 08:01:23+00:00,LCK,2025,Rounds 3-5,0,3,15.16,T1,Gen.G,1894.540564285065,1976.6925700406705,-82.15200575560539,0.5,0.8,-0.30000000000000004,0.37777777777777777,0.4076139579063482,0
12795-12795_game_1,2025-08-30 09:11:55+00:00,LPL,2025,Split 3,1,1,15.16,FunPlus Phoenix,Ninjas in Pyjamas,1467.9131356347734,1595.0065767155827,-127.09344108080927,0.1,0.9,-0.8,0.4782608695652174,0.397215125690772,1
LOLTMNT03_294648,2025-08-30 09:32:44+00:00,LCK,2025,Rounds 3-5,0,1,15.16,DN SOOPers,Dplus Kia,1400.6538544700475,1631.354586429849,-230.7007319598015,0.4,0.7,-0.29999999999999993,0.3333333333333333,0.2285087433996321,0
12795-12795_game_2,2025-08-30 10:07:05+00:00,LPL,2025,Split 3,1,2,15.16,Ninjas in Pyjamas,FunPlus Phoenix,1573.4115602662025,1489.2501241577886,84.16143610841391,0.8,0.2,0.6000000000000001,0.5,0.6027848743092279,1
LOLTMNT03_294664,2025-08-30 10:34:13+00:00,LCK,2025,Rounds 3-5,0,2,15.16,DN SOOPers,Dplus Kia,1393.947776023332,1638.058172435424,-244.1103964120921,0.4,0.7,-0.29999999999999993,0.3181818181818182,0.2285087433996321,1
12795-12795_game_3,2025-08-30 11:15:50+00:00,LPL,2025,Split 3,1,3,15.16,FunPlus Phoenix,Ninjas in Pyjamas,1476.9213996062394,1585.6163770782891,-108.69497747204969,0.2,0.8,-0.6000000000000001,0.48,0.397215125690772,1
LOLTMNT03_293648,2025-08-30 11:24:47+00:00,LCK,2025,Rounds 3-5,0,3,15.16,Dplus Kia,DN SOOPers,1612.3618621874862,1419.6417520191292,192.720110168357,0.7,0.4,0.29999999999999993,0.6521739130434783,0.7714912566003679,1
12795-12795_game_4,2025-08-30 12:13:01+00:00,LPL,2025,Split 3,1,4,15.16,Ninjas in Pyjamas,FunPlus Phoenix,1564.7754476060359,1497.5782694040586,67.1971782019773,0.7,0.3,0.39999999999999997,0.5,0.6027848743092279,1
12795-12795_game_5,2025-08-30 13:10:27+00:00,LPL,2025,Split 3,1,5,15.16,FunPlus Phoenix,Ninjas in Pyjamas,1484.5591076575827,1577.7233419281247,-93.16423427054201,0.3,0.7,-0.39999999999999997,0.48148148148148145,0.397215125690772,0
LOLTMNT03_294914,2025-08-31 06:06:31+00:00,LCK,2025,Rounds 3-5,0,1,15.16,Nongshim RedForce,KT Rolster,1527.5737459067445,1680.5767079548157,-153.00296204807114,0.2,0.5,-0.3,0.34615384615384615,0.3520507196643347,0
LOLTMNT03_294918,2025-08-31 07:01:01+00:00,LCK,2025,Rounds 3-5,0,2,15.16,Nongshim RedForce,KT Rolster,1518.1889650867906,1689.9556664283596,-171.76670134156893,0.2,0.5,-0.3,0.33333333333333337,0.3520507196643347,0
LOLTMNT03_294949,2025-08-31 08:29:18+00:00,LCK,2025,Rounds 3-5,0,1,15.16,DRX,HANJIN BRION,1498.7822876452842,1469.4054634965319,29.37682414875235,0.5,0.4,0.09999999999999998,0.5925925925925926,0.4788901238292198,0
LOLTMNT03_294951,2025-08-31 09:20:15+00:00,LCK,2025,Rounds 3-5,0,2,15.16,HANJIN BRION,DRX,1486.7547929843888,1481.435604085464,5.319188898924722,0.4,0.5,-0.09999999999999998,0.4285714285714286,0.5211098761707802,0
12796-12796_game_1,2025-08-31 09:39:33+00:00,LPL,2025,Split 3,1,1,15.16,Team WE,EDward Gaming,1611.7281517175209,1571.6035721673138,40.124579550207045,0.4,0.6,-0.19999999999999996,0.8571428571428572,0.5837992134727659,0
LOLTMNT03_293923,2025-08-31 10:13:39+00:00,LCK,2025,Rounds 3-5,0,3,15.16,DRX,HANJIN BRION,1497.6800618385187,1470.5099116816962,27.1701501568225,0.5,0.3,0.2,0.5862068965517241,0.4788901238292198,0
12796-12796_game_2,2025-08-31 10:36:50+00:00,LPL,2025,Split 3,1,2,15.16,Team WE,EDward Gaming,1593.8885192241612,1589.4418883924056,4.446630831755556,0.3,0.6,-0.3,0.75,0.5837992134727659,0
12796-12796_game_3,2025-08-31 11:29:06+00:00,LPL,2025,Split 3,1,3,15.16,Team WE,EDward Gaming,1577.68375561729,1605.6466175162127,-27.96286189892271,0.3,0.6,-0.3,0.6666666666666667,0.5837992134727659,1
12796-12796_game_4,2025-08-31 12:15:29+00:00,LPL,2025,Split 3,1,4,15.16,EDward Gaming,Team WE,1588.362590031004,1594.9687189499768,-6.6061289189728996,0.6,0.4,0.19999999999999996,0.3,0.4162007865272341,1
12797-12797_game_1,2025-09-01 09:11:13+00:00,LPL,2025,Split 3,1,1,15.16,Weibo Gaming,Ultra Prime,1609.1615011368256,1403.6159173647306,205.54558377209491,0.6,0.3,0.3,0.5454545454545454,0.7919920017505252,1
12797-12797_game_2,2025-09-01 10:06:15+00:00,LPL,2025,Split 3,1,2,15.16,Ultra Prime,Weibo Gaming,1396.10737426692,1616.666865365994,-220.55949109907397,0.3,0.6,-0.3,0.4166666666666667,0.2080079982494748,0
12797-12797_game_3,2025-09-01 11:06:07+00:00,LPL,2025,Split 3,1,3,15.16,Ultra Prime,Weibo Gaming,1389.084128408852,1623.6871088466382,-234.6029804377863,0.3,0.6,-0.3,0.38461538461538464,0.2080079982494748,0
12798-12798_game_1,2025-09-02 09:11:42+00:00,LPL,2025,Split 3,1,1,15.16,JD Gaming,LGD Gaming,1561.5997888789666,1511.003367150361,50.59642172860549,0.3,0.6,-0.3,0.8571428571428571,0.728134329279003,1
12798-12798_game_2,2025-09-02 10:08:57+00:00,LPL,2025,Split 3,1,2,15.16,LGD Gaming,JD Gaming,1497.3164154382353,1575.3234905247707,-78.00707508653545,0.6,0.4,0.19999999999999996,0.125,0.271865670720997,0
12798-12798_game_3,2025-09-02 11:12:41+00:00,LPL,2025,Split 3,1,3,15.16,LGD Gaming,JD Gaming,1484.8486992781366,1587.8465819124099,-102.99788263427331,0.6,0.4,0.19999999999999996,0.11111111111111116,0.271865670720997,0
LOLTMNT01_281294,2025-09-03 08:08:06+00:00,LCK,2025,Rounds 3-5,1,1,15.17,HANJIN BRION,Nongshim RedForce,1487.7583620724295,1509.504107172989,-21.74574510055959,0.4,0.1,0.30000000000000004,0.1111111111111111,0.3967433891387085,0
LOLTMNT01_280651,2025-09-03 08:53:21+00:00,LCK,2025,Rounds 3-5,1,2,15.17,Nongshim RedForce,HANJIN BRION,1524.50504439426,1472.758312535295,51.74673185896495,0.2,0.3,-0.09999999999999998,0.8947368421052632,0.6032566108612915,1
LOLTMNT01_280659,2025-09-03 09:47:33+00:00,LCK,2025,Rounds 3-5,1,3,15.17,HANJIN BRION,Nongshim RedForce,1459.1235022461904,1538.1419763179758,-79.01847407178548,0.3,0.3,0.0,0.1,0.3967433891387085,1
LOLTMNT01_281315,2025-09-03 10:36:00+00:00,LCK,2025,Rounds 3-5,1,4,15.17,Nongshim RedForce,HANJIN BRION,1518.5679363352906,1478.7004698082374,39.86746652705324,0.3,0.4,-0.10000000000000003,0.8571428571428572,0.6032566108612915,0
LOLTMNT01_280682,2025-09-03 11:26:43+00:00,LCK,2025,Rounds 3-5,1,5,15.17,Nongshim RedForce,HANJIN BRION,1500.741585240328,1496.528178786206,4.2134064541221505,0.3,0.4,-0.10000000000000003,0.8181818181818181,0.6032566108612915,1
LOLTMNT01_281588,2025-09-04 08:08:41+00:00,LCK,2025,Rounds 3-5,1,1,15.17,Dplus Kia,BNK FEARX,1620.2973939799454,1560.5693562882875,59.728037691657846,0.8,0.6,0.20000000000000007,0.75,0.6514159257835335,1
LOLTMNT01_280941,2025-09-04 09:01:36+00:00,LCK,2025,Rounds 3-5,1,2,15.17,BNK FEARX,Dplus Kia,1547.2925736124507,1633.5735962416807,-86.28102262922994,0.5,0.9,-0.4,0.2413793103448276,0.3485840742164665,1
LOLTMNT01_281603,2025-09-04 09:51:19+00:00,LCK,2025,Rounds 3-5,1,3,15.17,Dplus Kia,BNK FEARX,1613.6799238582294,1567.1855099601921,46.49441389803724,0.8,0.6,0.20000000000000007,0.7333333333333334,0.6514159257835335,0
LOLTMNT01_280961,2025-09-04 10:42:24+00:00,LCK,2025,Rounds 3-5,1,4,15.17,Dplus Kia,BNK FEARX,1595.551467623633,1585.3135837223706,10.237883901262421,0.7,0.6,0.09999999999999998,0.7096774193548387,0.6514159257835335,1
LOLTMNT01_281636,2025-09-04 11:44:52+00:00,LCK,2025,Rounds 3-5,1,5,15.17,BNK FEARX,Dplus Kia,1569.784843599346,1611.0801320918556,-41.2952884925096,0.6,0.7,-0.09999999999999998,0.28125,0.3485840742164665,1
LOLTMNT01_281893,2025-09-05 08:07:35+00:00,LCK,2025,Rounds 3-5,1,1,15.17,Nongshim RedForce,BNK FEARX,1516.5476177507207,1587.6773737421122,-71.12975599139145,0.3,0.7,-0.39999999999999997,0.5555555555555556,0.487422428439815,0
LOLTMNT01_281906,2025-09-05 08:58:24+00:00,LCK,2025,Rounds 3-5,1,2,15.17,Nongshim RedForce,BNK FEARX,1503.775724400084,1600.4471730753162,-96.67144867523211,0.3,0.7,-0.39999999999999997,0.5263157894736843,0.487422428439815,0
LOLTMNT01_282298,2025-09-05 09:49:14+00:00,LCK,2025,Rounds 3-5,1,3,15.17,Nongshim RedForce,BNK FEARX,1492.1132067276665,1612.107240851088,-119.99403412342144,0.3,0.7,-0.39999999999999997,0.5,0.487422428439815,1
LOLTMNT01_281961,2025-09-05 10:44:14+00:00,LCK,2025,Rounds 3-5,1,4,15.17,BNK FEARX,Nongshim RedForce,1590.7915785483433,1513.42624688295,77.36533166539334,0.7,0.4,0.29999999999999993,0.47619047619047616,0.512577571560185,1
LOLTMNT04_130187,2025-09-05 15:09:47+00:00,LEC,2025,Summer,1,1,15.17,Team Heretics,Team Vitality,1544.4801156468438,1616.4593566672193,-71.97924102037541,0.4,0.4,0.0,0.42857142857142855,,1
LOLTMNT04_129223,2025-09-05 16:13:02+00:00,LEC,2025,Summer,1,2,15.17,Team Vitality,Team Heretics,1597.2201352967556,1563.741001815682,33.47913348107363,0.4,0.4,0.0,0.5,,1
LOLTMNT04_129231,2025-09-05 17:03:14+00:00,LEC,2025,Summer,1,3,15.17,Team Heretics,Team Vitality,1549.2747752801522,1611.6956221980695,-62.42084691791729,0.4,0.5,-0.09999999999999998,0.4444444444444444,,0
LOLTMNT04_129236,2025-09-05 17:50:09+00:00,LEC,2025,Summer,1,4,15.17,Team Heretics,Team Vitality,1536.1135089241018,1624.8727410216522,-88.75923209755047,0.4,0.6,-0.19999999999999996,0.4,,0
LOLTMNT01_282847,2025-09-06 06:09:11+00:00,LCK,2025,Rounds 3-5,1,1,15.17,Dplus Kia,HANJIN BRION,1593.1873188206189,1480.722182249666,112.46513657095284,0.6,0.4,0.19999999999999996,0.5925925925925926,0.6673528653625561,1
LOLTMNT01_282855,2025-09-06 07:05:22+00:00,LCK,2025,Rounds 3-5,1,2,15.17,HANJIN BRION,Dplus Kia,1469.7272688665869,1604.18173098126,-134.4544621146731,0.4,0.6,-0.19999999999999996,0.3928571428571429,0.3326471346374439,1
LOLTMNT01_283478,2025-09-06 07:56:05+00:00,LCK,2025,Rounds 3-5,1,3,15.17,Dplus Kia,HANJIN BRION,1582.281517750848,1491.6269619327725,90.65455581807555,0.5,0.5,0.0,0.5862068965517241,0.6673528653625561,1
LOLTMNT01_282880,2025-09-06 08:47:59+00:00,LCK,2025,Rounds 3-5,1,4,15.17,Dplus Kia,HANJIN BRION,1594.1989529334705,1479.7091682309417,114.48978470252882,0.5,0.4,0.09999999999999998,0.6,0.6673528653625561,1
LOLTMNT04_130276,2025-09-06 15:10:58+00:00,LEC,2025,Summer,1,1,15.17,GiantX,Team BDS,1661.4172275224173,1503.9028212236358,157.51440629878152,0.6,0.3,0.3,0.4444444444444444,,1
LOLTMNT04_129302,2025-09-06 16:01:37+00:00,LEC,2025,Summer,1,2,15.17,Team BDS,GiantX,1494.644914341085,1670.6274934763242,-175.98257913523912,0.3,0.7,-0.39999999999999997,0.5,,0
LOLTMNT04_129307,2025-09-06 16:55:25+00:00,LEC,2025,Summer,1,3,15.17,GiantX,Team BDS,1679.1565323348361,1486.0698167780188,193.08671555681735,0.7,0.2,0.49999999999999994,0.5454545454545454,,1
LOLTMNT01_285206,2025-09-07 06:09:43+00:00,LCK,2025,Rounds 3-5,1,1,15.17,Nongshim RedForce,Dplus Kia,1500.9292229470555,1605.1094062476916,-104.18018330063614,0.4,0.6,-0.19999999999999996,0.25,0.3914843022338535,0
12799-12799_game_1,2025-09-07 06:13:14+00:00,LPL,2025,Split 3,1,1,15.17,Bilibili Gaming,JD Gaming,1693.83761961212,1599.3054058353368,94.53221377678324,0.5,0.5,0.0,0.5789473684210527,0.6778801656223697,0
12799-12799_game_2,2025-09-07 07:06:48+00:00,LPL,2025,Split 3,1,2,15.17,Bilibili Gaming,JD Gaming,1699.3924606303656,1619.4865568764103,79.90590375395527,0.5,0.6,-0.09999999999999998,0.55,0.6778801656223697,0
LOLTMNT01_284752,2025-09-07 07:08:30+00:00,LCK,2025,Rounds 3-5,1,2,15.17,Nongshim RedForce,Dplus Kia,1489.5856796903347,1616.4505326427745,-126.86485295243983,0.4,0.6,-0.19999999999999996,0.23809523809523814,0.3914843022338535,0
12799-12799_game_3,2025-09-07 08:04:16+00:00,LPL,2025,Split 3,1,3,15.17,Bilibili Gaming,JD Gaming,1679.805827270769,1639.047754416155,40.758072854614056,0.4,0.7,-0.29999999999999993,0.5238095238095238,0.6778801656223697,1
LOLTMNT01_285222,2025-09-07 08:06:08+00:00,LCK,2025,Rounds 3-5,1,3,15.17,Nongshim RedForce,Dplus Kia,1479.1789617454456,1626.8547081283461,-147.67574638290057,0.3,0.6,-0.3,0.2272727272727273,0.3914843022338535,0
12799-12799_game_4,2025-09-07 08:56:46+00:00,LPL,2025,Split 3,1,4,15.17,JD Gaming,Bilibili Gaming,1624.8863963447934,1693.9542691780139,-69.06787283322046,0.7,0.5,0.19999999999999996,0.4545454545454546,0.3221198343776302,0
12799-12799_game_5,2025-09-07 09:54:58+00:00,LPL,2025,Split 3,1,5,15.17,JD Gaming,Bilibili Gaming,1611.9848650036279,1706.8370150076444,-94.8521500040165,0.7,0.5,0.19999999999999996,0.4347826086956522,0.3221198343776302,0
12800-12800_game_1,2025-09-07 11:19:56+00:00,LPL,2025,Split 3,1,1,15.17,Invictus Gaming,EDward Gaming,1797.5689880105954,1604.666680092774,192.90230791782142,0.9,0.7,0.20000000000000007,0.875,0.7325170099502771,1
12800-12800_game_2,2025-09-07 12:23:55+00:00,LPL,2025,Split 3,1,2,15.17,EDward Gaming,Invictus Gaming,1596.7341336323027,1805.499627796103,-208.7654941638002,0.6,0.9,-0.30000000000000004,0.1111111111111111,0.2674829900497228,0
12800-12800_game_3,2025-09-07 13:18:43+00:00,LPL,2025,Split 3,1,3,15.17,EDward Gaming,Invictus Gaming,1589.333783318732,1812.898168637365,-223.56438531863296,0.5,0.9,-0.4,0.1,0.2674829900497228,0
LOLTMNT04_130365,2025-09-07 15:07:42+00:00,LEC,2025,Summer,1,1,15.17,Karmine Corp,G2 Esports,1740.210465973007,1796.7189065967038,-56.50844062369674,0.6,0.8,-0.20000000000000007,0.4375,0.4091298261118262,1
LOLTMNT04_130370,2025-09-07 16:01:49+00:00,LEC,2025,Summer,1,2,15.17,Karmine Corp,G2 Esports,1758.7900090994438,1778.1393361689268,-19.349327069483024,0.6,0.8,-0.20000000000000007,0.47058823529411764,0.4091298261118262,0
LOLTMNT04_129373,2025-09-07 16:50:17+00:00,LEC,2025,Summer,1,3,15.17,Karmine Corp,G2 Esports,1743.6801390262085,1793.24919749638,-49.56905847017151,0.5,0.9,-0.4,0.4444444444444444,0.4091298261118262,0
LOLTMNT04_129375,2025-09-07 17:39:49+00:00,LEC,2025,Summer,1,4,15.17,G2 Esports,Karmine Corp,1806.9818457405738,1729.947470736472,77.03437500410178,0.9,0.5,0.4,0.5789473684210527,0.5908701738881738,1
12801-12801_game_1,2025-09-08 06:14:07+00:00,LPL,2025,Split 3,1,1,15.17,Anyone's Legend,Weibo Gaming,1733.6110172796198,1630.2743583061786,103.33665897344122,0.6,0.7,-0.09999999999999998,0.6363636363636364,0.624077042996074,1
12801-12801_game_2,2025-09-08 07:08:39+00:00,LPL,2025,Split 3,1,2,15.17,Weibo Gaming,Anyone's Legend,1618.8964338807752,1745.0000106655364,-126.10357678476112,0.6,0.6,0.0,0.34782608695652173,0.375922957003926,1
12801-12801_game_3,2025-09-08 08:03:02+00:00,LPL,2025,Split 3,1,3,15.17,Anyone's Legend,Weibo Gaming,1723.448313055494,1640.460163298348,82.98814975714595,0.5,0.7,-0.19999999999999996,0.625,0.624077042996074,0
12801-12801_game_4,2025-09-08 08:56:29+00:00,LPL,2025,Split 3,1,4,15.17,Anyone's Legend,Weibo Gaming,1703.7061055390745,1660.209992142108,43.49611339696662,0.5,0.7,-0.19999999999999996,0.6,0.624077042996074,1
12801-12801_game_5,2025-09-08 09:52:38+00:00,LPL,2025,Split 3,1,5,15.17,Weibo Gaming,Anyone's Legend,1646.2022424432694,1717.7172657824838,-71.5150233392144,0.6,0.6,0.0,0.3846153846153846,0.375922957003926,1
12802-12802_game_1,2025-09-08 11:23:39+00:00,LPL,2025,Split 3,1,1,15.17,Top Esports,Ninjas in Pyjamas,1756.2119714374232,1589.5384536337097,166.6735178037136,0.8,0.7,0.10000000000000009,0.8125,0.7225010724438391,1
12802-12802_game_2,2025-09-08 12:17:42+00:00,LPL,2025,Split 3,1,2,15.17,Ninjas in Pyjamas,Top Esports,1580.6669131626682,1765.0761237496092,-184.40921058694107,0.7,0.8,-0.10000000000000009,0.17647058823529413,0.2774989275561609,1
12802-12802_game_3,2025-09-08 13:16:45+00:00,LPL,2025,Split 3,1,3,15.17,Top Esports,Ninjas in Pyjamas,1741.3010899675337,1604.434851563794,136.86623840373977,0.7,0.7,0.0,0.7777777777777778,0.7225010724438391,1
12802-12802_game_4,2025-09-08 14:17:02+00:00,LPL,2025,Split 3,1,4,15.17,Top Esports,Ninjas in Pyjamas,1751.30556752051,1594.4245494146742,156.8810181058359,0.7,0.6,0.09999999999999998,0.7894736842105263,0.7225010724438391,1
LOLTMNT04_129398,2025-09-08 15:06:41+00:00,LEC,2025,Summer,1,1,15.17,Movistar KOI,Fnatic,1775.4973897642303,1675.275745560232,100.22164420399827,0.7,0.6,0.09999999999999998,0.5,0.5069091461284821,0
LOLTMNT04_129399,2025-09-08 16:10:03+00:00,LEC,2025,Summer,1,2,15.17,Movistar KOI,Fnatic,1755.0059125388689,1695.705890260475,59.30002227839395,0.7,0.7,0.0,0.4444444444444444,0.5069091461284821,1
LOLTMNT04_129400,2025-09-08 17:00:46+00:00,LEC,2025,Summer,1,3,15.17,Fnatic,Movistar KOI,1682.3703430066616,1768.301262354556,-85.93091934789436,0.6,0.7,-0.09999999999999998,0.5,0.4930908538715178,0
LOLTMNT04_129401,2025-09-08 18:03:01+00:00,LEC,2025,Summer,1,4,15.17,Fnatic,Movistar KOI,1670.2021485384898,1780.4227667308635,-110.22061819237365,0.6,0.7,-0.09999999999999998,0.45454545454545453,0.4930908538715178,1
LOLTMNT04_129402,2025-09-08 18:55:22+00:00,LEC,2025,Summer,1,5,15.17,Movistar KOI,Fnatic,1759.5106192891762,1691.0645171620283,68.44610212714792,0.7,0.6,0.09999999999999998,0.5,0.5069091461284821,1
12803-12803_game_1,2025-09-09 09:14:04+00:00,LPL,2025,Split 3,1,1,15.17,Bilibili Gaming,Invictus Gaming,1718.5994867185168,1819.8232676545908,-101.22378093607404,0.6,0.9,-0.30000000000000004,0.5789473684210527,0.4538532820887072,1
12803-12803_game_2,2025-09-09 10:07:43+00:00,LPL,2025,Split 3,1,2,15.17,Invictus Gaming,Bilibili Gaming,1799.2900663893495,1739.1136687664584,60.176397622891045,0.8,0.6,0.20000000000000007,0.4,0.5461467179112929,0
12803-12803_game_3,2025-09-09 10:59:56+00:00,LPL,2025,Split 3,1,3,15.17,Invictus Gaming,Bilibili Gaming,1780.5466622609965,1757.847077083902,22.699585177094605,0.8,0.6,0.20000000000000007,0.38095238095238093,0.5461467179112929,1
12803-12803_game_4,2025-09-09 11:56:05+00:00,LPL,2025,Split 3,1,4,15.17,Bilibili Gaming,Invictus Gaming,1742.8886871066702,1795.502939406144,-52.61425229947372,0.5,0.8,-0.30000000000000004,0.5909090909090909,0.4538532820887072,1
LOLTMNT01_286625,2025-09-10 08:11:38+00:00,LCK,2025,Rounds 3-5,1,1,15.17,T1,Dplus Kia,1882.2548350569436,1636.4359560860944,245.81887897084925,0.4,0.7,-0.29999999999999993,0.7,0.727681409592366,0
LOLTMNT01_286643,2025-09-10 09:09:10+00:00,LCK,2025,Rounds 3-5,1,2,15.17,T1,Dplus Kia,1856.50889599172,1662.1819015456826,194.32699444603736,0.4,0.8,-0.4,0.6774193548387097,0.727681409592366,1
12804-12804_game_1,2025-09-10 09:11:39+00:00,LPL,2025,Split 3,1,1,15.17,Top Esports,Weibo Gaming,1760.5353502191767,1665.4492687117995,95.08608150737723,0.7,0.7,0.0,0.7368421052631579,0.6140380965248489,1
LOLTMNT01_286647,2025-09-10 10:07:08+00:00,LCK,2025,Rounds 3-5,1,3,15.17,Dplus Kia,T1,1654.3014418332077,1864.389361635594,-210.0879198023863,0.7,0.4,0.29999999999999993,0.3125,0.272318590407634,0
12804-12804_game_2,2025-09-10 10:09:41+00:00,LPL,2025,Split 3,1,2,15.17,Weibo Gaming,Top Esports,1653.7212613637935,1772.2628882957415,-118.54162693194803,0.6,0.8,-0.20000000000000007,0.25,0.3859619034751511,0
LOLTMNT01_287140,2025-09-10 10:59:41+00:00,LCK,2025,Rounds 3-5,1,4,15.17,T1,Dplus Kia,1871.7434067991112,1646.9474022872885,224.79600451182273,0.5,0.7,-0.19999999999999996,0.696969696969697,0.727681409592366,0
12804-12804_game_3,2025-09-10 11:09:34+00:00,LPL,2025,Split 3,1,3,15.17,Weibo Gaming,Top Esports,1642.9770929248498,1783.0065445781518,-140.02945165330198,0.6,0.8,-0.20000000000000007,0.23809523809523814,0.3859619034751511,1
LOLTMNT01_286664,2025-09-10 11:55:29+00:00,LCK,2025,Rounds 3-5,1,5,15.17,T1,Dplus Kia,1846.6289003324182,1672.0619140415256,174.5669862908926,0.5,0.7,-0.19999999999999996,0.6764705882352942,0.727681409592366,1
12804-12804_game_4,2025-09-10 12:00:49+00:00,LPL,2025,Split 3,1,4,15.17,Top Esports,Weibo Gaming,1760.8861269895158,1665.0969832774776,95.78914371203814,0.7,0.6,0.09999999999999998,0.7272727272727273,0.6140380965248489,1
LOLTMNT01_287346,2025-09-11 08:09:47+00:00,LCK,2025,Rounds 3-5,1,1,15.17,KT Rolster,BNK FEARX,1698.634861022804,1603.2868756347925,95.34798538801147,0.6,0.7,-0.09999999999999998,0.7272727272727273,0.5847919095041494,0
LOLTMNT01_286890,2025-09-11 09:03:20+00:00,LCK,2025,Rounds 3-5,1,2,15.17,KT Rolster,BNK FEARX,1678.3523659092564,1623.57041222018,54.78195368907632,0.5,0.7,-0.19999999999999996,0.6956521739130435,0.5847919095041494,1
12805-12805_game_1,2025-09-11 09:12:57+00:00,LPL,2025,Split 3,1,1,15.17,EDward Gaming,JD Gaming,1582.4069789361517,1600.20009212782,-17.793113191668226,0.5,0.6,-0.09999999999999998,0.0,0.4039708166591037,1
LOLTMNT01_286895,2025-09-11 09:52:31+00:00,LCK,2025,Rounds 3-5,1,3,15.17,BNK FEARX,KT Rolster,1610.0722945477823,1691.8510801488653,-81.77878560108297,0.7,0.5,0.19999999999999996,0.2916666666666667,0.4152080904958505,0
12805-12805_game_2,2025-09-11 10:16:38+00:00,LPL,2025,Split 3,1,2,15.17,JD Gaming,EDward Gaming,1583.38622930074,1599.225356681493,-15.83912738075287,0.6,0.6,0.0,0.8571428571428572,0.5960291833408963,1
LOLTMNT01_287373,2025-09-11 10:47:37+00:00,LCK,2025,Rounds 3-5,1,4,15.17,BNK FEARX,KT Rolster,1597.7700171901201,1704.1541264220182,-106.38410923189804,0.6,0.6,0.0,0.28,0.4152080904958505,0
12805-12805_game_3,2025-09-11 11:21:26+00:00,LPL,2025,Split 3,1,3,15.17,EDward Gaming,JD Gaming,1582.4967852133345,1600.105178837446,-17.608393624111386,0.5,0.6,-0.09999999999999998,0.125,0.4039708166591037,1
12805-12805_game_4,2025-09-11 12:12:11+00:00,LPL,2025,Split 3,1,4,15.17,JD Gaming,EDward Gaming,1583.2991765367085,1599.3067305088555,-16.00755397214698,0.5,0.5,0.0,0.7777777777777778,0.5960291833408963,1
12805-12805_game_5,2025-09-11 13:10:20+00:00,LPL,2025,Split 3,1,5,15.17,EDward Gaming,JD Gaming,1582.5703593818187,1600.0277232546268,-17.457363872808173,0.4,0.5,-0.09999999999999998,0.2,0.4039708166591037,0
12806-12806_game_1,2025-09-12 09:12:46+00:00,LPL,2025,Split 3,1,1,15.17,Ninjas in Pyjamas,Anyone's Legend,1585.189006838717,1698.475750472994,-113.28674363427695,0.5,0.5,0.0,0.25,0.2967079341996618,1
12806-12806_game_2,2025-09-12 10:06:47+00:00,LPL,2025,Split 3,1,2,15.17,Anyone's Legend,Ninjas in Pyjamas,1677.444691818871,1606.2239660078064,71.22072581106454,0.4,0.5,-0.09999999999999998,0.7142857142857143,0.7032920658003382,1
12806-12806_game_3,2025-09-12 10:57:57+00:00,LPL,2025,Split 3,1,3,15.17,Ninjas in Pyjamas,Anyone's Legend,1593.4555670866343,1690.215204965462,-96.75963787882756,0.5,0.4,0.09999999999999998,0.2727272727272727,0.2967079341996618,0
12806-12806_game_4,2025-09-12 11:51:50+00:00,LPL,2025,Split 3,1,4,15.17,Ninjas in Pyjamas,Anyone's Legend,1581.7962260446825,1701.8773475936414,-120.08112154895889,0.4,0.4,0.0,0.26086956521739135,0.2967079341996618,0
LOLTMNT01_287805,2025-09-13 06:11:13+00:00,LCK,2025,Rounds 3-5,1,1,15.17,Gen.G,KT Rolster,1988.9783226448278,1715.4037255810367,273.5745970637911,0.8,0.7,0.10000000000000009,0.75,0.7646722948771358,0
LOLTMNT01_288374,2025-09-13 07:02:38+00:00,LCK,2025,Rounds 3-5,1,2,15.17,Gen.G,KT Rolster,1962.4673276400056,1741.9132688931466,220.55405874685903,0.7,0.7,0.0,0.7142857142857143,0.7646722948771358,1
LOLTMNT01_288399,2025-09-13 08:03:50+00:00,LCK,2025,Rounds 3-5,1,3,15.17,KT Rolster,Gen.G,1734.8934514049936,1969.4857314399887,-234.59228003499516,0.6,0.7,-0.09999999999999998,0.2727272727272727,0.2353277051228641,0
LOLTMNT01_288435,2025-09-13 08:59:49+00:00,LCK,2025,Rounds 3-5,1,4,15.17,KT Rolster,Gen.G,1728.3064392523702,1976.0714165909285,-247.7649773385583,0.6,0.7,-0.09999999999999998,0.26086956521739135,0.2353277051228641,1
12807-12807_game_1,2025-09-13 09:13:51+00:00,LPL,2025,Split 3,1,1,15.17,JD Gaming,Weibo Gaming,1615.228097831977,1653.3991874532906,-38.17108962131351,0.5,0.5,0.0,0.46875,0.435805787814982,1
LOLTMNT01_288450,2025-09-13 10:01:01+00:00,LCK,2025,Rounds 3-5,1,5,15.17,Gen.G,KT Rolster,1950.2693308268724,1754.107283025403,196.1620478014695,0.7,0.7,0.0,0.7083333333333334,0.7646722948771358,0
12807-12807_game_2,2025-09-13 10:09:50+00:00,LPL,2025,Split 3,1,2,15.17,Weibo Gaming,JD Gaming,1635.6486270589926,1632.9659675302878,2.6826595287047894,0.4,0.5,-0.09999999999999998,0.5151515151515151,0.564194212185018,0
12807-12807_game_3,2025-09-13 11:02:04+00:00,LPL,2025,Split 3,1,3,15.17,Weibo Gaming,JD Gaming,1619.5251144670913,1649.0871988667081,-29.56208439961688,0.4,0.5,-0.09999999999999998,0.5,0.564194212185018,1
12807-12807_game_4,2025-09-13 11:57:04+00:00,LPL,2025,Split 3,1,4,15.17,JD Gaming,Weibo Gaming,1631.7350210314185,1636.8830816055277,-5.148060574109195,0.5,0.4,0.09999999999999998,0.4857142857142857,0.435805787814982,1
LOLTMNT04_129553,2025-09-13 15:07:23+00:00,LEC,2025,Summer,1,1,15.17,Karmine Corp,Team Vitality,1717.4379611034387,1636.8984794549656,80.53948164847316,0.4,0.6,-0.19999999999999996,0.5833333333333334,0.6821380125252003,0
LOLTMNT04_129556,2025-09-13 16:19:53+00:00,LEC,2025,Summer,1,2,15.17,Karmine Corp,Team Vitality,1697.794076882997,1656.5193254567916,41.274751426205285,0.3,0.6,-0.3,0.5384615384615384,0.6821380125252003,1
LOLTMNT04_129559,2025-09-13 17:16:53+00:00,LEC,2025,Summer,1,3,15.17,Team Vitality,Karmine Corp,1642.39960558953,1711.9022245916617,-69.50261900213172,0.6,0.4,0.19999999999999996,0.4285714285714286,0.3178619874747996,0
LOLTMNT04_129562,2025-09-13 18:05:21+00:00,LEC,2025,Summer,1,4,15.17,Team Vitality,Karmine Corp,1629.5413254684377,1724.7435757009748,-95.20225023253715,0.5,0.4,0.09999999999999998,0.4,0.3178619874747996,0
LOLTMNT01_288565,2025-09-14 06:11:34+00:00,LCK,2025,Rounds 3-5,1,1,15.17,Hanwha Life Esports,T1,1816.928005621336,1855.2043099580974,-38.276304336761314,0.6,0.5,0.09999999999999998,0.5681818181818182,0.4100013839028015,1
LOLTMNT01_288570,2025-09-14 07:10:28+00:00,LCK,2025,Rounds 3-5,1,2,15.17,T1,Hanwha Life Esports,1837.4487191465967,1834.683596339589,2.7651228070076286,0.5,0.6,-0.09999999999999998,0.4222222222222223,0.5899986160971985,0
LOLTMNT01_289038,2025-09-14 08:14:27+00:00,LCK,2025,Rounds 3-5,1,3,15.17,T1,Hanwha Life Esports,1821.321383317237,1850.8109321682132,-29.489548850976234,0.4,0.6,-0.19999999999999996,0.4130434782608695,0.5899986160971985,0
12808-12808_game_1,2025-09-14 09:16:09+00:00,LPL,2025,Split 3,1,1,15.17,Invictus Gaming,Anyone's Legend,1777.0986380331767,1712.564543695779,64.53409433739762,0.7,0.5,0.19999999999999996,0.2857142857142857,0.5197988196080906,0
12808-12808_game_2,2025-09-14 10:05:06+00:00,LPL,2025,Split 3,1,2,15.17,Invictus Gaming,Anyone's Legend,1758.1608024737966,1731.4983629441347,26.662439529661924,0.6,0.6,0.0,0.2666666666666667,0.5197988196080906,0
12808-12808_game_3,2025-09-14 10:58:28+00:00,LPL,2025,Split 3,1,3,15.17,Invictus Gaming,Anyone's Legend,1740.93549025518,1748.7218760175424,-7.786385762362443,0.5,0.6,-0.09999999999999998,0.25,0.5197988196080906,0
LOLTMNT04_129596,2025-09-14 15:08:58+00:00,LEC,2025,Summer,1,1,15.17,Movistar KOI,G2 Esports,1772.3987178436287,1819.4913279901343,-47.09261014650565,0.7,0.9,-0.20000000000000007,0.41666666666666663,0.405710569029056,0
LOLTMNT04_129599,2025-09-14 16:09:18+00:00,LEC,2025,Summer,1,2,15.17,Movistar KOI,G2 Esports,1758.5542260854897,1833.3358367263245,-74.78161064083474,0.7,0.9,-0.20000000000000007,0.3846153846153846,0.405710569029056,0
LOLTMNT04_129602,2025-09-14 17:04:24+00:00,LEC,2025,Summer,1,3,15.17,Movistar KOI,G2 Esports,1745.945829119287,1845.9442574025015,-99.99842828321448,0.6,0.9,-0.30000000000000004,0.3571428571428571,0.405710569029056,1
LOLTMNT04_130607,2025-09-14 18:10:46+00:00,LEC,2025,Summer,1,4,15.17,G2 Esports,Movistar KOI,1825.4622756094566,1766.4278385548237,59.03443705463292,0.8,0.6,0.20000000000000007,0.6,0.5942894309709439,1
12809-12809_game_1,2025-09-15 09:11:56+00:00,LPL,2025,Split 3,1,1,15.17,Top Esports,Bilibili Gaming,1772.5835552174642,1761.2857650388225,11.297790178641662,0.7,0.6,0.09999999999999998,0.37142857142857144,0.4965364225339873,0
12809-12809_game_2,2025-09-15 10:12:30+00:00,LPL,2025,Split 3,1,2,15.17,Top Esports,Bilibili Gaming,1756.0634785119541,1777.8057336661964,-21.74225515424223,0.7,0.7,0.0,0.36111111111111116,0.4965364225339873,1
12809-12809_game_3,2025-09-15 11:19:49+00:00,LPL,2025,Split 3,1,3,15.17,Bilibili Gaming,Top Esports,1760.810593679997,1773.063395270993,-12.252801590995887,0.7,0.7,0.0,0.6216216216216216,0.5034635774660127,0
12809-12809_game_4,2025-09-15 12:09:40+00:00,LPL,2025,Split 3,1,4,15.17,Bilibili Gaming,Top Esports,1715.1322248842152,1788.4993872747946,-73.36716239057932,0.7,0.7,0.0,0.6052631578947368,0.5034635774660127,1
12809-12809_game_5,2025-09-15 13:03:25+00:00,LPL,2025,Split 3,1,5,15.17,Top Esports,Bilibili Gaming,1769.1701598348034,1734.404282202399,34.765877632404454,0.7,0.7,0.0,0.3846153846153846,0.4965364225339873,0
LOLTMNT04_129624,2025-09-15 15:07:36+00:00,LEC,2025,Summer,1,1,15.17,Fnatic,GiantX,1678.1427364021106,1687.0839726310428,-8.941236228932212,0.5,0.8,-0.30000000000000004,0.8666666666666667,0.5641942121850181,1
LOLTMNT04_129625,2025-09-15 16:11:54+00:00,LEC,2025,Summer,1,2,15.17,GiantX,Fnatic,1670.67251399651,1694.5447695911735,-23.872255594663557,0.7,0.5,0.19999999999999996,0.125,0.4358057878149819,0
LOLTMNT04_129626,2025-09-15 17:02:53+00:00,LEC,2025,Summer,1,3,15.17,GiantX,Fnatic,1655.7693846947645,1709.450322820495,-53.68093812573056,0.6,0.5,0.09999999999999998,0.11764705882352944,0.4358057878149819,0
12810-12810_game_1,2025-09-16 09:11:18+00:00,LPL,2025,Split 3,1,1,15.17,Anyone's Legend,JD Gaming,1764.363458630322,1647.9697267640538,116.39373186626813,0.7,0.6,0.09999999999999998,0.47368421052631576,0.6399524716797943,1
12810-12810_game_2,2025-09-16 10:16:29+00:00,LPL,2025,Split 3,1,2,15.17,JD Gaming,Anyone's Legend,1637.1165998151077,1775.2000208090878,-138.0834209939801,0.6,0.8,-0.20000000000000007,0.5,0.3600475283202057,0
12810-12810_game_3,2025-09-16 11:23:00+00:00,LPL,2025,Split 3,1,3,15.17,JD Gaming,Anyone's Legend,1627.1388513235515,1785.1609417638624,-158.02209044031088,0.6,0.8,-0.20000000000000007,0.47619047619047616,0.3600475283202057,0
LOLTMNT01_290095,2025-09-17 08:12:41+00:00,LCK,2025,Rounds 3-5,1,1,15.17,BNK FEARX,Dplus Kia,1586.521282421177,1663.486509114183,-76.96522669300612,0.5,0.7,-0.19999999999999996,0.30303030303030304,0.4027610619222865,0
LOLTMNT01_289566,2025-09-17 09:17:49+00:00,LCK,2025,Rounds 3-5,1,2,15.17,BNK FEARX,Dplus Kia,1574.008571843653,1675.9989911353648,-101.99041929171176,0.5,0.7,-0.19999999999999996,0.29411764705882354,0.4027610619222865,0
LOLTMNT01_290114,2025-09-17 10:12:07+00:00,LCK,2025,Rounds 3-5,1,3,15.17,BNK FEARX,Dplus Kia,1562.574720541727,1687.432578287102,-124.85785774537499,0.4,0.7,-0.29999999999999993,0.2857142857142857,0.4027610619222865,1
LOLTMNT01_290125,2025-09-17 11:05:12+00:00,LCK,2025,Rounds 3-5,1,4,15.17,BNK FEARX,Dplus Kia,1584.0889806662,1665.9180372880219,-81.82905662182179,0.4,0.6,-0.19999999999999996,0.3055555555555556,0.4027610619222865,0
LOLTMNT01_289676,2025-09-18 08:13:43+00:00,LCK,2025,Rounds 3-5,1,1,15.17,T1,Dplus Kia,1806.6761745207962,1678.2178363731023,128.4583381476939,0.3,0.6,-0.3,0.6857142857142857,0.6393746167039458,0
LOLTMNT01_289688,2025-09-18 09:06:37+00:00,LCK,2025,Rounds 3-5,1,2,15.17,T1,Dplus Kia,1785.0160495828773,1699.8779641185786,85.13808546429868,0.3,0.6,-0.3,0.6666666666666667,0.6393746167039458,1
LOLTMNT01_289699,2025-09-18 10:04:45+00:00,LCK,2025,Rounds 3-5,1,3,15.17,Dplus Kia,T1,1687.722080128576,1797.1719354653965,-109.44985533682052,0.5,0.4,0.09999999999999998,0.32432432432432434,0.3606253832960542,0
LOLTMNT01_289712,2025-09-18 10:56:35+00:00,LCK,2025,Rounds 3-5,1,4,15.17,T1,Dplus Kia,1808.2919554966352,1676.6020622127853,131.68989328384987,0.5,0.5,0.0,0.6842105263157895,0.6393746167039458,1
LOLTMNT01_290456,2025-09-20 06:07:09+00:00,LCK,2025,Rounds 3-5,1,1,15.17,Hanwha Life Esports,KT Rolster,1865.4561410337767,1778.2882123484,87.16792868537664,0.7,0.7,0.0,0.7037037037037037,0.6320538577128733,1
LOLTMNT01_289914,2025-09-20 06:59:22+00:00,LCK,2025,Rounds 3-5,1,2,15.17,KT Rolster,Hanwha Life Esports,1766.2196150864706,1877.5240698803755,-111.30445479390482,0.6,0.7,-0.09999999999999998,0.2857142857142857,0.3679461422871267,0
LOLTMNT01_289916,2025-09-20 07:54:22+00:00,LCK,2025,Rounds 3-5,1,3,15.17,KT Rolster,Hanwha Life Esports,1755.1761857381036,1888.5667544583696,-133.39056872026595,0.6,0.8,-0.20000000000000007,0.27586206896551724,0.3679461422871267,0
12811-12811_game_1,2025-09-20 08:16:42+00:00,LPL,2025,Split 3,1,1,15.17,Anyone's Legend,Top Esports,1794.3522077629045,1751.5745054517422,42.77770231116233,0.9,0.6,0.30000000000000004,0.37037037037037035,0.4965721592616625,0
12811-12811_game_2,2025-09-20 09:10:09+00:00,LPL,2025,Split 3,1,2,15.17,Anyone's Legend,Top Esports,1776.3935495784463,1769.5345369306174,6.859012647828877,0.9,0.6,0.30000000000000004,0.35714285714285715,0.4965721592616625,1
12811-12811_game_3,2025-09-20 10:06:41+00:00,LPL,2025,Split 3,1,3,15.17,Top Esports,Anyone's Legend,1753.8503552268103,1792.0777937547712,-38.227438527960885,0.5,0.9,-0.4,0.6206896551724138,0.5034278407383375,1
12811-12811_game_4,2025-09-20 11:07:27+00:00,LPL,2025,Split 3,1,4,15.17,Anyone's Legend,Top Esports,1774.3254874979343,1771.6036795478183,2.7218079501160446,0.8,0.5,0.30000000000000004,0.36666666666666664,0.4965721592616625,0
LOLTMNT01_290576,2025-09-21 06:08:55+00:00,LCK,2025,Rounds 3-5,1,1,15.17,Gen.G,T1,1926.087248435771,1818.5020659037261,107.58518253204488,0.6,0.5,0.09999999999999998,0.6304347826086957,0.6105570773884252,1
LOLTMNT01_290579,2025-09-21 07:07:05+00:00,LCK,2025,Rounds 3-5,1,2,15.17,T1,Gen.G,1807.3040360541102,1937.2852995153808,-129.9812634612706,0.4,0.6,-0.19999999999999996,0.36170212765957444,0.3894429226115748,1
LOLTMNT01_291045,2025-09-21 07:59:49+00:00,LCK,2025,Rounds 3-5,1,3,15.17,Gen.G,T1,1915.5639347488373,1829.0254230804628,86.53851166837444,0.5,0.5,0.0,0.625,0.6105570773884252,0
12812-12812_game_1,2025-09-21 08:21:50+00:00,LPL,2025,Split 3,1,1,15.17,Bilibili Gaming,Top Esports,1773.421650202727,1787.729017127583,-14.307366924855842,0.7,0.6,0.09999999999999998,0.625,0.5158591668947343,0
LOLTMNT01_291064,2025-09-21 08:57:05+00:00,LCK,2025,Rounds 3-5,1,4,15.17,T1,Gen.G,1848.9302480352103,1895.6591248795198,-46.728876844309525,0.5,0.5,0.0,0.3877551020408163,0.3894429226115748,0
12812-12812_game_2,2025-09-21 09:21:06+00:00,LPL,2025,Split 3,1,2,15.17,Bilibili Gaming,Top Esports,1739.7727617910532,1803.0705236809113,-63.297761889858066,0.6,0.6,0.0,0.6097560975609756,0.5158591668947343,1
LOLTMNT01_291071,2025-09-21 09:50:24+00:00,LCK,2025,Rounds 3-5,1,5,15.17,T1,Gen.G,1835.0693091396115,1909.5200716660206,-74.45076252640911,0.5,0.5,0.0,0.38,0.3894429226115748,0
12812-12812_game_3,2025-09-21 10:18:18+00:00,LPL,2025,Split 3,1,3,15.17,Top Esports,Bilibili Gaming,1784.1874347374542,1758.6262076978176,25.561227039636606,0.6,0.6,0.0,0.38095238095238093,0.4841408331052657,1
12812-12812_game_4,2025-09-21 11:10:07+00:00,LPL,2025,Split 3,1,4,15.17,Bilibili Gaming,Top Esports,1743.786441050644,1799.0124356722713,-55.22599462162725,0.5,0.6,-0.09999999999999998,0.6046511627906976,0.5158591668947343,1
12812-12812_game_5,2025-09-21 12:03:38+00:00,LPL,2025,Split 3,1,5,15.17,Top Esports,Bilibili Gaming,1780.4904280680992,1762.2862679704363,18.204160097662907,0.5,0.6,-0.09999999999999998,0.38636363636363635,0.4841408331052657,0
LOLTMNT05_154344,2025-09-26 15:31:49+00:00,LEC,2025,Summer,1,1,15.18,Karmine Corp,Fnatic,1736.465930282126,1723.0103696910762,13.455560591049789,0.4,0.5,-0.09999999999999998,0.4666666666666667,0.5400174956449725,0
LOLTMNT05_154348,2025-09-26 16:37:04+00:00,LEC,2025,Summer,1,2,15.18,Karmine Corp,Fnatic,1719.8465956824336,1739.6216921037044,-19.775096421270746,0.4,0.6,-0.19999999999999996,0.4375,0.5400174956449725,0
LOLTMNT01_290897,2025-09-27 05:23:49+00:00,LCK,2025,Rounds 3-5,1,1,15.17,KT Rolster,Gen.G,1745.0332413572291,1922.1430317616173,-177.10979040438815,0.5,0.5,0.0,0.31999999999999995,0.2878062967812325,0
LOLTMNT01_290898,2025-09-27 06:19:47+00:00,LCK,2025,Rounds 3-5,1,2,15.17,KT Rolster,Gen.G,1736.5485781625914,1930.6268839556421,-194.07830579305073,0.4,0.6,-0.19999999999999996,0.3076923076923077,0.2878062967812325,0
LOLTMNT01_291427,2025-09-27 07:11:22+00:00,LCK,2025,Rounds 3-5,1,3,15.17,KT Rolster,Gen.G,1728.6588172651911,1938.515868835379,-209.85705157018788,0.3,0.6,-0.3,0.2962962962962963,0.2878062967812325,0
LOLTMNT05_155399,2025-09-27 15:15:11+00:00,LEC,2025,Summer,1,1,15.18,Movistar KOI,Fnatic,1753.1206079849064,1754.7138281917964,-1.5932202068900096,0.5,0.7,-0.19999999999999996,0.5384615384615384,0.5058976136568886,1
LOLTMNT05_154390,2025-09-27 16:09:44+00:00,LEC,2025,Summer,1,2,15.18,Fnatic,Movistar KOI,1738.6377756310244,1769.1939779098116,-30.55620227878717,0.6,0.5,0.09999999999999998,0.42857142857142855,0.4941023863431114,1
LOLTMNT05_154392,2025-09-27 17:05:39+00:00,LEC,2025,Summer,1,3,15.18,Movistar KOI,Fnatic,1751.7904306430069,1756.0319390957088,-4.241508452701964,0.5,0.7,-0.19999999999999996,0.5333333333333333,0.5058976136568886,1
LOLTMNT05_155401,2025-09-27 18:03:01+00:00,LEC,2025,Summer,1,4,15.18,Fnatic,Movistar KOI,1739.835160276085,1767.985749492118,-28.15058921603304,0.7,0.5,0.19999999999999996,0.4375,0.4941023863431114,0
LOLTMNT01_290949,2025-09-28 05:30:31+00:00,LCK,2025,Rounds 3-5,1,1,15.17,Hanwha Life Esports,Gen.G,1898.7089229234566,1945.8774563112088,-47.16853338775218,0.9,0.6,0.30000000000000004,0.3090909090909091,0.4073712546559562,0
LOLTMNT01_290950,2025-09-28 06:24:02+00:00,LCK,2025,Rounds 3-5,1,2,15.17,Hanwha Life Esports,Gen.G,1884.867865351843,1959.7185186985007,-74.85065334665774,0.8,0.7,0.10000000000000009,0.3035714285714286,0.4073712546559562,0
LOLTMNT01_290952,2025-09-28 07:27:40+00:00,LCK,2025,Rounds 3-5,1,3,15.17,Hanwha Life Esports,Gen.G,1872.2625068030575,1972.3238839665123,-100.06137716345484,0.8,0.8,0.0,0.29824561403508776,0.4073712546559562,1
LOLTMNT01_290953,2025-09-28 08:21:35+00:00,LCK,2025,Rounds 3-5,1,4,15.17,Gen.G,Hanwha Life Esports,1951.8392088852136,1892.7471897150485,59.09201917016503,0.7,0.8,-0.10000000000000009,0.6896551724137931,0.5926287453440438,1
LOLTMNT05_155418,2025-09-28 15:14:38+00:00,LEC,2025,Summer,1,1,15.18,Movistar KOI,G2 Esports,1782.6921971361794,1838.7695222250263,-56.07732508884692,0.5,0.8,-0.30000000000000004,0.375,0.4199104898361026,0
LOLTMNT05_154417,2025-09-28 16:11:17+00:00,LEC,2025,Summer,1,2,15.18,Movistar KOI,G2 Esports,1769.2524580240472,1852.2092759090665,-82.95681788501929,0.5,0.8,-0.30000000000000004,0.3529411764705882,0.4199104898361026,0
LOLTMNT05_154418,2025-09-28 17:10:18+00:00,LEC,2025,Summer,1,3,15.18,Movistar KOI,G2 Esports,1757.0017779210982,1864.4599749029348,-107.45819698183664,0.4,0.8,-0.4,0.33333333333333337,0.4199104898361026,0
LOLTMNT03_337058,2026-01-14 08:13:43+00:00,LCK,2026,Cup,0,1,16.01,DN SOOPers,KT Rolster,1515.85796686643,1756.6776073019887,-240.81964043555877,0.3,0.4,-0.10000000000000003,0.4444444444444444,0.2839882037496856,1
LOLTMNT03_337069,2026-01-14 09:06:16+00:00,LCK,2026,Cup,0,2,16.01,DN SOOPers,KT Rolster,1540.2343521088198,1764.7755024529167,-224.54115034409688,0.3,0.3,0.0,0.47368421052631576,0.2839882037496856,0
13060-13060_game_1,2026-01-14 09:13:04+00:00,LPL,2026,Split 1,0,1,16.01,Invictus Gaming,Weibo Gaming,1584.4572676784867,1575.2826135229745,9.174654155512144,0.5,0.4,0.09999999999999998,0.4444444444444444,,1
LOLTMNT03_337081,2026-01-14 09:54:54+00:00,LCK,2026,Cup,0,3,16.01,KT Rolster,DN SOOPers,1772.1649268218112,1532.2514644396897,239.91346238212145,0.4,0.3,0.10000000000000003,0.55,0.7160117962503144,1
13060-13060_game_2,2026-01-14 10:19:19+00:00,LPL,2026,Split 1,0,2,16.01,Invictus Gaming,Weibo Gaming,1600.0674493412723,1559.6772976262523,40.39015171502001,0.6,0.3,0.3,0.4642857142857143,,0
13060-13060_game_3,2026-01-14 11:17:57+00:00,LPL,2026,Split 1,0,3,16.01,Weibo Gaming,Invictus Gaming,1577.4408898056251,1582.360206650334,-4.919316844708874,0.4,0.5,-0.09999999999999998,0.5517241379310345,,1
LOLTMNT03_337109,2026-01-14 11:22:18+00:00,LCK,2026,Cup,0,1,16.01,Dplus Kia,HANJIN BRION,1749.8842875002288,1527.1132739900436,222.77101351018518,0.4,0.3,0.10000000000000003,0.625,0.7742017208548521,1
LOLTMNT03_336084,2026-01-14 12:11:18+00:00,LCK,2026,Cup,0,2,16.01,Dplus Kia,HANJIN BRION,1756.8817726315901,1520.0291568577454,236.85261577384472,0.5,0.2,0.3,0.6363636363636364,0.7742017208548521,1
13061-13061_game_1,2026-01-14 12:37:55+00:00,LPL,2026,Split 1,0,1,16.01,JD Gaming,Top Esports,1708.039931621294,1604.1719262794734,103.86800534182066,0.7,0.5,0.19999999999999996,0.2903225806451613,,1
13061-13061_game_2,2026-01-14 13:26:09+00:00,LPL,2026,Split 1,0,2,16.01,JD Gaming,Top Esports,1719.5110817016218,1592.104636623243,127.40644507837874,0.8,0.5,0.30000000000000004,0.3125,,1
13062-13062_game_1,2026-01-15 07:12:06+00:00,LPL,2026,Split 1,0,1,16.01,Ultra Prime,LGD Gaming,1456.189921458961,1510.6606945429487,-54.47077308398775,0.3,0.6,-0.3,0.33333333333333337,,0
LOLTMNT03_336244,2026-01-15 08:05:23+00:00,LCK,2026,Cup,0,1,16.01,Kiwoom DRX,Gen.G,1515.9694475117979,1887.7103653929728,-371.74091788117494,,0.2,,,0.1733764518547981,0
13062-13062_game_2,2026-01-15 08:14:04+00:00,LPL,2026,Split 1,0,2,16.01,Ultra Prime,LGD Gaming,1442.6430711910639,1524.1842400997764,-81.5411689087125,0.3,0.6,-0.3,0.3076923076923077,,0
LOLTMNT03_336246,2026-01-15 08:56:47+00:00,LCK,2026,Cup,0,2,16.01,Gen.G,Kiwoom DRX,1891.1496923127866,1512.5794362537338,378.5702560590528,0.3,,,,0.8266235481452019,1
13063-13063_game_1,2026-01-15 09:26:10+00:00,LPL,2026,Split 1,0,1,16.01,Anyone's Legend,Invictus Gaming,1817.3579758072806,1566.1470737080049,251.2109020992757,0.4,0.5,-0.09999999999999998,0.7647058823529411,,1
LOLTMNT03_337298,2026-01-15 10:15:24+00:00,LCK,2026,Cup,0,1,16.01,Nongshim RedForce,BNK FEARX,1605.8153014603072,1687.1946970747954,-81.3793956144882,0.5,0.6,-0.09999999999999998,0.4444444444444444,0.4393214513128777,0
13063-13063_game_2,2026-01-15 10:16:14+00:00,LPL,2026,Split 1,0,2,16.01,Anyone's Legend,Invictus Gaming,1823.465514899271,1559.6137071695173,263.8518077297538,0.4,0.5,-0.09999999999999998,0.7777777777777778,,1
LOLTMNT03_337304,2026-01-15 11:14:42+00:00,LCK,2026,Cup,0,2,16.01,BNK FEARX,Nongshim RedForce,1699.5141259250843,1593.4721161630946,106.04200976198968,0.6,0.4,0.19999999999999996,0.5714285714285714,0.5606785486871223,1
13064-13064_game_1,2026-01-15 11:30:15+00:00,LPL,2026,Split 1,0,1,16.01,Bilibili Gaming,Weibo Gaming,1681.1979786821157,1593.6522444016966,87.54573428041908,0.3,0.4,-0.10000000000000003,0.7352941176470589,,0
13064-13064_game_2,2026-01-15 12:30:36+00:00,LPL,2026,Split 1,0,2,16.01,Weibo Gaming,Bilibili Gaming,1613.4553445630972,1661.4131997961897,-47.95785523309246,0.5,0.3,0.2,0.2857142857142857,,0
13064-13064_game_3,2026-01-15 13:36:07+00:00,LPL,2026,Split 1,0,3,16.01,Bilibili Gaming,Weibo Gaming,1675.2945246998,1599.5700361553868,75.72448854441313,0.3,0.5,-0.2,0.7222222222222222,,1
LOLTMNT03_336495,2026-01-16 08:05:40+00:00,LCK,2026,Cup,0,1,16.01,Dplus Kia,DN SOOPers,1763.4455076628287,1524.7201700587425,238.72533760408623,0.6,0.3,0.3,0.6799999999999999,0.7160117962503145,1
LOLTMNT03_336502,2026-01-16 08:53:11+00:00,LCK,2026,Cup,0,2,16.01,Dplus Kia,DN SOOPers,1769.9506619359283,1517.2141137787266,252.7365481572017,0.6,0.2,0.39999999999999997,0.6923076923076923,0.7160117962503145,1
13106-13106_game_1,2026-01-16 09:16:42+00:00,LPL,2026,Split 1,0,1,16.01,Oh My God,LNG Esports,1555.2787980637902,1597.7560355838482,-42.477237520058,0.5,0.7,-0.19999999999999996,0.23529411764705888,,0
13106-13106_game_2,2026-01-16 10:08:11+00:00,LPL,2026,Split 1,0,2,16.01,LNG Esports,Oh My God,1611.8559524999255,1541.2089909320246,70.64696156790092,0.7,0.4,0.29999999999999993,0.7777777777777778,,1
LOLTMNT03_337590,2026-01-16 10:08:16+00:00,LCK,2026,Cup,0,1,16.01,T1,Hanwha Life Esports,1889.4789397177806,1877.0440968990115,12.434842818769084,0.6,0.5,0.09999999999999998,0.4181818181818182,0.5344793197670781,0
LOLTMNT03_336511,2026-01-16 11:07:37+00:00,LCK,2026,Cup,0,2,16.01,Hanwha Life Esports,T1,1893.612745519794,1872.8805095370858,20.73223598270829,0.5,0.6,-0.09999999999999998,0.5892857142857143,0.465520680232922,0
13066-13066_game_1,2026-01-16 11:10:15+00:00,LPL,2026,Split 1,0,1,16.01,EDward Gaming,Team WE,1592.0957865465853,1411.1861540790894,180.90963246749584,0.6,0.2,0.39999999999999997,0.46153846153846156,,0
LOLTMNT03_337603,2026-01-16 11:56:34+00:00,LCK,2026,Cup,0,3,16.01,T1,Hanwha Life Esports,1889.7706618525594,1876.6615774774104,13.109084375148996,0.7,0.4,0.29999999999999993,0.42105263157894735,0.5344793197670781,1
13066-13066_game_2,2026-01-16 12:15:45+00:00,LPL,2026,Split 1,0,2,16.01,Team WE,EDward Gaming,1434.811633511575,1568.4475571669816,-133.6359236554065,0.2,0.5,-0.3,0.5714285714285714,,1
LOLTMNT03_336667,2026-01-17 08:05:53+00:00,LCK,2026,Cup,0,1,16.01,BNK FEARX,HANJIN BRION,1710.776931400759,1513.3840202380093,197.39291116274967,0.7,0.2,0.49999999999999994,0.8181818181818182,0.7343858566288946,1
LOLTMNT03_337754,2026-01-17 09:01:27+00:00,LCK,2026,Cup,0,2,16.01,BNK FEARX,HANJIN BRION,1718.5530653903647,1505.4910090444369,213.06205634592789,0.7,0.2,0.49999999999999994,0.8260869565217391,0.7343858566288946,0
13067-13067_game_1,2026-01-17 09:15:53+00:00,LPL,2026,Split 1,0,1,16.01,Anyone's Legend,Bilibili Gaming,1819.1203195690055,1687.9820286510599,131.1382909179456,0.4,0.3,0.10000000000000003,0.5357142857142857,,1
LOLTMNT03_337756,2026-01-17 09:47:06+00:00,LCK,2026,Cup,0,3,16.01,HANJIN BRION,BNK FEARX,1530.1225936445203,1693.810616185427,-163.6880225409068,0.2,0.7,-0.49999999999999994,0.20833333333333337,0.2656141433711054,0
13067-13067_game_2,2026-01-17 10:13:08+00:00,LPL,2026,Split 1,0,2,16.01,Anyone's Legend,Bilibili Gaming,1829.391578760656,1677.5426383387626,151.84894042189353,0.5,0.3,0.2,0.5517241379310345,,0
LOLTMNT03_336695,2026-01-17 11:10:45+00:00,LCK,2026,Cup,0,1,16.01,KT Rolster,Gen.G,1779.0612313927563,1894.468467745041,-115.4072363522846,0.4,0.3,0.10000000000000003,0.34375,0.2644564952454034,0
13067-13067_game_3,2026-01-17 11:11:12+00:00,LPL,2026,Split 1,0,3,16.01,Bilibili Gaming,Anyone's Legend,1699.9149491751807,1806.8525878659652,-106.93763869078452,0.4,0.4,0.0,0.4666666666666667,,1
LOLTMNT03_337782,2026-01-17 12:05:01+00:00,LCK,2026,Cup,0,2,16.01,Gen.G,KT Rolster,1905.4050417840203,1731.5799944558457,173.8250473281746,0.4,0.3,0.10000000000000003,0.6666666666666666,0.7355435047545966,1
13068-13068_game_1,2026-01-17 12:22:23+00:00,LPL,2026,Split 1,0,1,16.01,Invictus Gaming,JD Gaming,1553.4588200638184,1730.0183935354246,-176.5595734716062,0.5,0.9,-0.4,0.7647058823529411,,1
13068-13068_game_2,2026-01-17 13:21:55+00:00,LPL,2026,Split 1,0,2,16.01,Invictus Gaming,JD Gaming,1576.5867116837212,1706.6599585299386,-130.07324684621744,0.6,0.8,-0.20000000000000007,0.7777777777777778,,0
13068-13068_game_3,2026-01-17 14:17:15+00:00,LPL,2026,Split 1,0,3,16.01,JD Gaming,Invictus Gaming,1717.0437505794798,1566.019436097196,151.0243144822839,0.8,0.5,0.30000000000000004,0.26315789473684215,,0
LOLTMNT06_164200,2026-01-17 16:08:02+00:00,LEC,2026,Versus,0,1,16.01,Fnatic,Los Ratones,1723.9971288416625,1882.7534311040727,-158.75630226241014,0.3,0.6,-0.3,,0.714588,1
LOLTMNT06_163223,2026-01-17 17:06:08+00:00,LEC,2026,Versus,0,1,16.01,GiantX,Shifters,1642.2205584747796,1544.6927750105197,97.52778346425998,0.5,,,,0.626506,1
LOLTMNT06_164218,2026-01-17 18:08:00+00:00,LEC,2026,Versus,0,1,16.01,Team Heretics,Natus Vincere,1616.4725824773836,1695.0968220773161,-78.62423959993248,0.4,0.0,0.4,,0.47644,0
LOLTMNT06_164234,2026-01-17 19:07:52+00:00,LEC,2026,Versus,0,1,16.01,SK Gaming,Team Vitality,1594.4249337234273,1624.087072095379,-29.66213837195164,0.2,0.4,-0.2,0.36363636363636365,0.387255,0
LOLTMNT06_163258,2026-01-17 20:06:09+00:00,LEC,2026,Versus,0,1,16.01,Karmine Corp,Karmine Corp Blue,1716.4431106675597,1613.6641736959305,102.77893697162926,0.4,1.0,-0.6,,0.879121,1
LOLTMNT06_163282,2026-01-17 21:08:03+00:00,LEC,2026,Versus,0,1,16.01,G2 Esports,Movistar KOI,1848.7720978954544,1720.19541198033,128.57668591512447,0.5,0.4,0.09999999999999998,0.7,0.612745,0
LOLTMNT03_336834,2026-01-18 08:05:24+00:00,LCK,2026,Cup,0,1,16.01,Hanwha Life Esports,Nongshim RedForce,1861.2618660408784,1582.1826327432275,279.07923329765094,0.4,0.4,0.0,0.9565217391304348,0.7526977386290987,0
LOLTMNT03_336842,2026-01-18 08:58:36+00:00,LCK,2026,Cup,0,2,16.01,Nongshim RedForce,Hanwha Life Esports,1608.8033726620324,1834.6272478405303,-225.82387517849793,0.4,0.4,0.0,0.08333333333333337,0.2473022613709013,1
13069-13069_game_1,2026-01-18 09:12:53+00:00,LPL,2026,Split 1,0,1,16.01,Bilibili Gaming,Top Esports,1720.5321294745245,1580.9227470486628,139.60938242586167,0.5,0.4,0.09999999999999998,0.6041666666666666,,1
13069-13069_game_2,2026-01-18 10:08:10+00:00,LPL,2026,Split 1,0,2,16.01,Bilibili Gaming,Top Esports,1730.5840692070094,1570.2235786391338,160.36049056787556,0.6,0.3,0.3,0.6122448979591837,,1
LOLTMNT03_337890,2026-01-18 10:20:18+00:00,LCK,2026,Cup,0,1,16.01,T1,Kiwoom DRX,1905.1493332043265,1509.30725997599,395.8420732283364,0.7,,,,0.8095228754686048,1
LOLTMNT03_337894,2026-01-18 11:12:18+00:00,LCK,2026,Cup,0,2,16.01,T1,Kiwoom DRX,1908.2387514206334,1506.3160400597349,401.9227113608986,0.7,0.0,0.7,,0.8095228754686048,0
13070-13070_game_1,2026-01-18 11:26:38+00:00,LPL,2026,Split 1,0,1,16.01,JD Gaming,Anyone's Legend,1694.6061190264331,1786.1056306806397,-91.49951165420657,0.7,0.3,0.39999999999999997,0.4545454545454546,,1
LOLTMNT03_336867,2026-01-18 12:05:41+00:00,LCK,2026,Cup,0,3,16.01,Kiwoom DRX,T1,1535.4188106963752,1879.2285004071405,-343.80968971076527,0.25,0.6,-0.35,0.5,0.1904771245313952,0
13070-13070_game_2,2026-01-18 12:23:38+00:00,LPL,2026,Split 1,0,2,16.01,JD Gaming,Anyone's Legend,1714.6524021286616,1766.0087174236628,-51.356315295001195,0.7,0.3,0.39999999999999997,0.4782608695652174,,0
13070-13070_game_3,2026-01-18 13:33:03+00:00,LPL,2026,Split 1,0,3,16.01,Anyone's Legend,JD Gaming,1779.6710876441707,1700.9602275585585,78.71086008561224,0.4,0.7,-0.29999999999999993,0.5416666666666666,,0
LOLTMNT06_163306,2026-01-18 16:09:02+00:00,LEC,2026,Versus,0,1,16.01,Team Heretics,Shifters,1603.656654237178,1532.8089408375224,70.8477133996555,0.4,,,,,0
LOLTMNT06_163319,2026-01-18 17:13:41+00:00,LEC,2026,Versus,0,1,16.01,Los Ratones,Karmine Corp Blue,1859.9120920313235,1601.858730719993,258.0533613113305,0.5,0.9,-0.4,0.0,0.581281,0
LOLTMNT06_164300,2026-01-18 18:16:21+00:00,LEC,2026,Versus,0,1,16.01,Team Vitality,Natus Vincere,1638.7336414565798,1708.329459159843,-69.59581770326326,0.5,0.1111111111111111,0.3888888888888889,1.0,0.566327,0
LOLTMNT06_163332,2026-01-18 19:11:12+00:00,LEC,2026,Versus,0,1,16.01,Fnatic,SK Gaming,1746.7608974282134,1579.7079529430666,167.05294448514678,0.3,0.2,0.09999999999999998,0.6923076923076923,0.7203390000000001,0
LOLTMNT06_164317,2026-01-18 20:04:44+00:00,LEC,2026,Versus,0,1,16.01,G2 Esports,GiantX,1827.1072124712841,1653.8457037082037,173.26150876308043,0.5,0.6,-0.09999999999999998,0.8571428571428571,0.695652,0
LOLTMNT06_164335,2026-01-18 21:10:16+00:00,LEC,2026,Versus,0,1,16.01,Karmine Corp,Movistar KOI,1727.9906731521921,1741.8603064696192,-13.869633317427088,0.4,0.5,-0.09999999999999998,0.5789473684210527,0.4845359999999999,0
13071-13071_game_1,2026-01-19 07:13:41+00:00,LPL,2026,Split 1,0,1,16.01,Team WE,ThunderTalk Gaming,1456.6579367819916,1440.70610837554,15.951828406451568,0.2,0.3,-0.09999999999999998,0.5,,1
13071-13071_game_2,2026-01-19 08:04:18+00:00,LPL,2026,Split 1,0,2,16.01,Team WE,ThunderTalk Gaming,1471.9260589494206,1425.425985190957,46.500073758463714,0.3,0.3,0.0,0.5555555555555556,,1
13072-13072_game_1,2026-01-19 09:14:21+00:00,LPL,2026,Split 1,0,1,16.01,Weibo Gaming,Top Esports,1586.8938431449787,1560.2998229224233,26.5940202225554,0.5,0.2,0.3,0.26086956521739135,,0
13072-13072_game_2,2026-01-19 10:23:55+00:00,LPL,2026,Split 1,0,2,16.01,Top Esports,Weibo Gaming,1577.4075321680095,1569.703446517031,7.704085650978641,0.3,0.5,-0.2,0.75,,0
13072-13072_game_3,2026-01-19 11:16:45+00:00,LPL,2026,Split 1,0,3,16.01,Weibo Gaming,Top Esports,1586.0450390102424,1561.1432006244306,24.901838385811743,0.6,0.2,0.39999999999999997,0.28,,0
13073-13073_game_1,2026-01-19 12:21:37+00:00,LPL,2026,Split 1,0,1,16.01,Ninjas in Pyjamas,EDward Gaming,1469.0726743702394,1546.5828029214304,-77.51012855119097,0.4,0.5,-0.09999999999999998,0.5,,0
13073-13073_game_2,2026-01-19 13:14:20+00:00,LPL,2026,Split 1,0,2,16.01,EDward Gaming,Ninjas in Pyjamas,1559.0730937189855,1456.4761782667447,102.59691545224086,0.5,0.4,0.09999999999999998,0.5454545454545454,,0
13073-13073_game_3,2026-01-19 14:05:50+00:00,LPL,2026,Split 1,0,3,16.01,EDward Gaming,Ninjas in Pyjamas,1538.4830235523623,1476.941797800729,61.54122575163319,0.4,0.5,-0.09999999999999998,0.5,,0
LOLTMNT06_163405,2026-01-19 16:09:18+00:00,LEC,2026,Versus,0,1,16.01,Natus Vincere,Fnatic,1721.8553055076068,1723.6926778567147,-1.837372349107909,0.2,0.3,-0.09999999999999998,,0.441397,0
LOLTMNT06_164420,2026-01-19 17:13:34+00:00,LEC,2026,Versus,0,1,16.01,Karmine Corp Blue,Team Vitality,1626.6113794935613,1625.8765034242565,0.7348760693048462,0.9,0.5,0.4,,,0
LOLTMNT06_163424,2026-01-19 18:14:25+00:00,LEC,2026,Versus,0,1,16.01,Team Heretics,GiantX,1584.8709288136383,1677.2202185397086,-92.34928972607031,0.3,0.7,-0.39999999999999997,0.33333333333333337,0.334842,1
LOLTMNT06_164458,2026-01-19 19:30:22+00:00,LEC,2026,Versus,0,1,16.01,Shifters,Movistar KOI,1551.8497922026863,1757.2219254219708,-205.37213321928448,,0.6,,,0.310722,1
LOLTMNT06_164476,2026-01-19 20:23:44+00:00,LEC,2026,Versus,0,1,16.01,Los Ratones,Karmine Corp,1833.8193720390452,1712.631219467663,121.18815257138226,0.4,0.4,0.0,,0.226619,0
LOLTMNT06_164483,2026-01-19 21:46:20+00:00,LEC,2026,Versus,0,1,16.01,G2 Esports,SK Gaming,1803.729884015406,1602.360548929859,201.36933508554694,0.4,0.3,0.10000000000000003,0.875,0.7261409999999999,1
13074-13074_game_1,2026-01-20 09:14:03+00:00,LPL,2026,Split 1,0,1,16.01,Anyone's Legend,Weibo Gaming,1760.1229680406336,1568.9254225843656,191.19754545626802,0.4,0.5,-0.09999999999999998,0.5925925925925926,,1
13074-13074_game_2,2026-01-20 10:07:15+00:00,LPL,2026,Split 1,0,2,16.01,Anyone's Legend,Weibo Gaming,1768.140474962811,1560.7988200754403,207.34165488737062,0.5,0.4,0.09999999999999998,0.6071428571428571,,1
13075-13075_game_1,2026-01-20 11:17:22+00:00,LPL,2026,Split 1,0,1,16.01,Bilibili Gaming,Invictus Gaming,1739.8405989193993,1588.271132268384,151.56946665101532,0.6,0.5,0.09999999999999998,0.6086956521739131,,1
13075-13075_game_2,2026-01-20 12:18:42+00:00,LPL,2026,Split 1,0,2,16.01,Bilibili Gaming,Invictus Gaming,1749.413990295348,1578.5642730111188,170.8497172842292,0.7,0.4,0.29999999999999993,0.625,,1
LOLTMNT03_338494,2026-01-21 08:05:24+00:00,LCK,2026,Cup,0,1,16.01,Dplus Kia,Nongshim RedForce,1776.047092702486,1633.9172275383414,142.12986516414458,0.6,0.4,0.19999999999999996,0.7857142857142857,0.6392415237036972,1
LOLTMNT03_339373,2026-01-21 09:07:05+00:00,LCK,2026,Cup,0,2,16.01,Dplus Kia,Nongshim RedForce,1785.8753840761449,1624.0938403470382,161.78154372910672,0.7,0.3,0.39999999999999997,0.7931034482758621,0.6392415237036972,0
13076-13076_game_1,2026-01-21 09:13:30+00:00,LPL,2026,Split 1,0,1,16.01,LNG Esports,LGD Gaming,1624.7071192695976,1536.5124509134785,88.19466835611911,0.7,0.7,0.0,0.4,,1
LOLTMNT03_338498,2026-01-21 09:52:46+00:00,LCK,2026,Cup,0,3,16.01,Dplus Kia,Nongshim RedForce,1762.9519499167448,1647.0225075703304,115.92944234641436,0.6,0.3,0.3,0.7666666666666667,0.6392415237036972,1
13076-13076_game_2,2026-01-21 10:10:09+00:00,LPL,2026,Split 1,0,2,16.01,LNG Esports,LGD Gaming,1636.7951615330583,1524.4720077070233,112.32315382603497,0.8,0.7,0.10000000000000009,0.4375,,0
13076-13076_game_3,2026-01-21 11:07:56+00:00,LPL,2026,Split 1,0,3,16.01,LNG Esports,LGD Gaming,1615.8646662918302,1545.4531912721973,70.41147501963292,0.7,0.8,-0.10000000000000009,0.4117647058823529,,1
LOLTMNT03_338517,2026-01-21 11:14:52+00:00,LCK,2026,Cup,0,1,16.01,DN SOOPers,Kiwoom DRX,1601.5043699387234,1531.5134471620652,69.99092277665818,0.2,0.2,0.0,,0.5043294415348609,0
LOLTMNT03_338532,2026-01-21 12:06:46+00:00,LCK,2026,Cup,0,2,16.01,Kiwoom DRX,DN SOOPers,1550.6819924472297,1583.4236634774745,-32.74167103024479,0.3333333333333333,0.1,0.2333333333333333,,0.495670558465139,0
13077-13077_game_1,2026-01-21 12:26:03+00:00,LPL,2026,Split 1,0,1,16.01,Top Esports,Invictus Gaming,1578.1943519932163,1569.5831756098567,8.611176383359634,0.2,0.3,-0.09999999999999998,0.6086956521739131,,1
LOLTMNT03_338544,2026-01-21 13:00:21+00:00,LCK,2026,Cup,0,3,16.01,DN SOOPers,Kiwoom DRX,1598.576210751217,1536.179972130649,62.396238620568056,0.2,0.2857142857142857,-0.08571428571428569,0.5,0.5043294415348609,1
13077-13077_game_2,2026-01-21 13:27:23+00:00,LPL,2026,Split 1,0,2,16.01,Top Esports,Invictus Gaming,1593.8753327806287,1553.9596129526933,39.91571982793539,0.3,0.2,0.09999999999999998,0.625,,0
13077-13077_game_3,2026-01-21 14:38:01+00:00,LPL,2026,Split 1,0,3,16.01,Invictus Gaming,Top Esports,1571.7161871581882,1576.2539076586704,-4.537720500482237,0.3,0.3,0.0,0.4,,1
13078-13078_game_1,2026-01-22 07:11:47+00:00,LPL,2026,Split 1,0,1,16.01,Oh My God,Ultra Prime,1528.3926935069317,1430.2843192627893,98.1083742441424,0.3,0.3,0.0,0.6923076923076923,,0
LOLTMNT03_339583,2026-01-22 08:05:25+00:00,LCK,2026,Cup,0,1,16.01,Hanwha Life Esports,HANJIN BRION,1809.4993385176858,1521.0533078232584,288.44603069442746,0.3,0.2,0.09999999999999998,0.8666666666666667,0.7976602379764561,1
13078-13078_game_2,2026-01-22 08:06:15+00:00,LPL,2026,Split 1,0,2,16.01,Oh My God,Ultra Prime,1508.025820819788,1450.6362890369178,57.38953178287011,0.2,0.4,-0.2,0.6428571428571429,,0
LOLTMNT03_339592,2026-01-22 09:06:13+00:00,LCK,2026,Cup,0,2,16.01,Hanwha Life Esports,HANJIN BRION,1814.6265479809567,1515.850092187156,298.7764557938008,0.4,0.2,0.2,0.875,0.7976602379764561,0
13079-13079_game_1,2026-01-22 09:16:51+00:00,LPL,2026,Split 1,0,1,16.01,EDward Gaming,ThunderTalk Gaming,1519.6793692742979,1411.523963197518,108.15540607677985,0.3,0.3,0.0,0.5,,1
LOLTMNT03_339605,2026-01-22 10:02:22+00:00,LCK,2026,Cup,0,3,16.01,HANJIN BRION,Hanwha Life Esports,1542.9032172638856,1787.5024152364974,-244.59919797261182,0.3,0.4,-0.10000000000000003,0.17647058823529413,0.2023397620235439,0
13079-13079_game_2,2026-01-22 10:07:53+00:00,LPL,2026,Split 1,0,2,16.01,EDward Gaming,ThunderTalk Gaming,1530.85524951696,1400.294579727431,130.5606697895289,0.3,0.3,0.0,0.5263157894736842,,1
LOLTMNT03_339627,2026-01-22 11:14:53+00:00,LCK,2026,Cup,0,1,16.01,Gen.G,BNK FEARX,1914.0814435939076,1702.7848286427766,211.296614951131,0.4,0.7,-0.29999999999999993,0.875,0.784857092693858,1
13080-13080_game_1,2026-01-22 11:16:23+00:00,LPL,2026,Split 1,0,1,16.01,Team WE,Ninjas in Pyjamas,1485.804130802568,1495.6730522228177,-9.868921420249762,0.4,0.6,-0.19999999999999996,0.3571428571428571,,1
13080-13080_game_2,2026-01-22 12:08:44+00:00,LPL,2026,Split 1,0,2,16.01,Team WE,Ninjas in Pyjamas,1502.2566165461926,1479.2331537939685,23.023462752224077,0.5,0.5,0.0,0.4,,0
LOLTMNT03_340003,2026-01-22 12:11:59+00:00,LCK,2026,Cup,0,2,16.01,Gen.G,BNK FEARX,1921.4686757053128,1695.470095619794,225.99858008551882,0.5,0.6,-0.09999999999999998,0.8823529411764706,0.784857092693858,1
13080-13080_game_3,2026-01-22 13:03:23+00:00,LPL,2026,Split 1,0,3,16.01,Team WE,Ninjas in Pyjamas,1485.2005564029175,1496.269544521767,-11.068988118849575,0.5,0.6,-0.09999999999999998,0.375,,0
13081-13081_game_1,2026-01-23 07:11:20+00:00,LPL,2026,Split 1,0,1,16.01,LGD Gaming,Oh My God,1532.6402418297873,1489.4275140391064,43.2127277906809,0.8,0.2,0.6000000000000001,0.2857142857142857,,0
LOLTMNT03_341143,2026-01-23 08:04:55+00:00,LCK,2026,Cup,0,1,16.01,T1,KT Rolster,1883.2372867225145,1721.9128201699482,161.32446655256626,0.6,0.3,0.3,0.6904761904761905,0.6888339930977472,1
13081-13081_game_2,2026-01-23 08:20:58+00:00,LPL,2026,Split 1,0,2,16.01,LGD Gaming,Oh My God,1514.6664260885796,1507.3954268931939,7.270999195385684,0.7,0.3,0.39999999999999997,0.25,,1
LOLTMNT03_341150,2026-01-23 09:00:11+00:00,LCK,2026,Cup,0,2,16.01,T1,KT Rolster,1892.4077442402165,1749.0379623701288,143.36978187008776,0.6,0.3,0.3,0.6976744186046512,0.6888339930977472,1
13081-13081_game_3,2026-01-23 09:10:41+00:00,LPL,2026,Split 1,0,3,16.01,LGD Gaming,Oh My God,1530.3321549702293,1491.729502639117,38.60265233111227,0.7,0.2,0.49999999999999994,0.3333333333333333,,0
13082-13082_game_1,2026-01-23 10:20:25+00:00,LPL,2026,Split 1,0,1,16.01,ThunderTalk Gaming,EDward Gaming,1389.9818248061304,1541.112430200765,-151.13060539463459,0.3,0.3,0.0,0.44999999999999996,,1
LOLTMNT03_340138,2026-01-23 10:33:19+00:00,LCK,2026,Cup,0,1,16.01,Kiwoom DRX,Nongshim RedForce,1523.0140932889694,1636.1515758047553,-113.1374825157859,0.25,0.3,-0.04999999999999999,,0.3773591836094168,1
13082-13082_game_2,2026-01-23 11:15:41+00:00,LPL,2026,Split 1,0,2,16.01,ThunderTalk Gaming,EDward Gaming,1412.476165589464,1518.562556446014,-106.08639085655,0.4,0.3,0.10000000000000003,0.47619047619047616,,0
LOLTMNT03_340145,2026-01-23 11:24:18+00:00,LCK,2026,Cup,0,2,16.01,Kiwoom DRX,Nongshim RedForce,1544.0344820402236,1615.1355188264301,-71.10103678620658,0.3333333333333333,0.3,0.033333333333333326,,0.3773591836094168,0
13082-13082_game_3,2026-01-23 12:14:49+00:00,LPL,2026,Split 1,0,3,16.01,EDward Gaming,ThunderTalk Gaming,1529.8248077101448,1401.1725197667656,128.65228794337918,0.4,0.4,0.0,0.5454545454545454,,1
LOLTMNT03_341173,2026-01-23 12:21:14+00:00,LCK,2026,Cup,0,3,16.01,Nongshim RedForce,Kiwoom DRX,1627.9169253729328,1531.2555455389713,96.66137983396152,0.4,0.3,0.10000000000000003,0.5,0.6226408163905832,0
13083-13083_game_1,2026-01-23 13:26:53+00:00,LPL,2026,Split 1,0,1,16.01,Bilibili Gaming,JD Gaming,1758.265132367306,1720.4705392499168,37.79459311738924,0.8,0.7,0.10000000000000009,0.5384615384615384,,0
13083-13083_game_2,2026-01-23 14:37:50+00:00,LPL,2026,Split 1,0,2,16.01,JD Gaming,Bilibili Gaming,1738.1790183089518,1740.5625944742387,-2.383576165286968,0.7,0.8,-0.10000000000000009,0.4814814814814815,,1
LOLTMNT03_341253,2026-01-24 08:04:56+00:00,LCK,2026,Cup,0,1,16.01,DN SOOPers,Hanwha Life Esports,1612.6170561613824,1793.8075601645119,-181.1905040031295,0.3,0.4,-0.10000000000000003,0.11764705882352941,0.2522174631934633,0
LOLTMNT03_340232,2026-01-24 09:04:12+00:00,LCK,2026,Cup,0,2,16.01,DN SOOPers,Hanwha Life Esports,1603.0033007749282,1802.1597703558978,-199.15646958096954,0.3,0.4,-0.10000000000000003,0.1111111111111111,0.2522174631934633,1
13084-13084_game_1,2026-01-24 09:15:02+00:00,LPL,2026,Split 1,0,1,16.01,Anyone's Legend,Top Esports,1758.4829827478297,1560.0910202659084,198.39196248192138,0.6,0.3,0.3,0.3548387096774194,,1
LOLTMNT03_341276,2026-01-24 10:06:14+00:00,LCK,2026,Cup,0,3,16.01,DN SOOPers,Hanwha Life Esports,1626.0193654574584,1777.889704969776,-151.8703395123175,0.4,0.4,0.0,0.15789473684210525,0.2522174631934633,0
13084-13084_game_2,2026-01-24 10:10:20+00:00,LPL,2026,Split 1,0,2,16.01,Anyone's Legend,Top Esports,1766.3781738357534,1551.826153076003,214.55202075975035,0.6,0.3,0.3,0.375,,0
13084-13084_game_3,2026-01-24 11:02:10+00:00,LPL,2026,Split 1,0,3,16.01,Top Esports,Anyone's Legend,1576.1174823174683,1741.7347185238687,-165.61723620640032,0.4,0.5,-0.09999999999999998,0.6363636363636364,,0
LOLTMNT03_341342,2026-01-24 11:24:48+00:00,LCK,2026,Cup,0,1,16.01,Dplus Kia,Gen.G,1773.8260186612765,1928.3851039941796,-154.55908533290312,0.6,0.6,0.0,0.25806451612903225,0.2893001312497075,0
LOLTMNT03_341348,2026-01-24 12:21:19+00:00,LCK,2026,Cup,0,2,16.01,Gen.G,Dplus Kia,1937.7601654254936,1764.4813321528334,173.27883327266022,0.7,0.6,0.09999999999999998,0.75,0.7106998687502926,1
13085-13085_game_1,2026-01-24 12:22:10+00:00,LPL,2026,Split 1,0,1,16.01,JD Gaming,Weibo Gaming,1754.2867954126873,1553.222944818021,201.0638505946663,0.7,0.4,0.29999999999999993,0.5333333333333333,,0
13085-13085_game_2,2026-01-24 13:19:44+00:00,LPL,2026,Split 1,0,2,16.01,Weibo Gaming,JD Gaming,1577.4475779884929,1730.0119290240855,-152.5643510355926,0.4,0.6,-0.19999999999999996,0.4782608695652174,,1
LOLTMNT04_149111,2026-01-24 15:51:32+00:00,LEC,2026,Versus,0,1,16.02,GiantX,Los Ratones,1657.0664935943328,1812.4543038379404,-155.38781024360765,0.6,0.3,0.3,,0.7265619999999999,1
LOLTMNT04_149122,2026-01-24 16:36:30+00:00,LEC,2026,Versus,0,1,16.02,Natus Vincere,Karmine Corp Blue,1706.1163993413927,1611.0743928296888,95.0420065117039,0.2,0.8,-0.6000000000000001,,0.75,1
LOLTMNT04_149134,2026-01-24 17:34:22+00:00,LEC,2026,Versus,0,1,16.02,Team Heretics,Team Vitality,1604.6395386846077,1641.9098642957802,-37.27032561117244,0.4,0.6,-0.19999999999999996,0.36363636363636365,,1
LOLTMNT04_149143,2026-01-24 18:28:43+00:00,LEC,2026,Versus,0,1,16.02,G2 Esports,Shifters,1811.37204514624,1575.9815634921622,235.3904816540778,0.4,0.6666666666666666,-0.2666666666666666,,0.705128,1
LOLTMNT04_150134,2026-01-24 19:21:26+00:00,LEC,2026,Versus,0,1,16.02,SK Gaming,Karmine Corp,1594.21302153038,1733.8814120218772,-139.66839049149712,0.3,0.5,-0.2,0.33333333333333337,0.206349,0
LOLTMNT04_149159,2026-01-24 20:19:05+00:00,LEC,2026,Versus,0,1,16.02,Fnatic,Movistar KOI,1739.6198754488883,1732.7308479462868,6.889027502601493,0.3,0.5,-0.2,0.4,0.393035,0
LOLTMNT03_341399,2026-01-25 08:05:39+00:00,LCK,2026,Cup,0,1,16.01,BNK FEARX,T1,1688.621916142813,1902.2474882346028,-213.62557209178976,0.5,0.7,-0.19999999999999996,0.2857142857142857,0.3072716795443077,0
LOLTMNT03_340339,2026-01-25 09:06:56+00:00,LCK,2026,Cup,0,2,16.01,T1,BNK FEARX,1909.5943461458105,1681.3825599856332,228.21178616017733,0.8,0.5,0.30000000000000004,0.7333333333333334,0.6927283204556923,0
13086-13086_game_1,2026-01-25 09:14:08+00:00,LPL,2026,Split 1,0,1,16.01,Team WE,Ninjas in Pyjamas,1469.7084655644933,1511.7730011636852,-42.06453559919191,0.5,0.6,-0.09999999999999998,0.3529411764705882,,1
LOLTMNT03_340341,2026-01-25 10:12:05+00:00,LCK,2026,Cup,0,3,16.01,BNK FEARX,T1,1706.6027096555117,1884.476142466443,-177.87343281093126,0.5,0.7,-0.19999999999999996,0.3125,0.3072716795443077,0
13086-13086_game_2,2026-01-25 10:20:15+00:00,LPL,2026,Split 1,0,2,16.01,Team WE,Ninjas in Pyjamas,1487.631393653352,1493.8841871667198,-6.252793513367806,0.6,0.6,0.0,0.38888888888888884,,0
LOLTMNT03_341439,2026-01-25 11:28:02+00:00,LCK,2026,Cup,0,1,16.01,HANJIN BRION,KT Rolster,1536.5262150793658,1739.0001471644657,-202.47393208509993,0.3,0.3,0.0,0.3157894736842105,0.2981514976303699,1
13086-13086_game_3,2026-01-25 11:29:58+00:00,LPL,2026,Split 1,0,3,16.01,Team WE,Ninjas in Pyjamas,1471.9184379029125,1509.6030463821512,-37.684608479238705,0.6,0.7,-0.09999999999999998,0.368421052631579,,1
LOLTMNT03_341446,2026-01-25 12:29:52+00:00,LCK,2026,Cup,0,2,16.01,HANJIN BRION,KT Rolster,1560.8396516387645,1682.9110593717887,-122.07140773302422,0.4,0.3,0.10000000000000003,0.35,0.2981514976303699,0
13087-13087_game_1,2026-01-25 12:44:41+00:00,LPL,2026,Split 1,0,1,16.01,Invictus Gaming,Top Esports,1587.915234426389,1566.7893889099123,21.125845516476602,0.4,0.4,0.0,0.4230769230769231,,0
LOLTMNT03_341450,2026-01-25 13:39:08+00:00,LCK,2026,Cup,0,3,16.01,KT Rolster,HANJIN BRION,1693.9225405133213,1550.1819257179789,143.74061479534248,0.3,0.3,0.0,0.6666666666666667,0.70184850236963,1
13087-13087_game_2,2026-01-25 13:41:49+00:00,LPL,2026,Split 1,0,2,16.01,Top Esports,Invictus Gaming,1583.7097010177292,1570.9733214660369,12.73637955169238,0.5,0.4,0.09999999999999998,0.5925925925925926,,1
LOLTMNT04_150207,2026-01-25 15:52:48+00:00,LEC,2026,Versus,0,1,16.02,Team Vitality,Shifters,1624.2089347798428,1569.0764800114164,55.13245476842644,0.5,0.5,0.0,,,1
LOLTMNT04_150214,2026-01-25 16:45:10+00:00,LEC,2026,Versus,0,1,16.02,SK Gaming,Natus Vincere,1583.9320328841047,1718.563352657979,-134.63131977387434,0.3,0.3,0.0,,0.360465,0
LOLTMNT04_149225,2026-01-25 17:41:52+00:00,LEC,2026,Versus,0,1,16.02,Team Heretics,Los Ratones,1622.2279908258583,1789.740248377014,-167.5122575511557,0.4,0.2,0.2,,0.611247,0
LOLTMNT04_150239,2026-01-25 18:34:50+00:00,LEC,2026,Versus,0,1,16.02,Karmine Corp Blue,Movistar KOI,1599.01581744981,1749.0480577751136,-150.03224032530375,0.7,0.6,0.09999999999999998,,0.138991,0
LOLTMNT04_149245,2026-01-25 19:22:26+00:00,LEC,2026,Versus,0,1,16.02,Fnatic,GiantX,1723.315681680316,1679.778271053213,43.53741062710287,0.3,0.6,-0.3,0.8888888888888888,0.530457,1
LOLTMNT04_149251,2026-01-25 20:13:39+00:00,LEC,2026,Versus,0,1,16.02,G2 Esports,Karmine Corp,1817.933701035384,1743.9098599408837,74.02384109450031,0.5,0.6,-0.09999999999999998,0.6,0.541237,0
13088-13088_game_1,2026-01-26 09:13:55+00:00,LPL,2026,Split 1,0,1,16.01,ThunderTalk Gaming,Team WE,1390.7958293596432,1489.6435125003923,-98.84768314074904,0.3,0.7,-0.39999999999999997,0.4,,0
13088-13088_game_2,2026-01-26 10:04:06+00:00,LPL,2026,Split 1,0,2,16.01,ThunderTalk Gaming,Team WE,1379.1946186718542,1501.2176361560091,-122.02301748415493,0.3,0.7,-0.39999999999999997,0.36363636363636365,,0
13089-13089_game_1,2026-01-26 11:24:45+00:00,LPL,2026,Split 1,0,1,16.01,JD Gaming,Bilibili Gaming,1707.4664556328248,1724.4477411341777,-16.981285501352886,0.5,0.7,-0.19999999999999996,0.5,,1
13089-13089_game_2,2026-01-26 12:31:33+00:00,LPL,2026,Split 1,0,2,16.01,JD Gaming,Bilibili Gaming,1724.2394343294013,1707.6748580173662,16.564576312035115,0.6,0.6,0.0,0.5172413793103448,,0
13089-13089_game_3,2026-01-26 13:31:07+00:00,LPL,2026,Split 1,0,3,16.01,Bilibili Gaming,JD Gaming,1724.4182534465297,1707.484021577268,16.934231869261566,0.7,0.5,0.19999999999999996,0.5,,0
LOLTMNT04_150288,2026-01-26 15:56:02+00:00,LEC,2026,Versus,0,1,16.02,SK Gaming,Karmine Corp Blue,1573.4888529702719,1588.829182509837,-15.340329539565118,0.3,0.6,-0.3,,0.557214,1
LOLTMNT04_149293,2026-01-26 16:40:33+00:00,LEC,2026,Versus,0,1,16.02,Shifters,Los Ratones,1555.4816328912552,1798.5729810171274,-243.09134812587217,0.4,0.3,0.10000000000000003,,0.64133,0
LOLTMNT04_149305,2026-01-26 17:39:01+00:00,LEC,2026,Versus,0,1,16.02,Team Vitality,Fnatic,1637.7029657806877,1737.3495687778945,-99.64660299720686,0.5,0.4,0.09999999999999998,0.09999999999999998,0.398496,0
LOLTMNT04_149323,2026-01-26 18:30:36+00:00,LEC,2026,Versus,0,1,16.02,G2 Esports,Team Heretics,1798.5754434181538,1612.8573972848867,185.71804613326708,0.4,0.4,0.0,1.0,0.823353,1
LOLTMNT04_150332,2026-01-26 19:21:50+00:00,LEC,2026,Versus,0,1,16.02,Natus Vincere,Karmine Corp,1729.4647290102505,1763.2077152365844,-33.74298622633387,0.4,0.7,-0.29999999999999993,0.0,0.296296,0
LOLTMNT04_150342,2026-01-26 20:10:44+00:00,LEC,2026,Versus,0,1,16.02,Movistar KOI,GiantX,1758.5384992979593,1665.7720355017148,92.76646379624458,0.6,0.5,0.09999999999999998,0.7777777777777778,0.675862,0
13090-13090_game_1,2026-01-27 07:13:52+00:00,LPL,2026,Split 1,0,1,16.02,LNG Esports,Ultra Prime,1628.7121224686093,1469.227066756154,159.48505571245528,0.7,0.5,0.19999999999999996,0.5454545454545454,,1
13090-13090_game_2,2026-01-27 08:02:32+00:00,LPL,2026,Split 1,0,2,16.02,LNG Esports,Ultra Prime,1637.9131446885997,1460.0379924237936,177.87515226480605,0.8,0.5,0.30000000000000004,0.5833333333333334,,1
13091-13091_game_1,2026-01-27 09:06:42+00:00,LPL,2026,Split 1,0,1,16.02,Top Esports,Weibo Gaming,1599.174267012654,1599.9500632606726,-0.7757962480186507,0.5,0.4,0.09999999999999998,0.7307692307692307,,0
13091-13091_game_2,2026-01-27 10:00:37+00:00,LPL,2026,Split 1,0,2,16.02,Weibo Gaming,Top Esports,1615.9126632486727,1583.2198985366324,32.69276471204034,0.4,0.5,-0.09999999999999998,0.2962962962962963,,0
13091-13091_game_3,2026-01-27 10:47:08+00:00,LPL,2026,Split 1,0,3,16.02,Top Esports,Weibo Gaming,1600.6516080603558,1598.4331607495405,2.218447310815236,0.5,0.4,0.09999999999999998,0.7142857142857143,,0
13092-13092_game_1,2026-01-27 11:56:02+00:00,LPL,2026,Split 1,0,1,16.02,Invictus Gaming,Anyone's Legend,1555.540168040724,1750.7562894875323,-195.2161214468083,0.4,0.5,-0.09999999999999998,0.21052631578947367,,0
13092-13092_game_2,2026-01-27 12:50:48+00:00,LPL,2026,Split 1,0,2,16.02,Anyone's Legend,Invictus Gaming,1758.7281223701405,1547.522378743499,211.20574362664138,0.6,0.3,0.3,0.8,,0
13092-13092_game_3,2026-01-27 13:48:01+00:00,LPL,2026,Split 1,0,3,16.02,Invictus Gaming,Anyone's Legend,1572.0456054229064,1734.1627483115183,-162.11714288861185,0.4,0.6,-0.19999999999999996,0.23809523809523814,,0
13093-13093_game_1,2026-01-28 07:12:22+00:00,LPL,2026,Split 1,0,1,16.02,Ultra Prime,LGD Gaming,1451.5253933688346,1512.5661750006543,-61.040781631819755,0.4,0.6,-0.19999999999999996,0.2857142857142857,,1
13093-13093_game_2,2026-01-28 08:02:47+00:00,LPL,2026,Split 1,0,2,16.02,Ultra Prime,LGD Gaming,1470.2841430196754,1493.7902315006488,-23.506088480973403,0.4,0.5,-0.09999999999999998,0.33333333333333337,,0
LOLTMNT01_326821,2026-01-28 08:04:54+00:00,LCK,2026,Cup,0,1,16.02,Kiwoom DRX,HANJIN BRION,1551.5857765679425,1540.3875316108047,11.198244957137831,0.4,0.3,0.10000000000000003,,0.528165660460091,1
13093-13093_game_3,2026-01-28 08:58:34+00:00,LPL,2026,Split 1,0,3,16.02,Ultra Prime,LGD Gaming,1455.3565414722375,1508.7115531158313,-53.3550116435938,0.3,0.5,-0.2,0.3125,,0
LOLTMNT01_326837,2026-01-28 09:03:47+00:00,LCK,2026,Cup,0,2,16.02,Kiwoom DRX,HANJIN BRION,1567.0712540038364,1524.8987631326945,42.17249087114192,0.5,0.3,0.2,,0.528165660460091,0
LOLTMNT01_327784,2026-01-28 09:59:21+00:00,LCK,2026,Cup,0,3,16.02,HANJIN BRION,Kiwoom DRX,1542.8139584033788,1549.1423311779454,-6.32837277456656,0.4,0.5,-0.09999999999999998,0.5,0.471834339539909,1
13094-13094_game_1,2026-01-28 10:04:00+00:00,LPL,2026,Split 1,0,1,16.02,LNG Esports,Oh My God,1646.4368111900208,1509.491095609565,136.94571558045573,0.8,0.3,0.5,0.7894736842105263,,1
LOLTMNT01_327799,2026-01-28 10:54:21+00:00,LCK,2026,Cup,0,4,16.02,HANJIN BRION,Kiwoom DRX,1559.1036787638095,1532.8513591960586,26.252319567750874,0.4,0.4,0.0,0.6666666666666666,0.471834339539909,0
13094-13094_game_2,2026-01-28 11:03:16+00:00,LPL,2026,Split 1,0,2,16.02,LNG Esports,Oh My God,1656.4942316890833,1499.463805816573,157.03042587251025,0.9,0.2,0.7,0.8,,1
LOLTMNT01_326904,2026-01-28 11:49:42+00:00,LCK,2026,Cup,0,5,16.02,Kiwoom DRX,HANJIN BRION,1550.0559399503643,1541.9073965704638,8.148543379900502,0.5,0.4,0.09999999999999998,0.5,0.528165660460091,1
13095-13095_game_1,2026-01-28 12:05:42+00:00,LPL,2026,Split 1,0,1,16.02,EDward Gaming,Ninjas in Pyjamas,1540.1582815286079,1491.9035932536865,48.254688274921364,0.5,0.6,-0.09999999999999998,0.46153846153846156,,0
13095-13095_game_2,2026-01-28 13:08:28+00:00,LPL,2026,Split 1,0,2,16.02,EDward Gaming,Ninjas in Pyjamas,1521.9508019854607,1510.0805511145938,11.870250870866812,0.5,0.6,-0.09999999999999998,0.42857142857142855,,1
13095-13095_game_3,2026-01-28 13:59:03+00:00,LPL,2026,Split 1,0,3,16.02,EDward Gaming,Ninjas in Pyjamas,1537.4044794078204,1494.6206532840447,42.783826123775725,0.6,0.6,0.0,0.4666666666666667,,1
LOLTMNT01_331103,2026-01-29 08:07:19+00:00,LCK,2026,Cup,0,1,16.02,BNK FEARX,DN SOOPers,1698.1462345773537,1615.6064578786454,82.53977669870824,0.5,0.3,0.2,0.64,0.6509830420541272,1
LOLTMNT01_332133,2026-01-29 09:07:12+00:00,LCK,2026,Cup,0,2,16.02,BNK FEARX,DN SOOPers,1710.4150806754108,1602.8438472435762,107.57123343183457,0.5,0.3,0.2,0.6538461538461539,0.6509830420541272,1
13096-13096_game_1,2026-01-29 09:14:37+00:00,LPL,2026,Split 1,0,1,16.02,ThunderTalk Gaming,Ninjas in Pyjamas,1368.5572897681025,1480.5579929628302,-112.00070319472775,0.2,0.5,-0.3,0.46153846153846156,,0
LOLTMNT01_332152,2026-01-29 09:53:36+00:00,LCK,2026,Cup,0,3,16.02,BNK FEARX,DN SOOPers,1721.6137065772577,1516.8691435005362,204.74456307672153,0.5,0.3,0.2,0.6666666666666666,0.6509830420541272,0
13096-13096_game_2,2026-01-29 10:04:43+00:00,LPL,2026,Split 1,0,2,16.02,Ninjas in Pyjamas,ThunderTalk Gaming,1491.6231999733413,1357.5118469017705,134.11135307157087,0.5,0.1,0.4,0.5714285714285714,,1
LOLTMNT01_332170,2026-01-29 10:47:32+00:00,LCK,2026,Cup,0,4,16.02,DN SOOPers,BNK FEARX,1540.7864424662198,1697.1434264814302,-156.3569840152104,0.4,0.4,0.0,0.3571428571428571,0.3490169579458728,0
13097-13097_game_1,2026-01-29 11:08:40+00:00,LPL,2026,Split 1,0,1,16.02,Weibo Gaming,JD Gaming,1614.532120376191,1724.256311691374,-109.72419131518313,0.5,0.6,-0.09999999999999998,0.4893617021276596,,1
13097-13097_game_2,2026-01-29 12:15:36+00:00,LPL,2026,Split 1,0,2,16.02,Weibo Gaming,JD Gaming,1635.363843264015,1703.39938819781,-68.03554493379488,0.6,0.5,0.09999999999999998,0.5,,0
13097-13097_game_3,2026-01-29 13:12:26+00:00,LPL,2026,Split 1,0,3,16.02,JD Gaming,Weibo Gaming,1716.326880806244,1622.4201219123922,93.9067588938517,0.6,0.5,0.09999999999999998,0.5102040816326531,,0
LOLTMNT01_331607,2026-01-30 08:05:48+00:00,LCK,2026,Cup,0,1,16.02,KT Rolster,Nongshim RedForce,1704.1308448315456,1607.589849062232,96.54099576931367,0.4,0.4,0.0,0.6785714285714286,0.5746429267203965,0
LOLTMNT01_332667,2026-01-30 08:56:59+00:00,LCK,2026,Cup,0,2,16.02,Nongshim RedForce,KT Rolster,1627.9123925646768,1710.0458102073885,-82.13341764271172,0.5,0.4,0.09999999999999998,0.3448275862068966,0.4253570732796035,1
13098-13098_game_1,2026-01-30 09:11:00+00:00,LPL,2026,Split 1,0,1,16.02,Ultra Prime,Oh My God,1441.777085250686,1495.9927361273587,-54.215650876672726,0.3,0.2,0.09999999999999998,0.4,,0
LOLTMNT01_331640,2026-01-30 09:57:18+00:00,LCK,2026,Cup,0,3,16.02,Nongshim RedForce,KT Rolster,1647.615918916656,1690.4522267596833,-42.83630784302727,0.6,0.3,0.3,0.3666666666666667,0.4253570732796035,0
13098-13098_game_2,2026-01-30 10:06:14+00:00,LPL,2026,Split 1,0,2,16.02,Ultra Prime,Oh My God,1428.237589956794,1509.542467142501,-81.30487718570703,0.3,0.3,0.0,0.375,,0
LOLTMNT01_331650,2026-01-30 10:47:33+00:00,LCK,2026,Cup,0,4,16.02,KT Rolster,Nongshim RedForce,1704.5417820901962,1633.5735383223491,70.96824376784707,0.3,0.5,-0.2,0.6451612903225806,0.5746429267203965,1
13099-13099_game_1,2026-01-30 11:11:36+00:00,LPL,2026,Split 1,0,1,16.02,Top Esports,Bilibili Gaming,1584.5634631065154,1707.6465434591871,-123.08308035267169,0.4,0.6,-0.19999999999999996,0.38,,0
LOLTMNT01_332727,2026-01-30 11:49:42+00:00,LCK,2026,Cup,0,5,16.02,KT Rolster,Nongshim RedForce,1717.4055823176545,1620.7897169427315,96.61586537492303,0.4,0.4,0.0,0.65625,0.5746429267203965,0
13099-13099_game_2,2026-01-30 12:07:58+00:00,LPL,2026,Split 1,0,2,16.02,Bilibili Gaming,Top Esports,1718.2719338537013,1573.7933090453676,144.47862480833373,0.6,0.4,0.19999999999999996,0.6274509803921569,,0
13099-13099_game_3,2026-01-30 12:59:44+00:00,LPL,2026,Split 1,0,3,16.02,Bilibili Gaming,Top Esports,1696.0470543478611,1595.8691738463303,100.17788050153081,0.5,0.5,0.0,0.6153846153846154,,0
LOLTMNT01_334295,2026-01-31 08:17:53+00:00,LCK,2026,Cup,0,1,16.02,Dplus Kia,T1,1755.8328388606435,1893.0188700671085,-137.18603120646503,0.6,0.8,-0.20000000000000007,0.3181818181818182,0.3489730462107782,0
LOLTMNT01_334313,2026-01-31 09:15:38+00:00,LCK,2026,Cup,0,2,16.02,T1,Dplus Kia,1903.0767416914423,1745.8192487788826,157.25749291255966,0.8,0.6,0.20000000000000007,0.6888888888888889,0.6510269537892218,1
13100-13100_game_1,2026-01-31 09:15:46+00:00,LPL,2026,Split 1,0,1,16.02,Anyone's Legend,JD Gaming,1730.339871690542,1696.1302834860803,34.209588204461625,0.7,0.5,0.19999999999999996,0.52,,1
LOLTMNT01_333373,2026-01-31 10:06:58+00:00,LCK,2026,Cup,0,3,16.02,T1,Dplus Kia,1912.36012071666,1736.5821848844248,175.77793583223524,0.8,0.5,0.30000000000000004,0.6956521739130435,0.6510269537892218,1
13100-13100_game_2,2026-01-31 10:12:57+00:00,LPL,2026,Split 1,0,2,16.02,Anyone's Legend,JD Gaming,1744.7674530045122,1681.6911160475497,63.07633695696245,0.7,0.4,0.29999999999999993,0.5384615384615384,,0
13100-13100_game_3,2026-01-31 11:12:29+00:00,LPL,2026,Split 1,0,3,16.02,JD Gaming,Anyone's Legend,1700.549024309527,1725.9432766667137,-25.394252357186588,0.4,0.7,-0.29999999999999993,0.4814814814814815,,0
13101-13101_game_1,2026-01-31 12:28:44+00:00,LPL,2026,Split 1,0,1,16.02,Invictus Gaming,Bilibili Gaming,1562.8755222769714,1675.6064089116364,-112.73088663466501,0.3,0.4,-0.10000000000000003,0.36,,0
13101-13101_game_2,2026-01-31 13:36:01+00:00,LPL,2026,Split 1,0,2,16.02,Bilibili Gaming,Invictus Gaming,1686.6394588904336,1551.7897518089053,134.84970708152832,0.4,0.3,0.10000000000000003,0.6538461538461539,,1
LOLTMNT04_152292,2026-01-31 15:51:21+00:00,LEC,2026,Versus,0,1,16.02,Team Heretics,SK Gaming,1604.1509254253792,1590.1752748148422,13.975650610537059,0.3,0.3,0.0,0.5294117647058824,0.459948,0
LOLTMNT04_152324,2026-01-31 16:52:38+00:00,LEC,2026,Versus,0,1,16.02,GiantX,Natus Vincere,1685.944010831386,1714.9608296397382,-29.016818808352127,0.5,0.4,0.09999999999999998,1.0,0.5710660000000001,1
LOLTMNT04_151290,2026-01-31 17:45:57+00:00,LEC,2026,Versus,0,1,16.02,Fnatic,Shifters,1748.9275119619138,1548.8524348903904,200.0750770715233,0.5,0.3333333333333333,0.16666666666666669,,0.7199169999999999,0
LOLTMNT04_151303,2026-01-31 18:41:14+00:00,LEC,2026,Versus,0,1,16.02,G2 Esports,Karmine Corp Blue,1806.7539562289232,1572.5908295983645,234.16312663055874,0.4,0.5,-0.09999999999999998,,0.858586,1
LOLTMNT04_152357,2026-01-31 19:37:04+00:00,LEC,2026,Versus,0,1,16.02,Team Vitality,Karmine Corp,1626.1514351734777,1777.702180512974,-151.55074533949642,0.4,0.7,-0.29999999999999993,0.375,0.2827,1
LOLTMNT04_152368,2026-01-31 20:32:16+00:00,LEC,2026,Versus,0,1,16.02,Los Ratones,Movistar KOI,1804.9064301828705,1738.3651517763587,66.54127840651176,0.3,0.6,-0.3,,0.233645,1
LOLTMNT01_336016,2026-02-01 08:08:08+00:00,LCK,2026,Cup,0,1,16.02,Gen.G,Hanwha Life Esports,1946.4383708251166,1787.320825373352,159.11754545176473,0.8,0.4,0.4,0.6875,0.6899361433093909,1
LOLTMNT01_336021,2026-02-01 09:10:50+00:00,LCK,2026,Cup,0,2,16.02,Gen.G,Hanwha Life Esports,1955.6337726053148,1778.1648772404503,177.46889536486447,0.9,0.4,0.5,0.6923076923076923,0.6899361433093909,1
13102-13102_game_1,2026-02-01 09:11:51+00:00,LPL,2026,Split 1,0,1,16.02,LNG Esports,LGD Gaming,1665.7736244263306,1522.2783632542757,143.49526117205482,0.9,0.5,0.4,0.4444444444444444,,1
13102-13102_game_2,2026-02-01 10:05:46+00:00,LPL,2026,Split 1,0,2,16.02,LNG Esports,LGD Gaming,1675.5668445477418,1512.524484808962,163.04235973877985,0.9,0.4,0.5,0.4736842105263158,,0
LOLTMNT01_335069,2026-02-01 10:09:06+00:00,LCK,2026,Cup,0,3,16.02,Gen.G,Hanwha Life Esports,1964.1535567260871,1769.6833910488629,194.47016567722426,1.0,0.4,0.6,0.696969696969697,0.6899361433093909,1
13102-13102_game_3,2026-02-01 11:22:06+00:00,LPL,2026,Split 1,0,3,16.02,LNG Esports,LGD Gaming,1652.6136428908753,1535.5161267191154,117.09751617175993,0.8,0.5,0.30000000000000004,0.44999999999999996,,1
13103-13103_game_1,2026-02-01 12:29:13+00:00,LPL,2026,Split 1,0,1,16.02,Top Esports,Anyone's Legend,1616.2038515734973,1740.7652652641148,-124.56141369061743,0.6,0.7,-0.09999999999999998,0.6176470588235294,,0
13103-13103_game_2,2026-02-01 13:21:04+00:00,LPL,2026,Split 1,0,2,16.02,Anyone's Legend,Top Esports,1751.383787097872,1605.5372796101158,145.8465074877563,0.7,0.5,0.19999999999999996,0.4,,1
LOLTMNT04_151377,2026-02-01 15:53:22+00:00,LEC,2026,Versus,0,1,16.02,Shifters,Natus Vincere,1572.8954066433269,1697.913172220196,-125.01776557686912,0.42857142857142855,0.4,0.028571428571428525,,0.442786,0
LOLTMNT04_151408,2026-02-01 16:53:55+00:00,LEC,2026,Versus,0,1,16.02,Team Heretics,Karmine Corp Blue,1587.5983729246268,1565.0537459435577,22.544626981069086,0.2,0.4,-0.2,,,1
LOLTMNT04_152447,2026-02-01 17:56:18+00:00,LEC,2026,Versus,0,1,16.02,GiantX,Team Vitality,1703.276741297049,1648.6966880404866,54.58005325656245,0.5,0.4,0.09999999999999998,0.625,0.6,0
LOLTMNT04_152461,2026-02-01 18:52:52+00:00,LEC,2026,Versus,0,1,16.02,SK Gaming,Movistar KOI,1606.8032358232788,1725.3925652483144,-118.58932942503566,0.4,0.5,-0.09999999999999998,0.0,0.273859,0
LOLTMNT04_151435,2026-02-01 19:48:43+00:00,LEC,2026,Versus,0,1,16.02,Fnatic,Karmine Corp,1724.6685554488686,1755.242859895437,-30.574304446568476,0.5,0.6,-0.09999999999999998,0.5882352941176471,0.40796,0
LOLTMNT04_151443,2026-02-01 20:39:58+00:00,LEC,2026,Versus,0,1,16.02,G2 Esports,Los Ratones,1813.3525403812218,1817.8790224365998,-4.526482055377983,0.5,0.3,0.2,,0.745098,0
13104-13104_game_1,2026-02-02 09:11:19+00:00,LPL,2026,Split 1,0,1,16.02,LGD Gaming,Oh My God,1524.70555550569,1521.897615418357,2.8079400873330087,0.4,0.4,0.0,0.3,,0
13104-13104_game_2,2026-02-02 10:07:12+00:00,LPL,2026,Split 1,0,2,16.02,LGD Gaming,Oh My God,1508.57626824826,1538.0295368935315,-29.453268645271464,0.4,0.5,-0.09999999999999998,0.2727272727272727,,1
13104-13104_game_3,2026-02-02 11:03:56+00:00,LPL,2026,Split 1,0,3,16.02,LGD Gaming,Oh My God,1525.927395760153,1520.6888760253496,5.2385197348035035,0.5,0.5,0.0,0.3333333333333333,,0
13105-13105_game_1,2026-02-02 12:10:13+00:00,LPL,2026,Split 1,0,1,16.02,Weibo Gaming,Bilibili Gaming,1642.5976265387326,1696.7757289074857,-54.178102368753116,0.6,0.4,0.19999999999999996,0.2702702702702703,,0
13105-13105_game_2,2026-02-02 13:05:37+00:00,LPL,2026,Split 1,0,2,16.02,Bilibili Gaming,Weibo Gaming,1710.3220426986634,1629.0468578878106,81.2751848108528,0.5,0.6,-0.09999999999999998,0.7368421052631579,,1
LOLTMNT04_152497,2026-02-02 15:51:50+00:00,LEC,2026,Versus,0,1,16.02,Karmine Corp Blue,Fnatic,1550.2481848611847,1710.0668282867941,-159.81864342560948,0.3,0.5,-0.2,,0.175412,0
LOLTMNT04_152504,2026-02-02 16:44:48+00:00,LEC,2026,Versus,0,1,16.02,SK Gaming,GiantX,1595.8129987005907,1684.784398356851,-88.97139965626025,0.3,0.5,-0.2,0.8333333333333334,0.357143,0
LOLTMNT04_151516,2026-02-02 17:41:28+00:00,LEC,2026,Versus,0,1,16.02,Los Ratones,Natus Vincere,1833.6705824169344,1709.0155689134851,124.65501350344925,0.4,0.5,-0.09999999999999998,,0.4050629999999999,0
LOLTMNT04_151542,2026-02-02 18:40:18+00:00,LEC,2026,Versus,0,1,16.02,G2 Esports,Team Vitality,1797.5609805385295,1667.180322834062,130.38065770446747,0.4,0.5,-0.09999999999999998,0.6666666666666666,0.626506,1
LOLTMNT04_152550,2026-02-02 19:41:46+00:00,LEC,2026,Versus,0,1,16.02,Team Heretics,Movistar KOI,1602.6726554233983,1736.1339730260847,-133.46131760268645,0.3,0.5,-0.2,0.33333333333333337,0.213287,1
LOLTMNT04_152561,2026-02-02 20:52:06+00:00,LEC,2026,Versus,0,1,16.02,Karmine Corp,Shifters,1769.8724968751685,1562.219473026748,207.65302384842062,0.6,0.375,0.22499999999999998,,0.778761,1
13065-13065_game_1,2026-02-03 09:10:59+00:00,LPL,2026,Split 1,0,1,16.02,LNG Esports,Ultra Prime,1663.4546003957835,1415.893573944944,247.56102645083956,0.8,0.3,0.5,0.6153846153846154,,1
13065-13065_game_2,2026-02-03 10:00:16+00:00,LPL,2026,Split 1,0,2,16.02,LNG Esports,Ultra Prime,1669.7021389283132,1409.655095848449,260.0470430798641,0.8,0.3,0.5,0.6428571428571429,,1
13107-13107_game_1,2026-02-03 11:16:26+00:00,LPL,2026,Split 1,0,1,16.02,JD Gaming,Invictus Gaming,1685.7104610913725,1541.5993815043507,144.11107958702178,0.4,0.3,0.10000000000000003,0.25,,0
13107-13107_game_2,2026-02-03 12:08:35+00:00,LPL,2026,Split 1,0,2,16.02,JD Gaming,Invictus Gaming,1663.4542187818345,1563.7777083898884,99.67651039194607,0.4,0.4,0.0,0.23809523809523814,,1
13107-13107_game_3,2026-02-03 13:05:01+00:00,LPL,2026,Split 1,0,3,16.02,JD Gaming,Invictus Gaming,1675.0031721757973,1552.1725603676073,122.83061180819004,0.4,0.3,0.10000000000000003,0.2727272727272727,,1
13108-13108_game_1,2026-02-04 09:14:00+00:00,LPL,2026,Split 1,0,1,16.02,Team WE,EDward Gaming,1511.8262802498516,1551.4445176356853,-39.61823738583371,0.7,0.6,0.09999999999999998,0.6,,0
13108-13108_game_2,2026-02-04 10:10:17+00:00,LPL,2026,Split 1,0,2,16.02,EDward Gaming,Team WE,1565.6282414626598,1497.6400324680797,67.98820899458019,0.7,0.6,0.09999999999999998,0.4375,,1
13109-13109_game_1,2026-02-04 11:36:36+00:00,LPL,2026,Split 1,0,1,16.02,Anyone's Legend,Weibo Gaming,1761.167170858182,1616.6895124556909,144.47765840249122,0.7,0.6,0.09999999999999998,0.6206896551724138,,0
13109-13109_game_2,2026-02-04 12:38:00+00:00,LPL,2026,Split 1,0,2,16.02,Weibo Gaming,Anyone's Legend,1638.938066349605,1738.9931675203145,-100.05510117070958,0.6,0.7,-0.09999999999999998,0.4,,0
13109-13109_game_3,2026-02-04 13:35:23+00:00,LPL,2026,Split 1,0,3,16.02,Anyone's Legend,Weibo Gaming,1750.5846848325732,1627.3890748038204,123.19561002875275,0.7,0.5,0.19999999999999996,0.6129032258064516,,1
13110-13110_game_1,2026-02-05 09:15:18+00:00,LPL,2026,Split 1,0,1,16.02,ThunderTalk Gaming,Ninjas in Pyjamas,1347.3656417677485,1501.7900521947554,-154.42441042700693,0.1,0.6,-0.5,0.4,,0
13110-13110_game_2,2026-02-05 10:13:16+00:00,LPL,2026,Split 1,0,2,16.02,ThunderTalk Gaming,Ninjas in Pyjamas,1338.0105030482089,1511.1659029128186,-173.15539986460976,0.1,0.6,-0.5,0.375,,0
13111-13111_game_1,2026-02-05 11:30:15+00:00,LPL,2026,Split 1,0,1,16.02,Top Esports,JD Gaming,1595.711954663932,1685.5896015829046,-89.87764691897269,0.5,0.5,0.0,0.6666666666666667,,1
13111-13111_game_2,2026-02-05 12:25:13+00:00,LPL,2026,Split 1,0,2,16.02,JD Gaming,Top Esports,1665.5539350759166,1615.6495086893751,49.904426386541445,0.4,0.5,-0.09999999999999998,0.3235294117647059,,0
13112-13112_game_1,2026-02-06 07:21:23+00:00,LPL,2026,Split 1,0,1,16.02,Weibo Gaming,Invictus Gaming,1616.8004489553455,1541.5260806523997,75.27436830294573,0.4,0.2,0.2,0.5666666666666667,,1
LOLTMNT01_338397,2026-02-06 08:05:10+00:00,LCK,2026,Cup,0,1,16.02,HANJIN BRION,Kiwoom DRX,1526.2805092890871,1565.6812441360137,-39.400734846926525,0.4,0.5,-0.09999999999999998,0.4,0.4524795865226418,0
13112-13112_game_2,2026-02-06 08:28:48+00:00,LPL,2026,Split 1,0,2,16.02,Weibo Gaming,Invictus Gaming,1629.4085453826963,1528.889960033639,100.51858534905728,0.5,0.2,0.3,0.5806451612903225,,1
LOLTMNT01_338416,2026-02-06 08:50:09+00:00,LCK,2026,Cup,0,2,16.02,Kiwoom DRX,HANJIN BRION,1579.8769094976892,1512.075907760258,67.8010017374313,0.6,0.3,0.3,0.6666666666666667,0.5475204134773581,0
LOLTMNT01_338422,2026-02-06 09:45:35+00:00,LCK,2026,Cup,0,3,16.02,HANJIN BRION,Kiwoom DRX,1531.1416094478457,1560.7972834054367,-29.655673957591034,0.4,0.6,-0.19999999999999996,0.42857142857142855,0.4524795865226418,0
13113-13113_game_1,2026-02-06 09:56:59+00:00,LPL,2026,Split 1,0,1,16.02,Bilibili Gaming,Anyone's Legend,1722.6751160755866,1763.5095280122234,-40.8344119366368,0.6,0.7,-0.09999999999999998,0.4838709677419355,,1
LOLTMNT01_338447,2026-02-06 10:59:51+00:00,LCK,2026,Cup,0,1,16.02,DN SOOPers,KT Rolster,1601.098697690301,1697.176944942815,-96.07824725251407,0.4,0.4,0.0,0.42857142857142855,0.34419655465206,1
13113-13113_game_2,2026-02-06 11:05:20+00:00,LPL,2026,Split 1,0,2,16.02,Bilibili Gaming,Anyone's Legend,1740.530551630045,1745.6516107497464,-5.1210591197013855,0.7,0.7,0.0,0.5,,0
13113-13113_game_3,2026-02-06 12:04:21+00:00,LPL,2026,Split 1,0,3,16.02,Anyone's Legend,Bilibili Gaming,1761.4043230592201,1724.7631756775918,36.64114738162834,0.7,0.6,0.09999999999999998,0.5151515151515151,,1
LOLTMNT01_338459,2026-02-06 12:11:32+00:00,LCK,2026,Cup,0,2,16.02,DN SOOPers,KT Rolster,1620.94887846132,1676.9620965218267,-56.01321806050669,0.5,0.4,0.09999999999999998,0.45454545454545453,0.34419655465206,1
LOLTMNT01_338589,2026-02-07 08:07:00+00:00,LCK,2026,Cup,0,1,16.02,Dplus Kia,Kiwoom DRX,1728.0292566429769,1575.436399716205,152.5928569267719,0.4,0.6,-0.19999999999999996,,0.7322781887765231,1
LOLTMNT01_338603,2026-02-07 08:55:19+00:00,LCK,2026,Cup,0,2,16.02,Dplus Kia,Kiwoom DRX,1737.4394942750216,1566.0383090993435,171.40118517567817,0.4,0.6,-0.19999999999999996,,0.7322781887765231,1
LOLTMNT01_338625,2026-02-07 10:09:22+00:00,LCK,2026,Cup,0,1,16.02,DN SOOPers,Nongshim RedForce,1639.2852162485258,1641.1191742609585,-1.8339580124327313,0.5,0.5,0.0,0.631578947368421,0.4178473972877166,0
LOLTMNT01_337768,2026-02-07 11:00:32+00:00,LCK,2026,Cup,0,2,16.02,Nongshim RedForce,DN SOOPers,1657.0347085316141,1623.4539930217343,33.58071550987984,0.5,0.4,0.09999999999999998,0.4,0.5821526027122834,0
13120-13120_game_1,2026-02-07 11:10:12+00:00,LPL,2026,Split 1,0,1,16.02,Team WE,Ninjas in Pyjamas,1484.7274055777787,1519.8443763232856,-35.11697074550693,0.5,0.6,-0.09999999999999998,0.4,,0
LOLTMNT01_338644,2026-02-07 11:54:25+00:00,LCK,2026,Cup,0,3,16.02,DN SOOPers,Nongshim RedForce,1640.9105512891692,1639.4956012385705,1.4149500505986907,0.5,0.5,0.0,0.6190476190476191,0.4178473972877166,1
13120-13120_game_2,2026-02-07 12:12:44+00:00,LPL,2026,Split 1,0,2,16.02,Team WE,Ninjas in Pyjamas,1470.3369881499389,1534.2463810095483,-63.9093928596094,0.4,0.7,-0.29999999999999993,0.38095238095238093,,0
LOLTMNT05_175070,2026-02-07 15:52:29+00:00,LEC,2026,Versus,0,1,16.03,Team Heretics,Fnatic,1624.1922872446366,1719.2304411143336,-95.038153869697,0.4,0.5,-0.09999999999999998,0.2857142857142857,0.327314,1
LOLTMNT05_176049,2026-02-07 16:46:22+00:00,LEC,2026,Versus,0,1,16.03,Karmine Corp Blue,Shifters,1540.519393711987,1554.5494790855487,-14.030085373561633,0.2,0.3333333333333333,-0.1333333333333333,,,0
LOLTMNT05_176056,2026-02-07 17:38:18+00:00,LEC,2026,Versus,0,1,16.03,SK Gaming,Los Ratones,1583.6441675200863,1812.1642829710217,-228.52011545093546,0.3,0.4,-0.10000000000000003,,0.485788,0
LOLTMNT05_176064,2026-02-07 18:34:46+00:00,LEC,2026,Versus,0,1,16.03,G2 Esports,Natus Vincere,1807.8235627422564,1730.0782582405604,77.74530450169595,0.5,0.6,-0.09999999999999998,,0.638767,0
LOLTMNT05_176078,2026-02-07 19:24:22+00:00,LEC,2026,Versus,0,1,16.03,Movistar KOI,Team Vitality,1714.2733180680784,1656.900293325342,57.373024742736334,0.5,0.5,0.0,0.6,0.594059,0
LOLTMNT05_176087,2026-02-07 20:20:50+00:00,LEC,2026,Versus,0,1,16.03,Karmine Corp,GiantX,1777.40661216768,1696.7753689033234,80.6312432643565,0.7,0.6,0.09999999999999998,0.6,0.626506,1
LOLTMNT01_338745,2026-02-08 08:06:06+00:00,LCK,2026,Cup,0,1,16.02,Nongshim RedForce,Kiwoom DRX,1623.560526787153,1557.3424090376163,66.21811774953676,0.5,0.5,0.0,0.33333333333333337,0.5977893458689383,0
LOLTMNT01_337856,2026-02-08 08:59:00+00:00,LCK,2026,Cup,0,2,16.02,Kiwoom DRX,Nongshim RedForce,1576.3528254543144,1604.551610364014,-28.198784909699725,0.5,0.4,0.09999999999999998,0.75,0.4022106541310617,1
LOLTMNT01_337859,2026-02-08 09:55:03+00:00,LCK,2026,Cup,0,3,16.02,Kiwoom DRX,Nongshim RedForce,1593.6474950644254,1587.257472284006,6.390022780419258,0.6,0.4,0.19999999999999996,0.8,0.4022106541310617,1
LOLTMNT05_175147,2026-02-08 15:53:10+00:00,LEC,2026,Versus,0,1,16.03,Los Ratones,Team Vitality,1818.9346404354721,1675.5103959298795,143.4242445055927,0.5,0.6,-0.09999999999999998,,0.419192,0
LOLTMNT05_175164,2026-02-08 16:47:25+00:00,LEC,2026,Versus,0,1,16.03,GiantX,Karmine Corp Blue,1684.4224667109606,1525.3292656664983,159.09320104446238,0.6,0.1,0.5,,0.853018,0
LOLTMNT05_176168,2026-02-08 17:38:57+00:00,LEC,2026,Versus,0,1,16.03,Shifters,SK Gaming,1569.9343584186274,1576.5784102482721,-6.644051829644695,0.4,0.3,0.10000000000000003,,0.523691,1
LOLTMNT05_175193,2026-02-08 18:36:43+00:00,LEC,2026,Versus,0,1,16.03,Movistar KOI,Natus Vincere,1695.6549496524044,1749.3568434823387,-53.701893829934306,0.5,0.7,-0.19999999999999996,1.0,0.566751,1
LOLTMNT05_175206,2026-02-08 19:34:09+00:00,LEC,2026,Versus,0,1,16.03,Team Heretics,Karmine Corp,1644.2255810172778,1789.8174201490788,-145.59183913180095,0.5,0.8,-0.30000000000000004,0.4545454545454546,0.270833,1
LOLTMNT05_175214,2026-02-08 20:26:52+00:00,LEC,2026,Versus,0,1,16.03,G2 Esports,Fnatic,1788.3018477225316,1698.9913374572716,89.31051026526006,0.5,0.5,0.0,0.6944444444444444,0.626506,1
13114-13114_game_1,2026-02-09 06:09:38+00:00,LPL,2026,Split 1,1,1,16.02,Team WE,Top Esports,1457.244038321626,1633.8731696813402,-176.62913135971417,0.4,0.5,-0.09999999999999998,0.2857142857142857,,1
13114-13114_game_2,2026-02-09 07:24:14+00:00,LPL,2026,Split 1,1,2,16.02,Team WE,Top Esports,1480.7367477708306,1610.5241727631328,-129.78742499230225,0.5,0.5,0.0,0.3181818181818182,,0
13114-13114_game_3,2026-02-09 08:22:46+00:00,LPL,2026,Split 1,1,3,16.02,Team WE,Top Esports,1470.4454184540712,1620.9299721204993,-150.48455366642816,0.4,0.5,-0.09999999999999998,0.30434782608695654,,0
13114-13114_game_4,2026-02-09 09:14:40+00:00,LPL,2026,Split 1,1,4,16.02,Team WE,Top Esports,1460.9674020532798,1630.5231076931418,-169.55570563986203,0.4,0.6,-0.19999999999999996,0.2916666666666667,,1
13114-13114_game_5,2026-02-09 10:14:02+00:00,LPL,2026,Split 1,1,5,16.02,Team WE,Top Esports,1484.204869015642,1607.3983854158528,-123.19351640021068,0.4,0.6,-0.19999999999999996,0.32,,0
13115-13115_game_1,2026-02-09 11:24:39+00:00,LPL,2026,Split 1,1,1,16.02,Ninjas in Pyjamas,Invictus Gaming,1547.3576412585187,1517.3367121278225,30.02092913069623,0.7,0.2,0.49999999999999994,0.625,,0
13115-13115_game_2,2026-02-09 12:29:15+00:00,LPL,2026,Split 1,1,2,16.02,Invictus Gaming,Ninjas in Pyjamas,1534.697944195638,1529.9883973374847,4.709546858153317,0.3,0.7,-0.39999999999999997,0.4117647058823529,,0
13115-13115_game_3,2026-02-09 13:26:36+00:00,LPL,2026,Split 1,1,3,16.02,Invictus Gaming,Ninjas in Pyjamas,1518.4829662528641,1546.2042678342286,-27.721301581364514,0.2,0.7,-0.49999999999999994,0.3888888888888889,,0
13115-13115_game_4,2026-02-09 14:22:57+00:00,LPL,2026,Split 1,1,4,16.02,Invictus Gaming,Ninjas in Pyjamas,1503.7431554126358,1560.9379090809916,-57.194753668355816,0.2,0.8,-0.6000000000000001,0.3684210526315789,,0
13116-13116_game_1,2026-02-10 06:09:39+00:00,LPL,2026,Split 1,1,1,16.02,ThunderTalk Gaming,LNG Esports,1329.3522787978957,1675.5952566571352,-346.24297785923955,0.1,0.9,-0.8,0.6363636363636364,,0
13116-13116_game_2,2026-02-10 06:57:56+00:00,LPL,2026,Split 1,1,2,16.02,ThunderTalk Gaming,LNG Esports,1325.4889395982404,1679.4652989574813,-353.97635935924086,0.1,0.9,-0.8,0.5833333333333333,,0
13116-13116_game_3,2026-02-10 08:04:22+00:00,LPL,2026,Split 1,1,3,16.02,LNG Esports,ThunderTalk Gaming,1683.1856422152073,1321.7749382608697,361.4107039543376,0.9,0.0,0.9,0.46153846153846156,,1
13117-13117_game_1,2026-02-10 09:32:27+00:00,LPL,2026,Split 1,1,1,16.02,Oh My God,EDward Gaming,1536.9312934227853,1578.5371624913464,-41.605869068561105,0.6,0.8,-0.20000000000000007,0.5,,1
13117-13117_game_2,2026-02-10 10:37:42+00:00,LPL,2026,Split 1,1,2,16.02,Oh My God,EDward Gaming,1554.8294914244289,1560.630549940743,-5.801058516314242,0.6,0.7,-0.09999999999999998,0.5555555555555556,,1
13117-13117_game_3,2026-02-10 11:37:43+00:00,LPL,2026,Split 1,1,3,16.02,Oh My God,EDward Gaming,1571.0972639323536,1544.3634557704117,26.73380816194185,0.7,0.6,0.09999999999999998,0.6,,0
13117-13117_game_4,2026-02-10 12:34:34+00:00,LPL,2026,Split 1,1,4,16.02,EDward Gaming,Oh My God,1561.5919906747945,1553.8762267955003,7.7157638792941725,0.7,0.6,0.09999999999999998,0.45454545454545453,,0
13118-13118_game_1,2026-02-11 06:11:04+00:00,LPL,2026,Split 1,1,1,16.02,Oh My God,Invictus Gaming,1570.231488807319,1490.3289281279617,79.9025606793573,0.7,0.2,0.49999999999999994,0.8,,0
13118-13118_game_2,2026-02-11 07:20:17+00:00,LPL,2026,Split 1,1,2,16.02,Invictus Gaming,Oh My God,1509.9148644833003,1550.6302828889548,-40.71541840565442,0.3,0.7,-0.39999999999999997,0.3333333333333333,,1
13118-13118_game_3,2026-02-11 08:13:26+00:00,LPL,2026,Split 1,1,3,16.02,Invictus Gaming,Oh My God,1527.7663448551095,1532.7717295767652,-5.005384721655673,0.3,0.6,-0.3,0.42857142857142855,,1
13119-13119_game_1,2026-02-11 09:17:05+00:00,LPL,2026,Split 1,1,1,16.02,LNG Esports,Team WE,1686.7668408775633,1473.6479859918895,213.11885488567373,0.9,0.3,0.6000000000000001,0.8,,0
13119-13119_game_2,2026-02-11 10:16:45+00:00,LPL,2026,Split 1,1,2,16.02,Team WE,LNG Esports,1498.3879123838724,1662.058207507825,-163.67029512395266,0.3,0.8,-0.5,0.33333333333333337,,1
13119-13119_game_3,2026-02-11 11:15:40+00:00,LPL,2026,Split 1,1,3,16.02,Team WE,LNG Esports,1521.4092546447305,1639.0645635650653,-117.65530892033485,0.4,0.7,-0.29999999999999993,0.4285714285714286,,0
13119-13119_game_4,2026-02-11 12:10:08+00:00,LPL,2026,Split 1,1,4,16.02,LNG Esports,Team WE,1649.869044931155,1510.6265243893067,139.2425205418483,0.7,0.4,0.29999999999999993,0.625,,0
LOLTMNT02_352362,2026-02-12 08:04:05+00:00,LCK,2026,Cup,0,1,16.03,DN SOOPers,BNK FEARX,1656.9254038760287,1706.392641656474,-49.46723778044543,0.5,0.5,0.0,0.3448275862068966,0.3579362443822456,1
LOLTMNT02_351385,2026-02-12 08:55:20+00:00,LCK,2026,Cup,0,2,16.03,DN SOOPers,BNK FEARX,1675.044157650452,1688.129865948386,-13.085708297933934,0.6,0.4,0.19999999999999996,0.3666666666666667,0.3579362443822456,0
LOLTMNT02_351402,2026-02-12 09:56:42+00:00,LCK,2026,Cup,0,3,16.03,BNK FEARX,DN SOOPers,1703.52753293429,1659.652405442419,43.875127491871126,0.5,0.6,-0.09999999999999998,0.6451612903225806,0.6420637556177544,1
LOLTMNT02_352407,2026-02-12 10:48:56+00:00,LCK,2026,Cup,0,4,16.03,BNK FEARX,DN SOOPers,1717.5176852155323,1645.5556854428692,71.96199977266315,0.6,0.6,0.0,0.65625,0.6420637556177544,0
LOLTMNT02_352429,2026-02-12 11:41:51+00:00,LCK,2026,Cup,0,5,16.03,DN SOOPers,BNK FEARX,1664.6363562390266,1698.2503089398256,-33.61395270079902,0.6,0.6,0.0,0.36363636363636365,0.3579362443822456,0
LOLTMNT02_352782,2026-02-13 08:06:47+00:00,LCK,2026,Cup,0,1,16.03,Dplus Kia,Kiwoom DRX,1746.1473647165126,1609.353449358058,136.79391535845457,0.4,0.7,-0.29999999999999993,1.0,0.6940126767558082,0
LOLTMNT02_352790,2026-02-13 09:03:09+00:00,LCK,2026,Cup,0,2,16.03,Dplus Kia,Kiwoom DRX,1724.1686510490986,1631.342995090624,92.8256559584745,0.3,0.7,-0.39999999999999997,0.6666666666666666,0.6940126767558082,1
LOLTMNT02_351807,2026-02-13 10:06:25+00:00,LCK,2026,Cup,0,3,16.03,Dplus Kia,Kiwoom DRX,1736.002521633683,1619.5164224674725,116.48609916621058,0.4,0.6,-0.19999999999999996,0.75,0.6940126767558082,0
LOLTMNT02_352851,2026-02-13 11:11:59+00:00,LCK,2026,Cup,0,4,16.03,Dplus Kia,Kiwoom DRX,1714.8413062491004,1640.6857711050773,74.15553514402313,0.3,0.6,-0.3,0.6,0.6940126767558082,1
LOLTMNT02_351868,2026-02-13 12:01:25+00:00,LCK,2026,Cup,0,5,16.03,Dplus Kia,Kiwoom DRX,1727.4839481645486,1628.0481151043762,99.4358330601724,0.4,0.6,-0.19999999999999996,0.6666666666666666,0.6940126767558082,1
LOLTMNT02_354256,2026-02-14 08:07:25+00:00,LCK,2026,Cup,0,1,16.03,Dplus Kia,Gen.G,1739.0338269747251,1972.0758175734722,-233.04199059874713,0.5,1.0,-0.5,0.24242424242424243,0.2441801490939379,0
LOLTMNT02_354263,2026-02-14 09:01:24+00:00,LCK,2026,Cup,0,2,16.03,Dplus Kia,Gen.G,1732.389969787869,1978.7527167634987,-246.36274697562976,0.5,1.0,-0.5,0.23529411764705882,0.2441801490939379,1
LOLTMNT02_353283,2026-02-14 10:10:21+00:00,LCK,2026,Cup,0,3,16.03,Dplus Kia,Gen.G,1758.1409726203085,1953.032656409603,-194.89168378929458,0.6,0.9,-0.30000000000000004,0.2571428571428571,0.2441801490939379,0
LOLTMNT02_353312,2026-02-14 11:05:18+00:00,LCK,2026,Cup,0,4,16.03,Gen.G,Dplus Kia,1960.9325425948823,1750.2698036067384,210.66273898814393,0.9,0.6,0.30000000000000004,0.75,0.7558198509060621,1
LOLTMNT02_353559,2026-02-15 08:05:24+00:00,LCK,2026,Cup,0,1,16.03,BNK FEARX,T1,1712.7071436223118,1920.9595616223075,-208.2524179999957,0.6,0.8,-0.20000000000000007,0.29411764705882354,0.291553029848871,1
LOLTMNT02_353572,2026-02-15 09:00:12+00:00,LCK,2026,Cup,0,2,16.03,BNK FEARX,T1,1737.2930785397434,1896.4413034527224,-159.148224912979,0.7,0.8,-0.10000000000000009,0.3333333333333333,0.291553029848871,0
LOLTMNT02_354619,2026-02-15 09:56:35+00:00,LCK,2026,Cup,0,3,16.03,T1,BNK FEARX,1905.640350922292,1728.1491690845608,177.49118183773135,0.8,0.6,0.20000000000000007,0.6842105263157895,0.708446970151129,0
LOLTMNT02_354641,2026-02-15 10:48:53+00:00,LCK,2026,Cup,0,4,16.03,BNK FEARX,T1,1751.6790098613153,1882.1649460378617,-130.48593617654637,0.6,0.7,-0.09999999999999998,0.35,0.291553029848871,1
LOLTMNT05_176683,2026-02-16 15:58:59+00:00,LEC,2026,Versus,1,1,16.03,Natus Vincere,Fnatic,1731.195696393344,1686.994272334568,44.201424058775956,0.6,0.4,0.19999999999999996,,0.4896892051116118,1
LOLTMNT05_175676,2026-02-16 16:50:26+00:00,LEC,2026,Versus,1,2,16.03,Fnatic,Natus Vincere,1673.0102201986058,1745.408239008506,-72.39801880990012,0.4,0.6,-0.19999999999999996,0.5,0.5103107948883882,0
LOLTMNT05_176711,2026-02-16 17:46:04+00:00,LEC,2026,Versus,1,1,16.03,Movistar KOI,Team Vitality,1714.1085050050774,1697.7485192009706,16.359985804106827,0.5,0.6,-0.09999999999999998,0.5,0.5735464243168297,1
LOLTMNT05_175701,2026-02-16 19:21:38+00:00,LEC,2026,Versus,1,2,16.03,Movistar KOI,Team Vitality,1729.3556562039914,1682.4992501292515,46.85640607473988,0.5,0.6,-0.09999999999999998,0.5714285714285714,0.5735464243168297,1
LOLTMNT05_175735,2026-02-17 15:54:08+00:00,LEC,2026,Versus,1,1,16.03,Team Heretics,G2 Esports,1666.2539548324519,1800.2772088392715,-134.02325400681957,0.6,0.6,0.0,0.0,0.2902427762375252,0
LOLTMNT05_176751,2026-02-17 16:38:49+00:00,LEC,2026,Versus,1,2,16.03,G2 Esports,Team Heretics,1810.3941649449014,1655.8658163139346,154.52834863096678,0.7,0.6,0.09999999999999998,1.0,0.7097572237624747,1
LOLTMNT05_175753,2026-02-17 17:26:37+00:00,LEC,2026,Versus,1,1,16.03,Karmine Corp,GiantX,1767.557265181161,1661.569672256787,105.98759292437398,0.7,0.5,0.19999999999999996,0.6363636363636364,0.6699427132119974,1
LOLTMNT05_176774,2026-02-17 18:19:36+00:00,LEC,2026,Versus,1,2,16.03,GiantX,Karmine Corp,1650.3037124623963,1778.8825439248817,-128.57883146248537,0.4,0.8,-0.4,0.3333333333333333,0.3300572867880026,0
LOLTMNT02_356392,2026-02-19 08:06:05+00:00,LCK,2026,Cup,0,1,16.03,Kiwoom DRX,DN SOOPers,1616.5042424866228,1650.116612239292,-33.61236975266911,0.5,0.6,-0.09999999999999998,0.33333333333333337,0.4867650191616518,0
LOLTMNT02_356399,2026-02-19 08:59:02+00:00,LCK,2026,Cup,0,2,16.03,DN SOOPers,Kiwoom DRX,1664.6982233704468,1602.0466477083867,62.65157566206017,0.6,0.5,0.09999999999999998,0.75,0.5132349808383482,1
LOLTMNT02_355443,2026-02-19 09:49:11+00:00,LCK,2026,Cup,0,3,16.03,DN SOOPers,Kiwoom DRX,1678.0230284177003,1588.8998612018747,89.12316721582556,0.6,0.5,0.09999999999999998,0.8,0.5132349808383482,0
LOLTMNT02_355446,2026-02-19 10:37:09+00:00,LCK,2026,Cup,0,4,16.03,Kiwoom DRX,DN SOOPers,1608.9150249829681,1658.2185297336189,-49.303504750650745,0.5,0.6,-0.09999999999999998,0.33333333333333337,0.4867650191616518,0
LOLTMNT02_356582,2026-02-20 08:06:25+00:00,LCK,2026,Cup,0,1,16.03,DN SOOPers,Dplus Kia,1672.088300148615,1742.9250291689088,-70.83672902029389,0.6,0.5,0.09999999999999998,0.2962962962962963,0.3594361647897091,0
LOLTMNT02_355637,2026-02-20 10:07:12+00:00,LCK,2026,Cup,0,3,16.03,Dplus Kia,DN SOOPers,1755.7115722157992,1659.1905793626036,96.5209928531956,0.5,0.5,0.0,0.7142857142857143,0.6405638352102909,0
LOLTMNT02_355631,2026-02-20 10:07:12+00:00,LCK,2026,Cup,0,2,16.03,Dplus Kia,DN SOOPers,1735.382670773489,1679.3791763271252,56.0034944463639,0.5,0.5,0.0,0.6896551724137931,0.6405638352102909,0
LOLTMNT02_356609,2026-02-20 11:02:23+00:00,LCK,2026,Cup,0,4,16.03,DN SOOPers,Dplus Kia,1697.860235345,1716.828548271431,-18.968312926430826,0.6,0.4,0.19999999999999996,0.3333333333333333,0.3594361647897091,0
LOLTMNT05_176983,2026-02-20 15:53:01+00:00,LEC,2026,Versus,1,1,16.03,Movistar KOI,Natus Vincere,1743.21082686314,1758.4221190248275,-15.211292161687425,0.6,0.7,-0.09999999999999998,1.0,0.5647465669931697,1
LOLTMNT05_175960,2026-02-20 16:46:56+00:00,LEC,2026,Versus,1,2,16.03,Movistar KOI,Natus Vincere,1759.9108854763774,1741.8329936592659,18.07789181711155,0.6,0.6,0.0,1.0,0.5647465669931697,1
LOLTMNT05_176994,2026-02-20 17:49:11+00:00,LEC,2026,Versus,1,1,16.03,G2 Esports,Karmine Corp,1819.7127436220155,1789.2798790023414,30.432864619674092,0.7,0.8,-0.10000000000000009,0.5714285714285714,0.4680873327395356,1
LOLTMNT05_175986,2026-02-20 18:50:14+00:00,LEC,2026,Versus,1,2,16.03,G2 Esports,Karmine Corp,1834.3148327448102,1774.6673990808642,59.647433663946,0.7,0.7,0.0,0.5909090909090909,0.4680873327395356,1
LOLTMNT02_356695,2026-02-21 08:08:52+00:00,LCK,2026,Cup,0,1,16.03,Gen.G,BNK FEARX,1968.3045235827217,1773.42065135042,194.88387223230166,0.9,0.7,0.20000000000000007,0.8888888888888888,0.7542355420858373,1
LOLTMNT02_355782,2026-02-21 09:07:41+00:00,LCK,2026,Cup,0,2,16.03,Gen.G,BNK FEARX,1976.1998047323655,1765.5592103383337,210.64059439403172,0.9,0.6,0.30000000000000004,0.8947368421052632,0.7542355420858373,1
LOLTMNT02_356711,2026-02-21 10:03:38+00:00,LCK,2026,Cup,0,3,16.03,Gen.G,BNK FEARX,1983.5678914462842,1758.223168675795,225.34472277048917,0.9,0.6,0.30000000000000004,0.9,0.7542355420858373,0
LOLTMNT02_355793,2026-02-21 10:56:33+00:00,LCK,2026,Cup,0,4,16.03,Gen.G,BNK FEARX,1958.4664930773683,1783.3547284013039,175.11176467606447,0.8,0.6,0.20000000000000007,0.8571428571428572,0.7542355420858373,1
LOLTMNT05_177016,2026-02-21 15:52:26+00:00,LEC,2026,Versus,1,1,16.03,GiantX,Team Heretics,1639.9677547956694,1646.2714484766948,-6.303693681025379,0.4,0.5,-0.09999999999999998,0.6153846153846154,0.5910766352717681,1
LOLTMNT05_178010,2026-02-21 16:43:34+00:00,LEC,2026,Versus,1,2,16.03,GiantX,Team Heretics,1656.2579587449522,1630.0104212919575,26.24753745299472,0.4,0.4,0.0,0.6428571428571429,0.5910766352717681,0
LOLTMNT05_177019,2026-02-21 17:51:35+00:00,LEC,2026,Versus,1,3,16.03,GiantX,Team Heretics,1639.051690569488,1647.1785314946478,-8.12684092515974,0.4,0.5,-0.09999999999999998,0.6,0.5910766352717681,1
LOLTMNT05_177030,2026-02-21 18:44:19+00:00,LEC,2026,Versus,1,1,16.03,Team Vitality,Fnatic,1668.6388258107363,1660.2821544912779,8.356671319458428,0.5,0.3,0.2,0.09090909090909094,0.5521929048752181,1
LOLTMNT05_178014,2026-02-21 19:42:25+00:00,LEC,2026,Versus,1,2,16.03,Team Vitality,Fnatic,1684.2548560671148,1644.667625231492,39.587230835622904,0.6,0.3,0.3,0.16666666666666663,0.5521929048752181,1
LOLTMNT02_356869,2026-02-22 08:08:41+00:00,LCK,2026,Cup,0,1,16.03,Dplus Kia,T1,1731.9566772995452,1860.4641584266233,-128.5074811270781,0.5,0.6,-0.09999999999999998,0.2978723404255319,0.3606724043066044,0
LOLTMNT02_356875,2026-02-22 09:08:21+00:00,LCK,2026,Cup,0,2,16.03,Dplus Kia,T1,1721.6137371988066,1870.8392766422608,-149.22553944345418,0.4,0.6,-0.19999999999999996,0.2916666666666667,0.3606724043066044,0
LOLTMNT02_356881,2026-02-22 10:01:38+00:00,LCK,2026,Cup,0,3,16.03,T1,Dplus Kia,1880.3992379349024,1712.0872029745165,168.31203496038597,0.7,0.3,0.39999999999999997,0.7142857142857143,0.6393275956933956,0
LOLTMNT02_355917,2026-02-22 11:04:59+00:00,LCK,2026,Cup,0,4,16.03,Dplus Kia,T1,1735.2789456037378,1857.2409136166148,-121.96196801287692,0.4,0.6,-0.19999999999999996,0.3,0.3606724043066044,1
LOLTMNT02_356890,2026-02-22 12:02:50+00:00,LCK,2026,Cup,0,5,16.03,Dplus Kia,T1,1756.67177013119,1835.8724489659355,-79.20067883474553,0.4,0.5,-0.09999999999999998,0.3137254901960784,0.3606724043066044,1
LOLTMNT05_177049,2026-02-22 15:53:15+00:00,LEC,2026,Versus,1,1,16.03,Natus Vincere,GiantX,1726.6650724524357,1655.4258161172716,71.2392563351641,0.5,0.4,0.09999999999999998,0.0,0.5290928319540871,1
LOLTMNT05_178021,2026-02-22 16:48:38+00:00,LEC,2026,Versus,1,2,16.03,Natus Vincere,GiantX,1739.6582150475801,1642.6608775289046,96.99733751867552,0.6,0.3,0.3,0.25,0.5290928319540871,0
LOLTMNT05_178023,2026-02-22 17:38:52+00:00,LEC,2026,Versus,1,3,16.03,GiantX,Natus Vincere,1663.014738521771,1719.5616561177562,-56.54691759598518,0.4,0.6,-0.19999999999999996,0.8,0.4709071680459129,1
LOLTMNT05_177060,2026-02-22 18:41:27+00:00,LEC,2026,Versus,1,1,16.03,Team Vitality,Karmine Corp,1698.4432487140966,1761.364920139797,-62.921671425700424,0.6,0.6,0.0,0.4117647058823529,0.3419588024367044,1
LOLTMNT05_178032,2026-02-22 19:39:32+00:00,LEC,2026,Versus,1,2,16.03,Team Vitality,Karmine Corp,1717.3044212784712,1742.5273735921692,-25.222952313697988,0.7,0.5,0.19999999999999996,0.4444444444444444,0.3419588024367044,0
LOLTMNT05_177061,2026-02-22 20:35:48+00:00,LEC,2026,Versus,1,3,16.03,Team Vitality,Karmine Corp,1702.461940969562,1757.3808314826078,-54.91889051304588,0.6,0.6,0.0,0.42105263157894735,0.3419588024367044,0
LOLTMNT05_178056,2026-02-23 15:56:51+00:00,LEC,2026,Versus,1,1,16.03,G2 Esports,Movistar KOI,1847.5946410167671,1775.0791183298993,72.51552268686783,0.8,0.6,0.20000000000000007,0.6666666666666666,0.5526628474025648,1
LOLTMNT05_178057,2026-02-23 16:52:39+00:00,LEC,2026,Versus,1,2,16.03,G2 Esports,Movistar KOI,1860.3028411915961,1762.3709198989534,97.93192129264276,0.8,0.6,0.20000000000000007,0.6818181818181818,0.5526628474025648,1
LOLTMNT05_177077,2026-02-23 17:40:36+00:00,LEC,2026,Versus,1,3,16.03,G2 Esports,Movistar KOI,1871.908673871978,1750.7650892723227,121.14358459965524,0.8,0.6,0.20000000000000007,0.6956521739130435,0.5526628474025648,1
13121-13121_game_1,2026-02-24 06:10:45+00:00,LPL,2026,Split 1,1,1,16.03,Top Esports,JD Gaming,1618.0433347672529,1647.2786557241718,-29.23532095691894,0.6,0.4,0.19999999999999996,0.6857142857142857,,1
13121-13121_game_2,2026-02-24 07:04:44+00:00,LPL,2026,Split 1,1,2,16.03,Top Esports,JD Gaming,1635.3650896537542,1629.939399294966,5.425690358788188,0.6,0.3,0.3,0.6944444444444444,,0
13121-13121_game_3,2026-02-24 07:51:36+00:00,LPL,2026,Split 1,1,3,16.03,JD Gaming,Top Esports,1646.1885186819327,1619.1207057950437,27.067812886888987,0.4,0.6,-0.19999999999999996,0.32432432432432434,,0
13121-13121_game_4,2026-02-24 08:49:42+00:00,LPL,2026,Split 1,1,4,16.03,JD Gaming,Top Esports,1628.9475231993456,1636.3481651803816,-7.40064198103596,0.4,0.7,-0.29999999999999993,0.3157894736842105,,1
13121-13121_game_5,2026-02-24 09:45:40+00:00,LPL,2026,Split 1,1,5,16.03,JD Gaming,Top Esports,1645.287484425728,1620.0130179455002,25.27446648022783,0.4,0.6,-0.19999999999999996,0.3333333333333333,,1
13122-13122_game_1,2026-02-24 11:12:57+00:00,LPL,2026,Split 1,1,1,16.03,Team WE,Anyone's Legend,1532.7132831975277,1779.731336396921,-247.0180531993933,0.5,0.7,-0.19999999999999996,0.368421052631579,,0
13122-13122_game_2,2026-02-24 12:03:06+00:00,LPL,2026,Split 1,1,2,16.03,Anyone's Legend,Team WE,1786.000740483655,1526.4906595072139,259.51008097644103,0.8,0.5,0.30000000000000004,0.65,,1
13122-13122_game_3,2026-02-24 12:52:59+00:00,LPL,2026,Split 1,1,3,16.03,Anyone's Legend,Team WE,1791.9145092607778,1520.6206632132876,271.2938460474902,0.8,0.4,0.4,0.6666666666666666,,1
13123-13123_game_1,2026-02-25 06:11:42+00:00,LPL,2026,Split 1,1,1,16.03,Invictus Gaming,Weibo Gaming,1543.9948519855034,1640.9295982482606,-96.93474626275724,0.4,0.5,-0.09999999999999998,0.40625,,0
13123-13123_game_2,2026-02-25 07:19:27+00:00,LPL,2026,Split 1,1,2,16.03,Weibo Gaming,Invictus Gaming,1652.6003280723303,1532.319653570121,120.2806745022092,0.5,0.4,0.09999999999999998,0.6060606060606061,,1
13123-13123_game_3,2026-02-25 08:13:35+00:00,LPL,2026,Split 1,1,3,16.03,Weibo Gaming,Invictus Gaming,1663.2966688569243,1521.6186871293507,141.67798172757352,0.6,0.4,0.19999999999999996,0.6176470588235294,,1
13124-13124_game_1,2026-02-25 09:30:11+00:00,LPL,2026,Split 1,1,1,16.03,Bilibili Gaming,Ninjas in Pyjamas,1710.4319799975146,1574.3410309939406,136.090949003574,0.6,0.9,-0.30000000000000004,0.8235294117647058,,1
13124-13124_game_2,2026-02-25 10:24:57+00:00,LPL,2026,Split 1,1,2,16.03,Bilibili Gaming,Ninjas in Pyjamas,1720.497646431698,1564.2818900533136,156.2157563783844,0.6,0.8,-0.20000000000000007,0.8333333333333334,,1
13124-13124_game_3,2026-02-25 11:20:16+00:00,LPL,2026,Split 1,1,3,16.03,Bilibili Gaming,Ninjas in Pyjamas,1729.7831361991907,1555.003037487457,174.78009871173367,0.7,0.7,0.0,0.8421052631578947,,1
13125-13125_game_1,2026-02-26 09:13:13+00:00,LPL,2026,Split 1,1,1,16.03,Anyone's Legend,JD Gaming,1787.6718150136028,1660.1279324923714,127.54388252123135,0.8,0.5,0.30000000000000004,0.5357142857142857,,1
13125-13125_game_2,2026-02-26 10:08:15+00:00,LPL,2026,Split 1,1,2,16.03,Anyone's Legend,JD Gaming,1798.1289961864263,1649.7419968892784,148.3869992971479,0.8,0.5,0.30000000000000004,0.5517241379310345,,0
13125-13125_game_3,2026-02-26 11:05:57+00:00,LPL,2026,Split 1,1,3,16.03,JD Gaming,Anyone's Legend,1672.178942024652,1775.7676847096386,-103.58874268498653,0.5,0.8,-0.30000000000000004,0.4666666666666667,,1
13125-13125_game_4,2026-02-26 12:05:34+00:00,LPL,2026,Split 1,1,4,16.03,JD Gaming,Anyone's Legend,1692.8061340035922,1755.1896333348122,-62.38349933122004,0.5,0.7,-0.19999999999999996,0.4838709677419355,,0
13125-13125_game_5,2026-02-26 12:55:32+00:00,LPL,2026,Split 1,1,5,16.03,Anyone's Legend,JD Gaming,1768.3745508606207,1679.644501235552,88.73004962506866,0.7,0.5,0.19999999999999996,0.53125,,0
13126-13126_game_1,2026-02-27 09:14:17+00:00,LPL,2026,Split 1,1,1,16.03,Bilibili Gaming,Weibo Gaming,1738.3810658437171,1673.136188975123,65.24487686859402,0.8,0.6,0.20000000000000007,0.7435897435897436,,1
13126-13126_game_2,2026-02-27 10:10:57+00:00,LPL,2026,Split 1,1,2,16.03,Bilibili Gaming,Weibo Gaming,1751.4244836991863,1660.0931079609502,91.33137573823615,0.8,0.6,0.20000000000000007,0.75,,1
13126-13126_game_3,2026-02-27 10:59:24+00:00,LPL,2026,Split 1,1,3,16.03,Bilibili Gaming,Weibo Gaming,1763.3292895529958,1648.189140164914,115.14014938808168,0.8,0.6,0.20000000000000007,0.7560975609756098,,1
LOLTMNT05_180071,2026-02-27 16:21:14+00:00,LEC,2026,Versus,1,1,16.03,GiantX,Karmine Corp,1681.5957879271325,1770.8940137471532,-89.29822582002066,0.4,0.6,-0.19999999999999996,0.3076923076923077,0.3202904222092833,0
LOLTMNT05_180072,2026-02-27 17:16:06+00:00,LEC,2026,Versus,1,2,16.03,GiantX,Karmine Corp,1669.6195199609951,1782.8983541226673,-113.2788341616722,0.4,0.6,-0.19999999999999996,0.2857142857142857,0.3202904222092833,0
LOLTMNT05_179080,2026-02-27 18:09:35+00:00,LEC,2026,Versus,1,3,16.03,GiantX,Karmine Corp,1658.6584695270308,1793.889749148378,-135.2312796213473,0.4,0.6,-0.19999999999999996,0.26666666666666666,0.3202904222092833,0
LOLTMNT02_360177,2026-02-28 08:23:00+00:00,LCK,2026,Cup,0,1,16.03,Dplus Kia,BNK FEARX,1776.254637524567,1774.798989638372,1.4556478861950382,0.5,0.5,0.0,0.6818181818181819,0.5194013322389136,0
13127-13127_game_1,2026-02-28 09:10:38+00:00,LPL,2026,Split 1,1,1,16.03,Team WE,Top Esports,1515.0689212768525,1605.1620168087477,-90.09309553189519,0.4,0.5,-0.09999999999999998,0.3076923076923077,,0
LOLTMNT02_360180,2026-02-28 09:16:16+00:00,LCK,2026,Cup,0,2,16.03,BNK FEARX,Dplus Kia,1790.8660242521323,1760.1875645142704,30.678459737861886,0.6,0.5,0.09999999999999998,0.3333333333333333,0.4805986677610864,1
13127-13127_game_2,2026-02-28 10:03:23+00:00,LPL,2026,Split 1,1,2,16.03,Team WE,Top Esports,1503.1255901920836,1617.145814220903,-114.02022402881948,0.4,0.6,-0.19999999999999996,0.2962962962962963,,0
LOLTMNT02_360183,2026-02-28 10:13:45+00:00,LCK,2026,Cup,0,3,16.03,BNK FEARX,Dplus Kia,1805.4568904329203,1745.5957778095847,59.86111262333566,0.6,0.4,0.19999999999999996,0.34782608695652173,0.4805986677610864,1
13127-13127_game_3,2026-02-28 10:55:27+00:00,LPL,2026,Split 1,1,3,16.03,Team WE,Top Esports,1492.1938142774138,1628.121956823701,-135.9281425462873,0.3,0.6,-0.3,0.2857142857142857,,0
LOLTMNT05_179108,2026-02-28 16:20:06+00:00,LEC,2026,Versus,1,1,16.03,Movistar KOI,Karmine Corp,1740.128348752965,1803.9901487516322,-63.861799998667266,0.5,0.7,-0.19999999999999996,0.44999999999999996,0.437422125884526,1
LOLTMNT05_180085,2026-02-28 17:19:02+00:00,LEC,2026,Versus,1,2,16.03,Movistar KOI,Karmine Corp,1759.0366141107875,1785.0989125266037,-26.062298415816258,0.6,0.6,0.0,0.47619047619047616,0.437422125884526,0
LOLTMNT05_180086,2026-02-28 18:09:20+00:00,LEC,2026,Versus,1,3,16.03,Movistar KOI,Karmine Corp,1744.2345811259372,1799.9084756665804,-55.67389454064323,0.6,0.6,0.0,0.4545454545454546,0.437422125884526,1
LOLTMNT05_179109,2026-02-28 19:01:45+00:00,LEC,2026,Versus,1,4,16.03,Movistar KOI,Karmine Corp,1762.7767369749392,1781.3789254874969,-18.602188512557632,0.6,0.6,0.0,0.4782608695652174,0.437422125884526,0
LOLTMNT05_180087,2026-02-28 19:59:59+00:00,LEC,2026,Versus,1,5,16.03,Movistar KOI,Karmine Corp,1747.6325817367488,1796.527844870093,-48.895263133344315,0.5,0.7,-0.19999999999999996,0.45833333333333337,0.437422125884526,0
LOLTMNT02_360283,2026-03-01 08:22:46+00:00,LCK,2026,Cup,0,1,16.03,Gen.G,BNK FEARX,1967.0491157368692,1818.7271440157208,148.32197172114843,0.8,0.6,0.20000000000000007,0.8636363636363636,0.7180390326050998,1
13128-13128_game_1,2026-03-01 09:11:06+00:00,LPL,2026,Split 1,1,1,16.03,Invictus Gaming,Ninjas in Pyjamas,1511.774560753675,1546.4116555417643,-34.63709478808937,0.4,0.6,-0.19999999999999996,0.35,,1
LOLTMNT02_360285,2026-03-01 09:14:27+00:00,LCK,2026,Cup,0,2,16.03,Gen.G,BNK FEARX,1976.6285785023842,1809.170844342831,167.45773415955318,0.8,0.6,0.20000000000000007,0.8695652173913043,0.7180390326050998,1
LOLTMNT02_360286,2026-03-01 10:01:17+00:00,LCK,2026,Cup,0,3,16.03,Gen.G,BNK FEARX,1985.4860137751718,1800.336114576629,185.14989919854293,0.8,0.5,0.30000000000000004,0.875,0.7180390326050998,1
13128-13128_game_2,2026-03-01 10:09:54+00:00,LPL,2026,Split 1,1,2,16.03,Invictus Gaming,Ninjas in Pyjamas,1529.3560823152393,1528.8279288307906,0.5281534844486941,0.4,0.5,-0.09999999999999998,0.38095238095238093,,0
13128-13128_game_3,2026-03-01 11:15:44+00:00,LPL,2026,Split 1,1,3,16.03,Invictus Gaming,Ninjas in Pyjamas,1513.331705633135,1544.852312569553,-31.520606936418062,0.4,0.5,-0.09999999999999998,0.36363636363636365,,1
13128-13128_game_4,2026-03-01 12:10:43+00:00,LPL,2026,Split 1,1,4,16.03,Invictus Gaming,Ninjas in Pyjamas,1530.773019878548,1527.4093270752808,3.363692803267213,0.5,0.4,0.09999999999999998,0.391304347826087,,1
LOLTMNT05_180114,2026-03-01 16:19:58+00:00,LEC,2026,Versus,1,1,16.03,G2 Esports,Karmine Corp,1882.545416597417,1810.300229918972,72.24518667844495,0.9,0.8,0.09999999999999998,0.6086956521739131,0.5696099656206633,1
LOLTMNT05_180115,2026-03-01 17:23:48+00:00,LEC,2026,Versus,1,2,16.03,G2 Esports,Karmine Corp,1895.2655407156558,1797.5699049371865,97.6956357784693,0.9,0.7,0.20000000000000007,0.625,0.5696099656206633,1
LOLTMNT05_179123,2026-03-01 18:20:14+00:00,LEC,2026,Versus,1,3,16.03,G2 Esports,Karmine Corp,1906.8814353887417,1785.9416486359773,120.93978675276435,1.0,0.6,0.4,0.64,0.5696099656206633,0
LOLTMNT05_179124,2026-03-01 19:15:05+00:00,LEC,2026,Versus,1,4,16.03,G2 Esports,Karmine Corp,1885.526509900245,1807.2830870202204,78.24342288002458,0.9,0.6,0.30000000000000004,0.6153846153846154,0.5696099656206633,0
LOLTMNT05_179126,2026-03-01 20:19:40+00:00,LEC,2026,Versus,1,5,16.03,G2 Esports,Karmine Corp,1865.9829717450332,1826.818072192181,39.16489955285215,0.8,0.6,0.20000000000000007,0.5925925925925926,0.5696099656206633,1
13129-13129_game_1,2026-03-02 09:10:40+00:00,LPL,2026,Split 1,1,1,16.03,Weibo Gaming,Top Esports,1637.2884908708968,1638.2109447636608,-0.9224538927639969,0.5,0.6,-0.09999999999999998,0.31034482758620685,,1
13129-13129_game_2,2026-03-02 10:05:06+00:00,LPL,2026,Split 1,1,2,16.03,Weibo Gaming,Top Esports,1653.3306037333095,1622.1694302688754,31.161173464434114,0.6,0.6,0.0,0.33333333333333337,,0
13129-13129_game_3,2026-03-02 11:01:53+00:00,LPL,2026,Split 1,1,3,16.03,Weibo Gaming,Top Esports,1635.9036100869864,1639.5901143883868,-3.6865043014004186,0.6,0.6,0.0,0.32258064516129037,,1
13129-13129_game_4,2026-03-02 11:58:44+00:00,LPL,2026,Split 1,1,4,16.03,Weibo Gaming,Top Esports,1652.072727720141,1623.4220057527236,28.65072196741744,0.6,0.5,0.09999999999999998,0.34375,,0
13129-13129_game_5,2026-03-02 12:52:33+00:00,LPL,2026,Split 1,1,5,16.03,Weibo Gaming,Top Esports,1634.7595037505969,1640.7304012096815,-5.970897459084654,0.5,0.6,-0.09999999999999998,0.33333333333333337,,1
13130-13130_game_1,2026-03-03 09:11:11+00:00,LPL,2026,Split 1,1,1,16.03,Invictus Gaming,Anyone's Legend,1546.6185976684344,1748.415059901166,-201.79646223273153,0.6,0.7,-0.09999999999999998,0.2272727272727273,,0
13130-13130_game_2,2026-03-03 10:03:06+00:00,LPL,2026,Split 1,1,2,16.03,Anyone's Legend,Invictus Gaming,1756.1155959298037,1538.9690834314063,217.14651249839744,0.7,0.5,0.19999999999999996,0.782608695652174,,0
13130-13130_game_3,2026-03-03 10:56:54+00:00,LPL,2026,Split 1,1,3,16.03,Invictus Gaming,Anyone's Legend,1563.8222065100463,1731.3112251124112,-167.48901860236492,0.5,0.6,-0.09999999999999998,0.25,,0
13130-13130_game_4,2026-03-03 11:50:49+00:00,LPL,2026,Split 1,1,4,16.03,Anyone's Legend,Invictus Gaming,1740.2024334474565,1554.970739668019,185.2316937794376,0.6,0.4,0.19999999999999996,0.76,,1
13131-13131_game_1,2026-03-04 09:12:44+00:00,LPL,2026,Split 1,1,1,16.03,JD Gaming,Bilibili Gaming,1699.6391031415187,1774.2310999599824,-74.59199681846371,0.6,0.8,-0.20000000000000007,0.5161290322580645,,1
13131-13131_game_2,2026-03-04 10:18:43+00:00,LPL,2026,Split 1,1,2,16.03,JD Gaming,Bilibili Gaming,1719.0184284014317,1754.8594481934615,-35.84101979202978,0.7,0.7,0.0,0.53125,,0
13131-13131_game_3,2026-03-04 11:17:43+00:00,LPL,2026,Split 1,1,3,16.03,Bilibili Gaming,JD Gaming,1769.2198508654078,1704.6613181753723,64.55853269003546,0.7,0.6,0.09999999999999998,0.48484848484848486,,0
13131-13131_game_4,2026-03-04 12:17:40+00:00,LPL,2026,Split 1,1,4,16.03,JD Gaming,Bilibili Gaming,1723.5977133961776,1750.289045248123,-26.691331851945506,0.7,0.7,0.0,0.5294117647058824,,0
13131-13131_game_5,2026-03-04 13:12:43+00:00,LPL,2026,Split 1,1,5,16.03,Bilibili Gaming,JD Gaming,1765.0654021956252,1708.8233455509267,56.24205664469855,0.8,0.6,0.20000000000000007,0.4857142857142857,,1
13132-13132_game_1,2026-03-05 09:12:47+00:00,LPL,2026,Split 1,1,1,16.03,Anyone's Legend,Weibo Gaming,1748.4543575800515,1651.0336785238455,97.42067905620593,0.6,0.5,0.09999999999999998,0.625,,0
13132-13132_game_2,2026-03-05 10:10:05+00:00,LPL,2026,Split 1,1,2,16.03,Weibo Gaming,Anyone's Legend,1671.3973899114376,1728.1134516840716,-56.71606177263402,0.5,0.5,0.0,0.3939393939393939,,1
13132-13132_game_3,2026-03-05 11:09:49+00:00,LPL,2026,Split 1,1,3,16.03,Weibo Gaming,Anyone's Legend,1689.9813024281964,1709.539876497546,-19.55857406934956,0.5,0.4,0.09999999999999998,0.4117647058823529,,0
13132-13132_game_4,2026-03-05 12:06:06+00:00,LPL,2026,Split 1,1,4,16.03,Anyone's Legend,Weibo Gaming,1724.6416536897716,1674.8793770556542,49.76227663411737,0.5,0.5,0.0,0.6,,0
13133-13133_game_1,2026-03-07 09:12:06+00:00,LPL,2026,Split 1,1,1,16.03,JD Gaming,Weibo Gaming,1695.3888860124957,1693.1517889673698,2.2370970451258927,0.5,0.6,-0.09999999999999998,0.5,,1
13133-13133_game_2,2026-03-07 10:09:15+00:00,LPL,2026,Split 1,1,2,16.03,JD Gaming,Weibo Gaming,1711.2859371192558,1677.254591942004,34.03134517725175,0.6,0.6,0.0,0.5098039215686274,,1
13133-13133_game_3,2026-03-07 11:07:43+00:00,LPL,2026,Split 1,1,3,16.03,JD Gaming,Weibo Gaming,1725.7248039881968,1662.8146634691561,62.910140519040624,0.6,0.5,0.09999999999999998,0.5192307692307693,,1
13134-13134_game_1,2026-03-08 09:17:50+00:00,LPL,2026,Split 1,1,1,16.03,Bilibili Gaming,JD Gaming,1778.5039395374054,1738.8606983956433,39.64324114176202,0.8,0.6,0.20000000000000007,0.5,,1
13134-13134_game_2,2026-03-08 10:16:46+00:00,LPL,2026,Split 1,1,2,16.03,Bilibili Gaming,JD Gaming,1792.6901650443856,1724.6774078917751,68.01275715261045,0.8,0.6,0.20000000000000007,0.5135135135135135,,1
13134-13134_game_3,2026-03-08 11:10:12+00:00,LPL,2026,Split 1,1,3,16.03,Bilibili Gaming,JD Gaming,1805.6036639260467,1711.7685266823642,93.83513724368254,0.8,0.5,0.30000000000000004,0.5263157894736842,,0
13134-13134_game_4,2026-03-08 12:04:35+00:00,LPL,2026,Split 1,1,4,16.03,JD Gaming,Bilibili Gaming,1731.985801917011,1785.392037809413,-53.40623589240204,0.5,0.7,-0.19999999999999996,0.4871794871794872,,0
LOLTMNT05_184082,2026-03-28 13:10:54+00:00,LEC,2026,Spring,0,1,16.06,GiantX,Fnatic,1648.5891340704125,1630.4768580751656,18.11227599524682,0.4,0.2,0.2,0.10526315789473684,0.5417637933482431,1
LOLTMNT05_184084,2026-03-28 13:59:09+00:00,LEC,2026,Spring,0,2,16.06,GiantX,Fnatic,1663.7558493958586,1615.308727225048,48.447122170810644,0.5,0.1,0.4,0.15000000000000002,0.5417637933482431,0
LOLTMNT05_184086,2026-03-28 14:52:52+00:00,LEC,2026,Spring,0,3,16.06,GiantX,Fnatic,1645.5392771338363,1633.5188393969145,12.02043773692185,0.4,0.2,0.2,0.1428571428571429,0.5417637933482431,1
LOLTMNT05_183065,2026-03-28 15:53:30+00:00,LEC,2026,Spring,0,1,16.06,Team Vitality,Karmine Corp,1688.9663720764104,1812.610235411806,-123.64386333539551,0.5,0.5,0.0,0.4,0.3278427809864372,1
LOLTMNT05_183066,2026-03-28 16:44:59+00:00,LEC,2026,Spring,0,2,16.06,Team Vitality,Karmine Corp,1710.4247508804208,1791.1560896265667,-80.73133874614587,0.6,0.5,0.09999999999999998,0.4285714285714286,0.3278427809864372,0
LOLTMNT05_184096,2026-03-28 18:03:08+00:00,LEC,2026,Spring,0,3,16.06,Team Vitality,Karmine Corp,1698.0725443237195,1803.5112389775081,-105.43869465378862,0.5,0.5,0.0,0.40909090909090906,0.3278427809864372,0
LOLTMNT05_183084,2026-03-28 19:01:25+00:00,LEC,2026,Spring,0,1,16.06,Movistar KOI,Natus Vincere,1733.8695432086072,1701.1454001815891,32.724143027018044,0.4,0.5,-0.09999999999999998,1.0,0.6162944148378281,0
LOLTMNT05_183085,2026-03-28 19:59:01+00:00,LEC,2026,Spring,0,2,16.06,Movistar KOI,Natus Vincere,1716.3669813696938,1718.6109101768448,-2.243928807150951,0.3,0.5,-0.2,0.8333333333333334,0.6162944148378281,1
LOLTMNT05_184106,2026-03-28 20:48:34+00:00,LEC,2026,Spring,0,3,16.06,Movistar KOI,Natus Vincere,1732.470316671265,1702.5425324604487,29.9277842108163,0.3,0.4,-0.10000000000000003,0.8571428571428571,0.6162944148378281,0
LOLTMNT05_184124,2026-03-29 15:07:54+00:00,LEC,2026,Spring,0,1,16.06,Team Heretics,SK Gaming,1668.4494885653626,1560.3001204928821,108.14936807248046,0.5,0.3,0.2,0.5,0.5970210220230042,0
LOLTMNT05_184135,2026-03-29 16:05:57+00:00,LEC,2026,Spring,0,2,16.06,SK Gaming,Team Heretics,1580.9558437549708,1647.8754026994727,-66.91955894450189,0.3,0.5,-0.2,0.5263157894736842,0.4029789779769958,0
LOLTMNT05_184139,2026-03-29 17:00:07+00:00,LEC,2026,Spring,0,3,16.06,SK Gaming,Team Heretics,1567.9000126594815,1660.9820596330724,-93.08204697359088,0.3,0.5,-0.2,0.5,0.4029789779769958,0
LOLTMNT05_183138,2026-03-29 17:57:57+00:00,LEC,2026,Spring,0,1,16.06,Movistar KOI,Fnatic,1715.0954899972705,1618.0717741234753,97.02371587379525,0.3,0.2,0.09999999999999998,0.6190476190476191,0.678636643972566,1
LOLTMNT05_183148,2026-03-29 18:50:24+00:00,LEC,2026,Spring,0,2,16.06,Movistar KOI,Fnatic,1726.740018028843,1606.4155391360525,120.32447889279047,0.4,0.1,0.30000000000000004,0.6363636363636364,0.678636643972566,1
LOLTMNT05_184178,2026-03-30 15:08:27+00:00,LEC,2026,Spring,0,1,16.06,SK Gaming,Natus Vincere,1555.960491604766,1719.8888915609027,-163.92839995613667,0.3,0.5,-0.2,,0.2789530015815478,1
LOLTMNT05_183165,2026-03-30 16:02:51+00:00,LEC,2026,Spring,0,2,16.06,SK Gaming,Natus Vincere,1578.8188196651047,1697.0732848610085,-118.25446519590378,0.4,0.4,0.0,0.5,0.2789530015815478,0
LOLTMNT05_184193,2026-03-30 17:18:47+00:00,LEC,2026,Spring,0,3,16.06,SK Gaming,Natus Vincere,1567.9313959804965,1708.0029839302165,-140.07158794971997,0.3,0.4,-0.10000000000000003,0.33333333333333337,0.2789530015815478,0
LOLTMNT05_184204,2026-03-30 18:23:37+00:00,LEC,2026,Spring,0,1,16.06,Team Vitality,Team Heretics,1686.7792690820806,1672.9838549490505,13.795414133030135,0.4,0.5,-0.09999999999999998,0.5833333333333333,,1
LOLTMNT05_183186,2026-03-30 19:23:52+00:00,LEC,2026,Spring,0,2,16.06,Team Vitality,Team Heretics,1702.1449691690934,1657.5827707714857,44.562198397607744,0.5,0.4,0.09999999999999998,0.6153846153846154,,1
LOLTMNT02_375568,2026-04-01 08:11:43+00:00,LCK,2026,Rounds 1-2,0,1,16.06,HANJIN BRION,Hanwha Life Esports,1541.0926929847033,1761.7977711890314,-220.70507820432817,0.3,0.4,-0.10000000000000003,0.16666666666666666,0.2147774801830917,0
LOLTMNT02_375577,2026-04-01 09:05:37+00:00,LCK,2026,Rounds 1-2,0,2,16.06,Hanwha Life Esports,HANJIN BRION,1768.820891443173,1533.870805414494,234.95008602867892,0.5,0.3,0.2,0.8421052631578947,0.7852225198169083,1
LOLTMNT02_374657,2026-04-01 10:23:34+00:00,LCK,2026,Rounds 1-2,0,1,16.06,KT Rolster,T1,1649.4567449679603,1816.3040896907012,-166.8473447227409,0.4,0.4,0.0,0.29545454545454547,0.2622416722050181,1
LOLTMNT02_374671,2026-04-01 11:09:27+00:00,LCK,2026,Rounds 1-2,0,2,16.06,KT Rolster,T1,1672.382631139438,1793.1910605137975,-120.80842937435955,0.5,0.3,0.2,0.3111111111111111,0.2622416722050181,1
LOLTMNT02_374985,2026-04-02 08:08:29+00:00,LCK,2026,Rounds 1-2,0,1,16.06,Nongshim RedForce,Dplus Kia,1571.5512678853997,1732.3239998297413,-160.77273194434156,0.3,0.4,-0.10000000000000003,0.22580645161290325,0.3330585822416564,1
LOLTMNT02_374997,2026-04-02 09:03:28+00:00,LCK,2026,Rounds 1-2,0,2,16.06,Nongshim RedForce,Dplus Kia,1594.462073584833,1709.4097795459634,-114.9477059611304,0.3,0.4,-0.10000000000000003,0.25,0.3330585822416564,1
LOLTMNT02_376019,2026-04-02 10:15:16+00:00,LCK,2026,Rounds 1-2,0,1,16.06,Kiwoom DRX,DN SOOPers,1595.169661573437,1682.7177498018718,-87.54808822843484,0.4,0.6,-0.19999999999999996,0.2857142857142857,0.4332691290966848,0
LOLTMNT02_376026,2026-04-02 11:09:57+00:00,LCK,2026,Rounds 1-2,0,2,16.06,Kiwoom DRX,DN SOOPers,1583.1170322416795,1694.8908026940996,-111.7737704524202,0.3,0.6,-0.3,0.25,0.4332691290966848,0
LOLTMNT02_377156,2026-04-03 08:10:24+00:00,LCK,2026,Rounds 1-2,0,1,16.06,KT Rolster,Gen.G,1693.5570356052692,1965.037336064054,-271.48030045878477,0.5,0.7,-0.19999999999999996,0.32352941176470584,0.2552190459172547,1
LOLTMNT02_376203,2026-04-03 08:58:48+00:00,LCK,2026,Rounds 1-2,0,2,16.06,Gen.G,KT Rolster,1938.5930092949966,1719.8254873437636,218.767521951233,0.6,0.5,0.09999999999999998,0.6571428571428571,0.7447809540827453,1
LOLTMNT02_376207,2026-04-03 09:48:35+00:00,LCK,2026,Rounds 1-2,0,3,16.06,Gen.G,KT Rolster,1945.6792488534618,1712.5639855634472,233.11526329001458,0.6,0.5,0.09999999999999998,0.6666666666666666,0.7447809540827453,0
LOLTMNT02_376241,2026-04-03 11:10:37+00:00,LCK,2026,Rounds 1-2,0,1,16.06,HANJIN BRION,BNK FEARX,1527.0985072679719,1779.5450350069616,-252.44652773898974,0.3,0.5,-0.2,0.19999999999999996,0.2644564952454034,1
LOLTMNT02_377199,2026-04-03 12:14:25+00:00,LCK,2026,Rounds 1-2,0,2,16.06,BNK FEARX,HANJIN BRION,1753.6093472142027,1552.8481109163395,200.7612362978632,0.4,0.4,0.0,0.7692307692307693,0.7355435047545966,0
13208-13208_game_1,2026-04-04 07:13:58+00:00,LPL,2026,Split 2,0,1,16.07,Invictus Gaming,Top Esports,1612.645040131979,1620.3288251966596,-7.6837850646807055,0.4,0.5,-0.09999999999999998,0.39285714285714285,,1
LOLTMNT02_376401,2026-04-04 08:08:38+00:00,LCK,2026,Rounds 1-2,0,1,16.06,Hanwha Life Esports,T1,1775.404712645545,1771.8634577709192,3.5412548746257926,0.5,0.3,0.2,0.5689655172413793,0.4942097411592369,0
13208-13208_game_2,2026-04-04 08:16:41+00:00,LPL,2026,Split 2,0,2,16.07,Invictus Gaming,Top Esports,1629.0114833119294,1604.044865561157,24.966617750772457,0.5,0.5,0.0,0.41379310344827586,,1
LOLTMNT02_376413,2026-04-04 09:08:12+00:00,LCK,2026,Rounds 1-2,0,2,16.06,T1,Hanwha Life Esports,1788.0233122117875,1759.2416116259878,28.781700585799626,0.3,0.5,-0.2,0.44067796610169496,0.5057902588407631,1
13209-13209_game_1,2026-04-04 09:31:10+00:00,LPL,2026,Split 2,0,1,16.07,Anyone's Legend,Weibo Gaming,1706.3766258409717,1678.4758319733126,27.900793867659104,0.5,0.5,0.0,0.5833333333333334,,1
13209-13209_game_2,2026-04-04 10:23:57+00:00,LPL,2026,Split 2,0,2,16.07,Anyone's Legend,Weibo Gaming,1721.0985749988788,1663.7557379096713,57.34283708920748,0.5,0.4,0.09999999999999998,0.5945945945945946,,1
LOLTMNT02_377394,2026-04-04 10:30:33+00:00,LCK,2026,Rounds 1-2,0,1,16.06,Dplus Kia,Kiwoom DRX,1688.3034082270904,1575.9029088977506,112.40049932933971,0.3,0.2,0.09999999999999998,0.7142857142857143,0.6721572190135627,1
LOLTMNT02_376440,2026-04-04 11:29:13+00:00,LCK,2026,Rounds 1-2,0,2,16.06,Dplus Kia,Kiwoom DRX,1699.3024234014895,1564.900934876487,134.40148852500238,0.4,0.2,0.2,0.75,0.6721572190135627,1
13210-13210_game_1,2026-04-04 11:31:14+00:00,LPL,2026,Split 2,0,1,16.07,Team WE,Ninjas in Pyjamas,1516.7773763327536,1511.563893507485,5.2134828252685566,0.3,0.4,-0.10000000000000003,0.36363636363636365,,0
LOLTMNT04_156054,2026-04-04 12:10:23+00:00,LEC,2026,Spring,0,1,16.07,SK Gaming,Shifters,1557.9161274971502,1586.2369326809705,-28.320805183820312,0.2,0.5,-0.3,,0.440403099049658,1
13210-13210_game_2,2026-04-04 12:31:00+00:00,LPL,2026,Split 2,0,2,16.07,Ninjas in Pyjamas,Team WE,1527.803436554526,1500.5966487677742,27.206787786751647,0.4,0.2,0.2,0.6521739130434783,,1
LOLTMNT04_155065,2026-04-04 12:55:30+00:00,LEC,2026,Spring,0,2,16.07,SK Gaming,Shifters,1575.1909035944254,1568.9799221967394,6.210981397686055,0.3,0.4,-0.10000000000000003,0.5,0.440403099049658,1
LOLTMNT04_156068,2026-04-04 14:05:07+00:00,LEC,2026,Spring,0,1,16.07,G2 Esports,Team Heretics,1915.385721117523,1643.5337092996674,271.85201181785555,0.7,0.3,0.39999999999999997,1.0,0.7707461912754012,1
LOLTMNT04_156070,2026-04-04 15:03:54+00:00,LEC,2026,Spring,0,2,16.07,G2 Esports,Team Heretics,1920.919923087013,1637.764525853833,283.1553972331801,0.7,0.3,0.39999999999999997,1.0,0.7707461912754012,1
LOLTMNT04_155085,2026-04-04 15:58:13+00:00,LEC,2026,Spring,0,1,16.07,Team Vitality,Natus Vincere,1716.1059595217193,1718.0573168217568,-1.9513573000374436,0.6,0.5,0.09999999999999998,0.6666666666666667,0.5297377307274507,1
LOLTMNT04_155087,2026-04-04 16:50:20+00:00,LEC,2026,Spring,0,2,16.07,Team Vitality,Natus Vincere,1732.1957229099576,1701.9874550864806,30.208267823476945,0.6,0.5,0.09999999999999998,0.75,0.5297377307274507,1
LOLTMNT02_377509,2026-04-05 08:10:33+00:00,LCK,2026,Rounds 1-2,0,1,16.06,Nongshim RedForce,DN SOOPers,1615.5658240041005,1706.0461549195904,-90.48033091548996,0.4,0.7,-0.29999999999999993,0.36363636363636365,0.5443341863109202,1
LOLTMNT02_377512,2026-04-05 09:04:05+00:00,LCK,2026,Rounds 1-2,0,2,16.06,Nongshim RedForce,DN SOOPers,1635.63725257239,1686.0761187821677,-50.43886620977764,0.5,0.6,-0.09999999999999998,0.3913043478260869,0.5443341863109202,1
13211-13211_game_1,2026-04-05 09:14:57+00:00,LPL,2026,Split 2,0,1,16.07,JD Gaming,Bilibili Gaming,1738.067925851247,1942.062613754922,-203.99468790367496,0.6,0.9,-0.30000000000000004,0.4418604651162791,,0
13211-13211_game_2,2026-04-05 10:06:34+00:00,LPL,2026,Split 2,0,2,16.07,Bilibili Gaming,JD Gaming,1949.619764697204,1730.5124772339655,219.10728746323844,0.9,0.5,0.4,0.5681818181818182,,0
LOLTMNT02_376564,2026-04-05 10:22:53+00:00,LCK,2026,Rounds 1-2,0,1,16.06,Gen.G,BNK FEARX,1920.3201486812825,1729.2718803150576,191.04826836622487,0.5,0.3,0.2,0.88,0.7547475762094149,1
13211-13211_game_3,2026-04-05 11:00:46+00:00,LPL,2026,Split 2,0,3,16.07,JD Gaming,Bilibili Gaming,1755.4475637605615,1924.686284718285,-169.23872095772344,0.5,0.8,-0.30000000000000004,0.4444444444444444,,0
LOLTMNT02_376566,2026-04-05 11:13:31+00:00,LCK,2026,Rounds 1-2,0,2,16.06,Gen.G,BNK FEARX,1928.3230469003327,1721.278777024031,207.04426987630177,0.5,0.3,0.2,0.8846153846153846,0.7547475762094149,1
13212-13212_game_1,2026-04-05 12:18:17+00:00,LPL,2026,Split 2,0,1,16.07,Top Esports,Anyone's Legend,1589.1427711677093,1734.4929707175693,-145.35019954986,0.5,0.6,-0.09999999999999998,0.5833333333333333,,1
13212-13212_game_2,2026-04-05 13:18:03+00:00,LPL,2026,Split 2,0,2,16.07,Top Esports,Anyone's Legend,1611.107360037166,1712.1907847709997,-101.08342473383368,0.5,0.5,0.0,0.5945945945945945,,1
LOLTMNT04_155098,2026-04-05 15:07:26+00:00,LEC,2026,Spring,0,1,16.07,GiantX,SK Gaming,1660.9859697189447,1590.9162165737894,70.06975314515535,0.5,0.4,0.09999999999999998,0.2857142857142857,0.6639057963480908,1
LOLTMNT04_156104,2026-04-05 16:03:43+00:00,LEC,2026,Spring,0,2,16.07,GiantX,SK Gaming,1673.802364778925,1578.0404354878158,95.76192929110925,0.5,0.4,0.09999999999999998,0.375,0.6639057963480908,1
LOLTMNT04_155108,2026-04-05 17:01:55+00:00,LEC,2026,Spring,0,1,16.07,G2 Esports,Fnatic,1926.1626112465292,1595.7323589637108,330.4302522828184,0.7,0.1,0.6,0.7027027027027026,0.759473165837129,1
LOLTMNT04_155109,2026-04-05 17:46:19+00:00,LEC,2026,Spring,0,2,16.07,G2 Esports,Fnatic,1930.3184488492084,1591.5620557314992,338.7563931177092,0.7,0.1,0.6,0.7105263157894737,0.759473165837129,0
LOLTMNT04_155110,2026-04-05 18:36:23+00:00,LEC,2026,Spring,0,3,16.07,G2 Esports,Fnatic,1902.304022113518,1619.5629267657146,282.74109534780337,0.6,0.2,0.39999999999999997,0.6923076923076923,0.759473165837129,0
LOLTMNT04_156150,2026-04-06 15:10:07+00:00,LEC,2026,Spring,0,1,16.07,GiantX,Team Heretics,1685.5009598851452,1632.3021361366384,53.19882374850681,0.6,0.3,0.3,0.625,0.6466688009282974,1
LOLTMNT04_155128,2026-04-06 15:56:22+00:00,LEC,2026,Spring,0,2,16.07,GiantX,Team Heretics,1699.0701470710555,1618.6457671722467,80.42437989880887,0.6,0.3,0.3,0.6470588235294118,0.6466688009282974,0
LOLTMNT04_155130,2026-04-06 16:53:56+00:00,LEC,2026,Spring,0,3,16.07,GiantX,Team Heretics,1679.4313846274247,1638.1708096921943,41.26057493523035,0.5,0.3,0.2,0.6111111111111112,0.6466688009282974,1
LOLTMNT04_156161,2026-04-06 17:48:19+00:00,LEC,2026,Spring,0,1,16.07,Movistar KOI,Team Vitality,1737.410267659036,1746.8091959955218,-9.398928336485824,0.5,0.6,-0.09999999999999998,0.625,0.585160823258175,0
LOLTMNT04_155137,2026-04-06 18:39:06+00:00,LEC,2026,Spring,0,2,16.07,Team Vitality,Movistar KOI,1762.3767762512457,1721.842998742445,40.53377750880077,0.6,0.4,0.19999999999999996,0.4444444444444444,0.414839176741825,0
LOLTMNT04_156164,2026-04-06 19:32:40+00:00,LEC,2026,Spring,0,3,16.07,Movistar KOI,Team Vitality,1739.701225110325,1744.5197913810484,-4.818566270723522,0.5,0.6,-0.09999999999999998,0.6,0.585160823258175,0
LOLTMNT01_360022,2026-04-08 08:06:29+00:00,LCK,2026,Rounds 1-2,0,1,16.07,Hanwha Life Esports,Dplus Kia,1744.5621958968873,1709.406315332415,35.15588056447223,0.4,0.5,-0.09999999999999998,0.5666666666666667,0.5929991119437668,1
LOLTMNT01_360035,2026-04-08 09:04:42+00:00,LCK,2026,Rounds 1-2,0,2,16.07,Hanwha Life Esports,Dplus Kia,1758.9503354091623,1695.0191861608687,63.93114924829365,0.4,0.4,0.0,0.5806451612903225,0.5929991119437668,1
13213-13213_game_1,2026-04-08 09:15:14+00:00,LPL,2026,Split 2,0,1,16.07,Invictus Gaming,Ninjas in Pyjamas,1643.9058161100734,1542.5560947132021,101.34972139687125,0.6,0.4,0.19999999999999996,0.4166666666666667,,1
LOLTMNT01_360054,2026-04-08 10:19:02+00:00,LCK,2026,Rounds 1-2,0,1,16.07,Gen.G,T1,1935.786084107346,1802.7042479121533,133.08183619519264,0.5,0.4,0.09999999999999998,0.6346153846153846,0.6014682637566929,1
13213-13213_game_2,2026-04-08 10:23:55+00:00,LPL,2026,Split 2,0,2,16.07,Ninjas in Pyjamas,Invictus Gaming,1531.0864410839265,1655.4592402069943,-124.37279912306781,0.3,0.6,-0.3,0.56,,1
LOLTMNT01_360067,2026-04-08 11:07:42+00:00,LCK,2026,Rounds 1-2,0,2,16.07,Gen.G,T1,1945.9477914819931,1792.52959081298,153.41820066901323,0.5,0.4,0.09999999999999998,0.6415094339622641,0.6014682637566929,1
13213-13213_game_3,2026-04-08 11:21:42+00:00,LPL,2026,Split 2,0,3,16.07,Invictus Gaming,Ninjas in Pyjamas,1634.0601428149314,1552.5717376368507,81.48840517808071,0.6,0.4,0.19999999999999996,0.4230769230769231,,1
13214-13214_game_1,2026-04-08 12:29:51+00:00,LPL,2026,Split 2,0,1,16.07,Top Esports,Team WE,1631.3827588154313,1485.8524259351154,145.53033288031588,0.5,0.1,0.4,0.7241379310344828,,1
13214-13214_game_2,2026-04-08 13:43:56+00:00,LPL,2026,Split 2,0,2,16.07,Top Esports,Team WE,1641.3859309823558,1476.0523633631908,165.33356761916502,0.5,0.1,0.4,0.7333333333333334,,1
LOLTMNT01_359784,2026-04-09 08:06:21+00:00,LCK,2026,Rounds 1-2,0,1,16.07,Kiwoom DRX,HANJIN BRION,1554.7939471617126,1577.0199347080602,-22.225987546347596,0.1,0.4,-0.30000000000000004,0.625,0.4724808796206291,0
LOLTMNT01_359808,2026-04-09 09:00:11+00:00,LCK,2026,Rounds 1-2,0,2,16.07,HANJIN BRION,Kiwoom DRX,1592.0488359182161,1539.815282450638,52.233553467578076,0.4,0.1,0.30000000000000004,0.4444444444444444,0.5275191203793709,0
13215-13215_game_1,2026-04-09 09:12:12+00:00,LPL,2026,Split 2,0,1,16.07,Weibo Gaming,Ninjas in Pyjamas,1650.3360248692024,1540.250778483069,110.08524638613335,0.4,0.4,0.0,0.5555555555555556,,1
13215-13215_game_2,2026-04-09 10:07:15+00:00,LPL,2026,Split 2,0,2,16.07,Weibo Gaming,Ninjas in Pyjamas,1661.5459888273085,1529.1499139630826,132.39607486422597,0.4,0.4,0.0,0.5789473684210527,,0
LOLTMNT01_359829,2026-04-09 10:10:03+00:00,LCK,2026,Rounds 1-2,0,3,16.07,Kiwoom DRX,HANJIN BRION,1558.2008889241931,1573.7365845398103,-15.535695615617215,0.2,0.4,-0.2,0.6,0.4724808796206291,1
13215-13215_game_3,2026-04-09 11:05:35+00:00,LPL,2026,Split 2,0,3,16.07,Ninjas in Pyjamas,Weibo Gaming,1550.9603482340303,1639.8453546668636,-88.88500643283328,0.5,0.3,0.2,0.45,,1
LOLTMNT01_359892,2026-04-09 11:25:00+00:00,LCK,2026,Rounds 1-2,0,1,16.07,Nongshim RedForce,KT Rolster,1653.9418696108182,1737.758509725138,-83.81664011431985,0.5,0.6,-0.09999999999999998,0.36363636363636365,0.3573546620469666,0
13216-13216_game_1,2026-04-09 12:15:02+00:00,LPL,2026,Split 2,0,1,16.07,Team WE,Bilibili Gaming,1466.9994821151686,1933.4577116681255,-466.45822955295694,0.0,0.8,-0.8,0.19999999999999996,,0
LOLTMNT01_359914,2026-04-09 12:25:37+00:00,LCK,2026,Rounds 1-2,0,2,16.07,KT Rolster,Nongshim RedForce,1750.0527196271512,1641.7257420012706,108.32697762588055,0.6,0.4,0.19999999999999996,0.6470588235294118,0.6426453379530334,1
13216-13216_game_2,2026-04-09 13:07:10+00:00,LPL,2026,Split 2,0,2,16.07,Bilibili Gaming,Team WE,1935.502230652092,1464.8602748223213,470.6419558297707,0.8,0.0,0.8,0.8095238095238095,,1
LOLTMNT01_362027,2026-04-10 08:09:34+00:00,LCK,2026,Rounds 1-2,0,1,16.07,DN SOOPers,T1,1667.8304185708234,1783.1488035495702,-115.31838497874674,0.5,0.3,0.2,0.14285714285714285,0.2689400025854468,0
13217-13217_game_1,2026-04-10 09:12:32+00:00,LPL,2026,Split 2,0,1,16.07,LNG Esports,EDward Gaming,1627.804330627915,1541.6135872718944,86.19074335602068,0.7,0.6,0.09999999999999998,0.25,0.5524800509786116,1
LOLTMNT01_362077,2026-04-10 10:10:47+00:00,LCK,2026,Rounds 1-2,0,1,16.07,BNK FEARX,Hanwha Life Esports,1713.8250306058976,1772.041737537933,-58.21670693203532,0.3,0.5,-0.2,0.07142857142857142,0.3687822391633513,0
13217-13217_game_2,2026-04-10 10:17:13+00:00,LPL,2026,Split 2,0,2,16.07,LNG Esports,EDward Gaming,1639.9314620121909,1529.5022011063575,110.42926090583342,0.7,0.5,0.19999999999999996,0.3076923076923077,0.5524800509786116,0
LOLTMNT01_361313,2026-04-10 10:57:44+00:00,LCK,2026,Rounds 1-2,0,2,16.07,Hanwha Life Esports,BNK FEARX,1785.3878714441162,1700.4811962418885,84.90667520222769,0.5,0.2,0.3,0.9333333333333333,0.6312177608366487,0
13217-13217_game_3,2026-04-10 11:20:44+00:00,LPL,2026,Split 2,0,3,16.07,EDward Gaming,LNG Esports,1550.42178350381,1619.0290414074373,-68.60725790362721,0.6,0.6,0.0,0.7142857142857143,0.4475199490213883,1
LOLTMNT01_361350,2026-04-10 11:46:50+00:00,LCK,2026,Rounds 1-2,0,3,16.07,BNK FEARX,Hanwha Life Esports,1720.3152685365726,1765.5567995333683,-45.241530996795746,0.2,0.5,-0.3,0.125,0.3687822391633513,0
13218-13218_game_1,2026-04-10 12:28:13+00:00,LPL,2026,Split 2,0,1,16.07,JD Gaming,Anyone's Legend,1746.6775414380609,1691.6808787158254,54.99666272223544,0.4,0.5,-0.09999999999999998,0.48484848484848486,0.440403099049658,1
13218-13218_game_2,2026-04-10 13:27:20+00:00,LPL,2026,Split 2,0,2,16.07,Anyone's Legend,JD Gaming,1678.1797513566173,1760.1660769465816,-81.98632558996428,0.4,0.4,0.0,0.5,0.559596900950342,0
LOLTMNT01_362622,2026-04-11 08:06:17+00:00,LCK,2026,Rounds 1-2,0,1,16.07,Kiwoom DRX,Nongshim RedForce,1574.915407904112,1630.5555870989228,-55.6401791948108,0.3,0.4,-0.10000000000000003,0.8333333333333334,0.3511588238287791,1
LOLTMNT01_362650,2026-04-11 08:59:12+00:00,LCK,2026,Rounds 1-2,0,2,16.07,Kiwoom DRX,Nongshim RedForce,1593.4543826482632,1612.0165517962328,-18.5621691479696,0.4,0.4,0.0,0.8571428571428571,0.3511588238287791,1
13219-13219_game_1,2026-04-11 09:14:28+00:00,LPL,2026,Split 2,0,1,16.07,Invictus Gaming,Team WE,1646.4432042895526,1462.7709260544111,183.67227823514145,0.6,0.0,0.6,0.8421052631578947,,1
LOLTMNT01_361912,2026-04-11 10:14:53+00:00,LCK,2026,Rounds 1-2,0,1,16.07,Dplus Kia,Gen.G,1681.9295791200257,1955.3158533668325,-273.3862742468068,0.3,0.5,-0.2,0.24324324324324326,0.2126241254173362,1
13219-13219_game_2,2026-04-11 10:17:54+00:00,LPL,2026,Split 2,0,2,16.07,Invictus Gaming,Team WE,1654.7880488382652,1454.3883884431307,200.39966039513456,0.6,0.0,0.6,0.85,,1
LOLTMNT01_361920,2026-04-11 11:07:33+00:00,LCK,2026,Rounds 1-2,0,2,16.07,Gen.G,Dplus Kia,1928.8169960708062,1708.433875765743,220.38312030506313,0.5,0.3,0.2,0.736842105263158,0.7873758745826638,0
13220-13220_game_1,2026-04-11 11:29:17+00:00,LPL,2026,Split 2,0,1,16.07,JD Gaming,Top Esports,1772.4593896806316,1650.6344451648988,121.8249445157328,0.5,0.6,-0.09999999999999998,0.35,0.5979267785596172,0
LOLTMNT04_156536,2026-04-11 12:08:41+00:00,LEC,2026,Spring,0,1,16.07,Natus Vincere,Team Heretics,1687.3527277997605,1624.0036484984228,63.349079301337724,0.4,0.3,0.10000000000000003,,0.6177946239386526,1
13220-13220_game_2,2026-04-11 12:25:00+00:00,LPL,2026,Split 2,0,2,16.07,JD Gaming,Top Esports,1751.0687551812255,1671.7846750711215,79.28408011010401,0.4,0.6,-0.19999999999999996,0.34146341463414637,0.5979267785596172,0
LOLTMNT04_156545,2026-04-11 12:59:32+00:00,LEC,2026,Spring,0,2,16.07,Natus Vincere,Team Heretics,1700.5478603807394,1610.8111122469313,89.73674813380808,0.5,0.3,0.2,1.0,0.6177946239386526,1
LOLTMNT04_155498,2026-04-11 14:00:25+00:00,LEC,2026,Spring,0,1,16.07,Team Vitality,G2 Esports,1760.2980305366273,1875.5571734888265,-115.25914295219923,0.7,0.5,0.19999999999999996,0.2857142857142857,0.3722180640458534,1
LOLTMNT04_156560,2026-04-11 15:14:30+00:00,LEC,2026,Spring,0,2,16.07,Team Vitality,G2 Esports,1781.4167901199198,1854.4358040954007,-73.0190139754809,0.7,0.4,0.29999999999999993,0.375,0.3722180640458534,0
LOLTMNT04_155503,2026-04-11 16:09:20+00:00,LEC,2026,Spring,0,3,16.07,G2 Esports,Team Vitality,1867.1218039946398,1768.7291320469328,98.39267194770696,0.4,0.7,-0.29999999999999993,0.6666666666666666,0.6277819359541466,0
LOLTMNT04_155512,2026-04-11 17:05:50+00:00,LEC,2026,Spring,0,1,16.07,SK Gaming,Movistar KOI,1566.269251479724,1723.9231140586514,-157.65386257892737,0.4,0.4,0.0,0.0,0.2791948936319424,0
LOLTMNT04_155520,2026-04-11 18:08:42+00:00,LEC,2026,Spring,0,2,16.07,Movistar KOI,SK Gaming,1733.123300720888,1556.9733397954133,176.14996092547472,0.5,0.3,0.2,1.0,0.7208051063680576,1
LOLTMNT01_364097,2026-04-12 08:05:05+00:00,LCK,2026,Rounds 1-2,0,1,16.07,BNK FEARX,DN SOOPers,1677.9682290459925,1656.859373429438,21.108855616554592,0.1,0.5,-0.4,0.6470588235294118,0.585160823258175,1
LOLTMNT01_363354,2026-04-12 08:56:52+00:00,LCK,2026,Rounds 1-2,0,2,16.07,BNK FEARX,DN SOOPers,1692.988848134592,1641.8174131118678,51.171435022724154,0.2,0.4,-0.2,0.6571428571428571,0.585160823258175,1
13221-13221_game_1,2026-04-12 09:13:07+00:00,LPL,2026,Split 2,0,1,16.07,Oh My God,LGD Gaming,1516.5430578168994,1511.450220559197,5.092837257702286,0.5,0.4,0.09999999999999998,0.6923076923076923,0.5801293158396048,1
13221-13221_game_2,2026-04-12 10:04:07+00:00,LPL,2026,Split 2,0,2,16.07,Oh My God,LGD Gaming,1532.3101662684116,1495.6842741264918,36.62589214191985,0.5,0.4,0.09999999999999998,0.7142857142857143,0.5801293158396048,0
LOLTMNT01_364137,2026-04-12 10:09:24+00:00,LCK,2026,Rounds 1-2,0,1,16.07,KT Rolster,HANJIN BRION,1761.3163384991087,1557.0564647088681,204.2598737902406,0.6,0.4,0.19999999999999996,0.6818181818181819,0.735448409438642,1
13221-13221_game_3,2026-04-12 10:54:26+00:00,LPL,2026,Split 2,0,3,16.07,LGD Gaming,Oh My God,1513.3623425810072,1514.6350974243164,-1.272754843309258,0.5,0.5,0.0,0.3333333333333333,0.4198706841603952,1
LOLTMNT01_364149,2026-04-12 10:55:22+00:00,LCK,2026,Rounds 1-2,0,2,16.07,KT Rolster,HANJIN BRION,1768.9976839771293,1549.3909176528373,219.60676632429204,0.7,0.4,0.29999999999999993,0.6956521739130435,0.735448409438642,1
13222-13222_game_1,2026-04-12 12:03:04+00:00,LPL,2026,Split 2,0,1,16.07,Weibo Gaming,Bilibili Gaming,1619.9271145917232,1937.5011165474812,-317.5740019557579,0.2,0.8,-0.6000000000000001,0.23809523809523814,0.2687661893159292,0
13222-13222_game_2,2026-04-12 13:06:44+00:00,LPL,2026,Split 2,0,2,16.07,Bilibili Gaming,Weibo Gaming,1941.9337907151971,1615.3902711430098,326.5435195721873,0.8,0.2,0.6000000000000001,0.7674418604651163,0.7312338106840708,1
LOLTMNT04_155589,2026-04-12 15:08:52+00:00,LEC,2026,Spring,0,1,16.07,Team Vitality,Shifters,1789.1409666179275,1553.263171231752,235.87779538617542,0.8,0.3,0.5,,,0
LOLTMNT04_155590,2026-04-12 16:04:09+00:00,LEC,2026,Spring,0,2,16.07,Team Vitality,Shifters,1763.690678212592,1578.5603201920435,185.13035802054856,0.7,0.4,0.29999999999999993,0.5,,1
LOLTMNT04_155593,2026-04-12 16:55:45+00:00,LEC,2026,Spring,0,3,16.07,Team Vitality,Shifters,1771.89223707649,1570.2211178970822,201.6711191794077,0.7,0.4,0.29999999999999993,0.6666666666666667,,1
LOLTMNT04_156641,2026-04-12 17:50:27+00:00,LEC,2026,Spring,0,1,16.07,Team Heretics,Karmine Corp,1598.7586192892309,1814.8077491851468,-216.04912989591594,0.2,0.6,-0.39999999999999997,0.5,0.2605669936164417,0
LOLTMNT04_155609,2026-04-12 18:35:08+00:00,LEC,2026,Spring,0,2,16.07,Team Heretics,Karmine Corp,1591.4569507087003,1821.9799171485988,-230.52296643989848,0.1,0.6,-0.5,0.46153846153846156,0.2605669936164417,0
LOLTMNT04_156669,2026-04-13 15:06:40+00:00,LEC,2026,Spring,0,1,16.07,SK Gaming,Fnatic,1548.361516539087,1646.2953031452228,-97.93378660613575,0.3,0.3,0.0,0.3571428571428571,0.3425303667239401,1
LOLTMNT04_156674,2026-04-13 16:23:12+00:00,LEC,2026,Spring,0,2,16.07,SK Gaming,Fnatic,1568.6968772450282,1625.9109504413796,-57.214073196351364,0.4,0.3,0.10000000000000003,0.4,0.3425303667239401,1
LOLTMNT04_156685,2026-04-13 17:26:16+00:00,LEC,2026,Spring,0,1,16.07,GiantX,Shifters,1693.54022280054,1562.4551804064529,131.08504239408717,0.6,0.4,0.19999999999999996,,0.6980417355084746,1
LOLTMNT04_156690,2026-04-13 18:19:48+00:00,LEC,2026,Spring,0,2,16.07,Shifters,GiantX,1552.1193749703439,1703.7747397325052,-151.6553647621613,0.3,0.7,-0.39999999999999997,0.0,0.3019582644915254,0
LOLTMNT01_365453,2026-04-15 08:04:27+00:00,LCK,2026,Rounds 1-2,0,1,16.07,BNK FEARX,Nongshim RedForce,1706.675408077488,1595.1630285736792,111.51237950380892,0.3,0.4,-0.10000000000000003,0.5862068965517241,0.5306503925412316,0
LOLTMNT01_365467,2026-04-15 08:53:44+00:00,LCK,2026,Rounds 1-2,0,2,16.07,BNK FEARX,Nongshim RedForce,1685.7883172916888,1616.1265181216818,69.66179917000704,0.3,0.5,-0.2,0.5666666666666667,0.5306503925412316,0
13223-13223_game_1,2026-04-15 09:12:33+00:00,LPL,2026,Split 2,0,1,16.07,Ultra Prime,ThunderTalk Gaming,1428.784648245657,1364.291177264451,64.49347098120597,0.2,0.0,0.2,0.3846153846153846,,0
13223-13223_game_2,2026-04-15 10:10:14+00:00,LPL,2026,Split 2,0,2,16.07,ThunderTalk Gaming,Ultra Prime,1383.1545235362773,1409.9303185179238,-26.775794981646413,0.1,0.1,0.0,0.6428571428571429,,1
LOLTMNT01_366241,2026-04-15 10:10:22+00:00,LCK,2026,Rounds 1-2,0,1,16.07,Dplus Kia,KT Rolster,1733.4083487133416,1776.1746932481824,-42.766344534840755,0.4,0.8,-0.4,0.5185185185185185,0.4229678601190504,1
LOLTMNT01_366261,2026-04-15 11:04:40+00:00,LCK,2026,Rounds 1-2,0,2,16.07,KT Rolster,Dplus Kia,1758.2424359300671,1751.3673832654792,6.8750526645878836,0.8,0.5,0.30000000000000004,0.4642857142857143,0.5770321398809496,1
13224-13224_game_1,2026-04-15 11:14:10+00:00,LPL,2026,Split 2,0,1,16.07,Invictus Gaming,Weibo Gaming,1662.5523008690368,1611.0538603414002,51.4984405276366,0.7,0.1,0.6,0.37142857142857144,0.5311282162378455,1
LOLTMNT01_366284,2026-04-15 12:08:03+00:00,LCK,2026,Rounds 1-2,0,3,16.07,KT Rolster,Dplus Kia,1773.9220328157535,1735.6838533542164,38.23817946153713,0.8,0.5,0.30000000000000004,0.48275862068965514,0.5770321398809496,1
13224-13224_game_2,2026-04-15 12:10:39+00:00,LPL,2026,Split 2,0,2,16.07,Invictus Gaming,Weibo Gaming,1676.2375791088002,1597.384830013787,78.85274909501322,0.7,0.1,0.6,0.3888888888888889,0.5311282162378455,0
13224-13224_game_3,2026-04-15 13:12:53+00:00,LPL,2026,Split 2,0,3,16.07,Invictus Gaming,Weibo Gaming,1656.7160249355943,1616.9154975860445,39.80052734954984,0.7,0.2,0.49999999999999994,0.3783783783783784,0.5311282162378455,0
LOLTMNT01_366570,2026-04-16 08:07:45+00:00,LCK,2026,Rounds 1-2,0,1,16.07,HANJIN BRION,Gen.G,1542.2286312544861,1903.8478334263805,-361.61920217189436,0.3,0.5,-0.2,0.1333333333333333,0.1834899501908039,0
LOLTMNT01_365803,2026-04-16 09:01:02+00:00,LCK,2026,Rounds 1-2,0,2,16.07,Gen.G,HANJIN BRION,1907.401719008148,1538.5887502448115,368.81296876333636,0.6,0.3,0.3,0.875,0.8165100498091961,1
13225-13225_game_1,2026-04-16 09:13:08+00:00,LPL,2026,Split 2,0,1,16.07,Team WE,Anyone's Legend,1446.5853821801836,1665.8710857373142,-219.28570355713055,0.0,0.3,-0.3,0.31818181818181823,0.2160978045694282,0
13225-13225_game_2,2026-04-16 10:05:53+00:00,LPL,2026,Split 2,0,2,16.07,Anyone's Legend,Team WE,1672.9521841055284,1439.4034921467842,233.54869195874426,0.4,0.0,0.4,0.6956521739130435,0.7839021954305717,1
LOLTMNT01_366617,2026-04-16 10:19:53+00:00,LCK,2026,Rounds 1-2,0,1,16.07,DN SOOPers,Hanwha Life Esports,1628.1207425524594,1779.4865423790484,-151.36579982658895,0.4,0.6,-0.19999999999999996,0.15,0.2623510623693921,0
LOLTMNT01_365830,2026-04-16 11:03:24+00:00,LCK,2026,Rounds 1-2,0,2,16.07,Hanwha Life Esports,DN SOOPers,1788.9296773746778,1618.5930666676263,170.33661070705148,0.7,0.3,0.39999999999999997,0.8571428571428572,0.7376489376306079,1
13226-13226_game_1,2026-04-16 11:32:14+00:00,LPL,2026,Split 2,0,1,16.07,Top Esports,Bilibili Gaming,1691.2222614751158,1946.1729039650413,-254.95064248992549,0.7,0.9,-0.20000000000000007,0.39622641509433965,0.4873846564096694,1
13226-13226_game_2,2026-04-16 12:32:21+00:00,LPL,2026,Split 2,0,2,16.07,Top Esports,Bilibili Gaming,1716.9434390932133,1920.1685120042353,-203.22507291102193,0.7,0.8,-0.10000000000000009,0.40740740740740744,0.4873846564096694,1
LOLTMNT01_367097,2026-04-17 08:09:20+00:00,LCK,2026,Rounds 1-2,0,1,16.07,BNK FEARX,Kiwoom DRX,1666.6627508422503,1610.3079193889446,56.35483145330568,0.3,0.4,-0.10000000000000003,,0.5757427103480193,1
LOLTMNT01_367103,2026-04-17 08:56:00+00:00,LCK,2026,Rounds 1-2,0,2,16.07,BNK FEARX,Kiwoom DRX,1680.117064205416,1596.8792242428801,83.23783996253587,0.4,0.4,0.0,,0.5757427103480193,1
13227-13227_game_1,2026-04-17 09:11:55+00:00,LPL,2026,Split 2,0,1,16.07,Oh My God,ThunderTalk Gaming,1498.4705198761537,1400.4336962016625,98.03682367449119,0.4,0.2,0.2,0.4,0.5530962527946586,1
13227-13227_game_2,2026-04-17 10:07:51+00:00,LPL,2026,Split 2,0,2,16.07,ThunderTalk Gaming,Oh My God,1388.664639219789,1510.0815061101835,-121.41686689039443,0.2,0.4,-0.2,0.5454545454545454,0.4469037472053414,1
LOLTMNT01_367128,2026-04-17 10:18:08+00:00,LCK,2026,Rounds 1-2,0,1,16.07,T1,Dplus Kia,1794.039019088435,1721.4373071692698,72.60171191916515,0.3,0.5,-0.2,0.6730769230769231,0.5657048753749421,0
13227-13227_game_3,2026-04-17 11:01:20+00:00,LPL,2026,Split 2,0,3,16.07,ThunderTalk Gaming,Oh My God,1409.8256218002539,1488.7172950976922,-78.89167329743827,0.3,0.3,0.0,0.5833333333333333,0.4469037472053414,1
LOLTMNT01_367136,2026-04-17 11:14:57+00:00,LCK,2026,Rounds 1-2,0,2,16.07,Dplus Kia,T1,1740.7322535421815,1774.7517374451486,-34.01948390296707,0.6,0.3,0.3,0.33962264150943394,0.4342951246250578,0
LOLTMNT01_366902,2026-04-17 12:07:48+00:00,LCK,2026,Rounds 1-2,0,3,16.07,T1,Dplus Kia,1789.1931839735184,1726.2936204515686,62.89956352194986,0.4,0.5,-0.09999999999999998,0.6666666666666667,0.5657048753749421,0
13228-13228_game_1,2026-04-17 12:10:59+00:00,LPL,2026,Split 2,0,1,16.07,Ninjas in Pyjamas,JD Gaming,1570.9613659090887,1731.4799738309575,-160.5186079218688,0.5,0.3,0.2,0.30434782608695654,0.3278427809864372,1
13228-13228_game_2,2026-04-17 12:59:52+00:00,LPL,2026,Split 2,0,2,16.07,Ninjas in Pyjamas,JD Gaming,1593.8616563381893,1708.5728960120791,-114.71123967388985,0.6,0.3,0.3,0.33333333333333337,0.3278427809864372,1
LOLTMNT01_368128,2026-04-18 08:07:24+00:00,LCK,2026,Rounds 1-2,0,1,16.07,Gen.G,Hanwha Life Esports,1910.8267391272057,1797.6625947303305,113.16414439687514,0.7,0.7,0.0,0.7014925373134329,0.6210340776170216,0
LOLTMNT01_368133,2026-04-18 09:00:18+00:00,LCK,2026,Rounds 1-2,0,2,16.07,Hanwha Life Esports,Gen.G,1818.694378754332,1889.7967041797197,-71.10232542538756,0.7,0.6,0.09999999999999998,0.3088235294117647,0.3789659223829784,1
13229-13229_game_1,2026-04-18 09:14:31+00:00,LPL,2026,Split 2,0,1,16.07,Invictus Gaming,Bilibili Gaming,1638.918440772462,1895.750420000209,-256.83197922774707,0.7,0.7,0.0,0.33333333333333337,0.3008580300038134,0
13229-13229_game_2,2026-04-18 10:14:03+00:00,LPL,2026,Split 2,0,2,16.07,Invictus Gaming,Bilibili Gaming,1632.9126309155151,1901.693235544622,-268.78060462910685,0.6,0.7,-0.09999999999999998,0.3214285714285714,0.3008580300038134,1
LOLTMNT01_368165,2026-04-18 10:19:42+00:00,LCK,2026,Rounds 1-2,0,1,16.07,DN SOOPers,KT Rolster,1584.1281579516674,1788.188405100719,-204.06024714905152,0.2,0.8,-0.6000000000000001,0.4782608695652174,0.2305472568735861,0
13229-13229_game_3,2026-04-18 11:10:12+00:00,LPL,2026,Split 2,0,3,16.07,Invictus Gaming,Bilibili Gaming,1659.2366665481059,1875.310336121409,-216.07366957330305,0.6,0.6,0.0,0.3448275862068966,0.3008580300038134,0
LOLTMNT01_367338,2026-04-18 11:10:20+00:00,LCK,2026,Rounds 1-2,0,2,16.07,KT Rolster,DN SOOPers,1795.8307619753382,1576.5092235953502,219.32153837998794,0.8,0.2,0.6000000000000001,0.5416666666666667,0.7694527431264138,1
13230-13230_game_1,2026-04-18 12:14:22+00:00,LPL,2026,Split 2,0,1,16.07,Weibo Gaming,JD Gaming,1634.7269838804323,1687.474527423831,-52.747543543398706,0.3,0.3,0.0,0.4716981132075472,0.4342951246250578,1
13230-13230_game_2,2026-04-18 13:18:45+00:00,LPL,2026,Split 2,0,2,16.07,Weibo Gaming,JD Gaming,1653.1176463038987,1669.064067780872,-15.946421476973228,0.4,0.3,0.10000000000000003,0.4814814814814815,0.4342951246250578,0
13230-13230_game_3,2026-04-18 14:16:24+00:00,LPL,2026,Split 2,0,3,16.07,JD Gaming,Weibo Gaming,1684.3302689480938,1637.8519189842466,46.47834996384722,0.4,0.4,0.0,0.5272727272727272,0.5657048753749421,1
LOLTMNT05_185066,2026-04-18 15:07:28+00:00,LEC,2026,Spring,0,1,16.08,Natus Vincere,GiantX,1712.5997030445064,1713.2031117613146,-0.6034087168081896,0.6,0.8,-0.20000000000000007,0.16666666666666663,0.4828993322709668,0
LOLTMNT05_185069,2026-04-18 16:00:49+00:00,LEC,2026,Spring,0,2,16.08,Natus Vincere,GiantX,1696.637310613673,1729.1753239161048,-32.538013302431864,0.5,0.8,-0.30000000000000004,0.1428571428571429,0.4828993322709668,1
LOLTMNT05_185072,2026-04-18 16:53:20+00:00,LEC,2026,Spring,0,3,16.08,Natus Vincere,GiantX,1714.1119452057646,1711.6813006711077,2.430644534656949,0.6,0.8,-0.20000000000000007,0.25,0.4828993322709668,1
LOLTMNT05_185085,2026-04-18 17:51:56+00:00,LEC,2026,Spring,0,1,16.08,SK Gaming,G2 Esports,1587.2752888888767,1846.7080238371068,-259.43273494823006,0.4,0.4,0.0,0.11111111111111116,0.2179926323043302,0
LOLTMNT05_186054,2026-04-18 18:51:00+00:00,LEC,2026,Spring,0,2,16.08,G2 Esports,SK Gaming,1852.5771353683645,1581.329532075763,271.2476032926015,0.5,0.4,0.09999999999999998,0.9,0.7820073676956698,1
LOLTMNT01_368322,2026-04-19 08:06:04+00:00,LCK,2026,Rounds 1-2,0,1,16.07,HANJIN BRION,Nongshim RedForce,1535.0829344027127,1635.2906980520952,-100.20776364938251,0.3,0.6,-0.3,0.17391304347826086,0.3535623947451303,1
LOLTMNT01_367468,2026-04-19 09:06:05+00:00,LCK,2026,Rounds 1-2,0,2,16.07,Nongshim RedForce,HANJIN BRION,1614.8016965034294,1555.5165820273207,59.285114476108674,0.5,0.4,0.09999999999999998,0.7916666666666666,0.6464376052548697,1
13231-13231_game_1,2026-04-19 09:12:01+00:00,LPL,2026,Split 2,0,1,16.07,Invictus Gaming,Top Esports,1652.0190653629882,1741.1006375248185,-89.08157216183031,0.5,0.8,-0.30000000000000004,0.43333333333333335,0.4329310771477317,0
LOLTMNT01_368343,2026-04-19 10:01:26+00:00,LCK,2026,Rounds 1-2,0,3,16.07,HANJIN BRION,Nongshim RedForce,1542.1918033983864,1628.0988040178768,-85.90700061949042,0.3,0.5,-0.2,0.2,0.3535623947451303,0
13231-13231_game_2,2026-04-19 10:12:15+00:00,LPL,2026,Split 2,0,2,16.07,Invictus Gaming,Top Esports,1640.0048747682038,1753.2452392237315,-113.2403644555277,0.5,0.9,-0.4,0.41935483870967744,0.4329310771477317,0
13232-13232_game_1,2026-04-19 11:22:40+00:00,LPL,2026,Split 2,0,1,16.07,Bilibili Gaming,Anyone's Legend,1882.4724875544096,1679.5906198129426,202.88186774146698,0.7,0.5,0.19999999999999996,0.47058823529411764,0.6265994145979298,1
LOLTMNT01_368366,2026-04-19 11:23:50+00:00,LCK,2026,Rounds 1-2,0,1,16.07,T1,Kiwoom DRX,1770.333802111972,1584.6389203934423,185.6948817185298,0.4,0.4,0.0,0.6666666666666667,0.7922471459837523,1
LOLTMNT01_368375,2026-04-19 12:15:21+00:00,LCK,2026,Rounds 1-2,0,2,16.07,T1,Kiwoom DRX,1778.5264258770283,1576.456702034148,202.0697238428802,0.5,0.4,0.09999999999999998,0.75,0.7922471459837523,1
13232-13232_game_2,2026-04-19 12:17:25+00:00,LPL,2026,Split 2,0,2,16.07,Anyone's Legend,Bilibili Gaming,1671.9790981185884,1890.065455826368,-218.0863577077796,0.4,0.7,-0.29999999999999993,0.5142857142857142,0.3734005854020702,0
LOLTMNT05_185104,2026-04-19 15:08:47+00:00,LEC,2026,Spring,0,1,16.08,Team Vitality,GiantX,1779.526610224805,1695.7932306421076,83.73337958269735,0.7,0.7,0.0,0.4444444444444444,0.5704665385689863,1
LOLTMNT05_186068,2026-04-19 16:01:53+00:00,LEC,2026,Spring,0,2,16.08,Team Vitality,GiantX,1791.7447799957306,1683.576246746769,108.1685332489617,0.7,0.6,0.09999999999999998,0.5,0.5704665385689863,1
LOLTMNT05_186082,2026-04-19 16:58:43+00:00,LEC,2026,Spring,0,1,16.08,Movistar KOI,Team Heretics,1741.6416252710064,1633.5004586683676,108.1411666026388,0.6,0.1,0.5,0.5,0.7516820028601362,1
LOLTMNT05_186083,2026-04-19 17:50:34+00:00,LEC,2026,Spring,0,2,16.08,Movistar KOI,Team Heretics,1752.8163667904973,1622.1070237291665,130.70934306133086,0.7,0.1,0.6,0.6,0.7516820028601362,1
LOLTMNT05_186098,2026-04-20 15:08:33+00:00,LEC,2026,Spring,0,1,16.08,G2 Esports,Shifters,1858.127280166876,1542.5886119442384,315.5386682226376,0.6,0.3,0.3,,0.7829523062682462,1
LOLTMNT05_185133,2026-04-20 16:07:09+00:00,LEC,2026,Spring,0,2,16.08,G2 Esports,Shifters,1862.6030569994643,1538.013886886755,324.5891701127093,0.6,0.3,0.3,1.0,0.7829523062682462,1
LOLTMNT05_185144,2026-04-20 17:18:17+00:00,LEC,2026,Spring,0,1,16.08,SK Gaming,Karmine Corp,1575.707794424193,1828.6989629356563,-252.99116851146323,0.4,0.6,-0.19999999999999996,0.30000000000000004,0.2353055686230922,0
LOLTMNT05_185146,2026-04-20 18:01:52+00:00,LEC,2026,Spring,0,2,16.08,SK Gaming,Karmine Corp,1569.5899906260427,1834.7572159361148,-265.1672253100721,0.3,0.7,-0.39999999999999997,0.2727272727272727,0.2353055686230922,0
LOLTMNT02_384269,2026-04-22 08:04:37+00:00,LCK,2026,Rounds 1-2,0,1,16.08,Kiwoom DRX,KT Rolster,1568.8352159625172,1802.973332958322,-234.13811699580492,0.4,0.9,-0.5,,0.2126241254173363,0
LOLTMNT02_383295,2026-04-22 09:04:09+00:00,LCK,2026,Rounds 1-2,0,2,16.08,Kiwoom DRX,KT Rolster,1562.2332669180482,1809.6529640856854,-247.4196971676372,0.4,0.9,-0.5,,0.2126241254173363,0
13233-13233_game_1,2026-04-22 09:14:11+00:00,LPL,2026,Split 2,0,1,16.08,Weibo Gaming,Team WE,1623.9652168464772,1482.0222032675733,141.9430135789039,0.3,0.0,0.3,0.4666666666666667,0.7355435047545966,1
13233-13233_game_2,2026-04-22 10:08:38+00:00,LPL,2026,Split 2,0,2,16.08,Weibo Gaming,Team WE,1633.8223061596557,1471.874322821794,161.94798333786161,0.4,0.0,0.4,0.5,0.7355435047545966,1
LOLTMNT02_383315,2026-04-22 10:16:00+00:00,LCK,2026,Rounds 1-2,0,1,16.08,Hanwha Life Esports,Nongshim RedForce,1837.9220034819366,1640.2227362196288,197.69926726230779,0.8,0.5,0.30000000000000004,0.88,0.7032569830364694,1
LOLTMNT02_384348,2026-04-22 11:06:38+00:00,LCK,2026,Rounds 1-2,0,2,16.08,Hanwha Life Esports,Nongshim RedForce,1845.6908347705926,1632.4548731514046,213.23596161918795,0.9,0.4,0.5,0.8846153846153846,0.7032569830364694,0
13234-13234_game_1,2026-04-22 11:17:14+00:00,LPL,2026,Split 2,0,1,16.08,Ninjas in Pyjamas,Anyone's Legend,1614.9549096519943,1664.8638495743744,-49.908939922380114,0.7,0.4,0.29999999999999993,0.25,0.4029976820945593,0
LOLTMNT02_384385,2026-04-22 12:05:40+00:00,LCK,2026,Rounds 1-2,0,3,16.08,Nongshim RedForce,Hanwha Life Esports,1657.2009478135283,1820.945678702586,-163.7447308890578,0.5,0.8,-0.30000000000000004,0.14814814814814814,0.2967430169635305,0
13234-13234_game_2,2026-04-22 12:17:24+00:00,LPL,2026,Split 2,0,2,16.08,Anyone's Legend,Ninjas in Pyjamas,1678.586386258515,1601.235188441961,77.35119781655385,0.4,0.6,-0.19999999999999996,0.76,0.5970023179054407,1
LOLTMNT05_186248,2026-04-23 08:05:27+00:00,LCK,2026,Rounds 1-2,0,1,16.08,HANJIN BRION,Dplus Kia,1530.02787053872,1745.1585348315293,-215.13066429280934,0.2,0.5,-0.3,0.3529411764705882,0.2694008999315999,0
LOLTMNT05_186249,2026-04-23 09:03:37+00:00,LCK,2026,Rounds 1-2,0,2,16.08,Dplus Kia,HANJIN BRION,1752.3504017352802,1522.7620219152898,229.58837981999045,0.6,0.1,0.5,0.6571428571428571,0.7305991000684,1
13235-13235_game_1,2026-04-23 09:12:44+00:00,LPL,2026,Split 2,0,1,16.08,LGD Gaming,EDward Gaming,1529.420800654985,1569.540034773605,-40.11923411861994,0.5,0.6,-0.09999999999999998,0.5,0.4035662914267801,1
13235-13235_game_2,2026-04-23 10:02:41+00:00,LPL,2026,Split 2,0,2,16.08,LGD Gaming,EDward Gaming,1547.2580349579616,1551.7010600374772,-4.443025079515564,0.5,0.5,0.0,0.5384615384615384,0.4035662914267801,1
LOLTMNT05_186273,2026-04-23 10:15:14+00:00,LCK,2026,Rounds 1-2,0,1,16.08,DN SOOPers,Gen.G,1569.3888463876908,1870.5701596639797,-301.18131327628885,0.1,0.6,-0.5,0.0,0.1859897754826414,0
LOLTMNT05_186277,2026-04-23 11:13:51+00:00,LCK,2026,Rounds 1-2,0,2,16.08,Gen.G,DN SOOPers,1875.3784957469547,1564.5290185853883,310.8494771615665,0.6,0.0,0.6,1.0,0.8140102245173586,1
13236-13236_game_1,2026-04-23 11:49:04+00:00,LPL,2026,Split 2,0,1,16.08,Ninjas in Pyjamas,Bilibili Gaming,1588.7363086616829,1897.1632343098122,-308.4269256481293,0.5,0.7,-0.19999999999999996,0.15000000000000002,0.2434408008585435,1
13236-13236_game_2,2026-04-23 12:45:41+00:00,LPL,2026,Split 2,0,2,16.08,Ninjas in Pyjamas,Bilibili Gaming,1616.0954283288424,1869.8000463849398,-253.7046180560974,0.6,0.6,0.0,0.19047619047619047,0.2434408008585435,1
LOLTMNT05_185400,2026-04-24 08:07:08+00:00,LCK,2026,Rounds 1-2,0,1,16.08,BNK FEARX,KT Rolster,1692.399920924403,1815.936079203966,-123.5361582795631,0.5,0.9,-0.4,0.2692307692307692,0.3392672933962204,0
13237-13237_game_1,2026-04-24 09:13:50+00:00,LPL,2026,Split 2,0,1,16.08,Oh My God,LNG Esports,1480.2292104332982,1599.9218775811175,-119.6926671478193,0.3,0.5,-0.2,0.19047619047619047,0.4059418307951047,0
LOLTMNT05_185401,2026-04-24 09:15:07+00:00,LCK,2026,Rounds 1-2,0,2,16.08,BNK FEARX,KT Rolster,1681.7799377778342,1826.527675572873,-144.7477377950388,0.5,0.9,-0.4,0.25925925925925924,0.3392672933962204,0
13237-13237_game_2,2026-04-24 10:08:44+00:00,LPL,2026,Split 2,0,2,16.08,LNG Esports,Oh My God,1610.6343123574798,1478.4843291755803,132.14998318189942,0.5,0.2,0.3,0.8181818181818182,0.5940581692048952,1
LOLTMNT05_186436,2026-04-24 10:32:53+00:00,LCK,2026,Rounds 1-2,0,1,16.08,Kiwoom DRX,Hanwha Life Esports,1556.0229992944423,1829.9202882149261,-273.8972889204838,0.4,0.8,-0.4,,0.2126241254173363,0
13238-13238_game_1,2026-04-24 11:19:04+00:00,LPL,2026,Split 2,0,1,16.08,JD Gaming,Invictus Gaming,1698.2026584934106,1629.0092989041561,69.19335958925444,0.4,0.4,0.0,0.30434782608695654,0.576276376655141,1
LOLTMNT05_185414,2026-04-24 11:29:42+00:00,LCK,2026,Rounds 1-2,0,2,16.08,Hanwha Life Esports,Kiwoom DRX,1835.4033028466497,1550.5402226990263,284.86308014762335,0.8,0.3,0.5,,0.7873758745826637,1
13238-13238_game_2,2026-04-24 12:14:59+00:00,LPL,2026,Split 2,0,2,16.08,JD Gaming,Invictus Gaming,1711.0578138862097,1616.1354217173755,94.92239216883422,0.5,0.3,0.2,0.33333333333333337,0.576276376655141,1
LOLTMNT05_186470,2026-04-24 15:13:43+00:00,LEC,2026,Spring,0,1,16.08,Shifters,Fnatic,1533.6423019160102,1607.3056987796494,-73.66339686363926,0.2,0.3,-0.09999999999999998,,0.4061298027494959,0
LOLTMNT05_186480,2026-04-24 16:30:41+00:00,LEC,2026,Spring,0,2,16.08,Shifters,Fnatic,1520.9351433121128,1619.9699772257345,-99.0348339136217,0.1,0.4,-0.30000000000000004,0.5,0.4061298027494959,0
LOLTMNT05_185471,2026-04-24 18:49:39+00:00,LEC,2026,Spring,0,2,16.08,Natus Vincere,Karmine Corp,1730.0098660012748,1840.4784911092015,-110.46862510792675,0.6,0.8,-0.20000000000000007,0.0,0.3603109945147456,0
13239-13239_game_1,2026-04-25 07:14:50+00:00,LPL,2026,Split 2,0,1,16.08,Top Esports,Ninjas in Pyjamas,1764.382181492178,1642.0612965417542,122.32088495042376,1.0,0.6,0.4,0.8,0.6076542006546222,1
13239-13239_game_2,2026-04-25 08:07:13+00:00,LPL,2026,Split 2,0,2,16.08,Top Esports,Ninjas in Pyjamas,1775.1407870306416,1631.4686782958709,143.67210873477075,1.0,0.6,0.4,0.8095238095238095,0.6076542006546222,1
LOLTMNT02_388457,2026-04-25 08:07:29+00:00,LCK,2026,Rounds 1-2,0,1,16.08,HANJIN BRION,T1,1507.4966268060657,1786.157860597808,-278.66123379174223,0.1,0.6,-0.5,0.26666666666666666,0.2323462337982771,0
13240-13240_game_1,2026-04-25 09:18:25+00:00,LPL,2026,Split 2,0,1,16.08,JD Gaming,Team WE,1722.7922756085966,1462.4764833785844,260.3157922300122,0.5,0.0,0.5,0.6111111111111112,0.7537198748000821,1
LOLTMNT02_388485,2026-04-25 09:20:29+00:00,LCK,2026,Rounds 1-2,0,2,16.08,T1,HANJIN BRION,1791.5267394356204,1502.117529984527,289.4092094510934,0.6,0.1,0.5,0.75,0.7676537662017229,1
13240-13240_game_2,2026-04-25 10:18:37+00:00,LPL,2026,Split 2,0,2,16.08,JD Gaming,Team WE,1728.6373279172221,1456.220435964382,272.41689195284016,0.5,0.0,0.5,0.631578947368421,0.7537198748000821,1
LOLTMNT05_185498,2026-04-25 10:52:42+00:00,LCK,2026,Rounds 1-2,0,1,16.08,Dplus Kia,DN SOOPers,1759.0888782401555,1559.8957118856936,199.19316635446194,0.7,0.0,0.7,0.6774193548387097,0.7213818832269723,1
13241-13241_game_1,2026-04-25 11:20:53+00:00,LPL,2026,Split 2,0,1,16.08,Weibo Gaming,Anyone's Legend,1642.912952081341,1691.0897441642617,-48.176792082920656,0.5,0.4,0.09999999999999998,0.39473684210526316,0.4169008827967409,0
LOLTMNT05_185506,2026-04-25 11:43:02+00:00,LCK,2026,Rounds 1-2,0,2,16.08,Dplus Kia,DN SOOPers,1766.8049651641609,1552.128146153081,214.67681901107994,0.7,0.0,0.7,0.6875,0.7213818832269723,1
13241-13241_game_2,2026-04-25 12:10:23+00:00,LPL,2026,Split 2,0,2,16.08,Anyone's Legend,Weibo Gaming,1704.889505391278,1629.1048141107015,75.78469128057645,0.5,0.5,0.0,0.6153846153846154,0.5830991172032591,0
13241-13241_game_3,2026-04-25 12:58:47+00:00,LPL,2026,Split 2,0,3,16.08,Weibo Gaming,Anyone's Legend,1648.5199959917595,1685.4602340280412,-36.9402380362817,0.6,0.5,0.09999999999999998,0.4,0.4169008827967409,0
LOLTMNT05_186550,2026-04-25 15:17:05+00:00,LEC,2026,Spring,0,1,16.08,Natus Vincere,Fnatic,1718.8659240185195,1631.5364969062553,87.32942711226428,0.6,0.4,0.19999999999999996,0.6666666666666667,0.6466812013722079,0
LOLTMNT05_186551,2026-04-25 16:20:19+00:00,LEC,2026,Spring,0,2,16.08,Natus Vincere,Fnatic,1698.9856079402102,1651.4699438279586,47.51566411225167,0.5,0.5,0.0,0.5,0.6466812013722079,1
LOLTMNT05_185529,2026-04-25 17:25:47+00:00,LEC,2026,Spring,0,3,16.08,Natus Vincere,Fnatic,1712.8445635863475,1637.6418144924264,75.20274909392106,0.5,0.5,0.0,0.6,0.6466812013722079,1
LOLTMNT05_185539,2026-04-25 18:46:53+00:00,LEC,2026,Spring,0,1,16.08,Karmine Corp,Shifters,1851.5622634157965,1509.3173136454882,342.24494977030827,0.8,0.1,0.7000000000000001,,0.787986775195028,1
LOLTMNT05_186562,2026-04-25 19:39:22+00:00,LEC,2026,Spring,0,2,16.08,Shifters,Karmine Corp,1505.3301974063552,1855.4847990669066,-350.1546016605514,0.1,0.8,-0.7000000000000001,0.0,0.2120132248049719,1
LOLTMNT05_185540,2026-04-25 20:46:35+00:00,LEC,2026,Spring,0,3,16.08,Karmine Corp,Shifters,1827.2531361071683,1533.5011864369283,293.75194967024004,0.8,0.1,0.7000000000000001,0.6666666666666666,0.787986775195028,1
LOLTMNT02_390173,2026-04-26 08:06:17+00:00,LCK,2026,Rounds 1-2,0,1,16.08,BNK FEARX,T1,1672.0050396122854,1796.6245207018915,-124.6194810896061,0.5,0.6,-0.09999999999999998,0.38095238095238093,0.3475057654804734,0
LOLTMNT02_390189,2026-04-26 08:50:58+00:00,LCK,2026,Rounds 1-2,0,2,16.08,BNK FEARX,T1,1661.4403516729756,1807.1278800627174,-145.68752838974183,0.4,0.7,-0.29999999999999993,0.36363636363636365,0.3475057654804734,0
13242-13242_game_1,2026-04-26 09:12:56+00:00,LPL,2026,Split 2,0,1,16.08,Ultra Prime,LGD Gaming,1392.7383129212515,1563.462357450568,-170.72404452931664,0.1,0.6,-0.5,0.2941176470588235,,1
13242-13242_game_2,2026-04-26 10:13:28+00:00,LPL,2026,Split 2,0,2,16.08,Ultra Prime,LGD Gaming,1415.9033127734458,1540.1828428436393,-124.27953007019346,0.2,0.5,-0.3,0.33333333333333337,,1
LOLTMNT05_185559,2026-04-26 10:15:14+00:00,LCK,2026,Rounds 1-2,0,1,16.08,Nongshim RedForce,Gen.G,1648.2271157462542,1879.963708342621,-231.7365925963668,0.5,0.6,-0.09999999999999998,0.08333333333333337,0.2646757812139732,0
LOLTMNT05_185563,2026-04-26 11:09:55+00:00,LCK,2026,Rounds 1-2,0,2,16.08,Nongshim RedForce,Gen.G,1641.5533109475841,1886.6404845026736,-245.08717355508952,0.5,0.6,-0.09999999999999998,0.07999999999999996,0.2646757812139732,0
13243-13243_game_1,2026-04-26 11:30:40+00:00,LPL,2026,Split 2,0,1,16.08,Bilibili Gaming,Weibo Gaming,1843.8299745053187,1634.2072891561686,209.62268534915006,0.5,0.6,-0.09999999999999998,0.7727272727272727,0.7181419842140739,1
13243-13243_game_2,2026-04-26 12:20:44+00:00,LPL,2026,Split 2,0,2,16.08,Weibo Gaming,Bilibili Gaming,1626.8003551285638,1851.2002658048646,-224.3999106763008,0.5,0.5,0.0,0.2222222222222222,0.281858015785926,0
LOLTMNT05_185599,2026-04-26 16:25:18+00:00,LEC,2026,Spring,0,2,16.08,Natus Vincere,Shifters,1725.4782768923299,1528.447547110446,197.0307297818838,0.6,0.1,0.5,,0.6969469274487986,0
LOLTMNT05_186617,2026-04-26 17:21:11+00:00,LEC,2026,Spring,0,3,16.08,Natus Vincere,Shifters,1701.3357600271852,1552.58747672241,148.7482833047752,0.6,0.2,0.39999999999999997,0.5,0.6969469274487986,1
LOLTMNT05_185611,2026-04-26 18:35:23+00:00,LEC,2026,Spring,0,1,16.08,Karmine Corp,Fnatic,1832.2406161655101,1625.0478532856496,207.19276287986054,0.9,0.5,0.4,0.4444444444444444,0.7279046511690139,0
LOLTMNT05_185612,2026-04-26 19:35:08+00:00,LEC,2026,Spring,0,2,16.08,Karmine Corp,Fnatic,1807.6963059069003,1649.5914985119803,158.10480739492004,0.8,0.6,0.20000000000000007,0.42105263157894735,0.7279046511690139,1
LOLTMNT05_185613,2026-04-26 20:41:34+00:00,LEC,2026,Spring,0,3,16.08,Fnatic,Karmine Corp,1640.4020081530605,1816.8853674978532,-176.4833593447927,0.5,0.8,-0.30000000000000004,0.55,0.2720953488309861,0
13244-13244_game_1,2026-04-28 09:13:28+00:00,LPL,2026,Split 2,0,1,16.08,Invictus Gaming,Anyone's Legend,1604.377153037718,1699.7680916952213,-95.39093865750328,0.2,0.6,-0.39999999999999997,0.23076923076923073,0.3401470434116639,0
13244-13244_game_2,2026-04-28 10:06:13+00:00,LPL,2026,Split 2,0,2,16.08,Anyone's Legend,Invictus Gaming,1711.4890432450604,1592.6407487732085,118.84829447185189,0.7,0.1,0.6,0.7777777777777778,0.659852956588336,1
13245-13245_game_1,2026-04-28 11:23:55+00:00,LPL,2026,Split 2,0,1,16.08,Top Esports,Weibo Gaming,1785.0502806823347,1619.866889980826,165.18339070150864,1.0,0.4,0.6,0.6470588235294118,0.6215497571464774,0
13245-13245_game_2,2026-04-28 12:25:38+00:00,LPL,2026,Split 2,0,2,16.08,Top Esports,Weibo Gaming,1762.1403913459162,1642.9183046606533,119.22208668526287,0.9,0.4,0.5,0.6285714285714286,0.6215497571464774,0
LOLTMNT05_185757,2026-04-29 08:05:12+00:00,LCK,2026,Rounds 1-2,0,1,16.08,Nongshim RedForce,T1,1635.276384178056,1816.7945651338152,-181.51818095575914,0.5,0.8,-0.30000000000000004,0.27586206896551724,0.3234514527442646,0
LOLTMNT05_185758,2026-04-29 08:56:14+00:00,LCK,2026,Rounds 1-2,0,2,16.08,T1,Nongshim RedForce,1825.1298605201628,1626.948317136794,198.18154338336876,0.8,0.4,0.4,0.7333333333333334,0.6765485472557353,1
13246-13246_game_1,2026-04-29 09:19:47+00:00,LPL,2026,Split 2,0,1,16.08,JD Gaming,Ninjas in Pyjamas,1734.1569085344986,1621.7279945758796,112.42891395861898,0.6,0.6,0.0,0.64,0.6119556811365381,1
LOLTMNT05_185774,2026-04-29 10:15:19+00:00,LCK,2026,Rounds 1-2,0,1,16.08,KT Rolster,Hanwha Life Esports,1836.2766047381683,1840.6053681334517,-4.328763395283431,0.9,0.9,0.0,0.2666666666666667,0.451501905764118,0
13246-13246_game_2,2026-04-29 10:16:40+00:00,LPL,2026,Split 2,0,2,16.08,Ninjas in Pyjamas,JD Gaming,1610.7289183173411,1745.1530016953034,-134.42408337796223,0.5,0.7,-0.19999999999999996,0.34615384615384615,0.3880443188634618,0
LOLTMNT05_185776,2026-04-29 11:07:22+00:00,LCK,2026,Rounds 1-2,0,2,16.08,Hanwha Life Esports,KT Rolster,1856.4060708219927,1820.470274720606,35.935796101386586,0.9,0.8,0.09999999999999998,0.7419354838709677,0.548498094235882,1
13247-13247_game_1,2026-04-29 11:33:11+00:00,LPL,2026,Split 2,0,1,16.08,Bilibili Gaming,Team WE,1858.0990929512095,1412.2488113961374,445.8502815550721,0.6,0.0,0.6,0.8181818181818182,0.8393302510775746,1
13247-13247_game_2,2026-04-29 12:35:06+00:00,LPL,2026,Split 2,0,2,16.08,Team WE,Bilibili Gaming,1409.9145483887812,1860.38203552079,-450.4674871320087,0.0,0.7,-0.7,0.17391304347826086,0.1606697489224254,0
LOLTMNT02_394110,2026-04-30 08:06:44+00:00,LCK,2026,Rounds 1-2,0,1,16.08,Gen.G,Kiwoom DRX,1892.9201933374632,1545.3383795985949,347.5818137388683,0.6,0.2,0.39999999999999997,1.0,0.8393302510775749,1
LOLTMNT02_395085,2026-04-30 08:55:13+00:00,LCK,2026,Rounds 1-2,0,2,16.08,Kiwoom DRX,Gen.G,1541.5249681764421,1896.735343626931,-355.21037545048875,0.1,0.7,-0.6,0.0,0.1606697489224251,1
13248-13248_game_1,2026-04-30 09:13:37+00:00,LPL,2026,Split 2,0,1,16.08,ThunderTalk Gaming,LGD Gaming,1429.292099351324,1518.6960542785641,-89.40395492724019,0.4,0.5,-0.09999999999999998,0.25,,1
LOLTMNT02_395093,2026-04-30 09:47:45+00:00,LCK,2026,Rounds 1-2,0,3,16.08,Kiwoom DRX,Gen.G,1569.8566577626339,1868.4052911578444,-298.5486333952106,0.1,0.7,-0.6,0.25,0.1606697489224251,0
13248-13248_game_2,2026-04-30 10:02:35+00:00,LPL,2026,Split 2,0,2,16.08,ThunderTalk Gaming,LGD Gaming,1449.197646200489,1498.6704292330164,-49.47278303252733,0.5,0.5,0.0,0.33333333333333337,,0
13248-13248_game_3,2026-04-30 10:52:15+00:00,LPL,2026,Split 2,0,3,16.08,LGD Gaming,ThunderTalk Gaming,1512.4090214700987,1435.4262911041885,76.98273036591013,0.5,0.5,0.0,0.7,,1
LOLTMNT02_394154,2026-04-30 11:13:48+00:00,LCK,2026,Rounds 1-2,0,1,16.08,BNK FEARX,Dplus Kia,1639.5556756247192,1774.0112368393893,-134.45556121467007,0.4,0.7,-0.29999999999999993,0.3617021276595745,0.2444619153035522,0
13249-13249_game_1,2026-04-30 12:06:50+00:00,LPL,2026,Split 2,0,1,16.08,EDward Gaming,Ultra Prime,1535.4964932945934,1437.303817994009,98.19267530058437,0.4,0.2,0.2,0.75,0.6356249356986996,1
LOLTMNT02_395149,2026-04-30 12:08:17+00:00,LCK,2026,Rounds 1-2,0,2,16.08,BNK FEARX,Dplus Kia,1629.15676642855,1784.1115850874417,-154.95481865889155,0.3,0.7,-0.39999999999999997,0.3541666666666667,0.2444619153035522,0
13249-13249_game_2,2026-04-30 12:58:42+00:00,LPL,2026,Split 2,0,2,16.08,EDward Gaming,Ultra Prime,1547.092016165983,1425.6406633276424,121.45135283834065,0.4,0.2,0.2,0.7692307692307693,0.6356249356986996,0
13249-13249_game_3,2026-04-30 14:04:33+00:00,LPL,2026,Split 2,0,3,16.08,EDward Gaming,Ultra Prime,1525.7170332677642,1446.9410704813624,78.7759627864018,0.4,0.3,0.10000000000000003,0.7142857142857143,0.6356249356986996,1
LOLTMNT02_395369,2026-05-01 08:06:11+00:00,LCK,2026,Rounds 1-2,0,1,16.08,HANJIN BRION,DN SOOPers,1497.0102063756913,1544.87299877859,-47.862792402898776,0.1,0.0,0.1,0.6071428571428572,0.5060923014969336,1
LOLTMNT02_394364,2026-05-01 08:58:55+00:00,LCK,2026,Rounds 1-2,0,2,16.08,HANJIN BRION,DN SOOPers,1515.193931309238,1526.7017025762607,-11.50777126702269,0.2,0.0,0.2,0.6206896551724138,0.5060923014969336,1
13250-13250_game_1,2026-05-01 09:14:43+00:00,LPL,2026,Split 2,0,1,16.08,Anyone's Legend,Top Esports,1722.2272345232668,1740.9896841114169,-18.762449588150048,0.7,0.8,-0.10000000000000009,0.39473684210526316,0.5443939904638421,1
13250-13250_game_2,2026-05-01 10:12:33+00:00,LPL,2026,Split 2,0,2,16.08,Anyone's Legend,Top Esports,1739.088670162981,1724.1552212289382,14.933448934042872,0.7,0.7,0.0,0.41025641025641024,0.5443939904638421,1
LOLTMNT02_395396,2026-05-01 10:22:34+00:00,LCK,2026,Rounds 1-2,0,1,16.08,Hanwha Life Esports,T1,1870.7575696141762,1832.8876243308928,37.869945283283414,0.9,0.9,0.0,0.55,0.565068661607344,1
LOLTMNT02_395404,2026-05-01 11:19:40+00:00,LCK,2026,Rounds 1-2,0,2,16.08,Hanwha Life Esports,T1,1885.0209759450577,1818.6221494278993,66.39882651715834,0.9,0.8,0.09999999999999998,0.5573770491803278,0.565068661607344,0
13251-13251_game_1,2026-05-01 11:34:18+00:00,LPL,2026,Split 2,0,1,16.08,Invictus Gaming,Weibo Gaming,1562.8018124559553,1664.180853533191,-101.3790410772358,0.1,0.5,-0.4,0.3684210526315789,0.4035662914267802,0
LOLTMNT02_395414,2026-05-01 12:17:37+00:00,LCK,2026,Rounds 1-2,0,3,16.08,T1,Hanwha Life Esports,1837.6395202424028,1866.0006925942357,-28.36117235183292,0.9,0.8,0.09999999999999998,0.4516129032258065,0.4349313383926559,0
13251-13251_game_2,2026-05-01 12:34:20+00:00,LPL,2026,Split 2,0,2,16.08,Weibo Gaming,Invictus Gaming,1675.661058067729,1551.274704992667,124.38635307506206,0.6,0.1,0.5,0.641025641025641,0.5964337085732198,0
13251-13251_game_3,2026-05-01 13:30:27+00:00,LPL,2026,Split 2,0,3,16.08,Invictus Gaming,Weibo Gaming,1572.6983035125384,1654.1872852959277,-81.48898178338936,0.2,0.5,-0.3,0.375,0.4035662914267802,1
13252-13252_game_1,2026-05-02 07:12:44+00:00,LPL,2026,Split 2,0,1,16.08,Team WE,JD Gaming,1407.6383602574292,1755.2541799187475,-347.61581966131826,0.0,0.8,-0.8,0.35,0.2023397620235439,1
LOLTMNT02_395585,2026-05-02 08:06:29+00:00,LCK,2026,Rounds 1-2,0,1,16.08,Dplus Kia,Gen.G,1793.4145586878324,1873.2746316073371,-79.86007291950477,0.8,0.7,0.10000000000000009,0.28205128205128205,0.3507278563905577,0
13252-13252_game_2,2026-05-02 08:11:32+00:00,LPL,2026,Split 2,0,2,16.08,JD Gaming,Team WE,1727.0653582899267,1435.7601220320216,291.3052362579051,0.8,0.1,0.7000000000000001,0.6190476190476191,0.7976602379764561,1
LOLTMNT02_395589,2026-05-02 08:55:15+00:00,LCK,2026,Rounds 1-2,0,2,16.08,Gen.G,Dplus Kia,1885.662442380139,1781.0284692341459,104.6339731459932,0.7,0.8,-0.10000000000000009,0.725,0.6492721436094423,0
13252-13252_game_3,2026-05-02 09:03:51+00:00,LPL,2026,Split 2,0,3,16.08,JD Gaming,Team WE,1732.1058002338966,1430.648231153376,301.45756908052067,0.9,0.1,0.8,0.6363636363636364,0.7976602379764561,1
LOLTMNT02_394531,2026-05-02 09:50:07+00:00,LCK,2026,Rounds 1-2,0,3,16.08,Dplus Kia,Gen.G,1801.706060318074,1864.9868126467488,-63.28075232867491,0.8,0.7,0.10000000000000009,0.2926829268292683,0.3507278563905577,0
13253-13253_game_1,2026-05-02 10:17:29+00:00,LPL,2026,Split 2,0,1,16.08,Weibo Gaming,Top Esports,1634.5169273478937,1708.8329275060303,-74.3160001581366,0.4,0.6,-0.19999999999999996,0.38888888888888884,0.4315796001124027,0
LOLTMNT02_394554,2026-05-02 11:03:54+00:00,LCK,2026,Rounds 1-2,0,1,16.08,Kiwoom DRX,Nongshim RedForce,1564.989132690899,1632.8225123763402,-67.83337968544129,0.1,0.3,-0.19999999999999998,0.875,0.364200900115216,1
13253-13253_game_2,2026-05-02 11:08:56+00:00,LPL,2026,Split 2,0,2,16.08,Top Esports,Weibo Gaming,1721.5344057429133,1621.8778070108292,99.65659873208415,0.6,0.4,0.19999999999999996,0.6216216216216216,0.5684203998875972,1
LOLTMNT02_395635,2026-05-02 11:52:31+00:00,LCK,2026,Rounds 1-2,0,2,16.08,Kiwoom DRX,Nongshim RedForce,1584.073012434424,1613.7630364751628,-29.690024040738763,0.2,0.3,-0.09999999999999998,0.8888888888888888,0.364200900115216,1
13254-13254_game_1,2026-05-02 12:18:27+00:00,LPL,2026,Split 2,0,1,16.08,Invictus Gaming,Anyone's Legend,1592.3352581800682,1754.401920844514,-162.06666266444586,0.2,0.8,-0.6000000000000001,0.2142857142857143,0.3289528714729214,0
13254-13254_game_2,2026-05-02 13:07:58+00:00,LPL,2026,Split 2,0,2,16.08,Anyone's Legend,Invictus Gaming,1763.4434592545235,1583.230334682332,180.21312457219142,0.9,0.2,0.7,0.7931034482758621,0.6710471285270785,1
LOLTMNT04_159184,2026-05-02 15:08:13+00:00,LEC,2026,Spring,0,1,16.09,Team Heretics,Fnatic,1564.0856439020467,1612.7154410734765,-48.6297971714298,0.0,0.3,-0.3,0.33333333333333337,0.3773591836094168,0
LOLTMNT04_160146,2026-05-02 15:57:13+00:00,LEC,2026,Spring,0,2,16.09,Fnatic,Team Heretics,1626.4918940197242,1550.2490447725042,76.24284924721997,0.3,0.0,0.3,0.6875,0.6226408163905832,1
LOLTMNT04_159194,2026-05-02 16:58:51+00:00,LEC,2026,Spring,0,1,16.09,SK Gaming,Team Vitality,1567.8485950145969,1759.3903749969388,-191.54177998234195,0.2,0.5,-0.3,0.3333333333333333,0.25133451852786,0
LOLTMNT04_159202,2026-05-02 17:50:11+00:00,LEC,2026,Spring,0,2,16.09,SK Gaming,Team Vitality,1559.8292937805033,1767.3673974723474,-207.53810369184407,0.2,0.5,-0.3,0.3076923076923077,0.25133451852786,1
LOLTMNT04_160164,2026-05-02 18:34:28+00:00,LEC,2026,Spring,0,3,16.09,Team Vitality,SK Gaming,1742.8057967863074,1584.3507264527968,158.45507033351055,0.4,0.3,0.10000000000000003,0.6428571428571428,0.74866548147214,1
LOLTMNT02_395698,2026-05-03 08:05:43+00:00,LCK,2026,Rounds 1-2,0,1,16.08,KT Rolster,HANJIN BRION,1806.1017707999345,1531.7225831130168,274.3791876869177,0.8,0.3,0.5,0.7083333333333333,0.7624344612156049,0
LOLTMNT02_395710,2026-05-03 09:08:53+00:00,LCK,2026,Rounds 1-2,0,2,16.08,HANJIN BRION,KT Rolster,1558.238116450101,1779.61862523507,-221.38050878496915,0.4,0.7,-0.29999999999999993,0.32,0.2375655387843951,1
13255-13255_game_1,2026-05-03 09:12:07+00:00,LPL,2026,Split 2,0,1,16.09,LNG Esports,ThunderTalk Gaming,1620.8419446800667,1422.827895899251,198.01404878081576,0.5,0.5,0.0,0.5,0.6298691644126821,1
13255-13255_game_2,2026-05-03 10:03:59+00:00,LPL,2026,Split 2,0,2,16.09,LNG Esports,ThunderTalk Gaming,1628.6142955636192,1414.8456510396966,213.7686445239226,0.5,0.5,0.0,0.5333333333333333,0.6298691644126821,0
LOLTMNT02_395739,2026-05-03 10:24:27+00:00,LCK,2026,Rounds 1-2,0,1,16.08,BNK FEARX,DN SOOPers,1650.0414333183749,1503.6352832021782,146.4061501161966,0.2,0.0,0.2,0.6666666666666666,0.585160823258175,1
13255-13255_game_3,2026-05-03 10:59:13+00:00,LPL,2026,Split 2,0,3,16.09,ThunderTalk Gaming,LNG Esports,1439.391765076551,1603.8653317648393,-164.4735666882882,0.6,0.5,0.09999999999999998,0.5,0.3701308355873178,0
LOLTMNT02_395741,2026-05-03 11:12:34+00:00,LCK,2026,Rounds 1-2,0,2,16.08,BNK FEARX,DN SOOPers,1659.6872455673379,1493.9442983496497,165.7429472176882,0.3,0.0,0.3,0.6756756756756757,0.585160823258175,1
13256-13256_game_1,2026-05-03 12:00:48+00:00,LPL,2026,Split 2,0,1,16.09,Ninjas in Pyjamas,Bilibili Gaming,1600.624643428011,1862.6092559769477,-261.98461254893664,0.4,0.7,-0.29999999999999993,0.2272727272727273,0.2698054691044693,0
13256-13256_game_2,2026-05-03 13:04:42+00:00,LPL,2026,Split 2,0,2,16.09,Bilibili Gaming,Ninjas in Pyjamas,1868.4091792990366,1594.822008317688,273.58717098134866,0.8,0.3,0.5,0.782608695652174,0.7301945308955307,0
13256-13256_game_3,2026-05-03 14:00:43+00:00,LPL,2026,Split 2,0,3,16.09,Ninjas in Pyjamas,Bilibili Gaming,1621.3300143911229,1841.898641398381,-220.5686270072581,0.3,0.7,-0.39999999999999997,0.25,0.2698054691044693,0
LOLTMNT04_159240,2026-05-03 15:08:24+00:00,LEC,2026,Spring,0,1,16.09,Team Heretics,Shifters,1537.5991137744682,1591.7765769427588,-54.177463168290615,0.0,0.5,-0.5,,,0
LOLTMNT04_159248,2026-05-03 16:12:33+00:00,LEC,2026,Spring,0,2,16.09,Team Heretics,Shifters,1524.0102369721285,1605.3181411883868,-81.3079042162583,0.0,0.6,-0.6,0.0,,0
LOLTMNT04_159260,2026-05-03 17:08:21+00:00,LEC,2026,Spring,0,1,16.09,Natus Vincere,G2 Esports,1774.1251482917019,1879.8693905048283,-105.74424221312643,0.7,0.7,0.0,,0.3657175304428101,0
LOLTMNT04_159264,2026-05-03 17:57:56+00:00,LEC,2026,Spring,0,2,16.09,G2 Esports,Natus Vincere,1891.144682925138,1762.8214289812913,128.3232539438468,0.8,0.7,0.10000000000000009,0.5,0.6342824695571899,1
LOLTMNT04_159286,2026-05-04 15:08:12+00:00,LEC,2026,Spring,0,1,16.09,Team Vitality,Fnatic,1751.976545101792,1639.037980427996,112.93856467379601,0.4,0.4,0.0,0.23076923076923073,0.6077276058731138,0
LOLTMNT04_159287,2026-05-04 16:03:08+00:00,LEC,2026,Spring,0,2,16.09,Fnatic,Team Vitality,1660.0609866211325,1730.951871232753,-70.89088461162055,0.5,0.4,0.09999999999999998,0.7857142857142857,0.3922723941268861,0
LOLTMNT04_160242,2026-05-04 17:01:22+00:00,LEC,2026,Spring,0,3,16.09,Team Vitality,Fnatic,1743.7321479376606,1647.2796947112558,96.45245322640471,0.4,0.4,0.0,0.2666666666666667,0.6077276058731138,1
LOLTMNT04_159298,2026-05-04 17:58:25+00:00,LEC,2026,Spring,0,1,16.09,Movistar KOI,Shifters,1786.6114182594342,1617.6623363371111,168.9490819223231,0.7,0.6,0.09999999999999998,,0.6969469274487987,0
LOLTMNT04_159302,2026-05-04 18:54:20+00:00,LEC,2026,Spring,0,2,16.09,Movistar KOI,Shifters,1763.391344865958,1640.8497730806453,122.54157178531273,0.7,0.7,0.0,0.0,0.6969469274487987,1
LOLTMNT04_159303,2026-05-04 19:47:06+00:00,LEC,2026,Spring,0,3,16.09,Movistar KOI,Shifters,1773.97101662569,1630.2448623187909,143.72615430689916,0.7,0.6,0.09999999999999998,0.3333333333333333,0.6969469274487987,1
LOLTMNT01_375534,2026-05-06 08:06:15+00:00,LCK,2026,Rounds 1-2,0,1,16.09,Nongshim RedForce,Gen.G,1580.9696893435107,1878.105846534636,-297.1361571911252,0.1,0.8,-0.7000000000000001,0.07692307692307687,0.2014212187379908,0
LOLTMNT01_375573,2026-05-06 09:11:56+00:00,LCK,2026,Rounds 1-2,0,2,16.09,Gen.G,Nongshim RedForce,1883.0078589486177,1576.0394563812442,306.96840256737346,0.8,0.0,0.8,0.9259259259259259,0.7985787812620092,1
13257-13257_game_1,2026-05-06 09:13:56+00:00,LPL,2026,Split 2,0,1,16.09,Team WE,Invictus Gaming,1425.7843557533217,1574.789324898511,-149.0049691451893,0.1,0.2,-0.1,0.1428571428571429,,1
13257-13257_game_2,2026-05-06 10:10:32+00:00,LPL,2026,Split 2,0,2,16.09,Team WE,Invictus Gaming,1448.1997722330673,1552.3763860529575,-104.17661381989024,0.2,0.2,0.0,0.18181818181818177,,0
LOLTMNT01_376550,2026-05-06 10:34:43+00:00,LCK,2026,Rounds 1-2,0,1,16.09,DN SOOPers,Hanwha Life Esports,1509.3658246314976,1887.5731010777922,-378.2072764462946,0.2,0.9,-0.7,0.125,0.181800796491557,0
13257-13257_game_3,2026-05-06 10:59:19+00:00,LPL,2026,Split 2,0,3,16.09,Team WE,Invictus Gaming,1436.8210842589117,1563.7587369752814,-126.93765271636971,0.2,0.3,-0.09999999999999998,0.17391304347826086,,1
LOLTMNT01_376585,2026-05-06 11:22:02+00:00,LCK,2026,Rounds 1-2,0,2,16.09,Hanwha Life Esports,DN SOOPers,1890.8324487365203,1506.074547822886,384.75790091363433,0.9,0.2,0.7,0.88,0.818199203508443,1
13258-13258_game_1,2026-05-06 12:08:59+00:00,LPL,2026,Split 2,0,1,16.09,JD Gaming,Top Esports,1736.9030029109804,1733.1503945777902,3.75260833319021,0.9,0.6,0.30000000000000004,0.3333333333333333,0.5087729002607423,1
13258-13258_game_2,2026-05-06 12:59:35+00:00,LPL,2026,Split 2,0,2,16.09,JD Gaming,Top Esports,1752.7302005683123,1717.3245069170894,35.40569365122292,0.9,0.5,0.4,0.3488372093023256,0.5087729002607423,0
13258-13258_game_3,2026-05-06 13:47:26+00:00,LPL,2026,Split 2,0,3,16.09,JD Gaming,Top Esports,1735.10537110746,1734.9268584432411,0.17851266421894252,0.8,0.5,0.30000000000000004,0.3409090909090909,0.5087729002607423,1
LOLTMNT01_378089,2026-05-07 08:07:34+00:00,LCK,2026,Rounds 1-2,0,1,16.09,KT Rolster,Dplus Kia,1716.6893944152985,1803.9617133322834,-87.27231891698489,0.4,0.8,-0.4,0.5,0.4783411195538098,1
LOLTMNT01_378106,2026-05-07 09:01:55+00:00,LCK,2026,Rounds 1-2,0,2,16.09,KT Rolster,Dplus Kia,1736.6025243572742,1784.0253727219563,-47.42284836468207,0.4,0.7,-0.29999999999999993,0.5161290322580645,0.4783411195538098,1
13259-13259_game_1,2026-05-07 09:12:07+00:00,LPL,2026,Split 2,0,1,16.09,Team WE,Weibo Gaming,1458.3787564369536,1578.4602939753736,-120.08153753841998,0.3,0.3,0.0,0.47058823529411764,0.3171239422297922,0
13259-13259_game_2,2026-05-07 10:10:59+00:00,LPL,2026,Split 2,0,2,16.09,Team WE,Weibo Gaming,1447.6623712490675,1589.2081623349561,-141.5457910858886,0.3,0.4,-0.10000000000000003,0.4444444444444444,0.3171239422297922,1
LOLTMNT01_378144,2026-05-07 10:30:17+00:00,LCK,2026,Rounds 1-2,0,1,16.09,BNK FEARX,HANJIN BRION,1706.5918617354928,1570.7076904932744,135.88417124221837,0.4,0.4,0.0,0.7407407407407407,0.6001916819856086,0
LOLTMNT01_378170,2026-05-07 11:22:31+00:00,LCK,2026,Rounds 1-2,0,2,16.09,HANJIN BRION,BNK FEARX,1592.653713257727,1684.6454351703396,-91.99172191261255,0.5,0.4,0.09999999999999998,0.2857142857142857,0.3998083180143914,1
13259-13259_game_3,2026-05-07 11:23:30+00:00,LPL,2026,Split 2,0,3,16.09,Team WE,Weibo Gaming,1469.8046543157973,1567.1004045719894,-97.29575025619215,0.4,0.4,0.0,0.47368421052631576,0.3171239422297922,0
13260-13260_game_1,2026-05-07 12:39:41+00:00,LPL,2026,Split 2,0,1,16.09,Anyone's Legend,Ninjas in Pyjamas,1771.8231520811714,1614.3088327406817,157.5143193404897,0.9,0.3,0.6000000000000001,0.7692307692307693,0.6804160440288549,0
13260-13260_game_2,2026-05-07 13:36:42+00:00,LPL,2026,Split 2,0,2,16.09,Ninjas in Pyjamas,Anyone's Legend,1637.10059827019,1749.0345046745733,-111.93390640438338,0.4,0.8,-0.4,0.2592592592592593,0.319583955971145,1
LOLTMNT01_378734,2026-05-08 08:05:48+00:00,LCK,2026,Rounds 1-2,0,1,16.09,T1,DN SOOPers,1835.4456421537907,1502.8937607744977,332.55188137929304,0.8,0.2,0.6000000000000001,0.8666666666666667,0.776136328299939,1
LOLTMNT01_378764,2026-05-08 08:52:21+00:00,LCK,2026,Rounds 1-2,0,2,16.09,T1,DN SOOPers,1839.5622218286942,1498.7466811627296,340.8155406659646,0.8,0.2,0.6000000000000001,0.875,0.776136328299939,1
13261-13261_game_1,2026-05-08 09:19:29+00:00,LPL,2026,Split 2,0,1,16.09,LNG Esports,Ultra Prime,1612.8246992978961,1434.4607575265632,178.36394177133297,0.6,0.3,0.3,0.6666666666666666,0.6872856158533246,1
13261-13261_game_2,2026-05-08 10:15:33+00:00,LPL,2026,Split 2,0,2,16.09,LNG Esports,Ultra Prime,1621.277318615154,1425.940855748807,195.3364628663469,0.6,0.3,0.3,0.6875,0.6872856158533246,0
LOLTMNT01_378900,2026-05-08 10:40:52+00:00,LCK,2026,Rounds 1-2,0,1,16.09,Gen.G,Kiwoom DRX,1887.6794378825264,1569.9914876529815,317.68795022954487,0.8,0.4,0.4,0.8,0.8165567767230208,1
13261-13261_game_3,2026-05-08 11:17:03+00:00,LPL,2026,Split 2,0,3,16.09,LNG Esports,Ultra Prime,1597.1363957530923,1450.0169955961223,147.11940015696996,0.6,0.4,0.19999999999999996,0.6470588235294118,0.6872856158533246,1
LOLTMNT01_377874,2026-05-08 11:32:42+00:00,LCK,2026,Rounds 1-2,0,2,16.09,Gen.G,Kiwoom DRX,1892.1101107192662,1565.5620585119218,326.5480522073444,0.8,0.4,0.4,0.8333333333333334,0.8165567767230208,1
13262-13262_game_1,2026-05-08 12:26:50+00:00,LPL,2026,Split 2,0,1,16.09,JD Gaming,Bilibili Gaming,1751.0971504527001,1848.9173525668089,-97.82020211410872,0.8,0.7,0.10000000000000009,0.4347826086956522,0.3946140851964999,0
13262-13262_game_2,2026-05-08 13:29:02+00:00,LPL,2026,Split 2,0,2,16.09,JD Gaming,Bilibili Gaming,1739.486474286064,1860.5284386120134,-121.04196432594927,0.7,0.7,0.0,0.42553191489361697,0.3946140851964999,0
LOLTMNT04_162255,2026-05-08 14:13:17+00:00,LEC,2026,Spring,0,1,16.09,G2 Esports,Karmine Corp,1901.489998339906,1843.6254590271753,57.864539312730585,0.9,0.8,0.09999999999999998,0.6071428571428571,0.5521147208936941,1
LOLTMNT04_162268,2026-05-08 15:06:42+00:00,LEC,2026,Spring,0,2,16.09,G2 Esports,Karmine Corp,1914.8496060079092,1830.2639504926988,84.58565551521042,0.9,0.7,0.20000000000000007,0.6206896551724138,0.5521147208936941,1
LOLTMNT04_161335,2026-05-08 16:15:39+00:00,LEC,2026,Spring,0,1,16.09,Movistar KOI,GiantX,1783.7055699428706,1673.9861977201513,109.71937222271936,0.8,0.4,0.4,0.7,0.6204648810153424,1
LOLTMNT04_161346,2026-05-08 17:24:09+00:00,LEC,2026,Spring,0,2,16.09,Movistar KOI,GiantX,1794.8143333632258,1662.8773716301312,131.93696173309468,0.8,0.3,0.5,0.7272727272727273,0.6204648810153424,1
LOLTMNT01_380497,2026-05-09 08:06:41+00:00,LCK,2026,Rounds 1-2,0,1,16.09,KT Rolster,BNK FEARX,1754.7598401280745,1664.5127726270243,90.2470675010502,0.4,0.4,0.0,0.7,0.6511627985599591,0
LOLTMNT01_380553,2026-05-09 08:59:58+00:00,LCK,2026,Rounds 1-2,0,2,16.09,KT Rolster,BNK FEARX,1734.7127950871916,1684.5713287096391,50.14146637755243,0.3,0.5,-0.2,0.6774193548387097,0.6511627985599591,0
13263-13263_game_1,2026-05-09 09:13:03+00:00,LPL,2026,Split 2,0,1,16.09,Invictus Gaming,Ninjas in Pyjamas,1542.2038181907199,1658.0820275902995,-115.87820939957965,0.3,0.4,-0.10000000000000003,0.4444444444444444,,1
13263-13263_game_2,2026-05-09 10:12:07+00:00,LPL,2026,Split 2,0,2,16.09,Ninjas in Pyjamas,Invictus Gaming,1636.9370497576906,1563.3116033662604,73.62544639143016,0.3,0.4,-0.10000000000000003,0.5357142857142857,,0
LOLTMNT01_379647,2026-05-09 10:15:45+00:00,LCK,2026,Rounds 1-2,0,1,16.09,HANJIN BRION,Nongshim RedForce,1612.7862586688711,1584.566888865376,28.219369803495056,0.6,0.0,0.6,0.19230769230769232,0.4503642830211006,1
LOLTMNT01_380657,2026-05-09 11:12:58+00:00,LCK,2026,Rounds 1-2,0,2,16.09,HANJIN BRION,Nongshim RedForce,1627.4921430359034,1569.8548077366904,57.637335299212964,0.7,0.0,0.7,0.2222222222222222,0.4503642830211006,1
13264-13264_game_1,2026-05-09 11:17:46+00:00,LPL,2026,Split 2,0,1,16.09,Team WE,Top Esports,1458.1462390274562,1718.9382759702553,-260.7920369427991,0.4,0.4,0.0,0.25806451612903225,0.2491661830796374,0
13264-13264_game_2,2026-05-09 12:22:29+00:00,LPL,2026,Split 2,0,2,16.09,Team WE,Top Esports,1452.2749832627726,1724.8529835314832,-272.57800026871064,0.4,0.4,0.0,0.25,0.2491661830796374,0
LOLTMNT04_161451,2026-05-09 14:14:24+00:00,LEC,2026,Spring,0,1,16.09,GiantX,G2 Esports,1652.6770835904158,1927.029471004295,-274.3523874138791,0.2,1.0,-0.8,0.19999999999999996,0.2310213741189278,0
LOLTMNT04_162397,2026-05-09 15:15:42+00:00,LEC,2026,Spring,0,2,16.09,G2 Esports,GiantX,1932.498102880134,1647.208380617268,285.289722262866,1.0,0.2,0.8,0.8125,0.7689786258810721,1
LOLTMNT04_162417,2026-05-09 16:32:21+00:00,LEC,2026,Spring,0,1,16.09,Karmine Corp,Movistar KOI,1818.0816082567403,1805.0145560667934,13.067052189946935,0.6,0.8,-0.20000000000000007,0.56,0.5289516897549138,1
LOLTMNT04_161471,2026-05-09 17:37:14+00:00,LEC,2026,Spring,0,2,16.09,Karmine Corp,Movistar KOI,1833.4805934517676,1789.6160324843247,43.86456096744291,0.6,0.7,-0.09999999999999998,0.5769230769230769,0.5289516897549138,0
LOLTMNT04_161482,2026-05-09 18:26:50+00:00,LEC,2026,Spring,0,3,16.09,Movistar KOI,Karmine Corp,1807.6254052514373,1815.4724438429075,-7.847038591470209,0.7,0.6,0.09999999999999998,0.4444444444444444,0.4710483102450861,0
LOLTMNT01_382057,2026-05-10 08:09:29+00:00,LCK,2026,Rounds 1-2,0,1,16.09,T1,Dplus Kia,1843.5110342495395,1765.8550624681834,77.65597178135613,0.8,0.6,0.20000000000000007,0.6545454545454545,0.5985654367211801,1
LOLTMNT01_382071,2026-05-10 08:58:19+00:00,LCK,2026,Rounds 1-2,0,2,16.09,T1,Dplus Kia,1855.995763550495,1753.37267435407,102.62308919642487,0.8,0.5,0.30000000000000004,0.6607142857142857,0.5985654367211801,1
13265-13265_game_1,2026-05-10 09:11:28+00:00,LPL,2026,Split 2,0,1,16.09,Ninjas in Pyjamas,Weibo Gaming,1617.597582950498,1578.779997618149,38.817585332348926,0.3,0.5,-0.2,0.47619047619047616,0.4796841532891863,0
13265-13265_game_2,2026-05-10 10:12:35+00:00,LPL,2026,Split 2,0,2,16.09,Weibo Gaming,Ninjas in Pyjamas,1596.527014906284,1599.8180004594135,-3.2909855531295307,0.5,0.3,0.2,0.5454545454545454,0.5203158467108137,1
LOLTMNT01_382136,2026-05-10 10:31:52+00:00,LCK,2026,Rounds 1-2,0,1,16.09,Kiwoom DRX,Hanwha Life Esports,1561.3237355717943,1893.9830300491103,-332.65929447731605,0.4,0.9,-0.5,0.0,0.1726694176448225,1
LOLTMNT01_382172,2026-05-10 11:20:52+00:00,LCK,2026,Rounds 1-2,0,2,16.09,Kiwoom DRX,Hanwha Life Esports,1589.2131320246517,1866.09378129205,-276.8806492673982,0.5,0.8,-0.30000000000000004,0.33333333333333337,0.1726694176448225,0
13266-13266_game_1,2026-05-10 11:25:42+00:00,LPL,2026,Split 2,0,1,16.09,JD Gaming,Anyone's Legend,1728.845484522421,1728.0553212930681,0.7901632293528564,0.6,0.7,-0.09999999999999998,0.5142857142857142,0.4632759625948771,1
LOLTMNT01_382190,2026-05-10 12:06:37+00:00,LCK,2026,Rounds 1-2,0,3,16.09,Hanwha Life Esports,Kiwoom DRX,1871.4979103002581,1583.8091607560407,287.68874954421744,0.8,0.4,0.4,0.75,0.8273305823551775,1
13266-13266_game_2,2026-05-10 12:30:06+00:00,LPL,2026,Split 2,0,2,16.09,Anyone's Legend,JD Gaming,1712.0914547764182,1744.809096865174,-32.71764208875584,0.7,0.6,0.09999999999999998,0.4722222222222222,0.5367240374051229,1
LOLTMNT04_162485,2026-05-10 13:12:38+00:00,LEC,2026,Spring,0,1,16.09,GiantX,Karmine Corp,1642.0192636981424,1831.1113853528725,-189.09212165473014,0.2,0.6,-0.39999999999999997,0.25,0.2666705807898009,0
13266-13266_game_3,2026-05-10 13:23:10+00:00,LPL,2026,Split 2,0,3,16.09,JD Gaming,Anyone's Legend,1727.306856609796,1729.5922947328952,-2.2854381230993113,0.5,0.7,-0.19999999999999996,0.5135135135135135,0.4632759625948771,1
LOLTMNT04_161556,2026-05-10 15:17:18+00:00,LEC,2026,Spring,0,3,16.09,Karmine Corp,GiantX,1839.1751323333804,1633.9583828133952,205.21674951998511,0.7,0.2,0.49999999999999994,0.7647058823529411,0.7333294192101991,0
LOLTMNT04_162542,2026-05-10 16:29:07+00:00,LEC,2026,Spring,0,1,16.09,G2 Esports,Movistar KOI,1937.6871534197358,1791.986713298583,145.70044012115272,1.0,0.6,0.4,0.7083333333333334,0.6672746386706664,0
LOLTMNT04_161575,2026-05-10 17:41:45+00:00,LEC,2026,Spring,0,2,16.09,Movistar KOI,G2 Esports,1814.3289656481343,1915.3449011609123,-101.01593551277801,0.7,0.9,-0.20000000000000007,0.31999999999999995,0.3327253613293336,0
LOLTMNT04_162551,2026-05-10 18:37:55+00:00,LEC,2026,Spring,0,3,16.09,G2 Esports,Movistar KOI,1926.8197424886407,1802.854124385683,123.9656181029577,0.9,0.6,0.30000000000000004,0.6923076923076923,0.6672746386706664,0
