snapshot_time,event_slug,event_title,match_date,tournament,best_of,team1,team2,market_type,market_question,outcome1,outcome2,outcome1_mid,outcome2_mid,mid_source,volume
2026-05-29T22:55:02Z,lol-ccg-cnv-2026-05-28,LoL: CCG Esports vs Conviction (BO5) - North American Challengers League Playoffs,2026-05-28T00:00:00+00:00,North American Challengers League Playoffs,5,CCG Esports,Conviction,match_winner,LoL: CCG Esports vs Conviction (BO5) - North American Challengers League Playoffs,CCG Esports,Conviction,0.0005,0.9995,clob_mid,117124
2026-05-29T22:55:02Z,lol-ccg-cnv-2026-05-28,LoL: CCG Esports vs Conviction (BO5) - North American Challengers League Playoffs,2026-05-28T00:00:00+00:00,North American Challengers League Playoffs,5,CCG Esports,Conviction,game_1_winner,LoL: CCG Esports vs Conviction - Game 1 Winner,CCG Esports,Conviction,0.0005,0.9995,clob_mid,43949
2026-05-29T22:55:02Z,lol-ccg-cnv-2026-05-28,LoL: CCG Esports vs Conviction (BO5) - North American Challengers League Playoffs,2026-05-28T00:00:00+00:00,North American Challengers League Playoffs,5,CCG Esports,Conviction,game_2_winner,LoL: CCG Esports vs Conviction - Game 2 Winner,CCG Esports,Conviction,0.0005,0.9995,clob_mid,39278
2026-05-29T22:55:02Z,lol-ccg-cnv-2026-05-28,LoL: CCG Esports vs Conviction (BO5) - North American Challengers League Playoffs,2026-05-28T00:00:00+00:00,North American Challengers League Playoffs,5,CCG Esports,Conviction,game_3_winner,LoL: CCG Esports vs Conviction - Game 3 Winner,CCG Esports,Conviction,0.0005,0.9995,clob_mid,51184
2026-05-29T22:55:02Z,lol-ccg-cnv-2026-05-28,LoL: CCG Esports vs Conviction (BO5) - North American Challengers League Playoffs,2026-05-28T00:00:00+00:00,North American Challengers League Playoffs,5,CCG Esports,Conviction,game_4_winner,LoL: CCG Esports vs Conviction - Game 4 Winner,CCG Esports,Conviction,0.4950,0.5050,clob_mid,210
2026-05-29T22:55:02Z,lol-ccg-cnv-2026-05-28,LoL: CCG Esports vs Conviction (BO5) - North American Challengers League Playoffs,2026-05-28T00:00:00+00:00,North American Challengers League Playoffs,5,CCG Esports,Conviction,game_handicap,Game Handicap: CNV (-1.5) vs CCG Esports (+1.5),Conviction,CCG Esports,0.9995,0.0005,clob_mid,4042
2026-05-29T22:55:02Z,lol-ccg-cnv-2026-05-28,LoL: CCG Esports vs Conviction (BO5) - North American Challengers League Playoffs,2026-05-28T00:00:00+00:00,North American Challengers League Playoffs,5,CCG Esports,Conviction,game_handicap,Game Handicap: CNV (-2.5) vs CCG Esports (+2.5),Conviction,CCG Esports,0.9995,0.0005,clob_mid,241
2026-05-29T22:55:02Z,lol-kt-dnf-2026-05-30,LoL: KT Rolster vs DN SOOPers (BO3) - LCK Rounds 1-2,2026-05-30T00:00:00+00:00,LCK Rounds 1-2,3,KT Rolster,DN SOOPers,match_winner,LoL: KT Rolster vs DN SOOPers (BO3) - LCK Rounds 1-2,KT Rolster,DN SOOPers,0.8850,0.1150,clob_mid,70889
2026-05-29T22:55:02Z,lol-kt-dnf-2026-05-30,LoL: KT Rolster vs DN SOOPers (BO3) - LCK Rounds 1-2,2026-05-30T00:00:00+00:00,LCK Rounds 1-2,3,KT Rolster,DN SOOPers,game_1_winner,LoL: KT Rolster vs DN SOOPers - Game 1 Winner,KT Rolster,DN SOOPers,0.8050,0.1950,clob_mid,3411
2026-05-29T22:55:02Z,lol-kt-dnf-2026-05-30,LoL: KT Rolster vs DN SOOPers (BO3) - LCK Rounds 1-2,2026-05-30T00:00:00+00:00,LCK Rounds 1-2,3,KT Rolster,DN SOOPers,game_2_winner,LoL: KT Rolster vs DN SOOPers - Game 2 Winner,KT Rolster,DN SOOPers,0.7950,0.2050,clob_mid,2022
2026-05-29T22:55:02Z,lol-kt-dnf-2026-05-30,LoL: KT Rolster vs DN SOOPers (BO3) - LCK Rounds 1-2,2026-05-30T00:00:00+00:00,LCK Rounds 1-2,3,KT Rolster,DN SOOPers,game_handicap,Game Handicap: KT (-1.5) vs DN SOOPers (+1.5),KT Rolster,DN SOOPers,0.6550,0.3450,clob_mid,11212
2026-05-29T22:55:02Z,lol-fox1-t1-2026-05-30,LoL: BNK FEARX vs T1 (BO3) - LCK Rounds 1-2,2026-05-30T00:00:00+00:00,LCK Rounds 1-2,3,BNK FEARX,T1,match_winner,LoL: BNK FEARX vs T1 (BO3) - LCK Rounds 1-2,BNK FEARX,T1,0.1450,0.8550,clob_mid,33636
2026-05-29T22:55:02Z,lol-fox1-t1-2026-05-30,LoL: BNK FEARX vs T1 (BO3) - LCK Rounds 1-2,2026-05-30T00:00:00+00:00,LCK Rounds 1-2,3,BNK FEARX,T1,game_1_winner,LoL: BNK FEARX vs T1 - Game 1 Winner,BNK FEARX,T1,0.2150,0.7850,clob_mid,19805
2026-05-29T22:55:02Z,lol-fox1-t1-2026-05-30,LoL: BNK FEARX vs T1 (BO3) - LCK Rounds 1-2,2026-05-30T00:00:00+00:00,LCK Rounds 1-2,3,BNK FEARX,T1,game_2_winner,LoL: BNK FEARX vs T1 - Game 2 Winner,BNK FEARX,T1,0.2450,0.7550,clob_mid,11
2026-05-29T22:55:02Z,lol-fox1-t1-2026-05-30,LoL: BNK FEARX vs T1 (BO3) - LCK Rounds 1-2,2026-05-30T00:00:00+00:00,LCK Rounds 1-2,3,BNK FEARX,T1,game_handicap,Game Handicap: T1 (-1.5) vs BNK FEARX (+1.5),T1,BNK FEARX,0.5950,0.4050,clob_mid,20439
2026-05-29T22:55:02Z,lol-bro2-hle1-2026-05-31,LoL: HANJIN BRION vs Hanwha Life Esports (BO3) - LCK Rounds 1-2,2026-05-31T00:00:00+00:00,LCK Rounds 1-2,3,HANJIN BRION,Hanwha Life Esports,match_winner,LoL: HANJIN BRION vs Hanwha Life Esports (BO3) - LCK Rounds 1-2,HANJIN BRION,Hanwha Life Esports,0.1150,0.8850,clob_mid,3257
2026-05-29T22:55:02Z,lol-bro2-hle1-2026-05-31,LoL: HANJIN BRION vs Hanwha Life Esports (BO3) - LCK Rounds 1-2,2026-05-31T00:00:00+00:00,LCK Rounds 1-2,3,HANJIN BRION,Hanwha Life Esports,game_1_winner,LoL: HANJIN BRION vs Hanwha Life Esports - Game 1 Winner,HANJIN BRION,Hanwha Life Esports,0.1950,0.8050,clob_mid,8
2026-05-29T22:55:02Z,lol-bro2-hle1-2026-05-31,LoL: HANJIN BRION vs Hanwha Life Esports (BO3) - LCK Rounds 1-2,2026-05-31T00:00:00+00:00,LCK Rounds 1-2,3,HANJIN BRION,Hanwha Life Esports,game_2_winner,LoL: HANJIN BRION vs Hanwha Life Esports - Game 2 Winner,HANJIN BRION,Hanwha Life Esports,0.1950,0.8050,clob_mid,79
2026-05-29T22:55:02Z,lol-bro2-hle1-2026-05-31,LoL: HANJIN BRION vs Hanwha Life Esports (BO3) - LCK Rounds 1-2,2026-05-31T00:00:00+00:00,LCK Rounds 1-2,3,HANJIN BRION,Hanwha Life Esports,game_handicap,Game Handicap: HLE (-1.5) vs HANJIN BRION (+1.5),Hanwha Life Esports,HANJIN BRION,0.6450,0.3550,clob_mid,19
2026-05-29T22:55:02Z,lol-ns-dk-2026-05-31,LoL: Nongshim Red Force vs Dplus KIA (BO3) - LCK Rounds 1-2,2026-05-31T00:00:00+00:00,LCK Rounds 1-2,3,Nongshim Red Force,Dplus KIA,match_winner,LoL: Nongshim Red Force vs Dplus KIA (BO3) - LCK Rounds 1-2,Nongshim Red Force,Dplus KIA,0.3050,0.6950,clob_mid,5589
2026-05-29T22:55:02Z,lol-ns-dk-2026-05-31,LoL: Nongshim Red Force vs Dplus KIA (BO3) - LCK Rounds 1-2,2026-05-31T00:00:00+00:00,LCK Rounds 1-2,3,Nongshim Red Force,Dplus KIA,game_1_winner,LoL: Nongshim Red Force vs Dplus KIA - Game 1 Winner,Nongshim Red Force,Dplus KIA,0.3700,0.6300,clob_mid,0
2026-05-29T22:55:02Z,lol-ns-dk-2026-05-31,LoL: Nongshim Red Force vs Dplus KIA (BO3) - LCK Rounds 1-2,2026-05-31T00:00:00+00:00,LCK Rounds 1-2,3,Nongshim Red Force,Dplus KIA,game_2_winner,LoL: Nongshim Red Force vs Dplus KIA - Game 2 Winner,Nongshim Red Force,Dplus KIA,0.3700,0.6300,clob_mid,0
2026-05-29T22:55:02Z,lol-ns-dk-2026-05-31,LoL: Nongshim Red Force vs Dplus KIA (BO3) - LCK Rounds 1-2,2026-05-31T00:00:00+00:00,LCK Rounds 1-2,3,Nongshim Red Force,Dplus KIA,game_handicap,Game Handicap: DK (-1.5) vs Nongshim Red Force (+1.5),Dplus KIA,Nongshim Red Force,0.4000,0.6000,clob_mid,0
2026-05-29T22:55:02Z,lol-fly-sen-2026-05-30,LoL: FlyQuest vs Sentinels (BO5) - LCS Playoffs,2026-05-30T00:00:00+00:00,LCS Playoffs,5,FlyQuest,Sentinels,match_winner,LoL: FlyQuest vs Sentinels (BO5) - LCS Playoffs,FlyQuest,Sentinels,0.5750,0.4250,clob_mid,7374
2026-05-29T22:55:02Z,lol-fly-sen-2026-05-30,LoL: FlyQuest vs Sentinels (BO5) - LCS Playoffs,2026-05-30T00:00:00+00:00,LCS Playoffs,5,FlyQuest,Sentinels,game_1_winner,LoL: FlyQuest vs Sentinels - Game 1 Winner,FlyQuest,Sentinels,0.5500,0.4500,clob_mid,0
2026-05-29T22:55:02Z,lol-fly-sen-2026-05-30,LoL: FlyQuest vs Sentinels (BO5) - LCS Playoffs,2026-05-30T00:00:00+00:00,LCS Playoffs,5,FlyQuest,Sentinels,game_2_winner,LoL: FlyQuest vs Sentinels - Game 2 Winner,FlyQuest,Sentinels,0.5600,0.4400,clob_mid,0
2026-05-29T22:55:02Z,lol-fly-sen-2026-05-30,LoL: FlyQuest vs Sentinels (BO5) - LCS Playoffs,2026-05-30T00:00:00+00:00,LCS Playoffs,5,FlyQuest,Sentinels,game_3_winner,LoL: FlyQuest vs Sentinels - Game 3 Winner,FlyQuest,Sentinels,0.5550,0.4450,clob_mid,0
2026-05-29T22:55:02Z,lol-fly-sen-2026-05-30,LoL: FlyQuest vs Sentinels (BO5) - LCS Playoffs,2026-05-30T00:00:00+00:00,LCS Playoffs,5,FlyQuest,Sentinels,game_4_winner,LoL: FlyQuest vs Sentinels - Game 4 Winner,FlyQuest,Sentinels,0.5150,0.4850,clob_mid,0
2026-05-29T22:55:02Z,lol-fly-sen-2026-05-30,LoL: FlyQuest vs Sentinels (BO5) - LCS Playoffs,2026-05-30T00:00:00+00:00,LCS Playoffs,5,FlyQuest,Sentinels,game_handicap,Game Handicap: FLY (-1.5) vs Sentinels (+1.5),FlyQuest,Sentinels,0.4050,0.5950,clob_mid,0
2026-05-29T22:55:02Z,lol-fly-sen-2026-05-30,LoL: FlyQuest vs Sentinels (BO5) - LCS Playoffs,2026-05-30T00:00:00+00:00,LCS Playoffs,5,FlyQuest,Sentinels,game_handicap,Game Handicap: FLY (-2.5) vs Sentinels (+2.5),FlyQuest,Sentinels,0.2050,0.7950,clob_mid,0
2026-05-29T22:55:02Z,lol-hrts-bar-2026-06-03,LoL: Team Heretics Academy vs Barça eSports (BO5) - LES Playoffs,2026-06-03T00:00:00+00:00,LES Playoffs,5,Team Heretics Academy,Barça eSports,game_handicap,Game Handicap: HRTS (-1.5) vs Barça eSports (+1.5),Team Heretics Academy,Barça eSports,0.5400,0.4600,clob_mid,0
2026-05-29T22:55:02Z,lol-hrts-bar-2026-06-03,LoL: Team Heretics Academy vs Barça eSports (BO5) - LES Playoffs,2026-06-03T00:00:00+00:00,LES Playoffs,5,Team Heretics Academy,Barça eSports,game_handicap,Game Handicap: HRTS (-2.5) vs Barça eSports (+2.5),Team Heretics Academy,Barça eSports,0.5050,0.4950,clob_mid,0
2026-05-29T22:55:02Z,lol-hrts-bar-2026-06-03,LoL: Team Heretics Academy vs Barça eSports (BO5) - LES Playoffs,2026-06-03T00:00:00+00:00,LES Playoffs,5,Team Heretics Academy,Barça eSports,match_winner,LoL: Team Heretics Academy vs Barça eSports (BO5) - LES Playoffs,Team Heretics Academy,Barça eSports,0.7650,0.2350,clob_mid,18
2026-05-29T22:55:02Z,lol-hrts-bar-2026-06-03,LoL: Team Heretics Academy vs Barça eSports (BO5) - LES Playoffs,2026-06-03T00:00:00+00:00,LES Playoffs,5,Team Heretics Academy,Barça eSports,game_1_winner,LoL: Team Heretics Academy vs Barça eSports - Game 1 Winner,Team Heretics Academy,Barça eSports,0.6400,0.3600,clob_mid,0
2026-05-29T22:55:02Z,lol-hrts-bar-2026-06-03,LoL: Team Heretics Academy vs Barça eSports (BO5) - LES Playoffs,2026-06-03T00:00:00+00:00,LES Playoffs,5,Team Heretics Academy,Barça eSports,game_2_winner,LoL: Team Heretics Academy vs Barça eSports - Game 2 Winner,Team Heretics Academy,Barça eSports,0.7350,0.2650,clob_mid,0
2026-05-29T22:55:02Z,lol-hrts-bar-2026-06-03,LoL: Team Heretics Academy vs Barça eSports (BO5) - LES Playoffs,2026-06-03T00:00:00+00:00,LES Playoffs,5,Team Heretics Academy,Barça eSports,game_3_winner,LoL: Team Heretics Academy vs Barça eSports - Game 3 Winner,Team Heretics Academy,Barça eSports,0.7350,0.2650,clob_mid,0
2026-05-29T22:55:02Z,lol-hrts-bar-2026-06-03,LoL: Team Heretics Academy vs Barça eSports (BO5) - LES Playoffs,2026-06-03T00:00:00+00:00,LES Playoffs,5,Team Heretics Academy,Barça eSports,game_4_winner,LoL: Team Heretics Academy vs Barça eSports - Game 4 Winner,Team Heretics Academy,Barça eSports,0.7200,0.2800,clob_mid,0
2026-05-29T22:55:02Z,lol-koia-ucam1-2026-06-04,LoL: ⁠Movistar KOI Fénix vs UCAM Esports Club (BO5) - LES Playoffs,2026-06-04T00:00:00+00:00,LES Playoffs,5,⁠Movistar KOI Fénix,UCAM Esports Club,match_winner,LoL: ⁠Movistar KOI Fénix vs UCAM Esports Club (BO5) - LES Playoffs,⁠Movistar KOI Fénix,UCAM Esports Club,0.6100,0.3900,clob_mid,18
2026-05-29T22:55:02Z,lol-koia-ucam1-2026-06-04,LoL: ⁠Movistar KOI Fénix vs UCAM Esports Club (BO5) - LES Playoffs,2026-06-04T00:00:00+00:00,LES Playoffs,5,⁠Movistar KOI Fénix,UCAM Esports Club,game_1_winner,LoL: ⁠Movistar KOI Fénix vs UCAM Esports Club - Game 1 Winner,⁠Movistar KOI Fénix,UCAM Esports Club,0.5600,0.4400,clob_mid,0
2026-05-29T22:55:02Z,lol-koia-ucam1-2026-06-04,LoL: ⁠Movistar KOI Fénix vs UCAM Esports Club (BO5) - LES Playoffs,2026-06-04T00:00:00+00:00,LES Playoffs,5,⁠Movistar KOI Fénix,UCAM Esports Club,game_2_winner,LoL: ⁠Movistar KOI Fénix vs UCAM Esports Club - Game 2 Winner,⁠Movistar KOI Fénix,UCAM Esports Club,0.5600,0.4400,clob_mid,0
2026-05-29T22:55:02Z,lol-koia-ucam1-2026-06-04,LoL: ⁠Movistar KOI Fénix vs UCAM Esports Club (BO5) - LES Playoffs,2026-06-04T00:00:00+00:00,LES Playoffs,5,⁠Movistar KOI Fénix,UCAM Esports Club,game_3_winner,LoL: ⁠Movistar KOI Fénix vs UCAM Esports Club - Game 3 Winner,⁠Movistar KOI Fénix,UCAM Esports Club,0.5600,0.4400,clob_mid,0
2026-05-29T22:55:02Z,lol-koia-ucam1-2026-06-04,LoL: ⁠Movistar KOI Fénix vs UCAM Esports Club (BO5) - LES Playoffs,2026-06-04T00:00:00+00:00,LES Playoffs,5,⁠Movistar KOI Fénix,UCAM Esports Club,game_4_winner,LoL: ⁠Movistar KOI Fénix vs UCAM Esports Club - Game 4 Winner,⁠Movistar KOI Fénix,UCAM Esports Club,0.4900,0.5100,clob_mid,0
2026-05-29T22:55:02Z,lol-koia-ucam1-2026-06-04,LoL: ⁠Movistar KOI Fénix vs UCAM Esports Club (BO5) - LES Playoffs,2026-06-04T00:00:00+00:00,LES Playoffs,5,⁠Movistar KOI Fénix,UCAM Esports Club,game_handicap,Game Handicap: MKF (-1.5) vs UCAM Esports Club (+1.5),⁠Movistar KOI Fénix,UCAM Esports Club,0.4000,0.6000,clob_mid,0
2026-05-29T22:55:02Z,lol-koia-ucam1-2026-06-04,LoL: ⁠Movistar KOI Fénix vs UCAM Esports Club (BO5) - LES Playoffs,2026-06-04T00:00:00+00:00,LES Playoffs,5,⁠Movistar KOI Fénix,UCAM Esports Club,game_handicap,Game Handicap: MKF (-2.5) vs UCAM Esports Club (+2.5),⁠Movistar KOI Fénix,UCAM Esports Club,0.1700,0.8300,clob_mid,0
2026-05-29T22:55:02Z,lol-al-edg-2026-05-30,LoL: Anyone's Legend vs EDward Gaming (BO5) - LPL Playoffs,2026-05-30T00:00:00+00:00,LPL Playoffs,5,Anyone's Legend,EDward Gaming,match_winner,LoL: Anyone's Legend vs EDward Gaming (BO5) - LPL Playoffs,Anyone's Legend,EDward Gaming,0.8650,0.1350,clob_mid,24813
2026-05-29T22:55:02Z,lol-al-edg-2026-05-30,LoL: Anyone's Legend vs EDward Gaming (BO5) - LPL Playoffs,2026-05-30T00:00:00+00:00,LPL Playoffs,5,Anyone's Legend,EDward Gaming,game_1_winner,LoL: Anyone's Legend vs EDward Gaming - Game 1 Winner,Anyone's Legend,EDward Gaming,0.7400,0.2600,clob_mid,792
2026-05-29T22:55:02Z,lol-al-edg-2026-05-30,LoL: Anyone's Legend vs EDward Gaming (BO5) - LPL Playoffs,2026-05-30T00:00:00+00:00,LPL Playoffs,5,Anyone's Legend,EDward Gaming,game_2_winner,LoL: Anyone's Legend vs EDward Gaming - Game 2 Winner,Anyone's Legend,EDward Gaming,0.7250,0.2750,clob_mid,844
2026-05-29T22:55:02Z,lol-al-edg-2026-05-30,LoL: Anyone's Legend vs EDward Gaming (BO5) - LPL Playoffs,2026-05-30T00:00:00+00:00,LPL Playoffs,5,Anyone's Legend,EDward Gaming,game_3_winner,LoL: Anyone's Legend vs EDward Gaming - Game 3 Winner,Anyone's Legend,EDward Gaming,0.7250,0.2750,clob_mid,948
2026-05-29T22:55:02Z,lol-al-edg-2026-05-30,LoL: Anyone's Legend vs EDward Gaming (BO5) - LPL Playoffs,2026-05-30T00:00:00+00:00,LPL Playoffs,5,Anyone's Legend,EDward Gaming,game_4_winner,LoL: Anyone's Legend vs EDward Gaming - Game 4 Winner,Anyone's Legend,EDward Gaming,0.6350,0.3650,clob_mid,50
2026-05-29T22:55:02Z,lol-al-edg-2026-05-30,LoL: Anyone's Legend vs EDward Gaming (BO5) - LPL Playoffs,2026-05-30T00:00:00+00:00,LPL Playoffs,5,Anyone's Legend,EDward Gaming,game_handicap,Game Handicap: AL (-1.5) vs EDward Gaming (+1.5),Anyone's Legend,EDward Gaming,0.6950,0.3050,clob_mid,549
2026-05-29T22:55:02Z,lol-al-edg-2026-05-30,LoL: Anyone's Legend vs EDward Gaming (BO5) - LPL Playoffs,2026-05-30T00:00:00+00:00,LPL Playoffs,5,Anyone's Legend,EDward Gaming,game_handicap,Game Handicap: AL (-2.5) vs EDward Gaming (+2.5),Anyone's Legend,EDward Gaming,0.3800,0.6200,clob_mid,9392
2026-05-29T22:55:02Z,lol-blg-we-2026-05-30,LoL: Bilibili Gaming vs Team WE (BO5) - LPL Playoffs,2026-05-30T00:00:00+00:00,LPL Playoffs,5,Bilibili Gaming,Team WE,match_winner,LoL: Bilibili Gaming vs Team WE (BO5) - LPL Playoffs,Bilibili Gaming,Team WE,0.9250,0.0750,clob_mid,29690
2026-05-29T22:55:02Z,lol-blg-we-2026-05-30,LoL: Bilibili Gaming vs Team WE (BO5) - LPL Playoffs,2026-05-30T00:00:00+00:00,LPL Playoffs,5,Bilibili Gaming,Team WE,game_1_winner,LoL: Bilibili Gaming vs Team WE - Game 1 Winner,Bilibili Gaming,Team WE,0.7950,0.2050,clob_mid,3027
2026-05-29T22:55:02Z,lol-blg-we-2026-05-30,LoL: Bilibili Gaming vs Team WE (BO5) - LPL Playoffs,2026-05-30T00:00:00+00:00,LPL Playoffs,5,Bilibili Gaming,Team WE,game_2_winner,LoL: Bilibili Gaming vs Team WE - Game 2 Winner,Bilibili Gaming,Team WE,0.8050,0.1950,clob_mid,73
2026-05-29T22:55:02Z,lol-blg-we-2026-05-30,LoL: Bilibili Gaming vs Team WE (BO5) - LPL Playoffs,2026-05-30T00:00:00+00:00,LPL Playoffs,5,Bilibili Gaming,Team WE,game_3_winner,LoL: Bilibili Gaming vs Team WE - Game 3 Winner,Bilibili Gaming,Team WE,0.7950,0.2050,clob_mid,817
2026-05-29T22:55:02Z,lol-blg-we-2026-05-30,LoL: Bilibili Gaming vs Team WE (BO5) - LPL Playoffs,2026-05-30T00:00:00+00:00,LPL Playoffs,5,Bilibili Gaming,Team WE,game_4_winner,LoL: Bilibili Gaming vs Team WE - Game 4 Winner,Bilibili Gaming,Team WE,0.6350,0.3650,clob_mid,357
2026-05-29T22:55:02Z,lol-blg-we-2026-05-30,LoL: Bilibili Gaming vs Team WE (BO5) - LPL Playoffs,2026-05-30T00:00:00+00:00,LPL Playoffs,5,Bilibili Gaming,Team WE,game_handicap,Game Handicap: BLG (-1.5) vs Team WE (+1.5),Bilibili Gaming,Team WE,0.8250,0.1750,clob_mid,155
2026-05-29T22:55:02Z,lol-blg-we-2026-05-30,LoL: Bilibili Gaming vs Team WE (BO5) - LPL Playoffs,2026-05-30T00:00:00+00:00,LPL Playoffs,5,Bilibili Gaming,Team WE,game_handicap,Game Handicap: BLG (-2.5) vs Team WE (+2.5),Bilibili Gaming,Team WE,0.5450,0.4550,clob_mid,53396
2026-05-29T22:55:02Z,lol-tl2-sr-2026-05-31,LoL: Team Liquid vs Shopify Rebellion (BO5) - LCS Playoffs,2026-05-31T00:00:00+00:00,LCS Playoffs,5,Team Liquid,Shopify Rebellion,game_handicap,Game Handicap: TL (-1.5) vs Shopify Rebellion (+1.5),Team Liquid,Shopify Rebellion,0.7800,0.2200,clob_mid,0
2026-05-29T22:55:02Z,lol-tl2-sr-2026-05-31,LoL: Team Liquid vs Shopify Rebellion (BO5) - LCS Playoffs,2026-05-31T00:00:00+00:00,LCS Playoffs,5,Team Liquid,Shopify Rebellion,game_handicap,Game Handicap: TL (-2.5) vs Shopify Rebellion (+2.5),Team Liquid,Shopify Rebellion,0.3950,0.6050,clob_mid,0
2026-05-29T22:55:02Z,lol-tl2-sr-2026-05-31,LoL: Team Liquid vs Shopify Rebellion (BO5) - LCS Playoffs,2026-05-31T00:00:00+00:00,LCS Playoffs,5,Team Liquid,Shopify Rebellion,match_winner,LoL: Team Liquid vs Shopify Rebellion (BO5) - LCS Playoffs,Team Liquid,Shopify Rebellion,0.8600,0.1400,clob_mid,81
2026-05-29T22:55:02Z,lol-tl2-sr-2026-05-31,LoL: Team Liquid vs Shopify Rebellion (BO5) - LCS Playoffs,2026-05-31T00:00:00+00:00,LCS Playoffs,5,Team Liquid,Shopify Rebellion,game_1_winner,LoL: Team Liquid vs Shopify Rebellion - Game 1 Winner,Team Liquid,Shopify Rebellion,0.7300,0.2700,clob_mid,0
2026-05-29T22:55:02Z,lol-tl2-sr-2026-05-31,LoL: Team Liquid vs Shopify Rebellion (BO5) - LCS Playoffs,2026-05-31T00:00:00+00:00,LCS Playoffs,5,Team Liquid,Shopify Rebellion,game_2_winner,LoL: Team Liquid vs Shopify Rebellion - Game 2 Winner,Team Liquid,Shopify Rebellion,0.7300,0.2700,clob_mid,0
2026-05-29T22:55:02Z,lol-tl2-sr-2026-05-31,LoL: Team Liquid vs Shopify Rebellion (BO5) - LCS Playoffs,2026-05-31T00:00:00+00:00,LCS Playoffs,5,Team Liquid,Shopify Rebellion,game_3_winner,LoL: Team Liquid vs Shopify Rebellion - Game 3 Winner,Team Liquid,Shopify Rebellion,0.7600,0.2400,clob_mid,0
2026-05-29T22:55:02Z,lol-tl2-sr-2026-05-31,LoL: Team Liquid vs Shopify Rebellion (BO5) - LCS Playoffs,2026-05-31T00:00:00+00:00,LCS Playoffs,5,Team Liquid,Shopify Rebellion,game_4_winner,LoL: Team Liquid vs Shopify Rebellion - Game 4 Winner,Team Liquid,Shopify Rebellion,0.7400,0.2600,clob_mid,0
2026-05-29T22:55:02Z,lol-c9-ly-2026-06-07,LoL: Cloud9 vs LYON (BO5) - LCS Playoffs,2026-06-07T00:00:00+00:00,LCS Playoffs,5,Cloud9,LYON,match_winner,LoL: Cloud9 vs LYON (BO5) - LCS Playoffs,Cloud9,LYON,0.5450,0.4550,clob_mid,4216
2026-05-29T22:55:02Z,lol-c9-ly-2026-06-07,LoL: Cloud9 vs LYON (BO5) - LCS Playoffs,2026-06-07T00:00:00+00:00,LCS Playoffs,5,Cloud9,LYON,game_1_winner,LoL: Cloud9 vs LYON - Game 1 Winner,Cloud9,LYON,0.5400,0.4600,clob_mid,0
2026-05-29T22:55:02Z,lol-c9-ly-2026-06-07,LoL: Cloud9 vs LYON (BO5) - LCS Playoffs,2026-06-07T00:00:00+00:00,LCS Playoffs,5,Cloud9,LYON,game_2_winner,LoL: Cloud9 vs LYON - Game 2 Winner,Cloud9,LYON,0.5400,0.4600,clob_mid,0
2026-05-29T22:55:02Z,lol-c9-ly-2026-06-07,LoL: Cloud9 vs LYON (BO5) - LCS Playoffs,2026-06-07T00:00:00+00:00,LCS Playoffs,5,Cloud9,LYON,game_3_winner,LoL: Cloud9 vs LYON - Game 3 Winner,Cloud9,LYON,0.5400,0.4600,clob_mid,0
2026-05-29T22:55:02Z,lol-c9-ly-2026-06-07,LoL: Cloud9 vs LYON (BO5) - LCS Playoffs,2026-06-07T00:00:00+00:00,LCS Playoffs,5,Cloud9,LYON,game_4_winner,LoL: Cloud9 vs LYON - Game 4 Winner,Cloud9,LYON,0.6750,0.3250,clob_mid,0
2026-05-29T22:55:02Z,lol-c9-ly-2026-06-07,LoL: Cloud9 vs LYON (BO5) - LCS Playoffs,2026-06-07T00:00:00+00:00,LCS Playoffs,5,Cloud9,LYON,game_handicap,Game Handicap: C9 (-1.5) vs LYON (+1.5),Cloud9,LYON,0.3800,0.6200,clob_mid,0
2026-05-29T22:55:02Z,lol-c9-ly-2026-06-07,LoL: Cloud9 vs LYON (BO5) - LCS Playoffs,2026-06-07T00:00:00+00:00,LCS Playoffs,5,Cloud9,LYON,game_handicap,Game Handicap: C9 (-2.5) vs LYON (+2.5),Cloud9,LYON,0.1600,0.8400,clob_mid,0
2026-05-29T22:55:02Z,lol-gam-dcg-2026-05-30,LoL: GAM Esports vs Deep Cross Gaming (BO5) - LCP Playoffs,2026-05-30T00:00:00+00:00,LCP Playoffs,5,GAM Esports,Deep Cross Gaming,match_winner,LoL: GAM Esports vs Deep Cross Gaming (BO5) - LCP Playoffs,GAM Esports,Deep Cross Gaming,0.5850,0.4150,clob_mid,11166
2026-05-29T22:55:02Z,lol-gam-dcg-2026-05-30,LoL: GAM Esports vs Deep Cross Gaming (BO5) - LCP Playoffs,2026-05-30T00:00:00+00:00,LCP Playoffs,5,GAM Esports,Deep Cross Gaming,game_1_winner,LoL: GAM Esports vs Deep Cross Gaming - Game 1 Winner,GAM Esports,Deep Cross Gaming,0.5800,0.4200,clob_mid,0
2026-05-29T22:55:02Z,lol-gam-dcg-2026-05-30,LoL: GAM Esports vs Deep Cross Gaming (BO5) - LCP Playoffs,2026-05-30T00:00:00+00:00,LCP Playoffs,5,GAM Esports,Deep Cross Gaming,game_2_winner,LoL: GAM Esports vs Deep Cross Gaming - Game 2 Winner,GAM Esports,Deep Cross Gaming,0.5700,0.4300,clob_mid,0
2026-05-29T22:55:02Z,lol-gam-dcg-2026-05-30,LoL: GAM Esports vs Deep Cross Gaming (BO5) - LCP Playoffs,2026-05-30T00:00:00+00:00,LCP Playoffs,5,GAM Esports,Deep Cross Gaming,game_3_winner,LoL: GAM Esports vs Deep Cross Gaming - Game 3 Winner,GAM Esports,Deep Cross Gaming,0.5700,0.4300,clob_mid,0
2026-05-29T22:55:02Z,lol-gam-dcg-2026-05-30,LoL: GAM Esports vs Deep Cross Gaming (BO5) - LCP Playoffs,2026-05-30T00:00:00+00:00,LCP Playoffs,5,GAM Esports,Deep Cross Gaming,game_4_winner,LoL: GAM Esports vs Deep Cross Gaming - Game 4 Winner,GAM Esports,Deep Cross Gaming,0.5300,0.4700,clob_mid,0
2026-05-29T22:55:02Z,lol-gam-dcg-2026-05-30,LoL: GAM Esports vs Deep Cross Gaming (BO5) - LCP Playoffs,2026-05-30T00:00:00+00:00,LCP Playoffs,5,GAM Esports,Deep Cross Gaming,game_handicap,Game Handicap: GAM (-1.5) vs Deep Cross Gaming (+1.5),GAM Esports,Deep Cross Gaming,0.4400,0.5600,clob_mid,2
2026-05-29T22:55:02Z,lol-gam-dcg-2026-05-30,LoL: GAM Esports vs Deep Cross Gaming (BO5) - LCP Playoffs,2026-05-30T00:00:00+00:00,LCP Playoffs,5,GAM Esports,Deep Cross Gaming,game_handicap,Game Handicap: GAM (-2.5) vs Deep Cross Gaming (+2.5),GAM Esports,Deep Cross Gaming,0.2400,0.7600,clob_mid,5
2026-05-29T22:55:02Z,lol-kc-navi-2026-05-30,LoL: Karmine Corp vs Natus Vincere (BO5) - LEC Playoffs,2026-05-30T00:00:00+00:00,LEC Playoffs,5,Karmine Corp,Natus Vincere,game_handicap,Game Handicap: KC (-1.5) vs Natus Vincere (+1.5),Karmine Corp,Natus Vincere,0.5700,0.4300,clob_mid,1300
2026-05-29T22:55:02Z,lol-kc-navi-2026-05-30,LoL: Karmine Corp vs Natus Vincere (BO5) - LEC Playoffs,2026-05-30T00:00:00+00:00,LEC Playoffs,5,Karmine Corp,Natus Vincere,game_handicap,Game Handicap: KC (-2.5) vs Natus Vincere (+2.5),Karmine Corp,Natus Vincere,0.2900,0.7100,clob_mid,148
2026-05-29T22:55:02Z,lol-kc-navi-2026-05-30,LoL: Karmine Corp vs Natus Vincere (BO5) - LEC Playoffs,2026-05-30T00:00:00+00:00,LEC Playoffs,5,Karmine Corp,Natus Vincere,match_winner,LoL: Karmine Corp vs Natus Vincere (BO5) - LEC Playoffs,Karmine Corp,Natus Vincere,0.7650,0.2350,clob_mid,14316
2026-05-29T22:55:02Z,lol-kc-navi-2026-05-30,LoL: Karmine Corp vs Natus Vincere (BO5) - LEC Playoffs,2026-05-30T00:00:00+00:00,LEC Playoffs,5,Karmine Corp,Natus Vincere,game_1_winner,LoL: Karmine Corp vs Natus Vincere - Game 1 Winner,Karmine Corp,Natus Vincere,0.6550,0.3450,clob_mid,10
2026-05-29T22:55:02Z,lol-kc-navi-2026-05-30,LoL: Karmine Corp vs Natus Vincere (BO5) - LEC Playoffs,2026-05-30T00:00:00+00:00,LEC Playoffs,5,Karmine Corp,Natus Vincere,game_2_winner,LoL: Karmine Corp vs Natus Vincere - Game 2 Winner,Karmine Corp,Natus Vincere,0.6300,0.3700,clob_mid,10
2026-05-29T22:55:02Z,lol-kc-navi-2026-05-30,LoL: Karmine Corp vs Natus Vincere (BO5) - LEC Playoffs,2026-05-30T00:00:00+00:00,LEC Playoffs,5,Karmine Corp,Natus Vincere,game_3_winner,LoL: Karmine Corp vs Natus Vincere - Game 3 Winner,Karmine Corp,Natus Vincere,0.6450,0.3550,clob_mid,55
2026-05-29T22:55:02Z,lol-kc-navi-2026-05-30,LoL: Karmine Corp vs Natus Vincere (BO5) - LEC Playoffs,2026-05-30T00:00:00+00:00,LEC Playoffs,5,Karmine Corp,Natus Vincere,game_4_winner,LoL: Karmine Corp vs Natus Vincere - Game 4 Winner,Karmine Corp,Natus Vincere,0.5300,0.4700,clob_mid,0
2026-05-29T22:55:02Z,lol-vit-gx-2026-05-31,LoL: Team Vitality vs GIANTX (BO5) - LEC Playoffs,2026-05-31T00:00:00+00:00,LEC Playoffs,5,Team Vitality,GIANTX,match_winner,LoL: Team Vitality vs GIANTX (BO5) - LEC Playoffs,Team Vitality,GIANTX,0.6700,0.3300,clob_mid,3822
2026-05-29T22:55:02Z,lol-vit-gx-2026-05-31,LoL: Team Vitality vs GIANTX (BO5) - LEC Playoffs,2026-05-31T00:00:00+00:00,LEC Playoffs,5,Team Vitality,GIANTX,game_1_winner,LoL: Team Vitality vs GIANTX - Game 1 Winner,Team Vitality,GIANTX,0.5800,0.4200,clob_mid,0
2026-05-29T22:55:02Z,lol-vit-gx-2026-05-31,LoL: Team Vitality vs GIANTX (BO5) - LEC Playoffs,2026-05-31T00:00:00+00:00,LEC Playoffs,5,Team Vitality,GIANTX,game_2_winner,LoL: Team Vitality vs GIANTX - Game 2 Winner,Team Vitality,GIANTX,0.5800,0.4200,clob_mid,0
2026-05-29T22:55:02Z,lol-vit-gx-2026-05-31,LoL: Team Vitality vs GIANTX (BO5) - LEC Playoffs,2026-05-31T00:00:00+00:00,LEC Playoffs,5,Team Vitality,GIANTX,game_3_winner,LoL: Team Vitality vs GIANTX - Game 3 Winner,Team Vitality,GIANTX,0.5850,0.4150,clob_mid,0
2026-05-29T22:55:02Z,lol-vit-gx-2026-05-31,LoL: Team Vitality vs GIANTX (BO5) - LEC Playoffs,2026-05-31T00:00:00+00:00,LEC Playoffs,5,Team Vitality,GIANTX,game_4_winner,LoL: Team Vitality vs GIANTX - Game 4 Winner,Team Vitality,GIANTX,0.6900,0.3100,clob_mid,0
2026-05-29T22:55:02Z,lol-vit-gx-2026-05-31,LoL: Team Vitality vs GIANTX (BO5) - LEC Playoffs,2026-05-31T00:00:00+00:00,LEC Playoffs,5,Team Vitality,GIANTX,game_handicap,Game Handicap: VIT (-1.5) vs GIANTX (+1.5),Team Vitality,GIANTX,0.4600,0.5400,clob_mid,20
2026-05-29T22:55:02Z,lol-vit-gx-2026-05-31,LoL: Team Vitality vs GIANTX (BO5) - LEC Playoffs,2026-05-31T00:00:00+00:00,LEC Playoffs,5,Team Vitality,GIANTX,game_handicap,Game Handicap: VIT (-2.5) vs GIANTX (+2.5),Team Vitality,GIANTX,0.2100,0.7900,clob_mid,6
2026-05-29T22:55:02Z,lol-fxw7-los-2026-05-30,LoL: Fluxo W7M vs LOS (BO5) - CBLOL Playoffs,2026-05-30T00:00:00+00:00,CBLOL Playoffs,5,Fluxo W7M,LOS,match_winner,LoL: Fluxo W7M vs LOS (BO5) - CBLOL Playoffs,Fluxo W7M,LOS,0.3350,0.6650,clob_mid,4798
2026-05-29T22:55:02Z,lol-fxw7-los-2026-05-30,LoL: Fluxo W7M vs LOS (BO5) - CBLOL Playoffs,2026-05-30T00:00:00+00:00,CBLOL Playoffs,5,Fluxo W7M,LOS,game_1_winner,LoL: Fluxo W7M vs LOS - Game 1 Winner,Fluxo W7M,LOS,0.3950,0.6050,clob_mid,8
2026-05-29T22:55:02Z,lol-fxw7-los-2026-05-30,LoL: Fluxo W7M vs LOS (BO5) - CBLOL Playoffs,2026-05-30T00:00:00+00:00,CBLOL Playoffs,5,Fluxo W7M,LOS,game_2_winner,LoL: Fluxo W7M vs LOS - Game 2 Winner,Fluxo W7M,LOS,0.3850,0.6150,clob_mid,0
2026-05-29T22:55:02Z,lol-fxw7-los-2026-05-30,LoL: Fluxo W7M vs LOS (BO5) - CBLOL Playoffs,2026-05-30T00:00:00+00:00,CBLOL Playoffs,5,Fluxo W7M,LOS,game_3_winner,LoL: Fluxo W7M vs LOS - Game 3 Winner,Fluxo W7M,LOS,0.4100,0.5900,clob_mid,3
2026-05-29T22:55:02Z,lol-fxw7-los-2026-05-30,LoL: Fluxo W7M vs LOS (BO5) - CBLOL Playoffs,2026-05-30T00:00:00+00:00,CBLOL Playoffs,5,Fluxo W7M,LOS,game_4_winner,LoL: Fluxo W7M vs LOS - Game 4 Winner,Fluxo W7M,LOS,0.4350,0.5650,clob_mid,0
2026-05-29T22:55:02Z,lol-fxw7-los-2026-05-30,LoL: Fluxo W7M vs LOS (BO5) - CBLOL Playoffs,2026-05-30T00:00:00+00:00,CBLOL Playoffs,5,Fluxo W7M,LOS,game_handicap,Game Handicap: LOS (-1.5) vs Fluxo W7M (+1.5),LOS,Fluxo W7M,0.4450,0.5550,clob_mid,59
2026-05-29T22:55:02Z,lol-fxw7-los-2026-05-30,LoL: Fluxo W7M vs LOS (BO5) - CBLOL Playoffs,2026-05-30T00:00:00+00:00,CBLOL Playoffs,5,Fluxo W7M,LOS,game_handicap,Game Handicap: LOS (-2.5) vs Fluxo W7M (+2.5),LOS,Fluxo W7M,0.2350,0.7650,clob_mid,5
2026-05-29T22:55:02Z,lol-me1-pcific-2026-06-05,LoL: Misa Esports vs PCIFIC  (BO5) - TCL Playoffs,2026-06-05T00:00:00+00:00,TCL Playoffs,5,Misa Esports,PCIFIC,game_handicap,Game Handicap: ME (-1.5) vs PCIFIC  (+1.5),Misa Esports,PCIFIC ,0.5000,0.5000,clob_mid,0
2026-05-29T22:55:02Z,lol-me1-pcific-2026-06-05,LoL: Misa Esports vs PCIFIC  (BO5) - TCL Playoffs,2026-06-05T00:00:00+00:00,TCL Playoffs,5,Misa Esports,PCIFIC,game_handicap,Game Handicap: ME (-2.5) vs PCIFIC  (+2.5),Misa Esports,PCIFIC ,0.5350,0.4650,clob_mid,0
2026-05-29T22:55:02Z,lol-me1-pcific-2026-06-05,LoL: Misa Esports vs PCIFIC  (BO5) - TCL Playoffs,2026-06-05T00:00:00+00:00,TCL Playoffs,5,Misa Esports,PCIFIC,match_winner,LoL: Misa Esports vs PCIFIC  (BO5) - TCL Playoffs,Misa Esports,PCIFIC ,0.9000,0.1000,clob_mid,7
2026-05-29T22:55:02Z,lol-me1-pcific-2026-06-05,LoL: Misa Esports vs PCIFIC  (BO5) - TCL Playoffs,2026-06-05T00:00:00+00:00,TCL Playoffs,5,Misa Esports,PCIFIC,game_1_winner,LoL: Misa Esports vs PCIFIC  - Game 1 Winner,Misa Esports,PCIFIC ,0.8100,0.1900,clob_mid,0
2026-05-29T22:55:02Z,lol-me1-pcific-2026-06-05,LoL: Misa Esports vs PCIFIC  (BO5) - TCL Playoffs,2026-06-05T00:00:00+00:00,TCL Playoffs,5,Misa Esports,PCIFIC,game_2_winner,LoL: Misa Esports vs PCIFIC  - Game 2 Winner,Misa Esports,PCIFIC ,0.8050,0.1950,clob_mid,0
2026-05-29T22:55:02Z,lol-me1-pcific-2026-06-05,LoL: Misa Esports vs PCIFIC  (BO5) - TCL Playoffs,2026-06-05T00:00:00+00:00,TCL Playoffs,5,Misa Esports,PCIFIC,game_3_winner,LoL: Misa Esports vs PCIFIC  - Game 3 Winner,Misa Esports,PCIFIC ,0.4900,0.5100,clob_mid,0
2026-05-29T22:55:02Z,lol-me1-pcific-2026-06-05,LoL: Misa Esports vs PCIFIC  (BO5) - TCL Playoffs,2026-06-05T00:00:00+00:00,TCL Playoffs,5,Misa Esports,PCIFIC,game_4_winner,LoL: Misa Esports vs PCIFIC  - Game 4 Winner,Misa Esports,PCIFIC ,0.5050,0.4950,clob_mid,0
2026-05-29T22:55:02Z,lol-es1-g2nord-2026-05-30,LoL: Eintracht Spandau vs G2 NORD (BO5) - Prime League 1st Division Playoffs,2026-05-30T00:00:00+00:00,Prime League 1st Division Playoffs,5,Eintracht Spandau,G2 NORD,game_handicap,Game Handicap: ES (-1.5) vs G2 NORD (+1.5),Eintracht Spandau,G2 NORD,0.2200,0.7800,clob_mid,1319
2026-05-29T22:55:02Z,lol-es1-g2nord-2026-05-30,LoL: Eintracht Spandau vs G2 NORD (BO5) - Prime League 1st Division Playoffs,2026-05-30T00:00:00+00:00,Prime League 1st Division Playoffs,5,Eintracht Spandau,G2 NORD,game_handicap,Game Handicap: ES (-2.5) vs G2 NORD (+2.5),Eintracht Spandau,G2 NORD,0.1750,0.8250,clob_mid,0
2026-05-29T22:55:02Z,lol-es1-g2nord-2026-05-30,LoL: Eintracht Spandau vs G2 NORD (BO5) - Prime League 1st Division Playoffs,2026-05-30T00:00:00+00:00,Prime League 1st Division Playoffs,5,Eintracht Spandau,G2 NORD,match_winner,LoL: Eintracht Spandau vs G2 NORD (BO5) - Prime League 1st Division Playoffs,Eintracht Spandau,G2 NORD,0.4350,0.5650,clob_mid,15314
2026-05-29T22:55:02Z,lol-es1-g2nord-2026-05-30,LoL: Eintracht Spandau vs G2 NORD (BO5) - Prime League 1st Division Playoffs,2026-05-30T00:00:00+00:00,Prime League 1st Division Playoffs,5,Eintracht Spandau,G2 NORD,game_1_winner,LoL: Eintracht Spandau vs G2 NORD - Game 1 Winner,Eintracht Spandau,G2 NORD,0.4450,0.5550,clob_mid,4022
2026-05-29T22:55:02Z,lol-es1-g2nord-2026-05-30,LoL: Eintracht Spandau vs G2 NORD (BO5) - Prime League 1st Division Playoffs,2026-05-30T00:00:00+00:00,Prime League 1st Division Playoffs,5,Eintracht Spandau,G2 NORD,game_2_winner,LoL: Eintracht Spandau vs G2 NORD - Game 2 Winner,Eintracht Spandau,G2 NORD,0.4300,0.5700,clob_mid,2193
2026-05-29T22:55:02Z,lol-es1-g2nord-2026-05-30,LoL: Eintracht Spandau vs G2 NORD (BO5) - Prime League 1st Division Playoffs,2026-05-30T00:00:00+00:00,Prime League 1st Division Playoffs,5,Eintracht Spandau,G2 NORD,game_3_winner,LoL: Eintracht Spandau vs G2 NORD - Game 3 Winner,Eintracht Spandau,G2 NORD,0.4400,0.5600,clob_mid,2755
2026-05-29T22:55:02Z,lol-es1-g2nord-2026-05-30,LoL: Eintracht Spandau vs G2 NORD (BO5) - Prime League 1st Division Playoffs,2026-05-30T00:00:00+00:00,Prime League 1st Division Playoffs,5,Eintracht Spandau,G2 NORD,game_4_winner,LoL: Eintracht Spandau vs G2 NORD - Game 4 Winner,Eintracht Spandau,G2 NORD,0.5150,0.4850,clob_mid,0
2026-05-29T22:55:02Z,lol-es1-g2nord-2026-05-30,LoL: Eintracht Spandau vs G2 NORD (BO5) - Prime League 1st Division Playoffs,2026-05-30T00:00:00+00:00,Prime League 1st Division Playoffs,5,Eintracht Spandau,G2 NORD,game_handicap,Game Handicap: G2N (-1.5) vs Eintracht Spandau (+1.5),G2 NORD,Eintracht Spandau,0.5100,0.4900,clob_mid,0
2026-05-29T22:55:02Z,lol-es1-g2nord-2026-05-30,LoL: Eintracht Spandau vs G2 NORD (BO5) - Prime League 1st Division Playoffs,2026-05-30T00:00:00+00:00,Prime League 1st Division Playoffs,5,Eintracht Spandau,G2 NORD,game_handicap,Game Handicap: G2N (-2.5) vs Eintracht Spandau (+2.5),G2 NORD,Eintracht Spandau,0.5050,0.4950,clob_mid,0
2026-05-29T22:55:02Z,lol-ronald-bublik-2026-05-29,LoL: Ronaldo Team vs Bubliki (BO5) - LPLOL Playoffs,2026-05-29T00:00:00+00:00,LPLOL Playoffs,5,Ronaldo Team,Bubliki,game_handicap,Game Handicap: Ronaldo Team (-1.5) vs Bubliki (+1.5),Ronaldo Team,Bubliki,0.0005,0.9995,clob_mid,581
2026-05-29T22:55:02Z,lol-ronald-bublik-2026-05-29,LoL: Ronaldo Team vs Bubliki (BO5) - LPLOL Playoffs,2026-05-29T00:00:00+00:00,LPLOL Playoffs,5,Ronaldo Team,Bubliki,game_handicap,Game Handicap: Ronaldo Team (-2.5) vs Bubliki (+2.5),Ronaldo Team,Bubliki,0.0005,0.9995,clob_mid,15
2026-05-29T22:55:02Z,lol-ronald-bublik-2026-05-29,LoL: Ronaldo Team vs Bubliki (BO5) - LPLOL Playoffs,2026-05-29T00:00:00+00:00,LPLOL Playoffs,5,Ronaldo Team,Bubliki,match_winner,LoL: Ronaldo Team vs Bubliki (BO5) - LPLOL Playoffs,Ronaldo Team,Bubliki,0.0005,0.9995,clob_mid,134532
2026-05-29T22:55:02Z,lol-ronald-bublik-2026-05-29,LoL: Ronaldo Team vs Bubliki (BO5) - LPLOL Playoffs,2026-05-29T00:00:00+00:00,LPLOL Playoffs,5,Ronaldo Team,Bubliki,game_1_winner,LoL: Ronaldo Team vs Bubliki - Game 1 Winner,Ronaldo Team,Bubliki,0.0000,1.0000,gamma_last,15843
2026-05-29T22:55:02Z,lol-ronald-bublik-2026-05-29,LoL: Ronaldo Team vs Bubliki (BO5) - LPLOL Playoffs,2026-05-29T00:00:00+00:00,LPLOL Playoffs,5,Ronaldo Team,Bubliki,game_2_winner,LoL: Ronaldo Team vs Bubliki - Game 2 Winner,Ronaldo Team,Bubliki,1.0000,0.0000,gamma_last,26051
2026-05-29T22:55:02Z,lol-ronald-bublik-2026-05-29,LoL: Ronaldo Team vs Bubliki (BO5) - LPLOL Playoffs,2026-05-29T00:00:00+00:00,LPLOL Playoffs,5,Ronaldo Team,Bubliki,game_3_winner,LoL: Ronaldo Team vs Bubliki - Game 3 Winner,Ronaldo Team,Bubliki,0.0000,1.0000,gamma_last,13833
2026-05-29T22:55:02Z,lol-ronald-bublik-2026-05-29,LoL: Ronaldo Team vs Bubliki (BO5) - LPLOL Playoffs,2026-05-29T00:00:00+00:00,LPLOL Playoffs,5,Ronaldo Team,Bubliki,game_4_winner,LoL: Ronaldo Team vs Bubliki - Game 4 Winner,Ronaldo Team,Bubliki,0.0005,0.9995,clob_mid,37039
2026-05-29T22:55:02Z,lol-ronald-bublik-2026-05-29,LoL: Ronaldo Team vs Bubliki (BO5) - LPLOL Playoffs,2026-05-29T00:00:00+00:00,LPLOL Playoffs,5,Ronaldo Team,Bubliki,game_handicap,Game Handicap: Bubliki (-1.5) vs Ronaldo Team (+1.5),Bubliki,Ronaldo Team,0.9950,0.0050,clob_mid,200
2026-05-29T22:55:02Z,lol-ronald-bublik-2026-05-29,LoL: Ronaldo Team vs Bubliki (BO5) - LPLOL Playoffs,2026-05-29T00:00:00+00:00,LPLOL Playoffs,5,Ronaldo Team,Bubliki,game_handicap,Game Handicap: Bubliki (-2.5) vs Ronaldo Team (+2.5),Bubliki,Ronaldo Team,0.0005,0.9995,clob_mid,20
2026-05-29T22:55:02Z,lol-hmble-gmb-2026-05-29,LoL: HMBLE vs GMBLERS ESPORTS (BO5) - LIT Playoffs,2026-05-29T00:00:00+00:00,LIT Playoffs,5,HMBLE,GMBLERS ESPORTS,match_winner,LoL: HMBLE vs GMBLERS ESPORTS (BO5) - LIT Playoffs,HMBLE,GMBLERS ESPORTS,1.0000,0.0000,gamma_last,19813
2026-05-29T22:55:02Z,lol-hmble-gmb-2026-05-29,LoL: HMBLE vs GMBLERS ESPORTS (BO5) - LIT Playoffs,2026-05-29T00:00:00+00:00,LIT Playoffs,5,HMBLE,GMBLERS ESPORTS,game_1_winner,LoL: HMBLE vs GMBLERS ESPORTS - Game 1 Winner,HMBLE,GMBLERS ESPORTS,1.0000,0.0000,gamma_last,9498
2026-05-29T22:55:02Z,lol-hmble-gmb-2026-05-29,LoL: HMBLE vs GMBLERS ESPORTS (BO5) - LIT Playoffs,2026-05-29T00:00:00+00:00,LIT Playoffs,5,HMBLE,GMBLERS ESPORTS,game_2_winner,LoL: HMBLE vs GMBLERS ESPORTS - Game 2 Winner,HMBLE,GMBLERS ESPORTS,1.0000,0.0000,gamma_last,6268
2026-05-29T22:55:02Z,lol-hmble-gmb-2026-05-29,LoL: HMBLE vs GMBLERS ESPORTS (BO5) - LIT Playoffs,2026-05-29T00:00:00+00:00,LIT Playoffs,5,HMBLE,GMBLERS ESPORTS,game_3_winner,LoL: HMBLE vs GMBLERS ESPORTS - Game 3 Winner,HMBLE,GMBLERS ESPORTS,1.0000,0.0000,gamma_last,4669
2026-05-29T22:55:02Z,lol-hmble-gmb-2026-05-29,LoL: HMBLE vs GMBLERS ESPORTS (BO5) - LIT Playoffs,2026-05-29T00:00:00+00:00,LIT Playoffs,5,HMBLE,GMBLERS ESPORTS,game_4_winner,LoL: HMBLE vs GMBLERS ESPORTS - Game 4 Winner,HMBLE,GMBLERS ESPORTS,0.5000,0.5000,gamma_last,242
2026-05-29T22:55:02Z,lol-hmble-gmb-2026-05-29,LoL: HMBLE vs GMBLERS ESPORTS (BO5) - LIT Playoffs,2026-05-29T00:00:00+00:00,LIT Playoffs,5,HMBLE,GMBLERS ESPORTS,game_handicap,Game Handicap: HMBLE (-1.5) vs GMBLERS ESPORTS (+1.5),HMBLE,GMBLERS ESPORTS,1.0000,0.0000,gamma_last,2185
2026-05-29T22:55:02Z,lol-hmble-gmb-2026-05-29,LoL: HMBLE vs GMBLERS ESPORTS (BO5) - LIT Playoffs,2026-05-29T00:00:00+00:00,LIT Playoffs,5,HMBLE,GMBLERS ESPORTS,game_handicap,Game Handicap: HMBLE (-2.5) vs GMBLERS ESPORTS (+2.5),HMBLE,GMBLERS ESPORTS,1.0000,0.0000,gamma_last,7454
2026-05-29T22:55:02Z,lol-bce-bombat-2026-05-30,LoL: Barcząca Esports vs BOMBA Team (BO5) - Rift Legends Playoffs,2026-05-30T00:00:00+00:00,Rift Legends Playoffs,5,Barcząca Esports,BOMBA Team,match_winner,LoL: Barcząca Esports vs BOMBA Team (BO5) - Rift Legends Playoffs,Barcząca Esports,BOMBA Team,0.5150,0.4850,clob_mid,36
2026-05-29T22:55:02Z,lol-bce-bombat-2026-05-30,LoL: Barcząca Esports vs BOMBA Team (BO5) - Rift Legends Playoffs,2026-05-30T00:00:00+00:00,Rift Legends Playoffs,5,Barcząca Esports,BOMBA Team,game_1_winner,LoL: Barcząca Esports vs BOMBA Team - Game 1 Winner,Barcząca Esports,BOMBA Team,0.5200,0.4800,clob_mid,0
2026-05-29T22:55:02Z,lol-bce-bombat-2026-05-30,LoL: Barcząca Esports vs BOMBA Team (BO5) - Rift Legends Playoffs,2026-05-30T00:00:00+00:00,Rift Legends Playoffs,5,Barcząca Esports,BOMBA Team,game_2_winner,LoL: Barcząca Esports vs BOMBA Team - Game 2 Winner,Barcząca Esports,BOMBA Team,0.3700,0.6300,clob_mid,3
2026-05-29T22:55:02Z,lol-bce-bombat-2026-05-30,LoL: Barcząca Esports vs BOMBA Team (BO5) - Rift Legends Playoffs,2026-05-30T00:00:00+00:00,Rift Legends Playoffs,5,Barcząca Esports,BOMBA Team,game_3_winner,LoL: Barcząca Esports vs BOMBA Team - Game 3 Winner,Barcząca Esports,BOMBA Team,0.3850,0.6150,clob_mid,0
2026-05-29T22:55:02Z,lol-bce-bombat-2026-05-30,LoL: Barcząca Esports vs BOMBA Team (BO5) - Rift Legends Playoffs,2026-05-30T00:00:00+00:00,Rift Legends Playoffs,5,Barcząca Esports,BOMBA Team,game_4_winner,LoL: Barcząca Esports vs BOMBA Team - Game 4 Winner,Barcząca Esports,BOMBA Team,0.5000,0.5000,clob_mid,0
2026-05-29T22:55:02Z,lol-bce-bombat-2026-05-30,LoL: Barcząca Esports vs BOMBA Team (BO5) - Rift Legends Playoffs,2026-05-30T00:00:00+00:00,Rift Legends Playoffs,5,Barcząca Esports,BOMBA Team,game_handicap,Game Handicap: BCE (-1.5) vs BOMBA Team (+1.5),Barcząca Esports,BOMBA Team,0.3600,0.6400,clob_mid,0
2026-05-29T22:55:02Z,lol-bce-bombat-2026-05-30,LoL: Barcząca Esports vs BOMBA Team (BO5) - Rift Legends Playoffs,2026-05-30T00:00:00+00:00,Rift Legends Playoffs,5,Barcząca Esports,BOMBA Team,game_handicap,Game Handicap: BCE (-2.5) vs BOMBA Team (+2.5),Barcząca Esports,BOMBA Team,0.5000,0.5000,clob_mid,0
2026-05-29T22:55:02Z,lol-vksa-kbm-2026-06-01,LoL: Vivo Keyd Stars Academy vs KaBuM! Ilha das Lendas (BO5) - Circuito Desafiante Playoffs,2026-06-01T00:00:00+00:00,Circuito Desafiante Playoffs,5,Vivo Keyd Stars Academy,KaBuM! Ilha das Lendas,match_winner,LoL: Vivo Keyd Stars Academy vs KaBuM! Ilha das Lendas (BO5) - Circuito Desafiante Playoffs,Vivo Keyd Stars Academy,KaBuM! Ilha das Lendas,0.4700,0.5300,clob_mid,8
2026-05-29T22:55:02Z,lol-vksa-kbm-2026-06-01,LoL: Vivo Keyd Stars Academy vs KaBuM! Ilha das Lendas (BO5) - Circuito Desafiante Playoffs,2026-06-01T00:00:00+00:00,Circuito Desafiante Playoffs,5,Vivo Keyd Stars Academy,KaBuM! Ilha das Lendas,game_1_winner,LoL: Vivo Keyd Stars Academy vs KaBuM! Ilha das Lendas - Game 1 Winner,Vivo Keyd Stars Academy,KaBuM! Ilha das Lendas,0.4800,0.5200,clob_mid,0
2026-05-29T22:55:02Z,lol-vksa-kbm-2026-06-01,LoL: Vivo Keyd Stars Academy vs KaBuM! Ilha das Lendas (BO5) - Circuito Desafiante Playoffs,2026-06-01T00:00:00+00:00,Circuito Desafiante Playoffs,5,Vivo Keyd Stars Academy,KaBuM! Ilha das Lendas,game_2_winner,LoL: Vivo Keyd Stars Academy vs KaBuM! Ilha das Lendas - Game 2 Winner,Vivo Keyd Stars Academy,KaBuM! Ilha das Lendas,0.4800,0.5200,clob_mid,0
2026-05-29T22:55:02Z,lol-vksa-kbm-2026-06-01,LoL: Vivo Keyd Stars Academy vs KaBuM! Ilha das Lendas (BO5) - Circuito Desafiante Playoffs,2026-06-01T00:00:00+00:00,Circuito Desafiante Playoffs,5,Vivo Keyd Stars Academy,KaBuM! Ilha das Lendas,game_3_winner,LoL: Vivo Keyd Stars Academy vs KaBuM! Ilha das Lendas - Game 3 Winner,Vivo Keyd Stars Academy,KaBuM! Ilha das Lendas,0.4900,0.5100,clob_mid,0
2026-05-29T22:55:02Z,lol-vksa-kbm-2026-06-01,LoL: Vivo Keyd Stars Academy vs KaBuM! Ilha das Lendas (BO5) - Circuito Desafiante Playoffs,2026-06-01T00:00:00+00:00,Circuito Desafiante Playoffs,5,Vivo Keyd Stars Academy,KaBuM! Ilha das Lendas,game_4_winner,LoL: Vivo Keyd Stars Academy vs KaBuM! Ilha das Lendas - Game 4 Winner,Vivo Keyd Stars Academy,KaBuM! Ilha das Lendas,0.5050,0.4950,clob_mid,0
2026-05-29T22:55:02Z,lol-vksa-kbm-2026-06-01,LoL: Vivo Keyd Stars Academy vs KaBuM! Ilha das Lendas (BO5) - Circuito Desafiante Playoffs,2026-06-01T00:00:00+00:00,Circuito Desafiante Playoffs,5,Vivo Keyd Stars Academy,KaBuM! Ilha das Lendas,game_handicap,Game Handicap: KBM (-1.5) vs Vivo Keyd Stars Academy (+1.5),KaBuM! Ilha das Lendas,Vivo Keyd Stars Academy,0.5000,0.5000,clob_mid,0
2026-05-29T22:55:02Z,lol-vksa-kbm-2026-06-01,LoL: Vivo Keyd Stars Academy vs KaBuM! Ilha das Lendas (BO5) - Circuito Desafiante Playoffs,2026-06-01T00:00:00+00:00,Circuito Desafiante Playoffs,5,Vivo Keyd Stars Academy,KaBuM! Ilha das Lendas,game_handicap,Game Handicap: KBM (-2.5) vs Vivo Keyd Stars Academy (+2.5),KaBuM! Ilha das Lendas,Vivo Keyd Stars Academy,0.1350,0.8650,clob_mid,0
2026-05-29T22:55:02Z,lol-jdg-tes-2026-05-31,LoL: JD Gaming vs Top Esports (BO5) - LPL Playoffs,2026-05-31T00:00:00+00:00,LPL Playoffs,5,JD Gaming,Top Esports,match_winner,LoL: JD Gaming vs Top Esports (BO5) - LPL Playoffs,JD Gaming,Top Esports,0.5800,0.4200,clob_mid,228
2026-05-29T22:55:02Z,lol-jdg-tes-2026-05-31,LoL: JD Gaming vs Top Esports (BO5) - LPL Playoffs,2026-05-31T00:00:00+00:00,LPL Playoffs,5,JD Gaming,Top Esports,game_1_winner,LoL: JD Gaming vs Top Esports - Game 1 Winner,JD Gaming,Top Esports,0.5150,0.4850,clob_mid,0
2026-05-29T22:55:02Z,lol-jdg-tes-2026-05-31,LoL: JD Gaming vs Top Esports (BO5) - LPL Playoffs,2026-05-31T00:00:00+00:00,LPL Playoffs,5,JD Gaming,Top Esports,game_2_winner,LoL: JD Gaming vs Top Esports - Game 2 Winner,JD Gaming,Top Esports,0.5250,0.4750,clob_mid,0
2026-05-29T22:55:02Z,lol-jdg-tes-2026-05-31,LoL: JD Gaming vs Top Esports (BO5) - LPL Playoffs,2026-05-31T00:00:00+00:00,LPL Playoffs,5,JD Gaming,Top Esports,game_3_winner,LoL: JD Gaming vs Top Esports - Game 3 Winner,JD Gaming,Top Esports,0.4750,0.5250,clob_mid,0
2026-05-29T22:55:02Z,lol-jdg-tes-2026-05-31,LoL: JD Gaming vs Top Esports (BO5) - LPL Playoffs,2026-05-31T00:00:00+00:00,LPL Playoffs,5,JD Gaming,Top Esports,game_4_winner,LoL: JD Gaming vs Top Esports - Game 4 Winner,JD Gaming,Top Esports,0.5000,0.5000,clob_mid,0
2026-05-29T22:55:02Z,lol-jdg-tes-2026-05-31,LoL: JD Gaming vs Top Esports (BO5) - LPL Playoffs,2026-05-31T00:00:00+00:00,LPL Playoffs,5,JD Gaming,Top Esports,game_handicap,Game Handicap: JDG (-1.5) vs Top Esports (+1.5),JD Gaming,Top Esports,0.3600,0.6400,clob_mid,0
2026-05-29T22:55:02Z,lol-jdg-tes-2026-05-31,LoL: JD Gaming vs Top Esports (BO5) - LPL Playoffs,2026-05-31T00:00:00+00:00,LPL Playoffs,5,JD Gaming,Top Esports,game_handicap,Game Handicap: JDG (-2.5) vs Top Esports (+2.5),JD Gaming,Top Esports,0.4950,0.5050,clob_mid,0
2026-05-29T22:55:02Z,lol-tt-lgd-2026-06-02,LoL: ThunderTalk Gaming vs LGD Gaming (BO5) - LPL Playoffs,2026-06-02T00:00:00+00:00,LPL Playoffs,5,ThunderTalk Gaming,LGD Gaming,match_winner,LoL: ThunderTalk Gaming vs LGD Gaming (BO5) - LPL Playoffs,ThunderTalk Gaming,LGD Gaming,0.5750,0.4250,clob_mid,25
2026-05-29T22:55:02Z,lol-tt-lgd-2026-06-02,LoL: ThunderTalk Gaming vs LGD Gaming (BO5) - LPL Playoffs,2026-06-02T00:00:00+00:00,LPL Playoffs,5,ThunderTalk Gaming,LGD Gaming,game_1_winner,LoL: ThunderTalk Gaming vs LGD Gaming - Game 1 Winner,ThunderTalk Gaming,LGD Gaming,0.5400,0.4600,clob_mid,0
2026-05-29T22:55:02Z,lol-tt-lgd-2026-06-02,LoL: ThunderTalk Gaming vs LGD Gaming (BO5) - LPL Playoffs,2026-06-02T00:00:00+00:00,LPL Playoffs,5,ThunderTalk Gaming,LGD Gaming,game_2_winner,LoL: ThunderTalk Gaming vs LGD Gaming - Game 2 Winner,ThunderTalk Gaming,LGD Gaming,0.5400,0.4600,clob_mid,0
2026-05-29T22:55:02Z,lol-tt-lgd-2026-06-02,LoL: ThunderTalk Gaming vs LGD Gaming (BO5) - LPL Playoffs,2026-06-02T00:00:00+00:00,LPL Playoffs,5,ThunderTalk Gaming,LGD Gaming,game_3_winner,LoL: ThunderTalk Gaming vs LGD Gaming - Game 3 Winner,ThunderTalk Gaming,LGD Gaming,0.4900,0.5100,clob_mid,0
2026-05-29T22:55:02Z,lol-tt-lgd-2026-06-02,LoL: ThunderTalk Gaming vs LGD Gaming (BO5) - LPL Playoffs,2026-06-02T00:00:00+00:00,LPL Playoffs,5,ThunderTalk Gaming,LGD Gaming,game_4_winner,LoL: ThunderTalk Gaming vs LGD Gaming - Game 4 Winner,ThunderTalk Gaming,LGD Gaming,0.5000,0.5000,clob_mid,0
2026-05-29T22:55:02Z,lol-tt-lgd-2026-06-02,LoL: ThunderTalk Gaming vs LGD Gaming (BO5) - LPL Playoffs,2026-06-02T00:00:00+00:00,LPL Playoffs,5,ThunderTalk Gaming,LGD Gaming,game_handicap,Game Handicap: TT (-1.5) vs LGD Gaming (+1.5),ThunderTalk Gaming,LGD Gaming,0.3800,0.6200,clob_mid,0
2026-05-29T22:55:02Z,lol-tt-lgd-2026-06-02,LoL: ThunderTalk Gaming vs LGD Gaming (BO5) - LPL Playoffs,2026-06-02T00:00:00+00:00,LPL Playoffs,5,ThunderTalk Gaming,LGD Gaming,game_handicap,Game Handicap: TT (-2.5) vs LGD Gaming (+2.5),ThunderTalk Gaming,LGD Gaming,0.5000,0.5000,clob_mid,0
2026-05-29T22:55:02Z,lol-sly-gal-2026-06-03,LoL: Solary vs Galions (BO5) - LFL Playoffs,2026-06-03T00:00:00+00:00,LFL Playoffs,5,Solary,Galions,match_winner,LoL: Solary vs Galions (BO5) - LFL Playoffs,Solary,Galions,0.5000,0.5000,clob_mid,0
2026-05-29T22:55:02Z,lol-sly-gal-2026-06-03,LoL: Solary vs Galions (BO5) - LFL Playoffs,2026-06-03T00:00:00+00:00,LFL Playoffs,5,Solary,Galions,game_1_winner,LoL: Solary vs Galions - Game 1 Winner,Solary,Galions,0.5100,0.4900,clob_mid,0
2026-05-29T22:55:02Z,lol-sly-gal-2026-06-03,LoL: Solary vs Galions (BO5) - LFL Playoffs,2026-06-03T00:00:00+00:00,LFL Playoffs,5,Solary,Galions,game_2_winner,LoL: Solary vs Galions - Game 2 Winner,Solary,Galions,0.5000,0.5000,clob_mid,0
2026-05-29T22:55:02Z,lol-sly-gal-2026-06-03,LoL: Solary vs Galions (BO5) - LFL Playoffs,2026-06-03T00:00:00+00:00,LFL Playoffs,5,Solary,Galions,game_3_winner,LoL: Solary vs Galions - Game 3 Winner,Solary,Galions,0.5100,0.4900,clob_mid,0
2026-05-29T22:55:02Z,lol-sly-gal-2026-06-03,LoL: Solary vs Galions (BO5) - LFL Playoffs,2026-06-03T00:00:00+00:00,LFL Playoffs,5,Solary,Galions,game_4_winner,LoL: Solary vs Galions - Game 4 Winner,Solary,Galions,0.5050,0.4950,clob_mid,0
2026-05-29T22:55:02Z,lol-sly-gal-2026-06-03,LoL: Solary vs Galions (BO5) - LFL Playoffs,2026-06-03T00:00:00+00:00,LFL Playoffs,5,Solary,Galions,game_handicap,Game Handicap: SLY (-1.5) vs Galions (+1.5),Solary,Galions,0.5200,0.4800,clob_mid,0
2026-05-29T22:55:02Z,lol-sly-gal-2026-06-03,LoL: Solary vs Galions (BO5) - LFL Playoffs,2026-06-03T00:00:00+00:00,LFL Playoffs,5,Solary,Galions,game_handicap,Game Handicap: SLY (-2.5) vs Galions (+2.5),Solary,Galions,0.4600,0.5400,clob_mid,0
2026-06-02T15:41:47Z,lol-hrts-bar-2026-06-03,LoL: Team Heretics Academy vs Barça eSports (BO5) - LES Playoffs,2026-06-03T00:00:00+00:00,LES Playoffs,5,Team Heretics Academy,Barça eSports,game_handicap,Game Handicap: HRTS (-1.5) vs Barça eSports (+1.5),Team Heretics Academy,Barça eSports,0.6000,0.4000,clob_mid,22
2026-06-02T15:41:47Z,lol-hrts-bar-2026-06-03,LoL: Team Heretics Academy vs Barça eSports (BO5) - LES Playoffs,2026-06-03T00:00:00+00:00,LES Playoffs,5,Team Heretics Academy,Barça eSports,game_handicap,Game Handicap: HRTS (-2.5) vs Barça eSports (+2.5),Team Heretics Academy,Barça eSports,0.4950,0.5050,clob_mid,0
2026-06-02T15:41:47Z,lol-hrts-bar-2026-06-03,LoL: Team Heretics Academy vs Barça eSports (BO5) - LES Playoffs,2026-06-03T00:00:00+00:00,LES Playoffs,5,Team Heretics Academy,Barça eSports,match_winner,LoL: Team Heretics Academy vs Barça eSports (BO5) - LES Playoffs,Team Heretics Academy,Barça eSports,0.7650,0.2350,clob_mid,990
2026-06-02T15:41:47Z,lol-hrts-bar-2026-06-03,LoL: Team Heretics Academy vs Barça eSports (BO5) - LES Playoffs,2026-06-03T00:00:00+00:00,LES Playoffs,5,Team Heretics Academy,Barça eSports,game_1_winner,LoL: Team Heretics Academy vs Barça eSports - Game 1 Winner,Team Heretics Academy,Barça eSports,0.6550,0.3450,clob_mid,0
2026-06-02T15:41:47Z,lol-hrts-bar-2026-06-03,LoL: Team Heretics Academy vs Barça eSports (BO5) - LES Playoffs,2026-06-03T00:00:00+00:00,LES Playoffs,5,Team Heretics Academy,Barça eSports,game_2_winner,LoL: Team Heretics Academy vs Barça eSports - Game 2 Winner,Team Heretics Academy,Barça eSports,0.6550,0.3450,clob_mid,0
2026-06-02T15:41:47Z,lol-hrts-bar-2026-06-03,LoL: Team Heretics Academy vs Barça eSports (BO5) - LES Playoffs,2026-06-03T00:00:00+00:00,LES Playoffs,5,Team Heretics Academy,Barça eSports,game_3_winner,LoL: Team Heretics Academy vs Barça eSports - Game 3 Winner,Team Heretics Academy,Barça eSports,0.6700,0.3300,clob_mid,0
2026-06-02T15:41:47Z,lol-hrts-bar-2026-06-03,LoL: Team Heretics Academy vs Barça eSports (BO5) - LES Playoffs,2026-06-03T00:00:00+00:00,LES Playoffs,5,Team Heretics Academy,Barça eSports,game_4_winner,LoL: Team Heretics Academy vs Barça eSports - Game 4 Winner,Team Heretics Academy,Barça eSports,0.7200,0.2800,clob_mid,0
2026-06-02T15:41:47Z,lol-koia-ucam1-2026-06-04,LoL: ⁠Movistar KOI Fénix vs UCAM Esports Club (BO5) - LES Playoffs,2026-06-04T00:00:00+00:00,LES Playoffs,5,⁠Movistar KOI Fénix,UCAM Esports Club,match_winner,LoL: ⁠Movistar KOI Fénix vs UCAM Esports Club (BO5) - LES Playoffs,⁠Movistar KOI Fénix,UCAM Esports Club,0.6050,0.3950,clob_mid,279
2026-06-02T15:41:47Z,lol-koia-ucam1-2026-06-04,LoL: ⁠Movistar KOI Fénix vs UCAM Esports Club (BO5) - LES Playoffs,2026-06-04T00:00:00+00:00,LES Playoffs,5,⁠Movistar KOI Fénix,UCAM Esports Club,game_1_winner,LoL: ⁠Movistar KOI Fénix vs UCAM Esports Club - Game 1 Winner,⁠Movistar KOI Fénix,UCAM Esports Club,0.5450,0.4550,clob_mid,0
2026-06-02T15:41:47Z,lol-koia-ucam1-2026-06-04,LoL: ⁠Movistar KOI Fénix vs UCAM Esports Club (BO5) - LES Playoffs,2026-06-04T00:00:00+00:00,LES Playoffs,5,⁠Movistar KOI Fénix,UCAM Esports Club,game_2_winner,LoL: ⁠Movistar KOI Fénix vs UCAM Esports Club - Game 2 Winner,⁠Movistar KOI Fénix,UCAM Esports Club,0.5450,0.4550,clob_mid,0
2026-06-02T15:41:47Z,lol-koia-ucam1-2026-06-04,LoL: ⁠Movistar KOI Fénix vs UCAM Esports Club (BO5) - LES Playoffs,2026-06-04T00:00:00+00:00,LES Playoffs,5,⁠Movistar KOI Fénix,UCAM Esports Club,game_3_winner,LoL: ⁠Movistar KOI Fénix vs UCAM Esports Club - Game 3 Winner,⁠Movistar KOI Fénix,UCAM Esports Club,0.5550,0.4450,clob_mid,0
2026-06-02T15:41:47Z,lol-koia-ucam1-2026-06-04,LoL: ⁠Movistar KOI Fénix vs UCAM Esports Club (BO5) - LES Playoffs,2026-06-04T00:00:00+00:00,LES Playoffs,5,⁠Movistar KOI Fénix,UCAM Esports Club,game_4_winner,LoL: ⁠Movistar KOI Fénix vs UCAM Esports Club - Game 4 Winner,⁠Movistar KOI Fénix,UCAM Esports Club,0.5050,0.4950,clob_mid,0
2026-06-02T15:41:47Z,lol-koia-ucam1-2026-06-04,LoL: ⁠Movistar KOI Fénix vs UCAM Esports Club (BO5) - LES Playoffs,2026-06-04T00:00:00+00:00,LES Playoffs,5,⁠Movistar KOI Fénix,UCAM Esports Club,game_handicap,Game Handicap: MKF (-1.5) vs UCAM Esports Club (+1.5),⁠Movistar KOI Fénix,UCAM Esports Club,0.5000,0.5000,clob_mid,0
2026-06-02T15:41:47Z,lol-koia-ucam1-2026-06-04,LoL: ⁠Movistar KOI Fénix vs UCAM Esports Club (BO5) - LES Playoffs,2026-06-04T00:00:00+00:00,LES Playoffs,5,⁠Movistar KOI Fénix,UCAM Esports Club,game_handicap,Game Handicap: MKF (-2.5) vs UCAM Esports Club (+2.5),⁠Movistar KOI Fénix,UCAM Esports Club,0.5100,0.4900,clob_mid,0
2026-06-02T15:41:47Z,lol-c9-ly-2026-06-07,LoL: Cloud9 vs LYON (BO5) - LCS Playoffs,2026-06-07T00:00:00+00:00,LCS Playoffs,5,Cloud9,LYON,match_winner,LoL: Cloud9 vs LYON (BO5) - LCS Playoffs,Cloud9,LYON,0.5750,0.4250,clob_mid,7024
2026-06-02T15:41:47Z,lol-c9-ly-2026-06-07,LoL: Cloud9 vs LYON (BO5) - LCS Playoffs,2026-06-07T00:00:00+00:00,LCS Playoffs,5,Cloud9,LYON,game_1_winner,LoL: Cloud9 vs LYON - Game 1 Winner,Cloud9,LYON,0.5500,0.4500,clob_mid,40
2026-06-02T15:41:47Z,lol-c9-ly-2026-06-07,LoL: Cloud9 vs LYON (BO5) - LCS Playoffs,2026-06-07T00:00:00+00:00,LCS Playoffs,5,Cloud9,LYON,game_2_winner,LoL: Cloud9 vs LYON - Game 2 Winner,Cloud9,LYON,0.5450,0.4550,clob_mid,0
2026-06-02T15:41:47Z,lol-c9-ly-2026-06-07,LoL: Cloud9 vs LYON (BO5) - LCS Playoffs,2026-06-07T00:00:00+00:00,LCS Playoffs,5,Cloud9,LYON,game_3_winner,LoL: Cloud9 vs LYON - Game 3 Winner,Cloud9,LYON,0.5000,0.5000,clob_mid,0
2026-06-02T15:41:47Z,lol-c9-ly-2026-06-07,LoL: Cloud9 vs LYON (BO5) - LCS Playoffs,2026-06-07T00:00:00+00:00,LCS Playoffs,5,Cloud9,LYON,game_4_winner,LoL: Cloud9 vs LYON - Game 4 Winner,Cloud9,LYON,0.5150,0.4850,clob_mid,0
2026-06-02T15:41:47Z,lol-c9-ly-2026-06-07,LoL: Cloud9 vs LYON (BO5) - LCS Playoffs,2026-06-07T00:00:00+00:00,LCS Playoffs,5,Cloud9,LYON,game_handicap,Game Handicap: C9 (-1.5) vs LYON (+1.5),Cloud9,LYON,0.4000,0.6000,clob_mid,0
2026-06-02T15:41:47Z,lol-c9-ly-2026-06-07,LoL: Cloud9 vs LYON (BO5) - LCS Playoffs,2026-06-07T00:00:00+00:00,LCS Playoffs,5,Cloud9,LYON,game_handicap,Game Handicap: C9 (-2.5) vs LYON (+2.5),Cloud9,LYON,0.5000,0.5000,clob_mid,0
2026-06-02T15:41:47Z,lol-me1-pcific-2026-06-05,LoL: Misa Esports vs PCIFIC  (BO5) - TCL Playoffs,2026-06-05T00:00:00+00:00,TCL Playoffs,5,Misa Esports,PCIFIC,game_handicap,Game Handicap: ME (-1.5) vs PCIFIC  (+1.5),Misa Esports,PCIFIC ,0.5000,0.5000,clob_mid,0
2026-06-02T15:41:47Z,lol-me1-pcific-2026-06-05,LoL: Misa Esports vs PCIFIC  (BO5) - TCL Playoffs,2026-06-05T00:00:00+00:00,TCL Playoffs,5,Misa Esports,PCIFIC,game_handicap,Game Handicap: ME (-2.5) vs PCIFIC  (+2.5),Misa Esports,PCIFIC ,0.5250,0.4750,clob_mid,10
2026-06-02T15:41:47Z,lol-me1-pcific-2026-06-05,LoL: Misa Esports vs PCIFIC  (BO5) - TCL Playoffs,2026-06-05T00:00:00+00:00,TCL Playoffs,5,Misa Esports,PCIFIC,match_winner,LoL: Misa Esports vs PCIFIC  (BO5) - TCL Playoffs,Misa Esports,PCIFIC ,0.8900,0.1100,clob_mid,307
2026-06-02T15:41:47Z,lol-me1-pcific-2026-06-05,LoL: Misa Esports vs PCIFIC  (BO5) - TCL Playoffs,2026-06-05T00:00:00+00:00,TCL Playoffs,5,Misa Esports,PCIFIC,game_1_winner,LoL: Misa Esports vs PCIFIC  - Game 1 Winner,Misa Esports,PCIFIC ,0.7850,0.2150,clob_mid,0
2026-06-02T15:41:47Z,lol-me1-pcific-2026-06-05,LoL: Misa Esports vs PCIFIC  (BO5) - TCL Playoffs,2026-06-05T00:00:00+00:00,TCL Playoffs,5,Misa Esports,PCIFIC,game_2_winner,LoL: Misa Esports vs PCIFIC  - Game 2 Winner,Misa Esports,PCIFIC ,0.7900,0.2100,clob_mid,0
2026-06-02T15:41:47Z,lol-me1-pcific-2026-06-05,LoL: Misa Esports vs PCIFIC  (BO5) - TCL Playoffs,2026-06-05T00:00:00+00:00,TCL Playoffs,5,Misa Esports,PCIFIC,game_3_winner,LoL: Misa Esports vs PCIFIC  - Game 3 Winner,Misa Esports,PCIFIC ,0.5100,0.4900,clob_mid,0
2026-06-02T15:41:47Z,lol-me1-pcific-2026-06-05,LoL: Misa Esports vs PCIFIC  (BO5) - TCL Playoffs,2026-06-05T00:00:00+00:00,TCL Playoffs,5,Misa Esports,PCIFIC,game_4_winner,LoL: Misa Esports vs PCIFIC  - Game 4 Winner,Misa Esports,PCIFIC ,0.6250,0.3750,clob_mid,0
2026-06-02T15:41:47Z,lol-tt-lgd-2026-06-02,LoL: ThunderTalk Gaming vs LGD Gaming (BO5) - LPL Playoffs,2026-06-02T00:00:00+00:00,LPL Playoffs,5,ThunderTalk Gaming,LGD Gaming,game_handicap,Game Handicap: LGD (-2.5) vs ThunderTalk Gaming (+2.5),LGD Gaming,ThunderTalk Gaming,0.0005,0.9995,clob_mid,11097
2026-06-02T15:41:47Z,lol-tt-lgd-2026-06-02,LoL: ThunderTalk Gaming vs LGD Gaming (BO5) - LPL Playoffs,2026-06-02T00:00:00+00:00,LPL Playoffs,5,ThunderTalk Gaming,LGD Gaming,game_handicap,Game Handicap: LGD (-1.5) vs ThunderTalk Gaming (+1.5),LGD Gaming,ThunderTalk Gaming,0.0005,0.9995,clob_mid,340
2026-06-02T15:41:47Z,lol-tt-lgd-2026-06-02,LoL: ThunderTalk Gaming vs LGD Gaming (BO5) - LPL Playoffs,2026-06-02T00:00:00+00:00,LPL Playoffs,5,ThunderTalk Gaming,LGD Gaming,match_winner,LoL: ThunderTalk Gaming vs LGD Gaming (BO5) - LPL Playoffs,ThunderTalk Gaming,LGD Gaming,0.0005,0.9995,clob_mid,2242562
2026-06-02T15:41:47Z,lol-tt-lgd-2026-06-02,LoL: ThunderTalk Gaming vs LGD Gaming (BO5) - LPL Playoffs,2026-06-02T00:00:00+00:00,LPL Playoffs,5,ThunderTalk Gaming,LGD Gaming,game_1_winner,LoL: ThunderTalk Gaming vs LGD Gaming - Game 1 Winner,ThunderTalk Gaming,LGD Gaming,0.0000,1.0000,gamma_last,537861
2026-06-02T15:41:47Z,lol-tt-lgd-2026-06-02,LoL: ThunderTalk Gaming vs LGD Gaming (BO5) - LPL Playoffs,2026-06-02T00:00:00+00:00,LPL Playoffs,5,ThunderTalk Gaming,LGD Gaming,game_2_winner,LoL: ThunderTalk Gaming vs LGD Gaming - Game 2 Winner,ThunderTalk Gaming,LGD Gaming,0.0000,1.0000,gamma_last,645310
2026-06-02T15:41:47Z,lol-tt-lgd-2026-06-02,LoL: ThunderTalk Gaming vs LGD Gaming (BO5) - LPL Playoffs,2026-06-02T00:00:00+00:00,LPL Playoffs,5,ThunderTalk Gaming,LGD Gaming,game_3_winner,LoL: ThunderTalk Gaming vs LGD Gaming - Game 3 Winner,ThunderTalk Gaming,LGD Gaming,1.0000,0.0000,gamma_last,750480
2026-06-02T15:41:47Z,lol-tt-lgd-2026-06-02,LoL: ThunderTalk Gaming vs LGD Gaming (BO5) - LPL Playoffs,2026-06-02T00:00:00+00:00,LPL Playoffs,5,ThunderTalk Gaming,LGD Gaming,game_4_winner,LoL: ThunderTalk Gaming vs LGD Gaming - Game 4 Winner,ThunderTalk Gaming,LGD Gaming,1.0000,0.0000,gamma_last,682974
2026-06-02T15:41:47Z,lol-tt-lgd-2026-06-02,LoL: ThunderTalk Gaming vs LGD Gaming (BO5) - LPL Playoffs,2026-06-02T00:00:00+00:00,LPL Playoffs,5,ThunderTalk Gaming,LGD Gaming,game_handicap,Game Handicap: TT (-1.5) vs LGD Gaming (+1.5),ThunderTalk Gaming,LGD Gaming,0.0005,0.9995,clob_mid,31541
2026-06-02T15:41:47Z,lol-tt-lgd-2026-06-02,LoL: ThunderTalk Gaming vs LGD Gaming (BO5) - LPL Playoffs,2026-06-02T00:00:00+00:00,LPL Playoffs,5,ThunderTalk Gaming,LGD Gaming,game_handicap,Game Handicap: TT (-2.5) vs LGD Gaming (+2.5),ThunderTalk Gaming,LGD Gaming,0.0005,0.9995,clob_mid,9404
2026-06-02T15:41:47Z,lol-sly-gal-2026-06-03,LoL: Solary vs Galions (BO5) - LFL Playoffs,2026-06-03T00:00:00+00:00,LFL Playoffs,5,Solary,Galions,match_winner,LoL: Solary vs Galions (BO5) - LFL Playoffs,Solary,Galions,0.7050,0.2950,clob_mid,1874
2026-06-02T15:41:47Z,lol-sly-gal-2026-06-03,LoL: Solary vs Galions (BO5) - LFL Playoffs,2026-06-03T00:00:00+00:00,LFL Playoffs,5,Solary,Galions,game_1_winner,LoL: Solary vs Galions - Game 1 Winner,Solary,Galions,0.6350,0.3650,clob_mid,38
2026-06-02T15:41:47Z,lol-sly-gal-2026-06-03,LoL: Solary vs Galions (BO5) - LFL Playoffs,2026-06-03T00:00:00+00:00,LFL Playoffs,5,Solary,Galions,game_2_winner,LoL: Solary vs Galions - Game 2 Winner,Solary,Galions,0.6250,0.3750,clob_mid,53
2026-06-02T15:41:47Z,lol-sly-gal-2026-06-03,LoL: Solary vs Galions (BO5) - LFL Playoffs,2026-06-03T00:00:00+00:00,LFL Playoffs,5,Solary,Galions,game_3_winner,LoL: Solary vs Galions - Game 3 Winner,Solary,Galions,0.6250,0.3750,clob_mid,0
2026-06-02T15:41:47Z,lol-sly-gal-2026-06-03,LoL: Solary vs Galions (BO5) - LFL Playoffs,2026-06-03T00:00:00+00:00,LFL Playoffs,5,Solary,Galions,game_4_winner,LoL: Solary vs Galions - Game 4 Winner,Solary,Galions,0.7050,0.2950,clob_mid,0
2026-06-02T15:41:47Z,lol-sly-gal-2026-06-03,LoL: Solary vs Galions (BO5) - LFL Playoffs,2026-06-03T00:00:00+00:00,LFL Playoffs,5,Solary,Galions,game_handicap,Game Handicap: SLY (-1.5) vs Galions (+1.5),Solary,Galions,0.5350,0.4650,clob_mid,2
2026-06-02T15:41:47Z,lol-sly-gal-2026-06-03,LoL: Solary vs Galions (BO5) - LFL Playoffs,2026-06-03T00:00:00+00:00,LFL Playoffs,5,Solary,Galions,game_handicap,Game Handicap: SLY (-2.5) vs Galions (+2.5),Solary,Galions,0.2750,0.7250,clob_mid,0
2026-06-02T15:41:47Z,lol-edg-blg-2026-06-03,LoL: EDward Gaming vs Bilibili Gaming (BO5) - LPL Playoffs,2026-06-03T00:00:00+00:00,LPL Playoffs,5,EDward Gaming,Bilibili Gaming,match_winner,LoL: EDward Gaming vs Bilibili Gaming (BO5) - LPL Playoffs,EDward Gaming,Bilibili Gaming,0.0750,0.9250,clob_mid,84455
2026-06-02T15:41:47Z,lol-edg-blg-2026-06-03,LoL: EDward Gaming vs Bilibili Gaming (BO5) - LPL Playoffs,2026-06-03T00:00:00+00:00,LPL Playoffs,5,EDward Gaming,Bilibili Gaming,game_1_winner,LoL: EDward Gaming vs Bilibili Gaming - Game 1 Winner,EDward Gaming,Bilibili Gaming,0.1950,0.8050,clob_mid,5009
2026-06-02T15:41:47Z,lol-edg-blg-2026-06-03,LoL: EDward Gaming vs Bilibili Gaming (BO5) - LPL Playoffs,2026-06-03T00:00:00+00:00,LPL Playoffs,5,EDward Gaming,Bilibili Gaming,game_2_winner,LoL: EDward Gaming vs Bilibili Gaming - Game 2 Winner,EDward Gaming,Bilibili Gaming,0.2100,0.7900,clob_mid,169
2026-06-02T15:41:47Z,lol-edg-blg-2026-06-03,LoL: EDward Gaming vs Bilibili Gaming (BO5) - LPL Playoffs,2026-06-03T00:00:00+00:00,LPL Playoffs,5,EDward Gaming,Bilibili Gaming,game_3_winner,LoL: EDward Gaming vs Bilibili Gaming - Game 3 Winner,EDward Gaming,Bilibili Gaming,0.2100,0.7900,clob_mid,132
2026-06-02T15:41:47Z,lol-edg-blg-2026-06-03,LoL: EDward Gaming vs Bilibili Gaming (BO5) - LPL Playoffs,2026-06-03T00:00:00+00:00,LPL Playoffs,5,EDward Gaming,Bilibili Gaming,game_4_winner,LoL: EDward Gaming vs Bilibili Gaming - Game 4 Winner,EDward Gaming,Bilibili Gaming,0.3450,0.6550,clob_mid,1382
2026-06-02T15:41:47Z,lol-edg-blg-2026-06-03,LoL: EDward Gaming vs Bilibili Gaming (BO5) - LPL Playoffs,2026-06-03T00:00:00+00:00,LPL Playoffs,5,EDward Gaming,Bilibili Gaming,game_handicap,Game Handicap: BLG (-1.5) vs EDward Gaming (+1.5),Bilibili Gaming,EDward Gaming,0.8200,0.1800,clob_mid,181
2026-06-02T15:41:47Z,lol-edg-blg-2026-06-03,LoL: EDward Gaming vs Bilibili Gaming (BO5) - LPL Playoffs,2026-06-03T00:00:00+00:00,LPL Playoffs,5,EDward Gaming,Bilibili Gaming,game_handicap,Game Handicap: BLG (-2.5) vs EDward Gaming (+2.5),Bilibili Gaming,EDward Gaming,0.5750,0.4250,clob_mid,36884
2026-06-02T15:41:47Z,lol-mvk-gam-2026-06-05,LoL: MVK Esports vs GAM Esports (BO5) - LCP Playoffs,2026-06-05T00:00:00+00:00,LCP Playoffs,5,MVK Esports,GAM Esports,match_winner,LoL: MVK Esports vs GAM Esports (BO5) - LCP Playoffs,MVK Esports,GAM Esports,0.3750,0.6250,clob_mid,3355
2026-06-02T15:41:47Z,lol-mvk-gam-2026-06-05,LoL: MVK Esports vs GAM Esports (BO5) - LCP Playoffs,2026-06-05T00:00:00+00:00,LCP Playoffs,5,MVK Esports,GAM Esports,game_1_winner,LoL: MVK Esports vs GAM Esports - Game 1 Winner,MVK Esports,GAM Esports,0.4300,0.5700,clob_mid,0
2026-06-02T15:41:47Z,lol-mvk-gam-2026-06-05,LoL: MVK Esports vs GAM Esports (BO5) - LCP Playoffs,2026-06-05T00:00:00+00:00,LCP Playoffs,5,MVK Esports,GAM Esports,game_2_winner,LoL: MVK Esports vs GAM Esports - Game 2 Winner,MVK Esports,GAM Esports,0.4400,0.5600,clob_mid,0
2026-06-02T15:41:47Z,lol-mvk-gam-2026-06-05,LoL: MVK Esports vs GAM Esports (BO5) - LCP Playoffs,2026-06-05T00:00:00+00:00,LCP Playoffs,5,MVK Esports,GAM Esports,game_3_winner,LoL: MVK Esports vs GAM Esports - Game 3 Winner,MVK Esports,GAM Esports,0.4100,0.5900,clob_mid,0
2026-06-02T15:41:47Z,lol-mvk-gam-2026-06-05,LoL: MVK Esports vs GAM Esports (BO5) - LCP Playoffs,2026-06-05T00:00:00+00:00,LCP Playoffs,5,MVK Esports,GAM Esports,game_4_winner,LoL: MVK Esports vs GAM Esports - Game 4 Winner,MVK Esports,GAM Esports,0.5100,0.4900,clob_mid,0
2026-06-02T15:41:47Z,lol-mvk-gam-2026-06-05,LoL: MVK Esports vs GAM Esports (BO5) - LCP Playoffs,2026-06-05T00:00:00+00:00,LCP Playoffs,5,MVK Esports,GAM Esports,game_handicap,Game Handicap: GAM (-1.5) vs MVK Esports (+1.5),GAM Esports,MVK Esports,0.5050,0.4950,clob_mid,0
2026-06-02T15:41:47Z,lol-mvk-gam-2026-06-05,LoL: MVK Esports vs GAM Esports (BO5) - LCP Playoffs,2026-06-05T00:00:00+00:00,LCP Playoffs,5,MVK Esports,GAM Esports,game_handicap,Game Handicap: GAM (-2.5) vs MVK Esports (+2.5),GAM Esports,MVK Esports,0.5000,0.5000,clob_mid,0
2026-06-02T15:41:47Z,lol-wu-ccg-2026-06-04,LoL: Winthrop University vs CCG Esports (BO5) - North American Challengers League Playoffs,2026-06-04T00:00:00+00:00,North American Challengers League Playoffs,5,Winthrop University,CCG Esports,match_winner,LoL: Winthrop University vs CCG Esports (BO5) - North American Challengers League Playoffs,Winthrop University,CCG Esports,0.5250,0.4750,clob_mid,38
2026-06-02T15:41:47Z,lol-wu-ccg-2026-06-04,LoL: Winthrop University vs CCG Esports (BO5) - North American Challengers League Playoffs,2026-06-04T00:00:00+00:00,North American Challengers League Playoffs,5,Winthrop University,CCG Esports,game_1_winner,LoL: Winthrop University vs CCG Esports - Game 1 Winner,Winthrop University,CCG Esports,0.5000,0.5000,clob_mid,0
2026-06-02T15:41:47Z,lol-wu-ccg-2026-06-04,LoL: Winthrop University vs CCG Esports (BO5) - North American Challengers League Playoffs,2026-06-04T00:00:00+00:00,North American Challengers League Playoffs,5,Winthrop University,CCG Esports,game_2_winner,LoL: Winthrop University vs CCG Esports - Game 2 Winner,Winthrop University,CCG Esports,0.5000,0.5000,clob_mid,0
2026-06-02T15:41:47Z,lol-wu-ccg-2026-06-04,LoL: Winthrop University vs CCG Esports (BO5) - North American Challengers League Playoffs,2026-06-04T00:00:00+00:00,North American Challengers League Playoffs,5,Winthrop University,CCG Esports,game_3_winner,LoL: Winthrop University vs CCG Esports - Game 3 Winner,Winthrop University,CCG Esports,0.5000,0.5000,clob_mid,0
2026-06-02T15:41:47Z,lol-wu-ccg-2026-06-04,LoL: Winthrop University vs CCG Esports (BO5) - North American Challengers League Playoffs,2026-06-04T00:00:00+00:00,North American Challengers League Playoffs,5,Winthrop University,CCG Esports,game_4_winner,LoL: Winthrop University vs CCG Esports - Game 4 Winner,Winthrop University,CCG Esports,0.5100,0.4900,clob_mid,0
2026-06-02T15:41:47Z,lol-wu-ccg-2026-06-04,LoL: Winthrop University vs CCG Esports (BO5) - North American Challengers League Playoffs,2026-06-04T00:00:00+00:00,North American Challengers League Playoffs,5,Winthrop University,CCG Esports,game_handicap,Game Handicap: WU (-1.5) vs CCG Esports (+1.5),Winthrop University,CCG Esports,0.2450,0.7550,clob_mid,0
2026-06-02T15:41:47Z,lol-wu-ccg-2026-06-04,LoL: Winthrop University vs CCG Esports (BO5) - North American Challengers League Playoffs,2026-06-04T00:00:00+00:00,North American Challengers League Playoffs,5,Winthrop University,CCG Esports,game_handicap,Game Handicap: WU (-2.5) vs CCG Esports (+2.5),Winthrop University,CCG Esports,0.1150,0.8850,clob_mid,0
2026-06-02T15:41:47Z,lol-dk-bro2-2026-06-06,LoL: Dplus KIA vs HANJIN BRION (BO5) - LCK Road to MSI,2026-06-06T00:00:00+00:00,LCK Road to MSI,5,Dplus KIA,HANJIN BRION,match_winner,LoL: Dplus KIA vs HANJIN BRION (BO5) - LCK Road to MSI,Dplus KIA,HANJIN BRION,0.7450,0.2550,clob_mid,30180
2026-06-02T15:41:47Z,lol-dk-bro2-2026-06-06,LoL: Dplus KIA vs HANJIN BRION (BO5) - LCK Road to MSI,2026-06-06T00:00:00+00:00,LCK Road to MSI,5,Dplus KIA,HANJIN BRION,game_1_winner,LoL: Dplus KIA vs HANJIN BRION - Game 1 Winner,Dplus KIA,HANJIN BRION,0.6900,0.3100,clob_mid,6
2026-06-02T15:41:47Z,lol-dk-bro2-2026-06-06,LoL: Dplus KIA vs HANJIN BRION (BO5) - LCK Road to MSI,2026-06-06T00:00:00+00:00,LCK Road to MSI,5,Dplus KIA,HANJIN BRION,game_2_winner,LoL: Dplus KIA vs HANJIN BRION - Game 2 Winner,Dplus KIA,HANJIN BRION,0.6800,0.3200,clob_mid,0
2026-06-02T15:41:47Z,lol-dk-bro2-2026-06-06,LoL: Dplus KIA vs HANJIN BRION (BO5) - LCK Road to MSI,2026-06-06T00:00:00+00:00,LCK Road to MSI,5,Dplus KIA,HANJIN BRION,game_3_winner,LoL: Dplus KIA vs HANJIN BRION - Game 3 Winner,Dplus KIA,HANJIN BRION,0.6800,0.3200,clob_mid,0
2026-06-02T15:41:47Z,lol-dk-bro2-2026-06-06,LoL: Dplus KIA vs HANJIN BRION (BO5) - LCK Road to MSI,2026-06-06T00:00:00+00:00,LCK Road to MSI,5,Dplus KIA,HANJIN BRION,game_4_winner,LoL: Dplus KIA vs HANJIN BRION - Game 4 Winner,Dplus KIA,HANJIN BRION,0.6500,0.3500,clob_mid,0
2026-06-02T15:41:47Z,lol-dk-bro2-2026-06-06,LoL: Dplus KIA vs HANJIN BRION (BO5) - LCK Road to MSI,2026-06-06T00:00:00+00:00,LCK Road to MSI,5,Dplus KIA,HANJIN BRION,game_handicap,Game Handicap: DK (-1.5) vs HANJIN BRION (+1.5),Dplus KIA,HANJIN BRION,0.5750,0.4250,clob_mid,0
2026-06-02T15:41:47Z,lol-dk-bro2-2026-06-06,LoL: Dplus KIA vs HANJIN BRION (BO5) - LCK Road to MSI,2026-06-06T00:00:00+00:00,LCK Road to MSI,5,Dplus KIA,HANJIN BRION,game_handicap,Game Handicap: DK (-2.5) vs HANJIN BRION (+2.5),Dplus KIA,HANJIN BRION,0.3450,0.6550,clob_mid,0
2026-06-02T15:41:47Z,lol-hle1-t1-2026-06-12,LoL: Hanwha Life Esports vs T1 (BO5) - LCK Road to MSI,2026-06-12T00:00:00+00:00,LCK Road to MSI,5,Hanwha Life Esports,T1,match_winner,LoL: Hanwha Life Esports vs T1 (BO5) - LCK Road to MSI,Hanwha Life Esports,T1,0.5050,0.4950,clob_mid,17996
2026-06-02T15:41:47Z,lol-hle1-t1-2026-06-12,LoL: Hanwha Life Esports vs T1 (BO5) - LCK Road to MSI,2026-06-12T00:00:00+00:00,LCK Road to MSI,5,Hanwha Life Esports,T1,game_1_winner,LoL: Hanwha Life Esports vs T1 - Game 1 Winner,Hanwha Life Esports,T1,0.3150,0.6850,clob_mid,2
2026-06-02T15:41:47Z,lol-hle1-t1-2026-06-12,LoL: Hanwha Life Esports vs T1 (BO5) - LCK Road to MSI,2026-06-12T00:00:00+00:00,LCK Road to MSI,5,Hanwha Life Esports,T1,game_2_winner,LoL: Hanwha Life Esports vs T1 - Game 2 Winner,Hanwha Life Esports,T1,0.3150,0.6850,clob_mid,0
2026-06-02T15:41:47Z,lol-hle1-t1-2026-06-12,LoL: Hanwha Life Esports vs T1 (BO5) - LCK Road to MSI,2026-06-12T00:00:00+00:00,LCK Road to MSI,5,Hanwha Life Esports,T1,game_3_winner,LoL: Hanwha Life Esports vs T1 - Game 3 Winner,Hanwha Life Esports,T1,0.3150,0.6850,clob_mid,0
2026-06-02T15:41:47Z,lol-hle1-t1-2026-06-12,LoL: Hanwha Life Esports vs T1 (BO5) - LCK Road to MSI,2026-06-12T00:00:00+00:00,LCK Road to MSI,5,Hanwha Life Esports,T1,game_4_winner,LoL: Hanwha Life Esports vs T1 - Game 4 Winner,Hanwha Life Esports,T1,0.3250,0.6750,clob_mid,0
2026-06-02T15:41:47Z,lol-hle1-t1-2026-06-12,LoL: Hanwha Life Esports vs T1 (BO5) - LCK Road to MSI,2026-06-12T00:00:00+00:00,LCK Road to MSI,5,Hanwha Life Esports,T1,game_handicap,Game Handicap: HLE (-2.5) vs T1 (+2.5),Hanwha Life Esports,T1,0.1500,0.8500,clob_mid,98
2026-06-02T15:41:47Z,lol-hle1-t1-2026-06-12,LoL: Hanwha Life Esports vs T1 (BO5) - LCK Road to MSI,2026-06-12T00:00:00+00:00,LCK Road to MSI,5,Hanwha Life Esports,T1,game_handicap,Game Handicap: HLE (-1.5) vs T1 (+1.5),Hanwha Life Esports,T1,0.2850,0.7150,clob_mid,0
2026-06-02T15:41:47Z,lol-crz-bublik-2026-06-02,LoL: Crusaders vs Bubliki (BO5) - LPLOL Playoffs,2026-06-02T00:00:00+00:00,LPLOL Playoffs,5,Crusaders,Bubliki,match_winner,LoL: Crusaders vs Bubliki (BO5) - LPLOL Playoffs,Crusaders,Bubliki,0.6900,0.3100,clob_mid,5480
2026-06-02T15:41:47Z,lol-crz-bublik-2026-06-02,LoL: Crusaders vs Bubliki (BO5) - LPLOL Playoffs,2026-06-02T00:00:00+00:00,LPLOL Playoffs,5,Crusaders,Bubliki,game_1_winner,LoL: Crusaders vs Bubliki - Game 1 Winner,Crusaders,Bubliki,0.6150,0.3850,clob_mid,5
2026-06-02T15:41:47Z,lol-crz-bublik-2026-06-02,LoL: Crusaders vs Bubliki (BO5) - LPLOL Playoffs,2026-06-02T00:00:00+00:00,LPLOL Playoffs,5,Crusaders,Bubliki,game_2_winner,LoL: Crusaders vs Bubliki - Game 2 Winner,Crusaders,Bubliki,0.6250,0.3750,clob_mid,5
2026-06-02T15:41:47Z,lol-crz-bublik-2026-06-02,LoL: Crusaders vs Bubliki (BO5) - LPLOL Playoffs,2026-06-02T00:00:00+00:00,LPLOL Playoffs,5,Crusaders,Bubliki,game_3_winner,LoL: Crusaders vs Bubliki - Game 3 Winner,Crusaders,Bubliki,0.6250,0.3750,clob_mid,5
2026-06-02T15:41:47Z,lol-crz-bublik-2026-06-02,LoL: Crusaders vs Bubliki (BO5) - LPLOL Playoffs,2026-06-02T00:00:00+00:00,LPLOL Playoffs,5,Crusaders,Bubliki,game_4_winner,LoL: Crusaders vs Bubliki - Game 4 Winner,Crusaders,Bubliki,0.3450,0.6550,clob_mid,0
2026-06-02T15:41:47Z,lol-crz-bublik-2026-06-02,LoL: Crusaders vs Bubliki (BO5) - LPLOL Playoffs,2026-06-02T00:00:00+00:00,LPLOL Playoffs,5,Crusaders,Bubliki,game_handicap,Game Handicap: CRZ (-1.5) vs Bubliki (+1.5),Crusaders,Bubliki,0.5000,0.5000,clob_mid,0
2026-06-02T15:41:47Z,lol-crz-bublik-2026-06-02,LoL: Crusaders vs Bubliki (BO5) - LPLOL Playoffs,2026-06-02T00:00:00+00:00,LPLOL Playoffs,5,Crusaders,Bubliki,game_handicap,Game Handicap: CRZ (-2.5) vs Bubliki (+2.5),Crusaders,Bubliki,0.5100,0.4900,clob_mid,0
2026-06-02T15:41:47Z,lol-ban2-mcn-2026-06-02,LoL: The Bandits vs mCon esports (BO5) - Road Of Legends Playoffs,2026-06-02T00:00:00+00:00,Road Of Legends Playoffs,5,The Bandits,mCon esports,match_winner,LoL: The Bandits vs mCon esports (BO5) - Road Of Legends Playoffs,The Bandits,mCon esports,0.5350,0.4650,clob_mid,45729
2026-06-02T15:41:47Z,lol-ban2-mcn-2026-06-02,LoL: The Bandits vs mCon esports (BO5) - Road Of Legends Playoffs,2026-06-02T00:00:00+00:00,Road Of Legends Playoffs,5,The Bandits,mCon esports,game_1_winner,LoL: The Bandits vs mCon esports - Game 1 Winner,The Bandits,mCon esports,0.5050,0.4950,clob_mid,14251
2026-06-02T15:41:47Z,lol-ban2-mcn-2026-06-02,LoL: The Bandits vs mCon esports (BO5) - Road Of Legends Playoffs,2026-06-02T00:00:00+00:00,Road Of Legends Playoffs,5,The Bandits,mCon esports,game_2_winner,LoL: The Bandits vs mCon esports - Game 2 Winner,The Bandits,mCon esports,0.5150,0.4850,clob_mid,6098
2026-06-02T15:41:47Z,lol-ban2-mcn-2026-06-02,LoL: The Bandits vs mCon esports (BO5) - Road Of Legends Playoffs,2026-06-02T00:00:00+00:00,Road Of Legends Playoffs,5,The Bandits,mCon esports,game_3_winner,LoL: The Bandits vs mCon esports - Game 3 Winner,The Bandits,mCon esports,0.5100,0.4900,clob_mid,6617
2026-06-02T15:41:47Z,lol-ban2-mcn-2026-06-02,LoL: The Bandits vs mCon esports (BO5) - Road Of Legends Playoffs,2026-06-02T00:00:00+00:00,Road Of Legends Playoffs,5,The Bandits,mCon esports,game_4_winner,LoL: The Bandits vs mCon esports - Game 4 Winner,The Bandits,mCon esports,0.5050,0.4950,clob_mid,1763
2026-06-02T15:41:47Z,lol-ban2-mcn-2026-06-02,LoL: The Bandits vs mCon esports (BO5) - Road Of Legends Playoffs,2026-06-02T00:00:00+00:00,Road Of Legends Playoffs,5,The Bandits,mCon esports,game_handicap,Game Handicap: BAN (-1.5) vs mCon esports (+1.5),The Bandits,mCon esports,0.2400,0.7600,clob_mid,30
2026-06-02T15:41:47Z,lol-ban2-mcn-2026-06-02,LoL: The Bandits vs mCon esports (BO5) - Road Of Legends Playoffs,2026-06-02T00:00:00+00:00,Road Of Legends Playoffs,5,The Bandits,mCon esports,game_handicap,Game Handicap: BAN (-2.5) vs mCon esports (+2.5),The Bandits,mCon esports,0.5200,0.4800,clob_mid,45
2026-06-02T15:41:47Z,lol-fur-los-2026-06-06,LoL: FURIA Esports vs LOS (BO5) - CBLOL Playoffs,2026-06-06T00:00:00+00:00,CBLOL Playoffs,5,FURIA Esports,LOS,match_winner,LoL: FURIA Esports vs LOS (BO5) - CBLOL Playoffs,FURIA Esports,LOS,0.6750,0.3250,clob_mid,249
2026-06-02T15:41:47Z,lol-fur-los-2026-06-06,LoL: FURIA Esports vs LOS (BO5) - CBLOL Playoffs,2026-06-06T00:00:00+00:00,CBLOL Playoffs,5,FURIA Esports,LOS,game_1_winner,LoL: FURIA Esports vs LOS - Game 1 Winner,FURIA Esports,LOS,0.6200,0.3800,clob_mid,0
2026-06-02T15:41:47Z,lol-fur-los-2026-06-06,LoL: FURIA Esports vs LOS (BO5) - CBLOL Playoffs,2026-06-06T00:00:00+00:00,CBLOL Playoffs,5,FURIA Esports,LOS,game_2_winner,LoL: FURIA Esports vs LOS - Game 2 Winner,FURIA Esports,LOS,0.6050,0.3950,clob_mid,0
2026-06-02T15:41:47Z,lol-fur-los-2026-06-06,LoL: FURIA Esports vs LOS (BO5) - CBLOL Playoffs,2026-06-06T00:00:00+00:00,CBLOL Playoffs,5,FURIA Esports,LOS,game_3_winner,LoL: FURIA Esports vs LOS - Game 3 Winner,FURIA Esports,LOS,0.5050,0.4950,clob_mid,0
2026-06-02T15:41:47Z,lol-fur-los-2026-06-06,LoL: FURIA Esports vs LOS (BO5) - CBLOL Playoffs,2026-06-06T00:00:00+00:00,CBLOL Playoffs,5,FURIA Esports,LOS,game_4_winner,LoL: FURIA Esports vs LOS - Game 4 Winner,FURIA Esports,LOS,0.5000,0.5000,clob_mid,0
2026-06-02T15:41:47Z,lol-fur-los-2026-06-06,LoL: FURIA Esports vs LOS (BO5) - CBLOL Playoffs,2026-06-06T00:00:00+00:00,CBLOL Playoffs,5,FURIA Esports,LOS,game_handicap,Game Handicap: FUR (-1.5) vs LOS (+1.5),FURIA Esports,LOS,0.5000,0.5000,clob_mid,0
2026-06-02T15:41:47Z,lol-fur-los-2026-06-06,LoL: FURIA Esports vs LOS (BO5) - CBLOL Playoffs,2026-06-06T00:00:00+00:00,CBLOL Playoffs,5,FURIA Esports,LOS,game_handicap,Game Handicap: FUR (-2.5) vs LOS (+2.5),FURIA Esports,LOS,0.4950,0.5050,clob_mid,0
2026-06-02T15:41:47Z,lol-fly-tl2-2026-06-06,LoL: FlyQuest vs Team Liquid (BO5) - LCS Playoffs,2026-06-06T00:00:00+00:00,LCS Playoffs,5,FlyQuest,Team Liquid,match_winner,LoL: FlyQuest vs Team Liquid (BO5) - LCS Playoffs,FlyQuest,Team Liquid,0.5500,0.4500,clob_mid,5230
2026-06-02T15:41:47Z,lol-fly-tl2-2026-06-06,LoL: FlyQuest vs Team Liquid (BO5) - LCS Playoffs,2026-06-06T00:00:00+00:00,LCS Playoffs,5,FlyQuest,Team Liquid,game_1_winner,LoL: FlyQuest vs Team Liquid - Game 1 Winner,FlyQuest,Team Liquid,0.5400,0.4600,clob_mid,0
2026-06-02T15:41:47Z,lol-fly-tl2-2026-06-06,LoL: FlyQuest vs Team Liquid (BO5) - LCS Playoffs,2026-06-06T00:00:00+00:00,LCS Playoffs,5,FlyQuest,Team Liquid,game_2_winner,LoL: FlyQuest vs Team Liquid - Game 2 Winner,FlyQuest,Team Liquid,0.5500,0.4500,clob_mid,0
2026-06-02T15:41:47Z,lol-fly-tl2-2026-06-06,LoL: FlyQuest vs Team Liquid (BO5) - LCS Playoffs,2026-06-06T00:00:00+00:00,LCS Playoffs,5,FlyQuest,Team Liquid,game_3_winner,LoL: FlyQuest vs Team Liquid - Game 3 Winner,FlyQuest,Team Liquid,0.5150,0.4850,clob_mid,0
2026-06-02T15:41:47Z,lol-fly-tl2-2026-06-06,LoL: FlyQuest vs Team Liquid (BO5) - LCS Playoffs,2026-06-06T00:00:00+00:00,LCS Playoffs,5,FlyQuest,Team Liquid,game_4_winner,LoL: FlyQuest vs Team Liquid - Game 4 Winner,FlyQuest,Team Liquid,0.5200,0.4800,clob_mid,0
2026-06-02T15:41:47Z,lol-fly-tl2-2026-06-06,LoL: FlyQuest vs Team Liquid (BO5) - LCS Playoffs,2026-06-06T00:00:00+00:00,LCS Playoffs,5,FlyQuest,Team Liquid,game_handicap,Game Handicap: FLY (-1.5) vs Team Liquid (+1.5),FlyQuest,Team Liquid,0.3800,0.6200,clob_mid,0
2026-06-02T15:41:47Z,lol-fly-tl2-2026-06-06,LoL: FlyQuest vs Team Liquid (BO5) - LCS Playoffs,2026-06-06T00:00:00+00:00,LCS Playoffs,5,FlyQuest,Team Liquid,game_handicap,Game Handicap: FLY (-2.5) vs Team Liquid (+2.5),FlyQuest,Team Liquid,0.1300,0.8700,clob_mid,0
2026-06-02T15:41:47Z,lol-tes-we-2026-06-07,LoL: Top Esports vs Team WE (BO5) - LPL Playoffs,2026-06-07T00:00:00+00:00,LPL Playoffs,5,Top Esports,Team WE,match_winner,LoL: Top Esports vs Team WE (BO5) - LPL Playoffs,Top Esports,Team WE,0.6800,0.3200,clob_mid,48114
2026-06-02T15:41:47Z,lol-tes-we-2026-06-07,LoL: Top Esports vs Team WE (BO5) - LPL Playoffs,2026-06-07T00:00:00+00:00,LPL Playoffs,5,Top Esports,Team WE,game_1_winner,LoL: Top Esports vs Team WE - Game 1 Winner,Top Esports,Team WE,0.6000,0.4000,clob_mid,14
2026-06-02T15:41:47Z,lol-tes-we-2026-06-07,LoL: Top Esports vs Team WE (BO5) - LPL Playoffs,2026-06-07T00:00:00+00:00,LPL Playoffs,5,Top Esports,Team WE,game_2_winner,LoL: Top Esports vs Team WE - Game 2 Winner,Top Esports,Team WE,0.6000,0.4000,clob_mid,6
2026-06-02T15:41:47Z,lol-tes-we-2026-06-07,LoL: Top Esports vs Team WE (BO5) - LPL Playoffs,2026-06-07T00:00:00+00:00,LPL Playoffs,5,Top Esports,Team WE,game_3_winner,LoL: Top Esports vs Team WE - Game 3 Winner,Top Esports,Team WE,0.5100,0.4900,clob_mid,13
2026-06-02T15:41:47Z,lol-tes-we-2026-06-07,LoL: Top Esports vs Team WE (BO5) - LPL Playoffs,2026-06-07T00:00:00+00:00,LPL Playoffs,5,Top Esports,Team WE,game_4_winner,LoL: Top Esports vs Team WE - Game 4 Winner,Top Esports,Team WE,0.5000,0.5000,clob_mid,0
2026-06-02T15:41:47Z,lol-tes-we-2026-06-07,LoL: Top Esports vs Team WE (BO5) - LPL Playoffs,2026-06-07T00:00:00+00:00,LPL Playoffs,5,Top Esports,Team WE,game_handicap,Game Handicap: TES (-1.5) vs Team WE (+1.5),Top Esports,Team WE,0.4800,0.5200,clob_mid,1305
2026-06-02T15:41:47Z,lol-tes-we-2026-06-07,LoL: Top Esports vs Team WE (BO5) - LPL Playoffs,2026-06-07T00:00:00+00:00,LPL Playoffs,5,Top Esports,Team WE,game_handicap,Game Handicap: TES (-2.5) vs Team WE (+2.5),Top Esports,Team WE,0.2450,0.7550,clob_mid,1
2026-06-02T15:41:47Z,lol-mkoi-kc-2026-06-06,LoL: Movistar KOI vs Karmine Corp (BO5) - LEC Playoffs,2026-06-06T00:00:00+00:00,LEC Playoffs,5,Movistar KOI,Karmine Corp,match_winner,LoL: Movistar KOI vs Karmine Corp (BO5) - LEC Playoffs,Movistar KOI,Karmine Corp,0.4150,0.5850,clob_mid,6538
2026-06-02T15:41:47Z,lol-mkoi-kc-2026-06-06,LoL: Movistar KOI vs Karmine Corp (BO5) - LEC Playoffs,2026-06-06T00:00:00+00:00,LEC Playoffs,5,Movistar KOI,Karmine Corp,game_1_winner,LoL: Movistar KOI vs Karmine Corp - Game 1 Winner,Movistar KOI,Karmine Corp,0.4250,0.5750,clob_mid,42
2026-06-02T15:41:47Z,lol-mkoi-kc-2026-06-06,LoL: Movistar KOI vs Karmine Corp (BO5) - LEC Playoffs,2026-06-06T00:00:00+00:00,LEC Playoffs,5,Movistar KOI,Karmine Corp,game_2_winner,LoL: Movistar KOI vs Karmine Corp - Game 2 Winner,Movistar KOI,Karmine Corp,0.5050,0.4950,clob_mid,0
2026-06-02T15:41:47Z,lol-mkoi-kc-2026-06-06,LoL: Movistar KOI vs Karmine Corp (BO5) - LEC Playoffs,2026-06-06T00:00:00+00:00,LEC Playoffs,5,Movistar KOI,Karmine Corp,game_3_winner,LoL: Movistar KOI vs Karmine Corp - Game 3 Winner,Movistar KOI,Karmine Corp,0.5050,0.4950,clob_mid,0
2026-06-02T15:41:47Z,lol-mkoi-kc-2026-06-06,LoL: Movistar KOI vs Karmine Corp (BO5) - LEC Playoffs,2026-06-06T00:00:00+00:00,LEC Playoffs,5,Movistar KOI,Karmine Corp,game_4_winner,LoL: Movistar KOI vs Karmine Corp - Game 4 Winner,Movistar KOI,Karmine Corp,0.3250,0.6750,clob_mid,0
2026-06-02T15:41:47Z,lol-mkoi-kc-2026-06-06,LoL: Movistar KOI vs Karmine Corp (BO5) - LEC Playoffs,2026-06-06T00:00:00+00:00,LEC Playoffs,5,Movistar KOI,Karmine Corp,game_handicap,Game Handicap: KC (-1.5) vs Movistar KOI (+1.5),Karmine Corp,Movistar KOI,0.3950,0.6050,clob_mid,0
2026-06-02T15:41:47Z,lol-mkoi-kc-2026-06-06,LoL: Movistar KOI vs Karmine Corp (BO5) - LEC Playoffs,2026-06-06T00:00:00+00:00,LEC Playoffs,5,Movistar KOI,Karmine Corp,game_handicap,Game Handicap: KC (-2.5) vs Movistar KOI (+2.5),Karmine Corp,Movistar KOI,0.5000,0.5000,clob_mid,0
2026-06-02T15:41:47Z,lol-nbs-esb-2026-06-02,LoL: NightBirds vs eSuba (BO5) - Hitpoint Masters Playoffs,2026-06-02T00:00:00+00:00,Hitpoint Masters Playoffs,5,NightBirds,eSuba,match_winner,LoL: NightBirds vs eSuba (BO5) - Hitpoint Masters Playoffs,NightBirds,eSuba,0.9745,0.0255,clob_mid,18258
2026-06-02T15:41:47Z,lol-nbs-esb-2026-06-02,LoL: NightBirds vs eSuba (BO5) - Hitpoint Masters Playoffs,2026-06-02T00:00:00+00:00,Hitpoint Masters Playoffs,5,NightBirds,eSuba,game_1_winner,LoL: NightBirds vs eSuba - Game 1 Winner,NightBirds,eSuba,0.9995,0.0005,clob_mid,14316
2026-06-02T15:41:47Z,lol-nbs-esb-2026-06-02,LoL: NightBirds vs eSuba (BO5) - Hitpoint Masters Playoffs,2026-06-02T00:00:00+00:00,Hitpoint Masters Playoffs,5,NightBirds,eSuba,game_2_winner,LoL: NightBirds vs eSuba - Game 2 Winner,NightBirds,eSuba,0.9995,0.0005,clob_mid,2520
2026-06-02T15:41:47Z,lol-nbs-esb-2026-06-02,LoL: NightBirds vs eSuba (BO5) - Hitpoint Masters Playoffs,2026-06-02T00:00:00+00:00,Hitpoint Masters Playoffs,5,NightBirds,eSuba,game_3_winner,LoL: NightBirds vs eSuba - Game 3 Winner,NightBirds,eSuba,0.8200,0.1800,clob_mid,371
2026-06-02T15:41:47Z,lol-nbs-esb-2026-06-02,LoL: NightBirds vs eSuba (BO5) - Hitpoint Masters Playoffs,2026-06-02T00:00:00+00:00,Hitpoint Masters Playoffs,5,NightBirds,eSuba,game_4_winner,LoL: NightBirds vs eSuba - Game 4 Winner,NightBirds,eSuba,0.7250,0.2750,clob_mid,0
2026-06-02T15:41:47Z,lol-nbs-esb-2026-06-02,LoL: NightBirds vs eSuba (BO5) - Hitpoint Masters Playoffs,2026-06-02T00:00:00+00:00,Hitpoint Masters Playoffs,5,NightBirds,eSuba,game_handicap,Game Handicap: NBS (-1.5) vs eSuba (+1.5),NightBirds,eSuba,0.5000,0.5000,clob_mid,0
2026-06-02T15:41:47Z,lol-nbs-esb-2026-06-02,LoL: NightBirds vs eSuba (BO5) - Hitpoint Masters Playoffs,2026-06-02T00:00:00+00:00,Hitpoint Masters Playoffs,5,NightBirds,eSuba,game_handicap,Game Handicap: NBS (-2.5) vs eSuba (+2.5),NightBirds,eSuba,0.5000,0.5000,clob_mid,0
2026-06-02T15:41:47Z,lol-red-lev-2026-06-07,LoL: RED Canids vs Leviatan Esports (BO3) - Esports World Cup South America & LATAM Qualifier Playoffs,2026-06-07T00:00:00+00:00,Esports World Cup South America & LATAM Qualifier Playoffs,3,RED Canids,Leviatan Esports,match_winner,LoL: RED Canids vs Leviatan Esports (BO3) - Esports World Cup South America & LATAM Qualifier Playoffs,RED Canids,Leviatan Esports,0.7100,0.2900,clob_mid,0
2026-06-02T15:41:47Z,lol-red-lev-2026-06-07,LoL: RED Canids vs Leviatan Esports (BO3) - Esports World Cup South America & LATAM Qualifier Playoffs,2026-06-07T00:00:00+00:00,Esports World Cup South America & LATAM Qualifier Playoffs,3,RED Canids,Leviatan Esports,game_1_winner,LoL: RED Canids vs Leviatan Esports - Game 1 Winner,RED Canids,Leviatan Esports,0.5250,0.4750,clob_mid,0
2026-06-02T15:41:47Z,lol-red-lev-2026-06-07,LoL: RED Canids vs Leviatan Esports (BO3) - Esports World Cup South America & LATAM Qualifier Playoffs,2026-06-07T00:00:00+00:00,Esports World Cup South America & LATAM Qualifier Playoffs,3,RED Canids,Leviatan Esports,game_2_winner,LoL: RED Canids vs Leviatan Esports - Game 2 Winner,RED Canids,Leviatan Esports,0.4900,0.5100,clob_mid,0
2026-06-02T15:41:47Z,lol-red-lev-2026-06-07,LoL: RED Canids vs Leviatan Esports (BO3) - Esports World Cup South America & LATAM Qualifier Playoffs,2026-06-07T00:00:00+00:00,Esports World Cup South America & LATAM Qualifier Playoffs,3,RED Canids,Leviatan Esports,game_handicap,Game Handicap: RED (-1.5) vs Leviatan Esports (+1.5),RED Canids,Leviatan Esports,0.5000,0.5000,clob_mid,0
2026-06-02T15:41:47Z,lol-fxw7-png1-2026-06-07,LoL: Fluxo W7M vs paiN Gaming (BO3) - Esports World Cup South America & LATAM Qualifier Playoffs,2026-06-07T00:00:00+00:00,Esports World Cup South America & LATAM Qualifier Playoffs,3,Fluxo W7M,paiN Gaming,match_winner,LoL: Fluxo W7M vs paiN Gaming (BO3) - Esports World Cup South America & LATAM Qualifier Playoffs,Fluxo W7M,paiN Gaming,0.7050,0.2950,clob_mid,21
2026-06-02T15:41:47Z,lol-fxw7-png1-2026-06-07,LoL: Fluxo W7M vs paiN Gaming (BO3) - Esports World Cup South America & LATAM Qualifier Playoffs,2026-06-07T00:00:00+00:00,Esports World Cup South America & LATAM Qualifier Playoffs,3,Fluxo W7M,paiN Gaming,game_1_winner,LoL: Fluxo W7M vs paiN Gaming - Game 1 Winner,Fluxo W7M,paiN Gaming,0.5000,0.5000,clob_mid,0
2026-06-02T15:41:47Z,lol-fxw7-png1-2026-06-07,LoL: Fluxo W7M vs paiN Gaming (BO3) - Esports World Cup South America & LATAM Qualifier Playoffs,2026-06-07T00:00:00+00:00,Esports World Cup South America & LATAM Qualifier Playoffs,3,Fluxo W7M,paiN Gaming,game_2_winner,LoL: Fluxo W7M vs paiN Gaming - Game 2 Winner,Fluxo W7M,paiN Gaming,0.5100,0.4900,clob_mid,0
2026-06-02T15:41:47Z,lol-fxw7-png1-2026-06-07,LoL: Fluxo W7M vs paiN Gaming (BO3) - Esports World Cup South America & LATAM Qualifier Playoffs,2026-06-07T00:00:00+00:00,Esports World Cup South America & LATAM Qualifier Playoffs,3,Fluxo W7M,paiN Gaming,game_handicap,Game Handicap: FXW7 (-1.5) vs paiN Gaming (+1.5),Fluxo W7M,paiN Gaming,0.5000,0.5000,clob_mid,0
2026-06-02T15:41:47Z,lol-lll-vks-2026-06-07,LoL: LOUD vs Vivo Keyd Stars (BO3) - Esports World Cup South America & LATAM Qualifier Playoffs,2026-06-07T00:00:00+00:00,Esports World Cup South America & LATAM Qualifier Playoffs,3,LOUD,Vivo Keyd Stars,match_winner,LoL: LOUD vs Vivo Keyd Stars (BO3) - Esports World Cup South America & LATAM Qualifier Playoffs,LOUD,Vivo Keyd Stars,0.6650,0.3350,clob_mid,0
2026-06-02T15:41:47Z,lol-lll-vks-2026-06-07,LoL: LOUD vs Vivo Keyd Stars (BO3) - Esports World Cup South America & LATAM Qualifier Playoffs,2026-06-07T00:00:00+00:00,Esports World Cup South America & LATAM Qualifier Playoffs,3,LOUD,Vivo Keyd Stars,game_1_winner,LoL: LOUD vs Vivo Keyd Stars - Game 1 Winner,LOUD,Vivo Keyd Stars,0.5100,0.4900,clob_mid,0
2026-06-02T15:41:47Z,lol-lll-vks-2026-06-07,LoL: LOUD vs Vivo Keyd Stars (BO3) - Esports World Cup South America & LATAM Qualifier Playoffs,2026-06-07T00:00:00+00:00,Esports World Cup South America & LATAM Qualifier Playoffs,3,LOUD,Vivo Keyd Stars,game_2_winner,LoL: LOUD vs Vivo Keyd Stars - Game 2 Winner,LOUD,Vivo Keyd Stars,0.5000,0.5000,clob_mid,0
2026-06-02T15:41:47Z,lol-lll-vks-2026-06-07,LoL: LOUD vs Vivo Keyd Stars (BO3) - Esports World Cup South America & LATAM Qualifier Playoffs,2026-06-07T00:00:00+00:00,Esports World Cup South America & LATAM Qualifier Playoffs,3,LOUD,Vivo Keyd Stars,game_handicap,Game Handicap: LLL (-1.5) vs Vivo Keyd Stars (+1.5),LOUD,Vivo Keyd Stars,0.5000,0.5000,clob_mid,0
2026-06-02T15:41:50Z,lol-hrts-bar-2026-06-03,LoL: Team Heretics Academy vs Barça eSports (BO5) - LES Playoffs,2026-06-03T00:00:00+00:00,LES Playoffs,5,Team Heretics Academy,Barça eSports,game_handicap,Game Handicap: HRTS (-1.5) vs Barça eSports (+1.5),Team Heretics Academy,Barça eSports,0.6000,0.4000,clob_mid,22
2026-06-02T15:41:50Z,lol-hrts-bar-2026-06-03,LoL: Team Heretics Academy vs Barça eSports (BO5) - LES Playoffs,2026-06-03T00:00:00+00:00,LES Playoffs,5,Team Heretics Academy,Barça eSports,game_handicap,Game Handicap: HRTS (-2.5) vs Barça eSports (+2.5),Team Heretics Academy,Barça eSports,0.4950,0.5050,clob_mid,0
2026-06-02T15:41:50Z,lol-hrts-bar-2026-06-03,LoL: Team Heretics Academy vs Barça eSports (BO5) - LES Playoffs,2026-06-03T00:00:00+00:00,LES Playoffs,5,Team Heretics Academy,Barça eSports,match_winner,LoL: Team Heretics Academy vs Barça eSports (BO5) - LES Playoffs,Team Heretics Academy,Barça eSports,0.7650,0.2350,clob_mid,990
2026-06-02T15:41:50Z,lol-hrts-bar-2026-06-03,LoL: Team Heretics Academy vs Barça eSports (BO5) - LES Playoffs,2026-06-03T00:00:00+00:00,LES Playoffs,5,Team Heretics Academy,Barça eSports,game_1_winner,LoL: Team Heretics Academy vs Barça eSports - Game 1 Winner,Team Heretics Academy,Barça eSports,0.6550,0.3450,clob_mid,0
2026-06-02T15:41:50Z,lol-hrts-bar-2026-06-03,LoL: Team Heretics Academy vs Barça eSports (BO5) - LES Playoffs,2026-06-03T00:00:00+00:00,LES Playoffs,5,Team Heretics Academy,Barça eSports,game_2_winner,LoL: Team Heretics Academy vs Barça eSports - Game 2 Winner,Team Heretics Academy,Barça eSports,0.6550,0.3450,clob_mid,0
2026-06-02T15:41:50Z,lol-hrts-bar-2026-06-03,LoL: Team Heretics Academy vs Barça eSports (BO5) - LES Playoffs,2026-06-03T00:00:00+00:00,LES Playoffs,5,Team Heretics Academy,Barça eSports,game_3_winner,LoL: Team Heretics Academy vs Barça eSports - Game 3 Winner,Team Heretics Academy,Barça eSports,0.6700,0.3300,clob_mid,0
2026-06-02T15:41:50Z,lol-hrts-bar-2026-06-03,LoL: Team Heretics Academy vs Barça eSports (BO5) - LES Playoffs,2026-06-03T00:00:00+00:00,LES Playoffs,5,Team Heretics Academy,Barça eSports,game_4_winner,LoL: Team Heretics Academy vs Barça eSports - Game 4 Winner,Team Heretics Academy,Barça eSports,0.7200,0.2800,clob_mid,0
2026-06-02T15:41:50Z,lol-koia-ucam1-2026-06-04,LoL: ⁠Movistar KOI Fénix vs UCAM Esports Club (BO5) - LES Playoffs,2026-06-04T00:00:00+00:00,LES Playoffs,5,⁠Movistar KOI Fénix,UCAM Esports Club,match_winner,LoL: ⁠Movistar KOI Fénix vs UCAM Esports Club (BO5) - LES Playoffs,⁠Movistar KOI Fénix,UCAM Esports Club,0.6050,0.3950,clob_mid,279
2026-06-02T15:41:50Z,lol-koia-ucam1-2026-06-04,LoL: ⁠Movistar KOI Fénix vs UCAM Esports Club (BO5) - LES Playoffs,2026-06-04T00:00:00+00:00,LES Playoffs,5,⁠Movistar KOI Fénix,UCAM Esports Club,game_1_winner,LoL: ⁠Movistar KOI Fénix vs UCAM Esports Club - Game 1 Winner,⁠Movistar KOI Fénix,UCAM Esports Club,0.5450,0.4550,clob_mid,0
2026-06-02T15:41:50Z,lol-koia-ucam1-2026-06-04,LoL: ⁠Movistar KOI Fénix vs UCAM Esports Club (BO5) - LES Playoffs,2026-06-04T00:00:00+00:00,LES Playoffs,5,⁠Movistar KOI Fénix,UCAM Esports Club,game_2_winner,LoL: ⁠Movistar KOI Fénix vs UCAM Esports Club - Game 2 Winner,⁠Movistar KOI Fénix,UCAM Esports Club,0.5450,0.4550,clob_mid,0
2026-06-02T15:41:50Z,lol-koia-ucam1-2026-06-04,LoL: ⁠Movistar KOI Fénix vs UCAM Esports Club (BO5) - LES Playoffs,2026-06-04T00:00:00+00:00,LES Playoffs,5,⁠Movistar KOI Fénix,UCAM Esports Club,game_3_winner,LoL: ⁠Movistar KOI Fénix vs UCAM Esports Club - Game 3 Winner,⁠Movistar KOI Fénix,UCAM Esports Club,0.5550,0.4450,clob_mid,0
2026-06-02T15:41:50Z,lol-koia-ucam1-2026-06-04,LoL: ⁠Movistar KOI Fénix vs UCAM Esports Club (BO5) - LES Playoffs,2026-06-04T00:00:00+00:00,LES Playoffs,5,⁠Movistar KOI Fénix,UCAM Esports Club,game_4_winner,LoL: ⁠Movistar KOI Fénix vs UCAM Esports Club - Game 4 Winner,⁠Movistar KOI Fénix,UCAM Esports Club,0.5050,0.4950,clob_mid,0
2026-06-02T15:41:50Z,lol-koia-ucam1-2026-06-04,LoL: ⁠Movistar KOI Fénix vs UCAM Esports Club (BO5) - LES Playoffs,2026-06-04T00:00:00+00:00,LES Playoffs,5,⁠Movistar KOI Fénix,UCAM Esports Club,game_handicap,Game Handicap: MKF (-1.5) vs UCAM Esports Club (+1.5),⁠Movistar KOI Fénix,UCAM Esports Club,0.5000,0.5000,clob_mid,0
2026-06-02T15:41:50Z,lol-koia-ucam1-2026-06-04,LoL: ⁠Movistar KOI Fénix vs UCAM Esports Club (BO5) - LES Playoffs,2026-06-04T00:00:00+00:00,LES Playoffs,5,⁠Movistar KOI Fénix,UCAM Esports Club,game_handicap,Game Handicap: MKF (-2.5) vs UCAM Esports Club (+2.5),⁠Movistar KOI Fénix,UCAM Esports Club,0.5100,0.4900,clob_mid,0
2026-06-02T15:41:50Z,lol-c9-ly-2026-06-07,LoL: Cloud9 vs LYON (BO5) - LCS Playoffs,2026-06-07T00:00:00+00:00,LCS Playoffs,5,Cloud9,LYON,match_winner,LoL: Cloud9 vs LYON (BO5) - LCS Playoffs,Cloud9,LYON,0.5750,0.4250,clob_mid,7024
2026-06-02T15:41:50Z,lol-c9-ly-2026-06-07,LoL: Cloud9 vs LYON (BO5) - LCS Playoffs,2026-06-07T00:00:00+00:00,LCS Playoffs,5,Cloud9,LYON,game_1_winner,LoL: Cloud9 vs LYON - Game 1 Winner,Cloud9,LYON,0.5500,0.4500,clob_mid,40
2026-06-02T15:41:50Z,lol-c9-ly-2026-06-07,LoL: Cloud9 vs LYON (BO5) - LCS Playoffs,2026-06-07T00:00:00+00:00,LCS Playoffs,5,Cloud9,LYON,game_2_winner,LoL: Cloud9 vs LYON - Game 2 Winner,Cloud9,LYON,0.5450,0.4550,clob_mid,0
2026-06-02T15:41:50Z,lol-c9-ly-2026-06-07,LoL: Cloud9 vs LYON (BO5) - LCS Playoffs,2026-06-07T00:00:00+00:00,LCS Playoffs,5,Cloud9,LYON,game_3_winner,LoL: Cloud9 vs LYON - Game 3 Winner,Cloud9,LYON,0.5000,0.5000,clob_mid,0
2026-06-02T15:41:50Z,lol-c9-ly-2026-06-07,LoL: Cloud9 vs LYON (BO5) - LCS Playoffs,2026-06-07T00:00:00+00:00,LCS Playoffs,5,Cloud9,LYON,game_4_winner,LoL: Cloud9 vs LYON - Game 4 Winner,Cloud9,LYON,0.5150,0.4850,clob_mid,0
2026-06-02T15:41:50Z,lol-c9-ly-2026-06-07,LoL: Cloud9 vs LYON (BO5) - LCS Playoffs,2026-06-07T00:00:00+00:00,LCS Playoffs,5,Cloud9,LYON,game_handicap,Game Handicap: C9 (-1.5) vs LYON (+1.5),Cloud9,LYON,0.4000,0.6000,clob_mid,0
2026-06-02T15:41:50Z,lol-c9-ly-2026-06-07,LoL: Cloud9 vs LYON (BO5) - LCS Playoffs,2026-06-07T00:00:00+00:00,LCS Playoffs,5,Cloud9,LYON,game_handicap,Game Handicap: C9 (-2.5) vs LYON (+2.5),Cloud9,LYON,0.5000,0.5000,clob_mid,0
2026-06-02T15:41:50Z,lol-me1-pcific-2026-06-05,LoL: Misa Esports vs PCIFIC  (BO5) - TCL Playoffs,2026-06-05T00:00:00+00:00,TCL Playoffs,5,Misa Esports,PCIFIC,game_handicap,Game Handicap: ME (-1.5) vs PCIFIC  (+1.5),Misa Esports,PCIFIC ,0.5000,0.5000,clob_mid,0
2026-06-02T15:41:50Z,lol-me1-pcific-2026-06-05,LoL: Misa Esports vs PCIFIC  (BO5) - TCL Playoffs,2026-06-05T00:00:00+00:00,TCL Playoffs,5,Misa Esports,PCIFIC,game_handicap,Game Handicap: ME (-2.5) vs PCIFIC  (+2.5),Misa Esports,PCIFIC ,0.5250,0.4750,clob_mid,10
2026-06-02T15:41:50Z,lol-me1-pcific-2026-06-05,LoL: Misa Esports vs PCIFIC  (BO5) - TCL Playoffs,2026-06-05T00:00:00+00:00,TCL Playoffs,5,Misa Esports,PCIFIC,match_winner,LoL: Misa Esports vs PCIFIC  (BO5) - TCL Playoffs,Misa Esports,PCIFIC ,0.8900,0.1100,clob_mid,307
2026-06-02T15:41:50Z,lol-me1-pcific-2026-06-05,LoL: Misa Esports vs PCIFIC  (BO5) - TCL Playoffs,2026-06-05T00:00:00+00:00,TCL Playoffs,5,Misa Esports,PCIFIC,game_1_winner,LoL: Misa Esports vs PCIFIC  - Game 1 Winner,Misa Esports,PCIFIC ,0.7850,0.2150,clob_mid,0
2026-06-02T15:41:50Z,lol-me1-pcific-2026-06-05,LoL: Misa Esports vs PCIFIC  (BO5) - TCL Playoffs,2026-06-05T00:00:00+00:00,TCL Playoffs,5,Misa Esports,PCIFIC,game_2_winner,LoL: Misa Esports vs PCIFIC  - Game 2 Winner,Misa Esports,PCIFIC ,0.7900,0.2100,clob_mid,0
2026-06-02T15:41:50Z,lol-me1-pcific-2026-06-05,LoL: Misa Esports vs PCIFIC  (BO5) - TCL Playoffs,2026-06-05T00:00:00+00:00,TCL Playoffs,5,Misa Esports,PCIFIC,game_3_winner,LoL: Misa Esports vs PCIFIC  - Game 3 Winner,Misa Esports,PCIFIC ,0.5100,0.4900,clob_mid,0
2026-06-02T15:41:50Z,lol-me1-pcific-2026-06-05,LoL: Misa Esports vs PCIFIC  (BO5) - TCL Playoffs,2026-06-05T00:00:00+00:00,TCL Playoffs,5,Misa Esports,PCIFIC,game_4_winner,LoL: Misa Esports vs PCIFIC  - Game 4 Winner,Misa Esports,PCIFIC ,0.6250,0.3750,clob_mid,0
2026-06-02T15:41:50Z,lol-tt-lgd-2026-06-02,LoL: ThunderTalk Gaming vs LGD Gaming (BO5) - LPL Playoffs,2026-06-02T00:00:00+00:00,LPL Playoffs,5,ThunderTalk Gaming,LGD Gaming,game_handicap,Game Handicap: LGD (-2.5) vs ThunderTalk Gaming (+2.5),LGD Gaming,ThunderTalk Gaming,0.0005,0.9995,clob_mid,11097
2026-06-02T15:41:50Z,lol-tt-lgd-2026-06-02,LoL: ThunderTalk Gaming vs LGD Gaming (BO5) - LPL Playoffs,2026-06-02T00:00:00+00:00,LPL Playoffs,5,ThunderTalk Gaming,LGD Gaming,game_handicap,Game Handicap: LGD (-1.5) vs ThunderTalk Gaming (+1.5),LGD Gaming,ThunderTalk Gaming,0.0005,0.9995,clob_mid,340
2026-06-02T15:41:50Z,lol-tt-lgd-2026-06-02,LoL: ThunderTalk Gaming vs LGD Gaming (BO5) - LPL Playoffs,2026-06-02T00:00:00+00:00,LPL Playoffs,5,ThunderTalk Gaming,LGD Gaming,match_winner,LoL: ThunderTalk Gaming vs LGD Gaming (BO5) - LPL Playoffs,ThunderTalk Gaming,LGD Gaming,0.0005,0.9995,clob_mid,2242562
2026-06-02T15:41:50Z,lol-tt-lgd-2026-06-02,LoL: ThunderTalk Gaming vs LGD Gaming (BO5) - LPL Playoffs,2026-06-02T00:00:00+00:00,LPL Playoffs,5,ThunderTalk Gaming,LGD Gaming,game_1_winner,LoL: ThunderTalk Gaming vs LGD Gaming - Game 1 Winner,ThunderTalk Gaming,LGD Gaming,0.0000,1.0000,gamma_last,537861
2026-06-02T15:41:50Z,lol-tt-lgd-2026-06-02,LoL: ThunderTalk Gaming vs LGD Gaming (BO5) - LPL Playoffs,2026-06-02T00:00:00+00:00,LPL Playoffs,5,ThunderTalk Gaming,LGD Gaming,game_2_winner,LoL: ThunderTalk Gaming vs LGD Gaming - Game 2 Winner,ThunderTalk Gaming,LGD Gaming,0.0000,1.0000,gamma_last,645310
2026-06-02T15:41:50Z,lol-tt-lgd-2026-06-02,LoL: ThunderTalk Gaming vs LGD Gaming (BO5) - LPL Playoffs,2026-06-02T00:00:00+00:00,LPL Playoffs,5,ThunderTalk Gaming,LGD Gaming,game_3_winner,LoL: ThunderTalk Gaming vs LGD Gaming - Game 3 Winner,ThunderTalk Gaming,LGD Gaming,1.0000,0.0000,gamma_last,750480
2026-06-02T15:41:50Z,lol-tt-lgd-2026-06-02,LoL: ThunderTalk Gaming vs LGD Gaming (BO5) - LPL Playoffs,2026-06-02T00:00:00+00:00,LPL Playoffs,5,ThunderTalk Gaming,LGD Gaming,game_4_winner,LoL: ThunderTalk Gaming vs LGD Gaming - Game 4 Winner,ThunderTalk Gaming,LGD Gaming,1.0000,0.0000,gamma_last,682974
2026-06-02T15:41:50Z,lol-tt-lgd-2026-06-02,LoL: ThunderTalk Gaming vs LGD Gaming (BO5) - LPL Playoffs,2026-06-02T00:00:00+00:00,LPL Playoffs,5,ThunderTalk Gaming,LGD Gaming,game_handicap,Game Handicap: TT (-1.5) vs LGD Gaming (+1.5),ThunderTalk Gaming,LGD Gaming,0.0005,0.9995,clob_mid,31541
2026-06-02T15:41:50Z,lol-tt-lgd-2026-06-02,LoL: ThunderTalk Gaming vs LGD Gaming (BO5) - LPL Playoffs,2026-06-02T00:00:00+00:00,LPL Playoffs,5,ThunderTalk Gaming,LGD Gaming,game_handicap,Game Handicap: TT (-2.5) vs LGD Gaming (+2.5),ThunderTalk Gaming,LGD Gaming,0.0005,0.9995,clob_mid,9404
2026-06-02T15:41:50Z,lol-sly-gal-2026-06-03,LoL: Solary vs Galions (BO5) - LFL Playoffs,2026-06-03T00:00:00+00:00,LFL Playoffs,5,Solary,Galions,match_winner,LoL: Solary vs Galions (BO5) - LFL Playoffs,Solary,Galions,0.7050,0.2950,clob_mid,1874
2026-06-02T15:41:50Z,lol-sly-gal-2026-06-03,LoL: Solary vs Galions (BO5) - LFL Playoffs,2026-06-03T00:00:00+00:00,LFL Playoffs,5,Solary,Galions,game_1_winner,LoL: Solary vs Galions - Game 1 Winner,Solary,Galions,0.6350,0.3650,clob_mid,38
2026-06-02T15:41:50Z,lol-sly-gal-2026-06-03,LoL: Solary vs Galions (BO5) - LFL Playoffs,2026-06-03T00:00:00+00:00,LFL Playoffs,5,Solary,Galions,game_2_winner,LoL: Solary vs Galions - Game 2 Winner,Solary,Galions,0.6250,0.3750,clob_mid,53
2026-06-02T15:41:50Z,lol-sly-gal-2026-06-03,LoL: Solary vs Galions (BO5) - LFL Playoffs,2026-06-03T00:00:00+00:00,LFL Playoffs,5,Solary,Galions,game_3_winner,LoL: Solary vs Galions - Game 3 Winner,Solary,Galions,0.6250,0.3750,clob_mid,0
2026-06-02T15:41:50Z,lol-sly-gal-2026-06-03,LoL: Solary vs Galions (BO5) - LFL Playoffs,2026-06-03T00:00:00+00:00,LFL Playoffs,5,Solary,Galions,game_4_winner,LoL: Solary vs Galions - Game 4 Winner,Solary,Galions,0.7050,0.2950,clob_mid,0
2026-06-02T15:41:50Z,lol-sly-gal-2026-06-03,LoL: Solary vs Galions (BO5) - LFL Playoffs,2026-06-03T00:00:00+00:00,LFL Playoffs,5,Solary,Galions,game_handicap,Game Handicap: SLY (-1.5) vs Galions (+1.5),Solary,Galions,0.5350,0.4650,clob_mid,2
2026-06-02T15:41:50Z,lol-sly-gal-2026-06-03,LoL: Solary vs Galions (BO5) - LFL Playoffs,2026-06-03T00:00:00+00:00,LFL Playoffs,5,Solary,Galions,game_handicap,Game Handicap: SLY (-2.5) vs Galions (+2.5),Solary,Galions,0.2750,0.7250,clob_mid,0
2026-06-02T15:41:50Z,lol-edg-blg-2026-06-03,LoL: EDward Gaming vs Bilibili Gaming (BO5) - LPL Playoffs,2026-06-03T00:00:00+00:00,LPL Playoffs,5,EDward Gaming,Bilibili Gaming,match_winner,LoL: EDward Gaming vs Bilibili Gaming (BO5) - LPL Playoffs,EDward Gaming,Bilibili Gaming,0.0750,0.9250,clob_mid,84455
2026-06-02T15:41:50Z,lol-edg-blg-2026-06-03,LoL: EDward Gaming vs Bilibili Gaming (BO5) - LPL Playoffs,2026-06-03T00:00:00+00:00,LPL Playoffs,5,EDward Gaming,Bilibili Gaming,game_1_winner,LoL: EDward Gaming vs Bilibili Gaming - Game 1 Winner,EDward Gaming,Bilibili Gaming,0.1950,0.8050,clob_mid,5009
2026-06-02T15:41:50Z,lol-edg-blg-2026-06-03,LoL: EDward Gaming vs Bilibili Gaming (BO5) - LPL Playoffs,2026-06-03T00:00:00+00:00,LPL Playoffs,5,EDward Gaming,Bilibili Gaming,game_2_winner,LoL: EDward Gaming vs Bilibili Gaming - Game 2 Winner,EDward Gaming,Bilibili Gaming,0.2100,0.7900,clob_mid,169
2026-06-02T15:41:50Z,lol-edg-blg-2026-06-03,LoL: EDward Gaming vs Bilibili Gaming (BO5) - LPL Playoffs,2026-06-03T00:00:00+00:00,LPL Playoffs,5,EDward Gaming,Bilibili Gaming,game_3_winner,LoL: EDward Gaming vs Bilibili Gaming - Game 3 Winner,EDward Gaming,Bilibili Gaming,0.2100,0.7900,clob_mid,132
2026-06-02T15:41:50Z,lol-edg-blg-2026-06-03,LoL: EDward Gaming vs Bilibili Gaming (BO5) - LPL Playoffs,2026-06-03T00:00:00+00:00,LPL Playoffs,5,EDward Gaming,Bilibili Gaming,game_4_winner,LoL: EDward Gaming vs Bilibili Gaming - Game 4 Winner,EDward Gaming,Bilibili Gaming,0.3450,0.6550,clob_mid,1382
2026-06-02T15:41:50Z,lol-edg-blg-2026-06-03,LoL: EDward Gaming vs Bilibili Gaming (BO5) - LPL Playoffs,2026-06-03T00:00:00+00:00,LPL Playoffs,5,EDward Gaming,Bilibili Gaming,game_handicap,Game Handicap: BLG (-1.5) vs EDward Gaming (+1.5),Bilibili Gaming,EDward Gaming,0.8200,0.1800,clob_mid,181
2026-06-02T15:41:50Z,lol-edg-blg-2026-06-03,LoL: EDward Gaming vs Bilibili Gaming (BO5) - LPL Playoffs,2026-06-03T00:00:00+00:00,LPL Playoffs,5,EDward Gaming,Bilibili Gaming,game_handicap,Game Handicap: BLG (-2.5) vs EDward Gaming (+2.5),Bilibili Gaming,EDward Gaming,0.5750,0.4250,clob_mid,36884
2026-06-02T15:41:50Z,lol-mvk-gam-2026-06-05,LoL: MVK Esports vs GAM Esports (BO5) - LCP Playoffs,2026-06-05T00:00:00+00:00,LCP Playoffs,5,MVK Esports,GAM Esports,match_winner,LoL: MVK Esports vs GAM Esports (BO5) - LCP Playoffs,MVK Esports,GAM Esports,0.3750,0.6250,clob_mid,3355
2026-06-02T15:41:50Z,lol-mvk-gam-2026-06-05,LoL: MVK Esports vs GAM Esports (BO5) - LCP Playoffs,2026-06-05T00:00:00+00:00,LCP Playoffs,5,MVK Esports,GAM Esports,game_1_winner,LoL: MVK Esports vs GAM Esports - Game 1 Winner,MVK Esports,GAM Esports,0.4300,0.5700,clob_mid,0
2026-06-02T15:41:50Z,lol-mvk-gam-2026-06-05,LoL: MVK Esports vs GAM Esports (BO5) - LCP Playoffs,2026-06-05T00:00:00+00:00,LCP Playoffs,5,MVK Esports,GAM Esports,game_2_winner,LoL: MVK Esports vs GAM Esports - Game 2 Winner,MVK Esports,GAM Esports,0.4400,0.5600,clob_mid,0
2026-06-02T15:41:50Z,lol-mvk-gam-2026-06-05,LoL: MVK Esports vs GAM Esports (BO5) - LCP Playoffs,2026-06-05T00:00:00+00:00,LCP Playoffs,5,MVK Esports,GAM Esports,game_3_winner,LoL: MVK Esports vs GAM Esports - Game 3 Winner,MVK Esports,GAM Esports,0.4100,0.5900,clob_mid,0
2026-06-02T15:41:50Z,lol-mvk-gam-2026-06-05,LoL: MVK Esports vs GAM Esports (BO5) - LCP Playoffs,2026-06-05T00:00:00+00:00,LCP Playoffs,5,MVK Esports,GAM Esports,game_4_winner,LoL: MVK Esports vs GAM Esports - Game 4 Winner,MVK Esports,GAM Esports,0.5100,0.4900,clob_mid,0
2026-06-02T15:41:50Z,lol-mvk-gam-2026-06-05,LoL: MVK Esports vs GAM Esports (BO5) - LCP Playoffs,2026-06-05T00:00:00+00:00,LCP Playoffs,5,MVK Esports,GAM Esports,game_handicap,Game Handicap: GAM (-1.5) vs MVK Esports (+1.5),GAM Esports,MVK Esports,0.5050,0.4950,clob_mid,0
2026-06-02T15:41:50Z,lol-mvk-gam-2026-06-05,LoL: MVK Esports vs GAM Esports (BO5) - LCP Playoffs,2026-06-05T00:00:00+00:00,LCP Playoffs,5,MVK Esports,GAM Esports,game_handicap,Game Handicap: GAM (-2.5) vs MVK Esports (+2.5),GAM Esports,MVK Esports,0.5000,0.5000,clob_mid,0
2026-06-02T15:41:50Z,lol-wu-ccg-2026-06-04,LoL: Winthrop University vs CCG Esports (BO5) - North American Challengers League Playoffs,2026-06-04T00:00:00+00:00,North American Challengers League Playoffs,5,Winthrop University,CCG Esports,match_winner,LoL: Winthrop University vs CCG Esports (BO5) - North American Challengers League Playoffs,Winthrop University,CCG Esports,0.5250,0.4750,clob_mid,38
2026-06-02T15:41:50Z,lol-wu-ccg-2026-06-04,LoL: Winthrop University vs CCG Esports (BO5) - North American Challengers League Playoffs,2026-06-04T00:00:00+00:00,North American Challengers League Playoffs,5,Winthrop University,CCG Esports,game_1_winner,LoL: Winthrop University vs CCG Esports - Game 1 Winner,Winthrop University,CCG Esports,0.5000,0.5000,clob_mid,0
2026-06-02T15:41:50Z,lol-wu-ccg-2026-06-04,LoL: Winthrop University vs CCG Esports (BO5) - North American Challengers League Playoffs,2026-06-04T00:00:00+00:00,North American Challengers League Playoffs,5,Winthrop University,CCG Esports,game_2_winner,LoL: Winthrop University vs CCG Esports - Game 2 Winner,Winthrop University,CCG Esports,0.5000,0.5000,clob_mid,0
2026-06-02T15:41:50Z,lol-wu-ccg-2026-06-04,LoL: Winthrop University vs CCG Esports (BO5) - North American Challengers League Playoffs,2026-06-04T00:00:00+00:00,North American Challengers League Playoffs,5,Winthrop University,CCG Esports,game_3_winner,LoL: Winthrop University vs CCG Esports - Game 3 Winner,Winthrop University,CCG Esports,0.5000,0.5000,clob_mid,0
2026-06-02T15:41:50Z,lol-wu-ccg-2026-06-04,LoL: Winthrop University vs CCG Esports (BO5) - North American Challengers League Playoffs,2026-06-04T00:00:00+00:00,North American Challengers League Playoffs,5,Winthrop University,CCG Esports,game_4_winner,LoL: Winthrop University vs CCG Esports - Game 4 Winner,Winthrop University,CCG Esports,0.5100,0.4900,clob_mid,0
2026-06-02T15:41:50Z,lol-wu-ccg-2026-06-04,LoL: Winthrop University vs CCG Esports (BO5) - North American Challengers League Playoffs,2026-06-04T00:00:00+00:00,North American Challengers League Playoffs,5,Winthrop University,CCG Esports,game_handicap,Game Handicap: WU (-1.5) vs CCG Esports (+1.5),Winthrop University,CCG Esports,0.2450,0.7550,clob_mid,0
2026-06-02T15:41:50Z,lol-wu-ccg-2026-06-04,LoL: Winthrop University vs CCG Esports (BO5) - North American Challengers League Playoffs,2026-06-04T00:00:00+00:00,North American Challengers League Playoffs,5,Winthrop University,CCG Esports,game_handicap,Game Handicap: WU (-2.5) vs CCG Esports (+2.5),Winthrop University,CCG Esports,0.1150,0.8850,clob_mid,0
2026-06-02T15:41:50Z,lol-dk-bro2-2026-06-06,LoL: Dplus KIA vs HANJIN BRION (BO5) - LCK Road to MSI,2026-06-06T00:00:00+00:00,LCK Road to MSI,5,Dplus KIA,HANJIN BRION,match_winner,LoL: Dplus KIA vs HANJIN BRION (BO5) - LCK Road to MSI,Dplus KIA,HANJIN BRION,0.7450,0.2550,clob_mid,30180
2026-06-02T15:41:50Z,lol-dk-bro2-2026-06-06,LoL: Dplus KIA vs HANJIN BRION (BO5) - LCK Road to MSI,2026-06-06T00:00:00+00:00,LCK Road to MSI,5,Dplus KIA,HANJIN BRION,game_1_winner,LoL: Dplus KIA vs HANJIN BRION - Game 1 Winner,Dplus KIA,HANJIN BRION,0.6900,0.3100,clob_mid,6
2026-06-02T15:41:50Z,lol-dk-bro2-2026-06-06,LoL: Dplus KIA vs HANJIN BRION (BO5) - LCK Road to MSI,2026-06-06T00:00:00+00:00,LCK Road to MSI,5,Dplus KIA,HANJIN BRION,game_2_winner,LoL: Dplus KIA vs HANJIN BRION - Game 2 Winner,Dplus KIA,HANJIN BRION,0.6800,0.3200,clob_mid,0
2026-06-02T15:41:50Z,lol-dk-bro2-2026-06-06,LoL: Dplus KIA vs HANJIN BRION (BO5) - LCK Road to MSI,2026-06-06T00:00:00+00:00,LCK Road to MSI,5,Dplus KIA,HANJIN BRION,game_3_winner,LoL: Dplus KIA vs HANJIN BRION - Game 3 Winner,Dplus KIA,HANJIN BRION,0.6800,0.3200,clob_mid,0
2026-06-02T15:41:50Z,lol-dk-bro2-2026-06-06,LoL: Dplus KIA vs HANJIN BRION (BO5) - LCK Road to MSI,2026-06-06T00:00:00+00:00,LCK Road to MSI,5,Dplus KIA,HANJIN BRION,game_4_winner,LoL: Dplus KIA vs HANJIN BRION - Game 4 Winner,Dplus KIA,HANJIN BRION,0.6500,0.3500,clob_mid,0
2026-06-02T15:41:50Z,lol-dk-bro2-2026-06-06,LoL: Dplus KIA vs HANJIN BRION (BO5) - LCK Road to MSI,2026-06-06T00:00:00+00:00,LCK Road to MSI,5,Dplus KIA,HANJIN BRION,game_handicap,Game Handicap: DK (-1.5) vs HANJIN BRION (+1.5),Dplus KIA,HANJIN BRION,0.5750,0.4250,clob_mid,0
2026-06-02T15:41:50Z,lol-dk-bro2-2026-06-06,LoL: Dplus KIA vs HANJIN BRION (BO5) - LCK Road to MSI,2026-06-06T00:00:00+00:00,LCK Road to MSI,5,Dplus KIA,HANJIN BRION,game_handicap,Game Handicap: DK (-2.5) vs HANJIN BRION (+2.5),Dplus KIA,HANJIN BRION,0.3450,0.6550,clob_mid,0
2026-06-02T15:41:50Z,lol-hle1-t1-2026-06-12,LoL: Hanwha Life Esports vs T1 (BO5) - LCK Road to MSI,2026-06-12T00:00:00+00:00,LCK Road to MSI,5,Hanwha Life Esports,T1,match_winner,LoL: Hanwha Life Esports vs T1 (BO5) - LCK Road to MSI,Hanwha Life Esports,T1,0.5050,0.4950,clob_mid,17996
2026-06-02T15:41:50Z,lol-hle1-t1-2026-06-12,LoL: Hanwha Life Esports vs T1 (BO5) - LCK Road to MSI,2026-06-12T00:00:00+00:00,LCK Road to MSI,5,Hanwha Life Esports,T1,game_1_winner,LoL: Hanwha Life Esports vs T1 - Game 1 Winner,Hanwha Life Esports,T1,0.3150,0.6850,clob_mid,2
2026-06-02T15:41:50Z,lol-hle1-t1-2026-06-12,LoL: Hanwha Life Esports vs T1 (BO5) - LCK Road to MSI,2026-06-12T00:00:00+00:00,LCK Road to MSI,5,Hanwha Life Esports,T1,game_2_winner,LoL: Hanwha Life Esports vs T1 - Game 2 Winner,Hanwha Life Esports,T1,0.3150,0.6850,clob_mid,0
2026-06-02T15:41:50Z,lol-hle1-t1-2026-06-12,LoL: Hanwha Life Esports vs T1 (BO5) - LCK Road to MSI,2026-06-12T00:00:00+00:00,LCK Road to MSI,5,Hanwha Life Esports,T1,game_3_winner,LoL: Hanwha Life Esports vs T1 - Game 3 Winner,Hanwha Life Esports,T1,0.3150,0.6850,clob_mid,0
2026-06-02T15:41:50Z,lol-hle1-t1-2026-06-12,LoL: Hanwha Life Esports vs T1 (BO5) - LCK Road to MSI,2026-06-12T00:00:00+00:00,LCK Road to MSI,5,Hanwha Life Esports,T1,game_4_winner,LoL: Hanwha Life Esports vs T1 - Game 4 Winner,Hanwha Life Esports,T1,0.3250,0.6750,clob_mid,0
2026-06-02T15:41:50Z,lol-hle1-t1-2026-06-12,LoL: Hanwha Life Esports vs T1 (BO5) - LCK Road to MSI,2026-06-12T00:00:00+00:00,LCK Road to MSI,5,Hanwha Life Esports,T1,game_handicap,Game Handicap: HLE (-2.5) vs T1 (+2.5),Hanwha Life Esports,T1,0.1500,0.8500,clob_mid,98
2026-06-02T15:41:50Z,lol-hle1-t1-2026-06-12,LoL: Hanwha Life Esports vs T1 (BO5) - LCK Road to MSI,2026-06-12T00:00:00+00:00,LCK Road to MSI,5,Hanwha Life Esports,T1,game_handicap,Game Handicap: HLE (-1.5) vs T1 (+1.5),Hanwha Life Esports,T1,0.2850,0.7150,clob_mid,0
2026-06-02T15:41:50Z,lol-crz-bublik-2026-06-02,LoL: Crusaders vs Bubliki (BO5) - LPLOL Playoffs,2026-06-02T00:00:00+00:00,LPLOL Playoffs,5,Crusaders,Bubliki,match_winner,LoL: Crusaders vs Bubliki (BO5) - LPLOL Playoffs,Crusaders,Bubliki,0.6900,0.3100,clob_mid,5480
2026-06-02T15:41:50Z,lol-crz-bublik-2026-06-02,LoL: Crusaders vs Bubliki (BO5) - LPLOL Playoffs,2026-06-02T00:00:00+00:00,LPLOL Playoffs,5,Crusaders,Bubliki,game_1_winner,LoL: Crusaders vs Bubliki - Game 1 Winner,Crusaders,Bubliki,0.6150,0.3850,clob_mid,5
2026-06-02T15:41:50Z,lol-crz-bublik-2026-06-02,LoL: Crusaders vs Bubliki (BO5) - LPLOL Playoffs,2026-06-02T00:00:00+00:00,LPLOL Playoffs,5,Crusaders,Bubliki,game_2_winner,LoL: Crusaders vs Bubliki - Game 2 Winner,Crusaders,Bubliki,0.6250,0.3750,clob_mid,5
2026-06-02T15:41:50Z,lol-crz-bublik-2026-06-02,LoL: Crusaders vs Bubliki (BO5) - LPLOL Playoffs,2026-06-02T00:00:00+00:00,LPLOL Playoffs,5,Crusaders,Bubliki,game_3_winner,LoL: Crusaders vs Bubliki - Game 3 Winner,Crusaders,Bubliki,0.6250,0.3750,clob_mid,5
2026-06-02T15:41:50Z,lol-crz-bublik-2026-06-02,LoL: Crusaders vs Bubliki (BO5) - LPLOL Playoffs,2026-06-02T00:00:00+00:00,LPLOL Playoffs,5,Crusaders,Bubliki,game_4_winner,LoL: Crusaders vs Bubliki - Game 4 Winner,Crusaders,Bubliki,0.3450,0.6550,clob_mid,0
2026-06-02T15:41:50Z,lol-crz-bublik-2026-06-02,LoL: Crusaders vs Bubliki (BO5) - LPLOL Playoffs,2026-06-02T00:00:00+00:00,LPLOL Playoffs,5,Crusaders,Bubliki,game_handicap,Game Handicap: CRZ (-1.5) vs Bubliki (+1.5),Crusaders,Bubliki,0.5000,0.5000,clob_mid,0
2026-06-02T15:41:50Z,lol-crz-bublik-2026-06-02,LoL: Crusaders vs Bubliki (BO5) - LPLOL Playoffs,2026-06-02T00:00:00+00:00,LPLOL Playoffs,5,Crusaders,Bubliki,game_handicap,Game Handicap: CRZ (-2.5) vs Bubliki (+2.5),Crusaders,Bubliki,0.5100,0.4900,clob_mid,0
2026-06-02T15:41:50Z,lol-ban2-mcn-2026-06-02,LoL: The Bandits vs mCon esports (BO5) - Road Of Legends Playoffs,2026-06-02T00:00:00+00:00,Road Of Legends Playoffs,5,The Bandits,mCon esports,match_winner,LoL: The Bandits vs mCon esports (BO5) - Road Of Legends Playoffs,The Bandits,mCon esports,0.5350,0.4650,clob_mid,45729
2026-06-02T15:41:50Z,lol-ban2-mcn-2026-06-02,LoL: The Bandits vs mCon esports (BO5) - Road Of Legends Playoffs,2026-06-02T00:00:00+00:00,Road Of Legends Playoffs,5,The Bandits,mCon esports,game_1_winner,LoL: The Bandits vs mCon esports - Game 1 Winner,The Bandits,mCon esports,0.5050,0.4950,clob_mid,14251
2026-06-02T15:41:50Z,lol-ban2-mcn-2026-06-02,LoL: The Bandits vs mCon esports (BO5) - Road Of Legends Playoffs,2026-06-02T00:00:00+00:00,Road Of Legends Playoffs,5,The Bandits,mCon esports,game_2_winner,LoL: The Bandits vs mCon esports - Game 2 Winner,The Bandits,mCon esports,0.5150,0.4850,clob_mid,6098
2026-06-02T15:41:50Z,lol-ban2-mcn-2026-06-02,LoL: The Bandits vs mCon esports (BO5) - Road Of Legends Playoffs,2026-06-02T00:00:00+00:00,Road Of Legends Playoffs,5,The Bandits,mCon esports,game_3_winner,LoL: The Bandits vs mCon esports - Game 3 Winner,The Bandits,mCon esports,0.5100,0.4900,clob_mid,6617
2026-06-02T15:41:50Z,lol-ban2-mcn-2026-06-02,LoL: The Bandits vs mCon esports (BO5) - Road Of Legends Playoffs,2026-06-02T00:00:00+00:00,Road Of Legends Playoffs,5,The Bandits,mCon esports,game_4_winner,LoL: The Bandits vs mCon esports - Game 4 Winner,The Bandits,mCon esports,0.5050,0.4950,clob_mid,1763
2026-06-02T15:41:50Z,lol-ban2-mcn-2026-06-02,LoL: The Bandits vs mCon esports (BO5) - Road Of Legends Playoffs,2026-06-02T00:00:00+00:00,Road Of Legends Playoffs,5,The Bandits,mCon esports,game_handicap,Game Handicap: BAN (-1.5) vs mCon esports (+1.5),The Bandits,mCon esports,0.2400,0.7600,clob_mid,30
2026-06-02T15:41:50Z,lol-ban2-mcn-2026-06-02,LoL: The Bandits vs mCon esports (BO5) - Road Of Legends Playoffs,2026-06-02T00:00:00+00:00,Road Of Legends Playoffs,5,The Bandits,mCon esports,game_handicap,Game Handicap: BAN (-2.5) vs mCon esports (+2.5),The Bandits,mCon esports,0.5200,0.4800,clob_mid,45
2026-06-02T15:41:50Z,lol-fur-los-2026-06-06,LoL: FURIA Esports vs LOS (BO5) - CBLOL Playoffs,2026-06-06T00:00:00+00:00,CBLOL Playoffs,5,FURIA Esports,LOS,match_winner,LoL: FURIA Esports vs LOS (BO5) - CBLOL Playoffs,FURIA Esports,LOS,0.6750,0.3250,clob_mid,249
2026-06-02T15:41:50Z,lol-fur-los-2026-06-06,LoL: FURIA Esports vs LOS (BO5) - CBLOL Playoffs,2026-06-06T00:00:00+00:00,CBLOL Playoffs,5,FURIA Esports,LOS,game_1_winner,LoL: FURIA Esports vs LOS - Game 1 Winner,FURIA Esports,LOS,0.6200,0.3800,clob_mid,0
2026-06-02T15:41:50Z,lol-fur-los-2026-06-06,LoL: FURIA Esports vs LOS (BO5) - CBLOL Playoffs,2026-06-06T00:00:00+00:00,CBLOL Playoffs,5,FURIA Esports,LOS,game_2_winner,LoL: FURIA Esports vs LOS - Game 2 Winner,FURIA Esports,LOS,0.6050,0.3950,clob_mid,0
2026-06-02T15:41:50Z,lol-fur-los-2026-06-06,LoL: FURIA Esports vs LOS (BO5) - CBLOL Playoffs,2026-06-06T00:00:00+00:00,CBLOL Playoffs,5,FURIA Esports,LOS,game_3_winner,LoL: FURIA Esports vs LOS - Game 3 Winner,FURIA Esports,LOS,0.5050,0.4950,clob_mid,0
2026-06-02T15:41:50Z,lol-fur-los-2026-06-06,LoL: FURIA Esports vs LOS (BO5) - CBLOL Playoffs,2026-06-06T00:00:00+00:00,CBLOL Playoffs,5,FURIA Esports,LOS,game_4_winner,LoL: FURIA Esports vs LOS - Game 4 Winner,FURIA Esports,LOS,0.5000,0.5000,clob_mid,0
2026-06-02T15:41:50Z,lol-fur-los-2026-06-06,LoL: FURIA Esports vs LOS (BO5) - CBLOL Playoffs,2026-06-06T00:00:00+00:00,CBLOL Playoffs,5,FURIA Esports,LOS,game_handicap,Game Handicap: FUR (-1.5) vs LOS (+1.5),FURIA Esports,LOS,0.5000,0.5000,clob_mid,0
2026-06-02T15:41:50Z,lol-fur-los-2026-06-06,LoL: FURIA Esports vs LOS (BO5) - CBLOL Playoffs,2026-06-06T00:00:00+00:00,CBLOL Playoffs,5,FURIA Esports,LOS,game_handicap,Game Handicap: FUR (-2.5) vs LOS (+2.5),FURIA Esports,LOS,0.4950,0.5050,clob_mid,0
2026-06-02T15:41:50Z,lol-fly-tl2-2026-06-06,LoL: FlyQuest vs Team Liquid (BO5) - LCS Playoffs,2026-06-06T00:00:00+00:00,LCS Playoffs,5,FlyQuest,Team Liquid,match_winner,LoL: FlyQuest vs Team Liquid (BO5) - LCS Playoffs,FlyQuest,Team Liquid,0.5500,0.4500,clob_mid,5230
2026-06-02T15:41:50Z,lol-fly-tl2-2026-06-06,LoL: FlyQuest vs Team Liquid (BO5) - LCS Playoffs,2026-06-06T00:00:00+00:00,LCS Playoffs,5,FlyQuest,Team Liquid,game_1_winner,LoL: FlyQuest vs Team Liquid - Game 1 Winner,FlyQuest,Team Liquid,0.5400,0.4600,clob_mid,0
2026-06-02T15:41:50Z,lol-fly-tl2-2026-06-06,LoL: FlyQuest vs Team Liquid (BO5) - LCS Playoffs,2026-06-06T00:00:00+00:00,LCS Playoffs,5,FlyQuest,Team Liquid,game_2_winner,LoL: FlyQuest vs Team Liquid - Game 2 Winner,FlyQuest,Team Liquid,0.5500,0.4500,clob_mid,0
2026-06-02T15:41:50Z,lol-fly-tl2-2026-06-06,LoL: FlyQuest vs Team Liquid (BO5) - LCS Playoffs,2026-06-06T00:00:00+00:00,LCS Playoffs,5,FlyQuest,Team Liquid,game_3_winner,LoL: FlyQuest vs Team Liquid - Game 3 Winner,FlyQuest,Team Liquid,0.5150,0.4850,clob_mid,0
2026-06-02T15:41:50Z,lol-fly-tl2-2026-06-06,LoL: FlyQuest vs Team Liquid (BO5) - LCS Playoffs,2026-06-06T00:00:00+00:00,LCS Playoffs,5,FlyQuest,Team Liquid,game_4_winner,LoL: FlyQuest vs Team Liquid - Game 4 Winner,FlyQuest,Team Liquid,0.5200,0.4800,clob_mid,0
2026-06-02T15:41:50Z,lol-fly-tl2-2026-06-06,LoL: FlyQuest vs Team Liquid (BO5) - LCS Playoffs,2026-06-06T00:00:00+00:00,LCS Playoffs,5,FlyQuest,Team Liquid,game_handicap,Game Handicap: FLY (-1.5) vs Team Liquid (+1.5),FlyQuest,Team Liquid,0.3800,0.6200,clob_mid,0
2026-06-02T15:41:50Z,lol-fly-tl2-2026-06-06,LoL: FlyQuest vs Team Liquid (BO5) - LCS Playoffs,2026-06-06T00:00:00+00:00,LCS Playoffs,5,FlyQuest,Team Liquid,game_handicap,Game Handicap: FLY (-2.5) vs Team Liquid (+2.5),FlyQuest,Team Liquid,0.1300,0.8700,clob_mid,0
2026-06-02T15:41:50Z,lol-tes-we-2026-06-07,LoL: Top Esports vs Team WE (BO5) - LPL Playoffs,2026-06-07T00:00:00+00:00,LPL Playoffs,5,Top Esports,Team WE,match_winner,LoL: Top Esports vs Team WE (BO5) - LPL Playoffs,Top Esports,Team WE,0.6800,0.3200,clob_mid,48114
2026-06-02T15:41:50Z,lol-tes-we-2026-06-07,LoL: Top Esports vs Team WE (BO5) - LPL Playoffs,2026-06-07T00:00:00+00:00,LPL Playoffs,5,Top Esports,Team WE,game_1_winner,LoL: Top Esports vs Team WE - Game 1 Winner,Top Esports,Team WE,0.6000,0.4000,clob_mid,14
2026-06-02T15:41:50Z,lol-tes-we-2026-06-07,LoL: Top Esports vs Team WE (BO5) - LPL Playoffs,2026-06-07T00:00:00+00:00,LPL Playoffs,5,Top Esports,Team WE,game_2_winner,LoL: Top Esports vs Team WE - Game 2 Winner,Top Esports,Team WE,0.6000,0.4000,clob_mid,6
2026-06-02T15:41:50Z,lol-tes-we-2026-06-07,LoL: Top Esports vs Team WE (BO5) - LPL Playoffs,2026-06-07T00:00:00+00:00,LPL Playoffs,5,Top Esports,Team WE,game_3_winner,LoL: Top Esports vs Team WE - Game 3 Winner,Top Esports,Team WE,0.5100,0.4900,clob_mid,13
2026-06-02T15:41:50Z,lol-tes-we-2026-06-07,LoL: Top Esports vs Team WE (BO5) - LPL Playoffs,2026-06-07T00:00:00+00:00,LPL Playoffs,5,Top Esports,Team WE,game_4_winner,LoL: Top Esports vs Team WE - Game 4 Winner,Top Esports,Team WE,0.5000,0.5000,clob_mid,0
2026-06-02T15:41:50Z,lol-tes-we-2026-06-07,LoL: Top Esports vs Team WE (BO5) - LPL Playoffs,2026-06-07T00:00:00+00:00,LPL Playoffs,5,Top Esports,Team WE,game_handicap,Game Handicap: TES (-1.5) vs Team WE (+1.5),Top Esports,Team WE,0.4800,0.5200,clob_mid,1305
2026-06-02T15:41:50Z,lol-tes-we-2026-06-07,LoL: Top Esports vs Team WE (BO5) - LPL Playoffs,2026-06-07T00:00:00+00:00,LPL Playoffs,5,Top Esports,Team WE,game_handicap,Game Handicap: TES (-2.5) vs Team WE (+2.5),Top Esports,Team WE,0.2450,0.7550,clob_mid,1
2026-06-02T15:41:50Z,lol-mkoi-kc-2026-06-06,LoL: Movistar KOI vs Karmine Corp (BO5) - LEC Playoffs,2026-06-06T00:00:00+00:00,LEC Playoffs,5,Movistar KOI,Karmine Corp,match_winner,LoL: Movistar KOI vs Karmine Corp (BO5) - LEC Playoffs,Movistar KOI,Karmine Corp,0.4150,0.5850,clob_mid,6538
2026-06-02T15:41:50Z,lol-mkoi-kc-2026-06-06,LoL: Movistar KOI vs Karmine Corp (BO5) - LEC Playoffs,2026-06-06T00:00:00+00:00,LEC Playoffs,5,Movistar KOI,Karmine Corp,game_1_winner,LoL: Movistar KOI vs Karmine Corp - Game 1 Winner,Movistar KOI,Karmine Corp,0.4250,0.5750,clob_mid,42
2026-06-02T15:41:50Z,lol-mkoi-kc-2026-06-06,LoL: Movistar KOI vs Karmine Corp (BO5) - LEC Playoffs,2026-06-06T00:00:00+00:00,LEC Playoffs,5,Movistar KOI,Karmine Corp,game_2_winner,LoL: Movistar KOI vs Karmine Corp - Game 2 Winner,Movistar KOI,Karmine Corp,0.5050,0.4950,clob_mid,0
2026-06-02T15:41:50Z,lol-mkoi-kc-2026-06-06,LoL: Movistar KOI vs Karmine Corp (BO5) - LEC Playoffs,2026-06-06T00:00:00+00:00,LEC Playoffs,5,Movistar KOI,Karmine Corp,game_3_winner,LoL: Movistar KOI vs Karmine Corp - Game 3 Winner,Movistar KOI,Karmine Corp,0.5050,0.4950,clob_mid,0
2026-06-02T15:41:50Z,lol-mkoi-kc-2026-06-06,LoL: Movistar KOI vs Karmine Corp (BO5) - LEC Playoffs,2026-06-06T00:00:00+00:00,LEC Playoffs,5,Movistar KOI,Karmine Corp,game_4_winner,LoL: Movistar KOI vs Karmine Corp - Game 4 Winner,Movistar KOI,Karmine Corp,0.3250,0.6750,clob_mid,0
2026-06-02T15:41:50Z,lol-mkoi-kc-2026-06-06,LoL: Movistar KOI vs Karmine Corp (BO5) - LEC Playoffs,2026-06-06T00:00:00+00:00,LEC Playoffs,5,Movistar KOI,Karmine Corp,game_handicap,Game Handicap: KC (-1.5) vs Movistar KOI (+1.5),Karmine Corp,Movistar KOI,0.3950,0.6050,clob_mid,0
2026-06-02T15:41:50Z,lol-mkoi-kc-2026-06-06,LoL: Movistar KOI vs Karmine Corp (BO5) - LEC Playoffs,2026-06-06T00:00:00+00:00,LEC Playoffs,5,Movistar KOI,Karmine Corp,game_handicap,Game Handicap: KC (-2.5) vs Movistar KOI (+2.5),Karmine Corp,Movistar KOI,0.5000,0.5000,clob_mid,0
2026-06-02T15:41:50Z,lol-nbs-esb-2026-06-02,LoL: NightBirds vs eSuba (BO5) - Hitpoint Masters Playoffs,2026-06-02T00:00:00+00:00,Hitpoint Masters Playoffs,5,NightBirds,eSuba,match_winner,LoL: NightBirds vs eSuba (BO5) - Hitpoint Masters Playoffs,NightBirds,eSuba,0.9745,0.0255,clob_mid,18258
2026-06-02T15:41:50Z,lol-nbs-esb-2026-06-02,LoL: NightBirds vs eSuba (BO5) - Hitpoint Masters Playoffs,2026-06-02T00:00:00+00:00,Hitpoint Masters Playoffs,5,NightBirds,eSuba,game_1_winner,LoL: NightBirds vs eSuba - Game 1 Winner,NightBirds,eSuba,0.9995,0.0005,clob_mid,14316
2026-06-02T15:41:50Z,lol-nbs-esb-2026-06-02,LoL: NightBirds vs eSuba (BO5) - Hitpoint Masters Playoffs,2026-06-02T00:00:00+00:00,Hitpoint Masters Playoffs,5,NightBirds,eSuba,game_2_winner,LoL: NightBirds vs eSuba - Game 2 Winner,NightBirds,eSuba,0.9995,0.0005,clob_mid,2520
2026-06-02T15:41:50Z,lol-nbs-esb-2026-06-02,LoL: NightBirds vs eSuba (BO5) - Hitpoint Masters Playoffs,2026-06-02T00:00:00+00:00,Hitpoint Masters Playoffs,5,NightBirds,eSuba,game_3_winner,LoL: NightBirds vs eSuba - Game 3 Winner,NightBirds,eSuba,0.8200,0.1800,clob_mid,371
2026-06-02T15:41:50Z,lol-nbs-esb-2026-06-02,LoL: NightBirds vs eSuba (BO5) - Hitpoint Masters Playoffs,2026-06-02T00:00:00+00:00,Hitpoint Masters Playoffs,5,NightBirds,eSuba,game_4_winner,LoL: NightBirds vs eSuba - Game 4 Winner,NightBirds,eSuba,0.7250,0.2750,clob_mid,0
2026-06-02T15:41:50Z,lol-nbs-esb-2026-06-02,LoL: NightBirds vs eSuba (BO5) - Hitpoint Masters Playoffs,2026-06-02T00:00:00+00:00,Hitpoint Masters Playoffs,5,NightBirds,eSuba,game_handicap,Game Handicap: NBS (-1.5) vs eSuba (+1.5),NightBirds,eSuba,0.5000,0.5000,clob_mid,0
2026-06-02T15:41:50Z,lol-nbs-esb-2026-06-02,LoL: NightBirds vs eSuba (BO5) - Hitpoint Masters Playoffs,2026-06-02T00:00:00+00:00,Hitpoint Masters Playoffs,5,NightBirds,eSuba,game_handicap,Game Handicap: NBS (-2.5) vs eSuba (+2.5),NightBirds,eSuba,0.5000,0.5000,clob_mid,0
2026-06-02T15:41:50Z,lol-red-lev-2026-06-07,LoL: RED Canids vs Leviatan Esports (BO3) - Esports World Cup South America & LATAM Qualifier Playoffs,2026-06-07T00:00:00+00:00,Esports World Cup South America & LATAM Qualifier Playoffs,3,RED Canids,Leviatan Esports,match_winner,LoL: RED Canids vs Leviatan Esports (BO3) - Esports World Cup South America & LATAM Qualifier Playoffs,RED Canids,Leviatan Esports,0.7100,0.2900,clob_mid,0
2026-06-02T15:41:50Z,lol-red-lev-2026-06-07,LoL: RED Canids vs Leviatan Esports (BO3) - Esports World Cup South America & LATAM Qualifier Playoffs,2026-06-07T00:00:00+00:00,Esports World Cup South America & LATAM Qualifier Playoffs,3,RED Canids,Leviatan Esports,game_1_winner,LoL: RED Canids vs Leviatan Esports - Game 1 Winner,RED Canids,Leviatan Esports,0.5250,0.4750,clob_mid,0
2026-06-02T15:41:50Z,lol-red-lev-2026-06-07,LoL: RED Canids vs Leviatan Esports (BO3) - Esports World Cup South America & LATAM Qualifier Playoffs,2026-06-07T00:00:00+00:00,Esports World Cup South America & LATAM Qualifier Playoffs,3,RED Canids,Leviatan Esports,game_2_winner,LoL: RED Canids vs Leviatan Esports - Game 2 Winner,RED Canids,Leviatan Esports,0.4900,0.5100,clob_mid,0
2026-06-02T15:41:50Z,lol-red-lev-2026-06-07,LoL: RED Canids vs Leviatan Esports (BO3) - Esports World Cup South America & LATAM Qualifier Playoffs,2026-06-07T00:00:00+00:00,Esports World Cup South America & LATAM Qualifier Playoffs,3,RED Canids,Leviatan Esports,game_handicap,Game Handicap: RED (-1.5) vs Leviatan Esports (+1.5),RED Canids,Leviatan Esports,0.5000,0.5000,clob_mid,0
2026-06-02T15:41:50Z,lol-fxw7-png1-2026-06-07,LoL: Fluxo W7M vs paiN Gaming (BO3) - Esports World Cup South America & LATAM Qualifier Playoffs,2026-06-07T00:00:00+00:00,Esports World Cup South America & LATAM Qualifier Playoffs,3,Fluxo W7M,paiN Gaming,match_winner,LoL: Fluxo W7M vs paiN Gaming (BO3) - Esports World Cup South America & LATAM Qualifier Playoffs,Fluxo W7M,paiN Gaming,0.7000,0.3000,clob_mid,21
2026-06-02T15:41:50Z,lol-fxw7-png1-2026-06-07,LoL: Fluxo W7M vs paiN Gaming (BO3) - Esports World Cup South America & LATAM Qualifier Playoffs,2026-06-07T00:00:00+00:00,Esports World Cup South America & LATAM Qualifier Playoffs,3,Fluxo W7M,paiN Gaming,game_1_winner,LoL: Fluxo W7M vs paiN Gaming - Game 1 Winner,Fluxo W7M,paiN Gaming,0.5000,0.5000,clob_mid,0
2026-06-02T15:41:50Z,lol-fxw7-png1-2026-06-07,LoL: Fluxo W7M vs paiN Gaming (BO3) - Esports World Cup South America & LATAM Qualifier Playoffs,2026-06-07T00:00:00+00:00,Esports World Cup South America & LATAM Qualifier Playoffs,3,Fluxo W7M,paiN Gaming,game_2_winner,LoL: Fluxo W7M vs paiN Gaming - Game 2 Winner,Fluxo W7M,paiN Gaming,0.5100,0.4900,clob_mid,0
2026-06-02T15:41:50Z,lol-fxw7-png1-2026-06-07,LoL: Fluxo W7M vs paiN Gaming (BO3) - Esports World Cup South America & LATAM Qualifier Playoffs,2026-06-07T00:00:00+00:00,Esports World Cup South America & LATAM Qualifier Playoffs,3,Fluxo W7M,paiN Gaming,game_handicap,Game Handicap: FXW7 (-1.5) vs paiN Gaming (+1.5),Fluxo W7M,paiN Gaming,0.5000,0.5000,clob_mid,0
2026-06-02T15:41:50Z,lol-lll-vks-2026-06-07,LoL: LOUD vs Vivo Keyd Stars (BO3) - Esports World Cup South America & LATAM Qualifier Playoffs,2026-06-07T00:00:00+00:00,Esports World Cup South America & LATAM Qualifier Playoffs,3,LOUD,Vivo Keyd Stars,match_winner,LoL: LOUD vs Vivo Keyd Stars (BO3) - Esports World Cup South America & LATAM Qualifier Playoffs,LOUD,Vivo Keyd Stars,0.6650,0.3350,clob_mid,0
2026-06-02T15:41:50Z,lol-lll-vks-2026-06-07,LoL: LOUD vs Vivo Keyd Stars (BO3) - Esports World Cup South America & LATAM Qualifier Playoffs,2026-06-07T00:00:00+00:00,Esports World Cup South America & LATAM Qualifier Playoffs,3,LOUD,Vivo Keyd Stars,game_1_winner,LoL: LOUD vs Vivo Keyd Stars - Game 1 Winner,LOUD,Vivo Keyd Stars,0.5100,0.4900,clob_mid,0
2026-06-02T15:41:50Z,lol-lll-vks-2026-06-07,LoL: LOUD vs Vivo Keyd Stars (BO3) - Esports World Cup South America & LATAM Qualifier Playoffs,2026-06-07T00:00:00+00:00,Esports World Cup South America & LATAM Qualifier Playoffs,3,LOUD,Vivo Keyd Stars,game_2_winner,LoL: LOUD vs Vivo Keyd Stars - Game 2 Winner,LOUD,Vivo Keyd Stars,0.5000,0.5000,clob_mid,0
2026-06-02T15:41:50Z,lol-lll-vks-2026-06-07,LoL: LOUD vs Vivo Keyd Stars (BO3) - Esports World Cup South America & LATAM Qualifier Playoffs,2026-06-07T00:00:00+00:00,Esports World Cup South America & LATAM Qualifier Playoffs,3,LOUD,Vivo Keyd Stars,game_handicap,Game Handicap: LLL (-1.5) vs Vivo Keyd Stars (+1.5),LOUD,Vivo Keyd Stars,0.5000,0.5000,clob_mid,0
2026-06-02T15:43:59Z,lol-hrts-bar-2026-06-03,LoL: Team Heretics Academy vs Barça eSports (BO5) - LES Playoffs,2026-06-03T00:00:00+00:00,LES Playoffs,5,Team Heretics Academy,Barça eSports,game_handicap,Game Handicap: HRTS (-1.5) vs Barça eSports (+1.5),Team Heretics Academy,Barça eSports,0.6000,0.4000,clob_mid,22
2026-06-02T15:43:59Z,lol-hrts-bar-2026-06-03,LoL: Team Heretics Academy vs Barça eSports (BO5) - LES Playoffs,2026-06-03T00:00:00+00:00,LES Playoffs,5,Team Heretics Academy,Barça eSports,game_handicap,Game Handicap: HRTS (-2.5) vs Barça eSports (+2.5),Team Heretics Academy,Barça eSports,0.4950,0.5050,clob_mid,0
2026-06-02T15:43:59Z,lol-hrts-bar-2026-06-03,LoL: Team Heretics Academy vs Barça eSports (BO5) - LES Playoffs,2026-06-03T00:00:00+00:00,LES Playoffs,5,Team Heretics Academy,Barça eSports,match_winner,LoL: Team Heretics Academy vs Barça eSports (BO5) - LES Playoffs,Team Heretics Academy,Barça eSports,0.7650,0.2350,clob_mid,990
2026-06-02T15:43:59Z,lol-hrts-bar-2026-06-03,LoL: Team Heretics Academy vs Barça eSports (BO5) - LES Playoffs,2026-06-03T00:00:00+00:00,LES Playoffs,5,Team Heretics Academy,Barça eSports,game_1_winner,LoL: Team Heretics Academy vs Barça eSports - Game 1 Winner,Team Heretics Academy,Barça eSports,0.6550,0.3450,clob_mid,0
2026-06-02T15:43:59Z,lol-hrts-bar-2026-06-03,LoL: Team Heretics Academy vs Barça eSports (BO5) - LES Playoffs,2026-06-03T00:00:00+00:00,LES Playoffs,5,Team Heretics Academy,Barça eSports,game_2_winner,LoL: Team Heretics Academy vs Barça eSports - Game 2 Winner,Team Heretics Academy,Barça eSports,0.6600,0.3400,clob_mid,0
2026-06-02T15:43:59Z,lol-hrts-bar-2026-06-03,LoL: Team Heretics Academy vs Barça eSports (BO5) - LES Playoffs,2026-06-03T00:00:00+00:00,LES Playoffs,5,Team Heretics Academy,Barça eSports,game_3_winner,LoL: Team Heretics Academy vs Barça eSports - Game 3 Winner,Team Heretics Academy,Barça eSports,0.6700,0.3300,clob_mid,0
2026-06-02T15:43:59Z,lol-hrts-bar-2026-06-03,LoL: Team Heretics Academy vs Barça eSports (BO5) - LES Playoffs,2026-06-03T00:00:00+00:00,LES Playoffs,5,Team Heretics Academy,Barça eSports,game_4_winner,LoL: Team Heretics Academy vs Barça eSports - Game 4 Winner,Team Heretics Academy,Barça eSports,0.7200,0.2800,clob_mid,0
2026-06-02T15:43:59Z,lol-koia-ucam1-2026-06-04,LoL: ⁠Movistar KOI Fénix vs UCAM Esports Club (BO5) - LES Playoffs,2026-06-04T00:00:00+00:00,LES Playoffs,5,⁠Movistar KOI Fénix,UCAM Esports Club,match_winner,LoL: ⁠Movistar KOI Fénix vs UCAM Esports Club (BO5) - LES Playoffs,⁠Movistar KOI Fénix,UCAM Esports Club,0.6050,0.3950,clob_mid,279
2026-06-02T15:43:59Z,lol-koia-ucam1-2026-06-04,LoL: ⁠Movistar KOI Fénix vs UCAM Esports Club (BO5) - LES Playoffs,2026-06-04T00:00:00+00:00,LES Playoffs,5,⁠Movistar KOI Fénix,UCAM Esports Club,game_1_winner,LoL: ⁠Movistar KOI Fénix vs UCAM Esports Club - Game 1 Winner,⁠Movistar KOI Fénix,UCAM Esports Club,0.5450,0.4550,clob_mid,0
2026-06-02T15:43:59Z,lol-koia-ucam1-2026-06-04,LoL: ⁠Movistar KOI Fénix vs UCAM Esports Club (BO5) - LES Playoffs,2026-06-04T00:00:00+00:00,LES Playoffs,5,⁠Movistar KOI Fénix,UCAM Esports Club,game_2_winner,LoL: ⁠Movistar KOI Fénix vs UCAM Esports Club - Game 2 Winner,⁠Movistar KOI Fénix,UCAM Esports Club,0.5450,0.4550,clob_mid,0
2026-06-02T15:43:59Z,lol-koia-ucam1-2026-06-04,LoL: ⁠Movistar KOI Fénix vs UCAM Esports Club (BO5) - LES Playoffs,2026-06-04T00:00:00+00:00,LES Playoffs,5,⁠Movistar KOI Fénix,UCAM Esports Club,game_3_winner,LoL: ⁠Movistar KOI Fénix vs UCAM Esports Club - Game 3 Winner,⁠Movistar KOI Fénix,UCAM Esports Club,0.5550,0.4450,clob_mid,0
2026-06-02T15:43:59Z,lol-koia-ucam1-2026-06-04,LoL: ⁠Movistar KOI Fénix vs UCAM Esports Club (BO5) - LES Playoffs,2026-06-04T00:00:00+00:00,LES Playoffs,5,⁠Movistar KOI Fénix,UCAM Esports Club,game_4_winner,LoL: ⁠Movistar KOI Fénix vs UCAM Esports Club - Game 4 Winner,⁠Movistar KOI Fénix,UCAM Esports Club,0.5050,0.4950,clob_mid,0
2026-06-02T15:43:59Z,lol-koia-ucam1-2026-06-04,LoL: ⁠Movistar KOI Fénix vs UCAM Esports Club (BO5) - LES Playoffs,2026-06-04T00:00:00+00:00,LES Playoffs,5,⁠Movistar KOI Fénix,UCAM Esports Club,game_handicap,Game Handicap: MKF (-1.5) vs UCAM Esports Club (+1.5),⁠Movistar KOI Fénix,UCAM Esports Club,0.5000,0.5000,clob_mid,0
2026-06-02T15:43:59Z,lol-koia-ucam1-2026-06-04,LoL: ⁠Movistar KOI Fénix vs UCAM Esports Club (BO5) - LES Playoffs,2026-06-04T00:00:00+00:00,LES Playoffs,5,⁠Movistar KOI Fénix,UCAM Esports Club,game_handicap,Game Handicap: MKF (-2.5) vs UCAM Esports Club (+2.5),⁠Movistar KOI Fénix,UCAM Esports Club,0.5050,0.4950,clob_mid,0
2026-06-02T15:43:59Z,lol-c9-ly-2026-06-07,LoL: Cloud9 vs LYON (BO5) - LCS Playoffs,2026-06-07T00:00:00+00:00,LCS Playoffs,5,Cloud9,LYON,match_winner,LoL: Cloud9 vs LYON (BO5) - LCS Playoffs,Cloud9,LYON,0.5750,0.4250,clob_mid,7024
2026-06-02T15:43:59Z,lol-c9-ly-2026-06-07,LoL: Cloud9 vs LYON (BO5) - LCS Playoffs,2026-06-07T00:00:00+00:00,LCS Playoffs,5,Cloud9,LYON,game_1_winner,LoL: Cloud9 vs LYON - Game 1 Winner,Cloud9,LYON,0.5500,0.4500,clob_mid,40
2026-06-02T15:43:59Z,lol-c9-ly-2026-06-07,LoL: Cloud9 vs LYON (BO5) - LCS Playoffs,2026-06-07T00:00:00+00:00,LCS Playoffs,5,Cloud9,LYON,game_2_winner,LoL: Cloud9 vs LYON - Game 2 Winner,Cloud9,LYON,0.5450,0.4550,clob_mid,0
2026-06-02T15:43:59Z,lol-c9-ly-2026-06-07,LoL: Cloud9 vs LYON (BO5) - LCS Playoffs,2026-06-07T00:00:00+00:00,LCS Playoffs,5,Cloud9,LYON,game_3_winner,LoL: Cloud9 vs LYON - Game 3 Winner,Cloud9,LYON,0.5000,0.5000,clob_mid,0
2026-06-02T15:43:59Z,lol-c9-ly-2026-06-07,LoL: Cloud9 vs LYON (BO5) - LCS Playoffs,2026-06-07T00:00:00+00:00,LCS Playoffs,5,Cloud9,LYON,game_4_winner,LoL: Cloud9 vs LYON - Game 4 Winner,Cloud9,LYON,0.5150,0.4850,clob_mid,0
2026-06-02T15:43:59Z,lol-c9-ly-2026-06-07,LoL: Cloud9 vs LYON (BO5) - LCS Playoffs,2026-06-07T00:00:00+00:00,LCS Playoffs,5,Cloud9,LYON,game_handicap,Game Handicap: C9 (-1.5) vs LYON (+1.5),Cloud9,LYON,0.4000,0.6000,clob_mid,0
2026-06-02T15:43:59Z,lol-c9-ly-2026-06-07,LoL: Cloud9 vs LYON (BO5) - LCS Playoffs,2026-06-07T00:00:00+00:00,LCS Playoffs,5,Cloud9,LYON,game_handicap,Game Handicap: C9 (-2.5) vs LYON (+2.5),Cloud9,LYON,0.5000,0.5000,clob_mid,0
2026-06-02T15:43:59Z,lol-me1-pcific-2026-06-05,LoL: Misa Esports vs PCIFIC  (BO5) - TCL Playoffs,2026-06-05T00:00:00+00:00,TCL Playoffs,5,Misa Esports,PCIFIC,game_handicap,Game Handicap: ME (-1.5) vs PCIFIC  (+1.5),Misa Esports,PCIFIC ,0.5000,0.5000,clob_mid,0
2026-06-02T15:43:59Z,lol-me1-pcific-2026-06-05,LoL: Misa Esports vs PCIFIC  (BO5) - TCL Playoffs,2026-06-05T00:00:00+00:00,TCL Playoffs,5,Misa Esports,PCIFIC,game_handicap,Game Handicap: ME (-2.5) vs PCIFIC  (+2.5),Misa Esports,PCIFIC ,0.5250,0.4750,clob_mid,10
2026-06-02T15:43:59Z,lol-me1-pcific-2026-06-05,LoL: Misa Esports vs PCIFIC  (BO5) - TCL Playoffs,2026-06-05T00:00:00+00:00,TCL Playoffs,5,Misa Esports,PCIFIC,match_winner,LoL: Misa Esports vs PCIFIC  (BO5) - TCL Playoffs,Misa Esports,PCIFIC ,0.8900,0.1100,clob_mid,307
2026-06-02T15:43:59Z,lol-me1-pcific-2026-06-05,LoL: Misa Esports vs PCIFIC  (BO5) - TCL Playoffs,2026-06-05T00:00:00+00:00,TCL Playoffs,5,Misa Esports,PCIFIC,game_1_winner,LoL: Misa Esports vs PCIFIC  - Game 1 Winner,Misa Esports,PCIFIC ,0.7800,0.2200,clob_mid,0
2026-06-02T15:43:59Z,lol-me1-pcific-2026-06-05,LoL: Misa Esports vs PCIFIC  (BO5) - TCL Playoffs,2026-06-05T00:00:00+00:00,TCL Playoffs,5,Misa Esports,PCIFIC,game_2_winner,LoL: Misa Esports vs PCIFIC  - Game 2 Winner,Misa Esports,PCIFIC ,0.8050,0.1950,clob_mid,0
2026-06-02T15:43:59Z,lol-me1-pcific-2026-06-05,LoL: Misa Esports vs PCIFIC  (BO5) - TCL Playoffs,2026-06-05T00:00:00+00:00,TCL Playoffs,5,Misa Esports,PCIFIC,game_3_winner,LoL: Misa Esports vs PCIFIC  - Game 3 Winner,Misa Esports,PCIFIC ,0.5200,0.4800,clob_mid,0
2026-06-02T15:43:59Z,lol-me1-pcific-2026-06-05,LoL: Misa Esports vs PCIFIC  (BO5) - TCL Playoffs,2026-06-05T00:00:00+00:00,TCL Playoffs,5,Misa Esports,PCIFIC,game_4_winner,LoL: Misa Esports vs PCIFIC  - Game 4 Winner,Misa Esports,PCIFIC ,0.7150,0.2850,clob_mid,0
2026-06-02T15:43:59Z,lol-tt-lgd-2026-06-02,LoL: ThunderTalk Gaming vs LGD Gaming (BO5) - LPL Playoffs,2026-06-02T00:00:00+00:00,LPL Playoffs,5,ThunderTalk Gaming,LGD Gaming,game_handicap,Game Handicap: LGD (-2.5) vs ThunderTalk Gaming (+2.5),LGD Gaming,ThunderTalk Gaming,0.0005,0.9995,clob_mid,11097
2026-06-02T15:43:59Z,lol-tt-lgd-2026-06-02,LoL: ThunderTalk Gaming vs LGD Gaming (BO5) - LPL Playoffs,2026-06-02T00:00:00+00:00,LPL Playoffs,5,ThunderTalk Gaming,LGD Gaming,game_handicap,Game Handicap: LGD (-1.5) vs ThunderTalk Gaming (+1.5),LGD Gaming,ThunderTalk Gaming,0.0005,0.9995,clob_mid,340
2026-06-02T15:43:59Z,lol-tt-lgd-2026-06-02,LoL: ThunderTalk Gaming vs LGD Gaming (BO5) - LPL Playoffs,2026-06-02T00:00:00+00:00,LPL Playoffs,5,ThunderTalk Gaming,LGD Gaming,match_winner,LoL: ThunderTalk Gaming vs LGD Gaming (BO5) - LPL Playoffs,ThunderTalk Gaming,LGD Gaming,0.0005,0.9995,clob_mid,2242562
2026-06-02T15:43:59Z,lol-tt-lgd-2026-06-02,LoL: ThunderTalk Gaming vs LGD Gaming (BO5) - LPL Playoffs,2026-06-02T00:00:00+00:00,LPL Playoffs,5,ThunderTalk Gaming,LGD Gaming,game_1_winner,LoL: ThunderTalk Gaming vs LGD Gaming - Game 1 Winner,ThunderTalk Gaming,LGD Gaming,0.0000,1.0000,gamma_last,537861
2026-06-02T15:43:59Z,lol-tt-lgd-2026-06-02,LoL: ThunderTalk Gaming vs LGD Gaming (BO5) - LPL Playoffs,2026-06-02T00:00:00+00:00,LPL Playoffs,5,ThunderTalk Gaming,LGD Gaming,game_2_winner,LoL: ThunderTalk Gaming vs LGD Gaming - Game 2 Winner,ThunderTalk Gaming,LGD Gaming,0.0000,1.0000,gamma_last,645310
2026-06-02T15:43:59Z,lol-tt-lgd-2026-06-02,LoL: ThunderTalk Gaming vs LGD Gaming (BO5) - LPL Playoffs,2026-06-02T00:00:00+00:00,LPL Playoffs,5,ThunderTalk Gaming,LGD Gaming,game_3_winner,LoL: ThunderTalk Gaming vs LGD Gaming - Game 3 Winner,ThunderTalk Gaming,LGD Gaming,1.0000,0.0000,gamma_last,750480
2026-06-02T15:43:59Z,lol-tt-lgd-2026-06-02,LoL: ThunderTalk Gaming vs LGD Gaming (BO5) - LPL Playoffs,2026-06-02T00:00:00+00:00,LPL Playoffs,5,ThunderTalk Gaming,LGD Gaming,game_4_winner,LoL: ThunderTalk Gaming vs LGD Gaming - Game 4 Winner,ThunderTalk Gaming,LGD Gaming,1.0000,0.0000,gamma_last,682974
2026-06-02T15:43:59Z,lol-tt-lgd-2026-06-02,LoL: ThunderTalk Gaming vs LGD Gaming (BO5) - LPL Playoffs,2026-06-02T00:00:00+00:00,LPL Playoffs,5,ThunderTalk Gaming,LGD Gaming,game_handicap,Game Handicap: TT (-1.5) vs LGD Gaming (+1.5),ThunderTalk Gaming,LGD Gaming,0.0005,0.9995,clob_mid,31541
2026-06-02T15:43:59Z,lol-tt-lgd-2026-06-02,LoL: ThunderTalk Gaming vs LGD Gaming (BO5) - LPL Playoffs,2026-06-02T00:00:00+00:00,LPL Playoffs,5,ThunderTalk Gaming,LGD Gaming,game_handicap,Game Handicap: TT (-2.5) vs LGD Gaming (+2.5),ThunderTalk Gaming,LGD Gaming,0.0005,0.9995,clob_mid,9404
2026-06-02T15:43:59Z,lol-sly-gal-2026-06-03,LoL: Solary vs Galions (BO5) - LFL Playoffs,2026-06-03T00:00:00+00:00,LFL Playoffs,5,Solary,Galions,match_winner,LoL: Solary vs Galions (BO5) - LFL Playoffs,Solary,Galions,0.7050,0.2950,clob_mid,1874
2026-06-02T15:43:59Z,lol-sly-gal-2026-06-03,LoL: Solary vs Galions (BO5) - LFL Playoffs,2026-06-03T00:00:00+00:00,LFL Playoffs,5,Solary,Galions,game_1_winner,LoL: Solary vs Galions - Game 1 Winner,Solary,Galions,0.6350,0.3650,clob_mid,38
2026-06-02T15:43:59Z,lol-sly-gal-2026-06-03,LoL: Solary vs Galions (BO5) - LFL Playoffs,2026-06-03T00:00:00+00:00,LFL Playoffs,5,Solary,Galions,game_2_winner,LoL: Solary vs Galions - Game 2 Winner,Solary,Galions,0.6250,0.3750,clob_mid,53
2026-06-02T15:43:59Z,lol-sly-gal-2026-06-03,LoL: Solary vs Galions (BO5) - LFL Playoffs,2026-06-03T00:00:00+00:00,LFL Playoffs,5,Solary,Galions,game_3_winner,LoL: Solary vs Galions - Game 3 Winner,Solary,Galions,0.6250,0.3750,clob_mid,0
2026-06-02T15:43:59Z,lol-sly-gal-2026-06-03,LoL: Solary vs Galions (BO5) - LFL Playoffs,2026-06-03T00:00:00+00:00,LFL Playoffs,5,Solary,Galions,game_4_winner,LoL: Solary vs Galions - Game 4 Winner,Solary,Galions,0.7100,0.2900,clob_mid,0
2026-06-02T15:43:59Z,lol-sly-gal-2026-06-03,LoL: Solary vs Galions (BO5) - LFL Playoffs,2026-06-03T00:00:00+00:00,LFL Playoffs,5,Solary,Galions,game_handicap,Game Handicap: SLY (-1.5) vs Galions (+1.5),Solary,Galions,0.5350,0.4650,clob_mid,2
2026-06-02T15:43:59Z,lol-sly-gal-2026-06-03,LoL: Solary vs Galions (BO5) - LFL Playoffs,2026-06-03T00:00:00+00:00,LFL Playoffs,5,Solary,Galions,game_handicap,Game Handicap: SLY (-2.5) vs Galions (+2.5),Solary,Galions,0.2750,0.7250,clob_mid,0
2026-06-02T15:43:59Z,lol-edg-blg-2026-06-03,LoL: EDward Gaming vs Bilibili Gaming (BO5) - LPL Playoffs,2026-06-03T00:00:00+00:00,LPL Playoffs,5,EDward Gaming,Bilibili Gaming,match_winner,LoL: EDward Gaming vs Bilibili Gaming (BO5) - LPL Playoffs,EDward Gaming,Bilibili Gaming,0.0750,0.9250,clob_mid,84455
2026-06-02T15:43:59Z,lol-edg-blg-2026-06-03,LoL: EDward Gaming vs Bilibili Gaming (BO5) - LPL Playoffs,2026-06-03T00:00:00+00:00,LPL Playoffs,5,EDward Gaming,Bilibili Gaming,game_1_winner,LoL: EDward Gaming vs Bilibili Gaming - Game 1 Winner,EDward Gaming,Bilibili Gaming,0.1950,0.8050,clob_mid,5009
2026-06-02T15:43:59Z,lol-edg-blg-2026-06-03,LoL: EDward Gaming vs Bilibili Gaming (BO5) - LPL Playoffs,2026-06-03T00:00:00+00:00,LPL Playoffs,5,EDward Gaming,Bilibili Gaming,game_2_winner,LoL: EDward Gaming vs Bilibili Gaming - Game 2 Winner,EDward Gaming,Bilibili Gaming,0.2100,0.7900,clob_mid,169
2026-06-02T15:43:59Z,lol-edg-blg-2026-06-03,LoL: EDward Gaming vs Bilibili Gaming (BO5) - LPL Playoffs,2026-06-03T00:00:00+00:00,LPL Playoffs,5,EDward Gaming,Bilibili Gaming,game_3_winner,LoL: EDward Gaming vs Bilibili Gaming - Game 3 Winner,EDward Gaming,Bilibili Gaming,0.2100,0.7900,clob_mid,132
2026-06-02T15:43:59Z,lol-edg-blg-2026-06-03,LoL: EDward Gaming vs Bilibili Gaming (BO5) - LPL Playoffs,2026-06-03T00:00:00+00:00,LPL Playoffs,5,EDward Gaming,Bilibili Gaming,game_4_winner,LoL: EDward Gaming vs Bilibili Gaming - Game 4 Winner,EDward Gaming,Bilibili Gaming,0.3450,0.6550,clob_mid,1382
2026-06-02T15:43:59Z,lol-edg-blg-2026-06-03,LoL: EDward Gaming vs Bilibili Gaming (BO5) - LPL Playoffs,2026-06-03T00:00:00+00:00,LPL Playoffs,5,EDward Gaming,Bilibili Gaming,game_handicap,Game Handicap: BLG (-1.5) vs EDward Gaming (+1.5),Bilibili Gaming,EDward Gaming,0.8200,0.1800,clob_mid,181
2026-06-02T15:43:59Z,lol-edg-blg-2026-06-03,LoL: EDward Gaming vs Bilibili Gaming (BO5) - LPL Playoffs,2026-06-03T00:00:00+00:00,LPL Playoffs,5,EDward Gaming,Bilibili Gaming,game_handicap,Game Handicap: BLG (-2.5) vs EDward Gaming (+2.5),Bilibili Gaming,EDward Gaming,0.5750,0.4250,clob_mid,36884
2026-06-02T15:43:59Z,lol-mvk-gam-2026-06-05,LoL: MVK Esports vs GAM Esports (BO5) - LCP Playoffs,2026-06-05T00:00:00+00:00,LCP Playoffs,5,MVK Esports,GAM Esports,match_winner,LoL: MVK Esports vs GAM Esports (BO5) - LCP Playoffs,MVK Esports,GAM Esports,0.3750,0.6250,clob_mid,3355
2026-06-02T15:43:59Z,lol-mvk-gam-2026-06-05,LoL: MVK Esports vs GAM Esports (BO5) - LCP Playoffs,2026-06-05T00:00:00+00:00,LCP Playoffs,5,MVK Esports,GAM Esports,game_1_winner,LoL: MVK Esports vs GAM Esports - Game 1 Winner,MVK Esports,GAM Esports,0.4300,0.5700,clob_mid,0
2026-06-02T15:43:59Z,lol-mvk-gam-2026-06-05,LoL: MVK Esports vs GAM Esports (BO5) - LCP Playoffs,2026-06-05T00:00:00+00:00,LCP Playoffs,5,MVK Esports,GAM Esports,game_2_winner,LoL: MVK Esports vs GAM Esports - Game 2 Winner,MVK Esports,GAM Esports,0.5150,0.4850,clob_mid,0
2026-06-02T15:43:59Z,lol-mvk-gam-2026-06-05,LoL: MVK Esports vs GAM Esports (BO5) - LCP Playoffs,2026-06-05T00:00:00+00:00,LCP Playoffs,5,MVK Esports,GAM Esports,game_3_winner,LoL: MVK Esports vs GAM Esports - Game 3 Winner,MVK Esports,GAM Esports,0.4100,0.5900,clob_mid,0
2026-06-02T15:43:59Z,lol-mvk-gam-2026-06-05,LoL: MVK Esports vs GAM Esports (BO5) - LCP Playoffs,2026-06-05T00:00:00+00:00,LCP Playoffs,5,MVK Esports,GAM Esports,game_4_winner,LoL: MVK Esports vs GAM Esports - Game 4 Winner,MVK Esports,GAM Esports,0.5100,0.4900,clob_mid,0
2026-06-02T15:43:59Z,lol-mvk-gam-2026-06-05,LoL: MVK Esports vs GAM Esports (BO5) - LCP Playoffs,2026-06-05T00:00:00+00:00,LCP Playoffs,5,MVK Esports,GAM Esports,game_handicap,Game Handicap: GAM (-1.5) vs MVK Esports (+1.5),GAM Esports,MVK Esports,0.5000,0.5000,clob_mid,0
2026-06-02T15:43:59Z,lol-mvk-gam-2026-06-05,LoL: MVK Esports vs GAM Esports (BO5) - LCP Playoffs,2026-06-05T00:00:00+00:00,LCP Playoffs,5,MVK Esports,GAM Esports,game_handicap,Game Handicap: GAM (-2.5) vs MVK Esports (+2.5),GAM Esports,MVK Esports,0.5100,0.4900,clob_mid,0
2026-06-02T15:43:59Z,lol-wu-ccg-2026-06-04,LoL: Winthrop University vs CCG Esports (BO5) - North American Challengers League Playoffs,2026-06-04T00:00:00+00:00,North American Challengers League Playoffs,5,Winthrop University,CCG Esports,match_winner,LoL: Winthrop University vs CCG Esports (BO5) - North American Challengers League Playoffs,Winthrop University,CCG Esports,0.5250,0.4750,clob_mid,38
2026-06-02T15:43:59Z,lol-wu-ccg-2026-06-04,LoL: Winthrop University vs CCG Esports (BO5) - North American Challengers League Playoffs,2026-06-04T00:00:00+00:00,North American Challengers League Playoffs,5,Winthrop University,CCG Esports,game_1_winner,LoL: Winthrop University vs CCG Esports - Game 1 Winner,Winthrop University,CCG Esports,0.5000,0.5000,clob_mid,0
2026-06-02T15:43:59Z,lol-wu-ccg-2026-06-04,LoL: Winthrop University vs CCG Esports (BO5) - North American Challengers League Playoffs,2026-06-04T00:00:00+00:00,North American Challengers League Playoffs,5,Winthrop University,CCG Esports,game_2_winner,LoL: Winthrop University vs CCG Esports - Game 2 Winner,Winthrop University,CCG Esports,0.5000,0.5000,clob_mid,0
2026-06-02T15:43:59Z,lol-wu-ccg-2026-06-04,LoL: Winthrop University vs CCG Esports (BO5) - North American Challengers League Playoffs,2026-06-04T00:00:00+00:00,North American Challengers League Playoffs,5,Winthrop University,CCG Esports,game_3_winner,LoL: Winthrop University vs CCG Esports - Game 3 Winner,Winthrop University,CCG Esports,0.5000,0.5000,clob_mid,0
2026-06-02T15:43:59Z,lol-wu-ccg-2026-06-04,LoL: Winthrop University vs CCG Esports (BO5) - North American Challengers League Playoffs,2026-06-04T00:00:00+00:00,North American Challengers League Playoffs,5,Winthrop University,CCG Esports,game_4_winner,LoL: Winthrop University vs CCG Esports - Game 4 Winner,Winthrop University,CCG Esports,0.4950,0.5050,clob_mid,0
2026-06-02T15:43:59Z,lol-wu-ccg-2026-06-04,LoL: Winthrop University vs CCG Esports (BO5) - North American Challengers League Playoffs,2026-06-04T00:00:00+00:00,North American Challengers League Playoffs,5,Winthrop University,CCG Esports,game_handicap,Game Handicap: WU (-1.5) vs CCG Esports (+1.5),Winthrop University,CCG Esports,0.2400,0.7600,clob_mid,0
2026-06-02T15:43:59Z,lol-wu-ccg-2026-06-04,LoL: Winthrop University vs CCG Esports (BO5) - North American Challengers League Playoffs,2026-06-04T00:00:00+00:00,North American Challengers League Playoffs,5,Winthrop University,CCG Esports,game_handicap,Game Handicap: WU (-2.5) vs CCG Esports (+2.5),Winthrop University,CCG Esports,0.1150,0.8850,clob_mid,0
2026-06-02T15:43:59Z,lol-dk-bro2-2026-06-06,LoL: Dplus KIA vs HANJIN BRION (BO5) - LCK Road to MSI,2026-06-06T00:00:00+00:00,LCK Road to MSI,5,Dplus KIA,HANJIN BRION,match_winner,LoL: Dplus KIA vs HANJIN BRION (BO5) - LCK Road to MSI,Dplus KIA,HANJIN BRION,0.7450,0.2550,clob_mid,30180
2026-06-02T15:43:59Z,lol-dk-bro2-2026-06-06,LoL: Dplus KIA vs HANJIN BRION (BO5) - LCK Road to MSI,2026-06-06T00:00:00+00:00,LCK Road to MSI,5,Dplus KIA,HANJIN BRION,game_1_winner,LoL: Dplus KIA vs HANJIN BRION - Game 1 Winner,Dplus KIA,HANJIN BRION,0.7000,0.3000,clob_mid,6
2026-06-02T15:43:59Z,lol-dk-bro2-2026-06-06,LoL: Dplus KIA vs HANJIN BRION (BO5) - LCK Road to MSI,2026-06-06T00:00:00+00:00,LCK Road to MSI,5,Dplus KIA,HANJIN BRION,game_2_winner,LoL: Dplus KIA vs HANJIN BRION - Game 2 Winner,Dplus KIA,HANJIN BRION,0.6850,0.3150,clob_mid,0
2026-06-02T15:43:59Z,lol-dk-bro2-2026-06-06,LoL: Dplus KIA vs HANJIN BRION (BO5) - LCK Road to MSI,2026-06-06T00:00:00+00:00,LCK Road to MSI,5,Dplus KIA,HANJIN BRION,game_3_winner,LoL: Dplus KIA vs HANJIN BRION - Game 3 Winner,Dplus KIA,HANJIN BRION,0.6850,0.3150,clob_mid,0
2026-06-02T15:43:59Z,lol-dk-bro2-2026-06-06,LoL: Dplus KIA vs HANJIN BRION (BO5) - LCK Road to MSI,2026-06-06T00:00:00+00:00,LCK Road to MSI,5,Dplus KIA,HANJIN BRION,game_4_winner,LoL: Dplus KIA vs HANJIN BRION - Game 4 Winner,Dplus KIA,HANJIN BRION,0.6550,0.3450,clob_mid,0
2026-06-02T15:43:59Z,lol-dk-bro2-2026-06-06,LoL: Dplus KIA vs HANJIN BRION (BO5) - LCK Road to MSI,2026-06-06T00:00:00+00:00,LCK Road to MSI,5,Dplus KIA,HANJIN BRION,game_handicap,Game Handicap: DK (-1.5) vs HANJIN BRION (+1.5),Dplus KIA,HANJIN BRION,0.5800,0.4200,clob_mid,0
2026-06-02T15:43:59Z,lol-dk-bro2-2026-06-06,LoL: Dplus KIA vs HANJIN BRION (BO5) - LCK Road to MSI,2026-06-06T00:00:00+00:00,LCK Road to MSI,5,Dplus KIA,HANJIN BRION,game_handicap,Game Handicap: DK (-2.5) vs HANJIN BRION (+2.5),Dplus KIA,HANJIN BRION,0.3400,0.6600,clob_mid,0
2026-06-02T15:43:59Z,lol-hle1-t1-2026-06-12,LoL: Hanwha Life Esports vs T1 (BO5) - LCK Road to MSI,2026-06-12T00:00:00+00:00,LCK Road to MSI,5,Hanwha Life Esports,T1,match_winner,LoL: Hanwha Life Esports vs T1 (BO5) - LCK Road to MSI,Hanwha Life Esports,T1,0.5050,0.4950,clob_mid,17996
2026-06-02T15:43:59Z,lol-hle1-t1-2026-06-12,LoL: Hanwha Life Esports vs T1 (BO5) - LCK Road to MSI,2026-06-12T00:00:00+00:00,LCK Road to MSI,5,Hanwha Life Esports,T1,game_1_winner,LoL: Hanwha Life Esports vs T1 - Game 1 Winner,Hanwha Life Esports,T1,0.3200,0.6800,clob_mid,2
2026-06-02T15:43:59Z,lol-hle1-t1-2026-06-12,LoL: Hanwha Life Esports vs T1 (BO5) - LCK Road to MSI,2026-06-12T00:00:00+00:00,LCK Road to MSI,5,Hanwha Life Esports,T1,game_2_winner,LoL: Hanwha Life Esports vs T1 - Game 2 Winner,Hanwha Life Esports,T1,0.3150,0.6850,clob_mid,0
2026-06-02T15:43:59Z,lol-hle1-t1-2026-06-12,LoL: Hanwha Life Esports vs T1 (BO5) - LCK Road to MSI,2026-06-12T00:00:00+00:00,LCK Road to MSI,5,Hanwha Life Esports,T1,game_3_winner,LoL: Hanwha Life Esports vs T1 - Game 3 Winner,Hanwha Life Esports,T1,0.3150,0.6850,clob_mid,0
2026-06-02T15:43:59Z,lol-hle1-t1-2026-06-12,LoL: Hanwha Life Esports vs T1 (BO5) - LCK Road to MSI,2026-06-12T00:00:00+00:00,LCK Road to MSI,5,Hanwha Life Esports,T1,game_4_winner,LoL: Hanwha Life Esports vs T1 - Game 4 Winner,Hanwha Life Esports,T1,0.3250,0.6750,clob_mid,0
2026-06-02T15:43:59Z,lol-hle1-t1-2026-06-12,LoL: Hanwha Life Esports vs T1 (BO5) - LCK Road to MSI,2026-06-12T00:00:00+00:00,LCK Road to MSI,5,Hanwha Life Esports,T1,game_handicap,Game Handicap: HLE (-2.5) vs T1 (+2.5),Hanwha Life Esports,T1,0.1500,0.8500,clob_mid,98
2026-06-02T15:43:59Z,lol-hle1-t1-2026-06-12,LoL: Hanwha Life Esports vs T1 (BO5) - LCK Road to MSI,2026-06-12T00:00:00+00:00,LCK Road to MSI,5,Hanwha Life Esports,T1,game_handicap,Game Handicap: HLE (-1.5) vs T1 (+1.5),Hanwha Life Esports,T1,0.2850,0.7150,clob_mid,0
2026-06-02T15:43:59Z,lol-crz-bublik-2026-06-02,LoL: Crusaders vs Bubliki (BO5) - LPLOL Playoffs,2026-06-02T00:00:00+00:00,LPLOL Playoffs,5,Crusaders,Bubliki,match_winner,LoL: Crusaders vs Bubliki (BO5) - LPLOL Playoffs,Crusaders,Bubliki,0.6900,0.3100,clob_mid,5480
2026-06-02T15:43:59Z,lol-crz-bublik-2026-06-02,LoL: Crusaders vs Bubliki (BO5) - LPLOL Playoffs,2026-06-02T00:00:00+00:00,LPLOL Playoffs,5,Crusaders,Bubliki,game_1_winner,LoL: Crusaders vs Bubliki - Game 1 Winner,Crusaders,Bubliki,0.6200,0.3800,clob_mid,5
2026-06-02T15:43:59Z,lol-crz-bublik-2026-06-02,LoL: Crusaders vs Bubliki (BO5) - LPLOL Playoffs,2026-06-02T00:00:00+00:00,LPLOL Playoffs,5,Crusaders,Bubliki,game_2_winner,LoL: Crusaders vs Bubliki - Game 2 Winner,Crusaders,Bubliki,0.6250,0.3750,clob_mid,5
2026-06-02T15:43:59Z,lol-crz-bublik-2026-06-02,LoL: Crusaders vs Bubliki (BO5) - LPLOL Playoffs,2026-06-02T00:00:00+00:00,LPLOL Playoffs,5,Crusaders,Bubliki,game_3_winner,LoL: Crusaders vs Bubliki - Game 3 Winner,Crusaders,Bubliki,0.6250,0.3750,clob_mid,5
2026-06-02T15:43:59Z,lol-crz-bublik-2026-06-02,LoL: Crusaders vs Bubliki (BO5) - LPLOL Playoffs,2026-06-02T00:00:00+00:00,LPLOL Playoffs,5,Crusaders,Bubliki,game_4_winner,LoL: Crusaders vs Bubliki - Game 4 Winner,Crusaders,Bubliki,0.3500,0.6500,clob_mid,0
2026-06-02T15:43:59Z,lol-crz-bublik-2026-06-02,LoL: Crusaders vs Bubliki (BO5) - LPLOL Playoffs,2026-06-02T00:00:00+00:00,LPLOL Playoffs,5,Crusaders,Bubliki,game_handicap,Game Handicap: CRZ (-1.5) vs Bubliki (+1.5),Crusaders,Bubliki,0.5000,0.5000,clob_mid,0
2026-06-02T15:43:59Z,lol-crz-bublik-2026-06-02,LoL: Crusaders vs Bubliki (BO5) - LPLOL Playoffs,2026-06-02T00:00:00+00:00,LPLOL Playoffs,5,Crusaders,Bubliki,game_handicap,Game Handicap: CRZ (-2.5) vs Bubliki (+2.5),Crusaders,Bubliki,0.5000,0.5000,clob_mid,0
2026-06-02T15:43:59Z,lol-ban2-mcn-2026-06-02,LoL: The Bandits vs mCon esports (BO5) - Road Of Legends Playoffs,2026-06-02T00:00:00+00:00,Road Of Legends Playoffs,5,The Bandits,mCon esports,match_winner,LoL: The Bandits vs mCon esports (BO5) - Road Of Legends Playoffs,The Bandits,mCon esports,0.5350,0.4650,clob_mid,45729
2026-06-02T15:43:59Z,lol-ban2-mcn-2026-06-02,LoL: The Bandits vs mCon esports (BO5) - Road Of Legends Playoffs,2026-06-02T00:00:00+00:00,Road Of Legends Playoffs,5,The Bandits,mCon esports,game_1_winner,LoL: The Bandits vs mCon esports - Game 1 Winner,The Bandits,mCon esports,0.5050,0.4950,clob_mid,14251
2026-06-02T15:43:59Z,lol-ban2-mcn-2026-06-02,LoL: The Bandits vs mCon esports (BO5) - Road Of Legends Playoffs,2026-06-02T00:00:00+00:00,Road Of Legends Playoffs,5,The Bandits,mCon esports,game_2_winner,LoL: The Bandits vs mCon esports - Game 2 Winner,The Bandits,mCon esports,0.5150,0.4850,clob_mid,6098
2026-06-02T15:43:59Z,lol-ban2-mcn-2026-06-02,LoL: The Bandits vs mCon esports (BO5) - Road Of Legends Playoffs,2026-06-02T00:00:00+00:00,Road Of Legends Playoffs,5,The Bandits,mCon esports,game_3_winner,LoL: The Bandits vs mCon esports - Game 3 Winner,The Bandits,mCon esports,0.5100,0.4900,clob_mid,6617
2026-06-02T15:43:59Z,lol-ban2-mcn-2026-06-02,LoL: The Bandits vs mCon esports (BO5) - Road Of Legends Playoffs,2026-06-02T00:00:00+00:00,Road Of Legends Playoffs,5,The Bandits,mCon esports,game_4_winner,LoL: The Bandits vs mCon esports - Game 4 Winner,The Bandits,mCon esports,0.5050,0.4950,clob_mid,1763
2026-06-02T15:43:59Z,lol-ban2-mcn-2026-06-02,LoL: The Bandits vs mCon esports (BO5) - Road Of Legends Playoffs,2026-06-02T00:00:00+00:00,Road Of Legends Playoffs,5,The Bandits,mCon esports,game_handicap,Game Handicap: BAN (-1.5) vs mCon esports (+1.5),The Bandits,mCon esports,0.2300,0.7700,clob_mid,30
2026-06-02T15:43:59Z,lol-ban2-mcn-2026-06-02,LoL: The Bandits vs mCon esports (BO5) - Road Of Legends Playoffs,2026-06-02T00:00:00+00:00,Road Of Legends Playoffs,5,The Bandits,mCon esports,game_handicap,Game Handicap: BAN (-2.5) vs mCon esports (+2.5),The Bandits,mCon esports,0.5050,0.4950,clob_mid,45
2026-06-02T15:43:59Z,lol-fur-los-2026-06-06,LoL: FURIA Esports vs LOS (BO5) - CBLOL Playoffs,2026-06-06T00:00:00+00:00,CBLOL Playoffs,5,FURIA Esports,LOS,match_winner,LoL: FURIA Esports vs LOS (BO5) - CBLOL Playoffs,FURIA Esports,LOS,0.6750,0.3250,clob_mid,249
2026-06-02T15:43:59Z,lol-fur-los-2026-06-06,LoL: FURIA Esports vs LOS (BO5) - CBLOL Playoffs,2026-06-06T00:00:00+00:00,CBLOL Playoffs,5,FURIA Esports,LOS,game_1_winner,LoL: FURIA Esports vs LOS - Game 1 Winner,FURIA Esports,LOS,0.6200,0.3800,clob_mid,0
2026-06-02T15:43:59Z,lol-fur-los-2026-06-06,LoL: FURIA Esports vs LOS (BO5) - CBLOL Playoffs,2026-06-06T00:00:00+00:00,CBLOL Playoffs,5,FURIA Esports,LOS,game_2_winner,LoL: FURIA Esports vs LOS - Game 2 Winner,FURIA Esports,LOS,0.6050,0.3950,clob_mid,0
2026-06-02T15:43:59Z,lol-fur-los-2026-06-06,LoL: FURIA Esports vs LOS (BO5) - CBLOL Playoffs,2026-06-06T00:00:00+00:00,CBLOL Playoffs,5,FURIA Esports,LOS,game_3_winner,LoL: FURIA Esports vs LOS - Game 3 Winner,FURIA Esports,LOS,0.5200,0.4800,clob_mid,0
2026-06-02T15:43:59Z,lol-fur-los-2026-06-06,LoL: FURIA Esports vs LOS (BO5) - CBLOL Playoffs,2026-06-06T00:00:00+00:00,CBLOL Playoffs,5,FURIA Esports,LOS,game_4_winner,LoL: FURIA Esports vs LOS - Game 4 Winner,FURIA Esports,LOS,0.5000,0.5000,clob_mid,0
2026-06-02T15:43:59Z,lol-fur-los-2026-06-06,LoL: FURIA Esports vs LOS (BO5) - CBLOL Playoffs,2026-06-06T00:00:00+00:00,CBLOL Playoffs,5,FURIA Esports,LOS,game_handicap,Game Handicap: FUR (-1.5) vs LOS (+1.5),FURIA Esports,LOS,0.5000,0.5000,clob_mid,0
2026-06-02T15:43:59Z,lol-fur-los-2026-06-06,LoL: FURIA Esports vs LOS (BO5) - CBLOL Playoffs,2026-06-06T00:00:00+00:00,CBLOL Playoffs,5,FURIA Esports,LOS,game_handicap,Game Handicap: FUR (-2.5) vs LOS (+2.5),FURIA Esports,LOS,0.4950,0.5050,clob_mid,0
2026-06-02T15:43:59Z,lol-fly-tl2-2026-06-06,LoL: FlyQuest vs Team Liquid (BO5) - LCS Playoffs,2026-06-06T00:00:00+00:00,LCS Playoffs,5,FlyQuest,Team Liquid,match_winner,LoL: FlyQuest vs Team Liquid (BO5) - LCS Playoffs,FlyQuest,Team Liquid,0.5500,0.4500,clob_mid,5230
2026-06-02T15:43:59Z,lol-fly-tl2-2026-06-06,LoL: FlyQuest vs Team Liquid (BO5) - LCS Playoffs,2026-06-06T00:00:00+00:00,LCS Playoffs,5,FlyQuest,Team Liquid,game_1_winner,LoL: FlyQuest vs Team Liquid - Game 1 Winner,FlyQuest,Team Liquid,0.5400,0.4600,clob_mid,0
2026-06-02T15:43:59Z,lol-fly-tl2-2026-06-06,LoL: FlyQuest vs Team Liquid (BO5) - LCS Playoffs,2026-06-06T00:00:00+00:00,LCS Playoffs,5,FlyQuest,Team Liquid,game_2_winner,LoL: FlyQuest vs Team Liquid - Game 2 Winner,FlyQuest,Team Liquid,0.5500,0.4500,clob_mid,0
2026-06-02T15:43:59Z,lol-fly-tl2-2026-06-06,LoL: FlyQuest vs Team Liquid (BO5) - LCS Playoffs,2026-06-06T00:00:00+00:00,LCS Playoffs,5,FlyQuest,Team Liquid,game_3_winner,LoL: FlyQuest vs Team Liquid - Game 3 Winner,FlyQuest,Team Liquid,0.5150,0.4850,clob_mid,0
2026-06-02T15:43:59Z,lol-fly-tl2-2026-06-06,LoL: FlyQuest vs Team Liquid (BO5) - LCS Playoffs,2026-06-06T00:00:00+00:00,LCS Playoffs,5,FlyQuest,Team Liquid,game_4_winner,LoL: FlyQuest vs Team Liquid - Game 4 Winner,FlyQuest,Team Liquid,0.5250,0.4750,clob_mid,0
2026-06-02T15:43:59Z,lol-fly-tl2-2026-06-06,LoL: FlyQuest vs Team Liquid (BO5) - LCS Playoffs,2026-06-06T00:00:00+00:00,LCS Playoffs,5,FlyQuest,Team Liquid,game_handicap,Game Handicap: FLY (-1.5) vs Team Liquid (+1.5),FlyQuest,Team Liquid,0.3800,0.6200,clob_mid,0
2026-06-02T15:43:59Z,lol-fly-tl2-2026-06-06,LoL: FlyQuest vs Team Liquid (BO5) - LCS Playoffs,2026-06-06T00:00:00+00:00,LCS Playoffs,5,FlyQuest,Team Liquid,game_handicap,Game Handicap: FLY (-2.5) vs Team Liquid (+2.5),FlyQuest,Team Liquid,0.1300,0.8700,clob_mid,0
2026-06-02T15:43:59Z,lol-tes-we-2026-06-07,LoL: Top Esports vs Team WE (BO5) - LPL Playoffs,2026-06-07T00:00:00+00:00,LPL Playoffs,5,Top Esports,Team WE,match_winner,LoL: Top Esports vs Team WE (BO5) - LPL Playoffs,Top Esports,Team WE,0.6800,0.3200,clob_mid,48114
2026-06-02T15:43:59Z,lol-tes-we-2026-06-07,LoL: Top Esports vs Team WE (BO5) - LPL Playoffs,2026-06-07T00:00:00+00:00,LPL Playoffs,5,Top Esports,Team WE,game_1_winner,LoL: Top Esports vs Team WE - Game 1 Winner,Top Esports,Team WE,0.6000,0.4000,clob_mid,14
2026-06-02T15:43:59Z,lol-tes-we-2026-06-07,LoL: Top Esports vs Team WE (BO5) - LPL Playoffs,2026-06-07T00:00:00+00:00,LPL Playoffs,5,Top Esports,Team WE,game_2_winner,LoL: Top Esports vs Team WE - Game 2 Winner,Top Esports,Team WE,0.6000,0.4000,clob_mid,6
2026-06-02T15:43:59Z,lol-tes-we-2026-06-07,LoL: Top Esports vs Team WE (BO5) - LPL Playoffs,2026-06-07T00:00:00+00:00,LPL Playoffs,5,Top Esports,Team WE,game_3_winner,LoL: Top Esports vs Team WE - Game 3 Winner,Top Esports,Team WE,0.5050,0.4950,clob_mid,13
2026-06-02T15:43:59Z,lol-tes-we-2026-06-07,LoL: Top Esports vs Team WE (BO5) - LPL Playoffs,2026-06-07T00:00:00+00:00,LPL Playoffs,5,Top Esports,Team WE,game_4_winner,LoL: Top Esports vs Team WE - Game 4 Winner,Top Esports,Team WE,0.5000,0.5000,clob_mid,0
2026-06-02T15:43:59Z,lol-tes-we-2026-06-07,LoL: Top Esports vs Team WE (BO5) - LPL Playoffs,2026-06-07T00:00:00+00:00,LPL Playoffs,5,Top Esports,Team WE,game_handicap,Game Handicap: TES (-1.5) vs Team WE (+1.5),Top Esports,Team WE,0.4800,0.5200,clob_mid,1305
2026-06-02T15:43:59Z,lol-tes-we-2026-06-07,LoL: Top Esports vs Team WE (BO5) - LPL Playoffs,2026-06-07T00:00:00+00:00,LPL Playoffs,5,Top Esports,Team WE,game_handicap,Game Handicap: TES (-2.5) vs Team WE (+2.5),Top Esports,Team WE,0.2450,0.7550,clob_mid,1
2026-06-02T15:43:59Z,lol-mkoi-kc-2026-06-06,LoL: Movistar KOI vs Karmine Corp (BO5) - LEC Playoffs,2026-06-06T00:00:00+00:00,LEC Playoffs,5,Movistar KOI,Karmine Corp,match_winner,LoL: Movistar KOI vs Karmine Corp (BO5) - LEC Playoffs,Movistar KOI,Karmine Corp,0.4150,0.5850,clob_mid,6538
2026-06-02T15:43:59Z,lol-mkoi-kc-2026-06-06,LoL: Movistar KOI vs Karmine Corp (BO5) - LEC Playoffs,2026-06-06T00:00:00+00:00,LEC Playoffs,5,Movistar KOI,Karmine Corp,game_1_winner,LoL: Movistar KOI vs Karmine Corp - Game 1 Winner,Movistar KOI,Karmine Corp,0.4250,0.5750,clob_mid,42
2026-06-02T15:43:59Z,lol-mkoi-kc-2026-06-06,LoL: Movistar KOI vs Karmine Corp (BO5) - LEC Playoffs,2026-06-06T00:00:00+00:00,LEC Playoffs,5,Movistar KOI,Karmine Corp,game_2_winner,LoL: Movistar KOI vs Karmine Corp - Game 2 Winner,Movistar KOI,Karmine Corp,0.5000,0.5000,clob_mid,0
2026-06-02T15:43:59Z,lol-mkoi-kc-2026-06-06,LoL: Movistar KOI vs Karmine Corp (BO5) - LEC Playoffs,2026-06-06T00:00:00+00:00,LEC Playoffs,5,Movistar KOI,Karmine Corp,game_3_winner,LoL: Movistar KOI vs Karmine Corp - Game 3 Winner,Movistar KOI,Karmine Corp,0.5050,0.4950,clob_mid,0
2026-06-02T15:43:59Z,lol-mkoi-kc-2026-06-06,LoL: Movistar KOI vs Karmine Corp (BO5) - LEC Playoffs,2026-06-06T00:00:00+00:00,LEC Playoffs,5,Movistar KOI,Karmine Corp,game_4_winner,LoL: Movistar KOI vs Karmine Corp - Game 4 Winner,Movistar KOI,Karmine Corp,0.3150,0.6850,clob_mid,0
2026-06-02T15:43:59Z,lol-mkoi-kc-2026-06-06,LoL: Movistar KOI vs Karmine Corp (BO5) - LEC Playoffs,2026-06-06T00:00:00+00:00,LEC Playoffs,5,Movistar KOI,Karmine Corp,game_handicap,Game Handicap: KC (-1.5) vs Movistar KOI (+1.5),Karmine Corp,Movistar KOI,0.3950,0.6050,clob_mid,0
2026-06-02T15:43:59Z,lol-mkoi-kc-2026-06-06,LoL: Movistar KOI vs Karmine Corp (BO5) - LEC Playoffs,2026-06-06T00:00:00+00:00,LEC Playoffs,5,Movistar KOI,Karmine Corp,game_handicap,Game Handicap: KC (-2.5) vs Movistar KOI (+2.5),Karmine Corp,Movistar KOI,0.5000,0.5000,clob_mid,0
2026-06-02T15:43:59Z,lol-nbs-esb-2026-06-02,LoL: NightBirds vs eSuba (BO5) - Hitpoint Masters Playoffs,2026-06-02T00:00:00+00:00,Hitpoint Masters Playoffs,5,NightBirds,eSuba,match_winner,LoL: NightBirds vs eSuba (BO5) - Hitpoint Masters Playoffs,NightBirds,eSuba,0.9730,0.0270,clob_mid,18258
2026-06-02T15:43:59Z,lol-nbs-esb-2026-06-02,LoL: NightBirds vs eSuba (BO5) - Hitpoint Masters Playoffs,2026-06-02T00:00:00+00:00,Hitpoint Masters Playoffs,5,NightBirds,eSuba,game_1_winner,LoL: NightBirds vs eSuba - Game 1 Winner,NightBirds,eSuba,0.9995,0.0005,clob_mid,14316
2026-06-02T15:43:59Z,lol-nbs-esb-2026-06-02,LoL: NightBirds vs eSuba (BO5) - Hitpoint Masters Playoffs,2026-06-02T00:00:00+00:00,Hitpoint Masters Playoffs,5,NightBirds,eSuba,game_2_winner,LoL: NightBirds vs eSuba - Game 2 Winner,NightBirds,eSuba,0.9995,0.0005,clob_mid,2520
2026-06-02T15:43:59Z,lol-nbs-esb-2026-06-02,LoL: NightBirds vs eSuba (BO5) - Hitpoint Masters Playoffs,2026-06-02T00:00:00+00:00,Hitpoint Masters Playoffs,5,NightBirds,eSuba,game_3_winner,LoL: NightBirds vs eSuba - Game 3 Winner,NightBirds,eSuba,0.8450,0.1550,clob_mid,371
2026-06-02T15:43:59Z,lol-nbs-esb-2026-06-02,LoL: NightBirds vs eSuba (BO5) - Hitpoint Masters Playoffs,2026-06-02T00:00:00+00:00,Hitpoint Masters Playoffs,5,NightBirds,eSuba,game_4_winner,LoL: NightBirds vs eSuba - Game 4 Winner,NightBirds,eSuba,0.7250,0.2750,clob_mid,0
2026-06-02T15:43:59Z,lol-nbs-esb-2026-06-02,LoL: NightBirds vs eSuba (BO5) - Hitpoint Masters Playoffs,2026-06-02T00:00:00+00:00,Hitpoint Masters Playoffs,5,NightBirds,eSuba,game_handicap,Game Handicap: NBS (-1.5) vs eSuba (+1.5),NightBirds,eSuba,0.7600,0.2400,clob_mid,0
2026-06-02T15:43:59Z,lol-nbs-esb-2026-06-02,LoL: NightBirds vs eSuba (BO5) - Hitpoint Masters Playoffs,2026-06-02T00:00:00+00:00,Hitpoint Masters Playoffs,5,NightBirds,eSuba,game_handicap,Game Handicap: NBS (-2.5) vs eSuba (+2.5),NightBirds,eSuba,0.7600,0.2400,clob_mid,0
2026-06-02T15:43:59Z,lol-red-lev-2026-06-07,LoL: RED Canids vs Leviatan Esports (BO3) - Esports World Cup South America & LATAM Qualifier Playoffs,2026-06-07T00:00:00+00:00,Esports World Cup South America & LATAM Qualifier Playoffs,3,RED Canids,Leviatan Esports,match_winner,LoL: RED Canids vs Leviatan Esports (BO3) - Esports World Cup South America & LATAM Qualifier Playoffs,RED Canids,Leviatan Esports,0.7100,0.2900,clob_mid,0
2026-06-02T15:43:59Z,lol-red-lev-2026-06-07,LoL: RED Canids vs Leviatan Esports (BO3) - Esports World Cup South America & LATAM Qualifier Playoffs,2026-06-07T00:00:00+00:00,Esports World Cup South America & LATAM Qualifier Playoffs,3,RED Canids,Leviatan Esports,game_1_winner,LoL: RED Canids vs Leviatan Esports - Game 1 Winner,RED Canids,Leviatan Esports,0.5100,0.4900,clob_mid,0
2026-06-02T15:43:59Z,lol-red-lev-2026-06-07,LoL: RED Canids vs Leviatan Esports (BO3) - Esports World Cup South America & LATAM Qualifier Playoffs,2026-06-07T00:00:00+00:00,Esports World Cup South America & LATAM Qualifier Playoffs,3,RED Canids,Leviatan Esports,game_2_winner,LoL: RED Canids vs Leviatan Esports - Game 2 Winner,RED Canids,Leviatan Esports,0.5100,0.4900,clob_mid,0
2026-06-02T15:43:59Z,lol-red-lev-2026-06-07,LoL: RED Canids vs Leviatan Esports (BO3) - Esports World Cup South America & LATAM Qualifier Playoffs,2026-06-07T00:00:00+00:00,Esports World Cup South America & LATAM Qualifier Playoffs,3,RED Canids,Leviatan Esports,game_handicap,Game Handicap: RED (-1.5) vs Leviatan Esports (+1.5),RED Canids,Leviatan Esports,0.5000,0.5000,clob_mid,0
2026-06-02T15:43:59Z,lol-fxw7-png1-2026-06-07,LoL: Fluxo W7M vs paiN Gaming (BO3) - Esports World Cup South America & LATAM Qualifier Playoffs,2026-06-07T00:00:00+00:00,Esports World Cup South America & LATAM Qualifier Playoffs,3,Fluxo W7M,paiN Gaming,match_winner,LoL: Fluxo W7M vs paiN Gaming (BO3) - Esports World Cup South America & LATAM Qualifier Playoffs,Fluxo W7M,paiN Gaming,0.7000,0.3000,clob_mid,21
2026-06-02T15:43:59Z,lol-fxw7-png1-2026-06-07,LoL: Fluxo W7M vs paiN Gaming (BO3) - Esports World Cup South America & LATAM Qualifier Playoffs,2026-06-07T00:00:00+00:00,Esports World Cup South America & LATAM Qualifier Playoffs,3,Fluxo W7M,paiN Gaming,game_1_winner,LoL: Fluxo W7M vs paiN Gaming - Game 1 Winner,Fluxo W7M,paiN Gaming,0.4900,0.5100,clob_mid,0
2026-06-02T15:43:59Z,lol-fxw7-png1-2026-06-07,LoL: Fluxo W7M vs paiN Gaming (BO3) - Esports World Cup South America & LATAM Qualifier Playoffs,2026-06-07T00:00:00+00:00,Esports World Cup South America & LATAM Qualifier Playoffs,3,Fluxo W7M,paiN Gaming,game_2_winner,LoL: Fluxo W7M vs paiN Gaming - Game 2 Winner,Fluxo W7M,paiN Gaming,0.4900,0.5100,clob_mid,0
2026-06-02T15:43:59Z,lol-fxw7-png1-2026-06-07,LoL: Fluxo W7M vs paiN Gaming (BO3) - Esports World Cup South America & LATAM Qualifier Playoffs,2026-06-07T00:00:00+00:00,Esports World Cup South America & LATAM Qualifier Playoffs,3,Fluxo W7M,paiN Gaming,game_handicap,Game Handicap: FXW7 (-1.5) vs paiN Gaming (+1.5),Fluxo W7M,paiN Gaming,0.5000,0.5000,clob_mid,0
2026-06-02T15:43:59Z,lol-lll-vks-2026-06-07,LoL: LOUD vs Vivo Keyd Stars (BO3) - Esports World Cup South America & LATAM Qualifier Playoffs,2026-06-07T00:00:00+00:00,Esports World Cup South America & LATAM Qualifier Playoffs,3,LOUD,Vivo Keyd Stars,match_winner,LoL: LOUD vs Vivo Keyd Stars (BO3) - Esports World Cup South America & LATAM Qualifier Playoffs,LOUD,Vivo Keyd Stars,0.6750,0.3250,clob_mid,0
2026-06-02T15:43:59Z,lol-lll-vks-2026-06-07,LoL: LOUD vs Vivo Keyd Stars (BO3) - Esports World Cup South America & LATAM Qualifier Playoffs,2026-06-07T00:00:00+00:00,Esports World Cup South America & LATAM Qualifier Playoffs,3,LOUD,Vivo Keyd Stars,game_1_winner,LoL: LOUD vs Vivo Keyd Stars - Game 1 Winner,LOUD,Vivo Keyd Stars,0.4800,0.5200,clob_mid,0
2026-06-02T15:43:59Z,lol-lll-vks-2026-06-07,LoL: LOUD vs Vivo Keyd Stars (BO3) - Esports World Cup South America & LATAM Qualifier Playoffs,2026-06-07T00:00:00+00:00,Esports World Cup South America & LATAM Qualifier Playoffs,3,LOUD,Vivo Keyd Stars,game_2_winner,LoL: LOUD vs Vivo Keyd Stars - Game 2 Winner,LOUD,Vivo Keyd Stars,0.5000,0.5000,clob_mid,0
2026-06-02T15:43:59Z,lol-lll-vks-2026-06-07,LoL: LOUD vs Vivo Keyd Stars (BO3) - Esports World Cup South America & LATAM Qualifier Playoffs,2026-06-07T00:00:00+00:00,Esports World Cup South America & LATAM Qualifier Playoffs,3,LOUD,Vivo Keyd Stars,game_handicap,Game Handicap: LLL (-1.5) vs Vivo Keyd Stars (+1.5),LOUD,Vivo Keyd Stars,0.5000,0.5000,clob_mid,0
