gameid,date,league,playoffs,blue_team,red_team,blue_win,q_blue_win,pred_elo,pred_full
11715-11715_game_1,2025-01-12 09:24:17+00:00,LPL,0,Weibo Gaming,Oh My God,1,0.7206404722483798,0.7769842740086073,0.7266715344688136
11715-11715_game_2,2025-01-12 10:26:00+00:00,LPL,0,Oh My God,Weibo Gaming,0,0.2793595277516202,0.2590550408212197,0.2783083078773947
11715-11715_game_3,2025-01-12 11:21:40+00:00,LPL,0,Oh My God,Weibo Gaming,0,0.2793595277516202,0.24075815196416603,0.25024791634096294
11716-11716_game_1,2025-01-13 09:35:11+00:00,LPL,0,LNG Esports,ThunderTalk Gaming,1,0.5246355752705822,0.6188817179213636,0.57577666586289
11716-11716_game_2,2025-01-13 10:36:48+00:00,LPL,0,ThunderTalk Gaming,LNG Esports,1,0.4753644247294177,0.41323983673759507,0.4168053619833102
11716-11716_game_3,2025-01-13 11:33:45+00:00,LPL,0,LNG Esports,ThunderTalk Gaming,0,0.5246355752705822,0.6017014799870318,0.5694771610164104
11716-11716_game_4,2025-01-13 12:27:12+00:00,LPL,0,LNG Esports,ThunderTalk Gaming,0,0.5246355752705822,0.5480479570315562,0.5117275915142516
11717-11717_game_1,2025-01-14 09:27:56+00:00,LPL,0,Royal Never Give Up,FunPlus Phoenix,0,0.4773942803781459,0.4231460693876169,0.49561385104358635
11717-11717_game_2,2025-01-14 10:21:38+00:00,LPL,0,Royal Never Give Up,FunPlus Phoenix,1,0.4773942803781459,0.38540046227261743,0.41440088985194423
11717-11717_game_3,2025-01-14 11:21:38+00:00,LPL,0,FunPlus Phoenix,Royal Never Give Up,0,0.5226057196218541,0.6268219029279578,0.5725821243194218
11717-11717_game_4,2025-01-14 12:11:52+00:00,LPL,0,FunPlus Phoenix,Royal Never Give Up,0,0.5226057196218541,0.5718334540970175,0.5151645187634293
LOLTMNT03_183532,2025-01-15 08:09:30+00:00,LCK,0,HANJIN BRION,DRX,1,0.5537476894452291,0.727757042406823,0.6786168213807048
LOLTMNT03_183538,2025-01-15 09:03:08+00:00,LCK,0,DRX,HANJIN BRION,1,0.4462523105547709,0.3079987787805876,0.33672721657233623
11718-11718_game_1,2025-01-15 09:30:43+00:00,LPL,0,Ultra Prime,Weibo Gaming,0,0.2243609200862539,0.3313019352853966,0.35286332905990675
LOLTMNT03_183544,2025-01-15 09:54:37+00:00,LCK,0,HANJIN BRION,DRX,0,0.5537476894452291,0.6977174745267996,0.652940072440659
11718-11718_game_2,2025-01-15 10:29:59+00:00,LPL,0,Ultra Prime,Weibo Gaming,1,0.2243609200862539,0.30411724034614546,0.3188252551932821
11718-11718_game_3,2025-01-15 11:22:40+00:00,LPL,0,Weibo Gaming,Ultra Prime,1,0.775639079913746,0.7009891388175356,0.6670767527889254
LOLTMNT03_183585,2025-01-15 11:26:48+00:00,LCK,0,DN SOOPers,Nongshim RedForce,1,0.5901329816412614,0.5258127096017039,0.5690677580290516
11718-11718_game_4,2025-01-15 12:06:15+00:00,LPL,0,Ultra Prime,Weibo Gaming,0,0.2243609200862539,0.3347628350638837,0.34679182006169135
LOLTMNT03_182705,2025-01-15 12:36:28+00:00,LCK,0,Nongshim RedForce,DN SOOPers,1,0.4098670183587386,0.49973636923411274,0.438169038564307
LOLTMNT03_182729,2025-01-15 13:34:29+00:00,LCK,0,DN SOOPers,Nongshim RedForce,1,0.5901329816412614,0.5230918544450712,0.5574172531981287
LOLTMNT03_184086,2025-01-16 08:09:06+00:00,LCK,0,BNK FEARX,KT Rolster,0,0.298737367368829,0.4016647170436905,0.36996917033760685
LOLTMNT03_183991,2025-01-16 09:04:00+00:00,LCK,0,BNK FEARX,KT Rolster,1,0.298737367368829,0.3662719737015268,0.33780408043865146
11719-11719_game_1,2025-01-16 09:26:37+00:00,LPL,0,LGD Gaming,Anyone's Legend,0,0.2243609200862539,0.5150503418011504,0.46439953615130247
LOLTMNT03_184105,2025-01-16 09:54:20+00:00,LCK,0,KT Rolster,BNK FEARX,1,0.7012626326311711,0.6442637555886012,0.6528751489941822
11719-11719_game_2,2025-01-16 10:24:20+00:00,LPL,0,LGD Gaming,Anyone's Legend,0,0.2243609200862539,0.46786314971074755,0.4183531302589909
LOLTMNT03_185025,2025-01-16 11:11:06+00:00,LCK,0,Dplus Kia,T1,1,0.3622791235371677,0.26850337526582724,0.26310536798097456
11719-11719_game_3,2025-01-16 11:14:07+00:00,LPL,0,LGD Gaming,Anyone's Legend,0,0.2243609200862539,0.42539902232843096,0.3779433100461013
LOLTMNT03_185042,2025-01-16 11:55:28+00:00,LCK,0,T1,Dplus Kia,1,0.6377208764628323,0.7331527050808052,0.7246308277431948
LOLTMNT03_185067,2025-01-16 12:50:03+00:00,LCK,0,Dplus Kia,T1,1,0.3622791235371677,0.30359398886381606,0.29562924005081986
LOLTMNT03_185467,2025-01-17 08:08:25+00:00,LCK,0,Gen.G,Hanwha Life Esports,1,0.5663799870871713,0.48719960293250336,0.5200936764895125
LOLTMNT03_184583,2025-01-17 08:59:26+00:00,LCK,0,Hanwha Life Esports,Gen.G,0,0.4336200129128287,0.5348696186078564,0.4845014750870417
11720-11720_game_1,2025-01-17 09:30:26+00:00,LPL,0,EDward Gaming,Bilibili Gaming,0,0.2360283086796941,0.11075116234482241,0.10511446865374957
11720-11720_game_2,2025-01-17 10:26:50+00:00,LPL,0,EDward Gaming,Bilibili Gaming,0,0.2360283086796941,0.1064205123850902,0.10147629763335955
LOLTMNT03_184622,2025-01-17 10:34:53+00:00,LCK,0,Nongshim RedForce,HANJIN BRION,1,0.5851814209301169,0.4857495705265323,0.5348062705980261
11720-11720_game_3,2025-01-17 11:21:48+00:00,LPL,0,EDward Gaming,Bilibili Gaming,0,0.2360283086796941,0.10239357409649541,0.09788752690978433
LOLTMNT03_184660,2025-01-17 11:38:32+00:00,LCK,0,HANJIN BRION,Nongshim RedForce,0,0.414818579069883,0.5360493530315816,0.4687353267778707
LOLTMNT03_186192,2025-01-18 06:05:55+00:00,LCK,0,Dplus Kia,DN SOOPers,1,0.6504147655454251,0.7291509203554811,0.6876401065664344
LOLTMNT03_187100,2025-01-18 06:57:05+00:00,LCK,0,DN SOOPers,Dplus Kia,0,0.3495852344545749,0.3075158739891073,0.3275186756076358
LOLTMNT03_186260,2025-01-18 08:35:57+00:00,LCK,0,DRX,T1,0,0.2070725721455878,0.1849053467100497,0.16707351488587913
11721-11721_game_1,2025-01-18 09:30:27+00:00,LPL,0,Top Esports,Team WE,1,0.7686206370492258,0.8412598556582074,0.8493349110840448
LOLTMNT03_187132,2025-01-18 09:32:58+00:00,LCK,0,DRX,T1,0,0.2070725721455878,0.17438534430615524,0.15853174811204815
11721-11721_game_2,2025-01-18 10:22:01+00:00,LPL,0,Team WE,Top Esports,0,0.2313793629507742,0.19098122299802506,0.1701387757686135
11721-11721_game_3,2025-01-18 11:27:25+00:00,LPL,0,Team WE,Top Esports,0,0.2313793629507742,0.1798390952715611,0.16089210238776183
LOLTMNT06_96344,2025-01-18 17:09:08+00:00,LEC,0,Team Heretics,Rogue,0,,0.778356448084599,0.7633247853847356
LOLTMNT06_96348,2025-01-18 18:10:05+00:00,LEC,0,Team Vitality,Team BDS,1,,0.4976686032509699,0.45463078578198735
LOLTMNT06_95363,2025-01-18 19:05:05+00:00,LEC,0,GiantX,SK Gaming,1,0.576142,0.4205206478481637,0.35662598470468315
LOLTMNT06_96368,2025-01-18 19:59:46+00:00,LEC,0,Movistar KOI,Fnatic,1,0.417989,0.5107422974890481,0.504036719862138
LOLTMNT06_95385,2025-01-18 21:00:09+00:00,LEC,0,Karmine Corp,G2 Esports,1,0.37561,0.40429975480295804,0.34374979288097396
LOLTMNT03_187435,2025-01-19 06:04:49+00:00,LCK,0,KT Rolster,Hanwha Life Esports,0,0.2786181167730275,0.311940845969071,0.30690835394930216
LOLTMNT03_187440,2025-01-19 06:54:25+00:00,LCK,0,KT Rolster,Hanwha Life Esports,0,0.2786181167730275,0.28731176330175845,0.28204011851712446
LOLTMNT03_187470,2025-01-19 08:34:13+00:00,LCK,0,BNK FEARX,Gen.G,0,0.1629908303220048,0.16809982405107665,0.1514409894203662
11722-11722_game_1,2025-01-19 09:27:45+00:00,LPL,0,Invictus Gaming,Ninjas in Pyjamas,1,,0.6481267005580342,0.5971320904977321
LOLTMNT03_187471,2025-01-19 09:34:45+00:00,LCK,0,BNK FEARX,Gen.G,0,0.1629908303220048,0.15870311344343088,0.1438464897003375
11722-11722_game_2,2025-01-19 10:19:30+00:00,LPL,0,Ninjas in Pyjamas,Invictus Gaming,1,,0.3855790569431735,0.4078037161695954
11722-11722_game_3,2025-01-19 11:13:50+00:00,LPL,0,Invictus Gaming,Ninjas in Pyjamas,0,,0.626799317146536,0.5840474995245122
11722-11722_game_4,2025-01-19 12:08:06+00:00,LPL,0,Invictus Gaming,Ninjas in Pyjamas,0,,0.5718964279506019,0.5293225357014941
LOLTMNT06_96430,2025-01-19 17:06:11+00:00,LEC,0,Team Heretics,SK Gaming,1,0.410579,0.4990614411949801,0.4862709142072055
LOLTMNT06_95435,2025-01-19 17:59:13+00:00,LEC,0,Rogue,GiantX,0,0.344037,0.35682436131039474,0.3040751901724609
LOLTMNT06_95446,2025-01-19 19:21:06+00:00,LEC,0,Movistar KOI,Karmine Corp,0,0.5,0.4847835047337303,0.48016226247315574
LOLTMNT06_96459,2025-01-19 20:24:44+00:00,LEC,0,G2 Esports,Team BDS,0,,0.6301908882510794,0.6428739668881671
LOLTMNT06_96473,2025-01-19 21:18:52+00:00,LEC,0,Fnatic,Team Vitality,1,0.686801,0.46926628485558775,0.5169593802793073
11723-11723_game_1,2025-01-20 09:29:51+00:00,LPL,0,JD Gaming,Ultra Prime,1,0.775639079913746,0.7443705849917793,0.7684058480526688
11723-11723_game_2,2025-01-20 10:17:30+00:00,LPL,0,Ultra Prime,JD Gaming,0,0.2243609200862539,0.29123638225567205,0.2501029694305741
11723-11723_game_3,2025-01-20 11:16:40+00:00,LPL,0,Ultra Prime,JD Gaming,0,0.2243609200862539,0.26835763473955915,0.23148253763659113
LOLTMNT06_95500,2025-01-20 17:07:36+00:00,LEC,0,Team BDS,Rogue,1,,0.7761926893642529,0.7952966097975314
LOLTMNT06_96516,2025-01-20 18:05:02+00:00,LEC,0,Team Heretics,Fnatic,0,0.290323,0.5694774425079167,0.5546856881634947
LOLTMNT06_96529,2025-01-20 18:52:10+00:00,LEC,0,Movistar KOI,Team Vitality,1,0.645238,0.49849237605559016,0.4932816424463205
LOLTMNT06_95531,2025-01-20 19:48:37+00:00,LEC,0,G2 Esports,SK Gaming,1,0.752418,0.6123678028156251,0.6163448166106175
LOLTMNT06_96548,2025-01-20 20:43:00+00:00,LEC,0,GiantX,Karmine Corp,1,0.39206,0.4679698365999636,0.4409917274831332
11724-11724_game_1,2025-01-21 09:22:17+00:00,LPL,0,EDward Gaming,ThunderTalk Gaming,1,0.4202250281778261,0.36659674451432717,0.3677745235567473
11724-11724_game_2,2025-01-21 10:23:14+00:00,LPL,0,ThunderTalk Gaming,EDward Gaming,1,0.5797749718221739,0.6435280448633652,0.6207275805224726
11724-11724_game_3,2025-01-21 11:16:15+00:00,LPL,0,EDward Gaming,ThunderTalk Gaming,0,0.4202250281778261,0.3903688606465414,0.39103459109641164
11724-11724_game_4,2025-01-21 12:11:42+00:00,LPL,0,EDward Gaming,ThunderTalk Gaming,0,0.4202250281778261,0.3567364736964922,0.3554945074274588
LOLTMNT03_188641,2025-01-22 08:04:43+00:00,LCK,0,Dplus Kia,BNK FEARX,1,0.760379408509232,0.8145300241216975,0.8086289493542608
LOLTMNT03_188645,2025-01-22 08:55:05+00:00,LCK,0,BNK FEARX,Dplus Kia,1,0.2396205914907679,0.2198635029772732,0.21184011702392005
11725-11725_game_1,2025-01-22 09:27:10+00:00,LPL,0,LGD Gaming,Team WE,1,,0.7224435669958373,0.6847462360015961
LOLTMNT03_188655,2025-01-22 09:48:21+00:00,LCK,0,Dplus Kia,BNK FEARX,1,0.760379408509232,0.7787331453324985,0.7732154044213242
11725-11725_game_2,2025-01-22 10:24:03+00:00,LPL,0,Team WE,LGD Gaming,0,,0.31400218536188823,0.3281962834694668
LOLTMNT03_188679,2025-01-22 11:00:14+00:00,LCK,0,DN SOOPers,DRX,1,0.6331953591455877,0.5493108161148352,0.5503592766777229
11725-11725_game_3,2025-01-22 11:36:39+00:00,LPL,0,Team WE,LGD Gaming,0,,0.28931863755175424,0.2988366298054742
LOLTMNT03_189517,2025-01-22 11:54:37+00:00,LCK,0,DRX,DN SOOPers,1,0.3668046408544123,0.47792075066654927,0.4549719198613458
LOLTMNT03_188722,2025-01-22 12:46:42+00:00,LCK,0,DN SOOPers,DRX,0,0.6331953591455877,0.5429390197535524,0.5429725632105316
LOLTMNT03_189773,2025-01-23 08:04:06+00:00,LCK,0,HANJIN BRION,Gen.G,1,0.1800937027367385,0.2284514193360007,0.20043811297611464
LOLTMNT03_189783,2025-01-23 09:12:50+00:00,LCK,0,Gen.G,HANJIN BRION,0,0.8199062972632615,0.7717162791637048,0.7813935902770455
11738-11738_game_1,2025-01-23 09:23:46+00:00,LPL,0,Oh My God,JD Gaming,1,0.2360283086796941,0.1953793277401399,0.20238360989077114
11738-11738_game_2,2025-01-23 10:20:54+00:00,LPL,0,JD Gaming,Oh My God,1,0.7639716913203058,0.8024254688005352,0.7704734362419129
LOLTMNT03_190012,2025-01-23 10:34:33+00:00,LCK,0,Hanwha Life Esports,Nongshim RedForce,1,0.7867831417028295,0.8078043598291906,0.8124134498437056
11738-11738_game_3,2025-01-23 11:11:52+00:00,LPL,0,Oh My God,JD Gaming,1,0.2360283086796941,0.2321742666938179,0.24249817739712584
LOLTMNT03_190023,2025-01-23 11:32:01+00:00,LCK,0,Nongshim RedForce,Hanwha Life Esports,0,0.2132168582971705,0.2264458673762686,0.20716247059404821
11738-11738_game_4,2025-01-23 12:12:51+00:00,LPL,0,JD Gaming,Oh My God,1,0.7639716913203058,0.7676086291958345,0.7364067041936914
11738-11738_game_5,2025-01-23 12:57:38+00:00,LPL,0,Oh My God,JD Gaming,0,0.2360283086796941,0.268301099847493,0.2777214809298174
LOLTMNT03_191023,2025-01-24 08:05:35+00:00,LCK,0,DRX,BNK FEARX,1,0.4462523105547707,0.601156855804894,0.5613355984362038
LOLTMNT03_191028,2025-01-24 08:59:16+00:00,LCK,0,BNK FEARX,DRX,1,0.5537476894452292,0.4300848658294418,0.4444568954981335
11726-11726_game_1,2025-01-24 09:34:15+00:00,LPL,0,Top Esports,Anyone's Legend,0,0.5540237865705194,0.6166807021877144,0.6337845730593469
LOLTMNT03_191030,2025-01-24 09:49:42+00:00,LCK,0,DRX,BNK FEARX,1,0.4462523105547707,0.5861590389348986,0.5515525784952022
11726-11726_game_2,2025-01-24 10:38:13+00:00,LPL,0,Top Esports,Anyone's Legend,1,0.5540237865705194,0.5619685152569502,0.575868014179242
LOLTMNT03_190264,2025-01-24 11:12:47+00:00,LCK,0,T1,KT Rolster,1,0.6259521291653675,0.7632642327163964,0.7473208072669894
11726-11726_game_3,2025-01-24 11:45:17+00:00,LPL,0,Anyone's Legend,Top Esports,1,0.4459762134294806,0.4663538802640093,0.43223655141466993
LOLTMNT03_191065,2025-01-24 12:03:15+00:00,LCK,0,KT Rolster,T1,1,0.3740478708346325,0.2723458068494048,0.27231711781299506
11726-11726_game_4,2025-01-24 12:49:04+00:00,LPL,0,Top Esports,Anyone's Legend,0,0.5540237865705194,0.5533346707555056,0.5631816064498195
LOLTMNT03_191077,2025-01-24 13:04:39+00:00,LCK,0,T1,KT Rolster,1,0.6259521291653675,0.7305766168371359,0.7164409351869674
11727-11727_game_1,2025-01-25 05:30:35+00:00,LPL,0,Bilibili Gaming,LNG Esports,1,0.7439969864378295,0.878202395102578,0.8474695707375856
LOLTMNT03_191178,2025-01-25 06:06:39+00:00,LCK,0,Hanwha Life Esports,Dplus Kia,0,0.592241101475382,0.6661691027772176,0.6587384713008908
11727-11727_game_2,2025-01-25 06:25:38+00:00,LPL,0,LNG Esports,Bilibili Gaming,0,0.2560030135621704,0.1497561976276062,0.16804991669310682
LOLTMNT03_191179,2025-01-25 07:00:00+00:00,LCK,0,Hanwha Life Esports,Dplus Kia,1,0.592241101475382,0.609578403273674,0.6005925825249833
11727-11727_game_3,2025-01-25 07:19:20+00:00,LPL,0,LNG Esports,Bilibili Gaming,0,0.2560030135621704,0.14225834788029418,0.15646465826748546
LOLTMNT03_190416,2025-01-25 07:59:38+00:00,LCK,0,Dplus Kia,Hanwha Life Esports,1,0.407758898524618,0.42228740317676117,0.4099667509840158
LOLTMNT03_190434,2025-01-25 09:24:12+00:00,LCK,0,Gen.G,DN SOOPers,1,0.7706622539817704,0.8232763724746943,0.8336678737417201
11728-11728_game_1,2025-01-25 09:27:08+00:00,LPL,0,Invictus Gaming,Royal Never Give Up,0,0.6908371369854289,0.5888087668550572,0.5947080337269397
LOLTMNT03_190436,2025-01-25 10:14:02+00:00,LCK,0,DN SOOPers,Gen.G,0,0.2293377460182296,0.21015215770528073,0.18581537440838386
11728-11728_game_2,2025-01-25 10:29:01+00:00,LPL,0,Invictus Gaming,Royal Never Give Up,1,0.6908371369854289,0.5359860887690995,0.5341109129908764
11728-11728_game_3,2025-01-25 11:32:50+00:00,LPL,0,Royal Never Give Up,Invictus Gaming,0,0.3091628630145711,0.4900843287871351,0.46719233764434037
11728-11728_game_4,2025-01-25 12:23:54+00:00,LPL,0,Invictus Gaming,Royal Never Give Up,1,0.6908371369854289,0.627686475290089,0.6292427484501242
LOLTMNT04_92110,2025-01-25 17:08:30+00:00,LEC,0,Rogue,Fnatic,0,0.280851,0.2950641248365353,0.253982302366429
LOLTMNT04_92114,2025-01-25 18:08:27+00:00,LEC,0,Team BDS,Team Heretics,0,,0.6009418418152045,0.6322465756325463
LOLTMNT04_92126,2025-01-25 19:08:52+00:00,LEC,0,GiantX,Movistar KOI,0,0.463731,0.566331462876318,0.5513645604930251
LOLTMNT04_92133,2025-01-25 20:07:47+00:00,LEC,0,Team Vitality,G2 Esports,0,0.298643,0.41083342431696074,0.4382574521602638
LOLTMNT04_92142,2025-01-25 21:14:10+00:00,LEC,0,Karmine Corp,SK Gaming,1,0.720524,0.5847109474560083,0.5703171286158893
LOLTMNT03_191289,2025-01-26 06:04:20+00:00,LCK,0,T1,Nongshim RedForce,1,0.7365162783581356,0.7959489331303081,0.7734187610691198
LOLTMNT03_191291,2025-01-26 06:58:03+00:00,LCK,0,Nongshim RedForce,T1,0,0.2634837216418644,0.238422874760184,0.24473063334911505
LOLTMNT03_191298,2025-01-26 08:34:53+00:00,LCK,0,KT Rolster,HANJIN BRION,1,0.6146760794917354,0.4803029310377504,0.5033843447693683
LOLTMNT03_190508,2025-01-26 09:36:41+00:00,LCK,0,HANJIN BRION,KT Rolster,0,0.3853239205082646,0.5409819213024323,0.4980032212678505
LOLTMNT04_92193,2025-01-26 17:07:00+00:00,LEC,0,GiantX,Team Heretics,1,0.643705,0.5085087136555396,0.5015300475624244
LOLTMNT04_93166,2025-01-26 17:57:24+00:00,LEC,0,SK Gaming,Team Vitality,0,0.485714,0.5435317384214077,0.5312416732688995
LOLTMNT04_93174,2025-01-26 19:04:12+00:00,LEC,0,Fnatic,G2 Esports,1,0.463731,0.442851675773114,0.4150620500071236
LOLTMNT04_92211,2025-01-26 19:52:31+00:00,LEC,0,Karmine Corp,Rogue,1,0.722917,0.8013250307618338,0.7526660714291425
LOLTMNT04_92219,2025-01-26 20:38:09+00:00,LEC,0,Team BDS,Movistar KOI,0,,0.5538745277924201,0.5403615880535456
LOLTMNT04_92277,2025-01-27 17:07:16+00:00,LEC,0,Team Vitality,Rogue,1,,0.7591334618419068,0.7457409835580164
LOLTMNT04_93276,2025-01-27 18:02:18+00:00,LEC,0,Fnatic,Team BDS,1,,0.5875250442240855,0.5780222450128505
LOLTMNT04_93287,2025-01-27 19:06:14+00:00,LEC,0,G2 Esports,GiantX,1,0.596491,0.6120082706816641,0.6575551620437846
LOLTMNT04_93299,2025-01-27 19:53:56+00:00,LEC,0,Karmine Corp,Team Heretics,1,0.729614,0.6080122050073463,0.5208257541331427
LOLTMNT04_93308,2025-01-27 20:50:22+00:00,LEC,0,SK Gaming,Movistar KOI,0,0.270386,0.435249887290282,0.4340110779688036
LOLTMNT01_196721,2025-01-31 08:03:18+00:00,LCK,0,DN SOOPers,KT Rolster,1,0.3581163238673568,0.3634774329411211,0.3856423507654101
LOLTMNT01_195821,2025-01-31 08:53:26+00:00,LCK,0,KT Rolster,DN SOOPers,1,0.6418836761326432,0.6464533324215079,0.6056247707752611
LOLTMNT01_196743,2025-01-31 09:44:17+00:00,LCK,0,DN SOOPers,KT Rolster,0,0.3581163238673568,0.3875101911966772,0.40489928496708094
LOLTMNT01_195885,2025-01-31 11:08:35+00:00,LCK,0,DRX,Hanwha Life Esports,0,0.2570586371960447,0.19604204312777695,0.18505485843054623
LOLTMNT01_195897,2025-01-31 12:00:21+00:00,LCK,0,DRX,Hanwha Life Esports,0,0.2570586371960447,0.18431479509641097,0.17365018723040612
LOLTMNT01_198268,2025-02-01 06:04:25+00:00,LCK,0,T1,Gen.G,1,0.3880752000375197,0.5302043898037236,0.4945782883638907
LOLTMNT01_198283,2025-02-01 06:57:56+00:00,LCK,0,Gen.G,T1,1,0.6119247999624803,0.49573450389737606,0.5098739373855521
LOLTMNT01_198303,2025-02-01 07:51:42+00:00,LCK,0,T1,Gen.G,1,0.3880752000375197,0.5267360796781263,0.4934576034075555
LOLTMNT01_197638,2025-02-01 09:15:19+00:00,LCK,0,HANJIN BRION,Dplus Kia,1,0.2645515905613579,0.337526389612546,0.32449798656714024
LOLTMNT01_197663,2025-02-01 10:06:23+00:00,LCK,0,Dplus Kia,HANJIN BRION,1,0.735448409438642,0.6702339133259622,0.6646276104103597
LOLTMNT01_197690,2025-02-01 10:54:40+00:00,LCK,0,HANJIN BRION,Dplus Kia,0,0.2645515905613579,0.3647130106422541,0.3506758549396107
LOLTMNT04_93750,2025-02-01 17:08:38+00:00,LEC,0,SK Gaming,Team BDS,0,,0.47144386983657965,0.4203641845489967
LOLTMNT04_92679,2025-02-01 17:56:54+00:00,LEC,0,GiantX,Fnatic,0,0.341014,0.45558350027469946,0.4016375454990153
LOLTMNT04_92696,2025-02-01 18:52:30+00:00,LEC,0,Rogue,G2 Esports,0,0.229358,0.19191714573479252,0.23180292527413518
LOLTMNT04_92709,2025-02-01 19:44:04+00:00,LEC,0,Team Heretics,Movistar KOI,1,0.294872,0.4515654204849656,0.4493985978800733
LOLTMNT04_92728,2025-02-01 20:43:29+00:00,LEC,0,Team Vitality,Karmine Corp,0,0.298643,0.44591051007647436,0.467803191384455
LOLTMNT01_198801,2025-02-02 06:06:34+00:00,LCK,0,Nongshim RedForce,BNK FEARX,1,0.5472876546374191,0.5970802413288456,0.560272769008675
LOLTMNT01_198810,2025-02-02 06:55:43+00:00,LCK,0,BNK FEARX,Nongshim RedForce,0,0.4527123453625808,0.43365545463534894,0.4458242204768336
LOLTMNT04_93871,2025-02-02 17:07:20+00:00,LEC,0,Rogue,SK Gaming,0,0.557841,0.3553288836910437,0.33447254433789714
LOLTMNT04_93883,2025-02-02 17:57:23+00:00,LEC,0,Team BDS,GiantX,0,,0.5670664010226554,0.5980198273638128
LOLTMNT04_92827,2025-02-02 18:59:16+00:00,LEC,0,Fnatic,Karmine Corp,1,0.536269,0.5280371535642571,0.5878846504072731
LOLTMNT04_92843,2025-02-02 19:46:21+00:00,LEC,0,Team Heretics,Team Vitality,0,,0.5635735111001613,0.4795324529820359
LOLTMNT04_93937,2025-02-02 20:42:01+00:00,LEC,0,G2 Esports,Movistar KOI,1,0.557841,0.6277074058044364,0.6065095046770927
LOLTMNT04_92941,2025-02-03 17:05:40+00:00,LEC,0,Team Vitality,GiantX,1,0.410579,0.5379796776396443,0.45583804125684935
LOLTMNT04_92952,2025-02-03 17:55:39+00:00,LEC,0,Movistar KOI,Rogue,1,0.770642,0.8065648000395758,0.7749144363455066
LOLTMNT04_92975,2025-02-03 18:46:57+00:00,LEC,0,Karmine Corp,Team BDS,0,,0.6391886409032425,0.6020814478335217
LOLTMNT04_92989,2025-02-03 19:36:03+00:00,LEC,0,G2 Esports,Team Heretics,1,0.787086,0.6953723635109849,0.728219166398259
LOLTMNT04_94054,2025-02-03 20:28:27+00:00,LEC,0,SK Gaming,Fnatic,0,0.188498,0.33187121948978526,0.31117671628101123
LOLTMNT01_202875,2025-02-07 08:05:24+00:00,LCK,0,DRX,DN SOOPers,1,0.5303405733689568,0.5275939180037932,0.5134158389237148
LOLTMNT01_202877,2025-02-07 09:00:30+00:00,LCK,0,DN SOOPers,DRX,0,0.4696594266310432,0.4978527319390552,0.48999513472121947
LOLTMNT01_203863,2025-02-07 10:33:44+00:00,LCK,0,Nongshim RedForce,HANJIN BRION,1,0.5690666151779489,0.4930403412160176,0.5461696472244371
LOLTMNT01_203871,2025-02-07 11:27:17+00:00,LCK,0,HANJIN BRION,Nongshim RedForce,0,0.4309333848220511,0.5293368608894569,0.45942023867349796
LOLTMNT01_204096,2025-02-08 06:05:33+00:00,LCK,0,T1,Nongshim RedForce,1,0.7748029286173659,0.78193636636542,0.7673985665950953
LOLTMNT01_205030,2025-02-08 06:59:21+00:00,LCK,0,Nongshim RedForce,T1,0,0.2251970713826341,0.25336982588301654,0.2516301058038839
LOLTMNT01_204112,2025-02-08 08:35:01+00:00,LCK,0,Hanwha Life Esports,DRX,1,0.7439952467247326,0.8416081161116573,0.8420764170080076
11729-11729_game_1,2025-02-08 09:23:57+00:00,LPL,0,Ninjas in Pyjamas,FunPlus Phoenix,1,0.708446970151129,0.6119254606520873,0.5858465789183729
LOLTMNT01_204114,2025-02-08 09:30:18+00:00,LCK,0,DRX,Hanwha Life Esports,0,0.2560047532752674,0.1905960480045111,0.17720922712375103
11729-11729_game_2,2025-02-08 10:12:40+00:00,LPL,0,FunPlus Phoenix,Ninjas in Pyjamas,0,0.291553029848871,0.4200075789340585,0.4216953919674941
11729-11729_game_3,2025-02-08 11:11:14+00:00,LPL,0,FunPlus Phoenix,Ninjas in Pyjamas,0,0.291553029848871,0.38286758012966304,0.3823800767003673
LOLTMNT01_204273,2025-02-09 06:04:31+00:00,LCK,0,DRX,Nongshim RedForce,0,0.5384456655032896,0.4419025990375624,0.41164713702402056
LOLTMNT01_205157,2025-02-09 06:53:50+00:00,LCK,0,DRX,Nongshim RedForce,1,0.5384456655032896,0.40205841863429653,0.373352594557816
LOLTMNT01_204280,2025-02-09 07:52:48+00:00,LCK,0,Nongshim RedForce,DRX,1,0.4615543344967104,0.6117480344321355,0.618711583680072
LOLTMNT01_204281,2025-02-09 08:41:47+00:00,LCK,0,DRX,Nongshim RedForce,0,0.5384456655032896,0.42003197228006117,0.3930121367824344
11730-11730_game_1,2025-02-09 09:26:01+00:00,LPL,0,JD Gaming,Weibo Gaming,0,0.5167666984016943,0.5317057212173399,0.5101543114481392
11730-11730_game_2,2025-02-09 10:23:23+00:00,LPL,0,JD Gaming,Weibo Gaming,1,0.5167666984016943,0.4830778752252676,0.4618773501256031
11730-11730_game_3,2025-02-09 11:14:45+00:00,LPL,0,Weibo Gaming,JD Gaming,1,0.4832333015983057,0.5382865460613677,0.5372161413472826
11730-11730_game_4,2025-02-09 12:16:15+00:00,LPL,0,JD Gaming,Weibo Gaming,1,0.5167666984016943,0.48804575426355756,0.46784137131708187
11730-11730_game_5,2025-02-09 13:12:03+00:00,LPL,0,Weibo Gaming,JD Gaming,0,0.4832333015983057,0.5337640148361685,0.5325315525706796
11731-11731_game_1,2025-02-10 09:27:30+00:00,LPL,0,Team WE,Anyone's Legend,0,0.2072876486392058,0.15465255033945183,0.22312044077088034
11731-11731_game_2,2025-02-10 10:34:38+00:00,LPL,0,Team WE,Anyone's Legend,0,0.2072876486392058,0.14701165417884995,0.18384012273389527
11731-11731_game_3,2025-02-10 11:25:53+00:00,LPL,0,Team WE,Anyone's Legend,1,0.2072876486392058,0.14002030546571315,0.16289148974849918
11731-11731_game_4,2025-02-10 12:20:38+00:00,LPL,0,Anyone's Legend,Team WE,1,0.7927123513607942,0.8554331609459457,0.8166143274168532
11732-11732_game_1,2025-02-11 09:23:13+00:00,LPL,0,EDward Gaming,LNG Esports,1,0.4123215717516703,0.40519325238891485,0.3449772198694951
11732-11732_game_2,2025-02-11 10:22:07+00:00,LPL,0,LNG Esports,EDward Gaming,0,0.5876784282483297,0.6087109346977287,0.6105577999089559
11732-11732_game_3,2025-02-11 11:20:26+00:00,LPL,0,LNG Esports,EDward Gaming,0,0.5876784282483297,0.5544943799500534,0.5398253316047242
LOLTMNT02_212651,2025-02-12 08:11:06+00:00,LCK,0,KT Rolster,Nongshim RedForce,0,0.5723279918112381,0.5798464883287954,0.6039786127208515
LOLTMNT02_212665,2025-02-12 09:09:20+00:00,LCK,0,KT Rolster,Nongshim RedForce,0,0.5723279918112381,0.5274434488640393,0.5485026913754368
11733-11733_game_1,2025-02-12 09:24:21+00:00,LPL,0,Ultra Prime,Oh My God,0,0.4165541442394539,0.5741528302614147,0.5161536969522257
LOLTMNT02_213066,2025-02-12 10:03:18+00:00,LCK,0,KT Rolster,Nongshim RedForce,0,0.5723279918112381,0.4791684021590846,0.49767657982426416
11733-11733_game_2,2025-02-12 10:19:49+00:00,LPL,0,Ultra Prime,Oh My God,1,0.4165541442394539,0.522175535261676,0.4648606011845371
11733-11733_game_3,2025-02-12 11:19:18+00:00,LPL,0,Oh My God,Ultra Prime,0,0.5834458557605461,0.5027652204305296,0.5267415012535105
11733-11733_game_4,2025-02-12 12:18:08+00:00,LPL,0,Oh My God,Ultra Prime,1,0.5834458557605461,0.45676393472658056,0.4731518647946704
11733-11733_game_5,2025-02-12 13:19:29+00:00,LPL,0,Ultra Prime,Oh My God,0,0.4165541442394539,0.5621441868421337,0.5242386919599522
LOLTMNT02_214006,2025-02-13 08:05:16+00:00,LCK,0,Hanwha Life Esports,T1,1,0.4359292845669976,0.5267218876470237,0.5423292511176545
LOLTMNT02_214014,2025-02-13 08:54:58+00:00,LCK,0,T1,Hanwha Life Esports,1,0.5640707154330024,0.49841606294350216,0.46446449024359837
11734-11734_game_1,2025-02-13 09:22:51+00:00,LPL,0,Royal Never Give Up,Ninjas in Pyjamas,0,0.3064275073256736,0.3394546767804141,0.2891467401986258
LOLTMNT02_214018,2025-02-13 09:46:17+00:00,LCK,0,Hanwha Life Esports,T1,1,0.4359292845669976,0.524558153748614,0.5380234645372821
11734-11734_game_2,2025-02-13 10:25:17+00:00,LPL,0,Royal Never Give Up,Ninjas in Pyjamas,0,0.3064275073256736,0.31179067414803563,0.2665185976691278
LOLTMNT02_213440,2025-02-13 10:41:37+00:00,LCK,0,T1,Hanwha Life Esports,1,0.5640707154330024,0.5004282818263942,0.46869817808310904
11734-11734_game_3,2025-02-13 11:15:59+00:00,LPL,0,Ninjas in Pyjamas,Royal Never Give Up,1,0.6935724926743264,0.7703442625819852,0.7904876378715217
LOLTMNT02_214059,2025-02-13 11:40:02+00:00,LCK,0,Hanwha Life Esports,T1,1,0.4359292845669976,0.5226774551843406,0.5353043973387484
11735-11735_game_1,2025-02-14 09:22:47+00:00,LPL,0,Bilibili Gaming,ThunderTalk Gaming,0,0.7431433998633061,0.8604102642868097,0.8645134157514504
11735-11735_game_2,2025-02-14 10:16:55+00:00,LPL,0,ThunderTalk Gaming,Bilibili Gaming,1,0.2568566001366939,0.23281236212871764,0.2373919025226047
11735-11735_game_3,2025-02-14 11:12:43+00:00,LPL,0,Bilibili Gaming,ThunderTalk Gaming,1,0.7431433998633061,0.7666794198990037,0.733818975089418
11735-11735_game_4,2025-02-14 12:03:07+00:00,LPL,0,ThunderTalk Gaming,Bilibili Gaming,0,0.2568566001366939,0.26957287423150345,0.27780834262435755
11735-11735_game_5,2025-02-14 12:53:17+00:00,LPL,0,ThunderTalk Gaming,Bilibili Gaming,1,0.2568566001366939,0.2500491204546201,0.2522665017848707
LOLTMNT02_215947,2025-02-15 06:06:56+00:00,LCK,0,Dplus Kia,Nongshim RedForce,1,0.6896755034734273,0.6584115547517765,0.684869398394288
LOLTMNT02_215958,2025-02-15 06:59:03+00:00,LCK,0,Nongshim RedForce,Dplus Kia,0,0.3103244965265727,0.376209295556757,0.3310866731912646
LOLTMNT02_216864,2025-02-15 07:47:46+00:00,LCK,0,Nongshim RedForce,Dplus Kia,1,0.3103244965265727,0.3442267671201079,0.3037619286096891
LOLTMNT02_216888,2025-02-15 08:36:56+00:00,LCK,0,Dplus Kia,Nongshim RedForce,1,0.6896755034734273,0.6638269089891424,0.6828772093380262
11736-11736_game_1,2025-02-15 09:25:33+00:00,LPL,0,FunPlus Phoenix,Invictus Gaming,0,0.2810989858668301,0.38216714168534316,0.45721070961551347
11736-11736_game_2,2025-02-15 10:26:02+00:00,LPL,0,FunPlus Phoenix,Invictus Gaming,0,0.2810989858668301,0.349171446816289,0.38108880138877166
11736-11736_game_3,2025-02-15 11:09:37+00:00,LPL,0,FunPlus Phoenix,Invictus Gaming,0,0.2810989858668301,0.3200969602152117,0.3322146791949063
LOLTMNT05_111524,2025-02-15 17:12:10+00:00,LEC,1,Fnatic,Team Heretics,1,0.8140102245173586,0.7062999059590119,0.7312383437587879
LOLTMNT05_112394,2025-02-15 17:58:23+00:00,LEC,1,Team Heretics,Fnatic,0,0.1859897754826414,0.32956537629824284,0.37101383542898303
LOLTMNT05_112400,2025-02-15 18:57:18+00:00,LEC,1,G2 Esports,GiantX,1,0.7180571823140312,0.7093379149650936,0.7768367435406818
LOLTMNT05_112410,2025-02-15 19:58:48+00:00,LEC,1,GiantX,G2 Esports,0,0.2819428176859688,0.3268527342251602,0.32258733730190164
LOLTMNT02_217358,2025-02-16 06:06:32+00:00,LCK,0,Gen.G,Hanwha Life Esports,0,0.551542650628303,0.46132424798556365,0.49819979820230326
LOLTMNT02_217366,2025-02-16 07:06:00+00:00,LCK,0,Gen.G,Hanwha Life Esports,1,0.551542650628303,0.41949284134270076,0.4560222271645286
LOLTMNT02_217372,2025-02-16 08:01:28+00:00,LCK,0,Hanwha Life Esports,Gen.G,1,0.448457349371697,0.5958570956749883,0.5431590096508014
LOLTMNT02_217385,2025-02-16 08:51:09+00:00,LCK,0,Gen.G,Hanwha Life Esports,1,0.551542650628303,0.43493390390093967,0.46744959140620085
11737-11737_game_1,2025-02-16 09:24:17+00:00,LPL,0,Top Esports,LGD Gaming,1,0.743143399863306,0.6626643156046234,0.7004441818608514
LOLTMNT02_218314,2025-02-16 09:44:51+00:00,LCK,0,Hanwha Life Esports,Gen.G,1,0.448457349371697,0.5818573709747643,0.5323419662715296
11737-11737_game_2,2025-02-16 10:21:45+00:00,LPL,0,LGD Gaming,Top Esports,0,0.256856600136694,0.3720843404578683,0.31645243875068974
11737-11737_game_3,2025-02-16 11:10:52+00:00,LPL,0,LGD Gaming,Top Esports,0,0.256856600136694,0.34052551476355875,0.2904578094381296
LOLTMNT05_112512,2025-02-16 17:07:42+00:00,LEC,1,Movistar KOI,Team BDS,1,,0.5517820890910401,0.5905298488533012
LOLTMNT05_112514,2025-02-16 17:59:31+00:00,LEC,1,Team BDS,Movistar KOI,0,,0.4756773786805229,0.4513226216022885
LOLTMNT05_112521,2025-02-16 19:07:09+00:00,LEC,1,Karmine Corp,Team Vitality,1,0.6906057493746031,0.5662303288609715,0.6023896230698338
LOLTMNT05_112538,2025-02-16 19:59:43+00:00,LEC,1,Team Vitality,Karmine Corp,0,0.3093942506253969,0.46233766829448936,0.49647887819933345
LOLTMNT05_111721,2025-02-17 17:17:33+00:00,LEC,1,Fnatic,G2 Esports,0,0.5386375740949632,0.5163243952212567,0.5347612698307713
LOLTMNT05_111732,2025-02-17 18:23:54+00:00,LEC,1,Fnatic,G2 Esports,0,0.5386375740949632,0.4690837797290084,0.49047713593797604
LOLTMNT05_111735,2025-02-17 19:18:39+00:00,LEC,1,Karmine Corp,Movistar KOI,1,0.47961403713203,0.5688563120166982,0.6041157414499223
LOLTMNT05_111750,2025-02-17 20:07:22+00:00,LEC,1,Movistar KOI,Karmine Corp,0,0.52038596286797,0.4599691269301044,0.43925633918482404
LOLTMNT02_222055,2025-02-19 08:06:35+00:00,LCK,0,Hanwha Life Esports,Dplus Kia,1,0.5449108404789489,0.6340786171632056,0.6212542751662936
LOLTMNT02_222064,2025-02-19 08:57:23+00:00,LCK,0,Dplus Kia,Hanwha Life Esports,1,0.455089159521051,0.3993541170932404,0.39155448126642517
LOLTMNT02_222074,2025-02-19 09:57:34+00:00,LCK,0,Hanwha Life Esports,Dplus Kia,0,0.5449108404789489,0.6137729727933591,0.6020090094285456
LOLTMNT02_221094,2025-02-19 10:58:30+00:00,LCK,0,Hanwha Life Esports,Dplus Kia,1,0.5449108404789489,0.5591586077111614,0.5486054366749825
LOLTMNT02_221101,2025-02-19 11:52:23+00:00,LCK,0,Dplus Kia,Hanwha Life Esports,0,0.455089159521051,0.4689318752348966,0.4589919275800278
LOLTMNT02_222394,2025-02-20 08:05:22+00:00,LCK,0,Nongshim RedForce,Gen.G,0,0.2784810934492176,0.3621318000449848,0.3093052905126198
LOLTMNT02_222398,2025-02-20 09:02:48+00:00,LCK,0,Nongshim RedForce,Gen.G,0,0.2784810934492176,0.3316468379306167,0.2846415016955977
LOLTMNT02_222411,2025-02-20 10:09:08+00:00,LCK,0,Nongshim RedForce,Gen.G,1,0.2784810934492176,0.3047943412141937,0.2626116161473132
LOLTMNT02_222421,2025-02-20 11:04:59+00:00,LCK,0,Gen.G,Nongshim RedForce,0,0.7215189065507823,0.6999923193153745,0.7217928049988614
LOLTMNT02_222433,2025-02-20 12:04:46+00:00,LCK,0,Gen.G,Nongshim RedForce,1,0.7215189065507823,0.6432342634177066,0.6648508887836562
LOLTMNT02_222826,2025-02-22 06:07:03+00:00,LCK,0,Dplus Kia,Gen.G,0,0.4928688996991962,0.5369568856976097,0.4989162222216876
11763-11763_game_1,2025-02-22 06:13:58+00:00,LPL,1,JD Gaming,ThunderTalk Gaming,1,0.5742887212847627,0.6703872898419031,0.731498282256008
LOLTMNT02_222827,2025-02-22 06:51:45+00:00,LCK,0,Dplus Kia,Gen.G,0,0.4928688996991962,0.487870403931514,0.45301891885706724
11763-11763_game_2,2025-02-22 07:12:38+00:00,LPL,1,ThunderTalk Gaming,JD Gaming,1,0.4257112787152373,0.36460404944976416,0.3722797228925041
LOLTMNT02_222830,2025-02-22 07:41:41+00:00,LCK,0,Dplus Kia,Gen.G,0,0.4928688996991962,0.4434226394084879,0.4123684432417742
11763-11763_game_3,2025-02-22 08:08:39+00:00,LPL,1,JD Gaming,ThunderTalk Gaming,1,0.5742887212847627,0.6454859212820624,0.7027048855621664
11763-11763_game_4,2025-02-22 09:10:09+00:00,LPL,1,ThunderTalk Gaming,JD Gaming,0,0.4257112787152373,0.3883949309950476,0.403461346825685
11764-11764_game_1,2025-02-22 10:33:01+00:00,LPL,1,Ninjas in Pyjamas,Anyone's Legend,1,0.4524995065814965,0.46368124482185763,0.47107150786909685
11764-11764_game_2,2025-02-22 11:25:01+00:00,LPL,1,Anyone's Legend,Ninjas in Pyjamas,1,0.5475004934185035,0.5557536614170273,0.6219474259135765
11764-11764_game_3,2025-02-22 12:18:40+00:00,LPL,1,Ninjas in Pyjamas,Anyone's Legend,1,0.4524995065814965,0.472056645476081,0.4860366415517684
11764-11764_game_4,2025-02-22 13:18:59+00:00,LPL,1,Anyone's Legend,Ninjas in Pyjamas,1,0.5475004934185035,0.5481736634772215,0.6109127044255731
11764-11764_game_5,2025-02-22 14:26:44+00:00,LPL,1,Anyone's Legend,Ninjas in Pyjamas,1,0.5475004934185035,0.5954017302610147,0.6541675713394748
LOLTMNT05_114249,2025-02-22 17:08:34+00:00,LEC,1,Team Vitality,Team BDS,0,,0.5565784348898772,0.5706818709808924
LOLTMNT05_114254,2025-02-22 17:59:12+00:00,LEC,1,Team Vitality,Team BDS,1,,0.5060345098230311,0.5218487869612307
LOLTMNT05_113282,2025-02-22 18:56:49+00:00,LEC,1,Team BDS,Team Vitality,1,,0.5174873536595034,0.5777275562525396
LOLTMNT05_114277,2025-02-22 20:05:16+00:00,LEC,1,GiantX,Team Heretics,1,0.6207260755087951,0.5564827048499111,0.6037347281875897
LOLTMNT05_113307,2025-02-22 20:53:51+00:00,LEC,1,Team Heretics,GiantX,1,0.3792739244912049,0.4713283739262719,0.500874144210961
LOLTMNT05_113309,2025-02-22 21:47:15+00:00,LEC,1,GiantX,Team Heretics,1,0.6207260755087951,0.5490115967925471,0.5946850264203507
11765-11765_game_1,2025-02-23 06:13:55+00:00,LPL,1,Weibo Gaming,Bilibili Gaming,0,0.3631918510184612,0.3889586604035031,0.3865939536740466
LOLTMNT02_223033,2025-02-23 06:21:15+00:00,LCK,0,Hanwha Life Esports,Gen.G,1,0.4931612804910336,0.5808260596853224,0.5335924026999296
11765-11765_game_2,2025-02-23 07:06:58+00:00,LPL,1,Weibo Gaming,Bilibili Gaming,1,0.3631918510184612,0.35549928029181055,0.35610905810300836
LOLTMNT02_223039,2025-02-23 07:16:10+00:00,LCK,0,Gen.G,Hanwha Life Esports,1,0.5068387195089664,0.44895266858315663,0.4763942240528667
11765-11765_game_3,2025-02-23 07:57:04+00:00,LPL,1,Bilibili Gaming,Weibo Gaming,1,0.6368081489815388,0.6535598378075771,0.7212485189888829
LOLTMNT02_223046,2025-02-23 08:02:54+00:00,LCK,0,Hanwha Life Esports,Gen.G,1,0.4931612804910336,0.569068044366362,0.5248807206641561
LOLTMNT02_223059,2025-02-23 08:55:52+00:00,LCK,0,Gen.G,Hanwha Life Esports,1,0.5068387195089664,0.45980365019805247,0.48439763397261487
11765-11765_game_4,2025-02-23 08:56:35+00:00,LPL,1,Weibo Gaming,Bilibili Gaming,0,0.3631918510184612,0.38087199775219105,0.38567840719647906
LOLTMNT02_223070,2025-02-23 09:50:50+00:00,LCK,0,Hanwha Life Esports,Gen.G,1,0.4931612804910336,0.559255161825925,0.5182953475413963
11766-11766_game_1,2025-02-23 10:34:24+00:00,LPL,1,Invictus Gaming,Top Esports,0,0.4442976340982406,0.37128812822855506,0.4062566567822735
11766-11766_game_2,2025-02-23 11:40:50+00:00,LPL,1,Invictus Gaming,Top Esports,0,0.4442976340982406,0.3397161504877718,0.366422702730021
11766-11766_game_3,2025-02-23 12:55:40+00:00,LPL,1,Invictus Gaming,Top Esports,1,0.4442976340982406,0.3119022468170296,0.33468551383930467
11766-11766_game_4,2025-02-23 13:47:08+00:00,LPL,1,Top Esports,Invictus Gaming,1,0.5557023659017594,0.693482554086498,0.7287092803949116
LOLTMNT05_113346,2025-02-23 17:08:40+00:00,LEC,1,Fnatic,Team BDS,1,,0.6702491273642606,0.7022067807159169
LOLTMNT05_114349,2025-02-23 18:14:59+00:00,LEC,1,Team BDS,Fnatic,1,,0.3647939219209588,0.4057576908432222
LOLTMNT05_113358,2025-02-23 19:05:40+00:00,LEC,1,Fnatic,Team BDS,1,,0.6452587252093664,0.6790150058736883
LOLTMNT05_114381,2025-02-23 20:14:40+00:00,LEC,1,Movistar KOI,GiantX,1,0.6076542006546222,0.5956524795734311,0.6280232406980002
LOLTMNT05_114389,2025-02-23 21:10:17+00:00,LEC,1,GiantX,Movistar KOI,0,0.3923457993453778,0.4352171710125853,0.4161433931046167
11767-11767_game_1,2025-02-24 06:13:13+00:00,LPL,1,Bilibili Gaming,ThunderTalk Gaming,0,0.7015282652655941,0.7829830041960406,0.7938536417132656
11767-11767_game_2,2025-02-24 07:14:28+00:00,LPL,1,Bilibili Gaming,ThunderTalk Gaming,1,0.7015282652655941,0.7293739372844488,0.7407152154788567
11767-11767_game_3,2025-02-24 08:07:39+00:00,LPL,1,ThunderTalk Gaming,Bilibili Gaming,0,0.2984717347344058,0.3072400299939882,0.36118306205541634
11767-11767_game_4,2025-02-24 09:02:56+00:00,LPL,1,ThunderTalk Gaming,Bilibili Gaming,0,0.2984717347344058,0.2834592981269822,0.33179685256423125
11768-11768_game_1,2025-02-24 10:27:04+00:00,LPL,1,Ninjas in Pyjamas,Top Esports,1,0.4135886809398632,0.3703812423833193,0.36144414751114096
11768-11768_game_2,2025-02-24 11:26:10+00:00,LPL,1,Top Esports,Ninjas in Pyjamas,1,0.5864113190601368,0.6400181907997702,0.700958779796954
11768-11768_game_3,2025-02-24 12:35:48+00:00,LPL,1,Ninjas in Pyjamas,Top Esports,0,0.4135886809398632,0.39372884791570395,0.4036595152721932
11768-11768_game_4,2025-02-24 13:26:14+00:00,LPL,1,Ninjas in Pyjamas,Top Esports,0,0.4135886809398632,0.3597591971006756,0.36932133903518793
LOLTMNT05_113387,2025-02-24 17:11:24+00:00,LEC,1,Karmine Corp,G2 Esports,0,0.4263272890680084,0.4434289942764029,0.4474962700118118
LOLTMNT05_113388,2025-02-24 17:59:06+00:00,LEC,1,Karmine Corp,G2 Esports,1,0.4263272890680084,0.4036494023133532,0.4086500459039717
LOLTMNT05_114409,2025-02-24 18:47:56+00:00,LEC,1,G2 Esports,Karmine Corp,1,0.5736727109319916,0.6100546324294251,0.6721367182937996
LOLTMNT05_114414,2025-02-24 19:43:32+00:00,LEC,1,Karmine Corp,G2 Esports,0,0.4263272890680084,0.42178736551975876,0.43507672466247715
11769-11769_game_1,2025-02-25 09:13:19+00:00,LPL,1,JD Gaming,Anyone's Legend,0,0.5266488234539844,0.651132603855691,0.6945189535392899
11769-11769_game_2,2025-02-25 10:18:47+00:00,LPL,1,JD Gaming,Anyone's Legend,1,0.5266488234539844,0.5950861658129856,0.6354137154746269
11769-11769_game_3,2025-02-25 11:12:09+00:00,LPL,1,Anyone's Legend,JD Gaming,1,0.4733511765460155,0.4356982802959537,0.46988972234448667
11769-11769_game_4,2025-02-25 12:14:37+00:00,LPL,1,JD Gaming,Anyone's Legend,1,0.5266488234539844,0.5811046236789481,0.622000493837923
11769-11769_game_5,2025-02-25 13:21:30+00:00,LPL,1,Anyone's Legend,JD Gaming,1,0.4733511765460155,0.44867135533120234,0.4849344516696923
11770-11770_game_1,2025-02-26 09:13:46+00:00,LPL,1,Bilibili Gaming,Top Esports,1,0.6087836006573999,0.6621990199204535,0.7051951671027441
11770-11770_game_2,2025-02-26 10:08:57+00:00,LPL,1,Top Esports,Bilibili Gaming,1,0.3912163993426001,0.37263657287870944,0.40346344056656497
11770-11770_game_3,2025-02-26 11:00:57+00:00,LPL,1,Bilibili Gaming,Top Esports,0,0.6087836006573999,0.6379996309558797,0.6837378374064421
11770-11770_game_4,2025-02-26 12:01:40+00:00,LPL,1,Bilibili Gaming,Top Esports,0,0.6087836006573999,0.582283889433477,0.6331598228875462
11771-11771_game_1,2025-02-27 09:13:04+00:00,LPL,1,JD Gaming,Top Esports,1,0.4579861216540877,0.45369843826639694,0.4827428014458765
11771-11771_game_2,2025-02-27 10:14:52+00:00,LPL,1,Top Esports,JD Gaming,1,0.5420138783459123,0.564784585899676,0.6161099004740452
11771-11771_game_3,2025-02-27 11:06:50+00:00,LPL,1,JD Gaming,Top Esports,0,0.4579861216540877,0.46375071249084077,0.49326424864357044
11771-11771_game_4,2025-02-27 12:06:43+00:00,LPL,1,JD Gaming,Top Esports,0,0.4579861216540877,0.42182585766734515,0.45293824275163275
LOLTMNT05_115018,2025-02-28 17:09:33+00:00,LEC,1,Fnatic,Movistar KOI,1,0.5787530526031297,0.6030318991528097,0.63379772342759
LOLTMNT05_115019,2025-02-28 18:08:30+00:00,LEC,1,Movistar KOI,Fnatic,0,0.4212469473968702,0.42839065725616793,0.48044512735857997
LOLTMNT05_115021,2025-02-28 18:56:51+00:00,LEC,1,Movistar KOI,Fnatic,1,0.4212469473968702,0.39040305711281587,0.42300090315380784
LOLTMNT05_115027,2025-02-28 19:58:16+00:00,LEC,1,Fnatic,Movistar KOI,1,0.5787530526031297,0.621895453988203,0.6493411491426363
11772-11772_game_1,2025-03-01 09:15:09+00:00,LPL,1,Top Esports,Anyone's Legend,1,0.5319782966494896,0.6809422554597371,0.7139034986135562
11772-11772_game_2,2025-03-01 10:17:51+00:00,LPL,1,Anyone's Legend,Top Esports,1,0.4680217033505104,0.3546709585825041,0.3938198414823298
11772-11772_game_3,2025-03-01 11:13:59+00:00,LPL,1,Top Esports,Anyone's Legend,1,0.5319782966494896,0.6542675483468051,0.6895404728868506
11772-11772_game_4,2025-03-01 12:07:58+00:00,LPL,1,Anyone's Legend,Top Esports,0,0.4680217033505104,0.38021897737726557,0.4195392076228748
LOLTMNT05_115043,2025-03-01 17:08:25+00:00,LEC,1,Karmine Corp,Fnatic,1,0.4592103192167385,0.4880983700880268,0.46324392454704383
LOLTMNT05_115044,2025-03-01 18:04:33+00:00,LEC,1,Fnatic,Karmine Corp,0,0.5407896807832615,0.5336800432904819,0.6142327402014597
LOLTMNT05_115046,2025-03-01 19:10:39+00:00,LEC,1,Karmine Corp,Fnatic,0,0.4592103192167385,0.589732920760076,0.600611752902726
LOLTMNT05_116037,2025-03-01 20:05:53+00:00,LEC,1,Karmine Corp,Fnatic,0,0.4592103192167385,0.5366079204282596,0.5466058883480391
LOLTMNT05_115052,2025-03-01 21:00:04+00:00,LEC,1,Fnatic,Karmine Corp,0,0.5407896807832615,0.5871349369914473,0.6529261341661307
LOLTMNT05_116057,2025-03-02 17:13:49+00:00,LEC,1,G2 Esports,Karmine Corp,0,0.6420871076856619,0.6606993998176538,0.7196311255614756
LOLTMNT05_116059,2025-03-02 18:09:35+00:00,LEC,1,G2 Esports,Karmine Corp,0,0.6420871076856619,0.6042738791932305,0.6650592713356384
LOLTMNT05_115078,2025-03-02 19:02:17+00:00,LEC,1,Karmine Corp,G2 Esports,1,0.3579128923143381,0.5251476088067328,0.5427209467487243
11869-11869_game_1,2025-03-22 08:12:20+00:00,LPL,0,Weibo Gaming,EDward Gaming,1,0.694143,0.7912735956560786,0.7752432756858322
11870-11870_game_1,2025-03-22 09:19:15+00:00,LPL,0,Team WE,Bilibili Gaming,0,0.152086,0.11049608035667578,0.11207511653428665
11871-11871_game_1,2025-03-22 10:18:58+00:00,LPL,0,EDward Gaming,Team WE,1,0.7100839999999999,0.6575956793634167,0.56731352426087
11872-11872_game_1,2025-03-22 11:16:56+00:00,LPL,0,Bilibili Gaming,Weibo Gaming,1,0.660377,0.6571266155568033,0.6833718473036324
11873-11873_game_1,2025-03-22 12:10:53+00:00,LPL,0,Weibo Gaming,Team WE,1,0.8,0.8735011714632013,0.8009333544946751
11874-11874_game_1,2025-03-22 13:03:48+00:00,LPL,0,EDward Gaming,Bilibili Gaming,0,0.202322,0.16410284205924594,0.1493186771840331
11875-11875_game_1,2025-03-23 08:13:18+00:00,LPL,0,Invictus Gaming,LGD Gaming,1,,0.585958695142174,0.571422714187013
11876-11876_game_1,2025-03-23 09:18:04+00:00,LPL,0,LNG Esports,JD Gaming,0,0.241379,0.22779831139696533,0.24895328632956892
11877-11877_game_1,2025-03-23 10:08:44+00:00,LPL,0,LGD Gaming,LNG Esports,1,0.406404,0.6433403683814112,0.6220977288216637
11878-11878_game_1,2025-03-23 11:10:20+00:00,LPL,0,JD Gaming,Invictus Gaming,0,0.60401,0.6890802233484769,0.7208686238802513
11879-11879_game_1,2025-03-23 12:10:01+00:00,LPL,0,Invictus Gaming,LNG Esports,1,0.712871,0.763342203209934,0.7156958893734612
11880-11880_game_1,2025-03-23 13:05:12+00:00,LPL,0,LGD Gaming,JD Gaming,0,0.211409,0.3400008116133798,0.31479264109659516
11881-11881_game_1,2025-03-24 08:17:31+00:00,LPL,0,ThunderTalk Gaming,Royal Never Give Up,1,0.745763,0.7973276963259631,0.8110606315548929
11882-11882_game_1,2025-03-24 09:22:14+00:00,LPL,0,Ultra Prime,Anyone's Legend,0,0.149215,0.3082140326334536,0.29244248825852703
11883-11883_game_1,2025-03-24 10:22:18+00:00,LPL,0,Royal Never Give Up,Ultra Prime,0,0.6055280000000001,0.38080090621731366,0.4302130387099373
11884-11884_game_1,2025-03-24 11:23:06+00:00,LPL,0,Anyone's Legend,ThunderTalk Gaming,1,0.642857,0.6337853697334584,0.6770759531816465
11885-11885_game_1,2025-03-24 12:10:46+00:00,LPL,0,ThunderTalk Gaming,Ultra Prime,0,,0.663206401966968,0.6766675080715013
11886-11886_game_1,2025-03-24 13:11:32+00:00,LPL,0,Royal Never Give Up,Anyone's Legend,1,0.171429,0.15290223827783192,0.19135221503840347
11887-11887_game_1,2025-03-25 08:13:48+00:00,LPL,0,Ninjas in Pyjamas,Oh My God,1,0.747664,0.6274150522441647,0.67084220096709
11888-11888_game_1,2025-03-25 09:12:49+00:00,LPL,0,FunPlus Phoenix,Top Esports,0,0.1729319999999999,0.17068716135090226,0.1865800417935036
11889-11889_game_1,2025-03-25 10:07:00+00:00,LPL,0,Oh My God,FunPlus Phoenix,0,0.609756,0.6704749289869206,0.5802416108544616
11890-11890_game_1,2025-03-25 11:04:10+00:00,LPL,0,Top Esports,Ninjas in Pyjamas,1,0.588689,0.7018830750354913,0.7182016543559918
11891-11891_game_1,2025-03-25 11:55:10+00:00,LPL,0,Ninjas in Pyjamas,FunPlus Phoenix,1,0.764595,0.7414054268065724,0.7211540062682017
11892-11892_game_1,2025-03-25 12:55:17+00:00,LPL,0,Oh My God,Top Esports,0,0.1846149999999999,0.21791012025782222,0.193376024375388
11893-11893_game_1,2025-03-26 08:12:04+00:00,LPL,0,EDward Gaming,Weibo Gaming,0,0.2556819999999999,0.2612328610933118,0.25394174170179856
11894-11894_game_1,2025-03-26 09:18:50+00:00,LPL,0,Bilibili Gaming,Team WE,1,0.850202,0.9338018894739728,0.9257070725026556
11895-11895_game_1,2025-03-26 10:19:29+00:00,LPL,0,Weibo Gaming,Bilibili Gaming,1,0.318907,0.38480921035787424,0.3390584243603291
11896-11896_game_1,2025-03-26 11:13:34+00:00,LPL,0,Team WE,EDward Gaming,1,0.30131,0.38442712871391116,0.43137870954805574
11897-11897_game_1,2025-03-26 12:25:00+00:00,LPL,0,Bilibili Gaming,EDward Gaming,1,0.793388,0.8869387268367233,0.8878887146155728
11898-11898_game_1,2025-03-26 13:25:35+00:00,LPL,0,Team WE,Weibo Gaming,0,0.179104,0.14690582613682487,0.18504075233015127
11937-11937_game_1,2025-03-26 14:15:31+00:00,LPL,0,EDward Gaming,Team WE,0,0.69869,0.627297513448557,0.5614570306015269
11899-11899_game_1,2025-03-27 08:13:47+00:00,LPL,0,LGD Gaming,Invictus Gaming,0,,0.4034851257494334,0.3996051341410439
11900-11900_game_1,2025-03-27 09:23:33+00:00,LPL,0,JD Gaming,LNG Esports,1,0.78836,0.8430076303147424,0.8173800222471486
11901-11901_game_1,2025-03-27 10:17:42+00:00,LPL,0,Invictus Gaming,JD Gaming,1,0.512626,0.4474289892279542,0.42529434516735054
11902-11902_game_1,2025-03-27 11:16:06+00:00,LPL,0,LNG Esports,LGD Gaming,0,0.5,0.4007114364113281,0.394510486661643
11903-11903_game_1,2025-03-27 12:12:16+00:00,LPL,0,JD Gaming,LGD Gaming,1,0.760077,0.7341459930302916,0.741579499288972
11904-11904_game_1,2025-03-27 13:03:31+00:00,LPL,0,LNG Esports,Invictus Gaming,0,0.190939,0.21717390503881512,0.23742451907729584
11905-11905_game_1,2025-03-28 08:13:14+00:00,LPL,0,Royal Never Give Up,ThunderTalk Gaming,0,0.3436749999999999,0.2963886656111192,0.25545616178555175
11906-11906_game_1,2025-03-28 09:12:24+00:00,LPL,0,Anyone's Legend,Ultra Prime,1,0.79932,0.7204880554051857,0.7240233197575032
11907-11907_game_1,2025-03-28 10:10:25+00:00,LPL,0,ThunderTalk Gaming,Anyone's Legend,0,0.284211,0.4084646265861801,0.3456957203396729
11908-11908_game_1,2025-03-28 11:07:34+00:00,LPL,0,Ultra Prime,Royal Never Give Up,0,0.509284,0.7058616429545206,0.6581083419992274
11909-11909_game_1,2025-03-28 12:11:14+00:00,LPL,0,Anyone's Legend,Royal Never Give Up,1,0.833333,0.8511569313614825,0.7977449126630876
11910-11910_game_1,2025-03-28 13:23:46+00:00,LPL,0,Ultra Prime,ThunderTalk Gaming,0,,0.42412761748925587,0.40456724089426954
11958-11958_game_1,2025-03-28 14:21:24+00:00,LPL,0,Royal Never Give Up,Ultra Prime,0,0.490716,0.4325533367497676,0.4631965693805824
11911-11911_game_1,2025-03-29 08:11:36+00:00,LPL,0,Oh My God,Ninjas in Pyjamas,0,0.193548,0.36842208135266497,0.3134773437402675
11912-11912_game_1,2025-03-29 09:16:18+00:00,LPL,0,Top Esports,FunPlus Phoenix,1,0.843882,0.8801115572212108,0.8608886365752687
11913-11913_game_1,2025-03-29 10:07:29+00:00,LPL,0,Ninjas in Pyjamas,Top Esports,0,0.357143,0.34703448071303505,0.3098827173685809
11914-11914_game_1,2025-03-29 11:12:41+00:00,LPL,0,FunPlus Phoenix,Oh My God,0,0.548872,0.46449588906388783,0.5318126874453628
11915-11915_game_1,2025-03-29 12:16:38+00:00,LPL,0,Top Esports,Oh My God,1,0.855263,0.850566359261452,0.8563807432727462
11916-11916_game_1,2025-03-29 13:13:55+00:00,LPL,0,FunPlus Phoenix,Ninjas in Pyjamas,1,0.235182,0.2710277366303133,0.27561816433911934
LOLTMNT05_122323,2025-03-29 13:16:11+00:00,LEC,0,Fnatic,GiantX,1,0.7287326336114531,0.7248163383477636,0.7408958719349884
LOLTMNT05_122326,2025-03-29 14:03:24+00:00,LEC,0,GiantX,Fnatic,0,0.2712673663885468,0.31175165708026,0.27811829467337607
LOLTMNT05_122336,2025-03-29 15:31:53+00:00,LEC,0,Rogue,Team Heretics,0,,0.3209068396555903,0.3348794229960286
LOLTMNT05_121339,2025-03-29 16:28:08+00:00,LEC,0,Rogue,Team Heretics,0,,0.29515345300904694,0.2992193198607025
LOLTMNT05_122345,2025-03-29 17:19:38+00:00,LEC,0,G2 Esports,Movistar KOI,1,0.6499362664136268,0.6797847705992909,0.6540978019084878
LOLTMNT05_122355,2025-03-29 18:06:59+00:00,LEC,0,Movistar KOI,G2 Esports,1,0.3500637335863732,0.3558149400878678,0.30279762652688963
LOLTMNT05_121353,2025-03-29 19:26:02+00:00,LEC,0,Movistar KOI,G2 Esports,0,0.3500637335863732,0.41803761536163686,0.3982495327709631
11917-11917_game_1,2025-03-30 09:25:23+00:00,LPL,0,LGD Gaming,FunPlus Phoenix,0,0.584416,0.6688909409974034,0.6223053629919437
11918-11918_game_1,2025-03-30 10:43:35+00:00,LPL,0,Team WE,Ultra Prime,0,,0.3818029727850466,0.38907985386434085
11919-11919_game_1,2025-03-30 11:56:06+00:00,LPL,0,FunPlus Phoenix,Ultra Prime,1,0.5205655974558812,0.4302449307722298,0.4088105135393339
11919-11919_game_2,2025-03-30 12:50:09+00:00,LPL,0,Ultra Prime,FunPlus Phoenix,1,0.4794344025441188,0.5859995604191106,0.5693214372474436
11919-11919_game_3,2025-03-30 13:43:23+00:00,LPL,0,FunPlus Phoenix,Ultra Prime,1,0.5205655974558812,0.4441624140904037,0.4300752095135111
LOLTMNT05_122377,2025-03-30 15:08:17+00:00,LEC,0,GiantX,Team Vitality,0,0.5557868240883121,0.482407327613423,0.5117523618959225
LOLTMNT05_121383,2025-03-30 16:01:34+00:00,LEC,0,GiantX,Team Vitality,0,0.5557868240883121,0.4382667774694353,0.4516876203627511
LOLTMNT05_122381,2025-03-30 16:54:21+00:00,LEC,0,Karmine Corp,Movistar KOI,1,0.5981326938038132,0.708901364081346,0.738471952260262
LOLTMNT05_122391,2025-03-30 17:44:33+00:00,LEC,0,Movistar KOI,Karmine Corp,1,0.4018673061961867,0.3275498001393141,0.2804576743941318
LOLTMNT05_122399,2025-03-30 18:41:35+00:00,LEC,0,Karmine Corp,Movistar KOI,1,0.5981326938038132,0.678891668812158,0.6901644152810165
11920-11920_game_1,2025-03-31 09:25:16+00:00,LPL,0,Team WE,LGD Gaming,1,,0.3783552126783636,0.37374387469815096
11920-11920_game_2,2025-03-31 10:13:08+00:00,LPL,0,LGD Gaming,Team WE,0,,0.6328097271744257,0.6166602904315585
11921-11921_game_1,2025-03-31 11:16:25+00:00,LPL,0,Ultra Prime,Team WE,1,,0.6312811787873146,0.6235910300569776
11921-11921_game_2,2025-03-31 12:08:04+00:00,LPL,0,Team WE,Ultra Prime,1,,0.40194141392311156,0.38433555989234525
11921-11921_game_3,2025-03-31 12:56:51+00:00,LPL,0,Ultra Prime,Team WE,0,,0.6114951248919459,0.60119894977207
LOLTMNT05_122430,2025-03-31 15:08:49+00:00,LEC,0,Team BDS,Rogue,0,,0.8134131360260365,0.8260590988112748
LOLTMNT05_122431,2025-03-31 16:07:14+00:00,LEC,0,Rogue,Team BDS,0,,0.2959827402110371,0.27632853022146403
LOLTMNT05_121435,2025-03-31 17:02:42+00:00,LEC,0,Team BDS,Rogue,1,,0.7824359750690214,0.7845935353482432
LOLTMNT05_121441,2025-03-31 18:03:10+00:00,LEC,0,SK Gaming,Fnatic,1,0.1859897754826414,0.4441809516316837,0.4035522893662035
LOLTMNT05_121453,2025-03-31 18:52:10+00:00,LEC,0,Fnatic,SK Gaming,0,0.8140102245173586,0.5736065648024924,0.5875899126498255
LOLTMNT02_242547,2025-04-02 08:11:26+00:00,LCK,0,Hanwha Life Esports,Gen.G,0,0.5475244499408563,0.7396130416142886,0.6890338104303227
LOLTMNT02_241560,2025-04-02 09:01:28+00:00,LCK,0,Hanwha Life Esports,Gen.G,0,0.5475244499408563,0.6834364217160047,0.6331076269372151
LOLTMNT02_242586,2025-04-02 10:17:09+00:00,LCK,0,DRX,DN SOOPers,1,0.5458135428818758,0.5731069719772817,0.5630753476523924
LOLTMNT02_241605,2025-04-02 11:16:50+00:00,LCK,0,DN SOOPers,DRX,0,0.4541864571181242,0.45609350091021367,0.44463054793784834
LOLTMNT02_241948,2025-04-03 08:09:21+00:00,LCK,0,Nongshim RedForce,HANJIN BRION,1,0.6555317795441848,0.7041252115692739,0.7264175240070825
LOLTMNT02_241955,2025-04-03 09:06:27+00:00,LCK,0,HANJIN BRION,Nongshim RedForce,0,0.3444682204558151,0.3319359564165661,0.2922674888116756
LOLTMNT02_241987,2025-04-03 10:26:24+00:00,LCK,0,BNK FEARX,Dplus Kia,0,0.2275429988996521,0.224251596654404,0.21972698364814855
LOLTMNT02_243004,2025-04-03 11:16:53+00:00,LCK,0,BNK FEARX,Dplus Kia,1,0.2275429988996521,0.2098722291217452,0.205685892379338
LOLTMNT02_242946,2025-04-03 12:04:23+00:00,LCK,0,Dplus Kia,BNK FEARX,1,0.7724570011003479,0.7881134919169775,0.7792185838461753
LOLTMNT02_243218,2025-04-04 08:09:26+00:00,LCK,0,Hanwha Life Esports,KT Rolster,1,0.7738186851000997,0.8769690597850114,0.8610155898541401
LOLTMNT02_243219,2025-04-04 09:07:00+00:00,LCK,0,KT Rolster,Hanwha Life Esports,1,0.2261813148999003,0.15141050654463029,0.15742828870821143
LOLTMNT02_244146,2025-04-04 10:04:22+00:00,LCK,0,Hanwha Life Esports,KT Rolster,1,0.7738186851000997,0.8443366798906815,0.8272994481881275
LOLTMNT02_244166,2025-04-04 11:22:00+00:00,LCK,0,DRX,T1,0,0.2358386713226293,0.16407076009682017,0.14929259660737676
LOLTMNT02_243267,2025-04-04 12:16:43+00:00,LCK,0,DRX,T1,0,0.2358386713226293,0.15556229073907119,0.14209708607839994
LOLTMNT02_244356,2025-04-05 06:08:15+00:00,LCK,0,HANJIN BRION,BNK FEARX,1,0.5240732679919914,0.576599560244925,0.5057964493360443
LOLTMNT02_243459,2025-04-05 07:01:01+00:00,LCK,0,BNK FEARX,HANJIN BRION,1,0.4759267320080086,0.45276214224336053,0.49431265339311725
11965-11965_game_1,2025-04-05 07:27:43+00:00,LPL,0,FunPlus Phoenix,Invictus Gaming,1,0.2151429073061421,0.2751543910890488,0.2814711441680976
LOLTMNT02_244383,2025-04-05 07:55:21+00:00,LCK,0,HANJIN BRION,BNK FEARX,0,0.5240732679919914,0.565756252237364,0.5060711644147622
11965-11965_game_2,2025-04-05 08:28:43+00:00,LPL,0,Invictus Gaming,FunPlus Phoenix,1,0.7848570926938578,0.7271675608088678,0.6977983394009777
LOLTMNT02_243506,2025-04-05 09:06:40+00:00,LCK,0,DN SOOPers,Nongshim RedForce,0,0.2763644653683417,0.23322674224285342,0.29088137388355817
11965-11965_game_3,2025-04-05 09:43:40+00:00,LPL,0,FunPlus Phoenix,Invictus Gaming,0,0.2151429073061421,0.3093913962488758,0.3147995061121107
LOLTMNT02_244407,2025-04-05 10:14:00+00:00,LCK,0,DN SOOPers,Nongshim RedForce,0,0.2763644653683417,0.21787951046182816,0.26763100559910785
11966-11966_game_1,2025-04-05 11:03:51+00:00,LPL,0,ThunderTalk Gaming,Bilibili Gaming,0,,0.2886065055949795,0.2891778029104359
11966-11966_game_2,2025-04-05 11:52:40+00:00,LPL,0,ThunderTalk Gaming,Bilibili Gaming,0,,0.26706968129768366,0.2664015668975216
LOLTMNT06_111070,2025-04-05 12:07:02+00:00,LEC,0,Rogue,Team Vitality,1,,0.23152889691774142,0.22632545170319052
11967-11967_game_1,2025-04-05 13:07:21+00:00,LPL,0,Anyone's Legend,Top Esports,1,0.4311895886141534,0.4643281337085586,0.44163208527091957
LOLTMNT06_111072,2025-04-05 13:09:58+00:00,LEC,0,Rogue,Team Vitality,1,,0.2899063537497297,0.2941200584376132
11967-11967_game_2,2025-04-05 13:59:45+00:00,LPL,0,Top Esports,Anyone's Legend,1,0.5688104113858465,0.5551310008911008,0.5570174825155729
LOLTMNT06_110083,2025-04-05 14:08:19+00:00,LEC,0,Team BDS,Karmine Corp,0,,0.30328688924000397,0.34080790222473795
11967-11967_game_3,2025-04-05 14:56:51+00:00,LPL,0,Anyone's Legend,Top Esports,0,0.4311895886141534,0.47262316754512856,0.45048122760191467
LOLTMNT06_111090,2025-04-05 15:01:22+00:00,LEC,0,Karmine Corp,Team BDS,1,,0.7767715341361695,0.7334551178115791
LOLTMNT06_111097,2025-04-05 16:02:04+00:00,LEC,0,G2 Esports,Team Heretics,1,0.7596794227475826,0.7636177446120926,0.7838562797795854
LOLTMNT06_110120,2025-04-05 16:57:34+00:00,LEC,0,Team Heretics,G2 Esports,0,0.2403205772524173,0.27263570762011524,0.23606352349654222
LOLTMNT02_244630,2025-04-06 06:07:19+00:00,LCK,0,KT Rolster,Dplus Kia,0,0.3377608171147869,0.406345009965203,0.39426946167357874
LOLTMNT02_243751,2025-04-06 07:07:17+00:00,LCK,0,KT Rolster,Dplus Kia,0,0.3377608171147869,0.425458363771918,0.4073411410859625
11968-11968_game_1,2025-04-06 07:29:34+00:00,LPL,0,JD Gaming,Ninjas in Pyjamas,1,0.6119247999624804,0.698833993102328,0.6877405745356449
11968-11968_game_2,2025-04-06 08:29:09+00:00,LPL,0,Ninjas in Pyjamas,JD Gaming,0,0.3880752000375196,0.3373466371367481,0.3300876639481471
LOLTMNT02_243783,2025-04-06 08:29:55+00:00,LCK,0,T1,Gen.G,1,0.4200301036980453,0.5488947020197483,0.517300415612772
LOLTMNT02_244684,2025-04-06 09:29:58+00:00,LCK,0,Gen.G,T1,1,0.5799698963019547,0.4783301061885502,0.48929446039176416
11969-11969_game_1,2025-04-06 09:54:39+00:00,LPL,0,ThunderTalk Gaming,FunPlus Phoenix,1,0.6014717402689502,0.6841920174089123,0.6317430265328797
LOLTMNT02_243791,2025-04-06 10:34:47+00:00,LCK,0,T1,Gen.G,0,0.4200301036980453,0.542489598834917,0.5132395526687733
11969-11969_game_2,2025-04-06 10:51:47+00:00,LPL,0,FunPlus Phoenix,ThunderTalk Gaming,1,0.3985282597310497,0.35153881267392617,0.38212624217172314
11969-11969_game_3,2025-04-06 11:50:55+00:00,LPL,0,ThunderTalk Gaming,FunPlus Phoenix,1,0.6014717402689502,0.6571078470053305,0.6098071773383519
11970-11970_game_1,2025-04-06 13:16:00+00:00,LPL,0,Bilibili Gaming,Invictus Gaming,1,0.6183128465376279,0.7239524918486817,0.6308086414163815
11970-11970_game_2,2025-04-06 14:26:22+00:00,LPL,0,Invictus Gaming,Bilibili Gaming,0,0.3816871534623721,0.3126227031705607,0.34900452616427496
LOLTMNT06_110153,2025-04-06 15:08:21+00:00,LEC,0,Team BDS,SK Gaming,1,,0.3572486200965975,0.41641566186880036
LOLTMNT06_111152,2025-04-06 16:01:55+00:00,LEC,0,Team BDS,SK Gaming,1,,0.4190203981943065,0.47589028543337447
LOLTMNT06_111156,2025-04-06 16:56:07+00:00,LEC,0,Karmine Corp,Fnatic,1,0.5644909644945493,0.6631696647154641,0.6169834458803013
LOLTMNT06_110166,2025-04-06 17:50:46+00:00,LEC,0,Fnatic,Karmine Corp,1,0.4355090355054506,0.37176078933072876,0.39307958720934566
LOLTMNT06_110171,2025-04-06 18:48:36+00:00,LEC,0,Karmine Corp,Fnatic,0,0.5644909644945493,0.6387338917388599,0.5980313268779412
11971-11971_game_1,2025-04-07 09:24:17+00:00,LPL,0,EDward Gaming,LNG Esports,1,0.5932808897069561,0.54362525240736,0.548072688219508
11971-11971_game_2,2025-04-07 10:24:40+00:00,LPL,0,LNG Esports,EDward Gaming,1,0.4067191102930439,0.4831455800898885,0.4531188391092106
11971-11971_game_3,2025-04-07 11:27:40+00:00,LPL,0,EDward Gaming,LNG Esports,1,0.5932808897069561,0.5381726299184381,0.5382002744541167
11972-11972_game_1,2025-04-07 12:58:31+00:00,LPL,0,Top Esports,Weibo Gaming,1,0.60510828007743,0.6130035750645909,0.6169008328656193
11972-11972_game_2,2025-04-07 13:52:05+00:00,LPL,0,Weibo Gaming,Top Esports,1,0.39489171992257,0.4191238319930408,0.3936373750463083
11972-11972_game_3,2025-04-07 14:53:56+00:00,LPL,0,Top Esports,Weibo Gaming,1,0.60510828007743,0.5959171686155236,0.597856157270085
LOLTMNT06_110205,2025-04-07 15:07:35+00:00,LEC,0,GiantX,Rogue,1,0.5725355179644379,0.6558573703403617,0.6943701680437322
LOLTMNT06_110211,2025-04-07 16:25:24+00:00,LEC,0,Rogue,GiantX,0,0.4274644820355621,0.37863770408372016,0.3222600655188091
LOLTMNT06_111217,2025-04-07 17:19:50+00:00,LEC,0,Movistar KOI,Team Heretics,1,0.6645125761976114,0.6557702753888763,0.6317799703490767
LOLTMNT06_110226,2025-04-07 18:11:29+00:00,LEC,0,Team Heretics,Movistar KOI,0,0.3354874238023886,0.37866175444838496,0.38630194326932854
11973-11973_game_1,2025-04-08 09:27:33+00:00,LPL,0,FunPlus Phoenix,Top Esports,0,0.2014212187379908,0.163154193083037,0.16953744001906607
11973-11973_game_2,2025-04-08 10:12:04+00:00,LPL,0,FunPlus Phoenix,Top Esports,0,0.2014212187379908,0.1547909502543782,0.1589313218274746
11974-11974_game_1,2025-04-08 11:29:14+00:00,LPL,0,Anyone's Legend,Invictus Gaming,1,0.5113159320115794,0.61982854653439,0.6213336749663342
11974-11974_game_2,2025-04-08 12:23:53+00:00,LPL,0,Invictus Gaming,Anyone's Legend,0,0.4886840679884206,0.4126951267928054,0.3872245948362181
LOLTMNT03_218043,2025-04-09 08:10:53+00:00,LCK,0,DN SOOPers,Hanwha Life Esports,0,0.1701900879630704,0.07652233136205643,0.07879715673861674
LOLTMNT03_218051,2025-04-09 09:08:54+00:00,LCK,0,DN SOOPers,Hanwha Life Esports,1,0.1701900879630704,0.07437694710941199,0.07660265217460657
11975-11975_game_1,2025-04-09 09:29:18+00:00,LPL,0,LGD Gaming,Oh My God,0,0.5181900248812759,0.4866694910430821,0.4115510396321113
LOLTMNT03_217087,2025-04-09 10:05:44+00:00,LCK,0,Hanwha Life Esports,DN SOOPers,1,0.8298099120369296,0.921266299271361,0.9126284931265055
11975-11975_game_2,2025-04-09 10:36:16+00:00,LPL,0,LGD Gaming,Oh My God,1,0.5181900248812759,0.4423281477324969,0.3737084968302266
LOLTMNT03_218101,2025-04-09 11:19:20+00:00,LCK,0,Dplus Kia,HANJIN BRION,1,0.7408506958900773,0.7940864776077344,0.7806266233818933
11975-11975_game_3,2025-04-09 11:26:00+00:00,LPL,0,Oh My God,LGD Gaming,0,0.4818099751187241,0.5750550851995606,0.5946235503946024
LOLTMNT03_218134,2025-04-09 12:10:40+00:00,LCK,0,HANJIN BRION,Dplus Kia,0,0.2591493041099226,0.2413214346741218,0.23928283278685022
11976-11976_game_1,2025-04-09 12:46:14+00:00,LPL,0,JD Gaming,Team WE,1,0.7829523062682462,0.8376415512280457,0.8188674853125572
11976-11976_game_2,2025-04-09 13:34:10+00:00,LPL,0,Team WE,JD Gaming,0,0.2170476937317538,0.19511058408351217,0.19567879160046697
LOLTMNT03_218624,2025-04-10 08:06:04+00:00,LCK,0,BNK FEARX,DRX,1,0.4089233647282319,0.5136260925153942,0.517792785726506
LOLTMNT03_218633,2025-04-10 09:04:58+00:00,LCK,0,DRX,BNK FEARX,0,0.5910766352717681,0.5104901452585718,0.48587902778472375
11977-11977_game_1,2025-04-10 09:27:39+00:00,LPL,0,ThunderTalk Gaming,Weibo Gaming,0,0.3172601497728935,0.3609634029341148,0.30696326874794383
11977-11977_game_2,2025-04-10 10:18:50+00:00,LPL,0,ThunderTalk Gaming,Weibo Gaming,0,0.3172601497728935,0.33090079825287927,0.2822693500146482
LOLTMNT03_219187,2025-04-10 10:32:59+00:00,LCK,0,T1,KT Rolster,1,0.7276682544864529,0.7239360203062922,0.7131600716253387
LOLTMNT03_218683,2025-04-10 11:20:38+00:00,LCK,0,KT Rolster,T1,0,0.2723317455135471,0.3121847245029157,0.3052674625942283
11978-11978_game_1,2025-04-10 11:32:38+00:00,LPL,0,Bilibili Gaming,Anyone's Legend,0,0.6119247999624804,0.6687453558403057,0.6823775695938565
11978-11978_game_2,2025-04-10 12:26:31+00:00,LPL,0,Bilibili Gaming,Anyone's Legend,1,0.6119247999624804,0.6120632657800267,0.6155625682812332
11978-11978_game_3,2025-04-10 13:21:33+00:00,LPL,0,Anyone's Legend,Bilibili Gaming,1,0.3880752000375196,0.41999170946108216,0.39349784566319995
LOLTMNT03_220261,2025-04-11 08:06:10+00:00,LCK,0,HANJIN BRION,DN SOOPers,0,0.495737230054064,0.6032950377253739,0.6004403469870918
LOLTMNT03_219798,2025-04-11 08:59:22+00:00,LCK,0,HANJIN BRION,DN SOOPers,1,0.495737230054064,0.5493641125590797,0.5464065941921172
11979-11979_game_1,2025-04-11 09:25:59+00:00,LPL,0,Anyone's Legend,FunPlus Phoenix,0,0.7929274278544122,0.8639320462711094,0.860251818494517
LOLTMNT03_220286,2025-04-11 09:51:57+00:00,LCK,0,DN SOOPers,HANJIN BRION,0,0.5042627699459359,0.477885817153683,0.46004265649340687
11979-11979_game_2,2025-04-11 10:33:36+00:00,LPL,0,Anyone's Legend,FunPlus Phoenix,1,0.7929274278544122,0.8207599397347899,0.8132310935657866
LOLTMNT03_219847,2025-04-11 11:07:09+00:00,LCK,0,Gen.G,Nongshim RedForce,1,0.7473162357561465,0.7552294517079696,0.7622482411325392
11979-11979_game_3,2025-04-11 11:33:01+00:00,LPL,0,FunPlus Phoenix,Anyone's Legend,0,0.2070725721455878,0.21332902634276601,0.2062501045357902
LOLTMNT03_220342,2025-04-11 11:58:52+00:00,LCK,0,Nongshim RedForce,Gen.G,0,0.2526837642438535,0.28134985919054584,0.25756980354812437
11980-11980_game_1,2025-04-11 13:01:12+00:00,LPL,0,Invictus Gaming,Top Esports,1,0.3706797084693222,0.29064365421993144,0.2815244667264423
11980-11980_game_2,2025-04-11 13:59:01+00:00,LPL,0,Top Esports,Invictus Gaming,1,0.6293202915306777,0.7127638833785344,0.6999250208681266
11980-11980_game_3,2025-04-11 14:54:37+00:00,LPL,0,Invictus Gaming,Top Esports,1,0.3706797084693222,0.32371054838880814,0.3157236457252153
LOLTMNT03_221513,2025-04-12 06:07:11+00:00,LCK,0,Hanwha Life Esports,T1,1,0.5,0.6036163818024944,0.607654816708428
LOLTMNT03_221558,2025-04-12 07:00:01+00:00,LCK,0,T1,Hanwha Life Esports,0,0.5,0.4277204441347119,0.4056857808671109
11981-11981_game_1,2025-04-12 07:25:45+00:00,LPL,0,FunPlus Phoenix,Weibo Gaming,1,0.2570586371960447,0.2089788359870687,0.23051574051247156
11981-11981_game_2,2025-04-12 08:23:30+00:00,LPL,0,Weibo Gaming,FunPlus Phoenix,0,0.7429413628039552,0.7889222900181698,0.7471950443440761
LOLTMNT03_222019,2025-04-12 08:29:02+00:00,LCK,0,KT Rolster,BNK FEARX,1,0.5841272008905137,0.668441769624335,0.6730850105553948
LOLTMNT03_221610,2025-04-12 09:21:23+00:00,LCK,0,BNK FEARX,KT Rolster,1,0.4158727991094862,0.3664565838369382,0.34307535194028027
11982-11982_game_1,2025-04-12 09:47:09+00:00,LPL,0,Invictus Gaming,ThunderTalk Gaming,1,,0.6559780932312911,0.6187265185561343
LOLTMNT03_221634,2025-04-12 10:12:46+00:00,LCK,0,KT Rolster,BNK FEARX,1,0.5841272008905137,0.6438288909790756,0.6480939826037035
11982-11982_game_2,2025-04-12 10:36:30+00:00,LPL,0,ThunderTalk Gaming,Invictus Gaming,1,,0.37858501663090743,0.38571723527036483
11982-11982_game_3,2025-04-12 11:26:17+00:00,LPL,0,Invictus Gaming,ThunderTalk Gaming,1,,0.632591115579436,0.6012524668044424
LOLTMNT06_111761,2025-04-12 12:07:45+00:00,LEC,0,Team Heretics,Team BDS,1,,0.4040171617455055,0.3745152497709778
11983-11983_game_1,2025-04-12 12:55:24+00:00,LPL,0,Bilibili Gaming,JD Gaming,0,0.6276827994154649,0.6324300357240354,0.6468627100741798
LOLTMNT06_110675,2025-04-12 13:09:59+00:00,LEC,0,Team BDS,Team Heretics,1,,0.6097783449547913,0.6135635831610076
11983-11983_game_2,2025-04-12 13:46:44+00:00,LPL,0,Bilibili Gaming,JD Gaming,0,0.6276827994154649,0.576929006926719,0.5878404527136634
LOLTMNT06_111766,2025-04-12 14:01:50+00:00,LEC,0,Team Heretics,Team BDS,1,,0.4220105904987318,0.39716610536394575
LOLTMNT06_111775,2025-04-12 14:58:26+00:00,LEC,0,Rogue,G2 Esports,0,0.2122455781460852,0.1283679449754668,0.15263807825114378
LOLTMNT06_111817,2025-04-12 15:52:38+00:00,LEC,0,G2 Esports,Rogue,1,0.7877544218539148,0.9062016139094494,0.8837347358127787
LOLTMNT06_110736,2025-04-12 16:52:56+00:00,LEC,0,Karmine Corp,SK Gaming,1,,0.6661520375984282,0.6514158763100372
LOLTMNT06_111842,2025-04-12 17:38:38+00:00,LEC,0,SK Gaming,Karmine Corp,0,,0.36867272548165,0.35999886611477516
LOLTMNT03_222610,2025-04-13 06:06:25+00:00,LCK,0,Dplus Kia,Gen.G,1,0.3126624254671777,0.34457510927464485,0.32672845683714047
LOLTMNT03_222628,2025-04-13 06:57:19+00:00,LCK,0,Gen.G,Dplus Kia,1,0.6873375745328223,0.6634143830647623,0.6648286463798642
11984-11984_game_1,2025-04-13 07:22:45+00:00,LPL,0,Ninjas in Pyjamas,Team WE,1,,0.6826725598290158,0.6710385754577628
LOLTMNT03_222659,2025-04-13 07:49:14+00:00,LCK,0,Dplus Kia,Gen.G,0,0.3126624254671777,0.3715209606249093,0.3523860277671912
11984-11984_game_2,2025-04-13 08:22:55+00:00,LPL,0,Team WE,Ninjas in Pyjamas,0,,0.35304793995302747,0.3430622594679364
LOLTMNT03_223223,2025-04-13 09:09:40+00:00,LCK,0,Nongshim RedForce,DRX,1,0.6233837871391785,0.7623316735168894,0.756884501119501
11985-11985_game_1,2025-04-13 09:45:54+00:00,LPL,0,Top Esports,ThunderTalk Gaming,1,0.735448409438642,0.7839402362034443,0.8016757350197835
LOLTMNT03_222719,2025-04-13 10:04:04+00:00,LCK,0,DRX,Nongshim RedForce,1,0.3766162128608215,0.27404158018099634,0.262846609646902
11985-11985_game_2,2025-04-13 10:40:49+00:00,LPL,0,Top Esports,ThunderTalk Gaming,1,0.735448409438642,0.8005751096680032,0.8154122517108369
LOLTMNT03_223254,2025-04-13 10:57:45+00:00,LCK,0,Nongshim RedForce,DRX,1,0.6233837871391785,0.728208460747251,0.7235576928036543
11986-11986_game_1,2025-04-13 11:51:39+00:00,LPL,0,Anyone's Legend,Weibo Gaming,1,0.5788428021839316,0.6269877352179669,0.5983415563681114
11986-11986_game_2,2025-04-13 12:43:54+00:00,LPL,0,Weibo Gaming,Anyone's Legend,0,0.4211571978160684,0.40603122427903415,0.4099308714488037
LOLTMNT06_112003,2025-04-13 15:08:26+00:00,LEC,0,Team Vitality,Fnatic,0,0.2484920732246069,0.31915130979742273,0.2875281254244505
LOLTMNT06_110936,2025-04-13 16:09:02+00:00,LEC,0,Fnatic,Team Vitality,1,0.751507926775393,0.7649232522730676,0.7749022967793425
LOLTMNT06_110946,2025-04-13 17:00:20+00:00,LEC,0,Team BDS,Movistar KOI,0,,0.4373078634600236,0.3705479511880526
LOLTMNT06_112050,2025-04-13 17:50:05+00:00,LEC,0,Movistar KOI,Team BDS,1,,0.6714634386701867,0.7076912394267637
11987-11987_game_1,2025-04-14 09:27:01+00:00,LPL,0,Ultra Prime,Royal Never Give Up,0,0.5311282162378455,0.6237902971415146,0.5870268148048723
11987-11987_game_2,2025-04-14 10:28:28+00:00,LPL,0,Ultra Prime,Royal Never Give Up,1,0.5311282162378455,0.5687334271763955,0.531193049461528
11987-11987_game_3,2025-04-14 11:25:00+00:00,LPL,0,Royal Never Give Up,Ultra Prime,0,0.4688717837621545,0.4601139855135385,0.4714954076220262
11988-11988_game_1,2025-04-14 12:48:12+00:00,LPL,0,JD Gaming,FunPlus Phoenix,0,0.760379408509232,0.820152693516336,0.8039652016256544
11988-11988_game_2,2025-04-14 13:51:02+00:00,LPL,0,JD Gaming,FunPlus Phoenix,1,0.760379408509232,0.7702333576384763,0.7500814470708971
11988-11988_game_3,2025-04-14 14:43:04+00:00,LPL,0,FunPlus Phoenix,JD Gaming,1,0.2396205914907679,0.2661372246197535,0.2685098178255923
LOLTMNT06_110999,2025-04-14 15:07:08+00:00,LEC,0,GiantX,SK Gaming,0,0.5725355179644379,0.40585544585553757,0.3771093866055496
LOLTMNT06_112069,2025-04-14 16:04:09+00:00,LEC,0,GiantX,SK Gaming,0,0.5725355179644379,0.3702763369053914,0.3398688280123118
LOLTMNT06_112073,2025-04-14 17:04:51+00:00,LEC,0,Team Heretics,Karmine Corp,1,0.2234365199339816,0.23988049139059595,0.28829433861042025
LOLTMNT06_112088,2025-04-14 18:10:43+00:00,LEC,0,Karmine Corp,Team Heretics,1,0.7765634800660184,0.7599501022428186,0.6938880462174186
LOLTMNT06_113014,2025-04-14 19:11:08+00:00,LEC,0,Team Heretics,Karmine Corp,0,0.2234365199339816,0.2765187409311015,0.31375247543609514
11989-11989_game_1,2025-04-15 09:27:01+00:00,LPL,0,ThunderTalk Gaming,Anyone's Legend,0,0.2323462337982771,0.23633721992293152,0.20601612724129517
11989-11989_game_2,2025-04-15 10:19:59+00:00,LPL,0,ThunderTalk Gaming,Anyone's Legend,0,0.2323462337982771,0.22072518510055347,0.1932464359979767
11990-11990_game_1,2025-04-15 11:45:54+00:00,LPL,0,Invictus Gaming,Ninjas in Pyjamas,1,,0.650795178704533,0.5962675171988349
11990-11990_game_2,2025-04-15 12:56:00+00:00,LPL,0,Ninjas in Pyjamas,Invictus Gaming,1,,0.3835291067259273,0.4132459118482256
11990-11990_game_3,2025-04-15 14:00:27+00:00,LPL,0,Invictus Gaming,Ninjas in Pyjamas,0,,0.6280982816236391,0.5806482927227298
LOLTMNT03_230058,2025-04-16 08:05:15+00:00,LCK,0,T1,Nongshim RedForce,1,0.7347149399129076,0.7550420498638611,0.746726383480484
LOLTMNT03_229082,2025-04-16 09:00:40+00:00,LCK,0,Nongshim RedForce,T1,1,0.2652850600870924,0.2808490991992919,0.2722435068295506
11991-11991_game_1,2025-04-16 09:24:22+00:00,LPL,0,LGD Gaming,LNG Esports,1,0.5507307481332836,0.6178918111877058,0.6156193857583305
LOLTMNT03_229092,2025-04-16 09:52:25+00:00,LCK,0,T1,Nongshim RedForce,1,0.7347149399129076,0.7224826304363436,0.7146002850199545
11991-11991_game_2,2025-04-16 10:25:14+00:00,LPL,0,LNG Esports,LGD Gaming,0,0.4492692518667164,0.4144564087049639,0.39411098599608074
LOLTMNT03_229121,2025-04-16 11:13:00+00:00,LCK,0,BNK FEARX,Gen.G,1,,0.13455508784897557,0.12489060121907644
11992-11992_game_1,2025-04-16 11:35:49+00:00,LPL,0,Top Esports,Team WE,0,0.7929274278544121,0.8994460996437578,0.8990532458354445
LOLTMNT03_229164,2025-04-16 12:09:37+00:00,LCK,0,Gen.G,BNK FEARX,1,,0.8608085990151499,0.8589996318025676
11992-11992_game_2,2025-04-16 12:35:16+00:00,LPL,0,Top Esports,Team WE,1,0.7929274278544121,0.8639091839529953,0.8565737179045552
LOLTMNT03_229200,2025-04-16 13:02:35+00:00,LCK,0,BNK FEARX,Gen.G,0,,0.16962631822729723,0.16003464688779281
11992-11992_game_3,2025-04-16 13:37:48+00:00,LPL,0,Team WE,Top Esports,0,0.2070725721455878,0.16620279353041398,0.16108205921303095
LOLTMNT03_230485,2025-04-17 08:06:06+00:00,LCK,0,DRX,Hanwha Life Esports,0,0.1588558113866907,0.10969285045433688,0.1081459040323491
LOLTMNT03_229500,2025-04-17 08:56:44+00:00,LCK,0,DRX,Hanwha Life Esports,0,0.1588558113866907,0.10551471535688423,0.10402234702618485
11993-11993_game_1,2025-04-17 09:25:47+00:00,LPL,0,Team WE,Bilibili Gaming,0,0.1995684005611132,0.15569939831769203,0.14976536666640378
LOLTMNT03_230518,2025-04-17 10:11:54+00:00,LCK,0,HANJIN BRION,KT Rolster,0,0.4044993304056918,0.34908858320347125,0.32866762862346033
11993-11993_game_2,2025-04-17 10:21:39+00:00,LPL,0,Bilibili Gaming,Team WE,0,0.8004315994388868,0.8862199664930092,0.8817114307435853
11993-11993_game_3,2025-04-17 11:12:51+00:00,LPL,0,Bilibili Gaming,Team WE,1,0.8004315994388868,0.8475915160954272,0.8408520328326305
LOLTMNT03_229541,2025-04-17 11:17:08+00:00,LCK,0,HANJIN BRION,KT Rolster,1,0.4044993304056918,0.3201333651533285,0.3012207819289368
LOLTMNT03_230548,2025-04-17 12:08:37+00:00,LCK,0,KT Rolster,HANJIN BRION,0,0.5955006695943081,0.6859811334431654,0.6854600206720587
11994-11994_game_1,2025-04-17 12:31:29+00:00,LPL,0,Weibo Gaming,Ninjas in Pyjamas,1,0.5200280449348466,0.5954480472566929,0.5930118667964576
11994-11994_game_2,2025-04-17 13:30:15+00:00,LPL,0,Ninjas in Pyjamas,Weibo Gaming,1,0.4799719550651534,0.4354558257710817,0.4171189511058392
11994-11994_game_3,2025-04-17 14:28:43+00:00,LPL,0,Weibo Gaming,Ninjas in Pyjamas,1,0.5200280449348466,0.581191699158707,0.5783627837117781
LOLTMNT03_229809,2025-04-18 08:05:29+00:00,LCK,0,BNK FEARX,T1,0,0.2462029009469504,0.23358929010131593,0.2272614617132946
LOLTMNT03_229822,2025-04-18 09:10:00+00:00,LCK,0,BNK FEARX,T1,1,0.2462029009469504,0.21812545551113477,0.21144319234549866
11995-11995_game_1,2025-04-18 09:25:08+00:00,LPL,0,ThunderTalk Gaming,Ninjas in Pyjamas,0,,0.44559046804548125,0.37591608186801617
LOLTMNT03_230810,2025-04-18 10:05:30+00:00,LCK,0,T1,BNK FEARX,0,0.7537970990530496,0.8108333569933925,0.7990283281701872
11995-11995_game_2,2025-04-18 10:21:22+00:00,LPL,0,ThunderTalk Gaming,Ninjas in Pyjamas,1,,0.4057009962068606,0.3419519949493303
11995-11995_game_3,2025-04-18 11:09:27+00:00,LPL,0,Ninjas in Pyjamas,ThunderTalk Gaming,0,,0.6080353952320846,0.62469754605377
LOLTMNT03_230842,2025-04-18 11:20:55+00:00,LCK,0,DN SOOPers,Dplus Kia,0,0.2549453837037793,0.17243082529436982,0.19563267323867248
LOLTMNT03_230854,2025-04-18 12:10:51+00:00,LCK,0,DN SOOPers,Dplus Kia,0,0.2549453837037793,0.163247160858684,0.18342800759374864
11996-11996_game_1,2025-04-18 12:25:56+00:00,LPL,0,Invictus Gaming,JD Gaming,1,0.4302067061554069,0.3994268102436712,0.4035881766463053
11996-11996_game_2,2025-04-18 13:29:10+00:00,LPL,0,JD Gaming,Invictus Gaming,1,0.5697932938445931,0.6137403646112357,0.5808429688557306
11996-11996_game_3,2025-04-18 14:23:12+00:00,LPL,0,Invictus Gaming,JD Gaming,1,0.4302067061554069,0.418413195918723,0.4208254721319199
LOLTMNT03_231043,2025-04-19 06:05:24+00:00,LCK,0,Gen.G,HANJIN BRION,1,0.8122694423461722,0.8811428047335892,0.8722837640548281
LOLTMNT03_232041,2025-04-19 07:01:15+00:00,LCK,0,HANJIN BRION,Gen.G,0,0.1877305576538278,0.14669127197982712,0.14568433280186532
LOLTMNT03_231086,2025-04-19 08:15:16+00:00,LCK,0,Nongshim RedForce,Hanwha Life Esports,0,0.2411139136610141,0.1901764417679755,0.17601768043525723
LOLTMNT03_232068,2025-04-19 09:02:12+00:00,LCK,0,Nongshim RedForce,Hanwha Life Esports,0,0.2411139136610141,0.1789550386902282,0.16598922352973858
11997-11997_game_1,2025-04-19 09:25:35+00:00,LPL,0,EDward Gaming,Oh My God,1,0.5870027540509528,0.49934519575364317,0.46942675852385873
11997-11997_game_2,2025-04-19 10:17:40+00:00,LPL,0,Oh My God,EDward Gaming,0,0.4129972459490471,0.5234607038718541,0.5231119738772627
11998-11998_game_1,2025-04-19 11:40:30+00:00,LPL,0,Anyone's Legend,Team WE,1,0.7686513660568883,0.8816567834277254,0.8519701811504078
11998-11998_game_2,2025-04-19 12:32:55+00:00,LPL,0,Team WE,Anyone's Legend,1,0.2313486339431117,0.1461589105685954,0.1639777519579512
11998-11998_game_3,2025-04-19 13:35:00+00:00,LPL,0,Anyone's Legend,Team WE,1,0.7686513660568883,0.8493949711582314,0.8181101196639742
LOLTMNT04_107072,2025-04-19 15:08:43+00:00,LEC,0,Fnatic,Rogue,1,0.7746558617250666,0.8940681842900257,0.8943291254526825
LOLTMNT04_107075,2025-04-19 15:57:46+00:00,LEC,0,Rogue,Fnatic,0,0.2253441382749333,0.1318713827620043,0.12220889331355216
LOLTMNT04_106064,2025-04-19 16:47:35+00:00,LEC,0,Karmine Corp,GiantX,1,0.7683356655321676,0.8330192718612728,0.8015310529451293
LOLTMNT04_106078,2025-04-19 17:40:46+00:00,LEC,0,GiantX,Karmine Corp,1,0.2316643344678324,0.20012249888622938,0.21253475006563818
LOLTMNT04_107091,2025-04-19 18:45:01+00:00,LEC,0,Karmine Corp,GiantX,1,0.7683356655321676,0.7973558956443692,0.7655192237736613
LOLTMNT03_231270,2025-04-20 06:08:09+00:00,LCK,0,Dplus Kia,DRX,0,0.8046787585947359,0.8370118236992152,0.8379867721694244
LOLTMNT03_232248,2025-04-20 07:16:08+00:00,LCK,0,Dplus Kia,DRX,1,0.8046787585947359,0.7894331395009387,0.788294204111333
11999-11999_game_1,2025-04-20 07:25:44+00:00,LPL,0,LNG Esports,Ultra Prime,1,0.4304983652475381,0.39304411488038477,0.4202041115809504
LOLTMNT03_232256,2025-04-20 08:08:31+00:00,LCK,0,DRX,Dplus Kia,0,0.195321241405264,0.24627748450415624,0.23171188938749343
11999-11999_game_2,2025-04-20 08:13:34+00:00,LPL,0,Ultra Prime,LNG Esports,0,0.569501634752462,0.6195936955960749,0.5659559332305946
LOLTMNT03_231299,2025-04-20 09:24:18+00:00,LCK,0,KT Rolster,DN SOOPers,1,0.5564957620567721,0.7399197118025577,0.7052408166834254
12000-12000_game_1,2025-04-20 09:26:17+00:00,LPL,0,Bilibili Gaming,Top Esports,1,0.5266211547152163,0.5159976950324352,0.5218185939335106
12000-12000_game_2,2025-04-20 10:18:39+00:00,LPL,0,Top Esports,Bilibili Gaming,1,0.4733788452847837,0.5083321095918549,0.48371747896160283
LOLTMNT03_231301,2025-04-20 10:31:53+00:00,LCK,0,DN SOOPers,KT Rolster,0,0.4435042379432279,0.29664750885267144,0.31255523634535093
12000-12000_game_3,2025-04-20 11:17:29+00:00,LPL,0,Bilibili Gaming,Top Esports,0,0.5266211547152163,0.5152922404012558,0.5199731566840498
12001-12001_game_1,2025-04-20 12:29:46+00:00,LPL,0,FunPlus Phoenix,Ninjas in Pyjamas,1,0.4118596839699189,0.5485259178908184,0.5261323503136778
12001-12001_game_2,2025-04-20 13:19:34+00:00,LPL,0,Ninjas in Pyjamas,FunPlus Phoenix,0,0.5881403160300811,0.4786747493531779,0.47841504188724915
LOLTMNT04_107126,2025-04-20 15:08:03+00:00,LEC,0,Team Heretics,Team Vitality,1,,0.5600209399655033,0.47582751923078737
LOLTMNT04_107128,2025-04-20 16:07:56+00:00,LEC,0,Team Vitality,Team Heretics,0,,0.468104570154481,0.5073216812124755
LOLTMNT04_106127,2025-04-20 17:13:18+00:00,LEC,0,Team BDS,G2 Esports,1,,0.25903671876013695,0.2532388441369327
LOLTMNT04_107139,2025-04-20 18:14:19+00:00,LEC,0,G2 Esports,Team BDS,0,,0.7420020011376456,0.73427313569503
12002-12002_game_1,2025-04-21 09:26:04+00:00,LPL,0,JD Gaming,Weibo Gaming,0,0.6199009670766027,0.5978175020994603,0.5768299756139024
12002-12002_game_2,2025-04-21 10:35:09+00:00,LPL,0,JD Gaming,Weibo Gaming,1,0.6199009670766027,0.5441385483876928,0.5244944887736411
12002-12002_game_3,2025-04-21 11:33:01+00:00,LPL,0,Weibo Gaming,JD Gaming,1,0.3800990329233973,0.48268411165730774,0.48148871157747863
12003-12003_game_1,2025-04-21 12:44:09+00:00,LPL,0,Team WE,Invictus Gaming,0,,0.290736378634187,0.2948548485621951
12003-12003_game_2,2025-04-21 13:34:30+00:00,LPL,0,Invictus Gaming,Team WE,1,,0.7861914257097292,0.7716980904325366
LOLTMNT04_106164,2025-04-21 15:08:19+00:00,LEC,0,SK Gaming,Rogue,1,0.5961948453679592,0.8476748485084586,0.8398418290976315
LOLTMNT04_106166,2025-04-21 16:08:11+00:00,LEC,0,Rogue,SK Gaming,1,0.4038051546320408,0.18395211507248635,0.1781730530988279
LOLTMNT04_106169,2025-04-21 17:01:56+00:00,LEC,0,SK Gaming,Rogue,0,0.5961948453679592,0.812990693032081,0.8005372132123194
LOLTMNT04_106173,2025-04-21 17:55:01+00:00,LEC,0,Team Vitality,Movistar KOI,1,0.274442700411287,0.29726588862430675,0.3126453950535359
LOLTMNT04_107177,2025-04-21 18:47:43+00:00,LEC,0,Movistar KOI,Team Vitality,0,0.725557299588713,0.7068985783954606,0.6799340435324774
12004-12004_game_1,2025-04-22 09:23:12+00:00,LPL,0,Royal Never Give Up,LGD Gaming,0,0.4383949298429383,0.4068543780052162,0.362825529717603
12004-12004_game_2,2025-04-22 10:10:34+00:00,LPL,0,Royal Never Give Up,LGD Gaming,0,0.4383949298429383,0.371300731704728,0.3307938757633924
12005-12005_game_1,2025-04-22 11:28:13+00:00,LPL,0,ThunderTalk Gaming,Team WE,0,,0.6723041112263439,0.7088335566733706
12005-12005_game_2,2025-04-22 12:26:04+00:00,LPL,0,ThunderTalk Gaming,Team WE,0,,0.6155371787983545,0.635712594464683
LOLTMNT01_228752,2025-04-23 08:05:24+00:00,LCK,0,DRX,KT Rolster,0,0.4428403284229589,0.3926195509192759,0.35540470756200393
LOLTMNT01_229352,2025-04-23 09:09:16+00:00,LCK,0,DRX,KT Rolster,0,0.4428403284229589,0.3585931551272152,0.3244170327629685
12006-12006_game_1,2025-04-23 09:24:21+00:00,LPL,0,Oh My God,LNG Esports,0,0.4087923445806557,0.5520720962236106,0.4883849579929976
12006-12006_game_2,2025-04-23 10:16:06+00:00,LPL,0,Oh My God,LNG Esports,0,0.4087923445806557,0.5017104617630418,0.4412091258396197
LOLTMNT01_228803,2025-04-23 10:22:22+00:00,LCK,0,Nongshim RedForce,BNK FEARX,1,0.5235160058810782,0.5539803480137627,0.5345086188706302
LOLTMNT01_228821,2025-04-23 11:15:41+00:00,LCK,0,BNK FEARX,Nongshim RedForce,0,0.4764839941189218,0.47379890828247373,0.4705257976020996
12007-12007_game_1,2025-04-23 11:24:07+00:00,LPL,0,Top Esports,Ninjas in Pyjamas,1,0.6917160411216421,0.8214668516220788,0.8244267408725818
12007-12007_game_2,2025-04-23 12:35:31+00:00,LPL,0,Ninjas in Pyjamas,Top Esports,1,0.3082839588783578,0.21260315309940475,0.1953959500651144
12007-12007_game_3,2025-04-23 13:54:50+00:00,LPL,0,Top Esports,Ninjas in Pyjamas,1,0.6917160411216421,0.785462817722583,0.7875982611199088
LOLTMNT01_230375,2025-04-24 08:06:14+00:00,LCK,0,Gen.G,DN SOOPers,1,0.8555031787956264,0.9317980021203048,0.9285833227224198
LOLTMNT01_229915,2025-04-24 09:03:42+00:00,LCK,0,DN SOOPers,Gen.G,0,0.1444968212043735,0.08713661127186119,0.08440837148947714
12008-12008_game_1,2025-04-24 09:24:34+00:00,LPL,0,Weibo Gaming,Team WE,0,0.6979950853184238,0.7643988336395561,0.7324899741343772
LOLTMNT01_229932,2025-04-24 10:18:06+00:00,LCK,0,Hanwha Life Esports,HANJIN BRION,1,0.8197460747121892,0.9114941965149612,0.9013277798921175
12008-12008_game_2,2025-04-24 10:20:27+00:00,LPL,0,Weibo Gaming,Team WE,1,0.6979950853184238,0.7093569809539743,0.6678918638163447
LOLTMNT01_230468,2025-04-24 11:12:58+00:00,LCK,0,HANJIN BRION,Hanwha Life Esports,0,0.1802539252878108,0.11150888959179918,0.11433056654059871
12008-12008_game_3,2025-04-24 11:24:16+00:00,LPL,0,Team WE,Weibo Gaming,1,0.3020049146815762,0.32709877192516984,0.34042994334210913
12009-12009_game_1,2025-04-24 12:50:26+00:00,LPL,0,Anyone's Legend,JD Gaming,0,0.5670689228522683,0.6514901018990324,0.6239373428516942
12009-12009_game_2,2025-04-24 13:41:37+00:00,LPL,0,Anyone's Legend,JD Gaming,0,0.5670689228522683,0.5952672002728281,0.5681616819021837
LOLTMNT01_231505,2025-04-25 08:06:28+00:00,LCK,0,KT Rolster,Nongshim RedForce,0,0.430933384822051,0.525257110773597,0.5330529545127763
LOLTMNT01_232089,2025-04-25 09:00:02+00:00,LCK,0,KT Rolster,Nongshim RedForce,0,0.430933384822051,0.47731300903839496,0.4842276911747448
12010-12010_game_1,2025-04-25 09:23:28+00:00,LPL,0,Team WE,FunPlus Phoenix,1,0.442629563789481,0.43577194290994176,0.4593662948446146
LOLTMNT01_232113,2025-04-25 10:18:33+00:00,LCK,0,T1,Dplus Kia,1,0.4798884872496097,0.5790024459401046,0.5869092856661441
12010-12010_game_2,2025-04-25 10:20:14+00:00,LPL,0,FunPlus Phoenix,Team WE,1,0.557370436210519,0.5809031841543022,0.5298065911379124
12010-12010_game_3,2025-04-25 11:10:59+00:00,LPL,0,Team WE,FunPlus Phoenix,1,0.442629563789481,0.4489201272609771,0.4616306207626493
LOLTMNT01_231666,2025-04-25 11:16:32+00:00,LCK,0,Dplus Kia,T1,1,0.5201115127503904,0.4506755457058825,0.42403522539144656
LOLTMNT01_231710,2025-04-25 12:04:59+00:00,LCK,0,T1,Dplus Kia,1,0.4798884872496097,0.5674485803637818,0.5749810220649721
12011-12011_game_1,2025-04-25 12:42:12+00:00,LPL,0,Ninjas in Pyjamas,Bilibili Gaming,0,0.3008580300038134,0.2929012549024925,0.2708630497700327
12011-12011_game_2,2025-04-25 13:35:07+00:00,LPL,0,Ninjas in Pyjamas,Bilibili Gaming,0,0.3008580300038134,0.2709119000054663,0.2506642836728606
LOLTMNT01_232663,2025-04-26 06:07:29+00:00,LCK,0,DN SOOPers,BNK FEARX,1,0.3712268194807526,0.3616019553351223,0.3701684282122207
LOLTMNT01_233515,2025-04-26 07:09:50+00:00,LCK,0,BNK FEARX,DN SOOPers,1,0.6287731805192474,0.6480829024282965,0.6202384252483801
LOLTMNT01_233535,2025-04-26 07:59:46+00:00,LCK,0,DN SOOPers,BNK FEARX,0,0.3712268194807526,0.3860401515337405,0.39178476886325175
LOLTMNT01_233579,2025-04-26 09:17:00+00:00,LCK,0,DRX,Gen.G,0,0.1835566869267131,0.10886606837355076,0.1027257251038481
12012-12012_game_1,2025-04-26 09:24:24+00:00,LPL,0,Ultra Prime,EDward Gaming,1,0.3767766356550807,0.48840738369362563,0.44121682227720593
LOLTMNT01_232817,2025-04-26 10:06:26+00:00,LCK,0,DRX,Gen.G,0,0.1835566869267131,0.10472787000392801,0.0990729291943444
12012-12012_game_2,2025-04-26 10:15:45+00:00,LPL,0,EDward Gaming,Ultra Prime,1,0.6232233643449193,0.5333667638351585,0.5462686957550579
12012-12012_game_3,2025-04-26 11:04:35+00:00,LPL,0,Ultra Prime,EDward Gaming,1,0.3767766356550807,0.4925198970463832,0.4562344552319941
12013-12013_game_1,2025-04-26 12:25:03+00:00,LPL,0,ThunderTalk Gaming,JD Gaming,0,0.2645515905613579,0.26624818107332987,0.24931201221260266
12013-12013_game_2,2025-04-26 13:21:02+00:00,LPL,0,ThunderTalk Gaming,JD Gaming,1,0.2645515905613579,0.24731534197427044,0.23183633563463082
LOLTMNT04_108350,2025-04-26 13:32:18+00:00,LEC,0,GiantX,G2 Esports,1,0.2401041512063262,0.2759587975196428,0.2383206384924587
12013-12013_game_3,2025-04-26 14:15:42+00:00,LPL,0,JD Gaming,ThunderTalk Gaming,1,0.7354484094386421,0.7528550939195732,0.7518451472398948
LOLTMNT04_106786,2025-04-26 14:28:40+00:00,LEC,0,GiantX,G2 Esports,0,0.2401041512063262,0.3376819884338557,0.29792502637055773
LOLTMNT04_108362,2025-04-26 15:20:43+00:00,LEC,0,GiantX,G2 Esports,1,0.2401041512063262,0.3103557089280125,0.2748015253149046
LOLTMNT04_106797,2025-04-26 16:51:50+00:00,LEC,0,Movistar KOI,Fnatic,0,0.3322470018788714,0.38166708010185385,0.3751020479005669
LOLTMNT04_108377,2025-04-26 17:50:12+00:00,LEC,0,Movistar KOI,Fnatic,1,0.3322470018788714,0.3491524261736352,0.33822144659987485
LOLTMNT04_106812,2025-04-26 18:41:09+00:00,LEC,0,Movistar KOI,Fnatic,1,0.3322470018788714,0.41155239122235066,0.40555106361546645
LOLTMNT01_234523,2025-04-27 06:05:50+00:00,LCK,0,HANJIN BRION,T1,1,0.2462029009469504,0.20849554183740673,0.19480951657520296
LOLTMNT01_234559,2025-04-27 07:05:30+00:00,LCK,0,T1,HANJIN BRION,1,0.7537970990530496,0.7894285203105555,0.7864647292558956
12014-12014_game_1,2025-04-27 07:48:11+00:00,LPL,0,Ninjas in Pyjamas,Anyone's Legend,0,0.3079094588703688,0.2782721380522876,0.2678799232195056
LOLTMNT01_234587,2025-04-27 07:50:45+00:00,LCK,0,HANJIN BRION,T1,1,0.2462029009469504,0.24631374873529727,0.23329905271924134
12014-12014_game_2,2025-04-27 08:50:32+00:00,LPL,0,Ninjas in Pyjamas,Anyone's Legend,0,0.3079094588703688,0.25795751691760643,0.24825812280376483
LOLTMNT01_235231,2025-04-27 09:10:52+00:00,LCK,0,Dplus Kia,Hanwha Life Esports,1,0.3880443188634618,0.2808128218905235,0.2880471534548799
LOLTMNT01_235270,2025-04-27 10:09:36+00:00,LCK,0,Hanwha Life Esports,Dplus Kia,1,0.6119556811365381,0.7217507455629897,0.6996507352500443
12015-12015_game_1,2025-04-27 10:14:12+00:00,LPL,0,Weibo Gaming,Invictus Gaming,0,0.4304983652475381,0.4874137862447709,0.5172372262775412
LOLTMNT01_235289,2025-04-27 11:06:05+00:00,LCK,0,Dplus Kia,Hanwha Life Esports,0,0.3880443188634618,0.31491855121536755,0.319694422665412
12015-12015_game_2,2025-04-27 11:10:43+00:00,LPL,0,Weibo Gaming,Invictus Gaming,1,0.4304983652475381,0.44303706036826135,0.4694111494892284
12015-12015_game_3,2025-04-27 12:03:02+00:00,LPL,0,Invictus Gaming,Weibo Gaming,0,0.569501634752462,0.5743546718563662,0.5295084804019539
LOLTMNT04_106845,2025-04-27 13:19:45+00:00,LEC,0,G2 Esports,Fnatic,1,0.4982546595777532,0.4892920758682708,0.5123494370743487
12016-12016_game_1,2025-04-27 13:26:03+00:00,LPL,0,Top Esports,JD Gaming,0,0.5622990578627225,0.6127834751848236,0.6161927340795527
LOLTMNT04_108428,2025-04-27 14:15:31+00:00,LEC,0,Fnatic,G2 Esports,1,0.5017453404222467,0.5325554111108096,0.4924009660783806
12016-12016_game_2,2025-04-27 14:22:20+00:00,LPL,0,Top Esports,JD Gaming,1,0.5622990578627225,0.5582196244650214,0.5637775622792313
LOLTMNT04_106860,2025-04-27 15:11:18+00:00,LEC,0,G2 Esports,Fnatic,0,0.4982546595777532,0.49326029518035486,0.5133032375735487
12016-12016_game_3,2025-04-27 15:28:27+00:00,LPL,0,JD Gaming,Top Esports,0,0.4377009421372775,0.46979442504453006,0.44513834312312994
LOLTMNT04_106881,2025-04-27 16:42:44+00:00,LEC,0,Movistar KOI,GiantX,1,0.6677529981211286,0.679209585820524,0.7145108558583375
LOLTMNT04_108453,2025-04-27 17:49:02+00:00,LEC,0,GiantX,Movistar KOI,1,0.3322470018788713,0.3563689631080106,0.3027850642126769
LOLTMNT04_106898,2025-04-27 18:40:48+00:00,LEC,0,Movistar KOI,GiantX,1,0.6677529981211286,0.6526965072447575,0.668600092199712
12017-12017_game_1,2025-04-28 09:19:34+00:00,LPL,0,LNG Esports,Royal Never Give Up,1,0.6369003263436385,0.6501179547262398,0.6910293838361891
12017-12017_game_2,2025-04-28 10:10:45+00:00,LPL,0,Royal Never Give Up,LNG Esports,0,0.3630996736563615,0.38411760708041187,0.32481376011889784
12018-12018_game_1,2025-04-28 11:27:05+00:00,LPL,0,Bilibili Gaming,FunPlus Phoenix,0,0.7034718637332567,0.7468780450826235,0.7689185296654455
12018-12018_game_2,2025-04-28 12:19:17+00:00,LPL,0,Bilibili Gaming,FunPlus Phoenix,1,0.7034718637332567,0.6909322504466752,0.6996247298977449
12018-12018_game_3,2025-04-28 13:07:22+00:00,LPL,0,FunPlus Phoenix,Bilibili Gaming,1,0.2965281362667433,0.34505849895080565,0.3149815104593709
LOLTMNT04_108493,2025-04-28 15:08:13+00:00,LEC,0,SK Gaming,Team Heretics,0,0.4068593162037404,0.5687313256746526,0.5534869373561648
LOLTMNT04_106945,2025-04-28 16:10:12+00:00,LEC,0,Team Heretics,SK Gaming,1,0.5931406837962596,0.5582168572972633,0.5517399177479163
LOLTMNT04_108498,2025-04-28 17:09:03+00:00,LEC,0,Team Vitality,Team BDS,1,,0.4585858969208458,0.43337617708206966
LOLTMNT04_106968,2025-04-28 18:06:44+00:00,LEC,0,Team Vitality,Team BDS,0,,0.514838089018069,0.48969623219759495
LOLTMNT04_106978,2025-04-28 19:02:43+00:00,LEC,0,Team Vitality,Team BDS,1,,0.46773714136610994,0.4441093074950597
12019-12019_game_1,2025-04-29 09:25:19+00:00,LPL,0,LGD Gaming,EDward Gaming,0,0.4827217890961945,0.6221540786449667,0.6674460548139903
12019-12019_game_2,2025-04-29 10:54:28+00:00,LPL,0,LGD Gaming,EDward Gaming,1,0.4827217890961945,0.5671294497846594,0.5757677545018122
12019-12019_game_3,2025-04-29 11:44:43+00:00,LPL,0,EDward Gaming,LGD Gaming,1,0.5172782109038054,0.4616047307319044,0.4244522515833191
12021-12021_game_1,2025-04-29 13:04:27+00:00,LPL,0,Weibo Gaming,Bilibili Gaming,1,0.4077506166361413,0.47157271361646413,0.4203048243732039
12021-12021_game_2,2025-04-29 13:59:55+00:00,LPL,0,Bilibili Gaming,Weibo Gaming,1,0.5922493833638587,0.548579011508956,0.5788259500668811
12021-12021_game_3,2025-04-29 15:00:32+00:00,LPL,0,Weibo Gaming,Bilibili Gaming,1,0.4077506166361413,0.4786255546364868,0.4302356040637687
LOLTMNT01_237491,2025-04-30 08:06:00+00:00,LCK,0,Nongshim RedForce,Dplus Kia,0,0.3388664316017228,0.44890149378663696,0.39994556134376036
LOLTMNT01_237499,2025-04-30 09:05:59+00:00,LCK,0,Nongshim RedForce,Dplus Kia,1,0.3388664316017228,0.40840219268562283,0.36389095401732485
12022-12022_game_1,2025-04-30 09:22:15+00:00,LPL,0,JD Gaming,ThunderTalk Gaming,1,0.7101068596327964,0.7475448070513968,0.7493404470500319
LOLTMNT01_238025,2025-04-30 10:01:26+00:00,LCK,0,Dplus Kia,Nongshim RedForce,0,0.6611335683982772,0.6058657203188551,0.628543622673517
12022-12022_game_2,2025-04-30 10:15:15+00:00,LPL,0,ThunderTalk Gaming,JD Gaming,0,0.2898931403672036,0.28915933877510885,0.27057840079419554
LOLTMNT01_237541,2025-04-30 11:18:31+00:00,LCK,0,BNK FEARX,Hanwha Life Esports,0,0.1935837167251228,0.13652027190067906,0.13285757268525458
12023-12023_game_1,2025-04-30 11:33:38+00:00,LPL,0,Weibo Gaming,Invictus Gaming,1,0.4777633395456349,0.5833845662019838,0.5995752139443595
LOLTMNT01_238088,2025-04-30 12:15:07+00:00,LCK,0,BNK FEARX,Hanwha Life Esports,0,0.1935837167251228,0.13041153798516114,0.12690752373117206
12023-12023_game_2,2025-04-30 12:29:30+00:00,LPL,0,Invictus Gaming,Weibo Gaming,1,0.5222366604543651,0.4466264181886787,0.41154770533893803
12023-12023_game_3,2025-04-30 13:21:53+00:00,LPL,0,Weibo Gaming,Invictus Gaming,1,0.4777633395456349,0.5711088231412828,0.5846362310247181
LOLTMNT01_238405,2025-05-01 08:05:45+00:00,LCK,0,Gen.G,KT Rolster,1,0.8299421292590129,0.859799670325381,0.8326004984288614
LOLTMNT01_237861,2025-05-01 08:56:50+00:00,LCK,0,KT Rolster,Gen.G,0,0.1700578707409871,0.17068679403059225,0.18558884529825
12024-12024_game_1,2025-05-01 09:22:44+00:00,LPL,0,Top Esports,FunPlus Phoenix,1,0.6866926891964078,0.7421519308061523,0.742946242848363
LOLTMNT01_238430,2025-05-01 10:16:03+00:00,LCK,0,HANJIN BRION,DRX,0,0.559596900950342,0.5912454647344657,0.5524167956836312
12024-12024_game_2,2025-05-01 10:23:57+00:00,LPL,0,FunPlus Phoenix,Top Esports,0,0.3133073108035922,0.2946117975987037,0.27604423395592664
LOLTMNT01_237894,2025-05-01 11:04:25+00:00,LCK,0,HANJIN BRION,DRX,1,0.559596900950342,0.5380380653150709,0.5015678733081624
12025-12025_game_1,2025-05-01 11:40:41+00:00,LPL,0,Invictus Gaming,Anyone's Legend,0,0.4077506166361412,0.3952897155341693,0.3670650318730476
LOLTMNT01_237909,2025-05-01 11:55:26+00:00,LCK,0,DRX,HANJIN BRION,1,0.440403099049658,0.4882962187755877,0.502927780913007
12025-12025_game_2,2025-05-01 12:33:30+00:00,LPL,0,Invictus Gaming,Anyone's Legend,0,0.4077506166361412,0.36115972411179503,0.3344775753818355
LOLTMNT01_238751,2025-05-02 08:05:32+00:00,LCK,0,T1,DN SOOPers,1,0.8046787585947359,0.8679780999917909,0.8588284880589575
LOLTMNT01_238758,2025-05-02 08:59:08+00:00,LCK,0,DN SOOPers,T1,0,0.195321241405264,0.16153833082616711,0.15972901397884243
12026-12026_game_1,2025-05-02 09:20:14+00:00,LPL,0,Royal Never Give Up,Oh My God,1,0.531454828805833,0.4311794819155163,0.43311476869075793
LOLTMNT01_239267,2025-05-02 10:12:25+00:00,LCK,0,Hanwha Life Esports,Nongshim RedForce,1,0.758886086338986,0.8108838350121094,0.8181009562916577
12026-12026_game_2,2025-05-02 10:14:41+00:00,LPL,0,Oh My God,Royal Never Give Up,1,0.468545171194167,0.5851453379428039,0.5546484696287775
LOLTMNT01_239278,2025-05-02 11:01:02+00:00,LCK,0,Nongshim RedForce,Hanwha Life Esports,0,0.2411139136610139,0.2236405000537698,0.20223660233429197
12026-12026_game_3,2025-05-02 11:03:46+00:00,LPL,0,Royal Never Give Up,Oh My God,1,0.531454828805833,0.4449525735484185,0.44521287273479215
12027-12027_game_1,2025-05-02 12:10:07+00:00,LPL,0,Bilibili Gaming,Weibo Gaming,0,0.5504222583440261,0.48496442456134486,0.5191453980499567
12027-12027_game_2,2025-05-02 13:00:20+00:00,LPL,0,Bilibili Gaming,Weibo Gaming,1,0.5504222583440261,0.44071627805684893,0.47493570804929125
12027-12027_game_3,2025-05-02 13:48:56+00:00,LPL,0,Weibo Gaming,Bilibili Gaming,0,0.4495777416559738,0.5765978510025903,0.5256210206012439
LOLTMNT01_239481,2025-05-03 06:07:27+00:00,LCK,0,Gen.G,Dplus Kia,1,0.7367379191460782,0.7787825247451766,0.7718404874768404
LOLTMNT01_239496,2025-05-03 07:14:56+00:00,LCK,0,Gen.G,Dplus Kia,1,0.7367379191460782,0.7960636448285138,0.7886462744586521
12028-12028_game_1,2025-05-03 07:20:04+00:00,LPL,0,Ninjas in Pyjamas,Team WE,0,,0.4402694903677929,0.4664118192009403
12028-12028_game_2,2025-05-03 08:13:07+00:00,LPL,0,Ninjas in Pyjamas,Team WE,0,,0.40093496214630253,0.4220199566594563
LOLTMNT01_239535,2025-05-03 08:29:23+00:00,LCK,0,DRX,BNK FEARX,1,0.4087923445806557,0.5271980153428727,0.49668324154854615
LOLTMNT01_240045,2025-05-03 09:27:45+00:00,LCK,0,BNK FEARX,DRX,0,0.5912076554193443,0.49812610312880845,0.5065447333543996
12029-12029_game_1,2025-05-03 09:35:38+00:00,LPL,0,Bilibili Gaming,FunPlus Phoenix,1,0.6849855175011071,0.6538635216444142,0.6578154529650083
12029-12029_game_2,2025-05-03 10:29:40+00:00,LPL,0,FunPlus Phoenix,Bilibili Gaming,1,0.3150144824988928,0.3805617350783135,0.3550057958195959
12029-12029_game_3,2025-05-03 11:29:00+00:00,LPL,0,Bilibili Gaming,FunPlus Phoenix,1,0.6849855175011071,0.6308564543476766,0.6320214337067379
12030-12030_game_1,2025-05-03 13:07:29+00:00,LPL,0,Invictus Gaming,Top Esports,1,0.3981916848412337,0.29389510908944455,0.2971939032191946
12030-12030_game_2,2025-05-03 14:05:07+00:00,LPL,0,Top Esports,Invictus Gaming,1,0.6018083151587663,0.7097083530204553,0.6880673917025258
LOLTMNT05_130051,2025-05-03 15:09:16+00:00,LEC,0,Fnatic,Team BDS,1,,0.7240403365605915,0.7076360817218279
12030-12030_game_3,2025-05-03 15:09:57+00:00,LPL,0,Invictus Gaming,Top Esports,0,0.3981916848412337,0.326762119208971,0.3281936991969519
LOLTMNT05_130052,2025-05-03 16:14:25+00:00,LEC,0,Fnatic,Team BDS,1,,0.7484259721037074,0.7326994547428972
LOLTMNT05_130053,2025-05-03 17:11:00+00:00,LEC,0,Karmine Corp,Rogue,1,0.7746558617250666,0.8813672514629464,0.8508346174046182
LOLTMNT05_130060,2025-05-03 18:03:58+00:00,LEC,0,Karmine Corp,Rogue,1,0.7746558617250666,0.8874421562054914,0.8646221520844869
LOLTMNT01_240296,2025-05-04 06:06:00+00:00,LCK,0,KT Rolster,T1,0,0.2742417747173686,0.3148770773462355,0.3073897423718944
LOLTMNT01_240300,2025-05-04 06:59:50+00:00,LCK,0,KT Rolster,T1,0,0.2742417747173686,0.29021132666838273,0.2841129001650768
LOLTMNT01_239787,2025-05-04 08:20:59+00:00,LCK,0,DN SOOPers,HANJIN BRION,0,0.3764067707129649,0.3974032373719003,0.3854637946671961
LOLTMNT01_240332,2025-05-04 09:15:31+00:00,LCK,0,DN SOOPers,HANJIN BRION,1,0.3764067707129649,0.36276222289365073,0.35201217777663096
12031-12031_game_1,2025-05-04 09:19:31+00:00,LPL,0,Oh My God,Ultra Prime,0,0.4023532662131972,0.4473346372123296,0.47430126638874726
LOLTMNT01_240336,2025-05-04 10:11:37+00:00,LCK,0,HANJIN BRION,DN SOOPers,1,0.623593229287035,0.6471773659779387,0.6396394398172223
12031-12031_game_2,2025-05-04 10:12:28+00:00,LPL,0,Oh My God,Ultra Prime,1,0.4023532662131972,0.40719799803789714,0.42866713347616875
12031-12031_game_3,2025-05-04 11:06:37+00:00,LPL,0,Ultra Prime,Oh My God,0,0.5976467337868028,0.6067545747366808,0.5663880477421709
12032-12032_game_1,2025-05-04 12:26:20+00:00,LPL,0,Anyone's Legend,Top Esports,1,0.4638771529854549,0.5022726010414423,0.4743362035518518
12032-12032_game_2,2025-05-04 13:30:46+00:00,LPL,0,Top Esports,Anyone's Legend,0,0.5361228470145452,0.520788931009647,0.5285663904156495
LOLTMNT05_130075,2025-05-04 15:08:14+00:00,LEC,0,GiantX,Team BDS,1,,0.5301986722449494,0.4903244416863804
LOLTMNT05_130076,2025-05-04 16:13:46+00:00,LEC,0,GiantX,Team BDS,1,,0.579482782027763,0.5471749618410986
LOLTMNT05_131093,2025-05-04 17:09:16+00:00,LEC,0,G2 Esports,Team Vitality,1,0.6985282483236602,0.6601661007178651,0.6357600997851277
LOLTMNT05_130088,2025-05-04 17:56:46+00:00,LEC,0,G2 Esports,Team Vitality,1,0.6985282483236602,0.6932212671300073,0.678362739503293
12033-12033_game_1,2025-05-05 09:23:12+00:00,LPL,0,FunPlus Phoenix,Team WE,0,0.5,0.5454076692430939,0.5077552680730103
12033-12033_game_2,2025-05-05 10:13:57+00:00,LPL,0,FunPlus Phoenix,Team WE,0,0.5,0.4955835106415423,0.4567397971885013
12034-12034_game_1,2025-05-05 11:29:46+00:00,LPL,0,Bilibili Gaming,ThunderTalk Gaming,1,0.7686513660568882,0.7573625447672047,0.7477028233708558
12034-12034_game_2,2025-05-05 12:35:50+00:00,LPL,0,ThunderTalk Gaming,Bilibili Gaming,0,0.2313486339431117,0.2791442980584452,0.2716099998476585
LOLTMNT05_131176,2025-05-05 15:07:50+00:00,LEC,0,Fnatic,Team Heretics,1,0.7136701237087999,0.7094784286397859,0.7010053760695113
LOLTMNT05_131180,2025-05-05 15:57:04+00:00,LEC,0,Team Heretics,Fnatic,0,0.2863298762912,0.3269088265369312,0.3153593445983114
LOLTMNT05_131182,2025-05-05 16:44:05+00:00,LEC,0,Movistar KOI,SK Gaming,1,0.7218896552140898,0.6711486825798543,0.6472276454060812
LOLTMNT05_130177,2025-05-05 17:33:32+00:00,LEC,0,SK Gaming,Movistar KOI,0,0.2781103447859102,0.3640181472296195,0.30897174092801355
12035-12035_game_1,2025-05-06 09:18:06+00:00,LPL,0,Team WE,JD Gaming,0,0.3256866139690129,0.39961095996901924,0.36570042232630073
12035-12035_game_2,2025-05-06 10:25:00+00:00,LPL,0,Team WE,JD Gaming,1,0.3256866139690129,0.364986874312519,0.33169841331430955
12035-12035_game_3,2025-05-06 11:24:30+00:00,LPL,0,JD Gaming,Team WE,1,0.6743133860309871,0.6448546218034217,0.6489612739296198
12036-12036_game_1,2025-05-06 12:52:03+00:00,LPL,0,ThunderTalk Gaming,Invictus Gaming,0,,0.3658486693168207,0.3754648483637494
12036-12036_game_2,2025-05-06 13:48:37+00:00,LPL,0,ThunderTalk Gaming,Invictus Gaming,1,,0.3351902536878798,0.34009112399196695
12036-12036_game_3,2025-05-06 14:50:47+00:00,LPL,0,Invictus Gaming,ThunderTalk Gaming,1,,0.6719502698399128,0.6469602241145793
LOLTMNT02_257604,2025-05-07 08:03:23+00:00,LCK,0,BNK FEARX,HANJIN BRION,1,0.5256638708062388,0.48864405263484884,0.529520668889748
LOLTMNT02_258642,2025-05-07 08:53:24+00:00,LCK,0,HANJIN BRION,BNK FEARX,1,0.4743361291937612,0.5331629990572504,0.47486870785982654
12037-12037_game_1,2025-05-07 09:25:02+00:00,LPL,0,Ninjas in Pyjamas,Weibo Gaming,1,0.3263518223330696,0.2607718763896865,0.26459358792522314
LOLTMNT02_258663,2025-05-07 09:44:51+00:00,LCK,0,BNK FEARX,HANJIN BRION,1,0.5256638708062388,0.49270413805816504,0.5263672815182593
12037-12037_game_2,2025-05-07 10:26:21+00:00,LPL,0,Weibo Gaming,Ninjas in Pyjamas,0,0.6736481776669303,0.7403650231724298,0.7211929522387955
LOLTMNT02_258702,2025-05-07 11:02:40+00:00,LCK,0,Dplus Kia,KT Rolster,0,0.6873375745328222,0.6958959405618914,0.6884379904645815
12038-12038_game_1,2025-05-07 11:42:49+00:00,LPL,0,Bilibili Gaming,Anyone's Legend,1,0.458016666888276,0.4016172986104383,0.4242545082134608
LOLTMNT02_258765,2025-05-07 12:07:43+00:00,LCK,0,Dplus Kia,KT Rolster,0,0.6873375745328222,0.638996660762861,0.6330572412949601
12038-12038_game_2,2025-05-07 12:41:30+00:00,LPL,0,Anyone's Legend,Bilibili Gaming,0,0.541983333111724,0.6118198785041697,0.5693665262506761
LOLTMNT02_260233,2025-05-08 08:06:11+00:00,LCK,0,T1,DRX,1,0.7867602918695231,0.7691285773985802,0.7891259957418565
LOLTMNT02_259265,2025-05-08 09:02:20+00:00,LCK,0,DRX,T1,0,0.2132397081304768,0.26715517522303867,0.23130064758734759
12039-12039_game_1,2025-05-08 09:24:49+00:00,LPL,0,FunPlus Phoenix,ThunderTalk Gaming,1,0.5870027540509528,0.6258606439932332,0.6221224026723564
LOLTMNT02_260299,2025-05-08 10:16:11+00:00,LCK,0,Nongshim RedForce,Gen.G,0,0.2251970713826343,0.23100456510583905,0.21375810953598623
12039-12039_game_2,2025-05-08 10:17:34+00:00,LPL,0,ThunderTalk Gaming,FunPlus Phoenix,0,0.4129972459490471,0.40707759881607625,0.3914111886277014
LOLTMNT02_259331,2025-05-08 11:06:28+00:00,LCK,0,Nongshim RedForce,Gen.G,0,0.2251970713826343,0.21575828895371518,0.20040710637670436
12040-12040_game_1,2025-05-08 11:30:56+00:00,LPL,0,Top Esports,Ninjas in Pyjamas,1,0.7012626326311711,0.8240441786906038,0.8222567416789164
12040-12040_game_2,2025-05-08 12:22:58+00:00,LPL,0,Ninjas in Pyjamas,Top Esports,1,0.2987373673688289,0.20980311727181988,0.19735697971218144
12040-12040_game_3,2025-05-08 13:29:06+00:00,LPL,0,Top Esports,Ninjas in Pyjamas,1,0.7012626326311711,0.7881512662875898,0.7864331047246405
LOLTMNT02_259995,2025-05-09 08:06:29+00:00,LCK,0,DN SOOPers,KT Rolster,0,0.3126624254671777,0.28691707169370123,0.29977241487359724
LOLTMNT02_261033,2025-05-09 08:56:03+00:00,LCK,0,DN SOOPers,KT Rolster,0,0.3126624254671777,0.2654392420111588,0.27703331173556495
12041-12041_game_1,2025-05-09 09:20:41+00:00,LPL,0,FunPlus Phoenix,Anyone's Legend,1,0.2666705807898009,0.30793213128511754,0.28474009709176473
LOLTMNT02_260974,2025-05-09 10:06:12+00:00,LCK,0,HANJIN BRION,Hanwha Life Esports,0,0.173987299366007,0.10483812802346784,0.10783618365932966
12041-12041_game_2,2025-05-09 10:27:53+00:00,LPL,0,Anyone's Legend,FunPlus Phoenix,1,0.7333294192101991,0.6968433523453486,0.70065202038883
LOLTMNT02_260988,2025-05-09 10:58:34+00:00,LCK,0,HANJIN BRION,Hanwha Life Esports,0,0.173987299366007,0.10101407671150586,0.103605407884626
12041-12041_game_3,2025-05-09 11:17:09+00:00,LPL,0,FunPlus Phoenix,Anyone's Legend,1,0.2666705807898009,0.33931116622508367,0.3165532346113705
12042-12042_game_1,2025-05-09 12:57:28+00:00,LPL,0,Invictus Gaming,Team WE,0,,0.5427290517033939,0.5594790009250317
12042-12042_game_2,2025-05-09 13:56:12+00:00,LPL,0,Invictus Gaming,Team WE,1,,0.4931328703222547,0.5029679365940174
12042-12042_game_3,2025-05-09 14:51:43+00:00,LPL,0,Team WE,Invictus Gaming,0,,0.5290719195162826,0.4971498231542953
LOLTMNT02_262700,2025-05-10 06:05:23+00:00,LCK,0,Dplus Kia,T1,0,0.4023934654282814,0.3433491341195847,0.32977805470874505
LOLTMNT02_261703,2025-05-10 06:57:01+00:00,LCK,0,Dplus Kia,T1,0,0.4023934654282814,0.3154027508037363,0.3039085141346829
12043-12043_game_1,2025-05-10 07:27:09+00:00,LPL,0,EDward Gaming,Royal Never Give Up,1,0.6369003263436384,0.6806376618223812,0.6558612591936335
LOLTMNT02_262780,2025-05-10 08:12:35+00:00,LCK,0,Gen.G,BNK FEARX,1,0.8086402792027165,0.914564513082533,0.9094948861162482
12043-12043_game_2,2025-05-10 08:15:07+00:00,LPL,0,Royal Never Give Up,EDward Gaming,1,0.3630996736563616,0.35499269217477963,0.35400854468883963
12043-12043_game_3,2025-05-10 09:05:45+00:00,LPL,0,EDward Gaming,Royal Never Give Up,1,0.6369003263436384,0.6539463654129538,0.6316538226122781
LOLTMNT02_262815,2025-05-10 09:10:05+00:00,LCK,0,BNK FEARX,Gen.G,0,0.1913597207972834,0.1078986787891037,0.10567373968569664
12044-12044_game_1,2025-05-10 10:25:22+00:00,LPL,0,Anyone's Legend,Weibo Gaming,1,0.6079940028806023,0.6584494681250077,0.6411485880794421
12044-12044_game_2,2025-05-10 11:20:38+00:00,LPL,0,Weibo Gaming,Anyone's Legend,0,0.3920059971193976,0.3762466868659789,0.37257421312682343
12045-12045_game_1,2025-05-10 12:36:02+00:00,LPL,0,Bilibili Gaming,Team WE,1,0.7101068596327964,0.7326789225014875,0.7411527123486452
12045-12045_game_2,2025-05-10 13:36:21+00:00,LPL,0,Team WE,Bilibili Gaming,0,0.2898931403672036,0.3040002622071002,0.277379780091611
LOLTMNT05_130653,2025-05-10 15:17:02+00:00,LEC,0,SK Gaming,G2 Esports,0,0.2390887271877128,0.33871384089065737,0.31934873345030873
LOLTMNT05_130654,2025-05-10 16:08:33+00:00,LEC,0,G2 Esports,SK Gaming,1,0.7609112728122872,0.7496760595732069,0.7523031420968795
LOLTMNT05_131696,2025-05-10 18:24:32+00:00,LEC,0,Team Vitality,Karmine Corp,0,0.2316643344678325,0.25567801618010827,0.25598441213482964
LOLTMNT05_131697,2025-05-10 19:16:52+00:00,LEC,0,Team Vitality,Karmine Corp,1,0.2316643344678325,0.23779330351676684,0.2353457984177655
LOLTMNT05_131698,2025-05-10 20:20:57+00:00,LEC,0,Karmine Corp,Team Vitality,1,0.7683356655321675,0.7618924602483901,0.744622383953509
LOLTMNT02_263347,2025-05-11 06:05:43+00:00,LCK,0,Nongshim RedForce,DN SOOPers,1,0.7367379191460782,0.8339911476218936,0.7818633632998422
LOLTMNT02_263369,2025-05-11 07:10:44+00:00,LCK,0,DN SOOPers,Nongshim RedForce,1,0.2632620808539218,0.1988869240180143,0.23801400522643962
12046-12046_game_1,2025-05-11 07:24:10+00:00,LPL,0,LGD Gaming,Ultra Prime,1,,0.5999212252554271,0.6054651972528835
LOLTMNT02_263396,2025-05-11 07:59:03+00:00,LCK,0,Nongshim RedForce,DN SOOPers,0,0.7367379191460782,0.7987064152224984,0.7469434445274264
12046-12046_game_2,2025-05-11 08:18:54+00:00,LPL,0,Ultra Prime,LGD Gaming,1,,0.41716986209221335,0.3847250171844617
12046-12046_game_3,2025-05-11 09:10:18+00:00,LPL,0,LGD Gaming,Ultra Prime,1,,0.5977215947889152,0.59501839603583
LOLTMNT02_264288,2025-05-11 09:23:56+00:00,LCK,0,Hanwha Life Esports,DRX,1,0.8314019574423607,0.9115606274880339,0.9070280123585928
LOLTMNT02_263459,2025-05-11 10:14:45+00:00,LCK,0,DRX,Hanwha Life Esports,0,0.1685980425576393,0.1114009203884789,0.10841015638886606
12047-12047_game_1,2025-05-11 10:28:33+00:00,LPL,0,Weibo Gaming,ThunderTalk Gaming,1,0.7202952340499482,0.7095575807422758,0.739851435570364
12047-12047_game_2,2025-05-11 11:25:21+00:00,LPL,0,ThunderTalk Gaming,Weibo Gaming,1,0.2797047659500517,0.32689875364480137,0.2794946999249981
12047-12047_game_3,2025-05-11 12:17:07+00:00,LPL,0,Weibo Gaming,ThunderTalk Gaming,0,0.7202952340499482,0.6794937623599163,0.6951558609698684
12048-12048_game_1,2025-05-11 13:30:04+00:00,LPL,0,Top Esports,JD Gaming,1,0.5650435701627678,0.5726998266994703,0.5806334734231012
12048-12048_game_2,2025-05-11 14:24:53+00:00,LPL,0,JD Gaming,Top Esports,0,0.4349564298372322,0.45648738038313225,0.43024104783188893
LOLTMNT05_130721,2025-05-11 15:13:45+00:00,LEC,0,SK Gaming,Team Vitality,0,0.4273058018711646,0.49122029892947205,0.4763378105179035
LOLTMNT05_131763,2025-05-11 16:11:30+00:00,LEC,0,Team Vitality,SK Gaming,1,0.5726941981288354,0.6265873234113486,0.6209785073899416
LOLTMNT05_131765,2025-05-11 17:22:16+00:00,LEC,0,G2 Esports,Karmine Corp,1,0.460959326953714,0.47591873683525515,0.4875740276387844
LOLTMNT05_130732,2025-05-11 18:19:31+00:00,LEC,0,Karmine Corp,G2 Esports,1,0.539040673046286,0.5446487354890196,0.5126266374338494
LOLTMNT05_130733,2025-05-11 19:12:55+00:00,LEC,0,G2 Esports,Karmine Corp,0,0.460959326953714,0.48222028912371423,0.49148540241499433
12049-12049_game_1,2025-05-12 09:23:06+00:00,LPL,0,ThunderTalk Gaming,Anyone's Legend,0,0.2170476937317538,0.23327583631955545,0.20428815783672008
12049-12049_game_2,2025-05-12 10:18:39+00:00,LPL,0,ThunderTalk Gaming,Anyone's Legend,0,0.2170476937317538,0.2179459268993382,0.1920476725002907
12050-12050_game_1,2025-05-12 11:32:20+00:00,LPL,0,Ninjas in Pyjamas,FunPlus Phoenix,1,0.4845310646266488,0.4008913187485115,0.4054036823467373
12050-12050_game_2,2025-05-12 12:33:31+00:00,LPL,0,FunPlus Phoenix,Ninjas in Pyjamas,0,0.5154689353733511,0.6124061110011547,0.589329707846911
LOLTMNT05_130766,2025-05-12 15:07:44+00:00,LEC,0,Team Heretics,GiantX,0,0.4609593269537139,0.5442014671326632,0.5182813629311961
LOLTMNT05_131798,2025-05-12 15:57:46+00:00,LEC,0,Team Heretics,GiantX,0,0.4609593269537139,0.49448453757627964,0.46889826647034705
LOLTMNT05_131801,2025-05-12 16:51:21+00:00,LEC,0,Rogue,Movistar KOI,0,0.2047373092215958,0.20719508749855114,0.22921951314935987
LOLTMNT05_131808,2025-05-12 17:43:15+00:00,LEC,0,Rogue,Movistar KOI,0,0.2047373092215958,0.1945731919544561,0.17270730023465822
12051-12051_game_1,2025-05-13 09:18:18+00:00,LPL,0,Bilibili Gaming,Ninjas in Pyjamas,1,0.7298030217565579,0.786688290926665,0.7909008449397585
12051-12051_game_2,2025-05-13 10:20:10+00:00,LPL,0,Ninjas in Pyjamas,Bilibili Gaming,1,0.2701969782434421,0.2491316359787359,0.22962180184876885
12051-12051_game_3,2025-05-13 11:12:19+00:00,LPL,0,Bilibili Gaming,Ninjas in Pyjamas,1,0.7298030217565579,0.751244242868584,0.7549798177917755
12052-12052_game_1,2025-05-13 12:27:51+00:00,LPL,0,Invictus Gaming,JD Gaming,1,0.4211571978160684,0.46236213395740006,0.47053725051755213
12052-12052_game_2,2025-05-13 13:19:33+00:00,LPL,0,JD Gaming,Invictus Gaming,0,0.5788428021839316,0.5568968528804669,0.5249067871647544
LOLTMNT05_131854,2025-05-13 18:08:09+00:00,LEC,0,Team Heretics,Team Vitality,1,,0.502630711950616,0.47175783556007084
LOLTMNT02_265983,2025-05-14 08:04:35+00:00,LCK,0,BNK FEARX,Nongshim RedForce,1,0.4615609385665337,0.42030374370811646,0.4189588344841041
LOLTMNT02_265989,2025-05-14 08:57:26+00:00,LCK,0,Nongshim RedForce,BNK FEARX,1,0.5384390614334662,0.5949338521780515,0.5772560873047112
12053-12053_game_1,2025-05-14 09:18:47+00:00,LPL,0,Weibo Gaming,JD Gaming,0,0.4277674992800164,0.41008064833184943,0.4203656958622152
LOLTMNT02_265995,2025-05-14 09:46:11+00:00,LCK,0,BNK FEARX,Nongshim RedForce,0,0.4615609385665337,0.4359164278031576,0.43319066741676104
12053-12053_game_2,2025-05-14 10:28:33+00:00,LPL,0,Weibo Gaming,JD Gaming,0,0.4277674992800164,0.3742378383912036,0.3840215215991016
LOLTMNT02_266810,2025-05-14 10:57:54+00:00,LCK,0,DRX,Dplus Kia,0,0.3061759525894639,0.4417650981582705,0.39813634902697537
12054-12054_game_1,2025-05-14 11:46:04+00:00,LPL,0,Top Esports,Team WE,1,0.7235722017130934,0.784440064426079,0.7899093670034437
LOLTMNT02_267069,2025-05-14 12:02:24+00:00,LCK,0,DRX,Dplus Kia,1,0.3061759525894639,0.4022458035264844,0.36239530717025276
12054-12054_game_2,2025-05-14 12:35:00+00:00,LPL,0,Team WE,Top Esports,0,0.2764277982869065,0.251565742145286,0.22941413380547163
LOLTMNT02_267104,2025-05-14 13:03:21+00:00,LCK,0,Dplus Kia,DRX,1,0.693824047410536,0.6112316399240826,0.6286075221240309
LOLTMNT02_268237,2025-05-15 08:06:53+00:00,LCK,0,KT Rolster,Hanwha Life Esports,0,0.2265715009765916,0.15509235533178892,0.16197507742631553
LOLTMNT02_268242,2025-05-15 09:01:56+00:00,LCK,0,KT Rolster,Hanwha Life Esports,1,0.2265715009765916,0.14739581945181268,0.15375014010208893
12055-12055_game_1,2025-05-15 09:23:22+00:00,LPL,0,Anyone's Legend,Ninjas in Pyjamas,1,0.7057829506465721,0.7622887336631791,0.7588996579062903
LOLTMNT02_268252,2025-05-15 09:54:38+00:00,LCK,0,Hanwha Life Esports,KT Rolster,0,0.7734284990234084,0.8482239022995609,0.8316720337692466
12055-12055_game_2,2025-05-15 10:15:49+00:00,LPL,0,Ninjas in Pyjamas,Anyone's Legend,1,0.2942170493534278,0.274228914189447,0.26123540211659096
LOLTMNT02_268294,2025-05-15 11:18:14+00:00,LCK,0,T1,HANJIN BRION,1,0.7315146057087164,0.8492565512390271,0.838071959283119
12055-12055_game_3,2025-05-15 11:24:09+00:00,LPL,0,Anyone's Legend,Ninjas in Pyjamas,1,0.7057829506465721,0.7278977286359807,0.7259037530896639
LOLTMNT02_268312,2025-05-15 12:18:56+00:00,LCK,0,HANJIN BRION,T1,1,0.2684853942912836,0.18241598484805618,0.18122096032332685
12056-12056_game_1,2025-05-15 12:43:50+00:00,LPL,0,Team WE,ThunderTalk Gaming,1,,0.6386489621443702,0.5933030912608613
LOLTMNT02_268334,2025-05-15 13:15:17+00:00,LCK,0,T1,HANJIN BRION,1,0.7315146057087164,0.8142728854369017,0.8027578200126146
12056-12056_game_2,2025-05-15 13:35:55+00:00,LPL,0,ThunderTalk Gaming,Team WE,0,,0.39504848498652945,0.41103845180803916
LOLTMNT02_268539,2025-05-16 08:07:23+00:00,LCK,0,Dplus Kia,BNK FEARX,1,0.6485310883464873,0.6781870750172486,0.6830037361876321
LOLTMNT02_267792,2025-05-16 09:02:03+00:00,LCK,0,BNK FEARX,Dplus Kia,0,0.3514689116535127,0.3573813519573632,0.33423801091975597
12057-12057_game_1,2025-05-16 09:18:58+00:00,LPL,0,FunPlus Phoenix,JD Gaming,0,0.3249249717671094,0.39977491688831307,0.39364808141415664
12057-12057_game_2,2025-05-16 10:12:23+00:00,LPL,0,FunPlus Phoenix,JD Gaming,0,0.3249249717671094,0.3651339018903009,0.35917483241382153
LOLTMNT02_267812,2025-05-16 10:15:50+00:00,LCK,0,DN SOOPers,Gen.G,0,0.1563880096034537,0.0684057537411619,0.06809143532417092
LOLTMNT02_267818,2025-05-16 11:02:23+00:00,LCK,0,DN SOOPers,Gen.G,0,0.1563880096034537,0.0666499194548026,0.06655432380394805
12058-12058_game_1,2025-05-16 11:26:07+00:00,LPL,0,Invictus Gaming,Ninjas in Pyjamas,1,,0.6684780474660508,0.615571508921755
12058-12058_game_2,2025-05-16 12:27:25+00:00,LPL,0,Ninjas in Pyjamas,Invictus Gaming,0,,0.3666858188279064,0.39699191416016383
LOLTMNT02_267967,2025-05-17 06:06:29+00:00,LCK,0,DRX,Nongshim RedForce,0,0.3572922464358556,0.4269447509642548,0.39945058426783864
LOLTMNT02_267969,2025-05-17 06:58:31+00:00,LCK,0,DRX,Nongshim RedForce,1,0.3572922464358556,0.38904628089553034,0.3639629197628934
LOLTMNT02_268713,2025-05-17 07:47:44+00:00,LCK,0,Nongshim RedForce,DRX,1,0.6427077535641443,0.6232219251533354,0.629734817097171
LOLTMNT02_268769,2025-05-17 09:01:31+00:00,LCK,0,KT Rolster,HANJIN BRION,1,0.6262248026887167,0.7380102171342996,0.7279002049532799
12059-12059_game_1,2025-05-17 09:22:23+00:00,LPL,0,Weibo Gaming,Top Esports,0,0.3133073108035922,0.21212065468652871,0.21666770564681448
LOLTMNT02_268811,2025-05-17 09:53:30+00:00,LCK,0,HANJIN BRION,KT Rolster,1,0.3737751973112833,0.29862010718619797,0.2910567350398213
12059-12059_game_2,2025-05-17 10:15:47+00:00,LPL,0,Weibo Gaming,Top Esports,0,0.3133073108035922,0.19907346576210577,0.202646741080029
LOLTMNT02_269084,2025-05-17 10:41:19+00:00,LCK,0,KT Rolster,HANJIN BRION,1,0.6262248026887167,0.7054970109482984,0.6969551668568044
12060-12060_game_1,2025-05-17 11:40:13+00:00,LPL,0,JD Gaming,Bilibili Gaming,1,0.4035662914267801,0.4548424031138199,0.43272334257475886
12060-12060_game_2,2025-05-17 12:35:04+00:00,LPL,0,Bilibili Gaming,JD Gaming,0,0.5964337085732199,0.563705885408106,0.5622875624073053
LOLTMNT02_269294,2025-05-18 06:04:32+00:00,LCK,0,Hanwha Life Esports,DN SOOPers,1,0.843388518365666,0.9386206005217316,0.9299888957264602
LOLTMNT02_270047,2025-05-18 07:02:00+00:00,LCK,0,DN SOOPers,Hanwha Life Esports,0,0.156611481634334,0.07887549762641373,0.08268423118524666
LOLTMNT02_269313,2025-05-18 08:21:01+00:00,LCK,0,Gen.G,T1,1,0.6357990998847839,0.7348042232719434,0.7211275215071138
LOLTMNT02_270074,2025-05-18 09:22:19+00:00,LCK,0,T1,Gen.G,0,0.3642009001152161,0.30194937489735185,0.2988115602413052
12061-12061_game_1,2025-05-18 09:23:03+00:00,LPL,0,ThunderTalk Gaming,Top Esports,0,0.2032541745289519,0.13797892488498162,0.1267401106891308
12061-12061_game_2,2025-05-18 10:13:57+00:00,LPL,0,ThunderTalk Gaming,Top Esports,1,0.2032541745289519,0.13175578431656734,0.1214141970918087
12061-12061_game_3,2025-05-18 11:03:50+00:00,LPL,0,Top Esports,ThunderTalk Gaming,1,0.7967458254710481,0.8635405074382204,0.8573059818480455
12062-12062_game_1,2025-05-18 12:18:32+00:00,LPL,0,Team WE,Anyone's Legend,0,0.3008580300038135,0.3231235599871048,0.3284447626407654
12062-12062_game_2,2025-05-18 13:12:14+00:00,LPL,0,Team WE,Anyone's Legend,0,0.3008580300038135,0.2975367723253547,0.29995200014873014
12063-12063_game_1,2025-05-19 09:21:06+00:00,LPL,0,Weibo Gaming,FunPlus Phoenix,1,0.5663799870871713,0.533088148833043,0.49741825721621075
12063-12063_game_2,2025-05-19 10:19:56+00:00,LPL,0,FunPlus Phoenix,Weibo Gaming,0,0.4336200129128287,0.49274633296576126,0.4983296788171902
12064-12064_game_1,2025-05-19 11:35:36+00:00,LPL,0,JD Gaming,Ninjas in Pyjamas,1,0.6866926891964078,0.7716183707196058,0.7579425804777102
12064-12064_game_2,2025-05-19 12:29:53+00:00,LPL,0,Ninjas in Pyjamas,JD Gaming,0,0.3133073108035922,0.2647522727483458,0.2622853781131861
12065-12065_game_1,2025-05-20 09:23:51+00:00,LPL,0,Invictus Gaming,FunPlus Phoenix,1,0.7109723110152166,0.761795056553971,0.7457751010114612
12065-12065_game_2,2025-05-20 10:27:00+00:00,LPL,0,FunPlus Phoenix,Invictus Gaming,0,0.2890276889847833,0.2747921270254813,0.2718660370988467
12066-12066_game_1,2025-05-20 11:54:23+00:00,LPL,0,Bilibili Gaming,Top Esports,1,0.4827217890961945,0.445293681981962,0.4551949633881948
12066-12066_game_2,2025-05-20 12:49:30+00:00,LPL,0,Top Esports,Bilibili Gaming,0,0.5172782109038054,0.5723358278830383,0.5448069484796079
LOLTMNT03_241129,2025-05-21 08:06:27+00:00,LCK,0,Gen.G,Hanwha Life Esports,1,0.6233837871391785,0.6170907894402325,0.6238829403159715
LOLTMNT03_241144,2025-05-21 08:57:00+00:00,LCK,0,Hanwha Life Esports,Gen.G,1,0.3766162128608215,0.41530270785438406,0.39034922082956186
12067-12067_game_1,2025-05-21 09:21:59+00:00,LPL,0,Anyone's Legend,JD Gaming,0,0.5129902560847158,0.5434564769613386,0.515451570099379
LOLTMNT03_241162,2025-05-21 10:07:37+00:00,LCK,0,Gen.G,Hanwha Life Esports,1,0.6233837871391785,0.5993678109950195,0.607175906565466
12067-12067_game_2,2025-05-21 10:26:48+00:00,LPL,0,Anyone's Legend,JD Gaming,0,0.5129902560847158,0.4937929038705501,0.4673796242811534
LOLTMNT03_241226,2025-05-21 11:23:37+00:00,LCK,0,DN SOOPers,DRX,0,0.441398337083046,0.4000161637375607,0.3937179093881533
12068-12068_game_1,2025-05-21 11:37:36+00:00,LPL,0,Bilibili Gaming,Invictus Gaming,1,0.6244492282154968,0.5980193527105097,0.578937187369033
LOLTMNT03_240814,2025-05-21 12:20:07+00:00,LCK,0,DRX,DN SOOPers,1,0.5586016629169539,0.7016070207660937,0.6877466952450203
12068-12068_game_2,2025-05-21 12:31:27+00:00,LPL,0,Invictus Gaming,Bilibili Gaming,1,0.3755507717845032,0.4330663116569073,0.42146905884877367
12068-12068_game_3,2025-05-21 13:25:25+00:00,LPL,0,Bilibili Gaming,Invictus Gaming,1,0.6244492282154968,0.5833544403129862,0.5653682609083956
LOLTMNT03_242206,2025-05-22 08:07:11+00:00,LCK,0,HANJIN BRION,Dplus Kia,1,0.2975713438930076,0.38282584064954184,0.36054846384139694
LOLTMNT03_242218,2025-05-22 08:56:33+00:00,LCK,0,Dplus Kia,HANJIN BRION,0,0.7024286561069923,0.6287232106530065,0.6324594713947371
12069-12069_game_1,2025-05-22 09:21:14+00:00,LPL,0,Team WE,Weibo Gaming,1,0.4211571978160686,0.5100673825231155,0.5118995504509829
12069-12069_game_2,2025-05-22 10:10:36+00:00,LPL,0,Weibo Gaming,Team WE,0,0.5788428021839314,0.5137591877524217,0.48793564745242973
LOLTMNT03_241674,2025-05-22 10:12:41+00:00,LCK,0,T1,BNK FEARX,1,0.7308794763750301,0.8356925352623987,0.8183034677971714
LOLTMNT03_242254,2025-05-22 11:01:39+00:00,LCK,0,BNK FEARX,T1,0,0.2691205236249698,0.19725532558406778,0.20137895449665003
12070-12070_game_1,2025-05-22 11:31:05+00:00,LPL,0,ThunderTalk Gaming,Ninjas in Pyjamas,1,,0.4572000408478644,0.44251831961988886
12070-12070_game_2,2025-05-22 12:29:00+00:00,LPL,0,Ninjas in Pyjamas,ThunderTalk Gaming,0,,0.5615646846077239,0.5466111479566683
LOLTMNT03_243096,2025-05-23 08:07:24+00:00,LCK,0,Gen.G,DRX,1,0.8633037768474681,0.922007135189346,0.9195250376733023
LOLTMNT03_242638,2025-05-23 08:55:39+00:00,LCK,0,DRX,Gen.G,0,0.1366962231525319,0.09900234945981622,0.09464794254970967
LOLTMNT03_243145,2025-05-23 10:20:15+00:00,LCK,0,Nongshim RedForce,KT Rolster,0,0.4804820862281148,0.4017539548682749,0.40110358563793486
LOLTMNT03_243166,2025-05-23 11:16:42+00:00,LCK,0,Nongshim RedForce,KT Rolster,1,0.4804820862281148,0.36639011092677587,0.366174601283273
LOLTMNT03_242726,2025-05-23 12:06:13+00:00,LCK,0,KT Rolster,Nongshim RedForce,1,0.5195179137718852,0.6440904700810088,0.6261596061938942
LOLTMNT03_244183,2025-05-24 06:04:59+00:00,LCK,0,Hanwha Life Esports,Dplus Kia,0,0.7330882976266391,0.8561221039204481,0.8313855245608168
LOLTMNT03_243654,2025-05-24 06:57:37+00:00,LCK,0,Hanwha Life Esports,Dplus Kia,1,0.7330882976266391,0.8115107271210584,0.7845729415647262
LOLTMNT03_243679,2025-05-24 07:49:35+00:00,LCK,0,Hanwha Life Esports,Dplus Kia,0,0.7330882976266391,0.8248212891536147,0.7992047203417048
LOLTMNT03_244289,2025-05-24 09:07:30+00:00,LCK,0,DN SOOPers,T1,0,0.1895892202783276,0.12649019888336108,0.1276773011045224
12423-12423_game_1,2025-05-24 09:13:08+00:00,LPL,1,Invictus Gaming,EDward Gaming,1,0.7000158734956919,0.8102431596425771,0.835836948933161
LOLTMNT03_243757,2025-05-24 09:55:14+00:00,LCK,0,DN SOOPers,T1,0,0.1895892202783276,0.12113822909337896,0.12215108442743285
12423-12423_game_2,2025-05-24 10:12:33+00:00,LPL,1,EDward Gaming,Invictus Gaming,0,0.299984126504308,0.22454602981975894,0.24905139826455464
12423-12423_game_3,2025-05-24 11:15:11+00:00,LPL,1,EDward Gaming,Invictus Gaming,0,0.299984126504308,0.21019918821002684,0.23304577125529416
LOLTMNT06_121629,2025-05-24 15:09:25+00:00,LEC,1,Fnatic,G2 Esports,1,0.5213871395096105,0.6382654831068476,0.6423977867095678
LOLTMNT06_120664,2025-05-24 15:58:13+00:00,LEC,1,G2 Esports,Fnatic,1,0.4786128604903895,0.39541167574030645,0.471087344338411
LOLTMNT06_121630,2025-05-24 16:46:47+00:00,LEC,1,Fnatic,G2 Esports,0,0.5213871395096105,0.6173288421366062,0.6255093242656745
LOLTMNT06_121631,2025-05-24 17:41:57+00:00,LEC,1,Fnatic,G2 Esports,0,0.5213871395096105,0.5625229383134662,0.5758619288644503
LOLTMNT03_245295,2025-05-25 06:04:05+00:00,LCK,0,HANJIN BRION,Nongshim RedForce,1,0.3974382143944526,0.5493443427923516,0.47521745483815825
LOLTMNT03_244865,2025-05-25 06:59:30+00:00,LCK,0,Nongshim RedForce,HANJIN BRION,1,0.6025617856055474,0.5454340258889158,0.5856479170207305
LOLTMNT03_245333,2025-05-25 07:47:29+00:00,LCK,0,HANJIN BRION,Nongshim RedForce,0,0.3974382143944526,0.4815102898076381,0.4233110885385922
LOLTMNT03_244928,2025-05-25 09:10:27+00:00,LCK,0,BNK FEARX,KT Rolster,1,0.3444682204558151,0.29571247662377403,0.28240785835081733
12424-12424_game_1,2025-05-25 09:12:59+00:00,LPL,1,FunPlus Phoenix,Ninjas in Pyjamas,1,0.4724042784100673,0.5460695253920138,0.5769192339105902
LOLTMNT03_244951,2025-05-25 10:01:46+00:00,LCK,0,KT Rolster,BNK FEARX,1,0.6555317795441848,0.7080956410372657,0.705530039039552
12424-12424_game_2,2025-05-25 10:02:34+00:00,LPL,1,Ninjas in Pyjamas,FunPlus Phoenix,1,0.5275957215899327,0.48092022998580575,0.5312006840325478
12424-12424_game_3,2025-05-25 10:54:05+00:00,LPL,1,FunPlus Phoenix,Ninjas in Pyjamas,1,0.4724042784100673,0.5401276510751436,0.5720149469527794
LOLTMNT03_244968,2025-05-25 11:00:15+00:00,LCK,0,BNK FEARX,KT Rolster,0,0.3444682204558151,0.328293783511026,0.31292944124002553
12424-12424_game_4,2025-05-25 11:45:31+00:00,LPL,1,Ninjas in Pyjamas,FunPlus Phoenix,1,0.5275957215899327,0.4863502897083499,0.5355989584320244
12424-12424_game_5,2025-05-25 12:52:50+00:00,LPL,1,Ninjas in Pyjamas,FunPlus Phoenix,0,0.5275957215899327,0.5402156051221841,0.585773828854613
LOLTMNT06_120697,2025-05-25 15:08:50+00:00,LEC,1,Karmine Corp,Movistar KOI,0,0.6159138990867249,0.6213024867693093,0.690008396155824
LOLTMNT06_121661,2025-05-25 16:00:56+00:00,LEC,1,Karmine Corp,Movistar KOI,1,0.6159138990867249,0.56629045046704,0.6295353676466181
LOLTMNT06_121662,2025-05-25 17:02:36+00:00,LEC,1,Movistar KOI,Karmine Corp,1,0.3840861009132751,0.462384960216937,0.4769765032196236
LOLTMNT06_120702,2025-05-25 17:58:24+00:00,LEC,1,Karmine Corp,Movistar KOI,1,0.6159138990867249,0.5568728278034283,0.6153192652991115
LOLTMNT06_121664,2025-05-25 18:55:37+00:00,LEC,1,Movistar KOI,Karmine Corp,1,0.3840861009132751,0.4710304360142505,0.4916500779655823
12425-12425_game_1,2025-05-26 09:13:19+00:00,LPL,1,Team WE,LGD Gaming,1,,0.6720471217146023,0.69053321642472
12425-12425_game_2,2025-05-26 10:12:45+00:00,LPL,1,LGD Gaming,Team WE,1,,0.363264518133198,0.41752346255138856
12425-12425_game_3,2025-05-26 11:04:42+00:00,LPL,1,Team WE,LGD Gaming,1,,0.6464310131624328,0.6697009834113126
12425-12425_game_4,2025-05-26 11:54:41+00:00,LPL,1,LGD Gaming,Team WE,0,,0.3876846575864095,0.439556347066882
LOLTMNT06_120738,2025-05-26 15:09:11+00:00,LEC,1,Movistar KOI,G2 Esports,0,0.4207740366786316,0.5234530742206123,0.5306107479855856
LOLTMNT06_121704,2025-05-26 16:01:51+00:00,LEC,1,Movistar KOI,G2 Esports,0,0.4207740366786316,0.47557102718530164,0.4809802827358845
LOLTMNT06_121705,2025-05-26 17:06:57+00:00,LEC,1,Movistar KOI,G2 Esports,1,0.4207740366786316,0.4324353772494264,0.437822824646338
LOLTMNT06_121707,2025-05-26 18:02:13+00:00,LEC,1,G2 Esports,Movistar KOI,1,0.5792259633213683,0.5839038353494245,0.6451690457435861
12426-12426_game_1,2025-05-27 09:12:26+00:00,LPL,1,Weibo Gaming,ThunderTalk Gaming,1,0.6532038068634167,0.5504841643268744,0.6163174880601957
12426-12426_game_2,2025-05-27 10:13:49+00:00,LPL,1,ThunderTalk Gaming,Weibo Gaming,0,0.3467961931365833,0.47688271439446267,0.48919221453270895
12426-12426_game_3,2025-05-27 11:05:18+00:00,LPL,1,ThunderTalk Gaming,Weibo Gaming,0,0.3467961931365833,0.43360736629086627,0.44660174098402955
LOLTMNT03_248140,2025-05-28 08:03:32+00:00,LCK,0,BNK FEARX,DN SOOPers,1,0.6265994145979298,0.6692662964544974,0.6483278665355593
LOLTMNT03_248153,2025-05-28 09:00:47+00:00,LCK,0,DN SOOPers,BNK FEARX,1,0.3734005854020702,0.36591062634844673,0.3667661021056797
LOLTMNT03_247772,2025-05-28 09:51:09+00:00,LCK,0,BNK FEARX,DN SOOPers,1,0.6265994145979298,0.6440547084221616,0.6256169201954773
LOLTMNT03_248249,2025-05-28 11:13:02+00:00,LCK,0,T1,Hanwha Life Esports,0,0.4379528369356088,0.4558639912316163,0.43026481130186645
LOLTMNT03_250029,2025-05-28 12:09:20+00:00,LCK,0,T1,Hanwha Life Esports,0,0.4379528369356088,0.41484610634697,0.39244176199941927
LOLTMNT03_250487,2025-05-29 08:06:13+00:00,LCK,0,DRX,HANJIN BRION,1,0.4339219775965773,0.5771586390506659,0.5839988386623323
LOLTMNT03_251392,2025-05-29 09:05:43+00:00,LCK,0,HANJIN BRION,DRX,1,0.5660780224034228,0.4523254891124294,0.42551696221812735
LOLTMNT03_250553,2025-05-29 10:13:03+00:00,LCK,0,DRX,HANJIN BRION,1,0.4339219775965773,0.5660488292328554,0.5719860983184762
LOLTMNT03_251520,2025-05-29 11:54:37+00:00,LCK,0,KT Rolster,Gen.G,0,0.2117297610448028,0.17473734712912284,0.18690680211308947
LOLTMNT03_251552,2025-05-29 12:41:11+00:00,LCK,0,KT Rolster,Gen.G,1,0.2117297610448028,0.16531471452284066,0.1753499717009641
LOLTMNT03_250721,2025-05-29 13:33:57+00:00,LCK,0,Gen.G,KT Rolster,1,0.7882702389551972,0.830756305735834,0.8085106150239776
LOLTMNT03_251983,2025-05-30 08:06:20+00:00,LCK,0,Nongshim RedForce,T1,1,0.28863253905581,0.3455109964529325,0.33160039337923475
LOLTMNT03_251998,2025-05-30 08:56:17+00:00,LCK,0,T1,Nongshim RedForce,0,0.71136746094419,0.6625679299307204,0.6589113745319188
LOLTMNT03_253051,2025-05-30 10:17:54+00:00,LCK,0,Dplus Kia,DN SOOPers,1,0.7867602918695231,0.8311824581796702,0.8060776231791733
LOLTMNT03_252111,2025-05-30 11:22:37+00:00,LCK,0,DN SOOPers,Dplus Kia,1,0.2132397081304768,0.20213144932167068,0.214377620959054
LOLTMNT03_252143,2025-05-30 12:17:09+00:00,LCK,0,Dplus Kia,DN SOOPers,1,0.7867602918695231,0.7954227558317685,0.7703382129969102
LOLTMNT03_253463,2025-05-31 06:05:53+00:00,LCK,0,KT Rolster,DRX,1,0.6925889635507587,0.6790491190921962,0.6963105642553912
12427-12427_game_1,2025-05-31 06:22:44+00:00,LPL,1,Top Esports,FunPlus Phoenix,0,0.7574241250830193,0.8137285399966941,0.8405404292196478
LOLTMNT03_252517,2025-05-31 06:59:05+00:00,LCK,0,DRX,KT Rolster,0,0.3074110364492413,0.35645748636637886,0.3211211907780502
12427-12427_game_2,2025-05-31 07:10:55+00:00,LPL,1,Top Esports,FunPlus Phoenix,1,0.7574241250830193,0.762982009402488,0.7943443906812125
12427-12427_game_3,2025-05-31 08:02:56+00:00,LPL,1,FunPlus Phoenix,Top Esports,0,0.2425758749169807,0.2735891233473652,0.3026975928661906
LOLTMNT03_252540,2025-05-31 08:16:20+00:00,LCK,0,HANJIN BRION,Gen.G,0,0.180253925287811,0.10390847387496965,0.10720764275336765
12427-12427_game_4,2025-05-31 08:55:52+00:00,LPL,1,FunPlus Phoenix,Top Esports,0,0.2425758749169807,0.25383806440574447,0.28228929171479966
LOLTMNT03_253497,2025-05-31 09:12:30+00:00,LCK,0,HANJIN BRION,Gen.G,0,0.180253925287811,0.10015512865620047,0.10303522052410474
12428-12428_game_1,2025-05-31 10:18:11+00:00,LPL,1,Bilibili Gaming,Invictus Gaming,1,0.6247776669225863,0.5962061632892063,0.6358541374601037
12428-12428_game_2,2025-05-31 11:11:00+00:00,LPL,1,Invictus Gaming,Bilibili Gaming,0,0.3752223330774137,0.4347523024304578,0.47013455270997856
12428-12428_game_3,2025-05-31 12:13:37+00:00,LPL,1,Invictus Gaming,Bilibili Gaming,0,0.3752223330774137,0.39606833930935736,0.42863047522438147
LOLTMNT06_122265,2025-05-31 15:08:33+00:00,LEC,1,Fnatic,GiantX,1,0.7042261545665661,0.672655827497855,0.7393916770537061
LOLTMNT06_122266,2025-05-31 16:05:21+00:00,LEC,1,GiantX,Fnatic,0,0.2957738454334339,0.36268242830841513,0.36510138646072055
LOLTMNT06_123271,2025-05-31 16:59:13+00:00,LEC,1,GiantX,Fnatic,1,0.2957738454334339,0.3324154119737387,0.3375687896891455
LOLTMNT06_122267,2025-05-31 17:52:53+00:00,LEC,1,Fnatic,GiantX,1,0.7042261545665661,0.6744628740107467,0.7351014942072708
LOLTMNT03_253707,2025-06-01 06:05:16+00:00,LCK,0,Hanwha Life Esports,BNK FEARX,1,0.794932257628429,0.9040405018985085,0.8985207059992437
12429-12429_game_1,2025-06-01 06:12:53+00:00,LPL,1,Anyone's Legend,Team WE,1,0.7016993879567955,0.6811204405769727,0.7155787315847814
LOLTMNT03_253709,2025-06-01 06:54:26+00:00,LCK,0,BNK FEARX,Hanwha Life Esports,0,0.205067742371571,0.12031233866248203,0.11768471915692981
12429-12429_game_2,2025-06-01 07:02:47+00:00,LPL,1,Team WE,Anyone's Legend,0,0.2983006120432044,0.35450563784187583,0.39097996290355663
12429-12429_game_3,2025-06-01 07:57:31+00:00,LPL,1,Team WE,Anyone's Legend,0,0.2983006120432044,0.3251739258159812,0.36015324412868405
LOLTMNT03_252905,2025-06-01 08:07:40+00:00,LCK,0,Dplus Kia,Nongshim RedForce,1,0.5626166807084513,0.5038791259132737,0.5342706502852872
LOLTMNT03_253750,2025-06-01 09:00:11+00:00,LCK,0,Nongshim RedForce,Dplus Kia,1,0.4373833192915487,0.519335047847326,0.4712769716985347
12430-12430_game_1,2025-06-01 09:19:24+00:00,LPL,1,JD Gaming,Weibo Gaming,1,0.6274046494363639,0.802923799008736,0.8058640317588226
LOLTMNT03_252965,2025-06-01 09:49:07+00:00,LCK,0,Dplus Kia,Nongshim RedForce,1,0.5626166807084513,0.5053022649402695,0.5310514288460572
12430-12430_game_2,2025-06-01 10:13:08+00:00,LPL,1,Weibo Gaming,JD Gaming,1,0.3725953505636361,0.23227510425626732,0.290405507870524
12430-12430_game_3,2025-06-01 11:17:00+00:00,LPL,1,JD Gaming,Weibo Gaming,1,0.6274046494363639,0.7669204323709188,0.7740668160404195
12430-12430_game_4,2025-06-01 12:15:55+00:00,LPL,1,Weibo Gaming,JD Gaming,1,0.3725953505636361,0.26957343261001476,0.3288005037105058
12430-12430_game_5,2025-06-01 13:41:33+00:00,LPL,1,Weibo Gaming,JD Gaming,1,0.3725953505636361,0.33109548631065233,0.3911640730588743
LOLTMNT06_122354,2025-06-01 15:08:14+00:00,LEC,1,Karmine Corp,Team Heretics,1,0.7465916416453651,0.7434653346193358,0.7451783479935594
LOLTMNT06_123341,2025-06-01 16:22:30+00:00,LEC,1,Team Heretics,Karmine Corp,1,0.2534083583546349,0.29324724887305176,0.3554591608503462
LOLTMNT06_122355,2025-06-01 17:24:12+00:00,LEC,1,Karmine Corp,Team Heretics,1,0.7465916416453651,0.7103494306170746,0.7181784478509357
LOLTMNT06_123342,2025-06-01 18:16:17+00:00,LEC,1,Team Heretics,Karmine Corp,0,0.2534083583546349,0.3260961029525586,0.3864366590272558
12431-12431_game_1,2025-06-02 09:14:46+00:00,LPL,1,Top Esports,Bilibili Gaming,0,0.4392748375947007,0.44577667250647696,0.48135934560673943
12431-12431_game_2,2025-06-02 10:06:45+00:00,LPL,1,Top Esports,Bilibili Gaming,0,0.4392748375947007,0.40586135118304134,0.4427470561028926
12431-12431_game_3,2025-06-02 11:03:03+00:00,LPL,1,Top Esports,Bilibili Gaming,0,0.4392748375947007,0.37049833632584656,0.4079816057030477
LOLTMNT06_122364,2025-06-02 15:08:07+00:00,LEC,1,Karmine Corp,Fnatic,1,0.5212768717848422,0.5525286678725073,0.5671521308893632
LOLTMNT06_122365,2025-06-02 16:02:53+00:00,LEC,1,Fnatic,Karmine Corp,0,0.4787231282151578,0.47501095271569765,0.5385526947179263
LOLTMNT06_122368,2025-06-02 16:50:00+00:00,LEC,1,Fnatic,Karmine Corp,0,0.4787231282151578,0.431934756486846,0.49315694172415847
12432-12432_game_1,2025-06-03 09:17:15+00:00,LPL,1,Anyone's Legend,Weibo Gaming,1,0.6384076839384571,0.7060908392837397,0.7342223920169066
12432-12432_game_2,2025-06-03 10:13:12+00:00,LPL,1,Weibo Gaming,Anyone's Legend,1,0.3615923160615428,0.33026395034823536,0.37185068283433226
12432-12432_game_3,2025-06-03 11:12:38+00:00,LPL,1,Anyone's Legend,Weibo Gaming,1,0.6384076839384571,0.6764564843116423,0.7075060921208066
12432-12432_game_4,2025-06-03 12:07:45+00:00,LPL,1,Weibo Gaming,Anyone's Legend,0,0.3615923160615428,0.35901419306853527,0.4007368000098427
LOLTMNT03_255081,2025-06-04 08:08:19+00:00,LCK,0,Dplus Kia,KT Rolster,1,0.5446735414898006,0.4595839344201671,0.4721154387347082
LOLTMNT03_255086,2025-06-04 09:11:25+00:00,LCK,0,KT Rolster,Dplus Kia,1,0.4553264585101993,0.5594169872937014,0.528525449967194
12433-12433_game_1,2025-06-04 09:13:56+00:00,LPL,1,FunPlus Phoenix,Invictus Gaming,0,0.3503506007977957,0.30504736417424455,0.3410187375084753
12433-12433_game_2,2025-06-04 10:05:26+00:00,LPL,1,FunPlus Phoenix,Invictus Gaming,1,0.3503506007977957,0.2816452778850247,0.3157612111568064
LOLTMNT03_254398,2025-06-04 10:08:43+00:00,LCK,0,Dplus Kia,KT Rolster,0,0.5446735414898006,0.468691872606877,0.47885186511282485
12433-12433_game_3,2025-06-04 11:02:20+00:00,LPL,1,Invictus Gaming,FunPlus Phoenix,1,0.6496493992022043,0.720983701068071,0.7519636600567168
12433-12433_game_4,2025-06-04 11:52:57+00:00,LPL,1,FunPlus Phoenix,Invictus Gaming,1,0.3503506007977957,0.3156751515369509,0.3518731313323909
12433-12433_game_5,2025-06-04 12:58:40+00:00,LPL,1,Invictus Gaming,FunPlus Phoenix,1,0.6496493992022043,0.6897262811147744,0.7238273326812414
12434-12434_game_1,2025-06-05 09:13:17+00:00,LPL,1,Team WE,JD Gaming,1,0.2901748494666801,0.33007766133797795,0.35714773334417627
12434-12434_game_2,2025-06-05 10:06:47+00:00,LPL,1,JD Gaming,Team WE,1,0.70982515053332,0.6765749884078799,0.7153393717793599
12434-12434_game_3,2025-06-05 10:56:15+00:00,LPL,1,Team WE,JD Gaming,1,0.2901748494666801,0.3589356504748263,0.39052939170354456
12434-12434_game_4,2025-06-05 11:51:22+00:00,LPL,1,JD Gaming,Team WE,0,0.70982515053332,0.6503349582896583,0.6902145903823463
LOLTMNT01_250089,2025-06-07 06:06:28+00:00,LCK,1,KT Rolster,Dplus Kia,1,0.6027406867903898,0.6455101965954195,0.6616816375725636
LOLTMNT01_249121,2025-06-07 07:16:41+00:00,LCK,1,Dplus Kia,KT Rolster,0,0.3972593132096101,0.3885563238891728,0.45028247270136296
LOLTMNT01_249126,2025-06-07 08:07:34+00:00,LCK,1,Dplus Kia,KT Rolster,0,0.3972593132096101,0.355221968058902,0.4159793030967764
12435-12435_game_1,2025-06-07 09:13:36+00:00,LPL,1,Weibo Gaming,Invictus Gaming,1,0.4946395892780069,0.4627982489891457,0.5433982508149263
12435-12435_game_2,2025-06-07 10:13:10+00:00,LPL,1,Invictus Gaming,Weibo Gaming,1,0.5053604107219931,0.5564995553378169,0.5603315084922424
12435-12435_game_3,2025-06-07 11:06:49+00:00,LPL,1,Weibo Gaming,Invictus Gaming,0,0.4946395892780069,0.4713726578887569,0.5483218430710348
12435-12435_game_4,2025-06-07 12:04:26+00:00,LPL,1,Weibo Gaming,Invictus Gaming,0,0.4946395892780069,0.42868222817960216,0.5047924849487447
LOLTMNT06_122390,2025-06-07 15:09:59+00:00,LEC,1,Movistar KOI,Karmine Corp,0,0.371829197387867,0.41256411694429185,0.4471088421072672
LOLTMNT06_122394,2025-06-07 16:02:13+00:00,LEC,1,Movistar KOI,Karmine Corp,1,0.371829197387867,0.37643684250359055,0.4093398689109139
LOLTMNT06_123396,2025-06-07 17:01:12+00:00,LEC,1,Karmine Corp,Movistar KOI,0,0.628170802612133,0.6344779398061446,0.6759455209559648
LOLTMNT06_122396,2025-06-07 17:49:22+00:00,LEC,1,Karmine Corp,Movistar KOI,1,0.628170802612133,0.5788573618674515,0.6232304379932497
LOLTMNT06_123397,2025-06-07 18:35:43+00:00,LEC,1,Movistar KOI,Karmine Corp,1,0.371829197387867,0.45081270736770945,0.48574246611790206
LOLTMNT01_249476,2025-06-08 06:07:06+00:00,LCK,1,Nongshim RedForce,KT Rolster,0,0.4254736711643276,0.37200041362344705,0.42161129121207586
LOLTMNT01_250305,2025-06-08 06:57:09+00:00,LCK,1,Nongshim RedForce,KT Rolster,0,0.4254736711643276,0.3406048442817034,0.38893363128635117
LOLTMNT01_250311,2025-06-08 07:46:53+00:00,LCK,1,Nongshim RedForce,KT Rolster,0,0.4254736711643276,0.31295109517328973,0.35978912600170915
12436-12436_game_1,2025-06-08 09:13:22+00:00,LPL,1,Top Esports,Team WE,1,0.6837839493074066,0.6373459093299166,0.7105844059515621
12436-12436_game_2,2025-06-08 10:04:55+00:00,LPL,1,Team WE,Top Esports,1,0.3162160506925934,0.396286332932145,0.39668341791048
12436-12436_game_3,2025-06-08 10:53:18+00:00,LPL,1,Top Esports,Team WE,1,0.6837839493074066,0.6165301629852179,0.6861961192933721
12436-12436_game_4,2025-06-08 11:46:19+00:00,LPL,1,Team WE,Top Esports,1,0.3162160506925934,0.4158324793585923,0.42142375005747335
12436-12436_game_5,2025-06-08 12:58:31+00:00,LPL,1,Team WE,Top Esports,1,0.3162160506925934,0.47539237963115843,0.4828392896073827
LOLTMNT06_123414,2025-06-08 15:13:24+00:00,LEC,1,G2 Esports,Movistar KOI,0,0.5926047252975267,0.5808225938332955,0.6477392009917295
LOLTMNT06_122412,2025-06-08 16:15:01+00:00,LEC,1,G2 Esports,Movistar KOI,0,0.5926047252975267,0.528251320425673,0.5926668360977505
LOLTMNT06_123415,2025-06-08 17:13:16+00:00,LEC,1,G2 Esports,Movistar KOI,1,0.5926047252975267,0.47993082809617055,0.5412346887775328
LOLTMNT06_122413,2025-06-08 18:09:12+00:00,LEC,1,Movistar KOI,G2 Esports,1,0.4073952747024733,0.5410178986964564,0.5607998755086602
12437-12437_game_1,2025-06-09 09:18:03+00:00,LPL,1,Anyone's Legend,Bilibili Gaming,1,0.3947165252664193,0.4199984210239807,0.44485813727191786
12437-12437_game_2,2025-06-09 10:12:39+00:00,LPL,1,Bilibili Gaming,Anyone's Legend,1,0.6052834747335807,0.5951692125665208,0.6449421581699188
12437-12437_game_3,2025-06-09 11:03:38+00:00,LPL,1,Anyone's Legend,Bilibili Gaming,1,0.3947165252664193,0.43569933627133506,0.4640286901110744
12437-12437_game_4,2025-06-09 11:53:47+00:00,LPL,1,Bilibili Gaming,Anyone's Legend,1,0.6052834747335807,0.5809912270136639,0.6298226068421762
12437-12437_game_5,2025-06-09 13:00:41+00:00,LPL,1,Anyone's Legend,Bilibili Gaming,1,0.3947165252664193,0.4488275285956738,0.4790247951209681
12438-12438_game_1,2025-06-11 09:15:52+00:00,LPL,1,Team WE,Invictus Gaming,0,,0.5003767642205076,0.5168891321983915
12438-12438_game_2,2025-06-11 10:24:05+00:00,LPL,1,Team WE,Invictus Gaming,0,,0.4547044752663827,0.4723202324876823
12438-12438_game_3,2025-06-11 11:13:24+00:00,LPL,1,Team WE,Invictus Gaming,0,,0.4138144348595242,0.4324009343049875
LOLTMNT01_251602,2025-06-13 08:18:23+00:00,LCK,1,Gen.G,Hanwha Life Esports,0,0.6143889562461513,0.6525102877492052,0.6994079250050276
12439-12439_game_1,2025-06-13 09:16:33+00:00,LPL,1,Bilibili Gaming,Invictus Gaming,0,0.623863305255541,0.6493173127679767,0.696563107973479
LOLTMNT01_252424,2025-06-13 09:32:05+00:00,LCK,1,Gen.G,Hanwha Life Esports,0,0.6143889562461513,0.5962285360803248,0.6502344993998935
12439-12439_game_2,2025-06-13 10:14:46+00:00,LPL,1,Bilibili Gaming,Invictus Gaming,1,0.623863305255541,0.5931421203542769,0.6417477097813351
LOLTMNT01_252430,2025-06-13 10:26:58+00:00,LCK,1,Gen.G,Hanwha Life Esports,1,0.6143889562461513,0.5426336810864751,0.6033161097836246
12439-12439_game_3,2025-06-13 11:13:08+00:00,LPL,1,Invictus Gaming,Bilibili Gaming,0,0.376136694744459,0.4375999263482688,0.46734426178156163
LOLTMNT01_252434,2025-06-13 11:19:23+00:00,LCK,1,Hanwha Life Esports,Gen.G,0,0.3856110437538487,0.4840621297310849,0.5072780087860639
12439-12439_game_4,2025-06-13 12:08:10+00:00,LPL,1,Invictus Gaming,Bilibili Gaming,0,0.376136694744459,0.3986056764659006,0.4284273953296848
LOLTMNT01_252445,2025-06-13 12:18:27+00:00,LCK,1,Hanwha Life Esports,Gen.G,0,0.3856110437538487,0.4400405253940534,0.46740484347042704
LOLTMNT01_252598,2025-06-14 06:20:04+00:00,LCK,1,T1,KT Rolster,0,0.5417969752069062,0.41919062976722476,0.49931517617711296
LOLTMNT01_252614,2025-06-14 07:41:08+00:00,LCK,1,T1,KT Rolster,1,0.5417969752069062,0.3822879364213339,0.46209238777637246
LOLTMNT01_252626,2025-06-14 08:38:50+00:00,LCK,1,KT Rolster,T1,0,0.4582030247930938,0.6291953688020201,0.6329815919866433
12440-12440_game_1,2025-06-14 09:19:04+00:00,LPL,1,Anyone's Legend,Bilibili Gaming,1,0.4564300745390567,0.4755164577566407,0.5097282297575523
LOLTMNT01_251863,2025-06-14 09:34:19+00:00,LCK,1,KT Rolster,T1,0,0.4582030247930938,0.5738137436342019,0.5827107977216565
12440-12440_game_2,2025-06-14 10:11:18+00:00,LPL,1,Bilibili Gaming,Anyone's Legend,0,0.5435699254609433,0.5450245219597696,0.5911702597185496
12440-12440_game_3,2025-06-14 11:14:06+00:00,LPL,1,Bilibili Gaming,Anyone's Legend,1,0.5435699254609433,0.49523626058048176,0.5435985198074175
12440-12440_game_4,2025-06-14 12:20:57+00:00,LPL,1,Anyone's Legend,Bilibili Gaming,1,0.4564300745390567,0.527170966198925,0.5616277757067206
LOLTMNT01_252766,2025-06-15 06:17:37+00:00,LCK,1,Hanwha Life Esports,T1,0,0.6044210211034873,0.6886237397874897,0.7300017571458783
LOLTMNT01_253007,2025-06-15 07:20:05+00:00,LCK,1,Hanwha Life Esports,T1,0,0.6044210211034873,0.6316471532227494,0.6813305472347073
LOLTMNT01_252771,2025-06-15 08:16:26+00:00,LCK,1,T1,Hanwha Life Esports,1,0.3955789788965127,0.4988290143223193,0.5202359403179471
12558-12558_game_1,2025-07-19 07:13:52+00:00,LPL,0,EDward Gaming,Ultra Prime,1,0.626555963235747,0.5861699497986611,0.5867031252042847
12558-12558_game_2,2025-07-19 08:14:23+00:00,LPL,0,Ultra Prime,EDward Gaming,0,0.373444036764253,0.44402806891846003,0.4207479747504141
12559-12559_game_1,2025-07-19 09:17:17+00:00,LPL,0,Weibo Gaming,FunPlus Phoenix,1,0.6769058520271167,0.6898937313668707,0.6628543579292122
12559-12559_game_2,2025-07-19 10:13:38+00:00,LPL,0,FunPlus Phoenix,Weibo Gaming,1,0.3230941479728832,0.34587901036490126,0.35002703541372965
12559-12559_game_3,2025-07-19 11:07:40+00:00,LPL,0,Weibo Gaming,FunPlus Phoenix,1,0.6769058520271167,0.6623936198253756,0.637779401528124
12560-12560_game_1,2025-07-19 12:18:44+00:00,LPL,0,Top Esports,Invictus Gaming,1,0.5719247723759346,0.47864259704298456,0.4894240774339232
12560-12560_game_2,2025-07-19 13:14:09+00:00,LPL,0,Invictus Gaming,Top Esports,1,0.4280752276240653,0.5421938540586995,0.511546123480964
12560-12560_game_3,2025-07-19 14:08:34+00:00,LPL,0,Top Esports,Invictus Gaming,1,0.5719247723759346,0.48446430994441914,0.49236701653971665
12561-12561_game_1,2025-07-20 09:13:33+00:00,LPL,0,EDward Gaming,ThunderTalk Gaming,1,0.567414506350886,0.5808399663158451,0.5497323188464837
12561-12561_game_2,2025-07-20 10:08:13+00:00,LPL,0,ThunderTalk Gaming,EDward Gaming,0,0.432585493649114,0.44897105956728006,0.45712329425207565
12562-12562_game_1,2025-07-20 11:11:18+00:00,LPL,0,Weibo Gaming,Top Esports,0,0.3922723941268861,0.42899342636121357,0.4017681689650814
12562-12562_game_2,2025-07-20 12:12:33+00:00,LPL,0,Weibo Gaming,Top Esports,1,0.3922723941268861,0.39095170158949255,0.36554638730074157
12562-12562_game_3,2025-07-20 13:20:47+00:00,LPL,0,Top Esports,Weibo Gaming,1,0.6077276058731138,0.621384586455785,0.6264814486158915
12563-12563_game_1,2025-07-21 09:13:27+00:00,LPL,0,Ultra Prime,ThunderTalk Gaming,1,,0.4900080608645642,0.45458704176442394
12563-12563_game_2,2025-07-21 10:05:42+00:00,LPL,0,ThunderTalk Gaming,Ultra Prime,1,,0.5319139267509858,0.5386106024857669
12563-12563_game_3,2025-07-21 11:01:00+00:00,LPL,0,Ultra Prime,ThunderTalk Gaming,0,,0.49385073169612487,0.4646239559248767
12564-12564_game_1,2025-07-21 12:04:38+00:00,LPL,0,LNG Esports,Ninjas in Pyjamas,0,0.4158727991094862,0.5780753316408997,0.578815341913274
12564-12564_game_2,2025-07-21 13:04:12+00:00,LPL,0,LNG Esports,Ninjas in Pyjamas,0,0.4158727991094862,0.5257798797910623,0.5177944839477338
12565-12565_game_1,2025-07-22 09:14:09+00:00,LPL,0,LGD Gaming,Ninjas in Pyjamas,0,,0.5361368063769125,0.5017430521704752
12565-12565_game_2,2025-07-22 10:05:33+00:00,LPL,0,LGD Gaming,Ninjas in Pyjamas,1,,0.4871340138456326,0.4535449602188385
12565-12565_game_3,2025-07-22 10:59:40+00:00,LPL,0,Ninjas in Pyjamas,LGD Gaming,1,,0.5345218466066017,0.5435725542791635
12566-12566_game_1,2025-07-22 12:09:53+00:00,LPL,0,Invictus Gaming,Team WE,1,,0.6234678500092108,0.6385206420149194
12566-12566_game_2,2025-07-22 13:10:18+00:00,LPL,0,Team WE,Invictus Gaming,0,,0.40932879794509036,0.3748244770975333
LOLTMNT01_265680,2025-07-23 08:07:58+00:00,LCK,0,Dplus Kia,HANJIN BRION,1,0.6852226895822874,0.6266279705703034,0.6256018671952295
LOLTMNT01_265707,2025-07-23 09:05:20+00:00,LCK,0,HANJIN BRION,Dplus Kia,1,0.3147773104177126,0.40636160157974005,0.38815553741239295
12567-12567_game_1,2025-07-23 09:16:09+00:00,LPL,0,FunPlus Phoenix,Top Esports,0,0.2107755218383392,0.26983467243885223,0.2546850558153822
LOLTMNT01_264713,2025-07-23 10:05:33+00:00,LCK,0,Dplus Kia,HANJIN BRION,0,0.6852226895822874,0.6074442262399686,0.6069251674951793
12567-12567_game_2,2025-07-23 10:11:35+00:00,LPL,0,FunPlus Phoenix,Top Esports,0,0.2107755218383392,0.25038130632003924,0.23653049411959987
LOLTMNT01_264750,2025-07-23 11:17:36+00:00,LCK,0,Gen.G,Hanwha Life Esports,1,0.6306315684465087,0.7463964208655439,0.7374338302419332
12568-12568_game_1,2025-07-23 11:18:20+00:00,LPL,0,Team WE,Weibo Gaming,1,0.4160765533396232,0.5277160323817923,0.5407860751590705
LOLTMNT01_264776,2025-07-23 12:09:23+00:00,LCK,0,Hanwha Life Esports,Gen.G,0,0.3693684315534913,0.2903622173832936,0.2839093417668909
12568-12568_game_2,2025-07-23 12:15:59+00:00,LPL,0,Weibo Gaming,Team WE,1,0.5839234466603768,0.49767476331823696,0.4627359411183086
12568-12568_game_3,2025-07-23 13:15:16+00:00,LPL,0,Team WE,Weibo Gaming,0,0.4160765533396232,0.5249596106613352,0.5341152323308246
LOLTMNT01_266226,2025-07-24 08:05:02+00:00,LCK,0,DN SOOPers,BNK FEARX,0,0.3954460890681733,0.4087257573325172,0.40524120494145127
LOLTMNT01_266234,2025-07-24 08:56:45+00:00,LCK,0,DN SOOPers,BNK FEARX,0,0.3954460890681733,0.373010286020683,0.37032158252102265
12569-12569_game_1,2025-07-24 09:15:14+00:00,LPL,0,JD Gaming,Invictus Gaming,0,0.4436386161503544,0.3394615427581907,0.3303205965446431
12569-12569_game_2,2025-07-24 10:04:19+00:00,LPL,0,JD Gaming,Invictus Gaming,0,0.4436386161503544,0.3111113020541114,0.30127984843683114
LOLTMNT01_266276,2025-07-24 10:11:20+00:00,LCK,0,KT Rolster,Nongshim RedForce,1,0.6021985565588029,0.717876855894172,0.7038333298644996
12570-12570_game_1,2025-07-24 11:08:16+00:00,LPL,0,ThunderTalk Gaming,LNG Esports,1,0.5437328557700267,0.5521887362647044,0.5682586448471092
LOLTMNT01_266288,2025-07-24 11:15:19+00:00,LCK,0,Nongshim RedForce,KT Rolster,0,0.397801443441197,0.3187130153768937,0.3150771055839789
12570-12570_game_2,2025-07-24 12:11:02+00:00,LPL,0,LNG Esports,ThunderTalk Gaming,0,0.4562671442299733,0.4753154898371515,0.4379124020559934
LOLTMNT01_266736,2025-07-25 08:11:59+00:00,LCK,0,T1,Gen.G,0,0.3581163238673568,0.3853848054343411,0.37189789222466935
LOLTMNT01_266753,2025-07-25 09:06:04+00:00,LCK,0,T1,Gen.G,1,0.3581163238673568,0.35244167488639316,0.3416897431198794
12571-12571_game_1,2025-07-25 09:13:34+00:00,LPL,0,EDward Gaming,Ninjas in Pyjamas,1,0.4698166693013872,0.5787239380708741,0.49255285629310397
LOLTMNT01_266767,2025-07-25 10:00:20+00:00,LCK,0,Gen.G,T1,0,0.6418836761326432,0.6562277763072347,0.6515167224501456
12571-12571_game_2,2025-07-25 10:09:48+00:00,LPL,0,Ninjas in Pyjamas,EDward Gaming,0,0.5301833306986128,0.4508884713354854,0.47383523450744286
12572-12572_game_1,2025-07-25 11:14:22+00:00,LPL,0,LGD Gaming,LNG Esports,0,0.4791024985931201,0.6174289524887263,0.6231509198621742
LOLTMNT01_266798,2025-07-25 11:15:42+00:00,LCK,0,HANJIN BRION,DRX,0,0.5273225291076479,0.5140648328339232,0.48177698351257753
12572-12572_game_2,2025-07-25 12:07:51+00:00,LPL,0,LGD Gaming,LNG Esports,1,0.4791024985931201,0.5626439787060226,0.56604486968623
LOLTMNT01_266815,2025-07-25 12:09:55+00:00,LCK,0,HANJIN BRION,DRX,1,0.5273225291076479,0.46700327576411715,0.4380423945518091
12572-12572_game_3,2025-07-25 12:56:59+00:00,LPL,0,LNG Esports,LGD Gaming,0,0.5208975014068798,0.4657257136844901,0.44065327009520444
LOLTMNT01_266848,2025-07-25 13:10:25+00:00,LCK,0,DRX,HANJIN BRION,0,0.4726774708923521,0.5528235740990162,0.5612553685594506
LOLTMNT01_268648,2025-07-26 06:07:12+00:00,LCK,0,Dplus Kia,BNK FEARX,1,0.6287731805192474,0.6137377701581859,0.6295664801235835
LOLTMNT01_268653,2025-07-26 07:03:38+00:00,LCK,0,BNK FEARX,Dplus Kia,0,0.3712268194807526,0.41843385046917453,0.3840232252021487
12573-12573_game_1,2025-07-26 07:13:10+00:00,LPL,0,Ninjas in Pyjamas,Ultra Prime,1,,0.6468853007585124,0.6712668948413263
12573-12573_game_2,2025-07-26 08:03:34+00:00,LPL,0,Ultra Prime,Ninjas in Pyjamas,1,,0.3872016278556553,0.34306701596243483
LOLTMNT01_269192,2025-07-26 08:31:59+00:00,LCK,0,Hanwha Life Esports,KT Rolster,1,0.6287731805192474,0.6039651349653983,0.6036271807299803
12573-12573_game_3,2025-07-26 08:53:08+00:00,LPL,0,Ninjas in Pyjamas,Ultra Prime,1,,0.6248234990451177,0.6418067692379864
LOLTMNT01_269211,2025-07-26 09:30:22+00:00,LCK,0,KT Rolster,Hanwha Life Esports,0,0.3712268194807526,0.42754897059248553,0.4080565918810964
12574-12574_game_1,2025-07-26 10:12:01+00:00,LPL,0,Anyone's Legend,Bilibili Gaming,1,0.6514042345968927,0.744873148779085,0.7200544449758991
12574-12574_game_2,2025-07-26 11:19:28+00:00,LPL,0,Bilibili Gaming,Anyone's Legend,1,0.3485957654031073,0.29109303114642476,0.2992770863895305
12574-12574_game_3,2025-07-26 12:21:12+00:00,LPL,0,Anyone's Legend,Bilibili Gaming,0,0.6514042345968927,0.7130549545811828,0.6906731152839954
12575-12575_game_1,2025-07-26 13:23:16+00:00,LPL,0,JD Gaming,Team WE,1,0.5622990578627225,0.4939849576616895,0.4994639228285824
12575-12575_game_2,2025-07-26 14:12:33+00:00,LPL,0,Team WE,JD Gaming,1,0.4377009421372775,0.5286337035802255,0.5018295395032514
12575-12575_game_3,2025-07-26 15:01:13+00:00,LPL,0,JD Gaming,Team WE,1,0.5622990578627225,0.4967475151382132,0.5007523293010184
LOLTMNT01_268996,2025-07-27 06:05:40+00:00,LCK,0,DN SOOPers,DRX,0,0.3572922464358556,0.29250301028390485,0.29361302398778016
LOLTMNT01_270006,2025-07-27 07:06:53+00:00,LCK,0,DN SOOPers,DRX,1,0.3572922464358556,0.2703570557207811,0.27157044125993335
LOLTMNT01_269548,2025-07-27 08:04:07+00:00,LCK,0,DRX,DN SOOPers,1,0.6427077535641443,0.7316214758311115,0.7158431089966121
12576-12576_game_1,2025-07-27 09:14:28+00:00,LPL,0,Bilibili Gaming,FunPlus Phoenix,1,0.7829523062682465,0.8650465729471499,0.8481647591502767
LOLTMNT01_270043,2025-07-27 09:29:10+00:00,LCK,0,T1,Nongshim RedForce,1,0.7527845992650007,0.8972937113045418,0.8762959712234284
12576-12576_game_2,2025-07-27 10:08:17+00:00,LPL,0,FunPlus Phoenix,Bilibili Gaming,0,0.2170476937317534,0.16455093677194815,0.1703797666278376
LOLTMNT01_270056,2025-07-27 10:26:37+00:00,LCK,0,Nongshim RedForce,T1,0,0.2472154007349992,0.1281772451298393,0.14154460967229068
12577-12577_game_1,2025-07-27 11:12:03+00:00,LPL,0,Anyone's Legend,Weibo Gaming,1,0.6927283204556924,0.8204384373913151,0.8007485098451025
12577-12577_game_2,2025-07-27 12:06:03+00:00,LPL,0,Weibo Gaming,Anyone's Legend,1,0.3072716795443076,0.2134734222486276,0.22011121682144544
12577-12577_game_3,2025-07-27 12:58:20+00:00,LPL,0,Anyone's Legend,Weibo Gaming,0,0.6927283204556924,0.7848583516294468,0.7653831504807831
12578-12578_game_1,2025-07-28 09:14:07+00:00,LPL,0,LGD Gaming,EDward Gaming,0,0.3171239422297922,0.42355100088820796,0.4386753302940532
12578-12578_game_2,2025-07-28 10:11:06+00:00,LPL,0,LGD Gaming,EDward Gaming,0,0.3171239422297922,0.38613607764092506,0.39186943450742817
12579-12579_game_1,2025-07-28 11:13:22+00:00,LPL,0,Top Esports,JD Gaming,1,0.6423957238677335,0.7242093954461902,0.7184625471697741
12579-12579_game_2,2025-07-28 12:05:13+00:00,LPL,0,JD Gaming,Top Esports,0,0.3576042761322665,0.3119074153631269,0.30060745804084577
12580-12580_game_1,2025-07-29 09:13:16+00:00,LPL,0,Ultra Prime,LGD Gaming,0,,0.4394944579488487,0.41734984677364434
12580-12580_game_2,2025-07-29 10:03:15+00:00,LPL,0,Ultra Prime,LGD Gaming,1,,0.40026947270354885,0.3760396181174995
12580-12580_game_3,2025-07-29 10:58:29+00:00,LPL,0,LGD Gaming,Ultra Prime,1,,0.6129615070753995,0.6107645308066656
12581-12581_game_1,2025-07-29 12:03:27+00:00,LPL,0,FunPlus Phoenix,Invictus Gaming,1,0.2302342472552656,0.19817755063219042,0.20525964151987147
12581-12581_game_2,2025-07-29 13:10:27+00:00,LPL,0,Invictus Gaming,FunPlus Phoenix,0,0.7697657527447344,0.7992549696896005,0.7793714679124882
LOLTMNT01_271620,2025-07-30 08:07:21+00:00,LCK,0,DRX,Dplus Kia,1,0.3377608171147869,0.46914365194509783,0.4251124075429522
12582-12582_game_1,2025-07-30 09:16:28+00:00,LPL,0,Anyone's Legend,Team WE,1,0.7593527530941575,0.8345352949538528,0.8205489941800024
LOLTMNT01_272131,2025-07-30 09:19:17+00:00,LCK,0,Dplus Kia,DRX,1,0.6622391828852131,0.5508244206787654,0.572019212825592
12582-12582_game_2,2025-07-30 10:09:25+00:00,LPL,0,Team WE,Anyone's Legend,1,0.2406472469058425,0.19836785797157483,0.19934864168683192
LOLTMNT01_272144,2025-07-30 10:17:32+00:00,LCK,0,DRX,Dplus Kia,0,0.3377608171147869,0.4765681238734621,0.4358791600717112
12582-12582_game_3,2025-07-30 11:06:23+00:00,LPL,0,Anyone's Legend,Team WE,1,0.7593527530941575,0.7991342693417549,0.7849066817517387
LOLTMNT01_271687,2025-07-30 11:48:43+00:00,LCK,0,KT Rolster,T1,0,0.4743361291937613,0.2588971950561077,0.2550029225888794
LOLTMNT01_271704,2025-07-30 12:38:20+00:00,LCK,0,KT Rolster,T1,0,0.4743361291937613,0.24080397043577806,0.23790662597677475
LOLTMNT01_272461,2025-07-31 08:06:28+00:00,LCK,0,BNK FEARX,HANJIN BRION,1,0.4482855947251703,0.40661910690459696,0.45255225873937843
LOLTMNT01_272463,2025-07-31 09:09:20+00:00,LCK,0,HANJIN BRION,BNK FEARX,0,0.5517144052748297,0.6072179612395302,0.5443043391170228
12584-12584_game_1,2025-07-31 09:14:23+00:00,LPL,0,Top Esports,Team WE,0,0.7181419842140739,0.7427699870041998,0.7403479584176369
12584-12584_game_2,2025-07-31 10:10:06+00:00,LPL,0,Top Esports,Team WE,1,0.7181419842140739,0.6866393421396226,0.6846545989357213
LOLTMNT01_273014,2025-07-31 10:31:25+00:00,LCK,0,Nongshim RedForce,Hanwha Life Esports,0,0.3750353771103328,0.24567289024897582,0.2194506470727293
12584-12584_game_3,2025-07-31 11:03:16+00:00,LPL,0,Team WE,Top Esports,0,0.281858015785926,0.3492275471296938,0.33189033390932354
LOLTMNT01_273023,2025-07-31 11:20:55+00:00,LCK,0,Nongshim RedForce,Hanwha Life Esports,0,0.3750353771103328,0.2287111813738863,0.20501742256474645
12585-12585_game_1,2025-07-31 12:10:52+00:00,LPL,0,Weibo Gaming,Bilibili Gaming,0,0.3772932124456442,0.3710428774744073,0.3454181139781148
12585-12585_game_2,2025-07-31 13:13:26+00:00,LPL,0,Weibo Gaming,Bilibili Gaming,0,0.3772932124456442,0.33956719214034187,0.31666853210382645
LOLTMNT01_272688,2025-08-01 08:04:50+00:00,LCK,0,Gen.G,KT Rolster,1,0.7867602918695231,0.8389175155566656,0.8190672270659612
LOLTMNT01_272695,2025-08-01 09:03:41+00:00,LCK,0,KT Rolster,Gen.G,0,0.2132397081304768,0.19376702075080107,0.20092954875247826
12586-12586_game_1,2025-08-01 09:15:12+00:00,LPL,0,FunPlus Phoenix,JD Gaming,0,0.3901667238779205,0.4614697763838068,0.43972973801275683
12586-12586_game_2,2025-08-01 10:13:33+00:00,LPL,0,FunPlus Phoenix,JD Gaming,0,0.3901667238779205,0.4195716081374536,0.4000994534141524
LOLTMNT01_273235,2025-08-01 10:25:35+00:00,LCK,0,Dplus Kia,DN SOOPers,1,0.7545909410072269,0.8135254941568454,0.7894311712105795
LOLTMNT01_272717,2025-08-01 11:17:00+00:00,LCK,0,DN SOOPers,Dplus Kia,0,0.2454090589927731,0.22105523157082824,0.23090686268128638
12587-12587_game_1,2025-08-01 11:19:24+00:00,LPL,0,Invictus Gaming,Weibo Gaming,1,0.5398074402071312,0.5889178267096451,0.5529453540493836
12587-12587_game_2,2025-08-01 12:18:19+00:00,LPL,0,Weibo Gaming,Invictus Gaming,0,0.4601925597928687,0.44150909389875465,0.4563102115523546
LOLTMNT01_273344,2025-08-02 06:07:06+00:00,LCK,0,T1,Hanwha Life Esports,1,0.5823622775966819,0.68108516140909,0.6365709696990974
LOLTMNT01_272834,2025-08-02 06:59:14+00:00,LCK,0,Hanwha Life Esports,T1,0,0.4176377224033181,0.35459407894135464,0.38082016927497925
12588-12588_game_1,2025-08-02 07:14:34+00:00,LPL,0,ThunderTalk Gaming,LGD Gaming,0,,0.5717984650801917,0.6244240492501024
12588-12588_game_2,2025-08-02 08:08:52+00:00,LPL,0,ThunderTalk Gaming,LGD Gaming,0,,0.5198790850263427,0.5339289194410105
LOLTMNT01_273361,2025-08-02 08:31:55+00:00,LCK,0,BNK FEARX,DRX,1,0.5489369270263859,0.524598643454364,0.5244840343628498
12589-12589_game_1,2025-08-02 09:16:36+00:00,LPL,0,LNG Esports,Ultra Prime,1,0.6188687878087552,0.6139032443227497,0.6348145572940977
LOLTMNT01_273365,2025-08-02 09:27:00+00:00,LCK,0,DRX,BNK FEARX,1,0.4510630729736141,0.500524416332139,0.4804262732585338
12589-12589_game_2,2025-08-02 10:17:17+00:00,LPL,0,Ultra Prime,LNG Esports,1,0.3811312121912448,0.4180163475965065,0.3758865436587014
LOLTMNT01_273370,2025-08-02 10:24:29+00:00,LCK,0,BNK FEARX,DRX,0,0.5489369270263859,0.5223954310747037,0.5215704761528662
12589-12589_game_3,2025-08-02 11:06:40+00:00,LPL,0,LNG Esports,Ultra Prime,0,0.6188687878087552,0.5972225831868968,0.6084934791160685
12590-12590_game_1,2025-08-02 12:17:14+00:00,LPL,0,JD Gaming,Anyone's Legend,0,0.3484680444034354,0.23826802314922446,0.2784780146503096
12590-12590_game_2,2025-08-02 13:12:50+00:00,LPL,0,JD Gaming,Anyone's Legend,0,0.3484680444034354,0.221928865569502,0.25754802420525635
LOLTMNT05_145072,2025-08-02 15:14:26+00:00,LEC,0,Natus Vincere,Karmine Corp,0,0.1995684005611133,0.25142708421348964,0.27215096434380387
LOLTMNT05_145074,2025-08-02 16:02:43+00:00,LEC,0,Karmine Corp,Natus Vincere,1,0.8004315994388866,0.8166703375911394,0.783398925817495
LOLTMNT05_145075,2025-08-02 16:51:45+00:00,LEC,0,Team Heretics,Fnatic,0,0.2543368451536855,0.41449779148430205,0.3875485785135863
LOLTMNT05_145081,2025-08-02 17:43:46+00:00,LEC,0,Team Heretics,Fnatic,1,0.2543368451536855,0.37802375507087405,0.35234397868054246
LOLTMNT05_146099,2025-08-02 18:30:16+00:00,LEC,0,Fnatic,Team Heretics,1,0.7456631548463144,0.6331969654591734,0.6374298902703731
LOLTMNT01_273420,2025-08-03 06:07:00+00:00,LCK,0,DN SOOPers,HANJIN BRION,0,0.3322470018788714,0.30025518014569125,0.29996904655207185
LOLTMNT01_272915,2025-08-03 07:03:34+00:00,LCK,0,DN SOOPers,HANJIN BRION,0,0.3322470018788714,0.27739299892779407,0.2773211141083096
LOLTMNT01_273430,2025-08-03 08:33:38+00:00,LCK,0,Nongshim RedForce,Gen.G,0,0.1588558113866907,0.10949167903815941,0.10920870849320968
12591-12591_game_1,2025-08-03 09:13:30+00:00,LPL,0,LNG Esports,EDward Gaming,0,0.3008580300038134,0.2949316155639971,0.29425485537221335
LOLTMNT01_272927,2025-08-03 09:25:54+00:00,LCK,0,Nongshim RedForce,Gen.G,0,0.1588558113866907,0.1052257899456775,0.10494784787122935
12591-12591_game_2,2025-08-03 10:10:12+00:00,LPL,0,LNG Esports,EDward Gaming,0,0.3008580300038134,0.27245872100612867,0.26940116064089986
12592-12592_game_1,2025-08-03 11:15:03+00:00,LPL,0,Bilibili Gaming,Top Esports,1,0.5475204134773581,0.6458779243586615,0.6414151526493442
12592-12592_game_2,2025-08-03 12:15:10+00:00,LPL,0,Top Esports,Bilibili Gaming,0,0.4524795865226418,0.38811615325923904,0.3742777442403262
LOLTMNT05_146142,2025-08-03 15:09:00+00:00,LEC,0,Team BDS,SK Gaming,1,,0.5494735352666814,0.5925964046500488
LOLTMNT05_146144,2025-08-03 16:08:24+00:00,LEC,0,SK Gaming,Team BDS,0,,0.4778084220401159,0.416117208792791
LOLTMNT05_146146,2025-08-03 17:01:36+00:00,LEC,0,GiantX,Karmine Corp,0,0.2956372969158324,0.3119451427327064,0.3180071432427286
LOLTMNT05_146151,2025-08-03 17:59:10+00:00,LEC,0,GiantX,Karmine Corp,1,0.2956372969158324,0.287718407052869,0.28971708738123014
LOLTMNT05_146152,2025-08-03 18:50:16+00:00,LEC,0,Karmine Corp,GiantX,1,0.7043627030841676,0.7153959880864291,0.693098521255962
12593-12593_game_1,2025-08-04 09:11:58+00:00,LPL,0,Team WE,FunPlus Phoenix,0,0.6025617856055473,0.6843664997191862,0.6888557112174161
12593-12593_game_2,2025-08-04 10:07:48+00:00,LPL,0,Team WE,FunPlus Phoenix,1,0.6025617856055473,0.6275798796200956,0.6286403812993079
12593-12593_game_3,2025-08-04 11:00:00+00:00,LPL,0,FunPlus Phoenix,Team WE,0,0.3974382143944527,0.40537693876590297,0.38284321835794866
LOLTMNT05_146170,2025-08-04 15:08:13+00:00,LEC,0,SK Gaming,Fnatic,0,0.2108075811211024,0.2714969254987174,0.2728049208506351
LOLTMNT05_146172,2025-08-04 15:53:27+00:00,LEC,0,SK Gaming,Fnatic,0,0.2108075811211024,0.2517158899235376,0.25208976923341025
LOLTMNT05_145155,2025-08-04 16:50:58+00:00,LEC,0,GiantX,Team Vitality,1,0.5804865310976602,0.5628120144504875,0.5493336100290193
LOLTMNT05_145156,2025-08-04 17:41:10+00:00,LEC,0,Team Vitality,GiantX,0,0.4195134689023397,0.46555359266072177,0.4527293277377996
12595-12595_game_1,2025-08-05 09:12:23+00:00,LPL,0,Ninjas in Pyjamas,ThunderTalk Gaming,0,,0.5745900640045193,0.550315022083136
12595-12595_game_2,2025-08-05 10:16:59+00:00,LPL,0,Ninjas in Pyjamas,ThunderTalk Gaming,1,,0.522470159284746,0.4955909619025997
12595-12595_game_3,2025-08-05 11:21:38+00:00,LPL,0,ThunderTalk Gaming,Ninjas in Pyjamas,0,,0.5024564037216107,0.5035211674001288
12596-12596_game_1,2025-08-05 12:22:02+00:00,LPL,0,Top Esports,Anyone's Legend,1,0.4187152459456469,0.37622306013559415,0.3979369311316925
12596-12596_game_2,2025-08-05 13:20:13+00:00,LPL,0,Anyone's Legend,Top Esports,1,0.5812847540543531,0.6347701841569087,0.5971254102873044
12596-12596_game_3,2025-08-05 14:11:16+00:00,LPL,0,Top Esports,Anyone's Legend,1,0.4187152459456469,0.3986634359845201,0.41588554848831377
LOLTMNT02_294403,2025-08-06 08:06:02+00:00,LCK,0,Hanwha Life Esports,Nongshim RedForce,1,0.7876956150859445,0.8459235742668381,0.849777649124435
LOLTMNT02_295361,2025-08-06 08:57:50+00:00,LCK,0,Nongshim RedForce,Hanwha Life Esports,0,0.2123043849140554,0.18610170218165012,0.16986786262253
12597-12597_game_1,2025-08-06 09:16:50+00:00,LPL,0,Bilibili Gaming,JD Gaming,0,0.7021576242060441,0.8501668331676691,0.8217812331144229
12597-12597_game_2,2025-08-06 10:18:03+00:00,LPL,0,Bilibili Gaming,JD Gaming,1,0.7021576242060441,0.805069921422998,0.773065856329934
LOLTMNT02_295398,2025-08-06 10:22:21+00:00,LCK,0,HANJIN BRION,BNK FEARX,0,0.511199206172384,0.6034832138611953,0.5404331453775483
12597-12597_game_3,2025-08-06 11:13:25+00:00,LPL,0,JD Gaming,Bilibili Gaming,0,0.2978423757939559,0.2294638689237963,0.2461756939869957
LOLTMNT02_294485,2025-08-06 11:18:00+00:00,LCK,0,HANJIN BRION,BNK FEARX,0,0.511199206172384,0.5494504081784674,0.4899682867202358
12598-12598_game_1,2025-08-06 12:20:10+00:00,LPL,0,Invictus Gaming,Anyone's Legend,1,0.4211571978160684,0.4254100182211138,0.3881618384762068
12598-12598_game_2,2025-08-06 13:18:33+00:00,LPL,0,Anyone's Legend,Invictus Gaming,0,0.5788428021839316,0.5902972702939894,0.6031859321975589
LOLTMNT02_294883,2025-08-07 08:06:22+00:00,LCK,0,DRX,DN SOOPers,0,0.6367425089095304,0.747818914515405,0.7338290745261509
LOLTMNT02_294895,2025-08-07 09:05:39+00:00,LCK,0,DRX,DN SOOPers,1,0.6367425089095304,0.6922881123833482,0.6800205092627084
12599-12599_game_1,2025-08-07 09:11:31+00:00,LPL,0,LNG Esports,LGD Gaming,1,0.4313329651043838,0.4677365935246019,0.4361468233578407
LOLTMNT02_294910,2025-08-07 10:04:12+00:00,LCK,0,DN SOOPers,DRX,1,0.3632574910904695,0.3434864271768589,0.3380866311742884
12599-12599_game_2,2025-08-07 10:11:39+00:00,LPL,0,LGD Gaming,LNG Esports,0,0.5686670348956162,0.5521821318533564,0.56100873570565
12600-12600_game_1,2025-08-07 11:18:54+00:00,LPL,0,ThunderTalk Gaming,Ninjas in Pyjamas,1,,0.4565732960357908,0.4554128934994539
LOLTMNT02_295940,2025-08-07 11:20:03+00:00,LCK,0,Gen.G,T1,0,0.5788428021839316,0.5601625582865248,0.5633633723344929
LOLTMNT02_295962,2025-08-07 12:13:48+00:00,LCK,0,Gen.G,T1,1,0.5788428021839316,0.5091312653888372,0.5159450065741992
12600-12600_game_2,2025-08-07 12:17:10+00:00,LPL,0,Ninjas in Pyjamas,ThunderTalk Gaming,1,,0.5621376186803236,0.5412856346757867
LOLTMNT02_295986,2025-08-07 13:06:46+00:00,LCK,0,T1,Gen.G,0,0.4211571978160684,0.5145653132513367,0.4905741462751744
12600-12600_game_3,2025-08-07 13:12:34+00:00,LPL,0,ThunderTalk Gaming,Ninjas in Pyjamas,0,,0.4661982215654212,0.46385790423005036
LOLTMNT02_296408,2025-08-08 08:08:25+00:00,LCK,0,BNK FEARX,Dplus Kia,1,0.3444682204558151,0.4266251810665983,0.3887630306499313
LOLTMNT02_296421,2025-08-08 09:07:31+00:00,LCK,0,Dplus Kia,BNK FEARX,0,0.6555317795441848,0.5891484589569899,0.6076510052889165
12601-12601_game_1,2025-08-08 09:28:06+00:00,LPL,0,Ultra Prime,LNG Esports,0,0.452479586522642,0.4225162015935562,0.40832474734194163
12601-12601_game_2,2025-08-08 10:19:13+00:00,LPL,0,Ultra Prime,LNG Esports,1,0.452479586522642,0.38479416236328406,0.37002817574768543
LOLTMNT02_296450,2025-08-08 10:27:25+00:00,LCK,0,KT Rolster,Hanwha Life Esports,0,0.3311553155698605,0.3440019518501386,0.33089896349312553
12601-12601_game_3,2025-08-08 11:11:53+00:00,LPL,0,LNG Esports,Ultra Prime,0,0.547520413477358,0.6274062718051734,0.6191339961898608
LOLTMNT02_296483,2025-08-08 11:28:56+00:00,LCK,0,KT Rolster,Hanwha Life Esports,0,0.3311553155698605,0.3159774478821281,0.30460860115810084
12602-12602_game_1,2025-08-08 12:27:53+00:00,LPL,0,Anyone's Legend,FunPlus Phoenix,0,0.7518615207024816,0.8602376167427194,0.8448677019704635
12602-12602_game_2,2025-08-08 13:18:58+00:00,LPL,0,Anyone's Legend,FunPlus Phoenix,1,0.7518615207024816,0.816531696757205,0.7988265009475983
12602-12602_game_3,2025-08-08 14:16:15+00:00,LPL,0,FunPlus Phoenix,Anyone's Legend,0,0.2481384792975184,0.21768361005576659,0.22147055488540981
LOLTMNT02_296815,2025-08-09 06:11:11+00:00,LCK,0,DRX,HANJIN BRION,1,0.4484729247748363,0.5359435536948942,0.5426826317495121
LOLTMNT02_296825,2025-08-09 07:06:28+00:00,LCK,0,HANJIN BRION,DRX,1,0.5515270752251636,0.4901678790148577,0.4646130030721034
12603-12603_game_1,2025-08-09 07:12:33+00:00,LPL,0,Team WE,Bilibili Gaming,0,0.2623510623693921,0.22195699949246617,0.2075346415818981
LOLTMNT02_296837,2025-08-09 07:56:20+00:00,LCK,0,DRX,HANJIN BRION,0,0.4484729247748363,0.5317781433701073,0.5371406867704878
12603-12603_game_2,2025-08-09 08:06:18+00:00,LPL,0,Team WE,Bilibili Gaming,1,0.2623510623693921,0.20770475559508683,0.19475070112911855
12603-12603_game_3,2025-08-09 08:55:36+00:00,LPL,0,Bilibili Gaming,Team WE,1,0.7376489376306079,0.7902780549149505,0.7894887481677543
LOLTMNT02_297840,2025-08-09 09:16:24+00:00,LCK,0,Nongshim RedForce,T1,0,0.2321807982458528,0.09458532769276116,0.10710539431772205
12604-12604_game_1,2025-08-09 10:00:42+00:00,LPL,0,Top Esports,Weibo Gaming,1,0.6415393502306198,0.6976169477975802,0.6960768958683494
LOLTMNT02_297863,2025-08-09 10:06:29+00:00,LCK,0,Nongshim RedForce,T1,0,0.2321807982458528,0.0914233375886167,0.10320319687820306
12604-12604_game_2,2025-08-09 10:52:54+00:00,LPL,0,Weibo Gaming,Top Esports,0,0.3584606497693802,0.3385686959525353,0.3221703939689328
12605-12605_game_1,2025-08-09 11:57:41+00:00,LPL,0,Invictus Gaming,JD Gaming,1,0.6439796220071707,0.7653666148394698,0.7593647238246264
12605-12605_game_2,2025-08-09 12:52:11+00:00,LPL,0,JD Gaming,Invictus Gaming,0,0.3560203779928293,0.27083699428786373,0.2596863845054744
LOLTMNT05_146696,2025-08-09 15:08:27+00:00,LEC,0,G2 Esports,Team Heretics,1,0.7583318091902541,0.7509058114603314,0.7737732045716175
LOLTMNT05_146700,2025-08-09 16:04:34+00:00,LEC,0,G2 Esports,Team Heretics,1,0.7583318091902541,0.7717496712062026,0.7909224834306409
LOLTMNT05_146705,2025-08-09 16:57:02+00:00,LEC,0,Movistar KOI,GiantX,0,0.6119556811365381,0.6833591827966917,0.6975389793260113
LOLTMNT05_145693,2025-08-09 17:54:11+00:00,LEC,0,Movistar KOI,GiantX,1,0.6119556811365381,0.626433286050374,0.6333972846830854
LOLTMNT05_146708,2025-08-09 18:41:39+00:00,LEC,0,GiantX,Movistar KOI,0,0.3880443188634619,0.4065498545888833,0.37770325387896464
LOLTMNT02_298258,2025-08-10 06:06:45+00:00,LCK,0,KT Rolster,Gen.G,0,0.2110829434666105,0.14663166608506312,0.15590359040100393
LOLTMNT02_299237,2025-08-10 07:02:39+00:00,LCK,0,KT Rolster,Gen.G,0,0.2110829434666105,0.13970923879202932,0.1479025085723224
LOLTMNT02_299274,2025-08-10 08:19:07+00:00,LCK,0,DN SOOPers,Dplus Kia,0,0.2223337948111269,0.31800289132776954,0.31504077246328654
12606-12606_game_1,2025-08-10 09:13:03+00:00,LPL,0,ThunderTalk Gaming,EDward Gaming,1,0.3194812416373588,0.2920525612061713,0.3105597998072217
LOLTMNT02_298318,2025-08-10 09:24:53+00:00,LCK,0,DN SOOPers,Dplus Kia,0,0.2223337948111269,0.29284285469220894,0.2904058956140161
12606-12606_game_2,2025-08-10 10:11:33+00:00,LPL,0,EDward Gaming,ThunderTalk Gaming,1,0.6805187583626412,0.7114090158302692,0.6773679112873254
12606-12606_game_3,2025-08-10 11:02:26+00:00,LPL,0,ThunderTalk Gaming,EDward Gaming,0,0.3194812416373588,0.3250887453803494,0.3399116577445785
12607-12607_game_1,2025-08-10 12:06:54+00:00,LPL,0,Bilibili Gaming,Team WE,1,0.7408506958900773,0.8062655546995704,0.8049392505653756
12607-12607_game_2,2025-08-10 13:16:38+00:00,LPL,0,Team WE,Bilibili Gaming,1,0.2591493041099226,0.22860256593831485,0.21572039607831323
12607-12607_game_3,2025-08-10 14:10:29+00:00,LPL,0,Bilibili Gaming,Team WE,1,0.7408506958900773,0.7705160785924585,0.769864251190557
LOLTMNT05_146756,2025-08-10 15:12:55+00:00,LEC,0,Fnatic,Team BDS,1,,0.7257239572088962,0.713732056140219
LOLTMNT05_146759,2025-08-10 16:01:53+00:00,LEC,0,Fnatic,Team BDS,1,,0.7500379423869964,0.7387428938380064
LOLTMNT05_146760,2025-08-10 16:57:30+00:00,LEC,0,Karmine Corp,Movistar KOI,1,0.5975004981072934,0.5555982746593325,0.5517175718482417
LOLTMNT05_146765,2025-08-10 17:46:47+00:00,LEC,0,Movistar KOI,Karmine Corp,1,0.4024995018927065,0.47219898966871265,0.4561822586240249
LOLTMNT05_145755,2025-08-10 18:36:14+00:00,LEC,0,Karmine Corp,Movistar KOI,1,0.5975004981072934,0.5480064917393237,0.5440700343996066
12608-12608_game_1,2025-08-11 09:09:58+00:00,LPL,0,Ultra Prime,Ninjas in Pyjamas,0,,0.43581657734827917,0.3954822389491383
12608-12608_game_2,2025-08-11 10:03:44+00:00,LPL,0,Ultra Prime,Ninjas in Pyjamas,0,,0.3970029239542811,0.3596049137764821
12609-12609_game_1,2025-08-11 11:10:44+00:00,LPL,0,JD Gaming,FunPlus Phoenix,1,0.6248416133737411,0.6084033737266141,0.6141193066873898
12609-12609_game_2,2025-08-11 12:03:33+00:00,LPL,0,FunPlus Phoenix,JD Gaming,0,0.3751583866262589,0.4612288941210168,0.43022970962941715
12610-12610_game_1,2025-08-12 09:11:19+00:00,LPL,0,Ninjas in Pyjamas,LGD Gaming,1,,0.6359880888901096,0.6370264413041639
12610-12610_game_2,2025-08-12 10:04:04+00:00,LPL,0,LGD Gaming,Ninjas in Pyjamas,0,,0.3975493222057102,0.3755943757295668
12611-12611_game_1,2025-08-12 11:06:03+00:00,LPL,0,Weibo Gaming,Team WE,0,0.5691169088532786,0.5271529493233041,0.5050544115484273
12611-12611_game_2,2025-08-12 12:00:28+00:00,LPL,0,Weibo Gaming,Team WE,1,0.5691169088532786,0.4789324090845623,0.45717350119409567
12611-12611_game_3,2025-08-12 12:50:28+00:00,LPL,0,Team WE,Weibo Gaming,0,0.4308830911467214,0.541922996259344,0.5414929096554796
LOLTMNT02_301617,2025-08-13 08:10:10+00:00,LCK,0,T1,KT Rolster,1,0.7565591991414566,0.8669591501751671,0.853888246235361
LOLTMNT02_301624,2025-08-13 08:55:40+00:00,LCK,0,KT Rolster,T1,0,0.2434408008585433,0.16279461534901235,0.16603384717154263
12612-12612_game_1,2025-08-13 09:11:30+00:00,LPL,0,JD Gaming,Top Esports,0,0.3430807687088419,0.2648275486306838,0.2596526942730242
12612-12612_game_2,2025-08-13 10:08:07+00:00,LPL,0,JD Gaming,Top Esports,1,0.3430807687088419,0.245571735861136,0.24109702768067934
LOLTMNT02_301649,2025-08-13 10:08:55+00:00,LCK,0,BNK FEARX,DN SOOPers,1,0.7015523008304823,0.7662854144900665,0.7472389872588159
12612-12612_game_3,2025-08-13 11:03:30+00:00,LPL,0,Top Esports,JD Gaming,1,0.656919231291158,0.7549413872973844,0.7463460098432477
LOLTMNT02_301669,2025-08-13 11:06:30+00:00,LCK,0,DN SOOPers,BNK FEARX,1,0.2984476991695177,0.22857128071743202,0.23610021644837095
LOLTMNT02_301689,2025-08-13 11:56:13+00:00,LCK,0,BNK FEARX,DN SOOPers,1,0.7015523008304823,0.7704169058926162,0.7496975355224746
12613-12613_game_1,2025-08-13 12:04:13+00:00,LPL,0,Bilibili Gaming,Anyone's Legend,1,0.5501683559005647,0.6305245661632598,0.6073817979553726
12613-12613_game_2,2025-08-13 12:56:33+00:00,LPL,0,Anyone's Legend,Bilibili Gaming,1,0.4498316440994353,0.4026108593553175,0.40639239764755364
12613-12613_game_3,2025-08-13 13:49:40+00:00,LPL,0,Bilibili Gaming,Anyone's Legend,0,0.5501683559005647,0.6109494997632546,0.5905719044961925
LOLTMNT02_301984,2025-08-14 08:07:37+00:00,LCK,0,Gen.G,Nongshim RedForce,1,0.8341269349502459,0.9495304894679353,0.9423428408297027
LOLTMNT02_301999,2025-08-14 08:58:22+00:00,LCK,0,Nongshim RedForce,Gen.G,0,0.165873065049754,0.06540599214388958,0.06855482611884839
12614-12614_game_1,2025-08-14 09:12:19+00:00,LPL,0,Ninjas in Pyjamas,EDward Gaming,0,0.4696594266310432,0.4738151501064555,0.4699967949655751
LOLTMNT02_300855,2025-08-14 10:09:25+00:00,LCK,0,Dplus Kia,DRX,1,0.6621467945378007,0.674195726250229,0.6848239991596196
12614-12614_game_2,2025-08-14 10:10:52+00:00,LPL,0,Ninjas in Pyjamas,EDward Gaming,1,0.4696594266310432,0.4308498825626284,0.41847492872497016
12614-12614_game_3,2025-08-14 11:09:02+00:00,LPL,0,EDward Gaming,Ninjas in Pyjamas,0,0.5303405733689568,0.5853544342743144,0.5687490766863768
LOLTMNT02_300868,2025-08-14 11:14:41+00:00,LCK,0,DRX,Dplus Kia,0,0.3378532054621993,0.3611838834272851,0.33254382158667956
12615-12615_game_1,2025-08-14 12:10:46+00:00,LPL,0,FunPlus Phoenix,Team WE,0,0.3773591836094168,0.38179291412679756,0.3585047713358392
12615-12615_game_2,2025-08-14 13:05:23+00:00,LPL,0,FunPlus Phoenix,Team WE,0,0.3773591836094168,0.3492234117105687,0.3278207853857166
LOLTMNT02_302238,2025-08-15 08:06:45+00:00,LCK,0,HANJIN BRION,DN SOOPers,1,0.6610331453500286,0.7086799810552933,0.7012072765498939
LOLTMNT02_302252,2025-08-15 09:05:41+00:00,LCK,0,DN SOOPers,HANJIN BRION,1,0.3389668546499714,0.2891158150645129,0.2843681851751188
12616-12616_game_1,2025-08-15 09:18:00+00:00,LPL,0,Anyone's Legend,Invictus Gaming,1,0.5257915421705694,0.5301499743383773,0.5418324488019399
LOLTMNT02_302264,2025-08-15 09:59:50+00:00,LCK,0,HANJIN BRION,DN SOOPers,0,0.6610331453500286,0.7141084957833738,0.7038904584942923
12616-12616_game_2,2025-08-15 10:10:51+00:00,LPL,0,Invictus Gaming,Anyone's Legend,0,0.4742084578294305,0.495462944092284,0.46351236530765383
LOLTMNT02_303069,2025-08-15 11:15:30+00:00,LCK,0,Hanwha Life Esports,T1,0,0.3837055851621719,0.3680927000508927,0.3928986113815587
12617-12617_game_1,2025-08-15 11:16:50+00:00,LPL,0,Bilibili Gaming,Weibo Gaming,0,0.6988971878975967,0.7493805562164442,0.7509448683256257
LOLTMNT02_302301,2025-08-15 12:15:57+00:00,LCK,0,Hanwha Life Esports,T1,0,0.3837055851621719,0.337201257422574,0.36242072196021785
12617-12617_game_2,2025-08-15 12:29:59+00:00,LPL,0,Bilibili Gaming,Weibo Gaming,1,0.6988971878975967,0.6936297481889984,0.6988783314193792
12617-12617_game_3,2025-08-15 13:28:46+00:00,LPL,0,Weibo Gaming,Bilibili Gaming,0,0.3011028121024033,0.3423817172937189,0.3199439971446565
LOLTMNT02_303137,2025-08-16 06:05:19+00:00,LCK,0,Nongshim RedForce,KT Rolster,0,0.392459043567521,0.36520140496125925,0.3549604517758857
LOLTMNT02_303138,2025-08-16 07:00:28+00:00,LCK,0,Nongshim RedForce,KT Rolster,1,0.392459043567521,0.3346337460874873,0.3261382852647966
12618-12618_game_1,2025-08-16 07:15:37+00:00,LPL,0,Team WE,JD Gaming,1,0.4369599680488131,0.5998262358769604,0.5683286177459685
LOLTMNT02_303139,2025-08-16 07:51:07+00:00,LCK,0,KT Rolster,Nongshim RedForce,1,0.607540956432479,0.6724425159269672,0.664768136753542
12618-12618_game_2,2025-08-16 08:07:38+00:00,LPL,0,JD Gaming,Team WE,1,0.5630400319511869,0.4311734354730864,0.4407273441741634
12618-12618_game_3,2025-08-16 09:01:28+00:00,LPL,0,Team WE,JD Gaming,0,0.4369599680488131,0.5853317042922088,0.5569949574599706
LOLTMNT02_303157,2025-08-16 09:05:30+00:00,LCK,0,DRX,BNK FEARX,1,0.4029976820945593,0.3985276393805589,0.39922325065542913
LOLTMNT02_303158,2025-08-16 09:58:29+00:00,LCK,0,BNK FEARX,DRX,1,0.5970023179054407,0.6145428013765347,0.5957796326439826
12619-12619_game_1,2025-08-16 10:03:51+00:00,LPL,0,ThunderTalk Gaming,Ultra Prime,0,,0.567936424780404,0.5800038260276207
LOLTMNT02_302398,2025-08-16 10:51:13+00:00,LCK,0,DRX,BNK FEARX,1,0.4029976820945593,0.41766898494139654,0.4158361203112197
12619-12619_game_2,2025-08-16 10:55:23+00:00,LPL,0,ThunderTalk Gaming,Ultra Prime,1,,0.5163062959485186,0.5259898669991407
12619-12619_game_3,2025-08-16 11:54:45+00:00,LPL,0,Ultra Prime,ThunderTalk Gaming,1,,0.5080508520176296,0.47813611946342366
12620-12620_game_1,2025-08-16 13:04:49+00:00,LPL,0,Invictus Gaming,Top Esports,0,0.4383949298429383,0.5176403858220444,0.4913448245455383
12620-12620_game_2,2025-08-16 13:53:49+00:00,LPL,0,Invictus Gaming,Top Esports,1,0.4383949298429383,0.4702989783574281,0.44629191456862766
12620-12620_game_3,2025-08-16 14:46:32+00:00,LPL,0,Top Esports,Invictus Gaming,0,0.5616050701570616,0.5497262145419217,0.5528163663396809
LOLTMNT06_133372,2025-08-16 15:07:19+00:00,LEC,0,Movistar KOI,Natus Vincere,1,0.7839021954305718,0.8042505420144304,0.7711093549992015
LOLTMNT06_133374,2025-08-16 16:02:38+00:00,LEC,0,Natus Vincere,Movistar KOI,0,0.2160978045694281,0.22980813841188383,0.2500089446120683
LOLTMNT06_132374,2025-08-16 17:12:08+00:00,LEC,0,Team Heretics,SK Gaming,0,0.666111342143225,0.6729174119248295,0.6579772925146671
LOLTMNT06_133390,2025-08-16 18:11:57+00:00,LEC,0,Team Heretics,SK Gaming,1,0.666111342143225,0.6162422463659872,0.6012974789493485
LOLTMNT06_132386,2025-08-16 19:06:52+00:00,LEC,0,SK Gaming,Team Heretics,1,0.333888657856775,0.41603965801467996,0.4101653453338277
LOLTMNT02_302438,2025-08-17 06:07:44+00:00,LCK,0,Hanwha Life Esports,Gen.G,0,0.2797047659500517,0.28235009853679915,0.2766786758756885
LOLTMNT02_303218,2025-08-17 07:00:19+00:00,LCK,0,Hanwha Life Esports,Gen.G,1,0.2797047659500517,0.2615942788162697,0.25755837238969287
LOLTMNT02_303220,2025-08-17 07:55:07+00:00,LCK,0,Gen.G,Hanwha Life Esports,1,0.7202952340499482,0.7395436750130242,0.7314621517488838
LOLTMNT02_302449,2025-08-17 09:10:43+00:00,LCK,0,HANJIN BRION,Dplus Kia,1,0.3574286835916898,0.3592072947436606,0.35387445373827936
12621-12621_game_1,2025-08-17 09:10:55+00:00,LPL,0,Weibo Gaming,Anyone's Legend,0,0.3433602467875045,0.2890136718789335,0.2933296062359154
12621-12621_game_2,2025-08-17 10:03:12+00:00,LPL,0,Weibo Gaming,Anyone's Legend,0,0.3433602467875045,0.26743732428788336,0.27158928301702684
LOLTMNT02_302450,2025-08-17 10:09:06+00:00,LCK,0,Dplus Kia,HANJIN BRION,0,0.6425713164083102,0.6500911622879031,0.6386068936556427
12622-12622_game_1,2025-08-17 11:05:27+00:00,LPL,0,Top Esports,Bilibili Gaming,1,0.4087923445806558,0.47130883876348567,0.44497176610780825
12622-12622_game_2,2025-08-17 11:56:42+00:00,LPL,0,Bilibili Gaming,Top Esports,0,0.5912076554193442,0.5488308687178669,0.5559740775864888
LOLTMNT06_132462,2025-08-17 15:08:19+00:00,LEC,0,Team Vitality,Natus Vincere,1,0.6414552844044206,0.6194973021307212,0.6007276362833792
LOLTMNT06_132463,2025-08-17 15:57:36+00:00,LEC,0,Natus Vincere,Team Vitality,0,0.3585447155955794,0.4126953343545115,0.41473728142676486
LOLTMNT06_132464,2025-08-17 16:49:42+00:00,LEC,0,Fnatic,G2 Esports,0,0.4592591703354853,0.4661667437263657,0.43967116914069954
LOLTMNT06_133477,2025-08-17 17:39:11+00:00,LEC,0,Fnatic,G2 Esports,0,0.4592591703354853,0.4239643617838388,0.4013113252125756
12623-12623_game_1,2025-08-18 09:11:27+00:00,LPL,0,FunPlus Phoenix,Weibo Gaming,0,0.2981514976303699,0.33129186983844894,0.33840705355136513
12623-12623_game_2,2025-08-18 10:04:33+00:00,LPL,0,FunPlus Phoenix,Weibo Gaming,0,0.2981514976303699,0.30473188808183976,0.3092283194478174
12624-12624_game_1,2025-08-18 11:18:18+00:00,LPL,0,Bilibili Gaming,Invictus Gaming,0,0.5775450624209446,0.513260118900623,0.533751023442315
12624-12624_game_2,2025-08-18 12:31:36+00:00,LPL,0,Bilibili Gaming,Invictus Gaming,1,0.5775450624209446,0.46631263222327185,0.4858149296720485
12624-12624_game_3,2025-08-18 13:30:25+00:00,LPL,0,Invictus Gaming,Bilibili Gaming,1,0.4224549375790554,0.553362362214352,0.5151307839182977
LOLTMNT06_133504,2025-08-18 15:11:01+00:00,LEC,0,Karmine Corp,Team Vitality,1,0.7535116301575148,0.7778832544169525,0.7636778514104672
LOLTMNT06_133506,2025-08-18 15:56:20+00:00,LEC,0,Karmine Corp,Team Vitality,0,0.7535116301575148,0.7953421776910846,0.7829845033038851
LOLTMNT06_133510,2025-08-18 16:49:30+00:00,LEC,0,Karmine Corp,Team Vitality,0,0.7535116301575148,0.7427519085329468,0.7283650016795673
LOLTMNT06_133511,2025-08-18 17:51:49+00:00,LEC,0,G2 Esports,Team BDS,1,,0.8408487603515256,0.8228979076248492
LOLTMNT06_133519,2025-08-18 18:48:23+00:00,LEC,0,G2 Esports,Team BDS,1,,0.8509434646298603,0.8339420572056291
12625-12625_game_1,2025-08-19 09:11:44+00:00,LPL,0,Ninjas in Pyjamas,LNG Esports,1,0.7179361811825902,0.7035449957810447,0.6860809123056293
12625-12625_game_2,2025-08-19 10:06:11+00:00,LPL,0,LNG Esports,Ninjas in Pyjamas,0,0.2820638188174098,0.3324615353078704,0.3270331275609427
12626-12626_game_1,2025-08-19 11:17:13+00:00,LPL,0,Anyone's Legend,Top Esports,0,0.5475204134773581,0.606047092563034,0.5739162073090399
12626-12626_game_2,2025-08-19 12:15:27+00:00,LPL,0,Anyone's Legend,Top Esports,0,0.5475204134773581,0.5518696696110506,0.5234382738723821
LOLTMNT03_284103,2025-08-20 08:06:31+00:00,LCK,0,DRX,DN SOOPers,1,0.5873073419967705,0.665133925908194,0.6531785851436638
LOLTMNT03_284115,2025-08-20 09:07:29+00:00,LCK,0,DN SOOPers,DRX,0,0.4126926580032295,0.36987587128271887,0.3638119340735413
12627-12627_game_1,2025-08-20 09:10:19+00:00,LPL,0,LGD Gaming,ThunderTalk Gaming,1,,0.5719166807692678,0.5573816485818961
12627-12627_game_2,2025-08-20 10:04:59+00:00,LPL,0,ThunderTalk Gaming,LGD Gaming,0,,0.45720866879669875,0.4409125364092738
LOLTMNT03_284142,2025-08-20 10:33:21+00:00,LCK,0,Gen.G,Nongshim RedForce,1,0.8626357172654658,0.9506050388010274,0.94357153488127
12628-12628_game_1,2025-08-20 11:11:48+00:00,LPL,0,FunPlus Phoenix,Anyone's Legend,0,0.2160978045694281,0.13393133160249748,0.14257043792919197
LOLTMNT03_284170,2025-08-20 11:30:28+00:00,LCK,0,Nongshim RedForce,Gen.G,0,0.1373642827345341,0.06406753284584182,0.0671690420094296
12628-12628_game_2,2025-08-20 12:01:21+00:00,LPL,0,FunPlus Phoenix,Anyone's Legend,0,0.2160978045694281,0.1279948257679536,0.1359742659364397
LOLTMNT03_284605,2025-08-21 08:05:15+00:00,LCK,0,KT Rolster,Hanwha Life Esports,1,0.2601853348494135,0.28306651713169745,0.27566533063681
LOLTMNT03_285537,2025-08-21 09:06:15+00:00,LCK,0,Hanwha Life Esports,KT Rolster,1,0.7398146651505865,0.7196749145618989,0.7125661585090401
12629-12629_game_1,2025-08-21 09:10:38+00:00,LPL,0,Ultra Prime,EDward Gaming,0,0.2591493041099226,0.3254735847447702,0.314122925344865
12629-12629_game_2,2025-08-21 10:06:34+00:00,LPL,0,Ultra Prime,EDward Gaming,0,0.2591493041099226,0.2996412797051444,0.28820861188805946
LOLTMNT03_285549,2025-08-21 10:07:01+00:00,LCK,0,KT Rolster,Hanwha Life Esports,0,0.2601853348494135,0.31696499407267414,0.3072501284622375
12630-12630_game_1,2025-08-21 11:09:55+00:00,LPL,0,JD Gaming,Bilibili Gaming,0,0.33947841543952,0.34022907805006636,0.34562813003772347
LOLTMNT03_284666,2025-08-21 11:27:46+00:00,LCK,0,HANJIN BRION,BNK FEARX,0,0.4716924221346872,0.5308391922116191,0.47122227998637073
12630-12630_game_2,2025-08-21 12:07:24+00:00,LPL,0,JD Gaming,Bilibili Gaming,1,0.33947841543952,0.3122919161572418,0.31720085676481896
LOLTMNT03_284695,2025-08-21 12:18:34+00:00,LCK,0,HANJIN BRION,BNK FEARX,1,0.4716924221346872,0.4822851294259362,0.4279144597664274
12630-12630_game_3,2025-08-21 12:51:15+00:00,LPL,0,Bilibili Gaming,JD Gaming,1,0.6605215845604799,0.6931815461651597,0.6718603685378259
LOLTMNT03_284713,2025-08-21 13:09:59+00:00,LCK,0,BNK FEARX,HANJIN BRION,1,0.5283075778653128,0.5388899937801797,0.5709796654616442
LOLTMNT03_287069,2025-08-22 08:05:01+00:00,LCK,0,Nongshim RedForce,T1,0,0.1459014192637973,0.07012174136100888,0.08158609000141985
LOLTMNT03_287081,2025-08-22 08:55:45+00:00,LCK,0,Nongshim RedForce,T1,1,0.1459014192637973,0.06829682439654498,0.07921740036077354
12631-12631_game_1,2025-08-22 09:12:40+00:00,LPL,0,Invictus Gaming,FunPlus Phoenix,1,0.7820073676956698,0.8977585158700415,0.8748229010940413
LOLTMNT03_287101,2025-08-22 09:46:22+00:00,LCK,0,T1,Nongshim RedForce,1,0.8540985807362027,0.9275196583341906,0.9108959493760882
12631-12631_game_2,2025-08-22 10:05:19+00:00,LPL,0,FunPlus Phoenix,Invictus Gaming,0,0.2179926323043302,0.12762505394012189,0.14316515450025424
LOLTMNT03_286183,2025-08-22 10:59:29+00:00,LCK,0,Dplus Kia,DRX,0,0.6677529981211286,0.6112886380703224,0.6325694649500163
12632-12632_game_1,2025-08-22 11:08:07+00:00,LPL,0,EDward Gaming,LGD Gaming,0,0.7040010621427916,0.7153052211756137,0.6958445325851657
LOLTMNT03_286208,2025-08-22 12:02:07+00:00,LCK,0,Dplus Kia,DRX,1,0.6677529981211286,0.556814395611861,0.5799250217148263
12632-12632_game_2,2025-08-22 12:02:45+00:00,LPL,0,EDward Gaming,LGD Gaming,0,0.7040010621427916,0.6584458711644939,0.6342017941543775
LOLTMNT03_286241,2025-08-22 12:57:07+00:00,LCK,0,DRX,Dplus Kia,0,0.3322470018788713,0.471081183522843,0.4300227732482752
LOLTMNT03_286946,2025-08-23 06:06:52+00:00,LCK,0,Hanwha Life Esports,Gen.G,0,0.3072716795443076,0.2871979055249816,0.2806187028558891
LOLTMNT03_286952,2025-08-23 07:02:58+00:00,LCK,0,Hanwha Life Esports,Gen.G,1,0.3072716795443076,0.26588172322839704,0.2610673847933096
12633-12633_game_1,2025-08-23 07:10:25+00:00,LPL,0,LNG Esports,ThunderTalk Gaming,1,0.4214094499564019,0.6159890999811166,0.5582560051307679
LOLTMNT03_287529,2025-08-23 07:59:15+00:00,LCK,0,Gen.G,Hanwha Life Esports,1,0.6927283204556924,0.735564493845418,0.7282123238074639
12633-12633_game_2,2025-08-23 08:01:17+00:00,LPL,0,ThunderTalk Gaming,LNG Esports,0,0.578590550043598,0.41611110978629673,0.4465419983161264
12634-12634_game_1,2025-08-23 09:06:53+00:00,LPL,0,Team WE,Top Esports,1,0.2747255157763801,0.2442108783992413,0.24091111496333642
LOLTMNT03_286994,2025-08-23 09:20:22+00:00,LCK,0,HANJIN BRION,DN SOOPers,0,0.6233837871391785,0.7225398256659545,0.7091953826331915
12634-12634_game_2,2025-08-23 09:57:31+00:00,LPL,0,Top Esports,Team WE,1,0.7252744842236198,0.7557387291850871,0.7449582008395587
LOLTMNT03_287593,2025-08-23 10:14:59+00:00,LCK,0,HANJIN BRION,DN SOOPers,1,0.6233837871391785,0.6658071830850715,0.6542732297457828
12634-12634_game_3,2025-08-23 10:48:39+00:00,LPL,0,Team WE,Top Esports,0,0.2747255157763801,0.28093991177723726,0.2752004213396719
LOLTMNT03_287634,2025-08-23 11:19:26+00:00,LCK,0,DN SOOPers,HANJIN BRION,1,0.3766162128608215,0.3692558298555019,0.36276710056347117
12635-12635_game_1,2025-08-23 11:55:32+00:00,LPL,0,Weibo Gaming,Invictus Gaming,0,0.3475057654804733,0.3141706537432311,0.33930674012344547
12635-12635_game_2,2025-08-23 12:58:38+00:00,LPL,0,Weibo Gaming,Invictus Gaming,1,0.3475057654804733,0.28968804033478823,0.31350755182835516
12635-12635_game_3,2025-08-23 13:54:46+00:00,LPL,0,Invictus Gaming,Weibo Gaming,1,0.6524942345195267,0.7135754187022746,0.6761844645446714
LOLTMNT03_288407,2025-08-24 06:06:54+00:00,LCK,0,BNK FEARX,Dplus Kia,0,0.4278954992593776,0.49194844724408726,0.4539670579310926
LOLTMNT03_288421,2025-08-24 07:06:53+00:00,LCK,0,BNK FEARX,Dplus Kia,0,0.4278954992593776,0.4471204047805797,0.41271241619803256
LOLTMNT03_288450,2025-08-24 08:27:55+00:00,LCK,0,KT Rolster,T1,1,0.2132397081304769,0.15813201744550126,0.16217676717435636
12636-12636_game_1,2025-08-24 09:12:37+00:00,LPL,0,EDward Gaming,LNG Esports,1,0.6895015451095583,0.6624379278989381,0.6635060461115387
LOLTMNT03_288467,2025-08-24 09:30:59+00:00,LCK,0,T1,KT Rolster,0,0.7867602918695231,0.8376959642779405,0.8247936574908568
12636-12636_game_2,2025-08-24 09:59:37+00:00,LPL,0,LNG Esports,EDward Gaming,0,0.3104984548904416,0.37229031407453456,0.35087450800136694
12637-12637_game_1,2025-08-24 11:22:32+00:00,LPL,0,Anyone's Legend,JD Gaming,1,0.6718109127623748,0.7881703566721946,0.7472913765267475
12637-12637_game_2,2025-08-24 12:18:18+00:00,LPL,0,JD Gaming,Anyone's Legend,0,0.3281890872376251,0.2474164191892235,0.27291839059209544
12638-12638_game_1,2025-08-25 09:12:04+00:00,LPL,0,LGD Gaming,Ultra Prime,0,,0.6783135367590333,0.6742694322292738
12638-12638_game_2,2025-08-25 10:05:32+00:00,LPL,0,LGD Gaming,Ultra Prime,1,,0.621449057741498,0.6143783556374477
12638-12638_game_3,2025-08-25 10:51:46+00:00,LPL,0,Ultra Prime,LGD Gaming,0,,0.4112239967693833,0.39644940218760166
12639-12639_game_1,2025-08-25 11:56:22+00:00,LPL,0,FunPlus Phoenix,Bilibili Gaming,0,0.2108075811211023,0.20715407924042475,0.20482123248143236
12639-12639_game_2,2025-08-25 13:02:01+00:00,LPL,0,FunPlus Phoenix,Bilibili Gaming,0,0.2108075811211023,0.1939717392304134,0.19162321976070118
LOLTMNT06_134147,2025-08-25 15:08:07+00:00,LEC,0,SK Gaming,G2 Esports,0,0.203254174528952,0.15841718309498679,0.15559438704266232
LOLTMNT06_133782,2025-08-25 15:54:14+00:00,LEC,0,G2 Esports,SK Gaming,1,0.796745825471048,0.8842679499595472,0.8778264126385266
LOLTMNT06_133790,2025-08-25 16:51:10+00:00,LEC,0,Team BDS,Team Heretics,0,,0.5147976339177213,0.525755127600891
LOLTMNT06_134153,2025-08-25 17:47:22+00:00,LEC,0,Team Heretics,Team BDS,0,,0.6062722691521472,0.5764204077030236
LOLTMNT06_134158,2025-08-25 18:48:43+00:00,LEC,0,Team Heretics,Team BDS,1,,0.552117897985368,0.5231140994393269
12640-12640_game_1,2025-08-26 09:11:34+00:00,LPL,0,Team WE,Invictus Gaming,0,,0.2840066933906462,0.2658080880769501
12640-12640_game_2,2025-08-26 10:04:37+00:00,LPL,0,Team WE,Invictus Gaming,0,,0.26305761732756217,0.2468196325309241
12641-12641_game_1,2025-08-26 11:01:11+00:00,LPL,0,Top Esports,FunPlus Phoenix,1,0.7910497485890013,0.8946452791652507,0.8859561185558925
12641-12641_game_2,2025-08-26 11:56:06+00:00,LPL,0,FunPlus Phoenix,Top Esports,1,0.2089502514109986,0.13085580992361792,0.13103613792746222
12641-12641_game_3,2025-08-26 12:57:40+00:00,LPL,0,Top Esports,FunPlus Phoenix,1,0.7910497485890013,0.8648094505985969,0.8556935714281686
LOLTMNT06_133844,2025-08-26 15:11:14+00:00,LEC,0,Team Vitality,Movistar KOI,0,0.3459708855663077,0.3607222809380339,0.3931488371240322
LOLTMNT06_133849,2025-08-26 16:15:45+00:00,LEC,0,Movistar KOI,Team Vitality,1,0.6540291144336923,0.73255103363355,0.7028291444523384
LOLTMNT06_133856,2025-08-26 17:09:46+00:00,LEC,0,Natus Vincere,GiantX,0,0.2786181167730275,0.31498370451367097,0.3276353335411634
LOLTMNT06_133858,2025-08-26 18:09:54+00:00,LEC,0,Natus Vincere,GiantX,0,0.2786181167730275,0.289623970412845,0.30480911735463906
LOLTMNT03_292093,2025-08-27 08:04:11+00:00,LCK,0,T1,Hanwha Life Esports,1,0.5955587912509115,0.6411169481363805,0.6086677593874896
LOLTMNT03_292099,2025-08-27 08:54:16+00:00,LCK,0,Hanwha Life Esports,T1,1,0.4044412087490885,0.39272660965351575,0.40739272479761973
12642-12642_game_1,2025-08-27 09:10:58+00:00,LPL,0,Weibo Gaming,JD Gaming,1,0.5350105517190044,0.6113445807984031,0.5943991833157795
LOLTMNT03_291552,2025-08-27 10:04:17+00:00,LCK,0,T1,Hanwha Life Esports,1,0.5955587912509115,0.6197462584740556,0.5888121703862459
12642-12642_game_2,2025-08-27 10:08:59+00:00,LPL,0,JD Gaming,Weibo Gaming,0,0.4649894482809956,0.4205433200958311,0.4183106334546818
12643-12643_game_1,2025-08-27 11:09:00+00:00,LPL,0,Team WE,Anyone's Legend,1,0.2581070917956678,0.23312284633179398,0.23211713986201823
LOLTMNT03_291596,2025-08-27 11:21:15+00:00,LCK,0,DN SOOPers,BNK FEARX,0,0.3685437864928466,0.4054080005737958,0.39617806399299305
12643-12643_game_2,2025-08-27 12:12:26+00:00,LPL,0,Anyone's Legend,Team WE,0,0.7418929082043322,0.7661462194423347,0.7533535352666504
LOLTMNT03_291623,2025-08-27 12:19:22+00:00,LCK,0,DN SOOPers,BNK FEARX,0,0.3685437864928466,0.3484339450056582,0.343378279738736
LOLTMNT03_293104,2025-08-28 08:08:10+00:00,LCK,0,Dplus Kia,HANJIN BRION,1,0.6327484151830797,0.7102161789090429,0.6902922832532893
LOLTMNT03_294111,2025-08-28 09:00:09+00:00,LCK,0,HANJIN BRION,Dplus Kia,0,0.3672515848169203,0.3262717373938536,0.32904229168997357
12594-12594_game_1,2025-08-28 09:12:45+00:00,LPL,0,JD Gaming,Weibo Gaming,1,0.4087923445806558,0.3833334042327047,0.38298202150883165
12594-12594_game_2,2025-08-28 10:10:14+00:00,LPL,0,Weibo Gaming,JD Gaming,1,0.5912076554193442,0.6284163779141302,0.6121477929535626
LOLTMNT03_293145,2025-08-28 10:12:22+00:00,LCK,0,Gen.G,KT Rolster,1,0.7734284990234084,0.868671906786256,0.8538070944023927
12594-12594_game_3,2025-08-28 11:00:40+00:00,LPL,0,JD Gaming,Weibo Gaming,1,0.4087923445806558,0.40457533242723864,0.40153241549252544
LOLTMNT03_293167,2025-08-28 11:16:07+00:00,LCK,0,KT Rolster,Gen.G,0,0.2265715009765916,0.16087277470190775,0.16570044287433527
12583-12583_game_1,2025-08-28 12:03:35+00:00,LPL,0,Invictus Gaming,Bilibili Gaming,1,0.4586685250946095,0.6150139230042105,0.5765719687950772
12583-12583_game_2,2025-08-28 13:01:20+00:00,LPL,0,Bilibili Gaming,Invictus Gaming,0,0.5413314749053906,0.41722817283134506,0.4346164220760928
LOLTMNT03_293371,2025-08-29 08:07:17+00:00,LCK,0,BNK FEARX,DRX,0,0.5716885673590187,0.5923991326120227,0.5750034068169296
LOLTMNT03_293376,2025-08-29 09:02:15+00:00,LCK,0,BNK FEARX,DRX,1,0.5716885673590187,0.5390543925494519,0.5242339053939579
LOLTMNT03_294392,2025-08-29 09:52:59+00:00,LCK,0,DRX,BNK FEARX,0,0.4283114326409812,0.48733085902253276,0.4829416933212586
LOLTMNT03_293418,2025-08-29 11:12:12+00:00,LCK,0,Hanwha Life Esports,Nongshim RedForce,1,0.7783948332842126,0.8577016883481673,0.8594948764467543
LOLTMNT03_294428,2025-08-29 12:12:25+00:00,LCK,0,Nongshim RedForce,Hanwha Life Esports,0,0.2216051667157874,0.17311673249314563,0.15947189564007344
LOLTMNT03_293580,2025-08-30 06:12:29+00:00,LCK,0,T1,Gen.G,1,0.4076139579063482,0.39210894107588756,0.380478659015407
LOLTMNT03_293583,2025-08-30 07:14:25+00:00,LCK,0,Gen.G,T1,1,0.5923860420936518,0.6203044719301382,0.6157088625322481
LOLTMNT03_294600,2025-08-30 08:01:23+00:00,LCK,0,T1,Gen.G,0,0.4076139579063482,0.4123010143896645,0.39825381183921915
12795-12795_game_1,2025-08-30 09:11:55+00:00,LPL,1,FunPlus Phoenix,Ninjas in Pyjamas,1,0.397215125690772,0.3472709122580736,0.4002486045670438
LOLTMNT03_294648,2025-08-30 09:32:44+00:00,LCK,0,DN SOOPers,Dplus Kia,0,0.2285087433996321,0.21947702698039726,0.22435153104883884
12795-12795_game_2,2025-08-30 10:07:05+00:00,LPL,1,Ninjas in Pyjamas,FunPlus Phoenix,1,0.6027848743092279,0.6613080204159804,0.6856394431857764
LOLTMNT03_294664,2025-08-30 10:34:13+00:00,LCK,0,DN SOOPers,Dplus Kia,1,0.2285087433996321,0.20566649636414208,0.2105684245416391
12795-12795_game_3,2025-08-30 11:15:50+00:00,LPL,1,FunPlus Phoenix,Ninjas in Pyjamas,1,0.397215125690772,0.3733616399652556,0.42563647005503596
LOLTMNT03_293648,2025-08-30 11:24:47+00:00,LCK,0,Dplus Kia,DN SOOPers,1,0.7714912566003679,0.7920393144269137,0.7756657224815683
12795-12795_game_4,2025-08-30 12:13:01+00:00,LPL,1,Ninjas in Pyjamas,FunPlus Phoenix,1,0.6027848743092279,0.6375441175215841,0.6645842688989942
12795-12795_game_5,2025-08-30 13:10:27+00:00,LPL,1,FunPlus Phoenix,Ninjas in Pyjamas,0,0.397215125690772,0.39598161361809264,0.44755250582215395
LOLTMNT03_294914,2025-08-31 06:06:31+00:00,LCK,0,Nongshim RedForce,KT Rolster,0,0.3520507196643347,0.3120571857631638,0.30715944156219166
LOLTMNT03_294918,2025-08-31 07:01:01+00:00,LCK,0,Nongshim RedForce,KT Rolster,0,0.3520507196643347,0.28781859828559053,0.28453812960840635
LOLTMNT03_294949,2025-08-31 08:29:18+00:00,LCK,0,DRX,HANJIN BRION,0,0.4788901238292198,0.5822343057741414,0.5793223746102505
LOLTMNT03_294951,2025-08-31 09:20:15+00:00,LCK,0,HANJIN BRION,DRX,0,0.5211098761707802,0.5458427713917184,0.5232176105781996
12796-12796_game_1,2025-08-31 09:39:33+00:00,LPL,1,Team WE,EDward Gaming,0,0.5837992134727659,0.598231119624414,0.6739922439691753
LOLTMNT03_293923,2025-08-31 10:13:39+00:00,LCK,0,DRX,HANJIN BRION,0,0.4788901238292198,0.5789272160564847,0.5760651233932571
12796-12796_game_2,2025-08-31 10:36:50+00:00,LPL,1,Team WE,EDward Gaming,0,0.5837992134727659,0.544511174937025,0.6155699733376315
12796-12796_game_3,2025-08-31 11:29:06+00:00,LPL,1,Team WE,EDward Gaming,1,0.5837992134727659,0.49476278638451976,0.5618255668480093
12796-12796_game_4,2025-08-31 12:15:29+00:00,LPL,1,EDward Gaming,Team WE,1,0.4162007865272341,0.5275949708719152,0.5418073757330939
12797-12797_game_1,2025-09-01 09:11:13+00:00,LPL,1,Weibo Gaming,Ultra Prime,1,0.7919920017505252,0.8047415992412711,0.810737168245045
12797-12797_game_2,2025-09-01 10:06:15+00:00,LPL,1,Ultra Prime,Weibo Gaming,0,0.2080079982494748,0.23035611178443674,0.28224695011182094
12797-12797_game_3,2025-09-01 11:06:07+00:00,LPL,1,Ultra Prime,Weibo Gaming,0,0.2080079982494748,0.21539052774812598,0.26360067547930366
12798-12798_game_1,2025-09-02 09:11:42+00:00,LPL,1,JD Gaming,LGD Gaming,1,0.728134329279003,0.61361892926398,0.6858302554824652
12798-12798_game_2,2025-09-02 10:08:57+00:00,LPL,1,LGD Gaming,JD Gaming,0,0.271865670720997,0.4184959147670812,0.4213882550467244
12798-12798_game_3,2025-09-02 11:12:41+00:00,LPL,1,LGD Gaming,JD Gaming,0,0.271865670720997,0.38160087244517776,0.38699667096866047
LOLTMNT01_281294,2025-09-03 08:08:06+00:00,LCK,1,HANJIN BRION,Nongshim RedForce,0,0.3967433891387085,0.5043284265716926,0.4953093301975565
LOLTMNT01_280651,2025-09-03 08:53:21+00:00,LCK,1,Nongshim RedForce,HANJIN BRION,1,0.6032566108612915,0.6152960994499398,0.6926467466354209
LOLTMNT01_280659,2025-09-03 09:47:33+00:00,LCK,1,HANJIN BRION,Nongshim RedForce,1,0.3967433891387085,0.4169818535453411,0.41555839097660724
LOLTMNT01_281315,2025-09-03 10:36:00+00:00,LCK,1,Nongshim RedForce,HANJIN BRION,0,0.6032566108612915,0.5978507240946898,0.6741661373198996
LOLTMNT01_280682,2025-09-03 11:26:43+00:00,LCK,1,Nongshim RedForce,HANJIN BRION,1,0.6032566108612915,0.5441551464476017,0.625375045557743
LOLTMNT01_281588,2025-09-04 08:08:41+00:00,LCK,1,Dplus Kia,BNK FEARX,1,0.6514159257835335,0.6268557256819755,0.6857618502791161
LOLTMNT01_280941,2025-09-04 09:01:36+00:00,LCK,1,BNK FEARX,Dplus Kia,1,0.3485840742164665,0.4061573924119175,0.42333794435108774
LOLTMNT01_281603,2025-09-04 09:51:19+00:00,LCK,1,Dplus Kia,BNK FEARX,0,0.6514159257835335,0.6076164026860635,0.6680673233198947
LOLTMNT01_280961,2025-09-04 10:42:24+00:00,LCK,1,Dplus Kia,BNK FEARX,1,0.6514159257835335,0.5533363090622259,0.6196372687824011
LOLTMNT01_281636,2025-09-04 11:44:52+00:00,LCK,1,BNK FEARX,Dplus Kia,1,0.3485840742164665,0.47427145877343385,0.49076432569146194
LOLTMNT01_281893,2025-09-05 08:07:35+00:00,LCK,1,Nongshim RedForce,BNK FEARX,0,0.487422428439815,0.4288306071253251,0.48759193824553143
LOLTMNT01_281906,2025-09-05 08:58:24+00:00,LCK,1,Nongshim RedForce,BNK FEARX,0,0.487422428439815,0.3908305695894156,0.44913338077236775
LOLTMNT01_282298,2025-09-05 09:49:14+00:00,LCK,1,Nongshim RedForce,BNK FEARX,1,0.487422428439815,0.357240114568778,0.41458074889117524
LOLTMNT01_281961,2025-09-05 10:44:14+00:00,LCK,1,BNK FEARX,Nongshim RedForce,1,0.512577571560185,0.6518773241324322,0.6732874601924987
LOLTMNT04_130187,2025-09-05 15:09:47+00:00,LEC,1,Team Heretics,Team Vitality,1,,0.4275505112825419,0.47071259495703743
LOLTMNT04_129223,2025-09-05 16:13:02+00:00,LEC,1,Team Vitality,Team Heretics,1,,0.5883625178929736,0.6207863923621886
LOLTMNT04_129231,2025-09-05 17:03:14+00:00,LEC,1,Team Heretics,Team Vitality,0,,0.4420061514658812,0.48529219767810855
LOLTMNT04_129236,2025-09-05 17:50:09+00:00,LEC,1,Team Heretics,Team Vitality,0,,0.4024839540008253,0.4431326516685009
LOLTMNT01_282847,2025-09-06 06:09:11+00:00,LCK,1,Dplus Kia,HANJIN BRION,1,0.6673528653625561,0.6991652700970021,0.7263835044313347
LOLTMNT01_282855,2025-09-06 07:05:22+00:00,LCK,1,HANJIN BRION,Dplus Kia,1,0.3326471346374439,0.3370739774333747,0.38239632803639007
LOLTMNT01_283478,2025-09-06 07:56:05+00:00,LCK,1,Dplus Kia,HANJIN BRION,1,0.6673528653625561,0.6702002918349944,0.7006795577296198
LOLTMNT01_282880,2025-09-06 08:47:59+00:00,LCK,1,Dplus Kia,HANJIN BRION,1,0.6673528653625561,0.7017796813105328,0.7289488611885746
LOLTMNT04_130276,2025-09-06 15:10:58+00:00,LEC,1,GiantX,Team BDS,1,,0.7540973164255108,0.7573487217069071
LOLTMNT04_129302,2025-09-06 16:01:37+00:00,LEC,1,Team BDS,GiantX,0,,0.28252942932853214,0.34353732524383895
LOLTMNT04_129307,2025-09-06 16:55:25+00:00,LEC,1,GiantX,Team BDS,1,,0.7924107120976853,0.8008878380960025
LOLTMNT01_285206,2025-09-07 06:09:43+00:00,LCK,1,Nongshim RedForce,Dplus Kia,0,0.3914843022338535,0.3798852218016924,0.4021386731316961
12799-12799_game_1,2025-09-07 06:13:14+00:00,LPL,1,Bilibili Gaming,JD Gaming,0,0.6778801656223697,0.6754537100515554,0.7042010536723033
12799-12799_game_2,2025-09-07 07:06:48+00:00,LPL,1,Bilibili Gaming,JD Gaming,0,0.6778801656223697,0.6554172108434191,0.6834807855124202
LOLTMNT01_284752,2025-09-07 07:08:30+00:00,LCK,1,Nongshim RedForce,Dplus Kia,0,0.3914843022338535,0.3475898801091066,0.3714836061920996
12799-12799_game_3,2025-09-07 08:04:16+00:00,LPL,1,Bilibili Gaming,JD Gaming,1,0.6778801656223697,0.5991678596698966,0.6316103654672764
LOLTMNT01_285222,2025-09-07 08:06:08+00:00,LCK,1,Nongshim RedForce,Dplus Kia,0,0.3914843022338535,0.3191387743608506,0.3437566287993065
12799-12799_game_4,2025-09-07 08:56:46+00:00,LPL,1,JD Gaming,Bilibili Gaming,0,0.3221198343776302,0.4319416065994563,0.47938394399375195
12799-12799_game_5,2025-09-07 09:54:58+00:00,LPL,1,JD Gaming,Bilibili Gaming,0,0.3221198343776302,0.3934996145641225,0.44201321857340403
12800-12800_game_1,2025-09-07 11:19:56+00:00,LPL,1,Invictus Gaming,EDward Gaming,1,0.7325170099502771,0.7922239550915292,0.8278664332181642
12800-12800_game_2,2025-09-07 12:23:55+00:00,LPL,1,EDward Gaming,Invictus Gaming,0,0.2674829900497228,0.243476278273764,0.26070128531511805
12800-12800_game_3,2025-09-07 13:18:43+00:00,LPL,1,EDward Gaming,Invictus Gaming,0,0.2674829900497228,0.22709365545166177,0.24402325094453406
LOLTMNT04_130365,2025-09-07 15:07:42+00:00,LEC,1,Karmine Corp,G2 Esports,1,0.4091298261118262,0.4509988502976659,0.4917485067793616
LOLTMNT04_130370,2025-09-07 16:01:49+00:00,LEC,1,Karmine Corp,G2 Esports,0,0.4091298261118262,0.5080150862950209,0.546481969386826
LOLTMNT04_129373,2025-09-07 16:50:17+00:00,LEC,1,Karmine Corp,G2 Esports,0,0.4091298261118262,0.46159411468059075,0.5010121686747094
LOLTMNT04_129375,2025-09-07 17:39:49+00:00,LEC,1,G2 Esports,Karmine Corp,1,0.5908701738881738,0.6514149408233947,0.6860172800178953
12801-12801_game_1,2025-09-08 06:14:07+00:00,LPL,1,Anyone's Legend,Weibo Gaming,1,0.624077042996074,0.6872177929561684,0.7201543202255847
12801-12801_game_2,2025-09-08 07:08:39+00:00,LPL,1,Weibo Gaming,Anyone's Legend,1,0.375922957003926,0.34865313674121745,0.388087084276637
12801-12801_game_3,2025-09-08 08:03:02+00:00,LPL,1,Anyone's Legend,Weibo Gaming,0,0.624077042996074,0.6596887640530918,0.6956523162560075
12801-12801_game_4,2025-09-08 08:56:29+00:00,LPL,1,Anyone's Legend,Weibo Gaming,1,0.624077042996074,0.6032081643544267,0.6454665587839464
12801-12801_game_5,2025-09-08 09:52:38+00:00,LPL,1,Weibo Gaming,Anyone's Legend,1,0.375922957003926,0.42824992557169345,0.46515142034287427
12802-12802_game_1,2025-09-08 11:23:39+00:00,LPL,1,Top Esports,Ninjas in Pyjamas,1,0.7225010724438391,0.7644000563112758,0.8008089694350702
12802-12802_game_2,2025-09-08 12:17:42+00:00,LPL,1,Ninjas in Pyjamas,Top Esports,1,0.2774989275561609,0.2721361318402281,0.29537414439200876
12802-12802_game_3,2025-09-08 13:16:45+00:00,LPL,1,Top Esports,Ninjas in Pyjamas,1,0.7225010724438391,0.7297796116175465,0.7700336086726495
12802-12802_game_4,2025-09-08 14:17:02+00:00,LPL,1,Top Esports,Ninjas in Pyjamas,1,0.7225010724438391,0.7533737322114467,0.7900842960620624
LOLTMNT04_129398,2025-09-08 15:06:41+00:00,LEC,1,Movistar KOI,Fnatic,0,0.5069091461284821,0.6830821464525199,0.7017577174942473
LOLTMNT04_129399,2025-09-08 16:10:03+00:00,LEC,1,Movistar KOI,Fnatic,1,0.5069091461284821,0.626239347439174,0.645884582190331
LOLTMNT04_129400,2025-09-08 17:00:46+00:00,LEC,1,Fnatic,Movistar KOI,0,0.4930908538715178,0.4066772066453603,0.46145830168764684
LOLTMNT04_129401,2025-09-08 18:03:01+00:00,LEC,1,Fnatic,Movistar KOI,1,0.4930908538715178,0.37116742962024807,0.422772080707235
LOLTMNT04_129402,2025-09-08 18:55:22+00:00,LEC,1,Movistar KOI,Fnatic,1,0.5069091461284821,0.6393184660955914,0.664630158476369
12803-12803_game_1,2025-09-09 09:14:04+00:00,LPL,1,Bilibili Gaming,Invictus Gaming,1,0.4538532820887072,0.3841808316654569,0.45094827946567456
12803-12803_game_2,2025-09-09 10:07:43+00:00,LPL,1,Invictus Gaming,Bilibili Gaming,0,0.5461467179112929,0.6275009600750296,0.642210980029622
12803-12803_game_3,2025-09-09 10:59:56+00:00,LPL,1,Invictus Gaming,Bilibili Gaming,1,0.5461467179112929,0.572205829680287,0.5918739666107634
12803-12803_game_4,2025-09-09 11:56:05+00:00,LPL,1,Bilibili Gaming,Invictus Gaming,1,0.4538532820887072,0.45693977132643193,0.5181323834333303
LOLTMNT01_286625,2025-09-10 08:11:38+00:00,LCK,1,T1,Dplus Kia,0,0.727681409592366,0.8407826244268132,0.8515329118776157
LOLTMNT01_286643,2025-09-10 09:09:10+00:00,LCK,1,T1,Dplus Kia,1,0.727681409592366,0.7936635729311396,0.810539139494887
12804-12804_game_1,2025-09-10 09:11:39+00:00,LPL,1,Top Esports,Weibo Gaming,1,0.6140380965248489,0.6762005315724212,0.723046194628132
LOLTMNT01_286647,2025-09-10 10:07:08+00:00,LCK,1,Dplus Kia,T1,0,0.272318590407634,0.2419802462438493,0.2844370043491935
12804-12804_game_2,2025-09-10 10:09:41+00:00,LPL,1,Weibo Gaming,Top Esports,0,0.3859619034751511,0.3592952841292915,0.38363266526704115
LOLTMNT01_287140,2025-09-10 10:59:41+00:00,LCK,1,T1,Dplus Kia,0,0.727681409592366,0.8226893987315232,0.8366560381865288
12804-12804_game_3,2025-09-10 11:09:34+00:00,LPL,1,Weibo Gaming,Top Esports,1,0.3859619034751511,0.329450211947507,0.355033432861557
LOLTMNT01_286664,2025-09-10 11:55:29+00:00,LCK,1,T1,Dplus Kia,1,0.727681409592366,0.7730365040889587,0.7942240725545434
12804-12804_game_4,2025-09-10 12:00:49+00:00,LPL,1,Top Esports,Weibo Gaming,1,0.6140380965248489,0.6771472314749881,0.7231604351114416
LOLTMNT01_287346,2025-09-11 08:09:47+00:00,LCK,1,KT Rolster,BNK FEARX,0,0.5847919095041494,0.6765533642166682,0.7218080527165771
LOLTMNT01_286890,2025-09-11 09:03:20+00:00,LCK,1,KT Rolster,BNK FEARX,1,0.5847919095041494,0.6197082754111201,0.6713315693663707
12805-12805_game_1,2025-09-11 09:12:57+00:00,LPL,1,EDward Gaming,JD Gaming,1,0.4039708166591037,0.5104087306964326,0.48277371168635846
LOLTMNT01_286895,2025-09-11 09:52:31+00:00,LCK,1,BNK FEARX,KT Rolster,0,0.4152080904958505,0.41285771327100923,0.4394851396984558
12805-12805_game_2,2025-09-11 10:16:38+00:00,LPL,1,JD Gaming,EDward Gaming,1,0.5960291833408963,0.5134135072599333,0.6054637058355705
LOLTMNT01_287373,2025-09-11 10:47:37+00:00,LCK,1,BNK FEARX,KT Rolster,0,0.4152080904958505,0.37669510611219503,0.4044031716514655
12805-12805_game_3,2025-09-11 11:21:26+00:00,LPL,1,EDward Gaming,JD Gaming,1,0.4039708166591037,0.5106928220968447,0.5006796529205794
12805-12805_game_4,2025-09-11 12:12:11+00:00,LPL,1,JD Gaming,EDward Gaming,1,0.5960291833408963,0.51315454134276,0.5944794066457084
12805-12805_game_5,2025-09-11 13:10:20+00:00,LPL,1,EDward Gaming,JD Gaming,0,0.4039708166591037,0.5109250947662781,0.5114795910890536
12806-12806_game_1,2025-09-12 09:12:46+00:00,LPL,1,Ninjas in Pyjamas,Anyone's Legend,1,0.2967079341996618,0.3667737741216034,0.39140654022926485
12806-12806_game_2,2025-09-12 10:06:47+00:00,LPL,1,Anyone's Legend,Ninjas in Pyjamas,1,0.7032920658003382,0.6432467360813081,0.6933326451710988
12806-12806_game_3,2025-09-12 10:57:57+00:00,LPL,1,Ninjas in Pyjamas,Anyone's Legend,0,0.2967079341996618,0.3907013539992976,0.416518944995619
12806-12806_game_4,2025-09-12 11:51:50+00:00,LPL,1,Ninjas in Pyjamas,Anyone's Legend,0,0.2967079341996618,0.3571170509142471,0.3841499748950036
LOLTMNT01_287805,2025-09-13 06:11:13+00:00,LCK,1,Gen.G,KT Rolster,0,0.7646722948771358,0.8623429508648215,0.8736500840882699
LOLTMNT01_288374,2025-09-13 07:02:38+00:00,LCK,1,Gen.G,KT Rolster,1,0.7646722948771358,0.8188489347291608,0.8354538769359153
LOLTMNT01_288399,2025-09-13 08:03:50+00:00,LCK,1,KT Rolster,Gen.G,0,0.2353277051228641,0.21540165753952253,0.25234210864925866
LOLTMNT01_288435,2025-09-13 08:59:49+00:00,LCK,1,KT Rolster,Gen.G,1,0.2353277051228641,0.20201627868859684,0.23793489095668852
12807-12807_game_1,2025-09-13 09:13:51+00:00,LPL,1,JD Gaming,Weibo Gaming,1,0.435805787814982,0.47906799075184986,0.522009156185207
LOLTMNT01_288450,2025-09-13 10:01:01+00:00,LCK,1,Gen.G,KT Rolster,0,0.7646722948771358,0.79550696217143,0.816022468923326
12807-12807_game_2,2025-09-13 10:09:50+00:00,LPL,1,Weibo Gaming,JD Gaming,0,0.564194212185018,0.5418172821949728,0.5824588467569951
12807-12807_game_3,2025-09-13 11:02:04+00:00,LPL,1,Weibo Gaming,JD Gaming,1,0.564194212185018,0.49230256624825064,0.5374524864299205
12807-12807_game_4,2025-09-13 11:57:04+00:00,LPL,1,JD Gaming,Weibo Gaming,1,0.435805787814982,0.5298310193070864,0.5691265422159555
LOLTMNT04_129553,2025-09-13 15:07:23+00:00,LEC,1,Karmine Corp,Team Vitality,0,0.6821380125252003,0.6562973399488649,0.687809416066924
LOLTMNT04_129556,2025-09-13 16:19:53+00:00,LEC,1,Karmine Corp,Team Vitality,1,0.6821380125252003,0.5999313311355116,0.6341831147419389
LOLTMNT04_129559,2025-09-13 17:16:53+00:00,LEC,1,Team Vitality,Karmine Corp,0,0.3178619874747996,0.4312851998208355,0.4751352508122726
LOLTMNT04_129562,2025-09-13 18:05:21+00:00,LEC,1,Team Vitality,Karmine Corp,0,0.3178619874747996,0.3929854921003136,0.43616826256015034
LOLTMNT01_288565,2025-09-14 06:11:34+00:00,LCK,1,Hanwha Life Esports,T1,1,0.4100013839028015,0.4789063885058273,0.5364121830591737
LOLTMNT01_288570,2025-09-14 07:10:28+00:00,LCK,1,T1,Hanwha Life Esports,0,0.5899986160971985,0.5419432737796445,0.5697411456218167
LOLTMNT01_289038,2025-09-14 08:14:27+00:00,LCK,1,T1,Hanwha Life Esports,0,0.5899986160971985,0.49241414668693473,0.5247678027816954
12808-12808_game_1,2025-09-14 09:16:09+00:00,LPL,1,Invictus Gaming,Anyone's Legend,0,0.5197988196080906,0.6337481781074794,0.6327241337773761
12808-12808_game_2,2025-09-14 10:05:06+00:00,LPL,1,Invictus Gaming,Anyone's Legend,0,0.5197988196080906,0.5781653076377364,0.5803403652336266
12808-12808_game_3,2025-09-14 10:58:28+00:00,LPL,1,Invictus Gaming,Anyone's Legend,0,0.5197988196080906,0.5257841501701871,0.5315680860803209
LOLTMNT04_129596,2025-09-14 15:08:58+00:00,LEC,1,Movistar KOI,G2 Esports,0,0.405710569029056,0.46538415495571955,0.5015224567761337
LOLTMNT04_129599,2025-09-14 16:09:18+00:00,LEC,1,Movistar KOI,G2 Esports,0,0.405710569029056,0.4233345604621912,0.45967981850333245
LOLTMNT04_129602,2025-09-14 17:04:24+00:00,LEC,1,Movistar KOI,G2 Esports,1,0.405710569029056,0.3859666038077454,0.421751222886784
LOLTMNT04_130607,2025-09-14 18:10:46+00:00,LEC,1,G2 Esports,Movistar KOI,1,0.5942894309709439,0.625856676062786,0.6663779215835958
12809-12809_game_1,2025-09-15 09:11:56+00:00,LPL,1,Top Esports,Bilibili Gaming,0,0.4965364225339873,0.554948005620228,0.5750655913172191
12809-12809_game_2,2025-09-15 10:12:30+00:00,LPL,1,Top Esports,Bilibili Gaming,1,0.4965364225339873,0.5043337959595761,0.5289723786913946
12809-12809_game_3,2025-09-15 11:19:49+00:00,LPL,1,Bilibili Gaming,Top Esports,0,0.5034635774660127,0.5189257648252367,0.577992638352167
12809-12809_game_4,2025-09-15 12:09:40+00:00,LPL,1,Bilibili Gaming,Top Esports,1,0.5034635774660127,0.4254611345767204,0.4937721972586261
12809-12809_game_5,2025-09-15 13:03:25+00:00,LPL,1,Top Esports,Bilibili Gaming,0,0.4965364225339873,0.590279176017447,0.606976722333531
LOLTMNT04_129624,2025-09-15 15:07:36+00:00,LEC,1,Fnatic,GiantX,1,0.5641942121850181,0.5240116524302998,0.6140560740278845
LOLTMNT04_129625,2025-09-15 16:11:54+00:00,LEC,1,GiantX,Fnatic,0,0.4358057878149819,0.5010565869587483,0.4938544898452566
LOLTMNT04_129626,2025-09-15 17:02:53+00:00,LEC,1,GiantX,Fnatic,0,0.4358057878149819,0.45531115876278183,0.45215231216773205
12810-12810_game_1,2025-09-16 09:11:18+00:00,LPL,1,Anyone's Legend,JD Gaming,1,0.6399524716797943,0.7042262696872104,0.7167072216794113
12810-12810_game_2,2025-09-16 10:16:29+00:00,LPL,1,JD Gaming,Anyone's Legend,0,0.3600475283202057,0.33210146961984127,0.3921134297978273
12810-12810_game_3,2025-09-16 11:23:00+00:00,LPL,1,JD Gaming,Anyone's Legend,0,0.3600475283202057,0.3054644597390028,0.3636342960990576
LOLTMNT01_290095,2025-09-17 08:12:41+00:00,LCK,1,BNK FEARX,Dplus Kia,0,0.4027610619222865,0.42005716555418526,0.4453334611960831
LOLTMNT01_289566,2025-09-17 09:17:49+00:00,LCK,1,BNK FEARX,Dplus Kia,0,0.4027610619222865,0.3830651508149287,0.4110094185713265
LOLTMNT01_290114,2025-09-17 10:12:07+00:00,LCK,1,BNK FEARX,Dplus Kia,1,0.4027610619222865,0.3503962544549293,0.37982790485579465
LOLTMNT01_290125,2025-09-17 11:05:12+00:00,LCK,1,BNK FEARX,Dplus Kia,0,0.4027610619222865,0.41278271549846346,0.4392033139617055
LOLTMNT01_289676,2025-09-18 08:13:43+00:00,LCK,1,T1,Dplus Kia,0,0.6393746167039458,0.7194545456428776,0.7511011884030708
LOLTMNT01_289688,2025-09-18 09:06:37+00:00,LCK,1,T1,Dplus Kia,1,0.6393746167039458,0.662653025068693,0.7025908186520038
LOLTMNT01_289699,2025-09-18 10:04:45+00:00,LCK,1,Dplus Kia,T1,0,0.3606253832960542,0.37227530002047665,0.40697563269942927
LOLTMNT01_289712,2025-09-18 10:56:35+00:00,LCK,1,T1,Dplus Kia,1,0.6393746167039458,0.723451333370126,0.7554042927756487
LOLTMNT01_290456,2025-09-20 06:07:09+00:00,LCK,1,Hanwha Life Esports,KT Rolster,1,0.6320538577128733,0.6654400245306654,0.7105608492029515
LOLTMNT01_289914,2025-09-20 06:59:22+00:00,LCK,1,KT Rolster,Hanwha Life Esports,0,0.3679461422871267,0.3696118485968446,0.39826789878451024
LOLTMNT01_289916,2025-09-20 07:54:22+00:00,LCK,1,KT Rolster,Hanwha Life Esports,0,0.3679461422871267,0.33853867857590786,0.36824120286166584
12811-12811_game_1,2025-09-20 08:16:42+00:00,LPL,1,Anyone's Legend,Top Esports,0,0.4965721592616625,0.6021494005223428,0.6168975468202659
12811-12811_game_2,2025-09-20 09:10:09+00:00,LPL,1,Anyone's Legend,Top Esports,1,0.4965721592616625,0.5481910603255874,0.5682839417197038
12811-12811_game_3,2025-09-20 10:06:41+00:00,LPL,1,Top Esports,Anyone's Legend,1,0.5034278407383375,0.4789814423314283,0.5411433030875717
12811-12811_game_4,2025-09-20 11:07:27+00:00,LPL,1,Anyone's Legend,Top Esports,0,0.4965721592616625,0.5418770958092183,0.5641157178798679
LOLTMNT01_290576,2025-09-21 06:08:55+00:00,LCK,1,Gen.G,T1,1,0.6105570773884252,0.6928105714319981,0.724958526411121
LOLTMNT01_290579,2025-09-21 07:07:05+00:00,LCK,1,T1,Gen.G,1,0.3894429226115748,0.3432531728538297,0.38394664962454206
LOLTMNT01_291045,2025-09-21 07:59:49+00:00,LCK,1,Gen.G,T1,0,0.6105570773884252,0.6645770502127609,0.7006140243895337
12812-12812_game_1,2025-09-21 08:21:50+00:00,LPL,1,Bilibili Gaming,Top Esports,0,0.5158591668947343,0.515768332452173,0.5762816825242635
LOLTMNT01_291064,2025-09-21 08:57:05+00:00,LCK,1,T1,Gen.G,0,0.3894429226115748,0.4659411721095788,0.49901876075381985
12812-12812_game_2,2025-09-21 09:21:06+00:00,LPL,1,Bilibili Gaming,Top Esports,1,0.5158591668947343,0.4406754615792618,0.5080074684474163
LOLTMNT01_291071,2025-09-21 09:50:24+00:00,LCK,1,T1,Gen.G,0,0.3894429226115748,0.4238317277857346,0.46055926134478165
12812-12812_game_3,2025-09-21 10:18:18+00:00,LPL,1,Top Esports,Bilibili Gaming,1,0.4841408331052657,0.5765114712833829,0.5945525625831415
12812-12812_game_4,2025-09-21 11:10:07+00:00,LPL,1,Bilibili Gaming,Top Esports,1,0.5158591668947343,0.45295387447953683,0.5176373604631144
12812-12812_game_5,2025-09-21 12:03:38+00:00,LPL,1,Top Esports,Bilibili Gaming,0,0.4841408331052657,0.5654200893278823,0.5851485044923962
LOLTMNT05_154344,2025-09-26 15:31:49+00:00,LEC,1,Karmine Corp,Fnatic,0,0.5400174956449725,0.5582255132843745,0.5899303065414759
LOLTMNT05_154348,2025-09-26 16:37:04+00:00,LEC,1,Karmine Corp,Fnatic,0,0.5400174956449725,0.5073601330837229,0.5412717718145963
LOLTMNT01_290897,2025-09-27 05:23:49+00:00,LCK,1,KT Rolster,Gen.G,0,0.2878062967812325,0.28112527368640333,0.3215455953094011
LOLTMNT01_290898,2025-09-27 06:19:47+00:00,LCK,1,KT Rolster,Gen.G,0,0.2878062967812325,0.260509740816681,0.2995004310947907
LOLTMNT01_291427,2025-09-27 07:11:22+00:00,LCK,1,KT Rolster,Gen.G,0,0.2878062967812325,0.24224097108011738,0.28018312194685935
LOLTMNT05_155399,2025-09-27 15:15:11+00:00,LEC,1,Movistar KOI,Fnatic,1,0.5058976136568886,0.5352774176564629,0.5795112256030054
LOLTMNT05_154390,2025-09-27 16:09:44+00:00,LEC,1,Fnatic,Movistar KOI,1,0.4941023863431114,0.4907734103789865,0.5271502882929181
LOLTMNT05_154392,2025-09-27 17:05:39+00:00,LEC,1,Movistar KOI,Fnatic,1,0.5058976136568886,0.5312206818096452,0.5753125081919235
LOLTMNT05_155401,2025-09-27 18:03:01+00:00,LEC,1,Fnatic,Movistar KOI,0,0.4941023863431114,0.49447397403035825,0.5321886995276507
LOLTMNT01_290949,2025-09-28 05:30:31+00:00,LCK,1,Hanwha Life Esports,Gen.G,0,0.4073712546559562,0.4652678977881238,0.4889465012909017
LOLTMNT01_290950,2025-09-28 06:24:02+00:00,LCK,1,Hanwha Life Esports,Gen.G,0,0.4073712546559562,0.4232308291409936,0.4498515331664011
LOLTMNT01_290952,2025-09-28 07:27:40+00:00,LCK,1,Hanwha Life Esports,Gen.G,1,0.4073712546559562,0.3858747897568248,0.4151594278128177
LOLTMNT01_290953,2025-09-28 08:21:35+00:00,LCK,1,Gen.G,Hanwha Life Esports,1,0.5926287453440438,0.6259396572688016,0.6761845615789839
LOLTMNT05_155418,2025-09-28 15:14:38+00:00,LEC,1,Movistar KOI,G2 Esports,0,0.4199104898361026,0.4516558984324516,0.4829598920428659
LOLTMNT05_154417,2025-09-28 16:11:17+00:00,LEC,1,Movistar KOI,G2 Esports,0,0.4199104898361026,0.41110131354257884,0.44376725717258525
LOLTMNT05_154418,2025-09-28 17:10:18+00:00,LEC,1,Movistar KOI,G2 Esports,0,0.4199104898361026,0.3751442430449991,0.40817074681892945
LOLTMNT03_337058,2026-01-14 08:13:43+00:00,LCK,0,DN SOOPers,KT Rolster,1,0.2839882037496856,0.20899494953962425,0.22653267111513498
LOLTMNT03_337069,2026-01-14 09:06:16+00:00,LCK,0,DN SOOPers,KT Rolster,0,0.2839882037496856,0.22604022138110394,0.24576414063299976
13060-13060_game_1,2026-01-14 09:13:04+00:00,LPL,0,Invictus Gaming,Weibo Gaming,1,,0.5517184316869427,0.5317327500681558
LOLTMNT03_337081,2026-01-14 09:54:54+00:00,LCK,0,KT Rolster,DN SOOPers,1,0.7160117962503144,0.8358567011621888,0.8074399196435645
13060-13060_game_2,2026-01-14 10:19:19+00:00,LPL,0,Invictus Gaming,Weibo Gaming,0,,0.5986239062037892,0.5772116449522487
13060-13060_game_3,2026-01-14 11:17:57+00:00,LPL,0,Weibo Gaming,Invictus Gaming,1,,0.5301817072644249,0.5267810608129605
LOLTMNT03_337109,2026-01-14 11:22:18+00:00,LCK,0,Dplus Kia,HANJIN BRION,1,0.7742017208548521,0.8208640881187779,0.7995093354831704
LOLTMNT03_336084,2026-01-14 12:11:18+00:00,LCK,0,Dplus Kia,HANJIN BRION,1,0.7742017208548521,0.833255710904802,0.8130723907447989
13061-13061_game_1,2026-01-14 12:37:55+00:00,LPL,0,JD Gaming,Top Esports,1,,0.6879202933371181,0.6350175152825397
13061-13061_game_2,2026-01-14 13:26:09+00:00,LPL,0,JD Gaming,Top Esports,1,,0.7181459883519633,0.6672334491062523
13062-13062_game_1,2026-01-15 07:12:06+00:00,LPL,0,Ultra Prime,LGD Gaming,0,,0.45410585490756483,0.4284191576650545
LOLTMNT03_336244,2026-01-15 08:05:23+00:00,LCK,0,Kiwoom DRX,Gen.G,0,0.1733764518547981,0.10557493944675289,0.12990624430542835
13062-13062_game_2,2026-01-15 08:14:04+00:00,LPL,0,Ultra Prime,LGD Gaming,0,,0.4132122609058592,0.3895843252651423
LOLTMNT03_336246,2026-01-15 08:56:47+00:00,LCK,0,Gen.G,Kiwoom DRX,1,0.8266235481452019,0.9228056279217675,0.8958732254220085
13063-13063_game_1,2026-01-15 09:26:10+00:00,LPL,0,Anyone's Legend,Invictus Gaming,1,,0.8451750177785289,0.8336190785882958
LOLTMNT03_337298,2026-01-15 10:15:24+00:00,LCK,0,Nongshim RedForce,BNK FEARX,0,0.4393214513128777,0.4134536942020991,0.4093800672574807
13063-13063_game_2,2026-01-15 10:16:14+00:00,LPL,0,Anyone's Legend,Invictus Gaming,1,,0.855084303474356,0.84385357953346
LOLTMNT03_337304,2026-01-15 11:14:42+00:00,LCK,0,BNK FEARX,Nongshim RedForce,1,0.5606785486871223,0.6907855636889554,0.6735834011245685
13064-13064_game_1,2026-01-15 11:30:15+00:00,LPL,0,Bilibili Gaming,Weibo Gaming,0,,0.6659574915414839,0.6705291770522812
13064-13064_game_2,2026-01-15 12:30:36+00:00,LPL,0,Weibo Gaming,Bilibili Gaming,0,,0.4640594776481693,0.4331216655569565
13064-13064_game_3,2026-01-15 13:36:07+00:00,LPL,0,Bilibili Gaming,Weibo Gaming,1,,0.649582091133081,0.6541064938323535
LOLTMNT03_336495,2026-01-16 08:05:40+00:00,LCK,0,Dplus Kia,DN SOOPers,1,0.7160117962503145,0.8348509706738277,0.8183014021877523
LOLTMNT03_336502,2026-01-16 08:53:11+00:00,LCK,0,Dplus Kia,DN SOOPers,1,0.7160117962503145,0.84639972308227,0.8305770189313091
13106-13106_game_1,2026-01-16 09:16:42+00:00,LPL,0,Oh My God,LNG Esports,0,,0.4724580207637737,0.4312543027631774
13106-13106_game_2,2026-01-16 10:08:11+00:00,LPL,0,LNG Esports,Oh My God,1,,0.6424359674701822,0.6574632551957692
LOLTMNT03_337590,2026-01-16 10:08:16+00:00,LCK,0,T1,Hanwha Life Esports,0,0.5344793197670781,0.5566757261326251,0.5324225827067061
LOLTMNT03_336511,2026-01-16 11:07:37+00:00,LCK,0,Hanwha Life Esports,T1,0,0.465520680232922,0.569239347422351,0.5663696454979757
13066-13066_game_1,2026-01-16 11:10:15+00:00,LPL,0,EDward Gaming,Team WE,0,,0.7798123915031743,0.7448251791937062
LOLTMNT03_337603,2026-01-16 11:56:34+00:00,LCK,0,T1,Hanwha Life Esports,1,0.5344793197670781,0.5576995733926252,0.5348184585984435
13066-13066_game_2,2026-01-16 12:15:45+00:00,LPL,0,Team WE,EDward Gaming,1,,0.33820061358361775,0.35859649921900694
LOLTMNT03_336667,2026-01-17 08:05:53+00:00,LCK,0,BNK FEARX,HANJIN BRION,1,0.7343858566288946,0.7967365449461782,0.7964130737149563
LOLTMNT03_337754,2026-01-17 09:01:27+00:00,LCK,0,BNK FEARX,HANJIN BRION,0,0.7343858566288946,0.8119083575487864,0.8104834328444637
13067-13067_game_1,2026-01-17 09:15:53+00:00,LPL,0,Anyone's Legend,Bilibili Gaming,1,,0.7227716059631638,0.6979735941365871
LOLTMNT03_337756,2026-01-17 09:47:06+00:00,LCK,0,HANJIN BRION,BNK FEARX,0,0.2656141433711054,0.2981168642569897,0.27819637545062464
13067-13067_game_2,2026-01-17 10:13:08+00:00,LPL,0,Anyone's Legend,Bilibili Gaming,0,,0.7475743444508794,0.7232814714637557
LOLTMNT03_336695,2026-01-17 11:10:45+00:00,LCK,0,KT Rolster,Gen.G,0,0.2644564952454034,0.3637480316741356,0.35367209887913714
13067-13067_game_3,2026-01-17 11:11:12+00:00,LPL,0,Bilibili Gaming,Anyone's Legend,1,,0.37589555349302206,0.3799217762588711
LOLTMNT03_337782,2026-01-17 12:05:01+00:00,LCK,0,Gen.G,KT Rolster,1,0.7355435047545966,0.7722343388218427,0.7581059692807195
13068-13068_game_1,2026-01-17 12:22:23+00:00,LPL,0,Invictus Gaming,JD Gaming,1,,0.2818101423053116,0.330413417994642
13068-13068_game_2,2026-01-17 13:21:55+00:00,LPL,0,Invictus Gaming,JD Gaming,0,,0.34312556365143376,0.3909317474535715
13068-13068_game_3,2026-01-17 14:17:15+00:00,LPL,0,JD Gaming,Invictus Gaming,0,,0.7466154107455314,0.6889935499171594
LOLTMNT06_164200,2026-01-17 16:08:02+00:00,LEC,0,Fnatic,Los Ratones,1,0.714588,0.30450662010272417,0.319176022767362
LOLTMNT06_163223,2026-01-17 17:06:08+00:00,LEC,0,GiantX,Shifters,1,0.626506,0.6794821366125491,0.6533279253136448
LOLTMNT06_164218,2026-01-17 18:08:00+00:00,LEC,0,Team Heretics,Natus Vincere,0,0.47644,0.41757183683552684,0.4232764429047683
LOLTMNT06_164234,2026-01-17 19:07:52+00:00,LEC,0,SK Gaming,Team Vitality,0,0.387255,0.4921486558569148,0.46631296838638164
LOLTMNT06_163258,2026-01-17 20:06:09+00:00,LEC,0,Karmine Corp,Karmine Corp Blue,1,0.879121,0.6864794951478103,0.6567823532976692
LOLTMNT06_163282,2026-01-17 21:08:03+00:00,LEC,0,G2 Esports,Movistar KOI,0,0.612745,0.719601538368825,0.7143660757490958
LOLTMNT03_336834,2026-01-18 08:05:24+00:00,LCK,0,Hanwha Life Esports,Nongshim RedForce,0,0.7526977386290987,0.8663154686951776,0.8667669912705435
LOLTMNT03_336842,2026-01-18 08:58:36+00:00,LCK,0,Nongshim RedForce,Hanwha Life Esports,1,0.2473022613709013,0.22466207389931464,0.20605040543496908
13069-13069_game_1,2026-01-18 09:12:53+00:00,LPL,0,Bilibili Gaming,Top Esports,1,,0.7330959990858172,0.7154754165034289
13069-13069_game_2,2026-01-18 10:08:10+00:00,LPL,0,Bilibili Gaming,Top Esports,1,,0.7573309981232473,0.7394620714050302
LOLTMNT03_337890,2026-01-18 10:20:18+00:00,LCK,0,T1,Kiwoom DRX,1,0.8095228754686048,0.9300457875192222,0.9042625731775524
LOLTMNT03_337894,2026-01-18 11:12:18+00:00,LCK,0,T1,Kiwoom DRX,0,0.8095228754686048,0.9324417622241709,0.9083480634895571
13070-13070_game_1,2026-01-18 11:26:38+00:00,LPL,0,JD Gaming,Anyone's Legend,1,,0.3984347684444313,0.40020873738306034
LOLTMNT03_336867,2026-01-18 12:05:41+00:00,LCK,0,Kiwoom DRX,T1,0,0.1904771245313952,0.12294258061099084,0.14697751115997484
13070-13070_game_2,2026-01-18 12:23:38+00:00,LPL,0,JD Gaming,Anyone's Legend,0,,0.45886156650544246,0.4565362884058416
13070-13070_game_3,2026-01-18 13:33:03+00:00,LPL,0,Anyone's Legend,JD Gaming,0,,0.6537542249212488,0.6339127739611138
LOLTMNT06_163306,2026-01-18 16:09:02+00:00,LEC,0,Team Heretics,Shifters,0,,0.6427197367144697,0.6199994312701963
LOLTMNT06_163319,2026-01-18 17:13:41+00:00,LEC,0,Los Ratones,Karmine Corp Blue,0,0.581281,0.8506058667233507,0.7702449209229278
LOLTMNT06_164300,2026-01-18 18:16:21+00:00,LEC,0,Team Vitality,Natus Vincere,0,0.566327,0.4311445139681092,0.5054530986248622
LOLTMNT06_163332,2026-01-18 19:11:12+00:00,LEC,0,Fnatic,SK Gaming,0,0.7203390000000001,0.7648203512016261,0.7540306844000296
LOLTMNT06_164317,2026-01-18 20:04:44+00:00,LEC,0,G2 Esports,GiantX,0,0.695652,0.7716237210626602,0.7760125875618488
LOLTMNT06_164335,2026-01-18 21:10:16+00:00,LEC,0,Karmine Corp,Movistar KOI,0,0.4845359999999999,0.5164411505305397,0.5185552178046368
13071-13071_game_1,2026-01-19 07:13:41+00:00,LPL,0,Team WE,ThunderTalk Gaming,1,,0.5620108388980446,0.5475457161796714
13071-13071_game_2,2026-01-19 08:04:18+00:00,LPL,0,Team WE,ThunderTalk Gaming,1,,0.60762470775111,0.5961371308991795
13072-13072_game_1,2026-01-19 09:14:21+00:00,LPL,0,Weibo Gaming,Top Esports,0,,0.5780626039840235,0.5304174555005733
13072-13072_game_2,2026-01-19 10:23:55+00:00,LPL,0,Top Esports,Weibo Gaming,0,,0.5494789236895417,0.5708503617906319
13072-13072_game_3,2026-01-19 11:16:45+00:00,LPL,0,Weibo Gaming,Top Esports,0,,0.5755203564867588,0.5313764620432083
13073-13073_game_1,2026-01-19 12:21:37+00:00,LPL,0,Ninjas in Pyjamas,EDward Gaming,0,,0.4192404070616268,0.42208465144110546
13073-13073_game_2,2026-01-19 13:14:20+00:00,LPL,0,EDward Gaming,Ninjas in Pyjamas,0,,0.6862383349913659,0.6657358518640839
13073-13073_game_3,2026-01-19 14:05:50+00:00,LPL,0,EDward Gaming,Ninjas in Pyjamas,0,,0.6294622811556616,0.607563407544204
LOLTMNT06_163405,2026-01-19 16:09:18+00:00,LEC,0,Natus Vincere,Fnatic,0,0.441397,0.5349036043216866,0.5236431235694929
LOLTMNT06_164420,2026-01-19 17:13:34+00:00,LEC,0,Karmine Corp Blue,Team Vitality,0,,0.5388398395536929,0.5298257142403671
LOLTMNT06_163424,2026-01-19 18:14:25+00:00,LEC,0,Team Heretics,GiantX,1,0.334842,0.39718187981656133,0.37868239213653243
LOLTMNT06_164458,2026-01-19 19:30:22+00:00,LEC,0,Shifters,Movistar KOI,1,0.310722,0.24734373050907038,0.2683741560511356
LOLTMNT06_164476,2026-01-19 20:23:44+00:00,LEC,0,Los Ratones,Karmine Corp,0,0.226619,0.7103352108477213,0.6816876270163639
LOLTMNT06_164483,2026-01-19 21:46:20+00:00,LEC,0,G2 Esports,SK Gaming,1,0.7261409999999999,0.8006711515572619,0.8035926907023296
13074-13074_game_1,2026-01-20 09:14:03+00:00,LPL,0,Anyone's Legend,Weibo Gaming,1,,0.7904916054707216,0.7667335969275827
13074-13074_game_2,2026-01-20 10:07:15+00:00,LPL,0,Anyone's Legend,Weibo Gaming,1,,0.8064727041636913,0.7841085036355115
13075-13075_game_1,2026-01-20 11:17:22+00:00,LPL,0,Bilibili Gaming,Invictus Gaming,1,,0.7472496219229562,0.7289513259487062
13075-13075_game_2,2026-01-20 12:18:42+00:00,LPL,0,Bilibili Gaming,Invictus Gaming,1,,0.7689974383164488,0.7515802198647619
LOLTMNT03_338494,2026-01-21 08:05:24+00:00,LCK,0,Dplus Kia,Nongshim RedForce,1,0.6392415237036972,0.7361202795126086,0.7389545114870307
LOLTMNT03_339373,2026-01-21 09:07:05+00:00,LCK,0,Dplus Kia,Nongshim RedForce,0,0.6392415237036972,0.7589347230524525,0.7604701622433284
13076-13076_game_1,2026-01-21 09:13:30+00:00,LPL,0,LNG Esports,LGD Gaming,1,,0.6668453813991332,0.6287248025150711
LOLTMNT03_338498,2026-01-21 09:52:46+00:00,LCK,0,Dplus Kia,Nongshim RedForce,1,0.6392415237036972,0.7036307274950325,0.7089714164650134
13076-13076_game_2,2026-01-21 10:10:09+00:00,LPL,0,LNG Esports,LGD Gaming,0,,0.6989814395997835,0.6638490334849736
13076-13076_game_3,2026-01-21 11:07:56+00:00,LPL,0,LNG Esports,LGD Gaming,1,,0.6421029722681102,0.607099278299797
LOLTMNT03_338517,2026-01-21 11:14:52+00:00,LCK,0,DN SOOPers,Kiwoom DRX,0,0.5043294415348609,0.6415079395301038,0.6189081649896389
LOLTMNT03_338532,2026-01-21 12:06:46+00:00,LCK,0,Kiwoom DRX,DN SOOPers,0,0.495670558465139,0.48741236118532083,0.4837393071966894
13077-13077_game_1,2026-01-21 12:26:03+00:00,LPL,0,Top Esports,Invictus Gaming,1,,0.5508605621592537,0.5529345466549772
LOLTMNT03_338544,2026-01-21 13:00:21+00:00,LCK,0,DN SOOPers,Kiwoom DRX,1,0.5043294415348609,0.6306888067864709,0.6087385327396653
13077-13077_game_2,2026-01-21 13:27:23+00:00,LPL,0,Top Esports,Invictus Gaming,0,,0.5979221232487204,0.5975463805183988
13077-13077_game_3,2026-01-21 14:38:01+00:00,LPL,0,Invictus Gaming,Top Esports,1,,0.5307666677030519,0.5064274569756336
13078-13078_game_1,2026-01-22 07:11:47+00:00,LPL,0,Oh My God,Ultra Prime,0,,0.6802598509845148,0.6782047522683871
LOLTMNT03_339583,2026-01-22 08:05:25+00:00,LCK,0,Hanwha Life Esports,HANJIN BRION,1,0.7976602379764561,0.8728520915309339,0.8669980001816645
13078-13078_game_2,2026-01-22 08:06:15+00:00,LPL,0,Oh My God,Ultra Prime,0,,0.6234831042150073,0.620863576502956
LOLTMNT03_339592,2026-01-22 09:06:13+00:00,LCK,0,Hanwha Life Esports,HANJIN BRION,0,0.7976602379764561,0.8797425587351934,0.874063954689604
13079-13079_game_1,2026-01-22 09:16:51+00:00,LPL,0,EDward Gaming,ThunderTalk Gaming,1,,0.693556969162343,0.666216382639136
LOLTMNT03_339605,2026-01-22 10:02:22+00:00,LCK,0,HANJIN BRION,Hanwha Life Esports,0,0.2023397620235439,0.20517546083577326,0.1978350453120429
13079-13079_game_2,2026-01-22 10:07:53+00:00,LPL,0,EDward Gaming,ThunderTalk Gaming,1,,0.7220587133823255,0.695731426765361
LOLTMNT03_339627,2026-01-22 11:14:53+00:00,LCK,0,Gen.G,BNK FEARX,1,0.784857092693858,0.8102434179264578,0.8105851448058162
13080-13080_game_1,2026-01-22 11:16:23+00:00,LPL,0,Team WE,Ninjas in Pyjamas,1,,0.5225873741073895,0.49208094282386755
13080-13080_game_2,2026-01-22 12:08:44+00:00,LPL,0,Team WE,Ninjas in Pyjamas,0,,0.5726936995338922,0.5435459040315342
LOLTMNT03_340003,2026-01-22 12:11:59+00:00,LCK,0,Gen.G,BNK FEARX,1,0.784857092693858,0.8237664679395279,0.8237218682146237
13080-13080_game_3,2026-01-22 13:03:23+00:00,LPL,0,Team WE,Ninjas in Pyjamas,0,,0.5207443657997074,0.49352813323467926
13081-13081_game_1,2026-01-23 07:11:20+00:00,LPL,0,LGD Gaming,Oh My God,0,,0.6027906375027068,0.5577898685318009
LOLTMNT03_341143,2026-01-23 08:04:55+00:00,LCK,0,T1,KT Rolster,1,0.6888339930977472,0.7584196801526287,0.7488712216243664
13081-13081_game_2,2026-01-23 08:20:58+00:00,LPL,0,LGD Gaming,Oh My God,1,,0.5488189959436577,0.5033633860694992
LOLTMNT03_341150,2026-01-23 09:00:11+00:00,LCK,0,T1,KT Rolster,1,0.6888339930977472,0.7375999396602664,0.7309916277562641
13081-13081_game_3,2026-01-23 09:10:41+00:00,LPL,0,LGD Gaming,Oh My God,0,,0.5959777398213976,0.5577469961610594
13082-13082_game_1,2026-01-23 10:20:25+00:00,LPL,0,ThunderTalk Gaming,EDward Gaming,1,,0.3145363797090061,0.3234245764415759
LOLTMNT03_340138,2026-01-23 10:33:19+00:00,LCK,0,Kiwoom DRX,Nongshim RedForce,1,0.3773591836094168,0.36698715504748003,0.3762189927036008
13082-13082_game_2,2026-01-23 11:15:41+00:00,LPL,0,ThunderTalk Gaming,EDward Gaming,0,,0.3771254273480427,0.3827913403647696
LOLTMNT03_340145,2026-01-23 11:24:18+00:00,LCK,0,Kiwoom DRX,Nongshim RedForce,0,0.3773591836094168,0.4288739010733731,0.431266636507073
13082-13082_game_3,2026-01-23 12:14:49+00:00,LPL,0,EDward Gaming,ThunderTalk Gaming,1,,0.719695414543836,0.6958386533431685
LOLTMNT03_341173,2026-01-23 12:21:14+00:00,LCK,0,Nongshim RedForce,Kiwoom DRX,0,0.6226408163905832,0.6783197142049822,0.6527613646110915
13083-13083_game_1,2026-01-23 13:26:53+00:00,LPL,0,Bilibili Gaming,JD Gaming,0,,0.5947796659876831,0.5829457581509017
13083-13083_game_2,2026-01-23 14:37:50+00:00,LPL,0,JD Gaming,Bilibili Gaming,1,,0.5340671882079987,0.520295041450423
LOLTMNT03_341253,2026-01-24 08:04:56+00:00,LCK,0,DN SOOPers,Hanwha Life Esports,0,0.2522174631934633,0.2760776807253935,0.25151885518903994
LOLTMNT03_340232,2026-01-24 09:04:12+00:00,LCK,0,DN SOOPers,Hanwha Life Esports,1,0.2522174631934633,0.25453405089823283,0.2330276644067494
13084-13084_game_1,2026-01-24 09:15:02+00:00,LPL,0,Anyone's Legend,Top Esports,1,,0.797730501522226,0.7508533702780621
LOLTMNT03_341276,2026-01-24 10:06:14+00:00,LCK,0,DN SOOPers,Hanwha Life Esports,0,0.2522174631934633,0.3135556208162077,0.28757729958171374
13084-13084_game_2,2026-01-24 10:10:20+00:00,LPL,0,Anyone's Legend,Top Esports,0,,0.8133047502578079,0.7688587416212047
13084-13084_game_3,2026-01-24 11:02:10+00:00,LPL,0,Top Esports,Anyone's Legend,0,,0.2956383842581704,0.32889353918206704
LOLTMNT03_341342,2026-01-24 11:24:48+00:00,LCK,0,Dplus Kia,Gen.G,0,0.2893001312497075,0.31000486704929,0.2962772425278583
LOLTMNT03_341348,2026-01-24 12:21:19+00:00,LCK,0,Gen.G,Dplus Kia,1,0.7106998687502926,0.7716425100574124,0.7661098859160591
13085-13085_game_1,2026-01-24 12:22:10+00:00,LPL,0,JD Gaming,Weibo Gaming,0,,0.8003709191524527,0.7717985199341548
13085-13085_game_2,2026-01-24 13:19:44+00:00,LPL,0,Weibo Gaming,JD Gaming,1,,0.31263699455774685,0.32427104484425306
LOLTMNT04_149111,2026-01-24 15:51:32+00:00,LEC,0,GiantX,Los Ratones,1,0.7265619999999999,0.3089149286599646,0.32601233441347127
LOLTMNT04_149122,2026-01-24 16:36:30+00:00,LEC,0,Natus Vincere,Karmine Corp Blue,1,0.75,0.676141134740073,0.6472983477332329
LOLTMNT04_149134,2026-01-24 17:34:22+00:00,LEC,0,Team Heretics,Team Vitality,1,,0.48045167540015377,0.4560983246266057
LOLTMNT04_149143,2026-01-24 18:28:43+00:00,LEC,0,G2 Esports,Shifters,1,0.705128,0.8320016560965612,0.7978265689042626
LOLTMNT04_150134,2026-01-24 19:21:26+00:00,LEC,0,SK Gaming,Karmine Corp,0,0.206349,0.32994130597689253,0.32159506583640474
LOLTMNT04_149159,2026-01-24 20:19:05+00:00,LEC,0,Fnatic,Movistar KOI,0,0.393035,0.5482368131341793,0.5207603683725908
LOLTMNT03_341399,2026-01-25 08:05:39+00:00,LCK,0,BNK FEARX,T1,0,0.3072716795443077,0.2380090241252572,0.23632003797764908
LOLTMNT03_340339,2026-01-25 09:06:56+00:00,LCK,0,T1,BNK FEARX,0,0.6927283204556923,0.8257352395860348,0.8143037806612196
13086-13086_game_1,2026-01-25 09:14:08+00:00,LPL,0,Team WE,Ninjas in Pyjamas,1,,0.47309113998915425,0.44872391089397273
LOLTMNT03_340341,2026-01-25 10:12:05+00:00,LCK,0,BNK FEARX,T1,0,0.3072716795443077,0.2801764305241605,0.2759479796207429
13086-13086_game_2,2026-01-25 10:20:15+00:00,LPL,0,Team WE,Ninjas in Pyjamas,0,,0.5281369401843584,0.5025410611281615
LOLTMNT03_341439,2026-01-25 11:28:02+00:00,LCK,0,HANJIN BRION,KT Rolster,1,0.2981514976303699,0.2506793369891313,0.2513644929645347
13086-13086_game_3,2026-01-25 11:29:58+00:00,LPL,0,Team WE,Ninjas in Pyjamas,1,,0.4798152472733552,0.4567549840987376
LOLTMNT03_341446,2026-01-25 12:29:52+00:00,LCK,0,HANJIN BRION,KT Rolster,0,0.2981514976303699,0.3543097319292847,0.34628461698071966
13087-13087_game_1,2026-01-25 12:44:41+00:00,LPL,0,Invictus Gaming,Top Esports,0,,0.5698332594316858,0.5442381993478251
LOLTMNT03_341450,2026-01-25 13:39:08+00:00,LCK,0,KT Rolster,HANJIN BRION,1,0.70184850236963,0.73804143494313,0.7266306856237759
13087-13087_game_2,2026-01-25 13:41:49+00:00,LPL,0,Top Esports,Invictus Gaming,1,,0.5571336748324637,0.5572683184307492
LOLTMNT04_150207,2026-01-25 15:52:48+00:00,LEC,0,Team Vitality,Shifters,1,,0.6202165282795636,0.5998008284658435
LOLTMNT04_150214,2026-01-25 16:45:10+00:00,LEC,0,SK Gaming,Natus Vincere,0,0.360465,0.3368307930278891,0.34962905554931056
LOLTMNT04_149225,2026-01-25 17:41:52+00:00,LEC,0,Team Heretics,Los Ratones,0,0.611247,0.293215512624791,0.3113176312626798
LOLTMNT04_150239,2026-01-25 18:34:50+00:00,LEC,0,Karmine Corp Blue,Movistar KOI,0,0.138991,0.3159956770528018,0.3314350811283391
LOLTMNT04_149245,2026-01-25 19:22:26+00:00,LEC,0,Fnatic,GiantX,1,0.530457,0.603268997192598,0.6353536372086529
LOLTMNT04_149251,2026-01-25 20:13:39+00:00,LEC,0,G2 Esports,Karmine Corp,0,0.541237,0.6471958751432813,0.6366950643130967
13088-13088_game_1,2026-01-26 09:13:55+00:00,LPL,0,ThunderTalk Gaming,Team WE,0,,0.3876464462677508,0.3792873439100427
13088-13088_game_2,2026-01-26 10:04:06+00:00,LPL,0,ThunderTalk Gaming,Team WE,0,,0.35437786886998024,0.34562062612829575
13089-13089_game_1,2026-01-26 11:24:45+00:00,LPL,0,JD Gaming,Bilibili Gaming,1,,0.5116572370063965,0.5026596903598146
13089-13089_game_2,2026-01-26 12:31:33+00:00,LPL,0,JD Gaming,Bilibili Gaming,0,,0.5629389210831846,0.5513176342565325
13089-13089_game_3,2026-01-26 13:31:07+00:00,LPL,0,Bilibili Gaming,JD Gaming,0,,0.5634985973499153,0.5504797726454811
LOLTMNT04_150288,2026-01-26 15:56:02+00:00,LEC,0,SK Gaming,Karmine Corp Blue,1,0.557214,0.5141803958770866,0.5043309752782844
LOLTMNT04_149293,2026-01-26 16:40:33+00:00,LEC,0,Shifters,Los Ratones,0,0.64133,0.20669300079760783,0.23067465278810595
LOLTMNT04_149305,2026-01-26 17:39:01+00:00,LEC,0,Team Vitality,Fnatic,0,0.398496,0.38647990758634077,0.34173895537262067
LOLTMNT04_149323,2026-01-26 18:30:36+00:00,LEC,0,G2 Esports,Team Heretics,1,0.823353,0.784851695401804,0.8010403572718464
LOLTMNT04_150332,2026-01-26 19:21:50+00:00,LEC,0,Natus Vincere,Karmine Corp,0,0.296296,0.48587279266158867,0.4098178680496919
LOLTMNT04_150342,2026-01-26 20:10:44+00:00,LEC,0,Movistar KOI,GiantX,0,0.675862,0.6730668626487301,0.682906561112008
13090-13090_game_1,2026-01-27 07:13:52+00:00,LPL,0,LNG Esports,Ultra Prime,1,,0.7563394267276319,0.7307659764941873
13090-13090_game_2,2026-01-27 08:02:32+00:00,LPL,0,LNG Esports,Ultra Prime,1,,0.7765888838285147,0.7542605123402969
13091-13091_game_1,2026-01-27 09:06:42+00:00,LPL,0,Top Esports,Weibo Gaming,0,,0.5365286578480887,0.55852465059122
13091-13091_game_2,2026-01-27 10:00:37+00:00,LPL,0,Weibo Gaming,Top Esports,0,,0.5871898644075958,0.5414231701426752
13091-13091_game_3,2026-01-27 10:47:08+00:00,LPL,0,Top Esports,Weibo Gaming,0,,0.5411079358591147,0.5602157654875455
13092-13092_game_1,2026-01-27 11:56:02+00:00,LPL,0,Invictus Gaming,Anyone's Legend,0,,0.25916295844215215,0.2471609433958164
13092-13092_game_2,2026-01-27 12:50:48+00:00,LPL,0,Anyone's Legend,Invictus Gaming,0,,0.8101574150096882,0.8059675831076037
13092-13092_game_3,2026-01-27 13:48:01+00:00,LPL,0,Invictus Gaming,Anyone's Legend,0,,0.3001437906823282,0.2846372858194957
13093-13093_game_1,2026-01-28 07:12:22+00:00,LPL,0,Ultra Prime,LGD Gaming,1,,0.4441020359121078,0.41373730037434747
13093-13093_game_2,2026-01-28 08:02:47+00:00,LPL,0,Ultra Prime,LGD Gaming,0,,0.5016199843080553,0.47087342959409595
LOLTMNT01_326821,2026-01-28 08:04:54+00:00,LCK,0,Kiwoom DRX,HANJIN BRION,1,0.528165660460091,0.5547966854985031,0.5422581380821583
13093-13093_game_3,2026-01-28 08:58:34+00:00,LPL,0,Ultra Prime,LGD Gaming,0,,0.4558086825163361,0.4275460899720284
LOLTMNT01_326837,2026-01-28 09:03:47+00:00,LCK,0,Kiwoom DRX,HANJIN BRION,0,0.528165660460091,0.6012567226118003,0.5839410881459736
LOLTMNT01_327784,2026-01-28 09:59:21+00:00,LCK,0,HANJIN BRION,Kiwoom DRX,1,0.471834339539909,0.5280210172263776,0.5175872221980512
13094-13094_game_1,2026-01-28 10:04:00+00:00,LPL,0,LNG Esports,Oh My God,1,,0.7298760615800609,0.7352059773335116
LOLTMNT01_327799,2026-01-28 10:54:21+00:00,LCK,0,HANJIN BRION,Kiwoom DRX,0,0.471834339539909,0.5775495790675506,0.5848700624168638
13094-13094_game_2,2026-01-28 11:03:16+00:00,LPL,0,LNG Esports,Oh My God,1,,0.7535445450011029,0.7576848786752756
LOLTMNT01_326904,2026-01-28 11:49:42+00:00,LCK,0,Kiwoom DRX,HANJIN BRION,1,0.528165660460091,0.5501559977543529,0.538165374292729
13095-13095_game_1,2026-01-28 12:05:42+00:00,LPL,0,EDward Gaming,Ninjas in Pyjamas,0,,0.6101963392337094,0.5850536212209287
13095-13095_game_2,2026-01-28 13:08:28+00:00,LPL,0,EDward Gaming,Ninjas in Pyjamas,1,,0.5558180127474879,0.5320393078844652
13095-13095_game_3,2026-01-28 13:59:03+00:00,LPL,0,EDward Gaming,Ninjas in Pyjamas,1,,0.6021584295941564,0.5790985843870041
LOLTMNT01_331103,2026-01-29 08:07:19+00:00,LCK,0,BNK FEARX,DN SOOPers,1,0.6509830420541272,0.6590689739424945,0.6538965725399722
LOLTMNT01_332133,2026-01-29 09:07:12+00:00,LCK,0,BNK FEARX,DN SOOPers,1,0.6509830420541272,0.692792299992421,0.6855258283483913
13096-13096_game_1,2026-01-29 09:14:37+00:00,LPL,0,ThunderTalk Gaming,Ninjas in Pyjamas,0,,0.3686139796696109,0.3712922495856814
LOLTMNT01_332152,2026-01-29 09:53:36+00:00,LCK,0,BNK FEARX,DN SOOPers,0,0.6509830420541272,0.8039657798968807,0.7877747869731381
13096-13096_game_2,2026-01-29 10:04:43+00:00,LPL,0,Ninjas in Pyjamas,ThunderTalk Gaming,1,,0.726423032964538,0.7069173640158113
LOLTMNT01_332170,2026-01-29 10:47:32+00:00,LCK,0,DN SOOPers,BNK FEARX,0,0.3490169579458728,0.3076429651264325,0.3060181219604778
13097-13097_game_1,2026-01-29 11:08:40+00:00,LPL,0,Weibo Gaming,JD Gaming,1,,0.37188082358157315,0.3788836847317318
13097-13097_game_2,2026-01-29 12:15:36+00:00,LPL,0,Weibo Gaming,JD Gaming,0,,0.4335012333287155,0.43569109225953506
13097-13097_game_3,2026-01-29 13:12:26+00:00,LPL,0,JD Gaming,Weibo Gaming,0,,0.6746092876983091,0.6506922751968509
LOLTMNT01_331607,2026-01-30 08:05:48+00:00,LCK,0,KT Rolster,Nongshim RedForce,0,0.5746429267203965,0.6781580239440469,0.6746518766015307
LOLTMNT01_332667,2026-01-30 08:56:59+00:00,LCK,0,Nongshim RedForce,KT Rolster,1,0.4253570732796035,0.4123287353080305,0.39590739537736774
13098-13098_game_1,2026-01-30 09:11:00+00:00,LPL,0,Ultra Prime,Oh My God,0,,0.45449511835147893,0.4401579682169202
LOLTMNT01_331640,2026-01-30 09:57:18+00:00,LCK,0,Nongshim RedForce,KT Rolster,0,0.4253570732796035,0.47190724887663466,0.45177115255637024
13098-13098_game_2,2026-01-30 10:06:14+00:00,LPL,0,Ultra Prime,Oh My God,0,,0.4135649208149701,0.40054445526727417
LOLTMNT01_331650,2026-01-30 10:47:33+00:00,LCK,0,KT Rolster,Nongshim RedForce,1,0.5746429267203965,0.6428900622487091,0.6382748357243683
13099-13099_game_1,2026-01-30 11:11:36+00:00,LPL,0,Top Esports,Bilibili Gaming,0,,0.35288658170649373,0.3474056552678056
LOLTMNT01_332727,2026-01-30 11:49:42+00:00,LCK,0,KT Rolster,Nongshim RedForce,0,0.5746429267203965,0.6782585878396065,0.6719656687852025
13099-13099_game_2,2026-01-30 12:07:58+00:00,LPL,0,Bilibili Gaming,Top Esports,0,,0.7389186461136629,0.7238775787699124
13099-13099_game_3,2026-01-30 12:59:44+00:00,LPL,0,Bilibili Gaming,Top Esports,0,,0.6830238350184342,0.6711159513235819
LOLTMNT01_334295,2026-01-31 08:17:53+00:00,LCK,0,Dplus Kia,T1,0,0.3489730462107782,0.3333276739019327,0.32265375024331755
LOLTMNT01_334313,2026-01-31 09:15:38+00:00,LCK,0,T1,Dplus Kia,1,0.6510269537892218,0.7538039905049155,0.7441305546187925
13100-13100_game_1,2026-01-31 09:15:46+00:00,LPL,0,Anyone's Legend,JD Gaming,1,,0.5894508930121973,0.5762147693667997
LOLTMNT01_333373,2026-01-31 10:06:58+00:00,LCK,0,T1,Dplus Kia,1,0.6510269537892218,0.7743414599260238,0.7637986784815031
13100-13100_game_2,2026-01-31 10:12:57+00:00,LPL,0,Anyone's Legend,JD Gaming,0,,0.631663212402017,0.6167646244524467
13100-13100_game_3,2026-01-31 11:12:29+00:00,LPL,0,JD Gaming,Anyone's Legend,0,,0.49871477762878536,0.48813604124506343
13101-13101_game_1,2026-01-31 12:28:44+00:00,LPL,0,Invictus Gaming,Bilibili Gaming,0,,0.36756868130218384,0.35809251652185814
13101-13101_game_2,2026-01-31 13:36:01+00:00,LPL,0,Bilibili Gaming,Invictus Gaming,1,,0.7273251959658018,0.7159562523047976
LOLTMNT04_152292,2026-01-31 15:51:21+00:00,LEC,0,Team Heretics,SK Gaming,0,0.459948,0.5590147479240942,0.5495584387086255
LOLTMNT04_152324,2026-01-31 16:52:38+00:00,LEC,0,GiantX,Natus Vincere,1,0.5710660000000001,0.49314135883356247,0.5584229836820018
LOLTMNT04_151290,2026-01-31 17:45:57+00:00,LEC,0,Fnatic,Shifters,0,0.7199169999999999,0.7993968186223602,0.7669920361129301
LOLTMNT04_151303,2026-01-31 18:41:14+00:00,LEC,0,G2 Esports,Karmine Corp Blue,1,0.858586,0.8309431668042746,0.7973427310854608
LOLTMNT04_152357,2026-01-31 19:37:04+00:00,LEC,0,Team Vitality,Karmine Corp,1,0.2827,0.3139791433918382,0.31232286363773554
LOLTMNT04_152368,2026-01-31 20:32:16+00:00,LEC,0,Los Ratones,Movistar KOI,1,0.233645,0.6366107727149618,0.612951483041732
LOLTMNT01_336016,2026-02-01 08:08:08+00:00,LCK,0,Gen.G,Hanwha Life Esports,1,0.6899361433093909,0.7559223444115314,0.7467163778838094
LOLTMNT01_336021,2026-02-01 09:10:50+00:00,LCK,0,Gen.G,Hanwha Life Esports,1,0.6899361433093909,0.776154778086333,0.7658863576442386
13102-13102_game_1,2026-02-01 09:11:51+00:00,LPL,0,LNG Esports,LGD Gaming,1,,0.7377493827384983,0.702532468187625
13102-13102_game_2,2026-02-01 10:05:46+00:00,LPL,0,LNG Esports,LGD Gaming,0,,0.760351545697296,0.7278434341013275
LOLTMNT01_335069,2026-02-01 10:09:06+00:00,LCK,0,Gen.G,Hanwha Life Esports,1,0.6899361433093909,0.7938078357225099,0.78277334108222
13102-13102_game_3,2026-02-01 11:22:06+00:00,LPL,0,LNG Esports,LGD Gaming,1,,0.7051276858090627,0.6721041538670127
13103-13103_game_1,2026-02-01 12:29:13+00:00,LPL,0,Top Esports,Anyone's Legend,0,,0.35081165567539546,0.37708355900250595
13103-13103_game_2,2026-02-01 13:21:04+00:00,LPL,0,Anyone's Legend,Top Esports,1,,0.7405395031960479,0.6990142004524059
LOLTMNT04_151377,2026-02-01 15:53:22+00:00,LEC,0,Shifters,Natus Vincere,0,0.442786,0.35017227285274105,0.3616743297451429
LOLTMNT04_151408,2026-02-01 16:53:55+00:00,LEC,0,Team Heretics,Karmine Corp Blue,1,,0.5719723601669249,0.5558163461382643
LOLTMNT04_152447,2026-02-01 17:56:18+00:00,LEC,0,GiantX,Team Vitality,0,0.6,0.6194153853856474,0.6164445907065431
LOLTMNT04_152461,2026-02-01 18:52:52+00:00,LEC,0,SK Gaming,Movistar KOI,0,0.273859,0.35922770210705113,0.30602121304964974
LOLTMNT04_151435,2026-02-01 19:48:43+00:00,LEC,0,Fnatic,Karmine Corp,0,0.40796,0.49074556706994255,0.49731211510706264
LOLTMNT04_151443,2026-02-01 20:39:58+00:00,LEC,0,G2 Esports,Los Ratones,0,0.745098,0.5307838941777883,0.5216504017097973
13104-13104_game_1,2026-02-02 09:11:19+00:00,LPL,0,LGD Gaming,Oh My God,0,,0.5420086900804912,0.5022194617085145
13104-13104_game_2,2026-02-02 10:07:12+00:00,LPL,0,LGD Gaming,Oh My God,1,,0.49246995631353213,0.45437047815307313
13104-13104_game_3,2026-02-02 11:03:56+00:00,LPL,0,LGD Gaming,Oh My God,0,,0.5457196907255133,0.5102113991881091
13105-13105_game_1,2026-02-02 12:10:13+00:00,LPL,0,Weibo Gaming,Bilibili Gaming,0,,0.45455241427508103,0.4227574967716696
13105-13105_game_2,2026-02-02 13:05:37+00:00,LPL,0,Bilibili Gaming,Weibo Gaming,1,,0.6573179898218685,0.663197071148192
LOLTMNT04_152497,2026-02-02 15:51:50+00:00,LEC,0,Karmine Corp Blue,Fnatic,0,0.175412,0.3031237032803154,0.31840310141747225
LOLTMNT04_152504,2026-02-02 16:44:48+00:00,LEC,0,SK Gaming,GiantX,0,0.357143,0.40216996070599437,0.4526621554108563
LOLTMNT04_151516,2026-02-02 17:41:28+00:00,LEC,0,Los Ratones,Natus Vincere,0,0.4050629999999999,0.7147057292408467,0.6852681624236674
LOLTMNT04_151542,2026-02-02 18:40:18+00:00,LEC,0,G2 Esports,Team Vitality,1,0.626506,0.7218363144676295,0.7116126683237688
LOLTMNT04_152550,2026-02-02 19:41:46+00:00,LEC,0,Team Heretics,Movistar KOI,1,0.213287,0.3384411795211893,0.3289552807331341
LOLTMNT04_152561,2026-02-02 20:52:06+00:00,LEC,0,Karmine Corp,Shifters,1,0.778761,0.8067716212273539,0.7744515281258685
13065-13065_game_1,2026-02-03 09:10:59+00:00,LPL,0,LNG Esports,Ultra Prime,1,,0.8422127348749499,0.8206062830295012
13065-13065_game_2,2026-02-03 10:00:16+00:00,LPL,0,LNG Esports,Ultra Prime,1,,0.8521584203088529,0.8325002080651942
13107-13107_game_1,2026-02-03 11:16:26+00:00,LPL,0,JD Gaming,Invictus Gaming,0,,0.7384820132014934,0.6783647614210271
13107-13107_game_2,2026-02-03 12:08:35+00:00,LPL,0,JD Gaming,Invictus Gaming,1,,0.682355391813122,0.6218186703276753
13107-13107_game_3,2026-02-03 13:05:01+00:00,LPL,0,JD Gaming,Invictus Gaming,1,,0.7124107271624013,0.6556872113055765
13108-13108_game_1,2026-02-04 09:14:00+00:00,LPL,0,Team WE,EDward Gaming,0,,0.4768456745229219,0.4878510289935296
13108-13108_game_2,2026-02-04 10:10:17+00:00,LPL,0,EDward Gaming,Team WE,1,,0.6386683750915444,0.608485360837997
13109-13109_game_1,2026-02-04 11:36:36+00:00,LPL,0,Anyone's Legend,Weibo Gaming,0,,0.7389174986703027,0.7226751733717848
13109-13109_game_2,2026-02-04 12:38:00+00:00,LPL,0,Weibo Gaming,Anyone's Legend,0,,0.3858839432379475,0.37929167294693567
13109-13109_game_3,2026-02-04 13:35:23+00:00,LPL,0,Anyone's Legend,Weibo Gaming,1,,0.7128707560768149,0.6985835198505697
13110-13110_game_1,2026-02-05 09:15:18+00:00,LPL,0,ThunderTalk Gaming,Ninjas in Pyjamas,0,,0.3101821913293128,0.3110876388700254
13110-13110_game_2,2026-02-05 10:13:16+00:00,LPL,0,ThunderTalk Gaming,Ninjas in Pyjamas,0,,0.28606985300822907,0.28692316980241195
13111-13111_game_1,2026-02-05 11:30:15+00:00,LPL,0,Top Esports,JD Gaming,1,,0.40082968345626174,0.42931186625562895
13111-13111_game_2,2026-02-05 12:25:13+00:00,LPL,0,JD Gaming,Top Esports,0,,0.6126086861003551,0.5681879435879711
13112-13112_game_1,2026-02-06 07:21:23+00:00,LPL,0,Weibo Gaming,Invictus Gaming,1,,0.6489512395217418,0.6354121553359791
LOLTMNT01_338397,2026-02-06 08:05:10+00:00,LCK,0,HANJIN BRION,Kiwoom DRX,0,0.4524795865226418,0.47717962649038054,0.4588839311972066
13112-13112_game_2,2026-02-06 08:28:48+00:00,LPL,0,Weibo Gaming,Invictus Gaming,1,,0.6834776434789857,0.6686275239889731
LOLTMNT01_338416,2026-02-06 08:50:09+00:00,LCK,0,Kiwoom DRX,HANJIN BRION,0,0.5475204134773581,0.6384024422202886,0.6396465444752018
LOLTMNT01_338422,2026-02-06 09:45:35+00:00,LCK,0,HANJIN BRION,Kiwoom DRX,0,0.4524795865226418,0.4921585998506669,0.47546602192421356
13113-13113_game_1,2026-02-06 09:56:59+00:00,LPL,0,Bilibili Gaming,Anyone's Legend,1,,0.4749787579905258,0.46874658423162213
LOLTMNT01_338447,2026-02-06 10:59:51+00:00,LCK,0,DN SOOPers,KT Rolster,1,0.34419655465206,0.39170013062202563,0.38870982858448677
13113-13113_game_2,2026-02-06 11:05:20+00:00,LPL,0,Bilibili Gaming,Anyone's Legend,0,,0.5298724168885005,0.5197601597820922
13113-13113_game_3,2026-02-06 12:04:21+00:00,LPL,0,Anyone's Legend,Bilibili Gaming,1,,0.5930675483341014,0.5782199419914751
LOLTMNT01_338459,2026-02-06 12:11:32+00:00,LCK,0,DN SOOPers,KT Rolster,1,0.34419655465206,0.45175361616878074,0.4453682419684257
LOLTMNT01_338589,2026-02-07 08:07:00+00:00,LCK,0,Dplus Kia,Kiwoom DRX,1,0.7322781887765231,0.7484373586224442,0.7164375001376841
LOLTMNT01_338603,2026-02-07 08:55:19+00:00,LCK,0,Dplus Kia,Kiwoom DRX,1,0.7322781887765231,0.7695998089462436,0.7366213038582187
LOLTMNT01_338625,2026-02-07 10:09:22+00:00,LCK,0,DN SOOPers,Nongshim RedForce,0,0.4178473972877166,0.5349088321718775,0.5426991971155138
LOLTMNT01_337768,2026-02-07 11:00:32+00:00,LCK,0,Nongshim RedForce,DN SOOPers,0,0.5821526027122834,0.5885139267911115,0.5581970897446643
13120-13120_game_1,2026-02-07 11:10:12+00:00,LPL,0,Team WE,Ninjas in Pyjamas,0,,0.48376066992649547,0.4646363813172959
LOLTMNT01_338644,2026-02-07 11:54:25+00:00,LCK,0,DN SOOPers,Nongshim RedForce,1,0.4178473972877166,0.5398797477962111,0.5452966820543234
13120-13120_game_2,2026-02-07 12:12:44+00:00,LPL,0,Team WE,Ninjas in Pyjamas,0,,0.43974783468275314,0.42253247665385696
LOLTMNT05_175070,2026-02-07 15:52:29+00:00,LEC,0,Team Heretics,Fnatic,1,0.327314,0.39322643828776177,0.3705061724523245
LOLTMNT05_176049,2026-02-07 16:46:22+00:00,LEC,0,Karmine Corp Blue,Shifters,0,,0.5161945346213386,0.507009087897413
LOLTMNT05_176056,2026-02-07 17:38:18+00:00,LEC,0,SK Gaming,Los Ratones,0,0.485788,0.22178475305220388,0.2441356665881742
LOLTMNT05_176064,2026-02-07 18:34:46+00:00,LEC,0,G2 Esports,Natus Vincere,0,0.638767,0.652407835784998,0.628230525800973
LOLTMNT05_176078,2026-02-07 19:24:22+00:00,LEC,0,Movistar KOI,Team Vitality,0,0.594059,0.6234592545422275,0.6161559228853508
LOLTMNT05_176087,2026-02-07 20:20:50+00:00,LEC,0,Karmine Corp,GiantX,1,0.626506,0.6564247210082412,0.6459102022877405
LOLTMNT01_338745,2026-02-08 08:06:06+00:00,LCK,0,Nongshim RedForce,Kiwoom DRX,0,0.5977893458689383,0.6361505362772566,0.5915381894663565
LOLTMNT01_337856,2026-02-08 08:59:00+00:00,LCK,0,Kiwoom DRX,Nongshim RedForce,1,0.4022106541310617,0.49439982711492086,0.524450022452215
LOLTMNT01_337859,2026-02-08 09:55:03+00:00,LCK,0,Kiwoom DRX,Nongshim RedForce,1,0.4022106541310617,0.5474760555327104,0.5781553629950769
LOLTMNT05_175147,2026-02-08 15:53:10+00:00,LEC,0,Los Ratones,Team Vitality,0,0.419192,0.7376648101948576,0.7067187204628588
LOLTMNT05_175164,2026-02-08 16:47:25+00:00,LEC,0,GiantX,Karmine Corp Blue,0,0.853018,0.7558946992154112,0.7265612654699075
LOLTMNT05_176168,2026-02-08 17:38:57+00:00,LEC,0,Shifters,SK Gaming,1,0.523691,0.5275367983048493,0.5182503180450284
LOLTMNT05_175193,2026-02-08 18:36:43+00:00,LEC,0,Movistar KOI,Natus Vincere,1,0.566751,0.4552791731158214,0.5236940229857034
LOLTMNT05_175206,2026-02-08 19:34:09+00:00,LEC,0,Team Heretics,Karmine Corp,1,0.270833,0.32193207568010074,0.32912954267697325
LOLTMNT05_175214,2026-02-08 20:26:52+00:00,LEC,0,G2 Esports,Fnatic,1,0.626506,0.668369340190556,0.6680117329684284
13114-13114_game_1,2026-02-09 06:09:38+00:00,LPL,1,Team WE,Top Esports,1,,0.2817235059218365,0.3174228608642444
13114-13114_game_2,2026-02-09 07:24:14+00:00,LPL,1,Team WE,Top Esports,0,,0.34352216047492695,0.3794178390935098
13114-13114_game_3,2026-02-09 08:22:46+00:00,LPL,1,Team WE,Top Esports,0,,0.3153942882827605,0.35118195917483663
13114-13114_game_4,2026-02-09 09:14:40+00:00,LPL,1,Team WE,Top Esports,1,,0.2906159368218204,0.3260206295834454
13114-13114_game_5,2026-02-09 10:14:02+00:00,LPL,1,Team WE,Top Esports,0,,0.3527313853303321,0.38705073549225266
13115-13115_game_1,2026-02-09 11:24:39+00:00,LPL,1,Ninjas in Pyjamas,Invictus Gaming,0,,0.5831982318125989,0.6354707042516801
13115-13115_game_2,2026-02-09 12:29:15+00:00,LPL,1,Invictus Gaming,Ninjas in Pyjamas,0,,0.5449124746240159,0.5692637670598655
13115-13115_game_3,2026-02-09 13:26:36+00:00,LPL,1,Invictus Gaming,Ninjas in Pyjamas,0,,0.4951344241692412,0.5221134193967548
13115-13115_game_4,2026-02-09 14:22:57+00:00,LPL,1,Invictus Gaming,Ninjas in Pyjamas,0,,0.4499532179089078,0.4788912802709247
13116-13116_game_1,2026-02-10 06:09:39+00:00,LPL,1,ThunderTalk Gaming,LNG Esports,0,,0.12133686373389475,0.182553166797947
13116-13116_game_2,2026-02-10 06:57:56+00:00,LPL,1,ThunderTalk Gaming,LNG Esports,0,,0.11635324040324414,0.17208779298966523
13116-13116_game_3,2026-02-10 08:04:22+00:00,LPL,1,LNG Esports,ThunderTalk Gaming,1,,0.9149384893512804,0.9057326282530809
13117-13117_game_1,2026-02-10 09:32:27+00:00,LPL,1,Oh My God,EDward Gaming,1,,0.47379487422574856,0.5206974275050578
13117-13117_game_2,2026-02-10 10:37:42+00:00,LPL,1,Oh My God,EDward Gaming,1,,0.5288297445591182,0.57685467702836
13117-13117_game_3,2026-02-10 11:37:43+00:00,LPL,1,Oh My God,EDward Gaming,0,,0.5782724312946969,0.6260118284242969
13117-13117_game_4,2026-02-10 12:34:34+00:00,LPL,1,EDward Gaming,Oh My God,0,,0.5494967163208729,0.5818019630816947
13118-13118_game_1,2026-02-11 06:11:04+00:00,LPL,1,Oh My God,Invictus Gaming,0,,0.6554125640058588,0.7158944289054647
13118-13118_game_2,2026-02-11 07:20:17+00:00,LPL,1,Invictus Gaming,Oh My God,1,,0.4751613917102395,0.4972707224094716
13118-13118_game_3,2026-02-11 08:13:26+00:00,LPL,1,Invictus Gaming,Oh My God,1,,0.5300497597248378,0.5592300578298882
13119-13119_game_1,2026-02-11 09:17:05+00:00,LPL,1,LNG Esports,Team WE,0,,0.8119617358732932,0.8383691405498547
13119-13119_game_2,2026-02-11 10:16:45+00:00,LPL,1,Team WE,LNG Esports,1,,0.29813969420847236,0.33683497406547686
13119-13119_game_3,2026-02-11 11:15:40+00:00,LPL,1,Team WE,LNG Esports,0,,0.36055197948273254,0.40839202716026696
13119-13119_game_4,2026-02-11 12:10:08+00:00,LPL,1,LNG Esports,Team WE,0,,0.7326539753581928,0.7579601933232809
LOLTMNT02_352362,2026-02-12 08:04:05+00:00,LCK,0,DN SOOPers,BNK FEARX,1,0.3579362443822456,0.4617498600508743,0.43825908312253176
LOLTMNT02_351385,2026-02-12 08:55:20+00:00,LCK,0,DN SOOPers,BNK FEARX,0,0.3579362443822456,0.5176459312845914,0.49126253091899963
LOLTMNT02_351402,2026-02-12 09:56:42+00:00,LCK,0,BNK FEARX,DN SOOPers,1,0.6420637556177544,0.6037663506500789,0.6043633110473524
LOLTMNT02_352407,2026-02-12 10:48:56+00:00,LCK,0,BNK FEARX,DN SOOPers,0,0.6420637556177544,0.6442929931866705,0.6419603062579942
LOLTMNT02_352429,2026-02-12 11:41:51+00:00,LCK,0,DN SOOPers,BNK FEARX,0,0.3579362443822456,0.48607117325821314,0.462087152428247
LOLTMNT02_352782,2026-02-13 08:06:47+00:00,LCK,0,Dplus Kia,Kiwoom DRX,0,0.6940126767558082,0.729691824746486,0.7543459939608302
LOLTMNT02_352790,2026-02-13 09:03:09+00:00,LCK,0,Dplus Kia,Kiwoom DRX,1,0.6940126767558082,0.6731470217024264,0.6668061979468413
LOLTMNT02_351807,2026-02-13 10:06:25+00:00,LCK,0,Dplus Kia,Kiwoom DRX,0,0.6940126767558082,0.7043446660198297,0.7053856380359571
LOLTMNT02_352851,2026-02-13 11:11:59+00:00,LCK,0,Dplus Kia,Kiwoom DRX,1,0.6940126767558082,0.6473809222605148,0.6358503744754315
LOLTMNT02_351868,2026-02-13 12:01:25+00:00,LCK,0,Dplus Kia,Kiwoom DRX,1,0.6940126767558082,0.6820342453364612,0.6756499453761176
LOLTMNT02_354256,2026-02-14 08:07:25+00:00,LCK,0,Dplus Kia,Gen.G,0,0.2441801490939379,0.21701856601237093,0.21267421235166536
LOLTMNT02_354263,2026-02-14 09:01:24+00:00,LCK,0,Dplus Kia,Gen.G,1,0.2441801490939379,0.20341108518920448,0.20022581119505328
LOLTMNT02_353283,2026-02-14 10:10:21+00:00,LCK,0,Dplus Kia,Gen.G,0,0.2441801490939379,0.2595465192664693,0.25160482679484125
LOLTMNT02_353312,2026-02-14 11:05:18+00:00,LCK,0,Gen.G,Dplus Kia,1,0.7558198509060621,0.8096428796904337,0.8010425673617134
LOLTMNT02_353559,2026-02-15 08:05:24+00:00,LCK,0,BNK FEARX,T1,1,0.291553029848871,0.2440583965487032,0.24247084324644752
LOLTMNT02_353572,2026-02-15 09:00:12+00:00,LCK,0,BNK FEARX,T1,0,0.291553029848871,0.30399601663635095,0.299533306195417
LOLTMNT02_354619,2026-02-15 09:56:35+00:00,LCK,0,T1,BNK FEARX,0,0.708446970151129,0.7761786078461695,0.7639085246491337
LOLTMNT02_354641,2026-02-15 10:48:53+00:00,LCK,0,BNK FEARX,T1,1,0.291553029848871,0.342553315966625,0.3350935338887645
LOLTMNT05_176683,2026-02-16 15:58:59+00:00,LEC,1,Natus Vincere,Fnatic,1,0.4896892051116118,0.6042466817844548,0.6353370220629255
LOLTMNT05_175676,2026-02-16 16:50:26+00:00,LEC,1,Fnatic,Natus Vincere,0,0.5103107948883882,0.4269198073714971,0.4791284240255457
LOLTMNT05_176711,2026-02-16 17:46:04+00:00,LEC,1,Movistar KOI,Team Vitality,1,0.5735464243168297,0.5626290922269043,0.5982577253731672
LOLTMNT05_175701,2026-02-16 19:21:38+00:00,LEC,1,Movistar KOI,Team Vitality,1,0.5735464243168297,0.6081474507576842,0.6464241997897717
LOLTMNT05_175735,2026-02-17 15:54:08+00:00,LEC,1,Team Heretics,G2 Esports,0,0.2902427762375252,0.3376672624666625,0.33297716381513753
LOLTMNT05_176751,2026-02-17 16:38:49+00:00,LEC,1,G2 Esports,Team Heretics,1,0.7097572237624747,0.7506735195062385,0.8071686265585647
LOLTMNT05_175753,2026-02-17 17:26:37+00:00,LEC,1,Karmine Corp,GiantX,1,0.6699427132119974,0.6907140214261812,0.7243399689690089
LOLTMNT05_176774,2026-02-17 18:19:36+00:00,LEC,1,GiantX,Karmine Corp,0,0.3300572867880026,0.3452015733898339,0.3809191613592053
LOLTMNT02_356392,2026-02-19 08:06:05+00:00,LCK,0,Kiwoom DRX,DN SOOPers,0,0.4867650191616518,0.48607360696469265,0.4572935103968275
LOLTMNT02_356399,2026-02-19 08:59:02+00:00,LCK,0,DN SOOPers,Kiwoom DRX,1,0.5132349808383482,0.6310547643716274,0.6430778917552998
LOLTMNT02_355443,2026-02-19 09:49:11+00:00,LCK,0,DN SOOPers,Kiwoom DRX,0,0.5132349808383482,0.6681137220556695,0.6813617948730389
LOLTMNT02_355446,2026-02-19 10:37:09+00:00,LCK,0,Kiwoom DRX,DN SOOPers,0,0.4867650191616518,0.46200032245033923,0.43634150101272434
LOLTMNT02_356582,2026-02-20 08:06:25+00:00,LCK,0,DN SOOPers,Dplus Kia,0,0.3594361647897091,0.4292723937233783,0.403972136129674
LOLTMNT02_355637,2026-02-20 10:07:12+00:00,LCK,0,Dplus Kia,DN SOOPers,0,0.6405638352102909,0.6781311534877972,0.679043492352781
LOLTMNT02_355631,2026-02-20 10:07:12+00:00,LCK,0,Dplus Kia,DN SOOPers,0,0.6405638352102909,0.6214784578231327,0.6263381667941031
LOLTMNT02_356609,2026-02-20 11:02:23+00:00,LCK,0,DN SOOPers,Dplus Kia,0,0.3594361647897091,0.5086011701280153,0.4786184698484018
LOLTMNT05_176983,2026-02-20 15:53:01+00:00,LEC,1,Movistar KOI,Natus Vincere,1,0.5647465669931697,0.514378776740886,0.6248630357391033
LOLTMNT05_175960,2026-02-20 16:46:56+00:00,LEC,1,Movistar KOI,Natus Vincere,1,0.5647465669931697,0.5652291234309028,0.6664751596569788
LOLTMNT05_176994,2026-02-20 17:49:11+00:00,LEC,1,G2 Esports,Karmine Corp,1,0.4680873327395356,0.5838143751290982,0.6258890346885703
LOLTMNT05_175986,2026-02-20 18:50:14+00:00,LEC,1,G2 Esports,Karmine Corp,1,0.4680873327395356,0.6267396805153275,0.6650008533672932
LOLTMNT02_356695,2026-02-21 08:08:52+00:00,LCK,0,Gen.G,BNK FEARX,1,0.7542355420858373,0.7942242767865255,0.7996152835340764
LOLTMNT02_355782,2026-02-21 09:07:41+00:00,LCK,0,Gen.G,BNK FEARX,1,0.7542355420858373,0.8096218735003804,0.8137422615286509
LOLTMNT02_356711,2026-02-21 10:03:38+00:00,LCK,0,Gen.G,BNK FEARX,0,0.7542355420858373,0.8231814894718219,0.8259130274977912
LOLTMNT02_355793,2026-02-21 10:56:33+00:00,LCK,0,Gen.G,BNK FEARX,1,0.7542355420858373,0.77362423250698,0.7788742519286188
LOLTMNT05_177016,2026-02-21 15:52:26+00:00,LEC,1,GiantX,Team Heretics,1,0.5910766352717681,0.5280588701854736,0.5844275254131501
LOLTMNT05_178010,2026-02-21 16:43:34+00:00,LEC,1,GiantX,Team Heretics,0,0.5910766352717681,0.5775423980727058,0.6305462435640372
LOLTMNT05_177019,2026-02-21 17:51:35+00:00,LEC,1,GiantX,Team Heretics,1,0.5910766352717681,0.5252616753123112,0.5799162064194082
LOLTMNT05_177030,2026-02-21 18:44:19+00:00,LEC,1,Team Vitality,Fnatic,1,0.5521929048752181,0.5504729901338236,0.5325246606873878
LOLTMNT05_178014,2026-02-21 19:42:25+00:00,LEC,1,Team Vitality,Fnatic,1,0.5521929048752181,0.5974359846881541,0.5851676611912704
LOLTMNT02_356869,2026-02-22 08:08:41+00:00,LCK,0,Dplus Kia,T1,0,0.3606724043066044,0.34530084030821373,0.33092358957647744
LOLTMNT02_356875,2026-02-22 09:08:21+00:00,LCK,0,Dplus Kia,T1,0,0.3606724043066044,0.3170697831333333,0.3054156379654088
LOLTMNT02_356881,2026-02-22 10:01:38+00:00,LCK,0,T1,Dplus Kia,0,0.6393275956933956,0.7662113355216932,0.7587784183923142
LOLTMNT02_355917,2026-02-22 11:04:59+00:00,LCK,0,Dplus Kia,T1,1,0.3606724043066044,0.354463839335318,0.33858124797957656
LOLTMNT02_356890,2026-02-22 12:02:50+00:00,LCK,0,Dplus Kia,T1,1,0.3606724043066044,0.4167092590447783,0.3944505412246872
LOLTMNT05_177049,2026-02-22 15:53:15+00:00,LEC,1,Natus Vincere,GiantX,1,0.5290928319540871,0.6432729073493106,0.6026397766227042
LOLTMNT05_178021,2026-02-22 16:48:38+00:00,LEC,1,Natus Vincere,GiantX,0,0.5290928319540871,0.6787707196893408,0.6684795552370458
LOLTMNT05_178023,2026-02-22 17:38:52+00:00,LEC,1,GiantX,Natus Vincere,1,0.4709071680459129,0.4509402171581765,0.5428141044404586
LOLTMNT05_177060,2026-02-22 18:41:27+00:00,LEC,1,Team Vitality,Karmine Corp,1,0.3419588024367044,0.44124606335711836,0.48054861409549976
LOLTMNT05_178032,2026-02-22 19:39:32+00:00,LEC,1,Team Vitality,Karmine Corp,0,0.3419588024367044,0.49897834629077936,0.5371008044261985
LOLTMNT05_177061,2026-02-22 20:35:48+00:00,LEC,1,Team Vitality,Karmine Corp,0,0.3419588024367044,0.4534222569726145,0.4926616392434776
LOLTMNT05_178056,2026-02-23 15:56:51+00:00,LEC,1,G2 Esports,Movistar KOI,1,0.5526628474025648,0.6450733553305322,0.6904809725953022
LOLTMNT05_178057,2026-02-23 16:52:39+00:00,LEC,1,G2 Esports,Movistar KOI,1,0.5526628474025648,0.6800235940663087,0.7207649592162921
LOLTMNT05_177077,2026-02-23 17:40:36+00:00,LEC,1,G2 Esports,Movistar KOI,1,0.5526628474025648,0.7102787684330367,0.7467763368519977
13121-13121_game_1,2026-02-24 06:10:45+00:00,LPL,1,Top Esports,JD Gaming,1,,0.49280522785921166,0.5654642630755178
13121-13121_game_2,2026-02-24 07:04:44+00:00,LPL,1,Top Esports,JD Gaming,0,,0.5460052570002152,0.6124825824442504
13121-13121_game_3,2026-02-24 07:51:36+00:00,LPL,1,JD Gaming,Top Esports,0,,0.5787736712425633,0.5877299792847572
13121-13121_game_4,2026-02-24 08:49:42+00:00,LPL,1,JD Gaming,Top Esports,1,,0.5263760583096996,0.5402499885235063
13121-13121_game_5,2026-02-24 09:45:40+00:00,LPL,1,JD Gaming,Top Esports,1,,0.5760805219927952,0.5866155528479419
13122-13122_game_1,2026-02-24 11:12:57+00:00,LPL,1,Team WE,Anyone's Legend,0,,0.20275835754570254,0.24947967479167885
13122-13122_game_2,2026-02-24 12:03:06+00:00,LPL,1,Anyone's Legend,Team WE,1,,0.8517415849860449,0.8588137752429589
13122-13122_game_3,2026-02-24 12:52:59+00:00,LPL,1,Anyone's Legend,Team WE,1,,0.8606681531720048,0.8676963159889074
13123-13123_game_1,2026-02-25 06:11:42+00:00,LPL,1,Invictus Gaming,Weibo Gaming,0,,0.3904448291243643,0.4336640398769149
13123-13123_game_2,2026-02-25 07:19:27+00:00,LPL,1,Weibo Gaming,Invictus Gaming,1,,0.7091846670441059,0.7357530032104453
13123-13123_game_3,2026-02-25 08:13:35+00:00,LPL,1,Weibo Gaming,Invictus Gaming,1,,0.7355796934544913,0.7592095623619234
13124-13124_game_1,2026-02-25 09:30:11+00:00,LPL,1,Bilibili Gaming,Ninjas in Pyjamas,1,,0.7288376181316437,0.7727017011394403
13124-13124_game_2,2026-02-25 10:24:57+00:00,LPL,1,Bilibili Gaming,Ninjas in Pyjamas,1,,0.7526121950073943,0.7925043363808834
13124-13124_game_3,2026-02-25 11:20:16+00:00,LPL,1,Bilibili Gaming,Ninjas in Pyjamas,1,,0.7732665464544369,0.8099540082051201
13125-13125_game_1,2026-02-26 09:13:13+00:00,LPL,1,Anyone's Legend,JD Gaming,1,,0.718317171291908,0.7364995934372107
13125-13125_game_2,2026-02-26 10:08:15+00:00,LPL,1,Anyone's Legend,JD Gaming,0,,0.7435324345486589,0.7594231546775297
13125-13125_game_3,2026-02-26 11:05:57+00:00,LPL,1,JD Gaming,Anyone's Legend,1,,0.3807430961531639,0.43215068133993106
13125-13125_game_4,2026-02-26 12:05:34+00:00,LPL,1,JD Gaming,Anyone's Legend,0,,0.44206284384301203,0.49036561943124857
13125-13125_game_5,2026-02-26 12:55:32+00:00,LPL,1,Anyone's Legend,JD Gaming,0,,0.6675770150689101,0.6928412526855097
13126-13126_game_1,2026-02-27 09:14:17+00:00,LPL,1,Bilibili Gaming,Weibo Gaming,1,,0.6347629703880225,0.6913768021413966
13126-13126_game_2,2026-02-27 10:10:57+00:00,LPL,1,Bilibili Gaming,Weibo Gaming,1,,0.671120356178133,0.7213431907427276
13126-13126_game_3,2026-02-27 10:59:24+00:00,LPL,1,Bilibili Gaming,Weibo Gaming,1,,0.7026167139218668,0.7471030120237384
LOLTMNT05_180071,2026-02-27 16:21:14+00:00,LEC,1,GiantX,Karmine Corp,0,0.3202904222092833,0.4016864376474938,0.4295849776236359
LOLTMNT05_180072,2026-02-27 17:16:06+00:00,LEC,1,GiantX,Karmine Corp,0,0.3202904222092833,0.3667850800471597,0.3951928320425907
LOLTMNT05_179080,2026-02-27 18:09:35+00:00,LEC,1,GiantX,Karmine Corp,0,0.3202904222092833,0.33600647488334456,0.36472543767032456
LOLTMNT02_360177,2026-02-28 08:23:00+00:00,LCK,0,Dplus Kia,BNK FEARX,0,0.5194013322389136,0.5399419683639238,0.5541330373094324
13127-13127_game_1,2026-02-28 09:10:38+00:00,LPL,1,Team WE,Top Esports,0,,0.4005112671428102,0.4290670327419836
LOLTMNT02_360180,2026-02-28 09:16:16+00:00,LCK,0,BNK FEARX,Dplus Kia,1,0.4805986677610864,0.584181594093642,0.5449993024386657
13127-13127_game_2,2026-02-28 10:03:23+00:00,LPL,1,Team WE,Top Esports,0,,0.36572596436640536,0.39566508815794227
LOLTMNT02_360183,2026-02-28 10:13:45+00:00,LCK,0,BNK FEARX,Dplus Kia,1,0.4805986677610864,0.6270472809491093,0.5862619380227805
13127-13127_game_3,2026-02-28 10:55:27+00:00,LPL,1,Team WE,Top Esports,0,,0.3350502689334599,0.3658430231013936
LOLTMNT05_179108,2026-02-28 16:20:06+00:00,LEC,1,Movistar KOI,Karmine Corp,1,0.437422125884526,0.43982000113217046,0.48358731718889425
LOLTMNT05_180085,2026-02-28 17:19:02+00:00,LEC,1,Movistar KOI,Karmine Corp,0,0.437422125884526,0.4976869051221455,0.5393493690447786
LOLTMNT05_180086,2026-02-28 18:09:20+00:00,LEC,1,Movistar KOI,Karmine Corp,1,0.437422125884526,0.4522709055826478,0.496374079141745
LOLTMNT05_179109,2026-02-28 19:01:45+00:00,LEC,1,Movistar KOI,Karmine Corp,0,0.437422125884526,0.5091643280176029,0.5496362998507782
LOLTMNT05_180087,2026-02-28 19:59:59+00:00,LEC,1,Movistar KOI,Karmine Corp,0,0.437422125884526,0.4626248928811227,0.5049750856629011
LOLTMNT02_360283,2026-03-01 08:22:46+00:00,LCK,0,Gen.G,BNK FEARX,1,0.7180390326050998,0.7434561088358024,0.7536252447968967
13128-13128_game_1,2026-03-01 09:11:06+00:00,LPL,1,Invictus Gaming,Ninjas in Pyjamas,1,,0.4844982849653123,0.5089255937542534
LOLTMNT02_360285,2026-03-01 09:14:27+00:00,LCK,0,Gen.G,BNK FEARX,1,0.7180390326050998,0.7652681681790345,0.7729043994930915
LOLTMNT02_360286,2026-03-01 10:01:17+00:00,LCK,0,Gen.G,BNK FEARX,1,0.7180390326050998,0.7842606550168545,0.7901166573659237
13128-13128_game_2,2026-03-01 10:09:54+00:00,LPL,1,Invictus Gaming,Ninjas in Pyjamas,0,,0.5385236704554184,0.5610395107459136
13128-13128_game_3,2026-03-01 11:15:44+00:00,LPL,1,Invictus Gaming,Ninjas in Pyjamas,1,,0.48929012420099804,0.5156031967534863
13128-13128_game_4,2026-03-01 12:10:43+00:00,LPL,1,Invictus Gaming,Ninjas in Pyjamas,1,,0.5428576376526995,0.5673175536378351
LOLTMNT05_180114,2026-03-01 16:19:58+00:00,LEC,1,G2 Esports,Karmine Corp,1,0.5696099656206633,0.6446923290289717,0.6826465049598188
LOLTMNT05_180115,2026-03-01 17:23:48+00:00,LEC,1,G2 Esports,Karmine Corp,1,0.5696099656206633,0.6797070812638395,0.7139951824631658
LOLTMNT05_179123,2026-03-01 18:20:14+00:00,LEC,1,G2 Esports,Karmine Corp,0,0.5696099656206633,0.7100205888697128,0.7414074985075543
LOLTMNT05_179124,2026-03-01 19:15:05+00:00,LEC,1,G2 Esports,Karmine Corp,0,0.5696099656206633,0.6531027274639848,0.6913657172531482
LOLTMNT05_179126,2026-03-01 20:19:40+00:00,LEC,1,G2 Esports,Karmine Corp,1,0.5696099656206633,0.5968106853753772,0.641137566009343
13129-13129_game_1,2026-03-02 09:10:40+00:00,LPL,1,Weibo Gaming,Top Esports,1,,0.536304200712143,0.5492485818097809
13129-13129_game_2,2026-03-02 10:05:06+00:00,LPL,1,Weibo Gaming,Top Esports,0,,0.5849030850933181,0.5953577918417551
13129-13129_game_3,2026-03-02 11:01:53+00:00,LPL,1,Weibo Gaming,Top Esports,1,,0.5320712155096582,0.5478029180626329
13129-13129_game_4,2026-03-02 11:58:44+00:00,LPL,1,Weibo Gaming,Top Esports,0,,0.5811469145486872,0.594033158379414
13129-13129_game_5,2026-03-02 12:52:33+00:00,LPL,1,Weibo Gaming,Top Esports,1,,0.5285692835746386,0.5457099464104637
13130-13130_game_1,2026-03-03 09:11:11+00:00,LPL,1,Invictus Gaming,Anyone's Legend,0,,0.2514633547630982,0.2819814871671507
13130-13130_game_2,2026-03-03 10:03:06+00:00,LPL,1,Anyone's Legend,Invictus Gaming,0,,0.8157172151560527,0.8388034873532699
13130-13130_game_3,2026-03-03 10:56:54+00:00,LPL,1,Invictus Gaming,Anyone's Legend,0,,0.29324515424142644,0.32378251887946635
13130-13130_game_4,2026-03-03 11:50:49+00:00,LPL,1,Anyone's Legend,Invictus Gaming,1,,0.7843458179819977,0.8121643802414947
13131-13131_game_1,2026-03-04 09:12:44+00:00,LPL,1,JD Gaming,Bilibili Gaming,1,,0.4236194752964925,0.47844523527740535
13131-13131_game_2,2026-03-04 10:18:43+00:00,LPL,1,JD Gaming,Bilibili Gaming,0,,0.48264787253982006,0.53395007082394
13131-13131_game_3,2026-03-04 11:17:43+00:00,LPL,1,Bilibili Gaming,JD Gaming,0,,0.6337830887883241,0.6580076136926303
13131-13131_game_4,2026-03-04 12:17:40+00:00,LPL,1,JD Gaming,Bilibili Gaming,0,,0.49671907613685595,0.5459715179862957
13131-13131_game_5,2026-03-04 13:12:43+00:00,LPL,1,Bilibili Gaming,JD Gaming,1,,0.6218237918614913,0.6484342081430846
13132-13132_game_1,2026-03-05 09:12:47+00:00,LPL,1,Anyone's Legend,Weibo Gaming,0,,0.6793385587086861,0.7132459102048924
13132-13132_game_2,2026-03-05 10:10:05+00:00,LPL,1,Weibo Gaming,Anyone's Legend,1,,0.45068248296095864,0.48640564357297544
13132-13132_game_3,2026-03-05 11:09:49+00:00,LPL,1,Weibo Gaming,Anyone's Legend,0,,0.5076932087582356,0.5395743958548581
13132-13132_game_4,2026-03-05 12:06:06+00:00,LPL,1,Anyone's Legend,Weibo Gaming,0,,0.6124010415639929,0.6541629170782397
13133-13133_game_1,2026-03-07 09:12:06+00:00,LPL,1,JD Gaming,Weibo Gaming,1,,0.5411364370929498,0.5797882067101258
13133-13133_game_2,2026-03-07 10:09:15+00:00,LPL,1,JD Gaming,Weibo Gaming,1,,0.5891853918186744,0.6227912023503677
13133-13133_game_3,2026-03-07 11:07:43+00:00,LPL,1,JD Gaming,Weibo Gaming,1,,0.6314251945904868,0.6603726599994639
13134-13134_game_1,2026-03-08 09:17:50+00:00,LPL,1,Bilibili Gaming,JD Gaming,1,,0.5975188892245646,0.6296122859367497
13134-13134_game_2,2026-03-08 10:16:46+00:00,LPL,1,Bilibili Gaming,JD Gaming,1,,0.6387032401026644,0.6662948100932221
13134-13134_game_3,2026-03-08 11:10:12+00:00,LPL,1,Bilibili Gaming,JD Gaming,0,,0.674512519239582,0.6985517868778485
13134-13134_game_4,2026-03-08 12:04:35+00:00,LPL,1,JD Gaming,Bilibili Gaming,0,,0.45573048330782273,0.5029580835263397
LOLTMNT05_184082,2026-03-28 13:10:54+00:00,LEC,0,GiantX,Fnatic,1,0.5417637933482431,0.5652811273696994,0.4964649776066608
LOLTMNT05_184084,2026-03-28 13:59:09+00:00,LEC,0,GiantX,Fnatic,0,0.5417637933482431,0.6104780081789905,0.5447322028364006
LOLTMNT05_184086,2026-03-28 14:52:52+00:00,LEC,0,GiantX,Fnatic,1,0.5417637933482431,0.5560462054167437,0.49354888731749097
LOLTMNT05_183065,2026-03-28 15:53:30+00:00,LEC,0,Team Vitality,Karmine Corp,1,0.3278427809864372,0.35209883226881294,0.35027591328037233
LOLTMNT05_183066,2026-03-28 16:44:59+00:00,LEC,0,Team Vitality,Karmine Corp,0,0.3278427809864372,0.41442128175810283,0.4091119779808406
LOLTMNT05_184096,2026-03-28 18:03:08+00:00,LEC,0,Team Vitality,Karmine Corp,0,0.3278427809864372,0.3780622741536987,0.3741802939833418
LOLTMNT05_183084,2026-03-28 19:01:25+00:00,LEC,0,Movistar KOI,Natus Vincere,0,0.6162944148378281,0.5872366756122751,0.6373759567120932
LOLTMNT05_183085,2026-03-28 19:59:01+00:00,LEC,0,Movistar KOI,Natus Vincere,1,0.6162944148378281,0.5342810522569605,0.5692210355887933
LOLTMNT05_184106,2026-03-28 20:48:34+00:00,LEC,0,Movistar KOI,Natus Vincere,0,0.6162944148378281,0.5830588762726996,0.6149429260880243
LOLTMNT05_184124,2026-03-29 15:07:54+00:00,LEC,0,Team Heretics,SK Gaming,0,0.5970210220230042,0.6935490709820716,0.6671782944260014
LOLTMNT05_184135,2026-03-29 16:05:57+00:00,LEC,0,SK Gaming,Team Heretics,0,0.4029789779769958,0.4351887316805082,0.43922537874791345
LOLTMNT05_184139,2026-03-29 17:00:07+00:00,LEC,0,SK Gaming,Team Heretics,0,0.4029789779769958,0.3961026041344635,0.40118302249689736
LOLTMNT05_183138,2026-03-29 17:57:57+00:00,LEC,0,Movistar KOI,Fnatic,1,0.678636643972566,0.6788061171364141,0.6682865727750866
LOLTMNT05_183148,2026-03-29 18:50:24+00:00,LEC,0,Movistar KOI,Fnatic,1,0.678636643972566,0.7092402662255208,0.6985684013929346
LOLTMNT05_184178,2026-03-30 15:08:27+00:00,LEC,0,SK Gaming,Natus Vincere,1,0.2789530015815478,0.2978073976071117,0.3136036076530155
LOLTMNT05_183165,2026-03-30 16:02:51+00:00,LEC,0,SK Gaming,Natus Vincere,0,0.2789530015815478,0.3597022355022106,0.3700074221063529
LOLTMNT05_184193,2026-03-30 17:18:47+00:00,LEC,0,SK Gaming,Natus Vincere,0,0.2789530015815478,0.32939292488122773,0.3215955487049623
LOLTMNT05_184204,2026-03-30 18:23:37+00:00,LEC,0,Team Vitality,Team Heretics,1,,0.5587412733085679,0.5563125710837189
LOLTMNT05_183186,2026-03-30 19:23:52+00:00,LEC,0,Team Vitality,Team Heretics,1,,0.6047775324869978,0.6022675913865845
LOLTMNT02_375568,2026-04-01 08:11:43+00:00,LCK,0,HANJIN BRION,Hanwha Life Esports,0,0.2147774801830917,0.23019729143729728,0.21817717448758356
LOLTMNT02_375577,2026-04-01 09:05:37+00:00,LCK,0,Hanwha Life Esports,HANJIN BRION,1,0.7852225198169083,0.8316224620421885,0.8283429435304767
LOLTMNT02_374657,2026-04-01 10:23:34+00:00,LCK,0,KT Rolster,T1,1,0.2622416722050181,0.2940643105928247,0.2869283634608333
LOLTMNT02_374671,2026-04-01 11:09:27+00:00,LCK,0,KT Rolster,T1,1,0.2622416722050181,0.35609002604077117,0.34335304721798243
LOLTMNT02_374985,2026-04-02 08:08:29+00:00,LCK,0,Nongshim RedForce,Dplus Kia,1,0.3330585822416564,0.3018847359794084,0.2851463487394213
LOLTMNT02_374997,2026-04-02 09:03:28+00:00,LCK,0,Nongshim RedForce,Dplus Kia,1,0.3330585822416564,0.3644028332848398,0.3412328471075093
LOLTMNT02_376019,2026-04-02 10:15:16+00:00,LCK,0,Kiwoom DRX,DN SOOPers,0,0.4332691290966848,0.4042778872436331,0.3794796638521166
LOLTMNT02_376026,2026-04-02 11:09:57+00:00,LCK,0,Kiwoom DRX,DN SOOPers,0,0.4332691290966848,0.3689390985326474,0.3441132054905837
LOLTMNT02_377156,2026-04-03 08:10:24+00:00,LCK,0,KT Rolster,Gen.G,1,0.2552190459172547,0.17950601928602491,0.18782876290115844
LOLTMNT02_376203,2026-04-03 08:58:48+00:00,LCK,0,Gen.G,KT Rolster,1,0.7447809540827453,0.8172122082039794,0.7989536290330149
LOLTMNT02_376207,2026-04-03 09:48:35+00:00,LCK,0,Gen.G,KT Rolster,0,0.7447809540827453,0.8300352758110056,0.8119410323309834
LOLTMNT02_376241,2026-04-03 11:10:37+00:00,LCK,0,HANJIN BRION,BNK FEARX,1,0.2644564952454034,0.19741131643419277,0.1929177545975955
LOLTMNT02_377199,2026-04-03 12:14:25+00:00,LCK,0,BNK FEARX,HANJIN BRION,0,0.7355435047545966,0.8000731730667053,0.7930899209237163
13208-13208_game_1,2026-04-04 07:13:58+00:00,LPL,0,Invictus Gaming,Top Esports,1,,0.525941593909317,0.5006237082390627
LOLTMNT02_376401,2026-04-04 08:08:38+00:00,LCK,0,Hanwha Life Esports,T1,0,0.4942097411592369,0.5431288227698001,0.5422061334312539
13208-13208_game_2,2026-04-04 08:16:41+00:00,LPL,0,Invictus Gaming,Top Esports,1,,0.5756177521844649,0.5480812670578664
LOLTMNT02_376413,2026-04-04 09:08:12+00:00,LCK,0,T1,Hanwha Life Esports,1,0.5057902588407631,0.5813431232395221,0.555858083743743
13209-13209_game_1,2026-04-04 09:31:10+00:00,LPL,0,Anyone's Legend,Weibo Gaming,1,,0.5800230141885911,0.5755673571720262
13209-13209_game_2,2026-04-04 10:23:57+00:00,LPL,0,Anyone's Legend,Weibo Gaming,1,,0.6234156373221384,0.6159104794806657
LOLTMNT02_377394,2026-04-04 10:30:33+00:00,LCK,0,Dplus Kia,Kiwoom DRX,1,0.6721572190135627,0.699081589715707,0.6979085364232439
LOLTMNT02_376440,2026-04-04 11:29:13+00:00,LCK,0,Dplus Kia,Kiwoom DRX,1,0.6721572190135627,0.7267777588465661,0.7268299837773142
13210-13210_game_1,2026-04-04 11:31:14+00:00,LPL,0,Team WE,Ninjas in Pyjamas,0,,0.5456814896203559,0.5139122296329337
LOLTMNT04_156054,2026-04-04 12:10:23+00:00,LEC,0,SK Gaming,Shifters,1,0.440403099049658,0.494212105498723,0.4868005726211844
13210-13210_game_2,2026-04-04 12:31:00+00:00,LPL,0,Ninjas in Pyjamas,Team WE,1,,0.5789821827217998,0.5851921758505934
LOLTMNT04_155065,2026-04-04 12:55:30+00:00,LEC,0,SK Gaming,Shifters,1,0.440403099049658,0.5472030437411707,0.5344774071990799
LOLTMNT04_156068,2026-04-04 14:05:07+00:00,LEC,0,G2 Esports,Team Heretics,1,0.7707461912754012,0.8610795962456875,0.866101416143571
LOLTMNT04_156070,2026-04-04 15:03:54+00:00,LEC,0,G2 Esports,Team Heretics,1,0.7707461912754012,0.869194272471731,0.8730270230231133
LOLTMNT04_155085,2026-04-04 15:58:13+00:00,LEC,0,Team Vitality,Natus Vincere,1,0.5297377307274507,0.5347290722505295,0.5479998828544201
LOLTMNT04_155087,2026-04-04 16:50:20+00:00,LEC,0,Team Vitality,Natus Vincere,1,0.5297377307274507,0.5834784718236008,0.6019160519691523
LOLTMNT02_377509,2026-04-05 08:10:33+00:00,LCK,0,Nongshim RedForce,DN SOOPers,1,0.5443341863109202,0.39993917466136436,0.3856255570602999
LOLTMNT02_377512,2026-04-05 09:04:05+00:00,LCK,0,Nongshim RedForce,DN SOOPers,1,0.5443341863109202,0.46026396160672484,0.4429023567551187
13211-13211_game_1,2026-04-05 09:14:57+00:00,LPL,0,JD Gaming,Bilibili Gaming,0,,0.24892533970913644,0.2621451612369515
13211-13211_game_2,2026-04-05 10:06:34+00:00,LPL,0,Bilibili Gaming,JD Gaming,0,,0.817524364281607,0.7921381823770504
LOLTMNT02_376564,2026-04-05 10:22:53+00:00,LCK,0,Gen.G,BNK FEARX,1,0.7547475762094149,0.7903394083786118,0.7954577853556145
13211-13211_game_3,2026-04-05 11:00:46+00:00,LPL,0,JD Gaming,Bilibili Gaming,0,,0.2910182970486187,0.30035676846147547
LOLTMNT02_376566,2026-04-05 11:13:31+00:00,LCK,0,Gen.G,BNK FEARX,1,0.7547475762094149,0.8061868838155491,0.8095639782371011
13212-13212_game_1,2026-04-05 12:18:17+00:00,LPL,0,Top Esports,Anyone's Legend,1,,0.3222568031904693,0.3466802879314191
13212-13212_game_2,2026-04-05 13:18:03+00:00,LPL,0,Top Esports,Anyone's Legend,1,,0.3843852230288838,0.4046946477695501
LOLTMNT04_155098,2026-04-05 15:07:26+00:00,LEC,0,GiantX,SK Gaming,1,0.6639057963480908,0.6416195086279604,0.5905897086150833
LOLTMNT04_156104,2026-04-05 16:03:43+00:00,LEC,0,GiantX,SK Gaming,1,0.6639057963480908,0.6771106131717939,0.6354539117542498
LOLTMNT04_155108,2026-04-05 17:01:55+00:00,LEC,0,G2 Esports,Fnatic,1,0.759473165837129,0.8988771661941833,0.8828544385183483
LOLTMNT04_155109,2026-04-05 17:46:19+00:00,LEC,0,G2 Esports,Fnatic,0,0.759473165837129,0.9034408057778757,0.8878685451154806
LOLTMNT04_155110,2026-04-05 18:36:23+00:00,LEC,0,G2 Esports,Fnatic,0,0.759473165837129,0.868904092164764,0.8521845600861647
LOLTMNT04_156150,2026-04-06 15:10:07+00:00,LEC,0,GiantX,Team Heretics,1,0.6466688009282974,0.6174093612703,0.6157110197602276
LOLTMNT04_155128,2026-04-06 15:56:22+00:00,LEC,0,GiantX,Team Heretics,0,0.6466688009282974,0.6561375269341116,0.6527053959145964
LOLTMNT04_155130,2026-04-06 16:53:56+00:00,LEC,0,GiantX,Team Heretics,1,0.6466688009282974,0.5999103896624299,0.597930306521451
LOLTMNT04_156161,2026-04-06 17:48:19+00:00,LEC,0,Movistar KOI,Team Vitality,0,0.585160823258175,0.5233090035004307,0.531070045667684
LOLTMNT04_155137,2026-04-06 18:39:06+00:00,LEC,0,Team Vitality,Movistar KOI,0,0.414839176741825,0.5988362789209847,0.5741290507637427
LOLTMNT04_156164,2026-04-06 19:32:40+00:00,LEC,0,Movistar KOI,Team Vitality,0,0.585160823258175,0.5303361589528506,0.5337132445283603
LOLTMNT01_360022,2026-04-08 08:06:29+00:00,LCK,0,Hanwha Life Esports,Dplus Kia,1,0.5929991119437668,0.5908595630149353,0.5822949421177592
LOLTMNT01_360035,2026-04-08 09:04:42+00:00,LCK,0,Hanwha Life Esports,Dplus Kia,1,0.5929991119437668,0.6328864148047075,0.6219322533920051
13213-13213_game_1,2026-04-08 09:15:14+00:00,LPL,0,Invictus Gaming,Ninjas in Pyjamas,1,,0.6845832257737767,0.6483078586537959
LOLTMNT01_360054,2026-04-08 10:19:02+00:00,LCK,0,Gen.G,T1,1,0.6014682637566929,0.7251620091727187,0.7117850039986033
13213-13213_game_2,2026-04-08 10:23:55+00:00,LPL,0,Ninjas in Pyjamas,Invictus Gaming,1,,0.3510760753353059,0.36868288450762543
LOLTMNT01_360067,2026-04-08 11:07:42+00:00,LCK,0,Gen.G,T1,1,0.6014682637566929,0.7493925412654578,0.7345525232674323
13213-13213_game_3,2026-04-08 11:21:42+00:00,LPL,0,Invictus Gaming,Ninjas in Pyjamas,1,,0.6576135217527035,0.6243189324038677
13214-13214_game_1,2026-04-08 12:29:51+00:00,LPL,0,Top Esports,Team WE,1,,0.7401654371697052,0.7366194803643016
13214-13214_game_2,2026-04-08 13:43:56+00:00,LPL,0,Top Esports,Team WE,1,,0.7629116253779061,0.7578021142087414
LOLTMNT01_359784,2026-04-09 08:06:21+00:00,LCK,0,Kiwoom DRX,HANJIN BRION,0,0.4724808796206291,0.5035895500711952,0.5126906976330717
LOLTMNT01_359808,2026-04-09 09:00:11+00:00,LCK,0,HANJIN BRION,Kiwoom DRX,0,0.5275191203793709,0.6160050711254133,0.5900357487062883
13215-13215_game_1,2026-04-09 09:12:12+00:00,LPL,0,Weibo Gaming,Ninjas in Pyjamas,1,,0.6960755129517082,0.6754522879577667
13215-13215_game_2,2026-04-09 10:07:15+00:00,LPL,0,Weibo Gaming,Ninjas in Pyjamas,0,,0.7243200409927454,0.7040623998881511
LOLTMNT01_359829,2026-04-09 10:10:03+00:00,LCK,0,Kiwoom DRX,HANJIN BRION,1,0.4724808796206291,0.5138800334066324,0.518734193683119
13215-13215_game_3,2026-04-09 11:05:35+00:00,LPL,0,Ninjas in Pyjamas,Weibo Gaming,1,,0.40229780702638895,0.4019372405313182
LOLTMNT01_359892,2026-04-09 11:25:00+00:00,LCK,0,Nongshim RedForce,KT Rolster,0,0.3573546620469666,0.40982077853302334,0.39523199917184265
13216-13216_game_1,2026-04-09 12:15:02+00:00,LPL,0,Team WE,Bilibili Gaming,0,,0.0618205376623567,0.06910210613669952
LOLTMNT01_359914,2026-04-09 12:25:37+00:00,LCK,0,KT Rolster,Nongshim RedForce,1,0.6426453379530334,0.6937813506264494,0.6855790679197332
13216-13216_game_2,2026-04-09 13:07:10+00:00,LPL,0,Bilibili Gaming,Team WE,1,,0.954685502760003,0.944906532349409
LOLTMNT01_362027,2026-04-10 08:09:34+00:00,LCK,0,DN SOOPers,T1,0,0.2689400025854468,0.36387459995956345,0.32875411177821784
13217-13217_game_1,2026-04-10 09:12:32+00:00,LPL,0,LNG Esports,EDward Gaming,1,0.5524800509786116,0.6640997632447238,0.6066661437228843
LOLTMNT01_362077,2026-04-10 10:10:47+00:00,LCK,0,BNK FEARX,Hanwha Life Esports,0,0.3687822391633513,0.4483970426010791,0.3883157254565572
13217-13217_game_2,2026-04-10 10:17:13+00:00,LPL,0,LNG Esports,EDward Gaming,0,0.5524800509786116,0.6965232437951995,0.6454439366556893
LOLTMNT01_361313,2026-04-10 10:57:44+00:00,LCK,0,Hanwha Life Esports,BNK FEARX,0,0.6312177608366487,0.6623345724859419,0.6935948569811565
13217-13217_game_3,2026-04-10 11:20:44+00:00,LPL,0,EDward Gaming,LNG Esports,1,0.4475199490213883,0.43263733246737346,0.4643559129226541
LOLTMNT01_361350,2026-04-10 11:46:50+00:00,LCK,0,BNK FEARX,Hanwha Life Esports,0,0.3687822391633513,0.4682197461857103,0.41188151671136447
13218-13218_game_1,2026-04-10 12:28:13+00:00,LPL,0,JD Gaming,Anyone's Legend,1,0.440403099049658,0.620019650841102,0.5970424244719821
13218-13218_game_2,2026-04-10 13:27:20+00:00,LPL,0,Anyone's Legend,JD Gaming,0,0.559596900950342,0.41254811696803234,0.41672652480520317
LOLTMNT01_362622,2026-04-11 08:06:17+00:00,LCK,0,Kiwoom DRX,Nongshim RedForce,1,0.3511588238287791,0.45232230935491335,0.4980878025088973
LOLTMNT01_362650,2026-04-11 08:59:12+00:00,LCK,0,Kiwoom DRX,Nongshim RedForce,1,0.3511588238287791,0.5092258828148261,0.5518935544514157
13219-13219_game_1,2026-04-11 09:14:28+00:00,LPL,0,Invictus Gaming,Team WE,1,,0.7827179865977326,0.7867749902715176
LOLTMNT01_361912,2026-04-11 10:14:53+00:00,LCK,0,Dplus Kia,Gen.G,1,0.2126241254173362,0.17778480357959336,0.17948239357869716
13219-13219_game_2,2026-04-11 10:17:54+00:00,LPL,0,Invictus Gaming,Team WE,1,,0.7997169772641117,0.8022530159397482
LOLTMNT01_361920,2026-04-11 11:07:33+00:00,LCK,0,Gen.G,Dplus Kia,0,0.7873758745826638,0.8186928254567367,0.8077917923918361
13220-13220_game_1,2026-04-11 11:29:17+00:00,LPL,0,JD Gaming,Top Esports,0,0.5979267785596172,0.7111409543388881,0.6632954410668037
LOLTMNT04_156536,2026-04-11 12:08:41+00:00,LEC,0,Natus Vincere,Team Heretics,1,0.6177946239386526,0.6320536807055861,0.6109271074018804
13220-13220_game_2,2026-04-11 12:25:00+00:00,LPL,0,JD Gaming,Top Esports,0,0.5979267785596172,0.6545523721194202,0.6085349040875085
LOLTMNT04_156545,2026-04-11 12:59:32+00:00,LEC,0,Natus Vincere,Team Heretics,1,0.6177946239386526,0.6689505458154194,0.7065274311360719
LOLTMNT04_155498,2026-04-11 14:00:25+00:00,LEC,0,Team Vitality,G2 Esports,1,0.3722180640458534,0.363959000367661,0.34688519327961587
LOLTMNT04_156560,2026-04-11 15:14:30+00:00,LEC,0,Team Vitality,G2 Esports,0,0.3722180640458534,0.4259849901186319,0.41292517404949564
LOLTMNT04_155503,2026-04-11 16:09:20+00:00,LEC,0,G2 Esports,Team Vitality,0,0.6277819359541466,0.6806403091477901,0.6739345306810378
LOLTMNT04_155512,2026-04-11 17:05:50+00:00,LEC,0,SK Gaming,Movistar KOI,0,0.2791948936319424,0.3059454781997859,0.2635352285334956
LOLTMNT04_155520,2026-04-11 18:08:42+00:00,LEC,0,Movistar KOI,SK Gaming,1,0.7208051063680576,0.7747412962326309,0.7933886641866428
LOLTMNT01_364097,2026-04-12 08:05:05+00:00,LCK,0,BNK FEARX,DN SOOPers,1,0.585160823258175,0.5698076277426429,0.5732691888344313
LOLTMNT01_363354,2026-04-12 08:56:52+00:00,LCK,0,BNK FEARX,DN SOOPers,1,0.585160823258175,0.6144576474151431,0.6148376093434489
13221-13221_game_1,2026-04-12 09:13:07+00:00,LPL,0,Oh My God,LGD Gaming,1,0.5801293158396048,0.5454974021002523,0.5609813526236087
13221-13221_game_2,2026-04-12 10:04:07+00:00,LPL,0,Oh My God,LGD Gaming,0,0.5801293158396048,0.5930448889590513,0.6053824478858617
LOLTMNT01_364137,2026-04-12 10:09:24+00:00,LCK,0,KT Rolster,HANJIN BRION,1,0.735448409438642,0.8034952089215333,0.7887670376014476
13221-13221_game_3,2026-04-12 10:54:26+00:00,LPL,0,LGD Gaming,Oh My God,1,0.4198706841603952,0.5357680114497101,0.501417610471053
LOLTMNT01_364149,2026-04-12 10:55:22+00:00,LCK,0,KT Rolster,HANJIN BRION,1,0.735448409438642,0.817982503283825,0.8038336990267996
13222-13222_game_1,2026-04-12 12:03:04+00:00,LPL,0,Weibo Gaming,Bilibili Gaming,0,0.2687661893159292,0.14143947023906028,0.14551249589006898
13222-13222_game_2,2026-04-12 13:06:44+00:00,LPL,0,Bilibili Gaming,Weibo Gaming,1,0.7312338106840708,0.896681957921326,0.8844573869129864
LOLTMNT04_155589,2026-04-12 15:08:52+00:00,LEC,0,Team Vitality,Shifters,0,,0.832420453418778,0.8009300169483375
LOLTMNT04_155590,2026-04-12 16:04:09+00:00,LEC,0,Team Vitality,Shifters,1,,0.7842403055056213,0.7527929840266981
LOLTMNT04_155593,2026-04-12 16:55:45+00:00,LEC,0,Team Vitality,Shifters,1,,0.8009674140724129,0.7853530734490157
LOLTMNT04_156641,2026-04-12 17:50:27+00:00,LEC,0,Team Heretics,Karmine Corp,0,0.2605669936164417,0.23531442991071327,0.2555365205027622
LOLTMNT04_155609,2026-04-12 18:35:08+00:00,LEC,0,Team Heretics,Karmine Corp,0,0.2605669936164417,0.219664506643684,0.2365981206455133
LOLTMNT04_156669,2026-04-13 15:06:40+00:00,LEC,0,SK Gaming,Fnatic,1,0.3425303667239401,0.3889824481948432,0.37680365871345506
LOLTMNT04_156674,2026-04-13 16:23:12+00:00,LEC,0,SK Gaming,Fnatic,1,0.3425303667239401,0.4499237899914998,0.43616977222619085
LOLTMNT04_156685,2026-04-13 17:26:16+00:00,LEC,0,GiantX,Shifters,1,0.6980417355084746,0.7227059345018665,0.6941032842664486
LOLTMNT04_156690,2026-04-13 18:19:48+00:00,LEC,0,Shifters,GiantX,0,0.3019582644915254,0.3138404687605772,0.2681582619550029
LOLTMNT01_365453,2026-04-15 08:04:27+00:00,LCK,0,BNK FEARX,Nongshim RedForce,0,0.5306503925412316,0.6979304751054007,0.6804422645029595
LOLTMNT01_365467,2026-04-15 08:53:44+00:00,LCK,0,BNK FEARX,Nongshim RedForce,0,0.5306503925412316,0.6410419634987733,0.626319252828117
13223-13223_game_1,2026-04-15 09:12:33+00:00,LPL,0,Ultra Prime,ThunderTalk Gaming,0,,0.6336901437139633,0.5973310500896127
13223-13223_game_2,2026-04-15 10:10:14+00:00,LPL,0,ThunderTalk Gaming,Ultra Prime,1,,0.49658912312811065,0.5107049218400448
LOLTMNT01_366241,2026-04-15 10:10:22+00:00,LCK,0,Dplus Kia,KT Rolster,1,0.4229678601190504,0.4720145590877941,0.4693948771454022
LOLTMNT01_366261,2026-04-15 11:04:40+00:00,LCK,0,KT Rolster,Dplus Kia,1,0.5770321398809496,0.5482155108473523,0.5325173228148884
13224-13224_game_1,2026-04-15 11:14:10+00:00,LPL,0,Invictus Gaming,Weibo Gaming,1,0.5311282162378455,0.6149343171132535,0.580642901820553
LOLTMNT01_366284,2026-04-15 12:08:03+00:00,LCK,0,KT Rolster,Dplus Kia,1,0.5770321398809496,0.5954374926776937,0.5769222110329497
13224-13224_game_2,2026-04-15 12:10:39+00:00,LPL,0,Invictus Gaming,Weibo Gaming,0,0.5311282162378455,0.6539518709185376,0.6184747035456322
13224-13224_game_3,2026-04-15 13:12:53+00:00,LPL,0,Invictus Gaming,Weibo Gaming,0,0.5311282162378455,0.5977516690643129,0.5656085279086501
LOLTMNT01_366570,2026-04-16 08:07:45+00:00,LCK,0,HANJIN BRION,Gen.G,0,0.1834899501908039,0.11160355780949102,0.11317524410265802
LOLTMNT01_365803,2026-04-16 09:01:02+00:00,LCK,0,Gen.G,HANJIN BRION,1,0.8165100498091961,0.9184177051192611,0.9103545487918945
13225-13225_game_1,2026-04-16 09:13:08+00:00,LPL,0,Team WE,Anyone's Legend,0,0.2160978045694282,0.23174895416941987,0.23372907476895444
13225-13225_game_2,2026-04-16 10:05:53+00:00,LPL,0,Anyone's Legend,Team WE,1,0.7839021954305717,0.8304112769408963,0.8157687914236352
LOLTMNT01_366617,2026-04-16 10:19:53+00:00,LCK,0,DN SOOPers,Hanwha Life Esports,0,0.2623510623693921,0.31422437274386933,0.28632965093934715
LOLTMNT01_365830,2026-04-16 11:03:24+00:00,LCK,0,Hanwha Life Esports,DN SOOPers,1,0.7376489376306079,0.7684359811843657,0.7751597610339311
13226-13226_game_1,2026-04-16 11:32:14+00:00,LPL,0,Top Esports,Bilibili Gaming,1,0.4873846564096694,0.1949808548351771,0.2085348567951304
13226-13226_game_2,2026-04-16 12:32:21+00:00,LPL,0,Top Esports,Bilibili Gaming,1,0.4873846564096694,0.24981196543938103,0.260031912234815
LOLTMNT01_367097,2026-04-17 08:09:20+00:00,LCK,0,BNK FEARX,Kiwoom DRX,1,0.5757427103480193,0.6219869976318437,0.600862261237665
LOLTMNT01_367103,2026-04-17 08:56:00+00:00,LCK,0,BNK FEARX,Kiwoom DRX,1,0.5757427103480193,0.6600336764824912,0.6356401058836234
13227-13227_game_1,2026-04-17 09:11:55+00:00,LPL,0,Oh My God,ThunderTalk Gaming,1,0.5530962527946586,0.6801640614223404,0.6420537731684838
13227-13227_game_2,2026-04-17 10:07:51+00:00,LPL,0,ThunderTalk Gaming,Oh My God,1,0.4469037472053414,0.355231872352315,0.3709972323326817
LOLTMNT01_367128,2026-04-17 10:18:08+00:00,LCK,0,T1,Dplus Kia,0,0.5657048753749421,0.6451947964887761,0.6439359360817603
13227-13227_game_3,2026-04-17 11:01:20+00:00,LPL,0,ThunderTalk Gaming,Oh My God,1,0.4469037472053414,0.4171715887240611,0.43231716621146327
LOLTMNT01_367136,2026-04-17 11:14:57+00:00,LCK,0,Dplus Kia,T1,0,0.4342951246250578,0.4854477106570346,0.459795700645386
LOLTMNT01_366902,2026-04-17 12:07:48+00:00,LCK,0,T1,Dplus Kia,0,0.5657048753749421,0.6314100446033807,0.6314924411649439
13228-13228_game_1,2026-04-17 12:10:59+00:00,LPL,0,Ninjas in Pyjamas,JD Gaming,1,0.3278427809864372,0.30221445736974717,0.2959275448199016
13228-13228_game_2,2026-04-17 12:59:52+00:00,LPL,0,Ninjas in Pyjamas,JD Gaming,1,0.3278427809864372,0.3647399786374615,0.35418297538324606
LOLTMNT01_368128,2026-04-18 08:07:24+00:00,LCK,0,Gen.G,Hanwha Life Esports,0,0.6210340776170216,0.7000693687921016,0.6967929756128892
LOLTMNT01_368133,2026-04-18 09:00:18+00:00,LCK,0,Hanwha Life Esports,Gen.G,1,0.3789659223829784,0.42887195843786297,0.4053322239670772
13229-13229_game_1,2026-04-18 09:14:31+00:00,LPL,0,Invictus Gaming,Bilibili Gaming,0,0.3008580300038134,0.1931698176560524,0.20179198212219385
13229-13229_game_2,2026-04-18 10:14:03+00:00,LPL,0,Invictus Gaming,Bilibili Gaming,1,0.3008580300038134,0.18196625482859488,0.19021702902702606
LOLTMNT01_368165,2026-04-18 10:19:42+00:00,LCK,0,DN SOOPers,KT Rolster,0,0.2305472568735861,0.24884991028790945,0.264799426985551
13229-13229_game_3,2026-04-18 11:10:12+00:00,LPL,0,Invictus Gaming,Bilibili Gaming,0,0.3008580300038134,0.23528725415980947,0.2407786424715174
LOLTMNT01_367338,2026-04-18 11:10:20+00:00,LCK,0,KT Rolster,DN SOOPers,1,0.7694527431264138,0.8177209921304862,0.790574920457069
13230-13230_game_1,2026-04-18 12:14:22+00:00,LPL,0,Weibo Gaming,JD Gaming,1,0.4342951246250578,0.456736211615703,0.4515911320403888
13230-13230_game_2,2026-04-18 13:18:45+00:00,LPL,0,Weibo Gaming,JD Gaming,0,0.4342951246250578,0.5132485370194555,0.5030762931072152
13230-13230_game_3,2026-04-18 14:16:24+00:00,LPL,0,JD Gaming,Weibo Gaming,1,0.5657048753749421,0.6075928307376746,0.5922541606717014
LOLTMNT05_185066,2026-04-18 15:07:28+00:00,LEC,0,Natus Vincere,GiantX,0,0.4828993322709668,0.5367924752257112,0.4776952009341139
LOLTMNT05_185069,2026-04-18 16:00:49+00:00,LEC,0,Natus Vincere,GiantX,1,0.4828993322709668,0.4877255245630044,0.4310762267735504
LOLTMNT05_185072,2026-04-18 16:53:20+00:00,LEC,0,Natus Vincere,GiantX,1,0.4828993322709668,0.5414322078088274,0.4935545387131956
LOLTMNT05_185085,2026-04-18 17:51:56+00:00,LEC,0,SK Gaming,G2 Esports,0,0.2179926323043302,0.19068735557316935,0.18023011291669558
LOLTMNT05_186054,2026-04-18 18:51:00+00:00,LEC,0,G2 Esports,SK Gaming,1,0.7820073676956698,0.8606340202855498,0.8582206351900902
LOLTMNT01_368322,2026-04-19 08:06:04+00:00,LCK,0,HANJIN BRION,Nongshim RedForce,1,0.3535623947451303,0.3856613092393833,0.34852436925742153
LOLTMNT01_367468,2026-04-19 09:06:05+00:00,LCK,0,Nongshim RedForce,HANJIN BRION,1,0.6464376052548697,0.6262178715479151,0.6443076326993676
13231-13231_game_1,2026-04-19 09:12:01+00:00,LPL,0,Invictus Gaming,Top Esports,0,0.4329310771477317,0.4020069446525043,0.3968073421425692
LOLTMNT01_368343,2026-04-19 10:01:26+00:00,LCK,0,HANJIN BRION,Nongshim RedForce,0,0.3535623947451303,0.4067127275100097,0.3702048186608371
13231-13231_game_2,2026-04-19 10:12:15+00:00,LPL,0,Invictus Gaming,Top Esports,0,0.4329310771477317,0.3668400713459205,0.36368655135392175
13232-13232_game_1,2026-04-19 11:22:40+00:00,LPL,0,Bilibili Gaming,Anyone's Legend,1,0.6265994145979298,0.802152682450619,0.7668611791409454
LOLTMNT01_368366,2026-04-19 11:23:50+00:00,LCK,0,T1,Kiwoom DRX,1,0.7922471459837523,0.784827620578483,0.7692846172120054
LOLTMNT01_368375,2026-04-19 12:15:21+00:00,LCK,0,T1,Kiwoom DRX,1,0.7922471459837523,0.8013582183069825,0.792824096941921
13232-13232_game_2,2026-04-19 12:17:25+00:00,LPL,0,Anyone's Legend,Bilibili Gaming,0,0.3734005854020702,0.23306576323787986,0.25539350226289803
LOLTMNT05_185104,2026-04-19 15:08:47+00:00,LEC,0,Team Vitality,GiantX,1,0.5704665385689863,0.6607176932289183,0.6289620404370212
LOLTMNT05_186068,2026-04-19 16:01:53+00:00,LEC,0,Team Vitality,GiantX,1,0.5704665385689863,0.6935741401347515,0.6667168972782015
LOLTMNT05_186082,2026-04-19 16:58:43+00:00,LEC,0,Movistar KOI,Team Heretics,1,0.7516820028601362,0.6935383426382596,0.668619575888919
LOLTMNT05_186083,2026-04-19 17:50:34+00:00,LEC,0,Movistar KOI,Team Heretics,1,0.7516820028601362,0.722242311752611,0.7073583526204869
LOLTMNT05_186098,2026-04-20 15:08:33+00:00,LEC,0,G2 Esports,Shifters,1,0.7829523062682462,0.8902364848597116,0.8603461970888062
LOLTMNT05_185133,2026-04-20 16:07:09+00:00,LEC,0,G2 Esports,Shifters,1,0.7829523062682462,0.8955622949597677,0.8956389406628819
LOLTMNT05_185144,2026-04-20 17:18:17+00:00,LEC,0,SK Gaming,Karmine Corp,0,0.2353055686230922,0.19688075808290417,0.20139762970391004
LOLTMNT05_185146,2026-04-20 18:01:52+00:00,LEC,0,SK Gaming,Karmine Corp,0,0.2353055686230922,0.18530004886446377,0.18798653747980654
LOLTMNT02_384269,2026-04-22 08:04:37+00:00,LCK,0,Kiwoom DRX,KT Rolster,0,0.2126241254173363,0.21587442999265832,0.23699688934340163
LOLTMNT02_383295,2026-04-22 09:04:09+00:00,LCK,0,Kiwoom DRX,KT Rolster,0,0.2126241254173363,0.202359066665289,0.22426609359342944
13233-13233_game_1,2026-04-22 09:14:11+00:00,LPL,0,Weibo Gaming,Team WE,1,0.7355435047545966,0.7358968358246737,0.7029487834985613
13233-13233_game_2,2026-04-22 10:08:38+00:00,LPL,0,Weibo Gaming,Team WE,1,0.7355435047545966,0.759122084038405,0.7291845118404985
LOLTMNT02_383315,2026-04-22 10:16:00+00:00,LCK,0,Hanwha Life Esports,Nongshim RedForce,1,0.7032569830364694,0.7970417249948547,0.8015897155527165
LOLTMNT02_384348,2026-04-22 11:06:38+00:00,LCK,0,Hanwha Life Esports,Nongshim RedForce,0,0.7032569830364694,0.8120717540944611,0.8156539890694954
13234-13234_game_1,2026-04-22 11:17:14+00:00,LPL,0,Ninjas in Pyjamas,Anyone's Legend,0,0.4029976820945593,0.4610742849788564,0.42612625996109155
LOLTMNT02_384385,2026-04-22 12:05:40+00:00,LCK,0,Nongshim RedForce,Hanwha Life Esports,0,0.2967430169635305,0.29804384013289975,0.272219860987338
13234-13234_game_2,2026-04-22 12:17:24+00:00,LPL,0,Anyone's Legend,Ninjas in Pyjamas,1,0.5970023179054407,0.6518575834129042,0.6608941404497576
LOLTMNT05_186248,2026-04-23 08:05:27+00:00,LCK,0,HANJIN BRION,Dplus Kia,0,0.2694008999315999,0.23633312001028614,0.24135292636596561
LOLTMNT05_186249,2026-04-23 09:03:37+00:00,LCK,0,Dplus Kia,HANJIN BRION,1,0.7305991000684,0.8269510204029035,0.8095295090937191
13235-13235_game_1,2026-04-23 09:12:44+00:00,LPL,0,LGD Gaming,EDward Gaming,1,0.4035662914267801,0.4760765266850097,0.47198033799791683
13235-13235_game_2,2026-04-23 10:02:41+00:00,LPL,0,LGD Gaming,EDward Gaming,1,0.4035662914267801,0.5309118161143918,0.5260974299832858
LOLTMNT05_186273,2026-04-23 10:15:14+00:00,LCK,0,DN SOOPers,Gen.G,0,0.1859897754826414,0.1541396620652283,0.14014747563028657
LOLTMNT05_186277,2026-04-23 11:13:51+00:00,LCK,0,Gen.G,DN SOOPers,1,0.8140102245173586,0.8873844927111297,0.8891399924584646
13236-13236_game_1,2026-04-23 11:49:04+00:00,LPL,0,Ninjas in Pyjamas,Bilibili Gaming,1,0.2434408008585435,0.1484147499833009,0.1465539914410998
13236-13236_game_2,2026-04-23 12:45:41+00:00,LPL,0,Ninjas in Pyjamas,Bilibili Gaming,1,0.2434408008585435,0.19618738524345028,0.19170322415626964
LOLTMNT05_185400,2026-04-24 08:07:08+00:00,LCK,0,BNK FEARX,KT Rolster,0,0.3392672933962204,0.3522500666778296,0.33183851288618943
13237-13237_game_1,2026-04-24 09:13:50+00:00,LPL,0,Oh My God,LNG Esports,0,0.4059418307951047,0.35766612294941086,0.3275543322001571
LOLTMNT05_185401,2026-04-24 09:15:07+00:00,LCK,0,BNK FEARX,KT Rolster,0,0.3392672933962204,0.3230671691228467,0.30573711324460956
13237-13237_game_2,2026-04-24 10:08:44+00:00,LPL,0,LNG Esports,Oh My God,1,0.5940581692048952,0.724017503823741,0.7324624034361811
LOLTMNT05_186436,2026-04-24 10:32:53+00:00,LCK,0,Kiwoom DRX,Hanwha Life Esports,0,0.2126241254173363,0.1773255295672708,0.2007111400835368
13238-13238_game_1,2026-04-24 11:19:04+00:00,LPL,0,JD Gaming,Invictus Gaming,1,0.576276376655141,0.6403782835935498,0.5914637952660692
LOLTMNT05_185414,2026-04-24 11:29:42+00:00,LCK,0,Hanwha Life Esports,Kiwoom DRX,1,0.7873758745826637,0.8703845920157827,0.8398063138508155
13238-13238_game_2,2026-04-24 12:14:59+00:00,LPL,0,JD Gaming,Invictus Gaming,1,0.576276376655141,0.6759799101366493,0.6294318510388524
LOLTMNT05_186470,2026-04-24 15:13:43+00:00,LEC,0,Shifters,Fnatic,0,0.4061298027494959,0.42501552514207896,0.4271625478756618
LOLTMNT05_186480,2026-04-24 16:30:41+00:00,LEC,0,Shifters,Fnatic,0,0.4061298027494959,0.3873730629321682,0.39296109831399073
LOLTMNT05_185471,2026-04-24 18:49:39+00:00,LEC,0,Natus Vincere,Karmine Corp,0,0.3603109945147456,0.37081123954783374,0.31494717707807096
13239-13239_game_1,2026-04-25 07:14:50+00:00,LPL,0,Top Esports,Ninjas in Pyjamas,1,0.6076542006546222,0.711767553280027,0.7202996786562608
13239-13239_game_2,2026-04-25 08:07:13+00:00,LPL,0,Top Esports,Ninjas in Pyjamas,1,0.6076542006546222,0.7379599111203324,0.7439676343521263
LOLTMNT02_388457,2026-04-25 08:07:29+00:00,LCK,0,HANJIN BRION,T1,0,0.2323462337982771,0.17308866749054416,0.17629382112104877
13240-13240_game_1,2026-04-25 09:18:25+00:00,LPL,0,JD Gaming,Team WE,1,0.7537198748000821,0.8523666821243924,0.8301879399596247
LOLTMNT02_388485,2026-04-25 09:20:29+00:00,LCK,0,T1,HANJIN BRION,1,0.7676537662017229,0.8735085318888035,0.8608846021589258
13240-13240_game_2,2026-04-25 10:18:37+00:00,LPL,0,JD Gaming,Team WE,1,0.7537198748000821,0.8614949507944881,0.8407624057553463
LOLTMNT05_185498,2026-04-25 10:52:42+00:00,LCK,0,Dplus Kia,DN SOOPers,1,0.7213818832269723,0.7985249948125118,0.7855910036663835
13241-13241_game_1,2026-04-25 11:20:53+00:00,LPL,0,Weibo Gaming,Anyone's Legend,0,0.4169008827967409,0.4637243682400252,0.44747759588098657
LOLTMNT05_185506,2026-04-25 11:43:02+00:00,LCK,0,Dplus Kia,DN SOOPers,1,0.7213818832269723,0.813421347739154,0.8002580370052206
13241-13241_game_2,2026-04-25 12:10:23+00:00,LPL,0,Anyone's Legend,Weibo Gaming,0,0.5830991172032591,0.6496664267649991,0.6413983978624749
13241-13241_game_3,2026-04-25 12:58:47+00:00,LPL,0,Weibo Gaming,Anyone's Legend,0,0.4169008827967409,0.4809588068536438,0.4632710657875548
LOLTMNT05_186550,2026-04-25 15:17:05+00:00,LEC,0,Natus Vincere,Fnatic,0,0.6466812013722079,0.6656612720270518,0.6631052048804345
LOLTMNT05_186551,2026-04-25 16:20:19+00:00,LEC,0,Natus Vincere,Fnatic,1,0.6466812013722079,0.6091139343550193,0.5898828975486807
LOLTMNT05_185529,2026-04-25 17:25:47+00:00,LEC,0,Natus Vincere,Fnatic,1,0.6466812013722079,0.6488508158376781,0.6386705806989291
LOLTMNT05_185539,2026-04-25 18:46:53+00:00,LEC,0,Karmine Corp,Shifters,1,0.787986775195028,0.9052976500201556,0.877738539624469
LOLTMNT05_186562,2026-04-25 19:39:22+00:00,LEC,0,Shifters,Karmine Corp,1,0.2120132248049719,0.11879349724105082,0.11075691747483017
LOLTMNT05_185540,2026-04-25 20:46:35+00:00,LEC,0,Karmine Corp,Shifters,1,0.787986775195028,0.8764323554827905,0.8585599070373385
LOLTMNT02_390173,2026-04-26 08:06:17+00:00,LCK,0,BNK FEARX,T1,0,0.3475057654804734,0.3507302691414773,0.34614115703050397
LOLTMNT02_390189,2026-04-26 08:50:58+00:00,LCK,0,BNK FEARX,T1,0,0.3475057654804734,0.32180353112242177,0.31777289226662775
13242-13242_game_1,2026-04-26 09:12:56+00:00,LPL,0,Ultra Prime,LGD Gaming,1,,0.289135761887573,0.28030391890728
13242-13242_game_2,2026-04-26 10:13:28+00:00,LPL,0,Ultra Prime,LGD Gaming,1,,0.351206863460685,0.33950858078861745
LOLTMNT05_185559,2026-04-26 10:15:14+00:00,LCK,0,Nongshim RedForce,Gen.G,0,0.2646757812139732,0.21838684945053488,0.20052334741060732
LOLTMNT05_185563,2026-04-26 11:09:55+00:00,LCK,0,Nongshim RedForce,Gen.G,0,0.2646757812139732,0.20468612312257803,0.18891974083110682
13243-13243_game_1,2026-04-26 11:30:40+00:00,LPL,0,Bilibili Gaming,Weibo Gaming,1,0.7181419842140739,0.8086543786298158,0.8008039846161671
13243-13243_game_2,2026-04-26 12:20:44+00:00,LPL,0,Weibo Gaming,Bilibili Gaming,0,0.281858015785926,0.22619233315271708,0.2205090997958446
LOLTMNT05_185599,2026-04-26 16:25:18+00:00,LEC,0,Natus Vincere,Shifters,0,0.6969469274487986,0.7963753131661585,0.7653474555840298
LOLTMNT05_186617,2026-04-26 17:21:11+00:00,LEC,0,Natus Vincere,Shifters,1,0.6969469274487986,0.7439562184235766,0.7148730127929163
LOLTMNT05_185611,2026-04-26 18:35:23+00:00,LEC,0,Karmine Corp,Fnatic,0,0.7279046511690139,0.8063296423084664,0.7691553663323344
LOLTMNT05_185612,2026-04-26 19:35:08+00:00,LEC,0,Karmine Corp,Fnatic,1,0.7279046511690139,0.7547705025419383,0.7151928164469707
LOLTMNT05_185613,2026-04-26 20:41:34+00:00,LEC,0,Fnatic,Karmine Corp,0,0.2720953488309861,0.2819050878125132,0.3046863317418277
13244-13244_game_1,2026-04-28 09:13:28+00:00,LPL,0,Invictus Gaming,Anyone's Legend,0,0.3401470434116639,0.3927085012384552,0.3613405587545962
13244-13244_game_2,2026-04-28 10:06:13+00:00,LPL,0,Anyone's Legend,Invictus Gaming,1,0.659852956588336,0.7073631538773041,0.7148356286077278
13245-13245_game_1,2026-04-28 11:23:55+00:00,LPL,0,Top Esports,Weibo Gaming,0,0.6215497571464774,0.762744403996649,0.749407123868882
13245-13245_game_2,2026-04-28 12:25:38+00:00,LPL,0,Top Esports,Weibo Gaming,0,0.6215497571464774,0.7078391385655997,0.6973036417865439
LOLTMNT05_185757,2026-04-29 08:05:12+00:00,LCK,0,Nongshim RedForce,T1,0,0.3234514527442646,0.2756748045858307,0.26752170139767384
LOLTMNT05_185758,2026-04-29 08:56:14+00:00,LCK,0,T1,Nongshim RedForce,1,0.6765485472557353,0.797521457483981,0.7888732228212655
13246-13246_game_1,2026-04-29 09:19:47+00:00,LPL,0,JD Gaming,Ninjas in Pyjamas,1,0.6119556811365381,0.6991183773710049,0.6885486802078618
LOLTMNT05_185774,2026-04-29 10:15:19+00:00,LCK,0,KT Rolster,Hanwha Life Esports,0,0.451501905764118,0.5310869485786546,0.4878716432555401
13246-13246_game_2,2026-04-29 10:16:40+00:00,LPL,0,Ninjas in Pyjamas,JD Gaming,0,0.3880443188634618,0.3371157577611186,0.3294067662301109
LOLTMNT05_185776,2026-04-29 11:07:22+00:00,LCK,0,Hanwha Life Esports,KT Rolster,1,0.548498094235882,0.5920194419350436,0.6082216228758734
13247-13247_game_1,2026-04-29 11:33:11+00:00,LPL,0,Bilibili Gaming,Team WE,1,0.8393302510775746,0.9476072823452477,0.9375343267511346
13247-13247_game_2,2026-04-29 12:35:06+00:00,LPL,0,Team WE,Bilibili Gaming,0,0.1606697489224254,0.06778078334672842,0.07400544551895616
LOLTMNT02_394110,2026-04-30 08:06:44+00:00,LCK,0,Gen.G,Kiwoom DRX,1,0.8393302510775749,0.908076435196393,0.9068775502401366
LOLTMNT02_395085,2026-04-30 08:55:13+00:00,LCK,0,Kiwoom DRX,Gen.G,1,0.1606697489224251,0.11557464660017211,0.10830539745014758
13248-13248_game_1,2026-04-30 09:13:37+00:00,LPL,0,ThunderTalk Gaming,LGD Gaming,1,,0.4015300575807652,0.37290120237031266
LOLTMNT02_395093,2026-04-30 09:47:45+00:00,LCK,0,Kiwoom DRX,Gen.G,0,0.1606697489224251,0.1562640841240496,0.15966593113385782
13248-13248_game_2,2026-04-30 10:02:35+00:00,LPL,0,ThunderTalk Gaming,LGD Gaming,0,,0.4617413778166303,0.4366529186116726
13248-13248_game_3,2026-04-30 10:52:15+00:00,LPL,0,LGD Gaming,ThunderTalk Gaming,1,,0.6513427617615782,0.6537895049518182
LOLTMNT02_394154,2026-04-30 11:13:48+00:00,LCK,0,BNK FEARX,Dplus Kia,0,0.2444619153035522,0.3370724658725347,0.33083034877000433
13249-13249_game_1,2026-04-30 12:06:50+00:00,LPL,0,EDward Gaming,Ultra Prime,1,0.6356249356986996,0.6803726909684095,0.6863176587298073
LOLTMNT02_395149,2026-04-30 12:08:17+00:00,LCK,0,BNK FEARX,Dplus Kia,0,0.2444619153035522,0.30948413460247853,0.3054176363473311
13249-13249_game_2,2026-04-30 12:58:42+00:00,LPL,0,EDward Gaming,Ultra Prime,0,0.6356249356986996,0.7106684039054404,0.7149397119927172
13249-13249_game_3,2026-04-30 14:04:33+00:00,LPL,0,EDward Gaming,Ultra Prime,1,0.6356249356986996,0.6538449171026477,0.6582899174857404
LOLTMNT02_395369,2026-05-01 08:06:11+00:00,LCK,0,HANJIN BRION,DN SOOPers,1,0.5060923014969336,0.46420499296630535,0.47773623710237045
LOLTMNT02_394364,2026-05-01 08:58:55+00:00,LCK,0,HANJIN BRION,DN SOOPers,1,0.5060923014969336,0.5200703587729363,0.5292545841670115
13250-13250_game_1,2026-05-01 09:14:43+00:00,LPL,0,Anyone's Legend,Top Esports,1,0.5443939904638421,0.5089178236365345,0.48592836055819344
13250-13250_game_2,2026-05-01 10:12:33+00:00,LPL,0,Anyone's Legend,Top Esports,1,0.5443939904638421,0.5604674203745202,0.5341249531302272
LOLTMNT02_395396,2026-05-01 10:22:34+00:00,LCK,0,Hanwha Life Esports,T1,1,0.565068661607344,0.5948914353047442,0.584099692047351
LOLTMNT02_395404,2026-05-01 11:19:40+00:00,LCK,0,Hanwha Life Esports,T1,0,0.565068661607344,0.6364079274622982,0.6224874838292216
13251-13251_game_1,2026-05-01 11:34:18+00:00,LPL,0,Invictus Gaming,Weibo Gaming,0,0.4035662914267802,0.38395478433195196,0.37189391366959446
LOLTMNT02_395414,2026-05-01 12:17:37+00:00,LCK,0,T1,Hanwha Life Esports,0,0.4349313383926559,0.4941500031427155,0.4820939664942216
13251-13251_game_2,2026-05-01 12:34:20+00:00,LPL,0,Weibo Gaming,Invictus Gaming,0,0.5964337085732198,0.714368459998405,0.7046277122874056
13251-13251_game_3,2026-05-01 13:30:27+00:00,LPL,0,Invictus Gaming,Weibo Gaming,1,0.4035662914267802,0.4132901413319294,0.3987361518416334
13252-13252_game_1,2026-05-02 07:12:44+00:00,LPL,0,Team WE,JD Gaming,1,0.2023397620235439,0.12043892971221642,0.1331178874491825
LOLTMNT02_395585,2026-05-02 08:06:29+00:00,LCK,0,Dplus Kia,Gen.G,0,0.3507278563905577,0.4157231736634643,0.39037247189420166
13252-13252_game_2,2026-05-02 08:11:32+00:00,LPL,0,JD Gaming,Team WE,1,0.7976602379764561,0.8747922739601157,0.8536156117549744
LOLTMNT02_395589,2026-05-02 08:55:15+00:00,LCK,0,Gen.G,Dplus Kia,0,0.6492721436094423,0.6889314708518076,0.6893516059663509
13252-13252_game_3,2026-05-02 09:03:51+00:00,LPL,0,JD Gaming,Team WE,1,0.7976602379764561,0.8814773956976066,0.8617696911362511
LOLTMNT02_394531,2026-05-02 09:50:07+00:00,LCK,0,Dplus Kia,Gen.G,0,0.3507278563905577,0.44070126499256673,0.4133439943072819
13253-13253_game_1,2026-05-02 10:17:29+00:00,LPL,0,Weibo Gaming,Top Esports,0,0.4315796001124027,0.424034280217731,0.4104883781131556
LOLTMNT02_394554,2026-05-02 11:03:54+00:00,LCK,0,Kiwoom DRX,Nongshim RedForce,1,0.364200900115216,0.43380681710977337,0.4869631656077941
13253-13253_game_2,2026-05-02 11:08:56+00:00,LPL,0,Top Esports,Weibo Gaming,1,0.5684203998875972,0.6823288293774005,0.6722340735349143
LOLTMNT02_395635,2026-05-02 11:52:31+00:00,LCK,0,Kiwoom DRX,Nongshim RedForce,1,0.364200900115216,0.49210576033076,0.5408991142623312
13254-13254_game_1,2026-05-02 12:18:27+00:00,LPL,0,Invictus Gaming,Anyone's Legend,0,0.3289528714729214,0.300209056387238,0.28019756382805483
13254-13254_game_2,2026-05-02 13:07:58+00:00,LPL,0,Anyone's Legend,Invictus Gaming,1,0.6710471285270785,0.7790754581138466,0.7792649515680717
LOLTMNT04_159184,2026-05-02 15:08:13+00:00,LEC,0,Team Heretics,Fnatic,0,0.3773591836094168,0.4630310933509495,0.43616409624582353
LOLTMNT04_160146,2026-05-02 15:57:13+00:00,LEC,0,Fnatic,Team Heretics,1,0.6226408163905832,0.6503079353969553,0.6527655214672644
LOLTMNT04_159194,2026-05-02 16:58:51+00:00,LEC,0,SK Gaming,Team Vitality,0,0.25133451852786,0.26352838710525006,0.26329605721921595
LOLTMNT04_159202,2026-05-02 17:50:11+00:00,LEC,0,SK Gaming,Team Vitality,1,0.25133451852786,0.2448704006145079,0.24419264788317802
LOLTMNT04_160164,2026-05-02 18:34:28+00:00,LEC,0,Team Vitality,SK Gaming,1,0.74866548147214,0.7551692902852944,0.7399715679603268
LOLTMNT02_395698,2026-05-03 08:05:43+00:00,LCK,0,KT Rolster,HANJIN BRION,0,0.7624344612156049,0.8629297272295077,0.8478578280801345
LOLTMNT02_395710,2026-05-03 09:08:53+00:00,LCK,0,HANJIN BRION,KT Rolster,1,0.2375655387843951,0.2294614715312919,0.23189106822019845
13255-13255_game_1,2026-05-03 09:12:07+00:00,LPL,0,LNG Esports,ThunderTalk Gaming,1,0.6298691644126821,0.7973549422423807,0.7643419399924462
13255-13255_game_2,2026-05-03 10:03:59+00:00,LPL,0,LNG Esports,ThunderTalk Gaming,0,0.6298691644126821,0.8125715691611562,0.7825514251978973
LOLTMNT02_395739,2026-05-03 10:24:27+00:00,LCK,0,BNK FEARX,DN SOOPers,1,0.585160823258175,0.7412007579066533,0.7303419453053666
13255-13255_game_3,2026-05-03 10:59:13+00:00,LPL,0,ThunderTalk Gaming,LNG Esports,0,0.3701308355873178,0.2971062253070541,0.3143783113971354
LOLTMNT02_395741,2026-05-03 11:12:34+00:00,LCK,0,BNK FEARX,DN SOOPers,1,0.585160823258175,0.763367055213949,0.7517763810645133
13256-13256_game_1,2026-05-03 12:00:48+00:00,LPL,0,Ninjas in Pyjamas,Bilibili Gaming,0,0.2698054691044693,0.18827532337365963,0.1870244011532996
13256-13256_game_2,2026-05-03 13:04:42+00:00,LPL,0,Bilibili Gaming,Ninjas in Pyjamas,0,0.7301945308955307,0.8623521370567515,0.8526577898981496
13256-13256_game_3,2026-05-03 14:00:43+00:00,LPL,0,Ninjas in Pyjamas,Bilibili Gaming,0,0.2698054691044693,0.23034614320400665,0.22530339157328322
LOLTMNT04_159240,2026-05-03 15:08:24+00:00,LEC,0,Team Heretics,Shifters,0,,0.454553389652646,0.45093923240171974
LOLTMNT04_159248,2026-05-03 16:12:33+00:00,LEC,0,Team Heretics,Shifters,0,,0.4135604024807632,0.34790593279449694
LOLTMNT04_159260,2026-05-03 17:08:21+00:00,LEC,0,Natus Vincere,G2 Esports,0,0.3657175304428101,0.37762020728123136,0.3858971679525958
LOLTMNT04_159264,2026-05-03 17:57:56+00:00,LEC,0,G2 Esports,Natus Vincere,1,0.6342824695571899,0.7192867081452277,0.6904599387725062
LOLTMNT04_159286,2026-05-04 15:08:12+00:00,LEC,0,Team Vitality,Fnatic,0,0.6077276058731138,0.6997777730709505,0.6375600354801184
LOLTMNT04_159287,2026-05-04 16:03:08+00:00,LEC,0,Fnatic,Team Vitality,0,0.3922723941268861,0.4291907367061862,0.4718788740238885
LOLTMNT04_160242,2026-05-04 17:01:22+00:00,LEC,0,Team Vitality,Fnatic,1,0.6077276058731138,0.6780390734232794,0.6215198474412381
LOLTMNT04_159298,2026-05-04 17:58:25+00:00,LEC,0,Movistar KOI,Shifters,0,0.6969469274487987,0.7669129337256515,0.7353180667366618
LOLTMNT04_159302,2026-05-04 18:54:20+00:00,LEC,0,Movistar KOI,Shifters,1,0.6969469274487987,0.7120461212163883,0.6192200231334531
LOLTMNT04_159303,2026-05-04 19:47:06+00:00,LEC,0,Movistar KOI,Shifters,1,0.6969469274487987,0.7380242279842139,0.6881080924021119
LOLTMNT01_375534,2026-05-06 08:06:15+00:00,LCK,0,Nongshim RedForce,Gen.G,0,0.2014212187379908,0.1574136726009944,0.14765762352932216
LOLTMNT01_375573,2026-05-06 09:11:56+00:00,LCK,0,Gen.G,Nongshim RedForce,1,0.7985787812620092,0.884975269036025,0.8832434406034673
13257-13257_game_1,2026-05-06 09:13:56+00:00,LPL,0,Team WE,Invictus Gaming,1,,0.31736380837910466,0.2885620069131747
13257-13257_game_2,2026-05-06 10:10:32+00:00,LPL,0,Team WE,Invictus Gaming,0,,0.3798903970272308,0.3461591202200433
LOLTMNT01_376550,2026-05-06 10:34:43+00:00,LCK,0,DN SOOPers,Hanwha Life Esports,0,0.181800796491557,0.10187544399804646,0.1030348151381166
13257-13257_game_3,2026-05-06 10:59:19+00:00,LPL,0,Team WE,Invictus Gaming,1,,0.34748828174112606,0.3174330569864434
LOLTMNT01_376585,2026-05-06 11:22:02+00:00,LCK,0,Hanwha Life Esports,DN SOOPers,1,0.818199203508443,0.9254751354221369,0.9180145999039694
13258-13258_game_1,2026-05-06 12:08:59+00:00,LPL,0,JD Gaming,Top Esports,1,0.5087729002607423,0.543451583103656,0.5098399663351186
13258-13258_game_2,2026-05-06 12:59:35+00:00,LPL,0,JD Gaming,Top Esports,0,0.5087729002607423,0.5912311921203645,0.5551083140860161
13258-13258_game_3,2026-05-06 13:47:26+00:00,LPL,0,JD Gaming,Top Esports,1,0.5087729002607423,0.5379888465575098,0.5060836716198526
LOLTMNT01_378089,2026-05-07 08:07:34+00:00,LCK,0,KT Rolster,Dplus Kia,1,0.4783411195538098,0.4046867134369794,0.40769330605849385
LOLTMNT01_378106,2026-05-07 09:01:55+00:00,LCK,0,KT Rolster,Dplus Kia,1,0.4783411195538098,0.46487850653058943,0.4633401578466393
13259-13259_game_1,2026-05-07 09:12:07+00:00,LPL,0,Team WE,Weibo Gaming,0,0.3171239422297922,0.3571164631227839,0.3638527074222271
13259-13259_game_2,2026-05-07 10:10:59+00:00,LPL,0,Team WE,Weibo Gaming,1,0.3171239422297922,0.32739184869021504,0.3336746838795243
LOLTMNT01_378144,2026-05-07 10:30:17+00:00,LCK,0,BNK FEARX,HANJIN BRION,0,0.6001916819856086,0.7285860306092821,0.7265153790611356
LOLTMNT01_378170,2026-05-07 11:22:31+00:00,LCK,0,HANJIN BRION,BNK FEARX,1,0.3998083180143914,0.3977089043820273,0.37537534898013286
13259-13259_game_3,2026-05-07 11:23:30+00:00,LPL,0,Team WE,Weibo Gaming,0,0.3171239422297922,0.3899161679284302,0.3932149851999023
13260-13260_game_1,2026-05-07 12:39:41+00:00,LPL,0,Anyone's Legend,Ninjas in Pyjamas,0,0.6804160440288549,0.754097217182408,0.7545578783423809
13260-13260_game_2,2026-05-07 13:36:42+00:00,LPL,0,Ninjas in Pyjamas,Anyone's Legend,1,0.319583955971145,0.3687096647931402,0.3446071173315791
LOLTMNT01_378734,2026-05-08 08:05:48+00:00,LCK,0,T1,DN SOOPers,1,0.776136328299939,0.9000579092250737,0.8932028738105897
LOLTMNT01_378764,2026-05-08 08:52:21+00:00,LCK,0,T1,DN SOOPers,1,0.776136328299939,0.9045407199324258,0.8978207654278174
13261-13261_game_1,2026-05-08 09:19:29+00:00,LPL,0,LNG Esports,Ultra Prime,1,0.6872856158533246,0.7771103845294832,0.7633634411259541
13261-13261_game_2,2026-05-08 10:15:33+00:00,LPL,0,LNG Esports,Ultra Prime,0,0.6872856158533246,0.7946791448034671,0.781544178552543
LOLTMNT01_378900,2026-05-08 10:40:52+00:00,LCK,0,Gen.G,Kiwoom DRX,1,0.8165567767230208,0.8915224021578171,0.8809575146743105
13261-13261_game_3,2026-05-08 11:17:03+00:00,LPL,0,LNG Esports,Ultra Prime,1,0.6872856158533246,0.7420419186214977,0.7289158613498682
LOLTMNT01_377874,2026-05-08 11:32:42+00:00,LCK,0,Gen.G,Kiwoom DRX,1,0.8165567767230208,0.8966845423179634,0.8877778776195748
13262-13262_game_1,2026-05-08 12:26:50+00:00,LPL,0,JD Gaming,Bilibili Gaming,0,0.3946140851964999,0.38914861146513685,0.38782615836268797
13262-13262_game_2,2026-05-08 13:29:02+00:00,LPL,0,JD Gaming,Bilibili Gaming,0,0.3946140851964999,0.3557605335175019,0.3567869570723103
LOLTMNT04_162255,2026-05-08 14:13:17+00:00,LEC,0,G2 Esports,Karmine Corp,1,0.5521147208936941,0.6241691470024662,0.6182524502632852
LOLTMNT04_162268,2026-05-08 15:06:42+00:00,LEC,0,G2 Esports,Karmine Corp,1,0.5521147208936941,0.6618925610835145,0.6539281067063224
LOLTMNT04_161335,2026-05-08 16:15:39+00:00,LEC,0,Movistar KOI,GiantX,1,0.6204648810153424,0.6955989239541892,0.6945205930246997
LOLTMNT04_161346,2026-05-08 17:24:09+00:00,LEC,0,Movistar KOI,GiantX,1,0.6204648810153424,0.7237554563010988,0.7229172112691121
LOLTMNT01_380497,2026-05-09 08:06:41+00:00,LCK,0,KT Rolster,BNK FEARX,0,0.6511627985599591,0.6696457250653887,0.6698278424160644
LOLTMNT01_380553,2026-05-09 08:59:58+00:00,LCK,0,KT Rolster,BNK FEARX,0,0.6511627985599591,0.6129548500552577,0.6162328536204095
13263-13263_game_1,2026-05-09 09:13:03+00:00,LPL,0,Invictus Gaming,Ninjas in Pyjamas,1,,0.3630774484827408,0.365185366555502
13263-13263_game_2,2026-05-09 10:12:07+00:00,LPL,0,Ninjas in Pyjamas,Invictus Gaming,0,,0.6466358105516372,0.6277461688099842
LOLTMNT01_379647,2026-05-09 10:15:45+00:00,LCK,0,HANJIN BRION,Nongshim RedForce,1,0.4503642830211006,0.5805005588801943,0.5245780359887702
LOLTMNT01_380657,2026-05-09 11:12:58+00:00,LCK,0,HANJIN BRION,Nongshim RedForce,1,0.4503642830211006,0.6238410632828074,0.5686701997677203
13264-13264_game_1,2026-05-09 11:17:46+00:00,LPL,0,Team WE,Top Esports,0,0.2491661830796374,0.18939961644264305,0.19168908962830955
13264-13264_game_2,2026-05-09 12:22:29+00:00,LPL,0,Team WE,Top Esports,0,0.2491661830796374,0.17851314185066955,0.1813377059658397
LOLTMNT04_161451,2026-05-09 14:14:24+00:00,LEC,0,GiantX,G2 Esports,0,0.2310213741189278,0.17691729415344187,0.1732732181781242
LOLTMNT04_162397,2026-05-09 15:15:42+00:00,LEC,0,G2 Esports,GiantX,1,0.7689786258810721,0.8706805347897484,0.8632166571174914
LOLTMNT04_162417,2026-05-09 16:32:21+00:00,LEC,0,Karmine Corp,Movistar KOI,1,0.5289516897549138,0.557635761043758,0.5515425863102017
LOLTMNT04_161471,2026-05-09 17:37:14+00:00,LEC,0,Karmine Corp,Movistar KOI,0,0.5289516897549138,0.6037507926430762,0.5950910570159499
LOLTMNT04_161482,2026-05-09 18:26:50+00:00,LEC,0,Movistar KOI,Karmine Corp,0,0.4710483102450861,0.5256910742357845,0.5087822400828234
LOLTMNT01_382057,2026-05-10 08:09:29+00:00,LCK,0,T1,Dplus Kia,1,0.5985654367211801,0.6522831449024896,0.649773892776148
LOLTMNT01_382071,2026-05-10 08:58:19+00:00,LCK,0,T1,Dplus Kia,1,0.5985654367211801,0.6862730187608242,0.6810522746640577
13265-13265_game_1,2026-05-10 09:11:28+00:00,LPL,0,Ninjas in Pyjamas,Weibo Gaming,0,0.4796841532891863,0.5962962195895607,0.5741163534509963
13265-13265_game_2,2026-05-10 10:12:35+00:00,LPL,0,Weibo Gaming,Ninjas in Pyjamas,1,0.5203158467108137,0.5326772273280218,0.5297207356208078
LOLTMNT01_382136,2026-05-10 10:31:52+00:00,LCK,0,Kiwoom DRX,Hanwha Life Esports,1,0.1726694176448225,0.13053587151123544,0.12087787265898285
LOLTMNT01_382172,2026-05-10 11:20:52+00:00,LCK,0,Kiwoom DRX,Hanwha Life Esports,0,0.1726694176448225,0.17466280654388064,0.18392199600734974
13266-13266_game_1,2026-05-10 11:25:42+00:00,LPL,0,JD Gaming,Anyone's Legend,1,0.4632759625948771,0.5389243924773532,0.5291953622779314
LOLTMNT01_382190,2026-05-10 12:06:37+00:00,LCK,0,Hanwha Life Esports,Kiwoom DRX,1,0.8273305823551775,0.872333935916258,0.8595044532185878
13266-13266_game_2,2026-05-10 12:30:06+00:00,LPL,0,Anyone's Legend,JD Gaming,1,0.5367240374051229,0.48744930984821805,0.4791260967195013
LOLTMNT04_162485,2026-05-10 13:12:38+00:00,LEC,0,GiantX,Karmine Corp,0,0.2666705807898009,0.2664648897483422,0.25636386418246476
13266-13266_game_3,2026-05-10 13:23:10+00:00,LPL,0,JD Gaming,Anyone's Legend,1,0.4632759625948771,0.5342174838000876,0.5244005013816876
LOLTMNT04_161556,2026-05-10 15:17:18+00:00,LEC,0,Karmine Corp,GiantX,0,0.7333294192101991,0.8044233923186145,0.7983593602170471
LOLTMNT04_162542,2026-05-10 16:29:07+00:00,LEC,0,G2 Esports,Movistar KOI,0,0.6672746386706664,0.740366734450559,0.7350617215165355
LOLTMNT04_161575,2026-05-10 17:41:45+00:00,LEC,0,Movistar KOI,G2 Esports,0,0.3327253613293336,0.3844835176146282,0.36699133478372964
LOLTMNT04_162551,2026-05-10 18:37:55+00:00,LEC,0,G2 Esports,Movistar KOI,0,0.6672746386706664,0.7138397998708262,0.7092582320888875
