series_id,league,year,date_day,blue_team,red_team,oe_winner,oe_loser,oe_score,oe_w_wins,oe_l_wins,num_games,pair_key,page_num,source_url,date_header,match_date,team1_raw,team2_raw,team1,team2,series_score,score1,score2,odd1_decimal,odd2_decimal,implied_prob1_vigfree,implied_prob2_vigfree,norm_team1,norm_team2,blue_is_team1,format,q_team1,q_team2,q_blue_win,score_match
10665-10665,LPL,2024,2024-01-22,Bilibili Gaming,Top Esports,Bilibili Gaming,Top Esports,3-0,3,0,3,Bilibili Gaming|Top Esports,6.0,https://www.oddsportal.com/esports/league-of-legends/league-of-legends-lpl-2024/results/#/page/6/,22 Jan 2024 - Spring Season,2024-01-22,Bilibili Gaming,Top Esports,Bilibili Gaming,Top Esports,2-1,2.0,1.0,1.33,3.47,0.722917,0.277083,Bilibili Gaming,Top Esports,True,BO3,0.65342684941536,0.34657315058464,0.65342684941536,True
10666-10666,LPL,2024,2024-01-22,Royal Never Give Up,EDward Gaming,EDward Gaming,Royal Never Give Up,2-1,2,1,3,EDward Gaming|Royal Never Give Up,6.0,https://www.oddsportal.com/esports/league-of-legends/league-of-legends-lpl-2024/results/#/page/6/,22 Jan 2024 - Spring Season,2024-01-22,Royal Never Give Up,EDward Gaming,Royal Never Give Up,EDward Gaming,2-1,2.0,1.0,1.73,2.1,0.548303,0.451697,Royal Never Give Up,EDward Gaming,True,BO3,0.5322467089975003,0.46775329100249974,0.5322467089975003,True
10667-10667,LPL,2024,2024-01-23,Oh My God,Team WE,Oh My God,Team WE,2-0,2,0,2,Oh My God|Team WE,6.0,https://www.oddsportal.com/esports/league-of-legends/league-of-legends-lpl-2024/results/#/page/6/,23 Jan 2024 - Spring Season,2024-01-23,Oh My God,Team WE,Oh My God,Team WE,2-0,2.0,0.0,2.71,1.55,0.36385,0.63615,Oh My God,Team WE,True,BO3,0.40820190331476425,0.5917980966852358,0.40820190331476425,True
10668-10668,LPL,2024,2024-01-23,Anyone's Legend,FunPlus Phoenix,Anyone's Legend,FunPlus Phoenix,1-1,1,1,2,Anyone's Legend|FunPlus Phoenix,6.0,https://www.oddsportal.com/esports/league-of-legends/league-of-legends-lpl-2024/results/#/page/6/,23 Jan 2024 - Spring Season,2024-01-23,Anyone's Legend,FunPlus Phoenix,Anyone's Legend,FunPlus Phoenix,2-0,2.0,0.0,1.68,2.24,0.571429,0.428571,Anyone's Legend,FunPlus Phoenix,True,BO3,0.5477646307897153,0.45223536921028473,0.5477646307897153,True
10669-10669,LPL,2024,2024-01-24,Ninjas in Pyjamas,LGD Gaming,Ninjas in Pyjamas,LGD Gaming,1-1,1,1,2,LGD Gaming|Ninjas in Pyjamas,,,,,,,,,,,,,,,,,,,,,,,
10670-10670,LPL,2024,2024-01-24,Ultra Prime,Invictus Gaming,Ultra Prime,Invictus Gaming,1-1,1,1,2,Invictus Gaming|Ultra Prime,,,,,,,,,,,,,,,,,,,,,,,
10671-10671,LPL,2024,2024-01-25,Weibo Gaming,Rare Atom,Weibo Gaming,Rare Atom,1-1,1,1,2,Rare Atom|Weibo Gaming,6.0,https://www.oddsportal.com/esports/league-of-legends/league-of-legends-lpl-2024/results/#/page/6/,25 Jan 2024 - Spring Season,2024-01-25,Weibo Gaming,Rare Atom,Weibo Gaming,Rare Atom,2-0,2.0,0.0,1.33,3.57,0.728571,0.271429,Weibo Gaming,Rare Atom,True,BO3,0.6575998978159111,0.3424001021840889,0.6575998978159111,True
10672-10672,LPL,2024,2024-01-25,LNG Esports,ThunderTalk Gaming,ThunderTalk Gaming,LNG Esports,3-0,3,0,3,LNG Esports|TT Gaming,6.0,https://www.oddsportal.com/esports/league-of-legends/league-of-legends-lpl-2024/results/#/page/6/,25 Jan 2024 - Spring Season,2024-01-25,LNG Esports,TT Gaming,LNG Esports,TT Gaming,1-2,1.0,2.0,1.22,4.51,0.787086,0.212914,LNG Esports,TT Gaming,True,BO3,0.7024549697168018,0.29754503028319823,0.7024549697168018,True
10673-10673,LPL,2024,2024-01-26,Anyone's Legend,Team WE,Anyone's Legend,Team WE,1-1,1,1,2,Anyone's Legend|Team WE,6.0,https://www.oddsportal.com/esports/league-of-legends/league-of-legends-lpl-2024/results/#/page/6/,26 Jan 2024 - Spring Season,2024-01-26,Anyone's Legend,Team WE,Anyone's Legend,Team WE,0-2,0.0,2.0,1.95,1.92,0.496124,0.503876,Anyone's Legend,Team WE,True,BO3,0.4974159769946448,0.5025840230053552,0.4974159769946448,True
10674-10674,LPL,2024,2024-01-26,Oh My God,FunPlus Phoenix,Oh My God,FunPlus Phoenix,1-1,1,1,2,FunPlus Phoenix|Oh My God,6.0,https://www.oddsportal.com/esports/league-of-legends/league-of-legends-lpl-2024/results/#/page/6/,26 Jan 2024 - Spring Season,2024-01-26,Oh My God,FunPlus Phoenix,Oh My God,FunPlus Phoenix,0-2,0.0,2.0,1.5,2.71,0.643705,0.356295,Oh My God,FunPlus Phoenix,True,BO3,0.5970210220230041,0.4029789779769959,0.5970210220230041,True
10675-10675,LPL,2024,2024-01-26,Bilibili Gaming,Royal Never Give Up,Bilibili Gaming,Royal Never Give Up,1-1,1,1,2,Bilibili Gaming|Royal Never Give Up,6.0,https://www.oddsportal.com/esports/league-of-legends/league-of-legends-lpl-2024/results/#/page/6/,26 Jan 2024 - Spring Season,2024-01-26,Bilibili Gaming,Royal Never Give Up,Bilibili Gaming,Royal Never Give Up,2-0,2.0,0.0,1.18,5.63,0.826725,0.173275,Bilibili Gaming,Royal Never Give Up,True,BO3,0.7351546945186836,0.26484530548131635,0.7351546945186836,True
10676-10676,LPL,2024,2024-01-27,Invictus Gaming,Ninjas in Pyjamas,Invictus Gaming,Ninjas in Pyjamas,1-1,1,1,2,Invictus Gaming|Ninjas in Pyjamas,,,,,,,,,,,,,,,,,,,,,,,
10677-10677,LPL,2024,2024-01-27,Ultra Prime,LGD Gaming,Ultra Prime,LGD Gaming,2-1,2,1,3,LGD Gaming|Ultra Prime,,,,,,,,,,,,,,,,,,,,,,,
10678-10678,LPL,2024,2024-01-27,Top Esports,EDward Gaming,Top Esports,EDward Gaming,1-1,1,1,2,EDward Gaming|Top Esports,6.0,https://www.oddsportal.com/esports/league-of-legends/league-of-legends-lpl-2024/results/#/page/6/,27 Jan 2024 - Spring Season,2024-01-27,Top Esports,EDward Gaming,Top Esports,EDward Gaming,2-0,2.0,0.0,1.31,3.57,0.731557,0.268443,Top Esports,EDward Gaming,True,BO3,0.6598136017094454,0.34018639829055464,0.6598136017094454,True
10679-10679,LPL,2024,2024-01-28,ThunderTalk Gaming,Weibo Gaming,ThunderTalk Gaming,Weibo Gaming,1-1,1,1,2,TT Gaming|Weibo Gaming,6.0,https://www.oddsportal.com/esports/league-of-legends/league-of-legends-lpl-2024/results/#/page/6/,28 Jan 2024 - Spring Season,2024-01-28,TT Gaming,Weibo Gaming,TT Gaming,Weibo Gaming,0-2,0.0,2.0,2.86,1.45,0.336427,0.663573,TT Gaming,Weibo Gaming,True,BO3,0.3891344432104659,0.610865556789534,0.3891344432104659,True
10680-10680,LPL,2024,2024-01-28,Rare Atom,JD Gaming,Rare Atom,JD Gaming,1-1,1,1,2,JD Gaming|Rare Atom,6.0,https://www.oddsportal.com/esports/league-of-legends/league-of-legends-lpl-2024/results/#/page/6/,28 Jan 2024 - Spring Season,2024-01-28,Rare Atom,JD Gaming,Rare Atom,JD Gaming,0-2,0.0,2.0,9.45,1.08,0.102564,0.897436,Rare Atom,JD Gaming,True,BO3,0.19849994055016867,0.8015000594498314,0.19849994055016867,True
10681-10681,LPL,2024,2024-01-28,Oh My God,LNG Esports,Oh My God,LNG Esports,1-1,1,1,2,LNG Esports|Oh My God,6.0,https://www.oddsportal.com/esports/league-of-legends/league-of-legends-lpl-2024/results/#/page/6/,28 Jan 2024 - Spring Season,2024-01-28,Oh My God,LNG Esports,Oh My God,LNG Esports,0-2,0.0,2.0,3.47,1.33,0.277083,0.722917,Oh My God,LNG Esports,True,BO3,0.3465731505846399,0.6534268494153601,0.3465731505846399,True
10682-10682,LPL,2024,2024-01-29,FunPlus Phoenix,Team WE,Team WE,FunPlus Phoenix,2-1,2,1,3,FunPlus Phoenix|Team WE,6.0,https://www.oddsportal.com/esports/league-of-legends/league-of-legends-lpl-2024/results/#/page/6/,29 Jan 2024 - Spring Season,2024-01-29,FunPlus Phoenix,Team WE,FunPlus Phoenix,Team WE,1-2,1.0,2.0,2.71,1.5,0.356295,0.643705,FunPlus Phoenix,Team WE,True,BO3,0.4029789779769958,0.5970210220230042,0.4029789779769958,True
10683-10683,LPL,2024,2024-01-29,Bilibili Gaming,Anyone's Legend,Bilibili Gaming,Anyone's Legend,2-0,2,0,2,Anyone's Legend|Bilibili Gaming,6.0,https://www.oddsportal.com/esports/league-of-legends/league-of-legends-lpl-2024/results/#/page/6/,29 Jan 2024 - Spring Season,2024-01-29,Bilibili Gaming,Anyone's Legend,Bilibili Gaming,Anyone's Legend,2-0,2.0,0.0,1.04,11.9,0.919629,0.080371,Bilibili Gaming,Anyone's Legend,True,BO3,0.8259083526149442,0.17409164738505578,0.8259083526149442,True
10684-10684,LPL,2024,2024-01-30,Royal Never Give Up,Ultra Prime,Royal Never Give Up,Ultra Prime,1-1,1,1,2,Royal Never Give Up|Ultra Prime,6.0,https://www.oddsportal.com/esports/league-of-legends/league-of-legends-lpl-2024/results/#/page/6/,30 Jan 2024 - Spring Season,2024-01-30,Royal Never Give Up,Ultra Prime,Royal Never Give Up,Ultra Prime,2-0,2.0,0.0,1.13,7.1,0.862697,0.137303,Royal Never Give Up,Ultra Prime,True,BO3,0.767247535771166,0.232752464228834,0.767247535771166,True
10685-10685,LPL,2024,2024-01-30,LGD Gaming,EDward Gaming,LGD Gaming,EDward Gaming,2-0,2,0,2,EDward Gaming|LGD Gaming,6.0,https://www.oddsportal.com/esports/league-of-legends/league-of-legends-lpl-2024/results/#/page/6/,30 Jan 2024 - Spring Season,2024-01-30,LGD Gaming,EDward Gaming,LGD Gaming,EDward Gaming,2-0,2.0,0.0,3.07,1.4,0.313199,0.686801,LGD Gaming,EDward Gaming,True,BO3,0.37271649093361603,0.627283509066384,0.37271649093361603,True
10686-10686,LPL,2024,2024-01-31,Rare Atom,Invictus Gaming,Rare Atom,Invictus Gaming,1-1,1,1,2,Invictus Gaming|Rare Atom,6.0,https://www.oddsportal.com/esports/league-of-legends/league-of-legends-lpl-2024/results/#/page/6/,31 Jan 2024 - Spring Season,2024-01-31,Rare Atom,Invictus Gaming,Rare Atom,Invictus Gaming,0-2,0.0,2.0,1.88,1.96,0.510417,0.489583,Rare Atom,Invictus Gaming,True,BO3,0.5069451133263427,0.49305488667365727,0.5069451133263427,True
10687-10687,LPL,2024,2024-01-31,Ninjas in Pyjamas,JD Gaming,Ninjas in Pyjamas,JD Gaming,1-1,1,1,2,JD Gaming|Ninjas in Pyjamas,6.0,https://www.oddsportal.com/esports/league-of-legends/league-of-legends-lpl-2024/results/#/page/6/,31 Jan 2024 - Spring Season,2024-01-31,Ninjas in Pyjamas,JD Gaming,Ninjas in Pyjamas,JD Gaming,0-2,0.0,2.0,3.47,1.33,0.277083,0.722917,Ninjas in Pyjamas,JD Gaming,True,BO3,0.3465731505846399,0.6534268494153601,0.3465731505846399,True
10688-10688,LPL,2024,2024-02-01,ThunderTalk Gaming,Oh My God,ThunderTalk Gaming,Oh My God,1-1,1,1,2,Oh My God|TT Gaming,6.0,https://www.oddsportal.com/esports/league-of-legends/league-of-legends-lpl-2024/results/#/page/6/,01 Feb 2024 - Spring Season,2024-02-01,TT Gaming,Oh My God,TT Gaming,Oh My God,0-2,0.0,2.0,1.45,2.96,0.671202,0.328798,TT Gaming,Oh My God,True,BO3,0.6162281663294755,0.3837718336705245,0.6162281663294755,True
10689-10689,LPL,2024,2024-02-01,LNG Esports,Weibo Gaming,Weibo Gaming,LNG Esports,2-1,2,1,3,LNG Esports|Weibo Gaming,6.0,https://www.oddsportal.com/esports/league-of-legends/league-of-legends-lpl-2024/results/#/page/6/,01 Feb 2024 - Spring Season,2024-02-01,LNG Esports,Weibo Gaming,LNG Esports,Weibo Gaming,2-1,2.0,1.0,1.65,2.34,0.586466,0.413534,LNG Esports,Weibo Gaming,True,BO3,0.557902844193662,0.442097155806338,0.557902844193662,True
10690-10690,LPL,2024,2024-02-02,Ninjas in Pyjamas,Team WE,Ninjas in Pyjamas,Team WE,2-1,2,1,3,Ninjas in Pyjamas|Team WE,,,,,,,,,,,,,,,,,,,,,,,
10691-10691,LPL,2024,2024-02-02,Ultra Prime,FunPlus Phoenix,Ultra Prime,FunPlus Phoenix,3-0,3,0,3,FunPlus Phoenix|Ultra Prime,6.0,https://www.oddsportal.com/esports/league-of-legends/league-of-legends-lpl-2024/results/#/page/6/,02 Feb 2024 - Spring Season,2024-02-02,Ultra Prime,FunPlus Phoenix,Ultra Prime,FunPlus Phoenix,2-1,2.0,1.0,4.2,1.24,0.227941,0.772059,Ultra Prime,FunPlus Phoenix,True,BO3,0.30939425062539694,0.6906057493746031,0.30939425062539694,True
10692-10692,LPL,2024,2024-02-02,Anyone's Legend,LGD Gaming,LGD Gaming,Anyone's Legend,2-1,2,1,3,Anyone's Legend|LGD Gaming,6.0,https://www.oddsportal.com/esports/league-of-legends/league-of-legends-lpl-2024/results/#/page/6/,02 Feb 2024 - Spring Season,2024-02-02,Anyone's Legend,LGD Gaming,Anyone's Legend,LGD Gaming,2-1,2.0,1.0,1.58,2.45,0.60794,0.39206,Anyone's Legend,LGD Gaming,True,BO3,0.5724674194687841,0.4275325805312159,0.5724674194687841,True
10693-10693,LPL,2024,2024-02-03,Top Esports,Rare Atom,Top Esports,Rare Atom,1-1,1,1,2,Rare Atom|Top Esports,6.0,https://www.oddsportal.com/esports/league-of-legends/league-of-legends-lpl-2024/results/#/page/6/,03 Feb 2024 - Spring Season,2024-02-03,Top Esports,Rare Atom,Top Esports,Rare Atom,2-0,2.0,0.0,1.12,7.95,0.876516,0.123484,Top Esports,Rare Atom,True,BO3,0.7804081974224588,0.21959180257754118,0.7804081974224588,True
10694-10694,LPL,2024,2024-02-03,Invictus Gaming,ThunderTalk Gaming,Invictus Gaming,ThunderTalk Gaming,3-0,3,0,3,Invictus Gaming|TT Gaming,,,,,,,,,,,,,,,,,,,,,,,
10695-10695,LPL,2024,2024-02-03,Bilibili Gaming,EDward Gaming,Bilibili Gaming,EDward Gaming,2-0,2,0,2,Bilibili Gaming|EDward Gaming,6.0,https://www.oddsportal.com/esports/league-of-legends/league-of-legends-lpl-2024/results/#/page/6/,03 Feb 2024 - Spring Season,2024-02-03,Bilibili Gaming,EDward Gaming,Bilibili Gaming,EDward Gaming,2-0,2.0,0.0,1.06,10.6,0.909091,0.090909,Bilibili Gaming,EDward Gaming,True,BO3,0.8140102245173586,0.1859897754826414,0.8140102245173586,True
10696-10696,LPL,2024,2024-02-04,Oh My God,Ninjas in Pyjamas,Oh My God,Ninjas in Pyjamas,1-1,1,1,2,Ninjas in Pyjamas|Oh My God,6.0,https://www.oddsportal.com/esports/league-of-legends/league-of-legends-lpl-2024/results/#/page/6/,04 Feb 2024 - Spring Season,2024-02-04,Oh My God,Ninjas in Pyjamas,Oh My God,Ninjas in Pyjamas,0-2,0.0,2.0,3.47,1.38,0.284536,0.715464,Oh My God,Ninjas in Pyjamas,True,BO3,0.35203829871124626,0.6479617012887537,0.35203829871124626,True
10697-10697,LPL,2024,2024-02-04,JD Gaming,LNG Esports,LNG Esports,JD Gaming,2-1,2,1,3,JD Gaming|LNG Esports,6.0,https://www.oddsportal.com/esports/league-of-legends/league-of-legends-lpl-2024/results/#/page/6/,04 Feb 2024 - Spring Season,2024-02-04,JD Gaming,LNG Esports,JD Gaming,LNG Esports,2-1,2.0,1.0,1.36,3.47,0.718427,0.281573,JD Gaming,LNG Esports,True,BO3,0.6501296814207093,0.34987031857929074,0.6501296814207093,True
10698-10698,LPL,2024,2024-02-04,Royal Never Give Up,Weibo Gaming,Royal Never Give Up,Weibo Gaming,1-1,1,1,2,Royal Never Give Up|Weibo Gaming,6.0,https://www.oddsportal.com/esports/league-of-legends/league-of-legends-lpl-2024/results/#/page/6/,04 Feb 2024 - Spring Season,2024-02-04,Royal Never Give Up,Weibo Gaming,Royal Never Give Up,Weibo Gaming,0-2,0.0,2.0,2.17,1.72,0.442159,0.557841,Royal Never Give Up,Weibo Gaming,True,BO3,0.46136242590503695,0.538637574094963,0.46136242590503695,True
10699-10699,LPL,2024,2024-02-05,Team WE,LGD Gaming,Team WE,LGD Gaming,3-0,3,0,3,LGD Gaming|Team WE,,,,,,,,,,,,,,,,,,,,,,,
10700-10700,LPL,2024,2024-02-05,Ultra Prime,Anyone's Legend,Ultra Prime,Anyone's Legend,2-1,2,1,3,Anyone's Legend|Ultra Prime,5.0,https://www.oddsportal.com/esports/league-of-legends/league-of-legends-lpl-2024/results/#/page/5/,05 Feb 2024 - Spring Season,2024-02-05,Ultra Prime,Anyone's Legend,Ultra Prime,Anyone's Legend,1-2,1.0,2.0,3.47,1.33,0.277083,0.722917,Ultra Prime,Anyone's Legend,True,BO3,0.3465731505846399,0.6534268494153601,0.3465731505846399,True
10701-10701,LPL,2024,2024-02-06,EDward Gaming,FunPlus Phoenix,FunPlus Phoenix,EDward Gaming,3-0,3,0,3,EDward Gaming|FunPlus Phoenix,5.0,https://www.oddsportal.com/esports/league-of-legends/league-of-legends-lpl-2024/results/#/page/5/,06 Feb 2024 - Spring Season,2024-02-06,EDward Gaming,FunPlus Phoenix,EDward Gaming,FunPlus Phoenix,1-2,1.0,2.0,1.67,2.34,0.583541,0.416459,EDward Gaming,FunPlus Phoenix,True,BO3,0.5559272431908978,0.4440727568091022,0.5559272431908978,True
10702-10702,LPL,2024,2024-02-06,LNG Esports,Bilibili Gaming,LNG Esports,Bilibili Gaming,1-1,1,1,2,Bilibili Gaming|LNG Esports,5.0,https://www.oddsportal.com/esports/league-of-legends/league-of-legends-lpl-2024/results/#/page/5/,06 Feb 2024 - Spring Season,2024-02-06,LNG Esports,Bilibili Gaming,LNG Esports,Bilibili Gaming,0-2,0.0,2.0,4.2,1.24,0.227941,0.772059,LNG Esports,Bilibili Gaming,True,BO3,0.30939425062539694,0.6906057493746031,0.30939425062539694,True
10703-10703,LPL,2024,2024-02-07,Invictus Gaming,Royal Never Give Up,Royal Never Give Up,Invictus Gaming,2-1,2,1,3,Invictus Gaming|Royal Never Give Up,5.0,https://www.oddsportal.com/esports/league-of-legends/league-of-legends-lpl-2024/results/#/page/5/,07 Feb 2024 - Spring Season,2024-02-07,Invictus Gaming,Royal Never Give Up,Invictus Gaming,Royal Never Give Up,2-1,2.0,1.0,2.86,1.45,0.336427,0.663573,Invictus Gaming,Royal Never Give Up,True,BO3,0.3891344432104659,0.610865556789534,0.3891344432104659,True
10704-10704,LPL,2024,2024-02-07,Weibo Gaming,Top Esports,Weibo Gaming,Top Esports,1-1,1,1,2,Top Esports|Weibo Gaming,5.0,https://www.oddsportal.com/esports/league-of-legends/league-of-legends-lpl-2024/results/#/page/5/,07 Feb 2024 - Spring Season,2024-02-07,Weibo Gaming,Top Esports,Weibo Gaming,Top Esports,0-2,0.0,2.0,2.86,1.45,0.336427,0.663573,Weibo Gaming,Top Esports,True,BO3,0.3891344432104659,0.610865556789534,0.3891344432104659,True
10756-10756,LPL,2024,2024-02-18,Ninjas in Pyjamas,Ultra Prime,Ninjas in Pyjamas,Ultra Prime,3-0,3,0,3,Ninjas in Pyjamas|Ultra Prime,,,,,,,,,,,,,,,,,,,,,,,
10757-10757,LPL,2024,2024-02-18,Anyone's Legend,Oh My God,Oh My God,Anyone's Legend,2-1,2,1,3,Anyone's Legend|Oh My God,5.0,https://www.oddsportal.com/esports/league-of-legends/league-of-legends-lpl-2024/results/#/page/5/,18 Feb 2024 - Spring Season,2024-02-18,Anyone's Legend,Oh My God,Anyone's Legend,Oh My God,2-1,2.0,1.0,2.07,1.8,0.465116,0.534884,Anyone's Legend,Oh My God,True,BO3,0.47672719320010737,0.5232728067998926,0.47672719320010737,True
10758-10758,LPL,2024,2024-02-18,ThunderTalk Gaming,Rare Atom,ThunderTalk Gaming,Rare Atom,2-1,2,1,3,Rare Atom|TT Gaming,5.0,https://www.oddsportal.com/esports/league-of-legends/league-of-legends-lpl-2024/results/#/page/5/,18 Feb 2024 - Spring Season,2024-02-18,TT Gaming,Rare Atom,TT Gaming,Rare Atom,1-2,1.0,2.0,1.5,2.55,0.62963,0.37037,TT Gaming,Rare Atom,True,BO3,0.5873073419967705,0.4126926580032295,0.5873073419967705,True
10759-10759,LPL,2024,2024-02-19,JD Gaming,LGD Gaming,LGD Gaming,JD Gaming,2-1,2,1,3,JD Gaming|LGD Gaming,5.0,https://www.oddsportal.com/esports/league-of-legends/league-of-legends-lpl-2024/results/#/page/5/,19 Feb 2024 - Spring Season,2024-02-19,JD Gaming,LGD Gaming,JD Gaming,LGD Gaming,2-1,2.0,1.0,1.07,9.6,0.899719,0.100281,JD Gaming,LGD Gaming,True,BO3,0.8039026395318909,0.1960973604681091,0.8039026395318909,True
10760-10760,LPL,2024,2024-02-19,EDward Gaming,Team WE,EDward Gaming,Team WE,1-1,1,1,2,EDward Gaming|Team WE,5.0,https://www.oddsportal.com/esports/league-of-legends/league-of-legends-lpl-2024/results/#/page/5/,19 Feb 2024 - Spring Season,2024-02-19,EDward Gaming,Team WE,EDward Gaming,Team WE,0-2,0.0,2.0,3.11,1.39,0.308889,0.691111,EDward Gaming,Team WE,True,BO3,0.36963885183175615,0.6303611481682438,0.36963885183175615,True
10761-10761,LPL,2024,2024-02-20,FunPlus Phoenix,LNG Esports,LNG Esports,FunPlus Phoenix,3-0,3,0,3,FunPlus Phoenix|LNG Esports,5.0,https://www.oddsportal.com/esports/league-of-legends/league-of-legends-lpl-2024/results/#/page/5/,20 Feb 2024 - Spring Season,2024-02-20,FunPlus Phoenix,LNG Esports,FunPlus Phoenix,LNG Esports,2-1,2.0,1.0,7.1,1.13,0.137303,0.862697,FunPlus Phoenix,LNG Esports,True,BO3,0.23275246422883403,0.767247535771166,0.23275246422883403,True
10762-10762,LPL,2024,2024-02-20,Invictus Gaming,Bilibili Gaming,Invictus Gaming,Bilibili Gaming,1-1,1,1,2,Bilibili Gaming|Invictus Gaming,5.0,https://www.oddsportal.com/esports/league-of-legends/league-of-legends-lpl-2024/results/#/page/5/,20 Feb 2024 - Spring Season,2024-02-20,Invictus Gaming,Bilibili Gaming,Invictus Gaming,Bilibili Gaming,2-0,2.0,0.0,11.9,1.04,0.080371,0.919629,Invictus Gaming,Bilibili Gaming,True,BO3,0.17409164738505592,0.8259083526149441,0.17409164738505592,True
10763-10763,LPL,2024,2024-02-21,Ultra Prime,Weibo Gaming,Ultra Prime,Weibo Gaming,1-1,1,1,2,Ultra Prime|Weibo Gaming,5.0,https://www.oddsportal.com/esports/league-of-legends/league-of-legends-lpl-2024/results/#/page/5/,21 Feb 2024 - Spring Season,2024-02-21,Ultra Prime,Weibo Gaming,Ultra Prime,Weibo Gaming,0-2,0.0,2.0,6.15,1.14,0.156379,0.843621,Ultra Prime,Weibo Gaming,True,BO3,0.2501146491434448,0.7498853508565553,0.2501146491434448,True
10764-10764,LPL,2024,2024-02-21,Royal Never Give Up,Top Esports,Royal Never Give Up,Top Esports,1-1,1,1,2,Royal Never Give Up|Top Esports,5.0,https://www.oddsportal.com/esports/league-of-legends/league-of-legends-lpl-2024/results/#/page/5/,21 Feb 2024 - Spring Season,2024-02-21,Royal Never Give Up,Top Esports,Royal Never Give Up,Top Esports,0-2,0.0,2.0,3.8,1.22,0.243028,0.756972,Royal Never Give Up,Top Esports,True,BO3,0.3210438308251114,0.6789561691748887,0.3210438308251114,True
10765-10765,LPL,2024,2024-02-22,ThunderTalk Gaming,Anyone's Legend,ThunderTalk Gaming,Anyone's Legend,1-1,1,1,2,Anyone's Legend|TT Gaming,5.0,https://www.oddsportal.com/esports/league-of-legends/league-of-legends-lpl-2024/results/#/page/5/,22 Feb 2024 - Spring Season,2024-02-22,TT Gaming,Anyone's Legend,TT Gaming,Anyone's Legend,0-2,0.0,2.0,2.17,1.72,0.442159,0.557841,TT Gaming,Anyone's Legend,True,BO3,0.46136242590503695,0.538637574094963,0.46136242590503695,True
10766-10766,LPL,2024,2024-02-22,Rare Atom,Oh My God,Rare Atom,Oh My God,1-1,1,1,2,Oh My God|Rare Atom,5.0,https://www.oddsportal.com/esports/league-of-legends/league-of-legends-lpl-2024/results/#/page/5/,22 Feb 2024 - Spring Season,2024-02-22,Rare Atom,Oh My God,Rare Atom,Oh My God,0-2,0.0,2.0,2.71,1.52,0.359338,0.640662,Rare Atom,Oh My God,True,BO3,0.4050852411104829,0.5949147588895172,0.4050852411104829,True
10767-10767,LPL,2024,2024-02-22,EDward Gaming,Ninjas in Pyjamas,Ninjas in Pyjamas,EDward Gaming,2-0,2,0,2,EDward Gaming|Ninjas in Pyjamas,5.0,https://www.oddsportal.com/esports/league-of-legends/league-of-legends-lpl-2024/results/#/page/5/,22 Feb 2024 - Spring Season,2024-02-22,EDward Gaming,Ninjas in Pyjamas,EDward Gaming,Ninjas in Pyjamas,0-2,0.0,2.0,6.15,1.14,0.156379,0.843621,EDward Gaming,Ninjas in Pyjamas,True,BO3,0.2501146491434448,0.7498853508565553,0.2501146491434448,True
10768-10768,LPL,2024,2024-02-23,FunPlus Phoenix,LGD Gaming,LGD Gaming,FunPlus Phoenix,2-1,2,1,3,FunPlus Phoenix|LGD Gaming,5.0,https://www.oddsportal.com/esports/league-of-legends/league-of-legends-lpl-2024/results/#/page/5/,23 Feb 2024 - Spring Season,2024-02-23,FunPlus Phoenix,LGD Gaming,FunPlus Phoenix,LGD Gaming,2-1,2.0,1.0,1.72,2.17,0.557841,0.442159,FunPlus Phoenix,LGD Gaming,True,BO3,0.5386375740949632,0.46136242590503684,0.5386375740949632,True
10769-10769,LPL,2024,2024-02-23,Invictus Gaming,Team WE,Invictus Gaming,Team WE,2-1,2,1,3,Invictus Gaming|Team WE,,,,,,,,,,,,,,,,,,,,,,,
10770-10770,LPL,2024,2024-02-23,LNG Esports,Top Esports,LNG Esports,Top Esports,1-1,1,1,2,LNG Esports|Top Esports,5.0,https://www.oddsportal.com/esports/league-of-legends/league-of-legends-lpl-2024/results/#/page/5/,23 Feb 2024 - Spring Season,2024-02-23,LNG Esports,Top Esports,LNG Esports,Top Esports,0-2,0.0,2.0,3.04,1.4,0.315315,0.684685,LNG Esports,Top Esports,True,BO3,0.3742236779073661,0.6257763220926339,0.3742236779073661,True
10771-10771,LPL,2024,2024-02-24,ThunderTalk Gaming,Ultra Prime,Ultra Prime,ThunderTalk Gaming,2-1,2,1,3,TT Gaming|Ultra Prime,,,,,,,,,,,,,,,,,,,,,,,
10772-10772,LPL,2024,2024-02-24,Royal Never Give Up,Rare Atom,Rare Atom,Royal Never Give Up,3-0,3,0,3,Rare Atom|Royal Never Give Up,5.0,https://www.oddsportal.com/esports/league-of-legends/league-of-legends-lpl-2024/results/#/page/5/,24 Feb 2024 - Spring Season,2024-02-24,Royal Never Give Up,Rare Atom,Royal Never Give Up,Rare Atom,1-2,1.0,2.0,1.22,3.8,0.756972,0.243028,Royal Never Give Up,Rare Atom,True,BO3,0.6789561691748885,0.32104383082511145,0.6789561691748885,True
10773-10773,LPL,2024,2024-02-24,JD Gaming,Bilibili Gaming,Bilibili Gaming,JD Gaming,3-0,3,0,3,Bilibili Gaming|JD Gaming,5.0,https://www.oddsportal.com/esports/league-of-legends/league-of-legends-lpl-2024/results/#/page/5/,24 Feb 2024 - Spring Season,2024-02-24,JD Gaming,Bilibili Gaming,JD Gaming,Bilibili Gaming,1-2,1.0,2.0,2.75,1.5,0.352941,0.647059,JD Gaming,Bilibili Gaming,True,BO3,0.4006532947786135,0.5993467052213866,0.4006532947786135,True
10774-10774,LPL,2024,2024-02-25,EDward Gaming,Anyone's Legend,EDward Gaming,Anyone's Legend,1-1,1,1,2,Anyone's Legend|EDward Gaming,5.0,https://www.oddsportal.com/esports/league-of-legends/league-of-legends-lpl-2024/results/#/page/5/,25 Feb 2024 - Spring Season,2024-02-25,EDward Gaming,Anyone's Legend,EDward Gaming,Anyone's Legend,2-0,2.0,0.0,5.08,1.18,0.188498,0.811502,EDward Gaming,Anyone's Legend,True,BO3,0.2776809491571698,0.7223190508428302,0.2776809491571698,True
10775-10775,LPL,2024,2024-02-25,Weibo Gaming,Oh My God,Weibo Gaming,Oh My God,2-1,2,1,3,Oh My God|Weibo Gaming,5.0,https://www.oddsportal.com/esports/league-of-legends/league-of-legends-lpl-2024/results/#/page/5/,25 Feb 2024 - Spring Season,2024-02-25,Weibo Gaming,Oh My God,Weibo Gaming,Oh My God,1-2,1.0,2.0,1.36,3.1,0.695067,0.304933,Weibo Gaming,Oh My God,True,BO3,0.6331953591455877,0.36680464085441233,0.6331953591455877,True
10776-10776,LPL,2024,2024-02-25,Ninjas in Pyjamas,LNG Esports,Ninjas in Pyjamas,LNG Esports,2-1,2,1,3,LNG Esports|Ninjas in Pyjamas,5.0,https://www.oddsportal.com/esports/league-of-legends/league-of-legends-lpl-2024/results/#/page/5/,25 Feb 2024 - Spring Season,2024-02-25,Ninjas in Pyjamas,LNG Esports,Ninjas in Pyjamas,LNG Esports,2-1,2.0,1.0,1.72,2.17,0.557841,0.442159,Ninjas in Pyjamas,LNG Esports,True,BO3,0.5386375740949632,0.46136242590503684,0.5386375740949632,True
10777-10777,LPL,2024,2024-02-26,Top Esports,FunPlus Phoenix,Top Esports,FunPlus Phoenix,2-1,2,1,3,FunPlus Phoenix|Top Esports,5.0,https://www.oddsportal.com/esports/league-of-legends/league-of-legends-lpl-2024/results/#/page/5/,26 Feb 2024 - Spring Season,2024-02-26,Top Esports,FunPlus Phoenix,Top Esports,FunPlus Phoenix,1-2,1.0,2.0,1.08,9.45,0.897436,0.102564,Top Esports,FunPlus Phoenix,True,BO3,0.8015000594498313,0.19849994055016873,0.8015000594498313,True
10778-10778,LPL,2024,2024-02-26,Invictus Gaming,LGD Gaming,LGD Gaming,Invictus Gaming,2-1,2,1,3,Invictus Gaming|LGD Gaming,,,,,,,,,,,,,,,,,,,,,,,
10779-10779,LPL,2024,2024-02-27,Bilibili Gaming,ThunderTalk Gaming,Bilibili Gaming,ThunderTalk Gaming,1-1,1,1,2,Bilibili Gaming|TT Gaming,5.0,https://www.oddsportal.com/esports/league-of-legends/league-of-legends-lpl-2024/results/#/page/5/,27 Feb 2024 - Spring Season,2024-02-27,Bilibili Gaming,TT Gaming,Bilibili Gaming,TT Gaming,2-0,2.0,0.0,1.05,11.9,0.918919,0.081081,Bilibili Gaming,TT Gaming,True,BO3,0.8250868856820781,0.1749131143179219,0.8250868856820781,True
10780-10780,LPL,2024,2024-02-27,JD Gaming,Team WE,JD Gaming,Team WE,3-0,3,0,3,JD Gaming|Team WE,5.0,https://www.oddsportal.com/esports/league-of-legends/league-of-legends-lpl-2024/results/#/page/5/,27 Feb 2024 - Spring Season,2024-02-27,JD Gaming,Team WE,JD Gaming,Team WE,2-1,2.0,1.0,1.2,5.08,0.808917,0.191083,JD Gaming,Team WE,True,BO3,0.7201761251301323,0.2798238748698677,0.7201761251301323,True
10781-10781,LPL,2024,2024-02-28,Ultra Prime,Rare Atom,Ultra Prime,Rare Atom,1-1,1,1,2,Rare Atom|Ultra Prime,5.0,https://www.oddsportal.com/esports/league-of-legends/league-of-legends-lpl-2024/results/#/page/5/,28 Feb 2024 - Spring Season,2024-02-28,Ultra Prime,Rare Atom,Ultra Prime,Rare Atom,2-0,2.0,0.0,2.35,1.63,0.409548,0.590452,Ultra Prime,Rare Atom,True,BO3,0.43940196889976196,0.5605980311002381,0.43940196889976196,True
10782-10782,LPL,2024,2024-02-28,LNG Esports,Royal Never Give Up,LNG Esports,Royal Never Give Up,1-1,1,1,2,LNG Esports|Royal Never Give Up,5.0,https://www.oddsportal.com/esports/league-of-legends/league-of-legends-lpl-2024/results/#/page/5/,28 Feb 2024 - Spring Season,2024-02-28,LNG Esports,Royal Never Give Up,LNG Esports,Royal Never Give Up,2-0,2.0,0.0,1.5,2.86,0.655963,0.344037,LNG Esports,Royal Never Give Up,True,BO3,0.6055428991916412,0.39445710080835883,0.6055428991916412,True
10783-10783,LPL,2024,2024-02-29,FunPlus Phoenix,Ninjas in Pyjamas,FunPlus Phoenix,Ninjas in Pyjamas,2-0,2,0,2,FunPlus Phoenix|Ninjas in Pyjamas,5.0,https://www.oddsportal.com/esports/league-of-legends/league-of-legends-lpl-2024/results/#/page/5/,29 Feb 2024 - Spring Season,2024-02-29,FunPlus Phoenix,Ninjas in Pyjamas,FunPlus Phoenix,Ninjas in Pyjamas,2-0,2.0,0.0,3.47,1.33,0.277083,0.722917,FunPlus Phoenix,Ninjas in Pyjamas,True,BO3,0.3465731505846399,0.6534268494153601,0.3465731505846399,True
10784-10784,LPL,2024,2024-02-29,EDward Gaming,Oh My God,Oh My God,EDward Gaming,3-0,3,0,3,EDward Gaming|Oh My God,5.0,https://www.oddsportal.com/esports/league-of-legends/league-of-legends-lpl-2024/results/#/page/5/,29 Feb 2024 - Spring Season,2024-02-29,EDward Gaming,Oh My God,EDward Gaming,Oh My God,1-2,1.0,2.0,3.57,1.33,0.271429,0.728571,EDward Gaming,Oh My God,True,BO3,0.34240010218408895,0.657599897815911,0.34240010218408895,True
10785-10785,LPL,2024,2024-02-29,Weibo Gaming,Anyone's Legend,Weibo Gaming,Anyone's Legend,2-1,2,1,3,Anyone's Legend|Weibo Gaming,5.0,https://www.oddsportal.com/esports/league-of-legends/league-of-legends-lpl-2024/results/#/page/5/,29 Feb 2024 - Spring Season,2024-02-29,Weibo Gaming,Anyone's Legend,Weibo Gaming,Anyone's Legend,1-2,1.0,2.0,1.42,2.7,0.65534,0.34466,Weibo Gaming,Anyone's Legend,True,BO3,0.60510828007743,0.39489171992257,0.60510828007743,True
10786-10786,LPL,2024,2024-03-01,LGD Gaming,Bilibili Gaming,Bilibili Gaming,LGD Gaming,2-0,2,0,2,Bilibili Gaming|LGD Gaming,5.0,https://www.oddsportal.com/esports/league-of-legends/league-of-legends-lpl-2024/results/#/page/5/,01 Mar 2024 - Spring Season,2024-03-01,LGD Gaming,Bilibili Gaming,LGD Gaming,Bilibili Gaming,0-2,0.0,2.0,13.5,1.03,0.070888,0.929112,LGD Gaming,Bilibili Gaming,True,BO3,0.16280749616411014,0.8371925038358898,0.16280749616411014,True
10787-10787,LPL,2024,2024-03-01,Top Esports,Invictus Gaming,Top Esports,Invictus Gaming,3-0,3,0,3,Invictus Gaming|Top Esports,5.0,https://www.oddsportal.com/esports/league-of-legends/league-of-legends-lpl-2024/results/#/page/5/,01 Mar 2024 - Spring Season,2024-03-01,Top Esports,Invictus Gaming,Top Esports,Invictus Gaming,2-1,2.0,1.0,1.24,4.2,0.772059,0.227941,Top Esports,Invictus Gaming,True,BO3,0.6906057493746031,0.30939425062539694,0.6906057493746031,True
10788-10788,LPL,2024,2024-03-01,JD Gaming,ThunderTalk Gaming,JD Gaming,ThunderTalk Gaming,2-0,2,0,2,JD Gaming|TT Gaming,5.0,https://www.oddsportal.com/esports/league-of-legends/league-of-legends-lpl-2024/results/#/page/5/,01 Mar 2024 - Spring Season,2024-03-01,JD Gaming,TT Gaming,JD Gaming,TT Gaming,2-0,2.0,0.0,1.06,10.6,0.909091,0.090909,JD Gaming,TT Gaming,True,BO3,0.8140102245173586,0.1859897754826414,0.8140102245173586,True
10789-10789,LPL,2024,2024-03-02,Team WE,Royal Never Give Up,Team WE,Royal Never Give Up,1-1,1,1,2,Royal Never Give Up|Team WE,5.0,https://www.oddsportal.com/esports/league-of-legends/league-of-legends-lpl-2024/results/#/page/5/,02 Mar 2024 - Spring Season,2024-03-02,Team WE,Royal Never Give Up,Team WE,Royal Never Give Up,2-0,2.0,0.0,1.54,2.55,0.623472,0.376528,Team WE,Royal Never Give Up,True,BO3,0.5830792348128472,0.4169207651871528,0.5830792348128472,True
10790-10790,LPL,2024,2024-03-02,LNG Esports,Ultra Prime,LNG Esports,Ultra Prime,3-0,3,0,3,LNG Esports|Ultra Prime,5.0,https://www.oddsportal.com/esports/league-of-legends/league-of-legends-lpl-2024/results/#/page/5/,02 Mar 2024 - Spring Season,2024-03-02,LNG Esports,Ultra Prime,LNG Esports,Ultra Prime,2-1,2.0,1.0,1.17,5.63,0.827941,0.172059,LNG Esports,Ultra Prime,True,BO3,0.7361969138744575,0.2638030861255425,0.7361969138744575,True
10791-10791,LPL,2024,2024-03-02,EDward Gaming,Rare Atom,EDward Gaming,Rare Atom,1-1,1,1,2,EDward Gaming|Rare Atom,5.0,https://www.oddsportal.com/esports/league-of-legends/league-of-legends-lpl-2024/results/#/page/5/,02 Mar 2024 - Spring Season,2024-03-02,EDward Gaming,Rare Atom,EDward Gaming,Rare Atom,2-0,2.0,0.0,2.34,1.78,0.432039,0.567961,EDward Gaming,Rare Atom,True,BO3,0.4545676307180205,0.5454323692819796,0.4545676307180205,True
10792-10792,LPL,2024,2024-03-03,Weibo Gaming,FunPlus Phoenix,FunPlus Phoenix,Weibo Gaming,2-0,2,0,2,FunPlus Phoenix|Weibo Gaming,5.0,https://www.oddsportal.com/esports/league-of-legends/league-of-legends-lpl-2024/results/#/page/5/,03 Mar 2024 - Spring Season,2024-03-03,Weibo Gaming,FunPlus Phoenix,Weibo Gaming,FunPlus Phoenix,0-2,0.0,2.0,1.79,2.07,0.536269,0.463731,Weibo Gaming,FunPlus Phoenix,True,BO3,0.5241982258282005,0.4758017741717995,0.5241982258282005,True
10793-10793,LPL,2024,2024-03-03,Anyone's Legend,Ninjas in Pyjamas,Ninjas in Pyjamas,Anyone's Legend,2-1,2,1,3,Anyone's Legend|Ninjas in Pyjamas,5.0,https://www.oddsportal.com/esports/league-of-legends/league-of-legends-lpl-2024/results/#/page/5/,03 Mar 2024 - Spring Season,2024-03-03,Anyone's Legend,Ninjas in Pyjamas,Anyone's Legend,Ninjas in Pyjamas,2-1,2.0,1.0,3.07,1.4,0.313199,0.686801,Anyone's Legend,Ninjas in Pyjamas,True,BO3,0.37271649093361603,0.627283509066384,0.37271649093361603,True
10794-10794,LPL,2024,2024-03-03,Oh My God,JD Gaming,Oh My God,JD Gaming,2-1,2,1,3,JD Gaming|Oh My God,5.0,https://www.oddsportal.com/esports/league-of-legends/league-of-legends-lpl-2024/results/#/page/5/,03 Mar 2024 - Spring Season,2024-03-03,Oh My God,JD Gaming,Oh My God,JD Gaming,1-2,1.0,2.0,5.08,1.18,0.188498,0.811502,Oh My God,JD Gaming,True,BO3,0.2776809491571698,0.7223190508428302,0.2776809491571698,True
10876-10876,LPL,2024,2024-03-04,LGD Gaming,Top Esports,LGD Gaming,Top Esports,1-1,1,1,2,LGD Gaming|Top Esports,5.0,https://www.oddsportal.com/esports/league-of-legends/league-of-legends-lpl-2024/results/#/page/5/,04 Mar 2024 - Spring Season,2024-03-04,LGD Gaming,Top Esports,LGD Gaming,Top Esports,0-2,0.0,2.0,7.95,1.09,0.120575,0.879425,LGD Gaming,Top Esports,True,BO3,0.21674939755871034,0.7832506024412896,0.21674939755871034,True
10877-10877,LPL,2024,2024-03-04,Team WE,Bilibili Gaming,Team WE,Bilibili Gaming,1-1,1,1,2,Bilibili Gaming|Team WE,5.0,https://www.oddsportal.com/esports/league-of-legends/league-of-legends-lpl-2024/results/#/page/5/,04 Mar 2024 - Spring Season,2024-03-04,Team WE,Bilibili Gaming,Team WE,Bilibili Gaming,0-2,0.0,2.0,5.08,1.18,0.188498,0.811502,Team WE,Bilibili Gaming,True,BO3,0.2776809491571698,0.7223190508428302,0.2776809491571698,True
10878-10878,LPL,2024,2024-03-05,EDward Gaming,Invictus Gaming,EDward Gaming,Invictus Gaming,2-1,2,1,3,EDward Gaming|Invictus Gaming,5.0,https://www.oddsportal.com/esports/league-of-legends/league-of-legends-lpl-2024/results/#/page/5/,05 Mar 2024 - Spring Season,2024-03-05,EDward Gaming,Invictus Gaming,EDward Gaming,Invictus Gaming,1-2,1.0,2.0,3.57,1.33,0.271429,0.728571,EDward Gaming,Invictus Gaming,True,BO3,0.34240010218408895,0.657599897815911,0.34240010218408895,True
10879-10879,LPL,2024,2024-03-05,Royal Never Give Up,ThunderTalk Gaming,Royal Never Give Up,ThunderTalk Gaming,1-1,1,1,2,Royal Never Give Up|TT Gaming,5.0,https://www.oddsportal.com/esports/league-of-legends/league-of-legends-lpl-2024/results/#/page/5/,05 Mar 2024 - Spring Season,2024-03-05,Royal Never Give Up,TT Gaming,Royal Never Give Up,TT Gaming,0-2,0.0,2.0,1.62,2.15,0.570292,0.429708,Royal Never Give Up,TT Gaming,True,BO3,0.5469997618960082,0.4530002381039918,0.5469997618960082,True
10880-10880,LPL,2024,2024-03-07,Anyone's Legend,Rare Atom,Anyone's Legend,Rare Atom,2-1,2,1,3,Anyone's Legend|Rare Atom,5.0,https://www.oddsportal.com/esports/league-of-legends/league-of-legends-lpl-2024/results/#/page/5/,07 Mar 2024 - Spring Season,2024-03-07,Anyone's Legend,Rare Atom,Anyone's Legend,Rare Atom,1-2,1.0,2.0,1.24,4.2,0.772059,0.227941,Anyone's Legend,Rare Atom,True,BO3,0.6906057493746031,0.30939425062539694,0.6906057493746031,True
10881-10881,LPL,2024,2024-03-07,JD Gaming,Ultra Prime,JD Gaming,Ultra Prime,1-1,1,1,2,JD Gaming|Ultra Prime,4.0,https://www.oddsportal.com/esports/league-of-legends/league-of-legends-lpl-2024/results/#/page/4/,07 Mar 2024 - Spring Season,2024-03-07,JD Gaming,Ultra Prime,JD Gaming,Ultra Prime,2-0,2.0,0.0,1.07,9.45,0.898289,0.101711,JD Gaming,Ultra Prime,True,BO3,0.8023951601110354,0.1976048398889646,0.8023951601110354,True
10882-10882,LPL,2024,2024-03-07,Weibo Gaming,Ninjas in Pyjamas,Weibo Gaming,Ninjas in Pyjamas,1-1,1,1,2,Ninjas in Pyjamas|Weibo Gaming,4.0,https://www.oddsportal.com/esports/league-of-legends/league-of-legends-lpl-2024/results/#/page/4/,07 Mar 2024 - Spring Season,2024-03-07,Weibo Gaming,Ninjas in Pyjamas,Weibo Gaming,Ninjas in Pyjamas,2-0,2.0,0.0,2.71,1.53,0.360849,0.639151,Weibo Gaming,Ninjas in Pyjamas,True,BO3,0.40612980274949595,0.593870197250504,0.40612980274949595,True
10883-10883,LPL,2024,2024-03-08,LGD Gaming,LNG Esports,LGD Gaming,LNG Esports,3-0,3,0,3,LGD Gaming|LNG Esports,4.0,https://www.oddsportal.com/esports/league-of-legends/league-of-legends-lpl-2024/results/#/page/4/,08 Mar 2024 - Spring Season,2024-03-08,LGD Gaming,LNG Esports,LGD Gaming,LNG Esports,2-1,2.0,1.0,4.0,1.26,0.239544,0.760456,LGD Gaming,LNG Esports,True,BO3,0.318374031961393,0.681625968038607,0.318374031961393,True
10884-10884,LPL,2024,2024-03-08,FunPlus Phoenix,Bilibili Gaming,FunPlus Phoenix,Bilibili Gaming,1-1,1,1,2,Bilibili Gaming|FunPlus Phoenix,4.0,https://www.oddsportal.com/esports/league-of-legends/league-of-legends-lpl-2024/results/#/page/4/,08 Mar 2024 - Spring Season,2024-03-08,FunPlus Phoenix,Bilibili Gaming,FunPlus Phoenix,Bilibili Gaming,0-2,0.0,2.0,4.0,1.27,0.240987,0.759013,FunPlus Phoenix,Bilibili Gaming,True,BO3,0.3194812416373588,0.6805187583626412,0.3194812416373588,True
10885-10885,LPL,2024,2024-03-08,Top Esports,Oh My God,Top Esports,Oh My God,1-1,1,1,2,Oh My God|Top Esports,4.0,https://www.oddsportal.com/esports/league-of-legends/league-of-legends-lpl-2024/results/#/page/4/,08 Mar 2024 - Spring Season,2024-03-08,Top Esports,Oh My God,Top Esports,Oh My God,2-0,2.0,0.0,1.18,5.08,0.811502,0.188498,Top Esports,Oh My God,True,BO3,0.7223190508428301,0.2776809491571699,0.7223190508428301,True
10886-10886,LPL,2024,2024-03-09,Anyone's Legend,Invictus Gaming,Anyone's Legend,Invictus Gaming,1-1,1,1,2,Anyone's Legend|Invictus Gaming,4.0,https://www.oddsportal.com/esports/league-of-legends/league-of-legends-lpl-2024/results/#/page/4/,09 Mar 2024 - Spring Season,2024-03-09,Anyone's Legend,Invictus Gaming,Anyone's Legend,Invictus Gaming,0-2,0.0,2.0,2.17,1.72,0.442159,0.557841,Anyone's Legend,Invictus Gaming,True,BO3,0.46136242590503695,0.538637574094963,0.46136242590503695,True
10887-10887,LPL,2024,2024-03-09,ThunderTalk Gaming,EDward Gaming,ThunderTalk Gaming,EDward Gaming,1-1,1,1,2,EDward Gaming|TT Gaming,4.0,https://www.oddsportal.com/esports/league-of-legends/league-of-legends-lpl-2024/results/#/page/4/,09 Mar 2024 - Spring Season,2024-03-09,TT Gaming,EDward Gaming,TT Gaming,EDward Gaming,2-0,2.0,0.0,1.79,2.07,0.536269,0.463731,TT Gaming,EDward Gaming,True,BO3,0.5241982258282005,0.4758017741717995,0.5241982258282005,True
10888-10888,LPL,2024,2024-03-09,JD Gaming,Royal Never Give Up,JD Gaming,Royal Never Give Up,2-0,2,0,2,JD Gaming|Royal Never Give Up,4.0,https://www.oddsportal.com/esports/league-of-legends/league-of-legends-lpl-2024/results/#/page/4/,09 Mar 2024 - Spring Season,2024-03-09,JD Gaming,Royal Never Give Up,JD Gaming,Royal Never Give Up,2-0,2.0,0.0,1.07,9.45,0.898289,0.101711,JD Gaming,Royal Never Give Up,True,BO3,0.8023951601110354,0.1976048398889646,0.8023951601110354,True
10889-10889,LPL,2024,2024-03-10,Bilibili Gaming,Rare Atom,Bilibili Gaming,Rare Atom,1-1,1,1,2,Bilibili Gaming|Rare Atom,4.0,https://www.oddsportal.com/esports/league-of-legends/league-of-legends-lpl-2024/results/#/page/4/,10 Mar 2024 - Spring Season,2024-03-10,Bilibili Gaming,Rare Atom,Bilibili Gaming,Rare Atom,2-0,2.0,0.0,1.03,13.5,0.929112,0.070888,Bilibili Gaming,Rare Atom,True,BO3,0.8371925038358902,0.16280749616410983,0.8371925038358902,True
10890-10890,LPL,2024,2024-03-10,Ultra Prime,Top Esports,Top Esports,Ultra Prime,2-0,2,0,2,Top Esports|Ultra Prime,4.0,https://www.oddsportal.com/esports/league-of-legends/league-of-legends-lpl-2024/results/#/page/4/,10 Mar 2024 - Spring Season,2024-03-10,Ultra Prime,Top Esports,Ultra Prime,Top Esports,0-2,0.0,2.0,10.6,1.06,0.090909,0.909091,Ultra Prime,Top Esports,True,BO3,0.1859897754826414,0.8140102245173586,0.1859897754826414,True
10891-10891,LPL,2024,2024-03-10,Team WE,Weibo Gaming,Team WE,Weibo Gaming,1-1,1,1,2,Team WE|Weibo Gaming,4.0,https://www.oddsportal.com/esports/league-of-legends/league-of-legends-lpl-2024/results/#/page/4/,10 Mar 2024 - Spring Season,2024-03-10,Team WE,Weibo Gaming,Team WE,Weibo Gaming,2-0,2.0,0.0,1.82,2.17,0.54386,0.45614,Team WE,Weibo Gaming,True,BO3,0.5292734472441706,0.4707265527558294,0.5292734472441706,True
10892-10892,LPL,2024,2024-03-11,Oh My God,LGD Gaming,Oh My God,LGD Gaming,1-1,1,1,2,LGD Gaming|Oh My God,4.0,https://www.oddsportal.com/esports/league-of-legends/league-of-legends-lpl-2024/results/#/page/4/,11 Mar 2024 - Spring Season,2024-03-11,Oh My God,LGD Gaming,Oh My God,LGD Gaming,2-0,2.0,0.0,1.49,2.71,0.645238,0.354762,Oh My God,LGD Gaming,True,BO3,0.5980834651279714,0.4019165348720286,0.5980834651279714,True
10893-10893,LPL,2024,2024-03-11,FunPlus Phoenix,JD Gaming,FunPlus Phoenix,JD Gaming,1-1,1,1,2,FunPlus Phoenix|JD Gaming,4.0,https://www.oddsportal.com/esports/league-of-legends/league-of-legends-lpl-2024/results/#/page/4/,11 Mar 2024 - Spring Season,2024-03-11,FunPlus Phoenix,JD Gaming,FunPlus Phoenix,JD Gaming,2-0,2.0,0.0,3.57,1.33,0.271429,0.728571,FunPlus Phoenix,JD Gaming,True,BO3,0.34240010218408895,0.657599897815911,0.34240010218408895,True
10894-10894,LPL,2024,2024-03-12,Ninjas in Pyjamas,ThunderTalk Gaming,Ninjas in Pyjamas,ThunderTalk Gaming,1-1,1,1,2,Ninjas in Pyjamas|TT Gaming,,,,,,,,,,,,,,,,,,,,,,,
10895-10895,LPL,2024,2024-03-12,Invictus Gaming,LNG Esports,LNG Esports,Invictus Gaming,3-0,3,0,3,Invictus Gaming|LNG Esports,4.0,https://www.oddsportal.com/esports/league-of-legends/league-of-legends-lpl-2024/results/#/page/4/,12 Mar 2024 - Spring Season,2024-03-12,Invictus Gaming,LNG Esports,Invictus Gaming,LNG Esports,1-2,1.0,2.0,1.85,2.07,0.528061,0.471939,Invictus Gaming,LNG Esports,True,BO3,0.5187160747747523,0.48128392522524766,0.5187160747747523,True
10896-10896,LPL,2024,2024-03-13,Royal Never Give Up,Anyone's Legend,Anyone's Legend,Royal Never Give Up,2-1,2,1,3,Anyone's Legend|Royal Never Give Up,4.0,https://www.oddsportal.com/esports/league-of-legends/league-of-legends-lpl-2024/results/#/page/4/,13 Mar 2024 - Spring Season,2024-03-13,Royal Never Give Up,Anyone's Legend,Royal Never Give Up,Anyone's Legend,2-1,2.0,1.0,2.86,1.45,0.336427,0.663573,Royal Never Give Up,Anyone's Legend,True,BO3,0.3891344432104659,0.610865556789534,0.3891344432104659,True
10897-10897,LPL,2024,2024-03-13,Weibo Gaming,EDward Gaming,Weibo Gaming,EDward Gaming,2-1,2,1,3,EDward Gaming|Weibo Gaming,4.0,https://www.oddsportal.com/esports/league-of-legends/league-of-legends-lpl-2024/results/#/page/4/,13 Mar 2024 - Spring Season,2024-03-13,Weibo Gaming,EDward Gaming,Weibo Gaming,EDward Gaming,2-1,2.0,1.0,1.33,3.47,0.722917,0.277083,Weibo Gaming,EDward Gaming,True,BO3,0.65342684941536,0.34657315058464,0.65342684941536,True
10898-10898,LPL,2024,2024-03-14,Bilibili Gaming,Ultra Prime,Bilibili Gaming,Ultra Prime,1-1,1,1,2,Bilibili Gaming|Ultra Prime,4.0,https://www.oddsportal.com/esports/league-of-legends/league-of-legends-lpl-2024/results/#/page/4/,14 Mar 2024 - Spring Season,2024-03-14,Bilibili Gaming,Ultra Prime,Bilibili Gaming,Ultra Prime,2-0,2.0,0.0,1.02,17.0,0.943396,0.056604,Bilibili Gaming,Ultra Prime,True,BO3,0.8555031787956264,0.14449682120437357,0.8555031787956264,True
10899-10899,LPL,2024,2024-03-14,Rare Atom,Team WE,Team WE,Rare Atom,2-1,2,1,3,Rare Atom|Team WE,4.0,https://www.oddsportal.com/esports/league-of-legends/league-of-legends-lpl-2024/results/#/page/4/,14 Mar 2024 - Spring Season,2024-03-14,Rare Atom,Team WE,Rare Atom,Team WE,2-1,2.0,1.0,4.88,1.2,0.197368,0.802632,Rare Atom,Team WE,True,BO3,0.2849928433598566,0.7150071566401435,0.2849928433598566,True
10900-10900,LPL,2024,2024-03-14,Top Esports,JD Gaming,Top Esports,JD Gaming,2-1,2,1,3,JD Gaming|Top Esports,4.0,https://www.oddsportal.com/esports/league-of-legends/league-of-legends-lpl-2024/results/#/page/4/,14 Mar 2024 - Spring Season,2024-03-14,Top Esports,JD Gaming,Top Esports,JD Gaming,1-2,1.0,2.0,1.72,2.17,0.557841,0.442159,Top Esports,JD Gaming,True,BO3,0.5386375740949632,0.46136242590503684,0.5386375740949632,True
10901-10901,LPL,2024,2024-03-15,LGD Gaming,ThunderTalk Gaming,ThunderTalk Gaming,LGD Gaming,2-0,2,0,2,LGD Gaming|TT Gaming,,,,,,,,,,,,,,,,,,,,,,,
10902-10902,LPL,2024,2024-03-15,Royal Never Give Up,Oh My God,Royal Never Give Up,Oh My God,1-1,1,1,2,Oh My God|Royal Never Give Up,4.0,https://www.oddsportal.com/esports/league-of-legends/league-of-legends-lpl-2024/results/#/page/4/,15 Mar 2024 - Spring Season,2024-03-15,Royal Never Give Up,Oh My God,Royal Never Give Up,Oh My God,2-0,2.0,0.0,2.71,1.5,0.356295,0.643705,Royal Never Give Up,Oh My God,True,BO3,0.4029789779769958,0.5970210220230042,0.4029789779769958,True
10903-10903,LPL,2024,2024-03-15,FunPlus Phoenix,Invictus Gaming,FunPlus Phoenix,Invictus Gaming,1-1,1,1,2,FunPlus Phoenix|Invictus Gaming,4.0,https://www.oddsportal.com/esports/league-of-legends/league-of-legends-lpl-2024/results/#/page/4/,15 Mar 2024 - Spring Season,2024-03-15,FunPlus Phoenix,Invictus Gaming,FunPlus Phoenix,Invictus Gaming,2-0,2.0,0.0,1.63,2.34,0.589421,0.410579,FunPlus Phoenix,Invictus Gaming,True,BO3,0.5599005705878443,0.44009942941215574,0.5599005705878443,True
10904-10904,LPL,2024,2024-03-16,Anyone's Legend,JD Gaming,Anyone's Legend,JD Gaming,2-1,2,1,3,Anyone's Legend|JD Gaming,4.0,https://www.oddsportal.com/esports/league-of-legends/league-of-legends-lpl-2024/results/#/page/4/,16 Mar 2024 - Spring Season,2024-03-16,Anyone's Legend,JD Gaming,Anyone's Legend,JD Gaming,1-2,1.0,2.0,5.63,1.16,0.170839,0.829161,Anyone's Legend,JD Gaming,True,BO3,0.262754776462597,0.737245223537403,0.262754776462597,True
10905-10905,LPL,2024,2024-03-16,LNG Esports,EDward Gaming,LNG Esports,EDward Gaming,1-1,1,1,2,EDward Gaming|LNG Esports,4.0,https://www.oddsportal.com/esports/league-of-legends/league-of-legends-lpl-2024/results/#/page/4/,16 Mar 2024 - Spring Season,2024-03-16,LNG Esports,EDward Gaming,LNG Esports,EDward Gaming,2-0,2.0,0.0,1.31,3.57,0.731557,0.268443,LNG Esports,EDward Gaming,True,BO3,0.6598136017094454,0.34018639829055464,0.6598136017094454,True
10906-10906,LPL,2024,2024-03-16,Bilibili Gaming,Weibo Gaming,Bilibili Gaming,Weibo Gaming,1-1,1,1,2,Bilibili Gaming|Weibo Gaming,4.0,https://www.oddsportal.com/esports/league-of-legends/league-of-legends-lpl-2024/results/#/page/4/,16 Mar 2024 - Spring Season,2024-03-16,Bilibili Gaming,Weibo Gaming,Bilibili Gaming,Weibo Gaming,2-0,2.0,0.0,1.11,7.1,0.864799,0.135201,Bilibili Gaming,Weibo Gaming,True,BO3,0.76921512985812,0.23078487014187998,0.76921512985812,True
10907-10907,LPL,2024,2024-03-17,Ultra Prime,Oh My God,Ultra Prime,Oh My God,1-1,1,1,2,Oh My God|Ultra Prime,4.0,https://www.oddsportal.com/esports/league-of-legends/league-of-legends-lpl-2024/results/#/page/4/,17 Mar 2024 - Spring Season,2024-03-17,Ultra Prime,Oh My God,Ultra Prime,Oh My God,0-2,0.0,2.0,3.57,1.31,0.268443,0.731557,Ultra Prime,Oh My God,True,BO3,0.3401863982905546,0.6598136017094454,0.3401863982905546,True
10908-10908,LPL,2024,2024-03-17,Rare Atom,FunPlus Phoenix,FunPlus Phoenix,Rare Atom,3-0,3,0,3,FunPlus Phoenix|Rare Atom,4.0,https://www.oddsportal.com/esports/league-of-legends/league-of-legends-lpl-2024/results/#/page/4/,17 Mar 2024 - Spring Season,2024-03-17,Rare Atom,FunPlus Phoenix,Rare Atom,FunPlus Phoenix,1-2,1.0,2.0,5.63,1.17,0.172059,0.827941,Rare Atom,FunPlus Phoenix,True,BO3,0.2638030861255426,0.7361969138744574,0.2638030861255426,True
10909-10909,LPL,2024,2024-03-17,Team WE,Top Esports,Team WE,Top Esports,1-1,1,1,2,Team WE|Top Esports,4.0,https://www.oddsportal.com/esports/league-of-legends/league-of-legends-lpl-2024/results/#/page/4/,17 Mar 2024 - Spring Season,2024-03-17,Team WE,Top Esports,Team WE,Top Esports,0-2,0.0,2.0,4.51,1.22,0.212914,0.787086,Team WE,Top Esports,True,BO3,0.29754503028319823,0.7024549697168018,0.29754503028319823,True
10910-10910,LPL,2024,2024-03-18,Invictus Gaming,JD Gaming,Invictus Gaming,JD Gaming,1-1,1,1,2,Invictus Gaming|JD Gaming,4.0,https://www.oddsportal.com/esports/league-of-legends/league-of-legends-lpl-2024/results/#/page/4/,18 Mar 2024 - Spring Season,2024-03-18,Invictus Gaming,JD Gaming,Invictus Gaming,JD Gaming,0-2,0.0,2.0,4.51,1.22,0.212914,0.787086,Invictus Gaming,JD Gaming,True,BO3,0.29754503028319823,0.7024549697168018,0.29754503028319823,True
10911-10911,LPL,2024,2024-03-18,Royal Never Give Up,Ninjas in Pyjamas,Ninjas in Pyjamas,Royal Never Give Up,2-0,2,0,2,Ninjas in Pyjamas|Royal Never Give Up,4.0,https://www.oddsportal.com/esports/league-of-legends/league-of-legends-lpl-2024/results/#/page/4/,18 Mar 2024 - Spring Season,2024-03-18,Ninjas in Pyjamas,Royal Never Give Up,Ninjas in Pyjamas,Royal Never Give Up,2-0,2.0,0.0,1.35,3.57,0.72561,0.27439,Ninjas in Pyjamas,Royal Never Give Up,False,BO3,0.6554114818043353,0.3445885181956647,0.3445885181956647,True
10912-10912,LPL,2024,2024-03-19,LGD Gaming,Weibo Gaming,LGD Gaming,Weibo Gaming,3-0,3,0,3,LGD Gaming|Weibo Gaming,4.0,https://www.oddsportal.com/esports/league-of-legends/league-of-legends-lpl-2024/results/#/page/4/,19 Mar 2024 - Spring Season,2024-03-19,LGD Gaming,Weibo Gaming,LGD Gaming,Weibo Gaming,2-1,2.0,1.0,4.2,1.25,0.229358,0.770642,LGD Gaming,Weibo Gaming,True,BO3,0.31049845489044164,0.6895015451095583,0.31049845489044164,True
10913-10913,LPL,2024,2024-03-19,Team WE,ThunderTalk Gaming,Team WE,ThunderTalk Gaming,1-1,1,1,2,TT Gaming|Team WE,,,,,,,,,,,,,,,,,,,,,,,
10914-10914,LPL,2024,2024-03-20,LNG Esports,Anyone's Legend,LNG Esports,Anyone's Legend,1-1,1,1,2,Anyone's Legend|LNG Esports,4.0,https://www.oddsportal.com/esports/league-of-legends/league-of-legends-lpl-2024/results/#/page/4/,20 Mar 2024 - Spring Season,2024-03-20,LNG Esports,Anyone's Legend,LNG Esports,Anyone's Legend,2-0,2.0,0.0,1.42,3.07,0.683742,0.316258,LNG Esports,Anyone's Legend,True,BO3,0.6251054281519599,0.3748945718480401,0.6251054281519599,True
10915-10915,LPL,2024,2024-03-20,Oh My God,Bilibili Gaming,Bilibili Gaming,Oh My God,3-0,3,0,3,Bilibili Gaming|Oh My God,4.0,https://www.oddsportal.com/esports/league-of-legends/league-of-legends-lpl-2024/results/#/page/4/,20 Mar 2024 - Spring Season,2024-03-20,Oh My God,Bilibili Gaming,Oh My God,Bilibili Gaming,1-2,1.0,2.0,9.45,1.07,0.101711,0.898289,Oh My God,Bilibili Gaming,True,BO3,0.19760483988896455,0.8023951601110355,0.19760483988896455,True
10916-10916,LPL,2024,2024-03-21,Ultra Prime,EDward Gaming,EDward Gaming,Ultra Prime,2-1,2,1,3,EDward Gaming|Ultra Prime,4.0,https://www.oddsportal.com/esports/league-of-legends/league-of-legends-lpl-2024/results/#/page/4/,21 Mar 2024 - Spring Season,2024-03-21,Ultra Prime,EDward Gaming,Ultra Prime,EDward Gaming,1-2,1.0,2.0,2.17,1.72,0.442159,0.557841,Ultra Prime,EDward Gaming,True,BO3,0.46136242590503695,0.538637574094963,0.46136242590503695,True
10917-10917,LPL,2024,2024-03-21,Rare Atom,Ninjas in Pyjamas,Rare Atom,Ninjas in Pyjamas,1-1,1,1,2,Ninjas in Pyjamas|Rare Atom,4.0,https://www.oddsportal.com/esports/league-of-legends/league-of-legends-lpl-2024/results/#/page/4/,21 Mar 2024 - Spring Season,2024-03-21,Rare Atom,Ninjas in Pyjamas,Rare Atom,Ninjas in Pyjamas,0-2,0.0,2.0,5.63,1.22,0.178102,0.821898,Rare Atom,Ninjas in Pyjamas,True,BO3,0.26895695617510607,0.7310430438248939,0.26895695617510607,True
10918-10918,LPL,2024,2024-03-22,FunPlus Phoenix,Royal Never Give Up,FunPlus Phoenix,Royal Never Give Up,1-1,1,1,2,FunPlus Phoenix|Royal Never Give Up,4.0,https://www.oddsportal.com/esports/league-of-legends/league-of-legends-lpl-2024/results/#/page/4/,22 Mar 2024 - Spring Season,2024-03-22,FunPlus Phoenix,Royal Never Give Up,FunPlus Phoenix,Royal Never Give Up,0-2,0.0,2.0,1.17,5.63,0.827941,0.172059,FunPlus Phoenix,Royal Never Give Up,True,BO3,0.7361969138744575,0.2638030861255425,0.7361969138744575,True
10919-10919,LPL,2024,2024-03-22,ThunderTalk Gaming,Top Esports,ThunderTalk Gaming,Top Esports,1-1,1,1,2,TT Gaming|Top Esports,4.0,https://www.oddsportal.com/esports/league-of-legends/league-of-legends-lpl-2024/results/#/page/4/,22 Mar 2024 - Spring Season,2024-03-22,TT Gaming,Top Esports,TT Gaming,Top Esports,0-2,0.0,2.0,7.95,1.09,0.120575,0.879425,TT Gaming,Top Esports,True,BO3,0.21674939755871034,0.7832506024412896,0.21674939755871034,True
10920-10920,LPL,2024,2024-03-22,JD Gaming,Weibo Gaming,JD Gaming,Weibo Gaming,1-1,1,1,2,JD Gaming|Weibo Gaming,4.0,https://www.oddsportal.com/esports/league-of-legends/league-of-legends-lpl-2024/results/#/page/4/,22 Mar 2024 - Spring Season,2024-03-22,JD Gaming,Weibo Gaming,JD Gaming,Weibo Gaming,0-2,0.0,2.0,1.16,5.63,0.829161,0.170839,JD Gaming,Weibo Gaming,True,BO3,0.7372452235374032,0.2627547764625968,0.7372452235374032,True
10921-10921,LPL,2024,2024-03-23,Oh My God,Invictus Gaming,Oh My God,Invictus Gaming,1-1,1,1,2,Invictus Gaming|Oh My God,4.0,https://www.oddsportal.com/esports/league-of-legends/league-of-legends-lpl-2024/results/#/page/4/,23 Mar 2024 - Spring Season,2024-03-23,Oh My God,Invictus Gaming,Oh My God,Invictus Gaming,2-0,2.0,0.0,2.45,1.68,0.40678,0.59322,Oh My God,Invictus Gaming,True,BO3,0.4375282537655479,0.5624717462344522,0.4375282537655479,True
10922-10922,LPL,2024,2024-03-23,Team WE,LNG Esports,Team WE,LNG Esports,1-1,1,1,2,LNG Esports|Team WE,4.0,https://www.oddsportal.com/esports/league-of-legends/league-of-legends-lpl-2024/results/#/page/4/,23 Mar 2024 - Spring Season,2024-03-23,Team WE,LNG Esports,Team WE,LNG Esports,0-2,0.0,2.0,2.8,1.49,0.347319,0.652681,Team WE,LNG Esports,True,BO3,0.3967448426296376,0.6032551573703624,0.3967448426296376,True
10923-10923,LPL,2024,2024-03-23,Bilibili Gaming,Ninjas in Pyjamas,Bilibili Gaming,Ninjas in Pyjamas,2-0,2,0,2,Bilibili Gaming|Ninjas in Pyjamas,4.0,https://www.oddsportal.com/esports/league-of-legends/league-of-legends-lpl-2024/results/#/page/4/,23 Mar 2024 - Spring Season,2024-03-23,Ninjas in Pyjamas,Bilibili Gaming,Ninjas in Pyjamas,Bilibili Gaming,0-2,0.0,2.0,5.63,1.18,0.173275,0.826725,Ninjas in Pyjamas,Bilibili Gaming,False,BO3,0.2648453054813165,0.7351546945186835,0.7351546945186835,True
10924-10924,LPL,2024,2024-03-24,Rare Atom,LGD Gaming,Rare Atom,LGD Gaming,1-1,1,1,2,LGD Gaming|Rare Atom,4.0,https://www.oddsportal.com/esports/league-of-legends/league-of-legends-lpl-2024/results/#/page/4/,24 Mar 2024 - Spring Season,2024-03-24,Rare Atom,LGD Gaming,Rare Atom,LGD Gaming,0-2,0.0,2.0,1.98,2.17,0.522892,0.477108,Rare Atom,LGD Gaming,True,BO3,0.5152660770756387,0.48473392292436135,0.5152660770756387,True
10925-10925,LPL,2024,2024-03-24,Top Esports,Anyone's Legend,Anyone's Legend,Top Esports,2-1,2,1,3,Anyone's Legend|Top Esports,4.0,https://www.oddsportal.com/esports/league-of-legends/league-of-legends-lpl-2024/results/#/page/4/,24 Mar 2024 - Spring Season,2024-03-24,Top Esports,Anyone's Legend,Top Esports,Anyone's Legend,2-1,2.0,1.0,1.11,7.1,0.864799,0.135201,Top Esports,Anyone's Legend,True,BO3,0.76921512985812,0.23078487014187998,0.76921512985812,True
10926-10926,LPL,2024,2024-03-24,JD Gaming,EDward Gaming,JD Gaming,EDward Gaming,2-0,2,0,2,EDward Gaming|JD Gaming,4.0,https://www.oddsportal.com/esports/league-of-legends/league-of-legends-lpl-2024/results/#/page/4/,24 Mar 2024 - Spring Season,2024-03-24,EDward Gaming,JD Gaming,EDward Gaming,JD Gaming,0-2,0.0,2.0,10.6,1.06,0.090909,0.909091,EDward Gaming,JD Gaming,False,BO3,0.1859897754826414,0.8140102245173586,0.8140102245173586,True
10927-10927,LPL,2024,2024-03-25,Team WE,Ultra Prime,Team WE,Ultra Prime,1-1,1,1,2,Team WE|Ultra Prime,,,,,,,,,,,,,,,,,,,,,,,
10928-10928,LPL,2024,2024-03-25,ThunderTalk Gaming,FunPlus Phoenix,FunPlus Phoenix,ThunderTalk Gaming,3-0,3,0,3,FunPlus Phoenix|TT Gaming,4.0,https://www.oddsportal.com/esports/league-of-legends/league-of-legends-lpl-2024/results/#/page/4/,25 Mar 2024 - Spring Season,2024-03-25,TT Gaming,FunPlus Phoenix,TT Gaming,FunPlus Phoenix,1-2,1.0,2.0,2.86,1.45,0.336427,0.663573,TT Gaming,FunPlus Phoenix,True,BO3,0.3891344432104659,0.610865556789534,0.3891344432104659,True
10929-10929,LPL,2024,2024-03-26,Weibo Gaming,Invictus Gaming,Weibo Gaming,Invictus Gaming,1-1,1,1,2,Invictus Gaming|Weibo Gaming,4.0,https://www.oddsportal.com/esports/league-of-legends/league-of-legends-lpl-2024/results/#/page/4/,26 Mar 2024 - Spring Season,2024-03-26,Weibo Gaming,Invictus Gaming,Weibo Gaming,Invictus Gaming,2-0,2.0,0.0,1.5,2.71,0.643705,0.356295,Weibo Gaming,Invictus Gaming,True,BO3,0.5970210220230041,0.4029789779769959,0.5970210220230041,True
10930-10930,LPL,2024,2024-03-26,LGD Gaming,Royal Never Give Up,LGD Gaming,Royal Never Give Up,1-1,1,1,2,LGD Gaming|Royal Never Give Up,4.0,https://www.oddsportal.com/esports/league-of-legends/league-of-legends-lpl-2024/results/#/page/4/,26 Mar 2024 - Spring Season,2024-03-26,LGD Gaming,Royal Never Give Up,LGD Gaming,Royal Never Give Up,2-0,2.0,0.0,2.71,1.5,0.356295,0.643705,LGD Gaming,Royal Never Give Up,True,BO3,0.4029789779769958,0.5970210220230042,0.4029789779769958,True
10931-10931,LPL,2024,2024-03-27,Rare Atom,LNG Esports,Rare Atom,LNG Esports,2-1,2,1,3,LNG Esports|Rare Atom,3.0,https://www.oddsportal.com/esports/league-of-legends/league-of-legends-lpl-2024/results/#/page/3/,27 Mar 2024 - Spring Season,2024-03-27,Rare Atom,LNG Esports,Rare Atom,LNG Esports,1-2,1.0,2.0,7.1,1.13,0.137303,0.862697,Rare Atom,LNG Esports,True,BO3,0.23275246422883403,0.767247535771166,0.23275246422883403,True
10932-10932,LPL,2024,2024-03-27,Top Esports,Ninjas in Pyjamas,Top Esports,Ninjas in Pyjamas,1-1,1,1,2,Ninjas in Pyjamas|Top Esports,3.0,https://www.oddsportal.com/esports/league-of-legends/league-of-legends-lpl-2024/results/#/page/3/,27 Mar 2024 - Spring Season,2024-03-27,Top Esports,Ninjas in Pyjamas,Top Esports,Ninjas in Pyjamas,2-0,2.0,0.0,1.31,3.57,0.731557,0.268443,Top Esports,Ninjas in Pyjamas,True,BO3,0.6598136017094454,0.34018639829055464,0.6598136017094454,True
10945-10945,LPL,2024,2024-03-31,Oh My God,Team WE,Oh My God,Team WE,2-2,2,2,4,Oh My God|Team WE,3.0,https://www.oddsportal.com/esports/league-of-legends/league-of-legends-lpl-2024/results/#/page/3/,31 Mar 2024 - Spring - Play Offs,2024-03-31,Oh My God,Team WE,Oh My God,Team WE,1-3,1.0,3.0,1.73,2.2,0.559796,0.440204,Oh My God,Team WE,True,BO5,0.5319782966494896,0.4680217033505104,0.5319782966494896,True
10946-10946,LPL,2024,2024-04-01,Weibo Gaming,Invictus Gaming,Weibo Gaming,Invictus Gaming,4-1,4,1,5,Invictus Gaming|Weibo Gaming,3.0,https://www.oddsportal.com/esports/league-of-legends/league-of-legends-lpl-2024/results/#/page/3/,01 Apr 2024 - Spring - Play Offs,2024-04-01,Weibo Gaming,Invictus Gaming,Weibo Gaming,Invictus Gaming,3-2,3.0,2.0,1.3,3.54,0.731405,0.268595,Weibo Gaming,Invictus Gaming,True,BO5,0.6290300597062557,0.3709699402937443,0.6290300597062557,True
10947-10947,LPL,2024,2024-04-02,Ninjas in Pyjamas,Team WE,Team WE,Ninjas in Pyjamas,3-2,3,2,5,Ninjas in Pyjamas|Team WE,,,,,,,,,,,,,,,,,,,,,,,
10948-10948,LPL,2024,2024-04-03,LNG Esports,Weibo Gaming,Weibo Gaming,LNG Esports,4-1,4,1,5,LNG Esports|Weibo Gaming,3.0,https://www.oddsportal.com/esports/league-of-legends/league-of-legends-lpl-2024/results/#/page/3/,03 Apr 2024 - Spring - Play Offs,2024-04-03,LNG Esports,Weibo Gaming,LNG Esports,Weibo Gaming,2-3,2.0,3.0,1.5,2.82,0.652778,0.347222,LNG Esports,Weibo Gaming,True,BO5,0.5829934018017131,0.4170065981982869,0.5829934018017131,True
10949-10949,LPL,2024,2024-04-04,Ninjas in Pyjamas,FunPlus Phoenix,Ninjas in Pyjamas,FunPlus Phoenix,3-1,3,1,4,FunPlus Phoenix|Ninjas in Pyjamas,3.0,https://www.oddsportal.com/esports/league-of-legends/league-of-legends-lpl-2024/results/#/page/3/,04 Apr 2024 - Spring - Play Offs,2024-04-04,FunPlus Phoenix,Ninjas in Pyjamas,FunPlus Phoenix,Ninjas in Pyjamas,1-3,1.0,3.0,1.78,2.05,0.535248,0.464752,FunPlus Phoenix,Ninjas in Pyjamas,False,BO5,0.5188166921492825,0.4811833078507175,0.4811833078507175,True
10950-10950,LPL,2024,2024-04-05,Weibo Gaming,JD Gaming,JD Gaming,Weibo Gaming,2-1,2,1,3,JD Gaming|Weibo Gaming,3.0,https://www.oddsportal.com/esports/league-of-legends/league-of-legends-lpl-2024/results/#/page/3/,05 Apr 2024 - Spring - Play Offs,2024-04-05,JD Gaming,Weibo Gaming,JD Gaming,Weibo Gaming,3-0,3.0,0.0,1.32,3.25,0.71116,0.28884,JD Gaming,Weibo Gaming,False,BO5,0.6167979962283899,0.38320200377161007,0.38320200377161007,True
10951-10951,LPL,2024,2024-04-06,Bilibili Gaming,Ninjas in Pyjamas,Bilibili Gaming,Ninjas in Pyjamas,3-1,3,1,4,Bilibili Gaming|Ninjas in Pyjamas,3.0,https://www.oddsportal.com/esports/league-of-legends/league-of-legends-lpl-2024/results/#/page/3/,06 Apr 2024 - Spring - Play Offs,2024-04-06,Bilibili Gaming,Ninjas in Pyjamas,Bilibili Gaming,Ninjas in Pyjamas,3-1,3.0,1.0,1.14,5.76,0.834783,0.165217,Bilibili Gaming,Ninjas in Pyjamas,True,BO5,0.6983896628344709,0.3016103371655291,0.6983896628344709,True
10952-10952,LPL,2024,2024-04-07,Top Esports,JD Gaming,JD Gaming,Top Esports,2-1,2,1,3,JD Gaming|Top Esports,3.0,https://www.oddsportal.com/esports/league-of-legends/league-of-legends-lpl-2024/results/#/page/3/,07 Apr 2024 - Spring - Play Offs,2024-04-07,Top Esports,JD Gaming,Top Esports,JD Gaming,3-0,3.0,0.0,2.0,1.9,0.487179,0.512821,Top Esports,JD Gaming,True,BO5,0.4931612804910336,0.5068387195089664,0.4931612804910336,True
10953-10953,LPL,2024,2024-04-10,JD Gaming,Ninjas in Pyjamas,JD Gaming,Ninjas in Pyjamas,3-2,3,2,5,JD Gaming|Ninjas in Pyjamas,3.0,https://www.oddsportal.com/esports/league-of-legends/league-of-legends-lpl-2024/results/#/page/3/,10 Apr 2024 - Spring - Play Offs,2024-04-10,Ninjas in Pyjamas,JD Gaming,Ninjas in Pyjamas,JD Gaming,2-3,2.0,3.0,3.8,1.27,0.250493,0.749507,Ninjas in Pyjamas,JD Gaming,False,BO5,0.35974604446945385,0.6402539555305462,0.6402539555305462,True
10954-10954,LPL,2024,2024-04-11,Bilibili Gaming,Top Esports,Bilibili Gaming,Top Esports,5-0,5,0,5,Bilibili Gaming|Top Esports,3.0,https://www.oddsportal.com/esports/league-of-legends/league-of-legends-lpl-2024/results/#/page/3/,11 Apr 2024 - Spring - Play Offs,2024-04-11,Bilibili Gaming,Top Esports,Bilibili Gaming,Top Esports,3-2,3.0,2.0,1.57,2.68,0.630588,0.369412,Bilibili Gaming,Top Esports,True,BO5,0.5705788757720102,0.42942112422798984,0.5705788757720102,True
10955-10955,LPL,2024,2024-04-14,Top Esports,JD Gaming,Top Esports,JD Gaming,3-1,3,1,4,JD Gaming|Top Esports,3.0,https://www.oddsportal.com/esports/league-of-legends/league-of-legends-lpl-2024/results/#/page/3/,14 Apr 2024 - Spring - Play Offs,2024-04-14,Top Esports,JD Gaming,Top Esports,JD Gaming,3-1,3.0,1.0,1.56,2.42,0.60804,0.39196,Top Esports,JD Gaming,True,BO5,0.558143373585691,0.441856626414309,0.558143373585691,True
10956-10956,LPL,2024,2024-04-20,Bilibili Gaming,Top Esports,Bilibili Gaming,Top Esports,3-1,3,1,4,Bilibili Gaming|Top Esports,3.0,https://www.oddsportal.com/esports/league-of-legends/league-of-legends-lpl-2024/results/#/page/3/,20 Apr 2024 - Spring - Play Offs,2024-04-20,Bilibili Gaming,Top Esports,Bilibili Gaming,Top Esports,3-1,3.0,1.0,1.48,2.7,0.645933,0.354067,Bilibili Gaming,Top Esports,True,BO5,0.5791429164814998,0.42085708351850015,0.5791429164814998,True
11128-11128,LPL,2024,2024-06-01,Ultra Prime,Invictus Gaming,Invictus Gaming,Ultra Prime,2-1,2,1,3,Invictus Gaming|Ultra Prime,,,,,,,,,,,,,,,,,,,,,,,
11129-11129,LPL,2024,2024-06-01,Weibo Gaming,Ninjas in Pyjamas,Weibo Gaming,Ninjas in Pyjamas,2-1,2,1,3,Ninjas in Pyjamas|Weibo Gaming,3.0,https://www.oddsportal.com/esports/league-of-legends/league-of-legends-lpl-2024/results/#/page/3/,01 Jun 2024 - Summer - Stage 1,2024-06-01,Weibo Gaming,Ninjas in Pyjamas,Weibo Gaming,Ninjas in Pyjamas,1-2,1.0,2.0,1.72,2.0,0.537634,0.462366,Weibo Gaming,Ninjas in Pyjamas,True,BO3,0.5251104439982458,0.4748895560017542,0.5251104439982458,True
11130-11130,LPL,2024,2024-06-02,Team WE,Royal Never Give Up,Team WE,Royal Never Give Up,1-1,1,1,2,Royal Never Give Up|Team WE,3.0,https://www.oddsportal.com/esports/league-of-legends/league-of-legends-lpl-2024/results/#/page/3/,02 Jun 2024 - Summer - Stage 1,2024-06-02,Team WE,Royal Never Give Up,Team WE,Royal Never Give Up,2-0,2.0,0.0,1.55,2.71,0.63615,0.36385,Team WE,Royal Never Give Up,True,BO3,0.5917980966852358,0.40820190331476425,0.5917980966852358,True
11131-11131,LPL,2024,2024-06-02,Rare Atom,Top Esports,Rare Atom,Top Esports,1-1,1,1,2,Rare Atom|Top Esports,3.0,https://www.oddsportal.com/esports/league-of-legends/league-of-legends-lpl-2024/results/#/page/3/,02 Jun 2024 - Summer - Stage 1,2024-06-02,Rare Atom,Top Esports,Rare Atom,Top Esports,0-2,0.0,2.0,13.5,1.04,0.071527,0.928473,Rare Atom,Top Esports,True,BO3,0.16358735044890205,0.836412649551098,0.16358735044890205,True
11132-11132,LPL,2024,2024-06-03,Oh My God,LNG Esports,Oh My God,LNG Esports,1-1,1,1,2,LNG Esports|Oh My God,3.0,https://www.oddsportal.com/esports/league-of-legends/league-of-legends-lpl-2024/results/#/page/3/,03 Jun 2024 - Summer - Stage 1,2024-06-03,Oh My God,LNG Esports,Oh My God,LNG Esports,0-2,0.0,2.0,3.89,1.3,0.250482,0.749518,Oh My God,LNG Esports,True,BO3,0.3267171237881242,0.6732828762118759,0.3267171237881242,True
11133-11133,LPL,2024,2024-06-03,Weibo Gaming,Invictus Gaming,Weibo Gaming,Invictus Gaming,3-0,3,0,3,Invictus Gaming|Weibo Gaming,3.0,https://www.oddsportal.com/esports/league-of-legends/league-of-legends-lpl-2024/results/#/page/3/,03 Jun 2024 - Summer - Stage 1,2024-06-03,Weibo Gaming,Invictus Gaming,Weibo Gaming,Invictus Gaming,2-1,2.0,1.0,1.13,7.1,0.862697,0.137303,Weibo Gaming,Invictus Gaming,True,BO3,0.767247535771166,0.232752464228834,0.767247535771166,True
11134-11134,LPL,2024,2024-06-04,Anyone's Legend,Ultra Prime,Anyone's Legend,Ultra Prime,1-1,1,1,2,Anyone's Legend|Ultra Prime,3.0,https://www.oddsportal.com/esports/league-of-legends/league-of-legends-lpl-2024/results/#/page/3/,04 Jun 2024 - Summer - Stage 1,2024-06-04,Anyone's Legend,Ultra Prime,Anyone's Legend,Ultra Prime,2-0,2.0,0.0,1.24,4.2,0.772059,0.227941,Anyone's Legend,Ultra Prime,True,BO3,0.6906057493746031,0.30939425062539694,0.6906057493746031,True
11135-11135,LPL,2024,2024-06-04,ThunderTalk Gaming,FunPlus Phoenix,ThunderTalk Gaming,FunPlus Phoenix,2-1,2,1,3,FunPlus Phoenix|TT Gaming,3.0,https://www.oddsportal.com/esports/league-of-legends/league-of-legends-lpl-2024/results/#/page/3/,04 Jun 2024 - Summer - Stage 1,2024-06-04,TT Gaming,FunPlus Phoenix,TT Gaming,FunPlus Phoenix,1-2,1.0,2.0,2.86,1.48,0.341014,0.658986,TT Gaming,FunPlus Phoenix,True,BO3,0.3923457993453779,0.6076542006546222,0.3923457993453779,True
11136-11136,LPL,2024,2024-06-05,LGD Gaming,Team WE,LGD Gaming,Team WE,1-1,1,1,2,LGD Gaming|Team WE,,,,,,,,,,,,,,,,,,,,,,,
11137-11137,LPL,2024,2024-06-05,EDward Gaming,JD Gaming,EDward Gaming,JD Gaming,1-1,1,1,2,EDward Gaming|JD Gaming,3.0,https://www.oddsportal.com/esports/league-of-legends/league-of-legends-lpl-2024/results/#/page/3/,05 Jun 2024 - Summer - Stage 1,2024-06-05,EDward Gaming,JD Gaming,EDward Gaming,JD Gaming,0-2,0.0,2.0,7.1,1.13,0.137303,0.862697,EDward Gaming,JD Gaming,True,BO3,0.23275246422883403,0.767247535771166,0.23275246422883403,True
11138-11138,LPL,2024,2024-06-06,Rare Atom,Oh My God,Oh My God,Rare Atom,2-1,2,1,3,Oh My God|Rare Atom,3.0,https://www.oddsportal.com/esports/league-of-legends/league-of-legends-lpl-2024/results/#/page/3/,06 Jun 2024 - Summer - Stage 1,2024-06-06,Rare Atom,Oh My God,Rare Atom,Oh My God,2-1,2.0,1.0,2.35,1.63,0.409548,0.590452,Rare Atom,Oh My God,True,BO3,0.43940196889976196,0.5605980311002381,0.43940196889976196,True
11139-11139,LPL,2024,2024-06-06,Royal Never Give Up,Bilibili Gaming,Royal Never Give Up,Bilibili Gaming,1-1,1,1,2,Bilibili Gaming|Royal Never Give Up,3.0,https://www.oddsportal.com/esports/league-of-legends/league-of-legends-lpl-2024/results/#/page/3/,06 Jun 2024 - Summer - Stage 1,2024-06-06,Royal Never Give Up,Bilibili Gaming,Royal Never Give Up,Bilibili Gaming,0-2,0.0,2.0,10.0,1.02,0.092559,0.907441,Royal Never Give Up,Bilibili Gaming,True,BO3,0.1877994059173864,0.8122005940826136,0.1877994059173864,True
11140-11140,LPL,2024,2024-06-07,JD Gaming,ThunderTalk Gaming,JD Gaming,ThunderTalk Gaming,1-1,1,1,2,JD Gaming|TT Gaming,3.0,https://www.oddsportal.com/esports/league-of-legends/league-of-legends-lpl-2024/results/#/page/3/,07 Jun 2024 - Summer - Stage 1,2024-06-07,JD Gaming,TT Gaming,JD Gaming,TT Gaming,2-0,2.0,0.0,1.11,7.1,0.864799,0.135201,JD Gaming,TT Gaming,True,BO3,0.76921512985812,0.23078487014187998,0.76921512985812,True
11141-11141,LPL,2024,2024-06-07,LNG Esports,Top Esports,LNG Esports,Top Esports,1-1,1,1,2,LNG Esports|Top Esports,3.0,https://www.oddsportal.com/esports/league-of-legends/league-of-legends-lpl-2024/results/#/page/3/,07 Jun 2024 - Summer - Stage 1,2024-06-07,LNG Esports,Top Esports,LNG Esports,Top Esports,0-2,0.0,2.0,2.86,1.45,0.336427,0.663573,LNG Esports,Top Esports,True,BO3,0.3891344432104659,0.610865556789534,0.3891344432104659,True
11142-11142,LPL,2024,2024-06-08,Ninjas in Pyjamas,Anyone's Legend,Ninjas in Pyjamas,Anyone's Legend,1-1,1,1,2,Anyone's Legend|Ninjas in Pyjamas,3.0,https://www.oddsportal.com/esports/league-of-legends/league-of-legends-lpl-2024/results/#/page/3/,08 Jun 2024 - Summer - Stage 1,2024-06-08,Ninjas in Pyjamas,Anyone's Legend,Ninjas in Pyjamas,Anyone's Legend,0-2,0.0,2.0,1.45,2.86,0.663573,0.336427,Ninjas in Pyjamas,Anyone's Legend,True,BO3,0.610865556789534,0.389134443210466,0.610865556789534,True
11143-11143,LPL,2024,2024-06-08,Ultra Prime,Weibo Gaming,Ultra Prime,Weibo Gaming,3-0,3,0,3,Ultra Prime|Weibo Gaming,3.0,https://www.oddsportal.com/esports/league-of-legends/league-of-legends-lpl-2024/results/#/page/3/,08 Jun 2024 - Summer - Stage 1,2024-06-08,Ultra Prime,Weibo Gaming,Ultra Prime,Weibo Gaming,2-1,2.0,1.0,7.95,1.1,0.121547,0.878453,Ultra Prime,Weibo Gaming,True,BO3,0.21770212211104664,0.7822978778889533,0.21770212211104664,True
11144-11144,LPL,2024,2024-06-10,FunPlus Phoenix,EDward Gaming,FunPlus Phoenix,EDward Gaming,1-1,1,1,2,EDward Gaming|FunPlus Phoenix,3.0,https://www.oddsportal.com/esports/league-of-legends/league-of-legends-lpl-2024/results/#/page/3/,10 Jun 2024 - Summer - Stage 1,2024-06-10,FunPlus Phoenix,EDward Gaming,FunPlus Phoenix,EDward Gaming,0-2,0.0,2.0,1.75,2.17,0.553571,0.446429,FunPlus Phoenix,EDward Gaming,True,BO3,0.5357750491263008,0.4642249508736992,0.5357750491263008,True
11145-11145,LPL,2024,2024-06-10,Bilibili Gaming,LGD Gaming,Bilibili Gaming,LGD Gaming,1-1,1,1,2,Bilibili Gaming|LGD Gaming,3.0,https://www.oddsportal.com/esports/league-of-legends/league-of-legends-lpl-2024/results/#/page/3/,10 Jun 2024 - Summer - Stage 1,2024-06-10,Bilibili Gaming,LGD Gaming,Bilibili Gaming,LGD Gaming,2-0,2.0,0.0,1.02,15.5,0.938257,0.061743,Bilibili Gaming,LGD Gaming,True,BO3,0.8487065477276758,0.15129345227232416,0.8487065477276758,True
11146-11146,LPL,2024,2024-06-11,Invictus Gaming,Anyone's Legend,Invictus Gaming,Anyone's Legend,1-1,1,1,2,Anyone's Legend|Invictus Gaming,3.0,https://www.oddsportal.com/esports/league-of-legends/league-of-legends-lpl-2024/results/#/page/3/,11 Jun 2024 - Summer - Stage 1,2024-06-11,Invictus Gaming,Anyone's Legend,Invictus Gaming,Anyone's Legend,0-2,0.0,2.0,7.1,1.13,0.137303,0.862697,Invictus Gaming,Anyone's Legend,True,BO3,0.23275246422883403,0.767247535771166,0.23275246422883403,True
11147-11147,LPL,2024,2024-06-11,Ninjas in Pyjamas,Ultra Prime,Ninjas in Pyjamas,Ultra Prime,1-1,1,1,2,Ninjas in Pyjamas|Ultra Prime,,,,,,,,,,,,,,,,,,,,,,,
11148-11148,LPL,2024,2024-06-12,LNG Esports,Rare Atom,LNG Esports,Rare Atom,2-1,2,1,3,LNG Esports|Rare Atom,3.0,https://www.oddsportal.com/esports/league-of-legends/league-of-legends-lpl-2024/results/#/page/3/,12 Jun 2024 - Summer - Stage 1,2024-06-12,LNG Esports,Rare Atom,LNG Esports,Rare Atom,1-2,1.0,2.0,1.17,5.63,0.827941,0.172059,LNG Esports,Rare Atom,True,BO3,0.7361969138744575,0.2638030861255425,0.7361969138744575,True
11149-11149,LPL,2024,2024-06-12,Top Esports,Oh My God,Top Esports,Oh My God,1-1,1,1,2,Oh My God|Top Esports,3.0,https://www.oddsportal.com/esports/league-of-legends/league-of-legends-lpl-2024/results/#/page/3/,12 Jun 2024 - Summer - Stage 1,2024-06-12,Top Esports,Oh My God,Top Esports,Oh My God,2-0,2.0,0.0,1.05,11.9,0.918919,0.081081,Top Esports,Oh My God,True,BO3,0.8250868856820781,0.1749131143179219,0.8250868856820781,True
11150-11150,LPL,2024,2024-06-13,Anyone's Legend,Weibo Gaming,Anyone's Legend,Weibo Gaming,1-1,1,1,2,Anyone's Legend|Weibo Gaming,3.0,https://www.oddsportal.com/esports/league-of-legends/league-of-legends-lpl-2024/results/#/page/3/,13 Jun 2024 - Summer - Stage 1,2024-06-13,Anyone's Legend,Weibo Gaming,Anyone's Legend,Weibo Gaming,0-2,0.0,2.0,1.5,2.71,0.643705,0.356295,Anyone's Legend,Weibo Gaming,True,BO3,0.5970210220230041,0.4029789779769959,0.5970210220230041,True
11151-11151,LPL,2024,2024-06-13,Team WE,Bilibili Gaming,Team WE,Bilibili Gaming,2-1,2,1,3,Bilibili Gaming|Team WE,3.0,https://www.oddsportal.com/esports/league-of-legends/league-of-legends-lpl-2024/results/#/page/3/,13 Jun 2024 - Summer - Stage 1,2024-06-13,Team WE,Bilibili Gaming,Team WE,Bilibili Gaming,1-2,1.0,2.0,6.15,1.14,0.156379,0.843621,Team WE,Bilibili Gaming,True,BO3,0.2501146491434448,0.7498853508565553,0.2501146491434448,True
11152-11152,LPL,2024,2024-06-14,Royal Never Give Up,LGD Gaming,LGD Gaming,Royal Never Give Up,3-0,3,0,3,LGD Gaming|Royal Never Give Up,3.0,https://www.oddsportal.com/esports/league-of-legends/league-of-legends-lpl-2024/results/#/page/3/,14 Jun 2024 - Summer - Stage 1,2024-06-14,Royal Never Give Up,LGD Gaming,Royal Never Give Up,LGD Gaming,1-2,1.0,2.0,2.03,1.83,0.474093,0.525907,Royal Never Give Up,LGD Gaming,True,BO3,0.4827217890961945,0.5172782109038054,0.4827217890961945,True
11153-11153,LPL,2024,2024-06-14,Invictus Gaming,Ninjas in Pyjamas,Ninjas in Pyjamas,Invictus Gaming,3-0,3,0,3,Invictus Gaming|Ninjas in Pyjamas,,,,,,,,,,,,,,,,,,,,,,,
11154-11154,LPL,2024,2024-06-15,EDward Gaming,ThunderTalk Gaming,EDward Gaming,ThunderTalk Gaming,1-1,1,1,2,EDward Gaming|TT Gaming,3.0,https://www.oddsportal.com/esports/league-of-legends/league-of-legends-lpl-2024/results/#/page/3/,15 Jun 2024 - Summer - Stage 1,2024-06-15,EDward Gaming,TT Gaming,EDward Gaming,TT Gaming,2-0,2.0,0.0,1.58,2.45,0.60794,0.39206,EDward Gaming,TT Gaming,True,BO3,0.5724674194687841,0.4275325805312159,0.5724674194687841,True
11155-11155,LPL,2024,2024-06-15,FunPlus Phoenix,JD Gaming,FunPlus Phoenix,JD Gaming,1-1,1,1,2,FunPlus Phoenix|JD Gaming,3.0,https://www.oddsportal.com/esports/league-of-legends/league-of-legends-lpl-2024/results/#/page/3/,15 Jun 2024 - Summer - Stage 1,2024-06-15,FunPlus Phoenix,JD Gaming,FunPlus Phoenix,JD Gaming,0-2,0.0,2.0,5.08,1.22,0.193651,0.806349,FunPlus Phoenix,JD Gaming,True,BO3,0.28194281768596885,0.7180571823140312,0.28194281768596885,True
11156-11156,LPL,2024,2024-06-16,Rare Atom,LNG Esports,LNG Esports,Rare Atom,2-0,2,0,2,LNG Esports|Rare Atom,3.0,https://www.oddsportal.com/esports/league-of-legends/league-of-legends-lpl-2024/results/#/page/3/,16 Jun 2024 - Summer - Stage 1,2024-06-16,Rare Atom,LNG Esports,Rare Atom,LNG Esports,0-2,0.0,2.0,4.51,1.32,0.226415,0.773585,Rare Atom,LNG Esports,True,BO3,0.3082026692647292,0.6917973307352707,0.3082026692647292,True
11157-11157,LPL,2024,2024-06-16,Oh My God,Top Esports,Oh My God,Top Esports,1-1,1,1,2,Oh My God|Top Esports,3.0,https://www.oddsportal.com/esports/league-of-legends/league-of-legends-lpl-2024/results/#/page/3/,16 Jun 2024 - Summer - Stage 1,2024-06-16,Oh My God,Top Esports,Oh My God,Top Esports,0-2,0.0,2.0,10.6,1.06,0.090909,0.909091,Oh My God,Top Esports,True,BO3,0.1859897754826414,0.8140102245173586,0.1859897754826414,True
11158-11158,LPL,2024,2024-06-17,Weibo Gaming,Ultra Prime,Weibo Gaming,Ultra Prime,1-1,1,1,2,Ultra Prime|Weibo Gaming,3.0,https://www.oddsportal.com/esports/league-of-legends/league-of-legends-lpl-2024/results/#/page/3/,17 Jun 2024 - Summer - Stage 1,2024-06-17,Weibo Gaming,Ultra Prime,Weibo Gaming,Ultra Prime,0-2,0.0,2.0,1.2,5.08,0.808917,0.191083,Weibo Gaming,Ultra Prime,True,BO3,0.7201761251301323,0.2798238748698677,0.7201761251301323,True
11159-11159,LPL,2024,2024-06-17,Anyone's Legend,Ninjas in Pyjamas,Anyone's Legend,Ninjas in Pyjamas,3-0,3,0,3,Anyone's Legend|Ninjas in Pyjamas,3.0,https://www.oddsportal.com/esports/league-of-legends/league-of-legends-lpl-2024/results/#/page/3/,17 Jun 2024 - Summer - Stage 1,2024-06-17,Anyone's Legend,Ninjas in Pyjamas,Anyone's Legend,Ninjas in Pyjamas,2-1,2.0,1.0,1.95,1.92,0.496124,0.503876,Anyone's Legend,Ninjas in Pyjamas,True,BO3,0.4974159769946448,0.5025840230053552,0.4974159769946448,True
11160-11160,LPL,2024,2024-06-18,LGD Gaming,Royal Never Give Up,LGD Gaming,Royal Never Give Up,1-1,1,1,2,LGD Gaming|Royal Never Give Up,3.0,https://www.oddsportal.com/esports/league-of-legends/league-of-legends-lpl-2024/results/#/page/3/,18 Jun 2024 - Summer - Stage 1,2024-06-18,LGD Gaming,Royal Never Give Up,LGD Gaming,Royal Never Give Up,2-0,2.0,0.0,1.92,1.95,0.503876,0.496124,LGD Gaming,Royal Never Give Up,True,BO3,0.5025840230053552,0.4974159769946448,0.5025840230053552,True
11161-11161,LPL,2024,2024-06-18,Bilibili Gaming,Team WE,Bilibili Gaming,Team WE,1-1,1,1,2,Bilibili Gaming|Team WE,3.0,https://www.oddsportal.com/esports/league-of-legends/league-of-legends-lpl-2024/results/#/page/3/,18 Jun 2024 - Summer - Stage 1,2024-06-18,Bilibili Gaming,Team WE,Bilibili Gaming,Team WE,2-0,2.0,0.0,1.14,6.15,0.843621,0.156379,Bilibili Gaming,Team WE,True,BO3,0.749885350856555,0.25011464914344494,0.749885350856555,True
11162-11162,LPL,2024,2024-06-19,Ninjas in Pyjamas,Invictus Gaming,Ninjas in Pyjamas,Invictus Gaming,1-1,1,1,2,Invictus Gaming|Ninjas in Pyjamas,,,,,,,,,,,,,,,,,,,,,,,
11163-11163,LPL,2024,2024-06-19,ThunderTalk Gaming,JD Gaming,ThunderTalk Gaming,JD Gaming,2-1,2,1,3,JD Gaming|TT Gaming,3.0,https://www.oddsportal.com/esports/league-of-legends/league-of-legends-lpl-2024/results/#/page/3/,19 Jun 2024 - Summer - Stage 1,2024-06-19,TT Gaming,JD Gaming,TT Gaming,JD Gaming,1-2,1.0,2.0,9.45,1.08,0.102564,0.897436,TT Gaming,JD Gaming,True,BO3,0.19849994055016867,0.8015000594498314,0.19849994055016867,True
11164-11164,LPL,2024,2024-06-20,EDward Gaming,FunPlus Phoenix,FunPlus Phoenix,EDward Gaming,3-0,3,0,3,EDward Gaming|FunPlus Phoenix,2.0,https://www.oddsportal.com/esports/league-of-legends/league-of-legends-lpl-2024/results/#/page/2/,20 Jun 2024 - Summer - Stage 1,2024-06-20,EDward Gaming,FunPlus Phoenix,EDward Gaming,FunPlus Phoenix,1-2,1.0,2.0,1.67,2.3,0.579345,0.420655,EDward Gaming,FunPlus Phoenix,True,BO3,0.5530962527946586,0.44690374720534143,0.5530962527946586,True
11165-11165,LPL,2024,2024-06-20,Oh My God,Rare Atom,Oh My God,Rare Atom,1-1,1,1,2,Oh My God|Rare Atom,2.0,https://www.oddsportal.com/esports/league-of-legends/league-of-legends-lpl-2024/results/#/page/2/,20 Jun 2024 - Summer - Stage 1,2024-06-20,Oh My God,Rare Atom,Oh My God,Rare Atom,0-2,0.0,2.0,1.95,1.75,0.472973,0.527027,Oh My God,Rare Atom,True,BO3,0.48197419050290746,0.5180258094970925,0.48197419050290746,True
11166-11166,LPL,2024,2024-06-21,Ultra Prime,Anyone's Legend,Ultra Prime,Anyone's Legend,2-1,2,1,3,Anyone's Legend|Ultra Prime,2.0,https://www.oddsportal.com/esports/league-of-legends/league-of-legends-lpl-2024/results/#/page/2/,21 Jun 2024 - Summer - Stage 1,2024-06-21,Ultra Prime,Anyone's Legend,Ultra Prime,Anyone's Legend,1-2,1.0,2.0,4.2,1.25,0.229358,0.770642,Ultra Prime,Anyone's Legend,True,BO3,0.31049845489044164,0.6895015451095583,0.31049845489044164,True
11167-11167,LPL,2024,2024-06-21,Ninjas in Pyjamas,Weibo Gaming,Ninjas in Pyjamas,Weibo Gaming,1-1,1,1,2,Ninjas in Pyjamas|Weibo Gaming,2.0,https://www.oddsportal.com/esports/league-of-legends/league-of-legends-lpl-2024/results/#/page/2/,21 Jun 2024 - Summer - Stage 1,2024-06-21,Ninjas in Pyjamas,Weibo Gaming,Ninjas in Pyjamas,Weibo Gaming,2-0,2.0,0.0,1.68,2.23,0.570332,0.429668,Ninjas in Pyjamas,Weibo Gaming,True,BO3,0.5470266664247917,0.4529733335752083,0.5470266664247917,True
11168-11168,LPL,2024,2024-06-22,Team WE,LGD Gaming,Team WE,LGD Gaming,1-1,1,1,2,LGD Gaming|Team WE,,,,,,,,,,,,,,,,,,,,,,,
11169-11169,LPL,2024,2024-06-22,Bilibili Gaming,Royal Never Give Up,Bilibili Gaming,Royal Never Give Up,2-0,2,0,2,Bilibili Gaming|Royal Never Give Up,2.0,https://www.oddsportal.com/esports/league-of-legends/league-of-legends-lpl-2024/results/#/page/2/,22 Jun 2024 - Summer - Stage 1,2024-06-22,Bilibili Gaming,Royal Never Give Up,Bilibili Gaming,Royal Never Give Up,2-0,2.0,0.0,1.04,11.9,0.919629,0.080371,Bilibili Gaming,Royal Never Give Up,True,BO3,0.8259083526149442,0.17409164738505578,0.8259083526149442,True
11170-11170,LPL,2024,2024-06-23,Anyone's Legend,Invictus Gaming,Anyone's Legend,Invictus Gaming,1-1,1,1,2,Anyone's Legend|Invictus Gaming,2.0,https://www.oddsportal.com/esports/league-of-legends/league-of-legends-lpl-2024/results/#/page/2/,23 Jun 2024 - Summer - Stage 1,2024-06-23,Anyone's Legend,Invictus Gaming,Anyone's Legend,Invictus Gaming,2-0,2.0,0.0,1.14,6.15,0.843621,0.156379,Anyone's Legend,Invictus Gaming,True,BO3,0.749885350856555,0.25011464914344494,0.749885350856555,True
11171-11171,LPL,2024,2024-06-23,Top Esports,LNG Esports,LNG Esports,Top Esports,2-1,2,1,3,LNG Esports|Top Esports,2.0,https://www.oddsportal.com/esports/league-of-legends/league-of-legends-lpl-2024/results/#/page/2/,23 Jun 2024 - Summer - Stage 1,2024-06-23,Top Esports,LNG Esports,Top Esports,LNG Esports,2-1,2.0,1.0,1.29,3.89,0.750965,0.249035,Top Esports,LNG Esports,True,BO3,0.674380173157321,0.325619826842679,0.674380173157321,True
11172-11172,LPL,2024,2024-06-24,ThunderTalk Gaming,EDward Gaming,ThunderTalk Gaming,EDward Gaming,1-1,1,1,2,EDward Gaming|TT Gaming,2.0,https://www.oddsportal.com/esports/league-of-legends/league-of-legends-lpl-2024/results/#/page/2/,24 Jun 2024 - Summer - Stage 1,2024-06-24,TT Gaming,EDward Gaming,TT Gaming,EDward Gaming,2-0,2.0,0.0,2.86,1.48,0.341014,0.658986,TT Gaming,EDward Gaming,True,BO3,0.3923457993453779,0.6076542006546222,0.3923457993453779,True
11173-11173,LPL,2024,2024-06-24,JD Gaming,FunPlus Phoenix,JD Gaming,FunPlus Phoenix,1-1,1,1,2,FunPlus Phoenix|JD Gaming,2.0,https://www.oddsportal.com/esports/league-of-legends/league-of-legends-lpl-2024/results/#/page/2/,24 Jun 2024 - Summer - Stage 1,2024-06-24,JD Gaming,FunPlus Phoenix,JD Gaming,FunPlus Phoenix,2-0,2.0,0.0,1.14,6.15,0.843621,0.156379,JD Gaming,FunPlus Phoenix,True,BO3,0.749885350856555,0.25011464914344494,0.749885350856555,True
11174-11174,LPL,2024,2024-06-25,Invictus Gaming,Ultra Prime,Invictus Gaming,Ultra Prime,1-1,1,1,2,Invictus Gaming|Ultra Prime,,,,,,,,,,,,,,,,,,,,,,,
11175-11175,LPL,2024,2024-06-25,Weibo Gaming,Anyone's Legend,Weibo Gaming,Anyone's Legend,1-1,1,1,2,Anyone's Legend|Weibo Gaming,2.0,https://www.oddsportal.com/esports/league-of-legends/league-of-legends-lpl-2024/results/#/page/2/,25 Jun 2024 - Summer - Stage 1,2024-06-25,Anyone's Legend,Weibo Gaming,Anyone's Legend,Weibo Gaming,2-0,2.0,0.0,1.45,3.89,0.728464,0.271536,Anyone's Legend,Weibo Gaming,False,BO3,0.6575207000674925,0.3424792999325075,0.3424792999325075,True
11176-11176,LPL,2024,2024-06-26,Top Esports,Rare Atom,Top Esports,Rare Atom,1-1,1,1,2,Rare Atom|Top Esports,2.0,https://www.oddsportal.com/esports/league-of-legends/league-of-legends-lpl-2024/results/#/page/2/,26 Jun 2024 - Summer - Stage 1,2024-06-26,Rare Atom,Top Esports,Rare Atom,Top Esports,0-2,0.0,2.0,11.9,1.04,0.080371,0.919629,Rare Atom,Top Esports,False,BO3,0.17409164738505592,0.8259083526149441,0.8259083526149441,True
11177-11177,LPL,2024,2024-06-26,LNG Esports,Oh My God,LNG Esports,Oh My God,3-0,3,0,3,LNG Esports|Oh My God,2.0,https://www.oddsportal.com/esports/league-of-legends/league-of-legends-lpl-2024/results/#/page/2/,26 Jun 2024 - Summer - Stage 1,2024-06-26,Oh My God,LNG Esports,Oh My God,LNG Esports,1-2,1.0,2.0,6.15,1.14,0.156379,0.843621,Oh My God,LNG Esports,False,BO3,0.2501146491434448,0.7498853508565553,0.7498853508565553,True
11178-11178,LPL,2024,2024-06-27,Royal Never Give Up,Team WE,Royal Never Give Up,Team WE,2-1,2,1,3,Royal Never Give Up|Team WE,2.0,https://www.oddsportal.com/esports/league-of-legends/league-of-legends-lpl-2024/results/#/page/2/,27 Jun 2024 - Summer - Stage 1,2024-06-27,Royal Never Give Up,Team WE,Royal Never Give Up,Team WE,2-1,2.0,1.0,5.63,1.16,0.170839,0.829161,Royal Never Give Up,Team WE,True,BO3,0.262754776462597,0.737245223537403,0.262754776462597,True
11179-11179,LPL,2024,2024-06-27,LGD Gaming,Bilibili Gaming,LGD Gaming,Bilibili Gaming,3-0,3,0,3,Bilibili Gaming|LGD Gaming,2.0,https://www.oddsportal.com/esports/league-of-legends/league-of-legends-lpl-2024/results/#/page/2/,27 Jun 2024 - Summer - Stage 1,2024-06-27,LGD Gaming,Bilibili Gaming,LGD Gaming,Bilibili Gaming,2-1,2.0,1.0,9.45,1.08,0.102564,0.897436,LGD Gaming,Bilibili Gaming,True,BO3,0.19849994055016867,0.8015000594498314,0.19849994055016867,True
11180-11180,LPL,2024,2024-06-28,FunPlus Phoenix,ThunderTalk Gaming,FunPlus Phoenix,ThunderTalk Gaming,1-1,1,1,2,FunPlus Phoenix|TT Gaming,2.0,https://www.oddsportal.com/esports/league-of-legends/league-of-legends-lpl-2024/results/#/page/2/,28 Jun 2024 - Summer - Stage 1,2024-06-28,TT Gaming,FunPlus Phoenix,TT Gaming,FunPlus Phoenix,0-2,0.0,2.0,2.71,1.5,0.356295,0.643705,TT Gaming,FunPlus Phoenix,False,BO3,0.4029789779769958,0.5970210220230042,0.5970210220230042,True
11181-11181,LPL,2024,2024-06-28,JD Gaming,EDward Gaming,JD Gaming,EDward Gaming,1-1,1,1,2,EDward Gaming|JD Gaming,2.0,https://www.oddsportal.com/esports/league-of-legends/league-of-legends-lpl-2024/results/#/page/2/,28 Jun 2024 - Summer - Stage 1,2024-06-28,EDward Gaming,JD Gaming,EDward Gaming,JD Gaming,0-2,0.0,2.0,6.15,1.15,0.157534,0.842466,EDward Gaming,JD Gaming,False,BO3,0.2511396043669642,0.7488603956330357,0.7488603956330357,True
11182-11182,LPL,2024,2024-06-29,Ultra Prime,Ninjas in Pyjamas,Ultra Prime,Ninjas in Pyjamas,1-1,1,1,2,Ninjas in Pyjamas|Ultra Prime,,,,,,,,,,,,,,,,,,,,,,,
11183-11183,LPL,2024,2024-06-29,Invictus Gaming,Weibo Gaming,Invictus Gaming,Weibo Gaming,1-1,1,1,2,Invictus Gaming|Weibo Gaming,2.0,https://www.oddsportal.com/esports/league-of-legends/league-of-legends-lpl-2024/results/#/page/2/,29 Jun 2024 - Summer - Stage 1,2024-06-29,Invictus Gaming,Weibo Gaming,Invictus Gaming,Weibo Gaming,0-2,0.0,2.0,2.86,1.48,0.341014,0.658986,Invictus Gaming,Weibo Gaming,True,BO3,0.3923457993453779,0.6076542006546222,0.3923457993453779,True
11266-11266,LPL,2024,2024-07-05,EDward Gaming,Royal Never Give Up,EDward Gaming,Royal Never Give Up,2-1,2,1,3,EDward Gaming|Royal Never Give Up,2.0,https://www.oddsportal.com/esports/league-of-legends/league-of-legends-lpl-2024/results/#/page/2/,05 Jul 2024 - Summer - Stage 2,2024-07-05,Royal Never Give Up,EDward Gaming,Royal Never Give Up,EDward Gaming,1-2,1.0,2.0,3.47,1.33,0.277083,0.722917,Royal Never Give Up,EDward Gaming,False,BO3,0.3465731505846399,0.6534268494153601,0.6534268494153601,True
11267-11267,LPL,2024,2024-07-05,Anyone's Legend,FunPlus Phoenix,Anyone's Legend,FunPlus Phoenix,1-1,1,1,2,Anyone's Legend|FunPlus Phoenix,2.0,https://www.oddsportal.com/esports/league-of-legends/league-of-legends-lpl-2024/results/#/page/2/,05 Jul 2024 - Summer - Stage 2,2024-07-05,FunPlus Phoenix,Anyone's Legend,FunPlus Phoenix,Anyone's Legend,0-2,0.0,2.0,2.8,1.38,0.330144,0.669856,FunPlus Phoenix,Anyone's Legend,False,BO3,0.3847199844114018,0.6152800155885982,0.6152800155885982,True
11268-11268,LPL,2024,2024-07-06,ThunderTalk Gaming,Rare Atom,ThunderTalk Gaming,Rare Atom,1-1,1,1,2,Rare Atom|TT Gaming,2.0,https://www.oddsportal.com/esports/league-of-legends/league-of-legends-lpl-2024/results/#/page/2/,06 Jul 2024 - Summer - Stage 2,2024-07-06,TT Gaming,Rare Atom,TT Gaming,Rare Atom,0-2,0.0,2.0,2.17,1.72,0.442159,0.557841,TT Gaming,Rare Atom,True,BO3,0.46136242590503695,0.538637574094963,0.46136242590503695,True
11269-11269,LPL,2024,2024-07-06,JD Gaming,Weibo Gaming,JD Gaming,Weibo Gaming,1-1,1,1,2,JD Gaming|Weibo Gaming,2.0,https://www.oddsportal.com/esports/league-of-legends/league-of-legends-lpl-2024/results/#/page/2/,06 Jul 2024 - Summer - Stage 2,2024-07-06,Weibo Gaming,JD Gaming,Weibo Gaming,JD Gaming,2-0,2.0,0.0,5.63,1.16,0.170839,0.829161,Weibo Gaming,JD Gaming,False,BO3,0.262754776462597,0.737245223537403,0.737245223537403,True
11270-11270,LPL,2024,2024-07-07,Ultra Prime,Invictus Gaming,Ultra Prime,Invictus Gaming,1-1,1,1,2,Invictus Gaming|Ultra Prime,,,,,,,,,,,,,,,,,,,,,,,
11271-11271,LPL,2024,2024-07-07,Ninjas in Pyjamas,LNG Esports,Ninjas in Pyjamas,LNG Esports,1-1,1,1,2,LNG Esports|Ninjas in Pyjamas,2.0,https://www.oddsportal.com/esports/league-of-legends/league-of-legends-lpl-2024/results/#/page/2/,07 Jul 2024 - Summer - Stage 2,2024-07-07,Ninjas in Pyjamas,LNG Esports,Ninjas in Pyjamas,LNG Esports,0-2,0.0,2.0,1.68,2.34,0.58209,0.41791,Ninjas in Pyjamas,LNG Esports,True,BO3,0.554947869823024,0.445052130176976,0.554947869823024,True
11272-11272,LPL,2024,2024-07-08,EDward Gaming,Team WE,EDward Gaming,Team WE,1-1,1,1,2,EDward Gaming|Team WE,2.0,https://www.oddsportal.com/esports/league-of-legends/league-of-legends-lpl-2024/results/#/page/2/,08 Jul 2024 - Summer - Stage 2,2024-07-08,Team WE,EDward Gaming,Team WE,EDward Gaming,2-0,2.0,0.0,1.67,2.34,0.583541,0.416459,Team WE,EDward Gaming,False,BO3,0.5559272431908978,0.4440727568091022,0.4440727568091022,True
11273-11273,LPL,2024,2024-07-08,LGD Gaming,Anyone's Legend,LGD Gaming,Anyone's Legend,1-1,1,1,2,Anyone's Legend|LGD Gaming,2.0,https://www.oddsportal.com/esports/league-of-legends/league-of-legends-lpl-2024/results/#/page/2/,08 Jul 2024 - Summer - Stage 2,2024-07-08,LGD Gaming,Anyone's Legend,LGD Gaming,Anyone's Legend,0-2,0.0,2.0,3.07,1.44,0.31929,0.68071,LGD Gaming,Anyone's Legend,True,BO3,0.37704844096579904,0.622951559034201,0.37704844096579904,True
11274-11274,LPL,2024,2024-07-09,Oh My God,Royal Never Give Up,Oh My God,Royal Never Give Up,1-1,1,1,2,Oh My God|Royal Never Give Up,2.0,https://www.oddsportal.com/esports/league-of-legends/league-of-legends-lpl-2024/results/#/page/2/,09 Jul 2024 - Summer - Stage 2,2024-07-09,Royal Never Give Up,Oh My God,Royal Never Give Up,Oh My God,0-2,0.0,2.0,1.72,2.17,0.557841,0.442159,Royal Never Give Up,Oh My God,False,BO3,0.5386375740949632,0.46136242590503684,0.46136242590503684,True
11275-11275,LPL,2024,2024-07-09,JD Gaming,FunPlus Phoenix,JD Gaming,FunPlus Phoenix,3-0,3,0,3,FunPlus Phoenix|JD Gaming,2.0,https://www.oddsportal.com/esports/league-of-legends/league-of-legends-lpl-2024/results/#/page/2/,09 Jul 2024 - Summer - Stage 2,2024-07-09,JD Gaming,FunPlus Phoenix,JD Gaming,FunPlus Phoenix,2-1,2.0,1.0,1.18,5.08,0.811502,0.188498,JD Gaming,FunPlus Phoenix,True,BO3,0.7223190508428301,0.2776809491571699,0.7223190508428301,True
11276-11276,LPL,2024,2024-07-10,ThunderTalk Gaming,Invictus Gaming,ThunderTalk Gaming,Invictus Gaming,1-1,1,1,2,Invictus Gaming|TT Gaming,,,,,,,,,,,,,,,,,,,,,,,
11277-11277,LPL,2024,2024-07-10,LNG Esports,Weibo Gaming,LNG Esports,Weibo Gaming,3-0,3,0,3,LNG Esports|Weibo Gaming,2.0,https://www.oddsportal.com/esports/league-of-legends/league-of-legends-lpl-2024/results/#/page/2/,10 Jul 2024 - Summer - Stage 2,2024-07-10,Weibo Gaming,LNG Esports,Weibo Gaming,LNG Esports,1-2,1.0,2.0,2.45,1.58,0.39206,0.60794,Weibo Gaming,LNG Esports,False,BO3,0.42753258053121584,0.5724674194687842,0.5724674194687842,True
11278-11278,LPL,2024,2024-07-11,Ultra Prime,Rare Atom,Ultra Prime,Rare Atom,1-1,1,1,2,Rare Atom|Ultra Prime,2.0,https://www.oddsportal.com/esports/league-of-legends/league-of-legends-lpl-2024/results/#/page/2/,11 Jul 2024 - Summer - Stage 2,2024-07-11,Ultra Prime,Rare Atom,Ultra Prime,Rare Atom,2-0,2.0,0.0,3.07,1.4,0.313199,0.686801,Ultra Prime,Rare Atom,True,BO3,0.37271649093361603,0.627283509066384,0.37271649093361603,True
11279-11279,LPL,2024,2024-07-11,Ninjas in Pyjamas,Anyone's Legend,Ninjas in Pyjamas,Anyone's Legend,1-1,1,1,2,Anyone's Legend|Ninjas in Pyjamas,2.0,https://www.oddsportal.com/esports/league-of-legends/league-of-legends-lpl-2024/results/#/page/2/,11 Jul 2024 - Summer - Stage 2,2024-07-11,Ninjas in Pyjamas,Anyone's Legend,Ninjas in Pyjamas,Anyone's Legend,0-2,0.0,2.0,2.35,1.63,0.409548,0.590452,Ninjas in Pyjamas,Anyone's Legend,True,BO3,0.43940196889976196,0.5605980311002381,0.43940196889976196,True
11280-11280,LPL,2024,2024-07-12,LGD Gaming,JD Gaming,LGD Gaming,JD Gaming,1-1,1,1,2,JD Gaming|LGD Gaming,2.0,https://www.oddsportal.com/esports/league-of-legends/league-of-legends-lpl-2024/results/#/page/2/,12 Jul 2024 - Summer - Stage 2,2024-07-12,LGD Gaming,JD Gaming,LGD Gaming,JD Gaming,0-2,0.0,2.0,5.63,1.17,0.172059,0.827941,LGD Gaming,JD Gaming,True,BO3,0.2638030861255426,0.7361969138744574,0.2638030861255426,True
11281-11281,LPL,2024,2024-07-12,EDward Gaming,Oh My God,Oh My God,EDward Gaming,3-0,3,0,3,EDward Gaming|Oh My God,2.0,https://www.oddsportal.com/esports/league-of-legends/league-of-legends-lpl-2024/results/#/page/2/,12 Jul 2024 - Summer - Stage 2,2024-07-12,Oh My God,EDward Gaming,Oh My God,EDward Gaming,2-1,2.0,1.0,2.71,1.55,0.36385,0.63615,Oh My God,EDward Gaming,False,BO3,0.40820190331476425,0.5917980966852358,0.5917980966852358,True
11282-11282,LPL,2024,2024-07-12,Top Esports,Bilibili Gaming,Top Esports,Bilibili Gaming,2-1,2,1,3,Bilibili Gaming|Top Esports,2.0,https://www.oddsportal.com/esports/league-of-legends/league-of-legends-lpl-2024/results/#/page/2/,12 Jul 2024 - Summer - Stage 2,2024-07-12,Top Esports,Bilibili Gaming,Top Esports,Bilibili Gaming,1-2,1.0,2.0,2.07,1.79,0.463731,0.536269,Top Esports,Bilibili Gaming,True,BO3,0.4758017741717995,0.5241982258282005,0.4758017741717995,True
11283-11283,LPL,2024,2024-07-13,Rare Atom,Invictus Gaming,Rare Atom,Invictus Gaming,1-1,1,1,2,Invictus Gaming|Rare Atom,2.0,https://www.oddsportal.com/esports/league-of-legends/league-of-legends-lpl-2024/results/#/page/2/,13 Jul 2024 - Summer - Stage 2,2024-07-13,Rare Atom,Invictus Gaming,Rare Atom,Invictus Gaming,2-0,2.0,0.0,1.63,2.34,0.589421,0.410579,Rare Atom,Invictus Gaming,True,BO3,0.5599005705878443,0.44009942941215574,0.5599005705878443,True
11284-11284,LPL,2024,2024-07-13,Team WE,Royal Never Give Up,Team WE,Royal Never Give Up,2-0,2,0,2,Royal Never Give Up|Team WE,2.0,https://www.oddsportal.com/esports/league-of-legends/league-of-legends-lpl-2024/results/#/page/2/,13 Jul 2024 - Summer - Stage 2,2024-07-13,Team WE,Royal Never Give Up,Team WE,Royal Never Give Up,2-0,2.0,0.0,1.17,5.63,0.827941,0.172059,Team WE,Royal Never Give Up,True,BO3,0.7361969138744575,0.2638030861255425,0.7361969138744575,True
11285-11285,LPL,2024,2024-07-13,Weibo Gaming,Ninjas in Pyjamas,Weibo Gaming,Ninjas in Pyjamas,1-1,1,1,2,Ninjas in Pyjamas|Weibo Gaming,2.0,https://www.oddsportal.com/esports/league-of-legends/league-of-legends-lpl-2024/results/#/page/2/,13 Jul 2024 - Summer - Stage 2,2024-07-13,Weibo Gaming,Ninjas in Pyjamas,Weibo Gaming,Ninjas in Pyjamas,2-0,2.0,0.0,2.05,1.85,0.474359,0.525641,Weibo Gaming,Ninjas in Pyjamas,True,BO3,0.48289933227096693,0.5171006677290331,0.48289933227096693,True
11286-11286,LPL,2024,2024-07-14,Ultra Prime,ThunderTalk Gaming,Ultra Prime,ThunderTalk Gaming,1-1,1,1,2,TT Gaming|Ultra Prime,,,,,,,,,,,,,,,,,,,,,,,
11287-11287,LPL,2024,2024-07-14,Anyone's Legend,JD Gaming,JD Gaming,Anyone's Legend,3-0,3,0,3,Anyone's Legend|JD Gaming,2.0,https://www.oddsportal.com/esports/league-of-legends/league-of-legends-lpl-2024/results/#/page/2/,14 Jul 2024 - Summer - Stage 2,2024-07-14,Anyone's Legend,JD Gaming,Anyone's Legend,JD Gaming,1-2,1.0,2.0,2.34,1.63,0.410579,0.589421,Anyone's Legend,JD Gaming,True,BO3,0.4400994294121558,0.5599005705878441,0.4400994294121558,True
11288-11288,LPL,2024,2024-07-14,LNG Esports,Top Esports,LNG Esports,Top Esports,1-1,1,1,2,LNG Esports|Top Esports,2.0,https://www.oddsportal.com/esports/league-of-legends/league-of-legends-lpl-2024/results/#/page/2/,14 Jul 2024 - Summer - Stage 2,2024-07-14,Top Esports,LNG Esports,Top Esports,LNG Esports,0-2,0.0,2.0,1.31,3.8,0.74364,0.25636,Top Esports,LNG Esports,False,BO3,0.6688446844301394,0.33115531556986055,0.33115531556986055,True
11289-11289,LPL,2024,2024-07-15,Invictus Gaming,Oh My God,Oh My God,Invictus Gaming,3-0,3,0,3,Invictus Gaming|Oh My God,2.0,https://www.oddsportal.com/esports/league-of-legends/league-of-legends-lpl-2024/results/#/page/2/,15 Jul 2024 - Summer - Stage 2,2024-07-15,Oh My God,Invictus Gaming,Oh My God,Invictus Gaming,2-1,2.0,1.0,1.4,3.07,0.686801,0.313199,Oh My God,Invictus Gaming,False,BO3,0.627283509066384,0.37271649093361603,0.37271649093361603,True
11290-11290,LPL,2024,2024-07-15,Bilibili Gaming,LGD Gaming,Bilibili Gaming,LGD Gaming,1-1,1,1,2,Bilibili Gaming|LGD Gaming,2.0,https://www.oddsportal.com/esports/league-of-legends/league-of-legends-lpl-2024/results/#/page/2/,15 Jul 2024 - Summer - Stage 2,2024-07-15,LGD Gaming,Bilibili Gaming,LGD Gaming,Bilibili Gaming,0-2,0.0,2.0,9.45,1.07,0.101711,0.898289,LGD Gaming,Bilibili Gaming,False,BO3,0.19760483988896455,0.8023951601110355,0.8023951601110355,True
11291-11291,LPL,2024,2024-07-16,Rare Atom,EDward Gaming,Rare Atom,EDward Gaming,3-0,3,0,3,EDward Gaming|Rare Atom,2.0,https://www.oddsportal.com/esports/league-of-legends/league-of-legends-lpl-2024/results/#/page/2/,16 Jul 2024 - Summer - Stage 2,2024-07-16,Rare Atom,EDward Gaming,Rare Atom,EDward Gaming,2-1,2.0,1.0,1.95,1.88,0.490862,0.509138,Rare Atom,EDward Gaming,True,BO3,0.4939076985030663,0.5060923014969336,0.4939076985030663,True
11292-11292,LPL,2024,2024-07-16,FunPlus Phoenix,Ninjas in Pyjamas,Ninjas in Pyjamas,FunPlus Phoenix,2-1,2,1,3,FunPlus Phoenix|Ninjas in Pyjamas,2.0,https://www.oddsportal.com/esports/league-of-legends/league-of-legends-lpl-2024/results/#/page/2/,16 Jul 2024 - Summer - Stage 2,2024-07-16,Ninjas in Pyjamas,FunPlus Phoenix,Ninjas in Pyjamas,FunPlus Phoenix,1-2,1.0,2.0,1.72,2.17,0.557841,0.442159,Ninjas in Pyjamas,FunPlus Phoenix,False,BO3,0.5386375740949632,0.46136242590503684,0.46136242590503684,True
11293-11293,LPL,2024,2024-07-17,Team WE,ThunderTalk Gaming,Team WE,ThunderTalk Gaming,1-1,1,1,2,TT Gaming|Team WE,,,,,,,,,,,,,,,,,,,,,,,
11294-11294,LPL,2024,2024-07-17,Top Esports,Weibo Gaming,Top Esports,Weibo Gaming,1-1,1,1,2,Top Esports|Weibo Gaming,2.0,https://www.oddsportal.com/esports/league-of-legends/league-of-legends-lpl-2024/results/#/page/2/,17 Jul 2024 - Summer - Stage 2,2024-07-17,Weibo Gaming,Top Esports,Weibo Gaming,Top Esports,0-2,0.0,2.0,3.57,1.35,0.27439,0.72561,Weibo Gaming,Top Esports,False,BO3,0.3445885181956647,0.6554114818043353,0.6554114818043353,True
11295-11295,LPL,2024,2024-07-18,Royal Never Give Up,Ultra Prime,Ultra Prime,Royal Never Give Up,3-0,3,0,3,Royal Never Give Up|Ultra Prime,2.0,https://www.oddsportal.com/esports/league-of-legends/league-of-legends-lpl-2024/results/#/page/2/,18 Jul 2024 - Summer - Stage 2,2024-07-18,Ultra Prime,Royal Never Give Up,Ultra Prime,Royal Never Give Up,1-2,1.0,2.0,1.1,7.95,0.878453,0.121547,Ultra Prime,Royal Never Give Up,False,BO3,0.7822978778889534,0.21770212211104656,0.21770212211104656,True
11296-11296,LPL,2024,2024-07-18,Weibo Gaming,Anyone's Legend,Weibo Gaming,Anyone's Legend,1-1,1,1,2,Anyone's Legend|Weibo Gaming,1.0,https://www.oddsportal.com/esports/league-of-legends/league-of-legends-lpl-2024/results/,18 Jul 2024 - Summer - Stage 2,2024-07-18,Weibo Gaming,Anyone's Legend,Weibo Gaming,Anyone's Legend,2-0,2.0,0.0,2.5,1.5,0.375,0.625,Weibo Gaming,Anyone's Legend,True,BO3,0.4158727991094862,0.5841272008905138,0.4158727991094862,True
11297-11297,LPL,2024,2024-07-18,Bilibili Gaming,LNG Esports,LNG Esports,Bilibili Gaming,2-1,2,1,3,Bilibili Gaming|LNG Esports,1.0,https://www.oddsportal.com/esports/league-of-legends/league-of-legends-lpl-2024/results/,18 Jul 2024 - Summer - Stage 2,2024-07-18,LNG Esports,Bilibili Gaming,LNG Esports,Bilibili Gaming,2-1,2.0,1.0,3.57,1.32,0.269939,0.730061,LNG Esports,Bilibili Gaming,False,BO3,0.3412963391870969,0.6587036608129031,0.6587036608129031,True
11298-11298,LPL,2024,2024-07-19,Invictus Gaming,EDward Gaming,Invictus Gaming,EDward Gaming,1-1,1,1,2,EDward Gaming|Invictus Gaming,1.0,https://www.oddsportal.com/esports/league-of-legends/league-of-legends-lpl-2024/results/,19 Jul 2024 - Summer - Stage 2,2024-07-19,Invictus Gaming,EDward Gaming,Invictus Gaming,EDward Gaming,2-0,2.0,0.0,2.71,1.52,0.359338,0.640662,Invictus Gaming,EDward Gaming,True,BO3,0.4050852411104829,0.5949147588895172,0.4050852411104829,True
11299-11299,LPL,2024,2024-07-19,LGD Gaming,FunPlus Phoenix,LGD Gaming,FunPlus Phoenix,2-1,2,1,3,FunPlus Phoenix|LGD Gaming,1.0,https://www.oddsportal.com/esports/league-of-legends/league-of-legends-lpl-2024/results/,19 Jul 2024 - Summer - Stage 2,2024-07-19,LGD Gaming,FunPlus Phoenix,LGD Gaming,FunPlus Phoenix,1-2,1.0,2.0,2.45,1.62,0.398034,0.601966,LGD Gaming,FunPlus Phoenix,True,BO3,0.43159590536204184,0.5684040946379582,0.43159590536204184,True
11300-11300,LPL,2024,2024-07-19,Ninjas in Pyjamas,JD Gaming,Ninjas in Pyjamas,JD Gaming,1-1,1,1,2,JD Gaming|Ninjas in Pyjamas,1.0,https://www.oddsportal.com/esports/league-of-legends/league-of-legends-lpl-2024/results/,19 Jul 2024 - Summer - Stage 2,2024-07-19,Ninjas in Pyjamas,JD Gaming,Ninjas in Pyjamas,JD Gaming,0-2,0.0,2.0,5.63,1.18,0.173275,0.826725,Ninjas in Pyjamas,JD Gaming,True,BO3,0.2648453054813165,0.7351546945186835,0.2648453054813165,True
11301-11301,LPL,2024,2024-07-20,Team WE,Oh My God,Team WE,Oh My God,1-1,1,1,2,Oh My God|Team WE,1.0,https://www.oddsportal.com/esports/league-of-legends/league-of-legends-lpl-2024/results/,20 Jul 2024 - Summer - Stage 2,2024-07-20,Team WE,Oh My God,Team WE,Oh My God,0-2,0.0,2.0,1.5,2.86,0.655963,0.344037,Team WE,Oh My God,True,BO3,0.6055428991916412,0.39445710080835883,0.6055428991916412,True
11302-11302,LPL,2024,2024-07-20,Top Esports,LGD Gaming,Top Esports,LGD Gaming,1-1,1,1,2,LGD Gaming|Top Esports,1.0,https://www.oddsportal.com/esports/league-of-legends/league-of-legends-lpl-2024/results/,20 Jul 2024 - Summer - Stage 2,2024-07-20,Top Esports,LGD Gaming,Top Esports,LGD Gaming,2-0,2.0,0.0,1.07,9.45,0.898289,0.101711,Top Esports,LGD Gaming,True,BO3,0.8023951601110354,0.1976048398889646,0.8023951601110354,True
11303-11303,LPL,2024,2024-07-20,JD Gaming,Bilibili Gaming,JD Gaming,Bilibili Gaming,2-1,2,1,3,Bilibili Gaming|JD Gaming,1.0,https://www.oddsportal.com/esports/league-of-legends/league-of-legends-lpl-2024/results/,20 Jul 2024 - Summer - Stage 2,2024-07-20,JD Gaming,Bilibili Gaming,JD Gaming,Bilibili Gaming,1-2,1.0,2.0,2.71,1.55,0.36385,0.63615,JD Gaming,Bilibili Gaming,True,BO3,0.40820190331476425,0.5917980966852358,0.40820190331476425,True
11304-11304,LPL,2024,2024-07-21,Team WE,Ultra Prime,Team WE,Ultra Prime,1-1,1,1,2,Team WE|Ultra Prime,,,,,,,,,,,,,,,,,,,,,,,
11305-11305,LPL,2024,2024-07-21,LNG Esports,FunPlus Phoenix,LNG Esports,FunPlus Phoenix,1-1,1,1,2,FunPlus Phoenix|LNG Esports,1.0,https://www.oddsportal.com/esports/league-of-legends/league-of-legends-lpl-2024/results/,21 Jul 2024 - Summer - Stage 2,2024-07-21,LNG Esports,FunPlus Phoenix,LNG Esports,FunPlus Phoenix,0-2,0.0,2.0,1.25,4.2,0.770642,0.229358,LNG Esports,FunPlus Phoenix,True,BO3,0.6895015451095583,0.3104984548904417,0.6895015451095583,True
11306-11306,LPL,2024,2024-07-22,Rare Atom,Royal Never Give Up,Rare Atom,Royal Never Give Up,2-0,2,0,2,Rare Atom|Royal Never Give Up,1.0,https://www.oddsportal.com/esports/league-of-legends/league-of-legends-lpl-2024/results/,22 Jul 2024 - Summer - Stage 2,2024-07-22,Royal Never Give Up,Rare Atom,Royal Never Give Up,Rare Atom,0-2,0.0,2.0,3.25,1.37,0.296537,0.703463,Royal Never Give Up,Rare Atom,False,BO3,0.3607584762963027,0.6392415237036972,0.6392415237036972,True
11307-11307,LPL,2024,2024-07-22,ThunderTalk Gaming,EDward Gaming,EDward Gaming,ThunderTalk Gaming,3-0,3,0,3,EDward Gaming|TT Gaming,1.0,https://www.oddsportal.com/esports/league-of-legends/league-of-legends-lpl-2024/results/,22 Jul 2024 - Summer - Stage 2,2024-07-22,TT Gaming,EDward Gaming,TT Gaming,EDward Gaming,1-2,1.0,2.0,1.49,2.71,0.645238,0.354762,TT Gaming,EDward Gaming,True,BO3,0.5980834651279714,0.4019165348720286,0.5980834651279714,True
11308-11308,LPL,2024,2024-07-23,Weibo Gaming,Bilibili Gaming,Weibo Gaming,Bilibili Gaming,2-1,2,1,3,Bilibili Gaming|Weibo Gaming,1.0,https://www.oddsportal.com/esports/league-of-legends/league-of-legends-lpl-2024/results/,23 Jul 2024 - Summer - Stage 2,2024-07-23,Weibo Gaming,Bilibili Gaming,Weibo Gaming,Bilibili Gaming,1-2,1.0,2.0,4.51,1.28,0.221071,0.778929,Weibo Gaming,Bilibili Gaming,True,BO3,0.30400939571374724,0.6959906042862527,0.30400939571374724,True
11309-11309,LPL,2024,2024-07-23,Top Esports,Ninjas in Pyjamas,Top Esports,Ninjas in Pyjamas,1-1,1,1,2,Ninjas in Pyjamas|Top Esports,1.0,https://www.oddsportal.com/esports/league-of-legends/league-of-legends-lpl-2024/results/,23 Jul 2024 - Summer - Stage 2,2024-07-23,Top Esports,Ninjas in Pyjamas,Top Esports,Ninjas in Pyjamas,2-0,2.0,0.0,1.14,6.15,0.843621,0.156379,Top Esports,Ninjas in Pyjamas,True,BO3,0.749885350856555,0.25011464914344494,0.749885350856555,True
11310-11310,LPL,2024,2024-07-24,Ultra Prime,Oh My God,Ultra Prime,Oh My God,2-1,2,1,3,Oh My God|Ultra Prime,1.0,https://www.oddsportal.com/esports/league-of-legends/league-of-legends-lpl-2024/results/,24 Jul 2024 - Summer - Stage 2,2024-07-24,Ultra Prime,Oh My God,Ultra Prime,Oh My God,1-2,1.0,2.0,3.07,1.45,0.320796,0.679204,Ultra Prime,Oh My God,True,BO3,0.37811646313205766,0.6218835368679423,0.37811646313205766,True
11311-11311,LPL,2024,2024-07-24,LNG Esports,JD Gaming,LNG Esports,JD Gaming,3-0,3,0,3,JD Gaming|LNG Esports,1.0,https://www.oddsportal.com/esports/league-of-legends/league-of-legends-lpl-2024/results/,24 Jul 2024 - Summer - Stage 2,2024-07-24,LNG Esports,JD Gaming,LNG Esports,JD Gaming,2-1,2.0,1.0,2.17,1.75,0.446429,0.553571,LNG Esports,JD Gaming,True,BO3,0.4642249508736992,0.5357750491263008,0.4642249508736992,True
11312-11312,LPL,2024,2024-07-25,Rare Atom,Team WE,Rare Atom,Team WE,3-0,3,0,3,Rare Atom|Team WE,1.0,https://www.oddsportal.com/esports/league-of-legends/league-of-legends-lpl-2024/results/,25 Jul 2024 - Summer - Stage 2,2024-07-25,Team WE,Rare Atom,Team WE,Rare Atom,1-2,1.0,2.0,1.92,1.92,0.5,0.5,Team WE,Rare Atom,False,BO3,0.5,0.5,0.5,True
11313-11313,LPL,2024,2024-07-25,Invictus Gaming,Royal Never Give Up,Royal Never Give Up,Invictus Gaming,2-1,2,1,3,Invictus Gaming|Royal Never Give Up,1.0,https://www.oddsportal.com/esports/league-of-legends/league-of-legends-lpl-2024/results/,25 Jul 2024 - Summer - Stage 2,2024-07-25,Royal Never Give Up,Invictus Gaming,Royal Never Give Up,Invictus Gaming,1-2,1.0,2.0,2.71,1.5,0.356295,0.643705,Royal Never Give Up,Invictus Gaming,False,BO3,0.4029789779769958,0.5970210220230042,0.5970210220230042,True
11314-11314,LPL,2024,2024-07-25,Weibo Gaming,LGD Gaming,Weibo Gaming,LGD Gaming,1-1,1,1,2,LGD Gaming|Weibo Gaming,,,,,,,,,,,,,,,,,,,,,,,
11315-11315,LPL,2024,2024-07-26,Oh My God,ThunderTalk Gaming,Oh My God,ThunderTalk Gaming,1-1,1,1,2,Oh My God|TT Gaming,1.0,https://www.oddsportal.com/esports/league-of-legends/league-of-legends-lpl-2024/results/,26 Jul 2024 - Summer - Stage 2,2024-07-26,TT Gaming,Oh My God,TT Gaming,Oh My God,2-0,2.0,0.0,2.07,1.79,0.463731,0.536269,TT Gaming,Oh My God,False,BO3,0.4758017741717995,0.5241982258282005,0.5241982258282005,True
11316-11316,LPL,2024,2024-07-26,Anyone's Legend,Top Esports,Anyone's Legend,Top Esports,1-1,1,1,2,Anyone's Legend|Top Esports,1.0,https://www.oddsportal.com/esports/league-of-legends/league-of-legends-lpl-2024/results/,26 Jul 2024 - Summer - Stage 2,2024-07-26,Top Esports,Anyone's Legend,Top Esports,Anyone's Legend,2-0,2.0,0.0,1.4,3.1,0.688889,0.311111,Top Esports,Anyone's Legend,False,BO3,0.6287731805192474,0.37122681948075265,0.37122681948075265,True
11317-11317,LPL,2024,2024-07-26,Bilibili Gaming,Ninjas in Pyjamas,Ninjas in Pyjamas,Bilibili Gaming,2-1,2,1,3,Bilibili Gaming|Ninjas in Pyjamas,1.0,https://www.oddsportal.com/esports/league-of-legends/league-of-legends-lpl-2024/results/,26 Jul 2024 - Summer - Stage 2,2024-07-26,Ninjas in Pyjamas,Bilibili Gaming,Ninjas in Pyjamas,Bilibili Gaming,1-2,1.0,2.0,7.95,1.12,0.123484,0.876516,Ninjas in Pyjamas,Bilibili Gaming,False,BO3,0.21959180257754127,0.7804081974224587,0.7804081974224587,True
11318-11318,LPL,2024,2024-07-27,LGD Gaming,LNG Esports,LGD Gaming,LNG Esports,2-1,2,1,3,LGD Gaming|LNG Esports,1.0,https://www.oddsportal.com/esports/league-of-legends/league-of-legends-lpl-2024/results/,27 Jul 2024 - Summer - Stage 2,2024-07-27,LNG Esports,LGD Gaming,LNG Esports,LGD Gaming,2-1,2.0,1.0,1.12,7.1,0.863747,0.136253,LNG Esports,LGD Gaming,False,BO3,0.7682289387122695,0.2317710612877305,0.2317710612877305,True
11319-11319,LPL,2024,2024-07-27,EDward Gaming,Ultra Prime,EDward Gaming,Ultra Prime,1-1,1,1,2,EDward Gaming|Ultra Prime,1.0,https://www.oddsportal.com/esports/league-of-legends/league-of-legends-lpl-2024/results/,27 Jul 2024 - Summer - Stage 2,2024-07-27,Ultra Prime,EDward Gaming,Ultra Prime,EDward Gaming,0-2,0.0,2.0,1.92,1.92,0.5,0.5,Ultra Prime,EDward Gaming,False,BO3,0.5,0.5,0.5,True
11320-11320,LPL,2024,2024-07-27,FunPlus Phoenix,Top Esports,FunPlus Phoenix,Top Esports,1-1,1,1,2,FunPlus Phoenix|Top Esports,1.0,https://www.oddsportal.com/esports/league-of-legends/league-of-legends-lpl-2024/results/,27 Jul 2024 - Summer - Stage 2,2024-07-27,Top Esports,FunPlus Phoenix,Top Esports,FunPlus Phoenix,2-0,2.0,0.0,1.22,4.51,0.787086,0.212914,Top Esports,FunPlus Phoenix,False,BO3,0.7024549697168018,0.29754503028319823,0.29754503028319823,True
11321-11321,LPL,2024,2024-07-28,Invictus Gaming,Team WE,Invictus Gaming,Team WE,2-0,2,0,2,Invictus Gaming|Team WE,,,,,,,,,,,,,,,,,,,,,,,
11322-11322,LPL,2024,2024-07-28,Anyone's Legend,LNG Esports,Anyone's Legend,LNG Esports,2-1,2,1,3,Anyone's Legend|LNG Esports,1.0,https://www.oddsportal.com/esports/league-of-legends/league-of-legends-lpl-2024/results/,28 Jul 2024 - Summer - Stage 2,2024-07-28,LNG Esports,Anyone's Legend,LNG Esports,Anyone's Legend,2-1,2.0,1.0,1.5,2.71,0.643705,0.356295,LNG Esports,Anyone's Legend,False,BO3,0.5970210220230041,0.4029789779769959,0.4029789779769959,True
11323-11323,LPL,2024,2024-07-28,FunPlus Phoenix,Weibo Gaming,FunPlus Phoenix,Weibo Gaming,1-1,1,1,2,FunPlus Phoenix|Weibo Gaming,1.0,https://www.oddsportal.com/esports/league-of-legends/league-of-legends-lpl-2024/results/,28 Jul 2024 - Summer - Stage 2,2024-07-28,Weibo Gaming,FunPlus Phoenix,Weibo Gaming,FunPlus Phoenix,2-0,2.0,0.0,1.5,2.71,0.643705,0.356295,Weibo Gaming,FunPlus Phoenix,False,BO3,0.5970210220230041,0.4029789779769959,0.4029789779769959,True
11324-11324,LPL,2024,2024-07-29,Royal Never Give Up,ThunderTalk Gaming,ThunderTalk Gaming,Royal Never Give Up,2-0,2,0,2,Royal Never Give Up|TT Gaming,1.0,https://www.oddsportal.com/esports/league-of-legends/league-of-legends-lpl-2024/results/,29 Jul 2024 - Summer - Stage 2,2024-07-29,TT Gaming,Royal Never Give Up,TT Gaming,Royal Never Give Up,2-0,2.0,0.0,1.31,3.57,0.731557,0.268443,TT Gaming,Royal Never Give Up,False,BO3,0.6598136017094454,0.34018639829055464,0.34018639829055464,True
11325-11325,LPL,2024,2024-07-29,Oh My God,Rare Atom,Oh My God,Rare Atom,1-1,1,1,2,Oh My God|Rare Atom,1.0,https://www.oddsportal.com/esports/league-of-legends/league-of-legends-lpl-2024/results/,29 Jul 2024 - Summer - Stage 2,2024-07-29,Rare Atom,Oh My God,Rare Atom,Oh My God,0-2,0.0,2.0,1.72,2.05,0.543767,0.456233,Rare Atom,Oh My God,False,BO3,0.5292112344478338,0.4707887655521662,0.4707887655521662,True
11326-11326,LPL,2024,2024-07-30,Ninjas in Pyjamas,LGD Gaming,Ninjas in Pyjamas,LGD Gaming,2-1,2,1,3,LGD Gaming|Ninjas in Pyjamas,,,,,,,,,,,,,,,,,,,,,,,
11327-11327,LPL,2024,2024-07-30,Bilibili Gaming,Anyone's Legend,Bilibili Gaming,Anyone's Legend,2-1,2,1,3,Anyone's Legend|Bilibili Gaming,1.0,https://www.oddsportal.com/esports/league-of-legends/league-of-legends-lpl-2024/results/,30 Jul 2024 - Summer - Stage 2,2024-07-30,Bilibili Gaming,Anyone's Legend,Bilibili Gaming,Anyone's Legend,2-1,2.0,1.0,1.24,4.2,0.772059,0.227941,Bilibili Gaming,Anyone's Legend,True,BO3,0.6906057493746031,0.30939425062539694,0.6906057493746031,True
11328-11328,LPL,2024,2024-07-31,FunPlus Phoenix,Bilibili Gaming,FunPlus Phoenix,Bilibili Gaming,1-1,1,1,2,Bilibili Gaming|FunPlus Phoenix,1.0,https://www.oddsportal.com/esports/league-of-legends/league-of-legends-lpl-2024/results/,31 Jul 2024 - Summer - Stage 2,2024-07-31,FunPlus Phoenix,Bilibili Gaming,FunPlus Phoenix,Bilibili Gaming,0-2,0.0,2.0,6.15,1.14,0.156379,0.843621,FunPlus Phoenix,Bilibili Gaming,True,BO3,0.2501146491434448,0.7498853508565553,0.2501146491434448,True
11329-11329,LPL,2024,2024-07-31,JD Gaming,Top Esports,JD Gaming,Top Esports,1-1,1,1,2,JD Gaming|Top Esports,1.0,https://www.oddsportal.com/esports/league-of-legends/league-of-legends-lpl-2024/results/,31 Jul 2024 - Summer - Stage 2,2024-07-31,Top Esports,JD Gaming,Top Esports,JD Gaming,2-0,2.0,0.0,1.48,2.86,0.658986,0.341014,Top Esports,JD Gaming,False,BO3,0.6076542006546222,0.39234579934537783,0.39234579934537783,True
11348-11348,LPL,2024,2024-08-03,LGD Gaming,Invictus Gaming,Invictus Gaming,LGD Gaming,4-1,4,1,5,Invictus Gaming|LGD Gaming,,,,,,,,,,,,,,,,,,,,,,,
11349-11349,LPL,2024,2024-08-04,Ninjas in Pyjamas,Rare Atom,Rare Atom,Ninjas in Pyjamas,2-1,2,1,3,Ninjas in Pyjamas|Rare Atom,1.0,https://www.oddsportal.com/esports/league-of-legends/league-of-legends-lpl-2024/results/,04 Aug 2024 - Summer - Stage 3,2024-08-04,Ninjas in Pyjamas,Rare Atom,Ninjas in Pyjamas,Rare Atom,3-0,3.0,0.0,1.57,2.4,0.604534,0.395466,Ninjas in Pyjamas,Rare Atom,True,BO5,0.5562236105630297,0.4437763894369703,0.5562236105630297,True
11350-11350,LPL,2024,2024-08-05,Oh My God,ThunderTalk Gaming,ThunderTalk Gaming,Oh My God,2-1,2,1,3,Oh My God|TT Gaming,1.0,https://www.oddsportal.com/esports/league-of-legends/league-of-legends-lpl-2024/results/,05 Aug 2024 - Summer - Stage 3,2024-08-05,Oh My God,TT Gaming,Oh My God,TT Gaming,0-3,0.0,3.0,2.18,1.78,0.449495,0.550505,Oh My God,TT Gaming,True,BO5,0.4730116255889802,0.5269883744110198,0.4730116255889802,True
11351-11351,LPL,2024,2024-08-10,LGD Gaming,Ninjas in Pyjamas,LGD Gaming,Ninjas in Pyjamas,2-2,2,2,4,LGD Gaming|Ninjas in Pyjamas,,,,,,,,,,,,,,,,,,,,,,,
11352-11352,LPL,2024,2024-08-11,FunPlus Phoenix,ThunderTalk Gaming,ThunderTalk Gaming,FunPlus Phoenix,4-1,4,1,5,FunPlus Phoenix|TT Gaming,1.0,https://www.oddsportal.com/esports/league-of-legends/league-of-legends-lpl-2024/results/,11 Aug 2024 - Summer - Play offs,2024-08-11,FunPlus Phoenix,TT Gaming,FunPlus Phoenix,TT Gaming,3-2,3.0,2.0,1.73,2.16,0.55527,0.44473,FunPlus Phoenix,TT Gaming,True,BO5,0.5295460419928208,0.47045395800717915,0.5295460419928208,True
11353-11353,LPL,2024,2024-08-12,JD Gaming,Ninjas in Pyjamas,JD Gaming,Ninjas in Pyjamas,4-1,4,1,5,JD Gaming|Ninjas in Pyjamas,1.0,https://www.oddsportal.com/esports/league-of-legends/league-of-legends-lpl-2024/results/,12 Aug 2024 - Summer - Play offs,2024-08-12,JD Gaming,Ninjas in Pyjamas,JD Gaming,Ninjas in Pyjamas,2-3,2.0,3.0,1.22,4.57,0.789292,0.210708,JD Gaming,Ninjas in Pyjamas,True,BO5,0.6661059046173624,0.3338940953826376,0.6661059046173624,True
11354-11354,LPL,2024,2024-08-13,Anyone's Legend,FunPlus Phoenix,Anyone's Legend,FunPlus Phoenix,3-1,3,1,4,Anyone's Legend|FunPlus Phoenix,1.0,https://www.oddsportal.com/esports/league-of-legends/league-of-legends-lpl-2024/results/,13 Aug 2024 - Summer - Play offs,2024-08-13,Anyone's Legend,FunPlus Phoenix,Anyone's Legend,FunPlus Phoenix,3-1,3.0,1.0,1.36,3.23,0.703704,0.296296,Anyone's Legend,FunPlus Phoenix,True,BO5,0.6123683676809397,0.3876316323190603,0.6123683676809397,True
11355-11355,LPL,2024,2024-08-15,Weibo Gaming,Ninjas in Pyjamas,Weibo Gaming,Ninjas in Pyjamas,3-1,3,1,4,Ninjas in Pyjamas|Weibo Gaming,1.0,https://www.oddsportal.com/esports/league-of-legends/league-of-legends-lpl-2024/results/,15 Aug 2024 - Summer - Play offs,2024-08-15,Weibo Gaming,Ninjas in Pyjamas,Weibo Gaming,Ninjas in Pyjamas,3-1,3.0,1.0,1.57,2.4,0.604534,0.395466,Weibo Gaming,Ninjas in Pyjamas,True,BO5,0.5562236105630297,0.4437763894369703,0.5562236105630297,True
11356-11356,LPL,2024,2024-08-16,Top Esports,Anyone's Legend,Top Esports,Anyone's Legend,3-1,3,1,4,Anyone's Legend|Top Esports,1.0,https://www.oddsportal.com/esports/league-of-legends/league-of-legends-lpl-2024/results/,16 Aug 2024 - Summer - Play offs,2024-08-16,Top Esports,Anyone's Legend,Top Esports,Anyone's Legend,3-1,3.0,1.0,1.15,5.53,0.827844,0.172156,Top Esports,Anyone's Legend,True,BO5,0.6932266019439876,0.30677339805601245,0.6932266019439876,True
11357-11357,LPL,2024,2024-08-17,Bilibili Gaming,Weibo Gaming,Weibo Gaming,Bilibili Gaming,2-1,2,1,3,Bilibili Gaming|Weibo Gaming,1.0,https://www.oddsportal.com/esports/league-of-legends/league-of-legends-lpl-2024/results/,17 Aug 2024 - Summer - Play offs,2024-08-17,Bilibili Gaming,Weibo Gaming,Bilibili Gaming,Weibo Gaming,3-0,3.0,0.0,1.25,4.0,0.761905,0.238095,Bilibili Gaming,Weibo Gaming,True,BO5,0.648120410084692,0.351879589915308,0.648120410084692,True
11358-11358,LPL,2024,2024-08-18,LNG Esports,Top Esports,Top Esports,LNG Esports,3-0,3,0,3,LNG Esports|Top Esports,1.0,https://www.oddsportal.com/esports/league-of-legends/league-of-legends-lpl-2024/results/,18 Aug 2024 - Summer - Play offs,2024-08-18,LNG Esports,Top Esports,LNG Esports,Top Esports,0-3,0.0,3.0,2.65,1.55,0.369048,0.630952,LNG Esports,Top Esports,True,BO5,0.4292189933955464,0.5707810066044536,0.4292189933955464,True
11359-11359,LPL,2024,2024-08-21,Top Esports,Bilibili Gaming,Top Esports,Bilibili Gaming,2-2,2,2,4,Bilibili Gaming|Top Esports,1.0,https://www.oddsportal.com/esports/league-of-legends/league-of-legends-lpl-2024/results/,21 Aug 2024 - Summer - Play offs,2024-08-21,Bilibili Gaming,Top Esports,Bilibili Gaming,Top Esports,3-1,3.0,1.0,1.5,2.71,0.643705,0.356295,Bilibili Gaming,Top Esports,False,BO5,0.5778938005270601,0.4221061994729399,0.4221061994729399,True
11360-11360,LPL,2024,2024-08-22,LNG Esports,Weibo Gaming,LNG Esports,Weibo Gaming,4-1,4,1,5,LNG Esports|Weibo Gaming,1.0,https://www.oddsportal.com/esports/league-of-legends/league-of-legends-lpl-2024/results/,22 Aug 2024 - Summer - Play offs,2024-08-22,Weibo Gaming,LNG Esports,Weibo Gaming,LNG Esports,3-2,3.0,2.0,2.71,1.5,0.356295,0.643705,Weibo Gaming,LNG Esports,False,BO5,0.42210619947294,0.57789380052706,0.57789380052706,True
11361-11361,LPL,2024,2024-08-24,Top Esports,Weibo Gaming,Top Esports,Weibo Gaming,4-1,4,1,5,Top Esports|Weibo Gaming,1.0,https://www.oddsportal.com/esports/league-of-legends/league-of-legends-lpl-2024/results/,24 Aug 2024 - Summer - Play offs,2024-08-24,Top Esports,Weibo Gaming,Top Esports,Weibo Gaming,2-3,2.0,3.0,1.2,4.33,0.783002,0.216998,Top Esports,Weibo Gaming,True,BO5,0.6618936100308928,0.33810638996910725,0.6618936100308928,True
11362-11362,LPL,2024,2024-08-30,Bilibili Gaming,Weibo Gaming,Weibo Gaming,Bilibili Gaming,2-1,2,1,3,Bilibili Gaming|Weibo Gaming,1.0,https://www.oddsportal.com/esports/league-of-legends/league-of-legends-lpl-2024/results/,30 Aug 2024 - Summer - Play offs,2024-08-30,Bilibili Gaming,Weibo Gaming,Bilibili Gaming,Weibo Gaming,3-0,3.0,0.0,1.13,5.53,0.83033,0.16967,Bilibili Gaming,Weibo Gaming,True,BO5,0.6950650457208766,0.3049349542791234,0.6950650457208766,True
11715-11715,LPL,2025,2025-01-12,Weibo Gaming,Oh My God,Oh My God,Weibo Gaming,2-1,2,1,3,Oh My God|Weibo Gaming,7.0,https://www.oddsportal.com/esports/league-of-legends/league-of-legends-lpl-2025/results/#/page/7/,12 Jan 2025 - Spring Season,2025-01-12,Weibo Gaming,Oh My God,Weibo Gaming,Oh My God,3-0,3.0,0.0,1.11,7.0,0.863132,0.136868,Weibo Gaming,Oh My God,True,BO5,0.7206404722483798,0.2793595277516202,0.7206404722483798,True
11716-11716,LPL,2025,2025-01-13,LNG Esports,ThunderTalk Gaming,LNG Esports,ThunderTalk Gaming,2-2,2,2,4,LNG Esports|TT Gaming,7.0,https://www.oddsportal.com/esports/league-of-legends/league-of-legends-lpl-2025/results/#/page/7/,13 Jan 2025 - Spring Season,2025-01-13,TT Gaming,LNG Esports,TT Gaming,LNG Esports,3-1,3.0,1.0,2.25,1.87,0.453883,0.546117,TT Gaming,LNG Esports,False,BO5,0.47536442472941776,0.5246355752705822,0.5246355752705822,True
11717-11717,LPL,2025,2025-01-14,Royal Never Give Up,FunPlus Phoenix,FunPlus Phoenix,Royal Never Give Up,3-1,3,1,4,FunPlus Phoenix|Royal Never Give Up,7.0,https://www.oddsportal.com/esports/league-of-legends/league-of-legends-lpl-2025/results/#/page/7/,14 Jan 2025 - Spring Season,2025-01-14,Royal Never Give Up,FunPlus Phoenix,Royal Never Give Up,FunPlus Phoenix,3-1,3.0,1.0,2.05,1.73,0.457672,0.542328,Royal Never Give Up,FunPlus Phoenix,True,BO5,0.4773942803781459,0.5226057196218541,0.4773942803781459,True
11718-11718,LPL,2025,2025-01-15,Ultra Prime,Weibo Gaming,Ultra Prime,Weibo Gaming,2-2,2,2,4,Ultra Prime|Weibo Gaming,7.0,https://www.oddsportal.com/esports/league-of-legends/league-of-legends-lpl-2025/results/#/page/7/,15 Jan 2025 - Spring Season,2025-01-15,Weibo Gaming,Ultra Prime,Weibo Gaming,Ultra Prime,3-1,3.0,1.0,1.02,12.0,0.921659,0.078341,Weibo Gaming,Ultra Prime,False,BO5,0.775639079913746,0.22436092008625397,0.22436092008625397,True
11719-11719,LPL,2025,2025-01-16,LGD Gaming,Anyone's Legend,Anyone's Legend,LGD Gaming,3-0,3,0,3,Anyone's Legend|LGD Gaming,7.0,https://www.oddsportal.com/esports/league-of-legends/league-of-legends-lpl-2025/results/#/page/7/,16 Jan 2025 - Spring Season,2025-01-16,LGD Gaming,Anyone's Legend,LGD Gaming,Anyone's Legend,0-3,0.0,3.0,12.0,1.02,0.078341,0.921659,LGD Gaming,Anyone's Legend,True,BO5,0.22436092008625397,0.775639079913746,0.22436092008625397,True
11720-11720,LPL,2025,2025-01-17,EDward Gaming,Bilibili Gaming,Bilibili Gaming,EDward Gaming,3-0,3,0,3,Bilibili Gaming|EDward Gaming,7.0,https://www.oddsportal.com/esports/league-of-legends/league-of-legends-lpl-2025/results/#/page/7/,17 Jan 2025 - Spring Season,2025-01-17,EDward Gaming,Bilibili Gaming,EDward Gaming,Bilibili Gaming,0-3,0.0,3.0,10.5,1.03,0.089332,0.910668,EDward Gaming,Bilibili Gaming,True,BO5,0.23602830867969415,0.7639716913203058,0.23602830867969415,True
11721-11721,LPL,2025,2025-01-18,Top Esports,Team WE,Team WE,Top Esports,2-1,2,1,3,Team WE|Top Esports,7.0,https://www.oddsportal.com/esports/league-of-legends/league-of-legends-lpl-2025/results/#/page/7/,18 Jan 2025 - Spring Season,2025-01-18,Top Esports,Team WE,Top Esports,Team WE,3-0,3.0,0.0,1.02,11.0,0.915141,0.084859,Top Esports,Team WE,True,BO5,0.7686206370492258,0.23137936295077421,0.7686206370492258,True
11722-11722,LPL,2025,2025-01-19,Invictus Gaming,Ninjas in Pyjamas,Invictus Gaming,Ninjas in Pyjamas,2-2,2,2,4,Invictus Gaming|Ninjas in Pyjamas,,,,,,,,,,,,,,,,,,,,,,,
11723-11723,LPL,2025,2025-01-20,JD Gaming,Ultra Prime,Ultra Prime,JD Gaming,2-1,2,1,3,JD Gaming|Ultra Prime,7.0,https://www.oddsportal.com/esports/league-of-legends/league-of-legends-lpl-2025/results/#/page/7/,20 Jan 2025 - Spring Season,2025-01-20,Ultra Prime,JD Gaming,Ultra Prime,JD Gaming,0-3,0.0,3.0,12.0,1.02,0.078341,0.921659,Ultra Prime,JD Gaming,False,BO5,0.22436092008625397,0.775639079913746,0.775639079913746,True
11724-11724,LPL,2025,2025-01-21,EDward Gaming,ThunderTalk Gaming,EDward Gaming,ThunderTalk Gaming,2-2,2,2,4,EDward Gaming|TT Gaming,7.0,https://www.oddsportal.com/esports/league-of-legends/league-of-legends-lpl-2025/results/#/page/7/,21 Jan 2025 - Spring Season,2025-01-21,TT Gaming,EDward Gaming,TT Gaming,EDward Gaming,3-1,3.0,1.0,1.5,2.75,0.647059,0.352941,TT Gaming,EDward Gaming,False,BO5,0.5797749718221739,0.42022502817782614,0.42022502817782614,True
11725-11725,LPL,2025,2025-01-22,LGD Gaming,Team WE,Team WE,LGD Gaming,2-1,2,1,3,LGD Gaming|Team WE,,,,,,,,,,,,,,,,,,,,,,,
11726-11726,LPL,2025,2025-01-24,Top Esports,Anyone's Legend,Top Esports,Anyone's Legend,2-2,2,2,4,Anyone's Legend|Top Esports,7.0,https://www.oddsportal.com/esports/league-of-legends/league-of-legends-lpl-2025/results/#/page/7/,24 Jan 2025 - Spring Season,2025-01-24,Top Esports,Anyone's Legend,Top Esports,Anyone's Legend,1-3,1.0,3.0,1.57,2.36,0.600509,0.399491,Top Esports,Anyone's Legend,True,BO5,0.5540237865705194,0.4459762134294806,0.5540237865705194,True
11727-11727,LPL,2025,2025-01-25,Bilibili Gaming,LNG Esports,LNG Esports,Bilibili Gaming,2-1,2,1,3,Bilibili Gaming|LNG Esports,7.0,https://www.oddsportal.com/esports/league-of-legends/league-of-legends-lpl-2025/results/#/page/7/,24 Jan 2025 - Spring Season,2025-01-24,LNG Esports,Bilibili Gaming,LNG Esports,Bilibili Gaming,0-3,0.0,3.0,8.5,1.05,0.109948,0.890052,LNG Esports,Bilibili Gaming,False,BO5,0.2560030135621704,0.7439969864378295,0.7439969864378295,True
11728-11728,LPL,2025,2025-01-25,Invictus Gaming,Royal Never Give Up,Invictus Gaming,Royal Never Give Up,2-2,2,2,4,Invictus Gaming|Royal Never Give Up,7.0,https://www.oddsportal.com/esports/league-of-legends/league-of-legends-lpl-2025/results/#/page/7/,25 Jan 2025 - Spring Season,2025-01-25,Royal Never Give Up,Invictus Gaming,Royal Never Give Up,Invictus Gaming,1-3,1.0,3.0,5.5,1.17,0.175412,0.824588,Royal Never Give Up,Invictus Gaming,False,BO5,0.30916286301457113,0.6908371369854289,0.6908371369854289,True
11729-11729,LPL,2025,2025-02-08,Ninjas in Pyjamas,FunPlus Phoenix,FunPlus Phoenix,Ninjas in Pyjamas,2-1,2,1,3,FunPlus Phoenix|Ninjas in Pyjamas,7.0,https://www.oddsportal.com/esports/league-of-legends/league-of-legends-lpl-2025/results/#/page/7/,08 Feb 2025 - Spring Season,2025-02-08,Ninjas in Pyjamas,FunPlus Phoenix,Ninjas in Pyjamas,FunPlus Phoenix,3-0,3.0,0.0,1.13,6.3,0.847914,0.152086,Ninjas in Pyjamas,FunPlus Phoenix,True,BO5,0.708446970151129,0.291553029848871,0.708446970151129,True
11730-11730,LPL,2025,2025-02-09,JD Gaming,Weibo Gaming,JD Gaming,Weibo Gaming,3-2,3,2,5,JD Gaming|Weibo Gaming,6.0,https://www.oddsportal.com/esports/league-of-legends/league-of-legends-lpl-2025/results/#/page/6/,09 Feb 2025 - Spring Season,2025-02-09,Weibo Gaming,JD Gaming,Weibo Gaming,JD Gaming,2-3,2.0,3.0,2.03,1.79,0.468586,0.531414,Weibo Gaming,JD Gaming,False,BO5,0.4832333015983057,0.5167666984016943,0.5167666984016943,True
11731-11731,LPL,2025,2025-02-10,Team WE,Anyone's Legend,Team WE,Anyone's Legend,2-2,2,2,4,Anyone's Legend|Team WE,6.0,https://www.oddsportal.com/esports/league-of-legends/league-of-legends-lpl-2025/results/#/page/6/,10 Feb 2025 - Spring Season,2025-02-10,Team WE,Anyone's Legend,Team WE,Anyone's Legend,1-3,1.0,3.0,15.0,1.02,0.06367,0.93633,Team WE,Anyone's Legend,True,BO5,0.20728764863920582,0.7927123513607942,0.20728764863920582,True
11732-11732,LPL,2025,2025-02-11,EDward Gaming,LNG Esports,LNG Esports,EDward Gaming,2-1,2,1,3,EDward Gaming|LNG Esports,6.0,https://www.oddsportal.com/esports/league-of-legends/league-of-legends-lpl-2025/results/#/page/6/,11 Feb 2025 - Spring Season,2025-02-11,LNG Esports,EDward Gaming,LNG Esports,EDward Gaming,0-3,0.0,3.0,1.41,2.75,0.661058,0.338942,LNG Esports,EDward Gaming,False,BO5,0.5876784282483297,0.4123215717516703,0.4123215717516703,True
11733-11733,LPL,2025,2025-02-12,Ultra Prime,Oh My God,Oh My God,Ultra Prime,3-2,3,2,5,Oh My God|Ultra Prime,6.0,https://www.oddsportal.com/esports/league-of-legends/league-of-legends-lpl-2025/results/#/page/6/,12 Feb 2025 - Spring Season,2025-02-12,Ultra Prime,Oh My God,Ultra Prime,Oh My God,2-3,2.0,3.0,2.83,1.5,0.34642,0.65358,Ultra Prime,Oh My God,True,BO5,0.4165541442394539,0.5834458557605461,0.4165541442394539,True
11734-11734,LPL,2025,2025-02-13,Royal Never Give Up,Ninjas in Pyjamas,Ninjas in Pyjamas,Royal Never Give Up,2-1,2,1,3,Ninjas in Pyjamas|Royal Never Give Up,6.0,https://www.oddsportal.com/esports/league-of-legends/league-of-legends-lpl-2025/results/#/page/6/,13 Feb 2025 - Spring Season,2025-02-13,Royal Never Give Up,Ninjas in Pyjamas,Royal Never Give Up,Ninjas in Pyjamas,0-3,0.0,3.0,5.5,1.14,0.171687,0.828313,Royal Never Give Up,Ninjas in Pyjamas,True,BO5,0.3064275073256736,0.6935724926743264,0.3064275073256736,True
11735-11735,LPL,2025,2025-02-14,Bilibili Gaming,ThunderTalk Gaming,Bilibili Gaming,ThunderTalk Gaming,3-2,3,2,5,Bilibili Gaming|TT Gaming,6.0,https://www.oddsportal.com/esports/league-of-legends/league-of-legends-lpl-2025/results/#/page/6/,14 Feb 2025 - Spring Season,2025-02-14,TT Gaming,Bilibili Gaming,TT Gaming,Bilibili Gaming,3-2,3.0,2.0,8.5,1.06,0.110879,0.889121,TT Gaming,Bilibili Gaming,False,BO5,0.2568566001366939,0.7431433998633061,0.7431433998633061,True
11736-11736,LPL,2025,2025-02-15,FunPlus Phoenix,Invictus Gaming,Invictus Gaming,FunPlus Phoenix,3-0,3,0,3,FunPlus Phoenix|Invictus Gaming,6.0,https://www.oddsportal.com/esports/league-of-legends/league-of-legends-lpl-2025/results/#/page/6/,15 Feb 2025 - Spring Season,2025-02-15,Invictus Gaming,FunPlus Phoenix,Invictus Gaming,FunPlus Phoenix,3-0,3.0,0.0,1.13,7.0,0.861009,0.138991,Invictus Gaming,FunPlus Phoenix,False,BO5,0.7189010141331699,0.28109898586683013,0.28109898586683013,True
11737-11737,LPL,2025,2025-02-16,Top Esports,LGD Gaming,LGD Gaming,Top Esports,2-1,2,1,3,LGD Gaming|Top Esports,6.0,https://www.oddsportal.com/esports/league-of-legends/league-of-legends-lpl-2025/results/#/page/6/,16 Feb 2025 - Spring Season,2025-02-16,Top Esports,LGD Gaming,Top Esports,LGD Gaming,3-0,3.0,0.0,1.06,8.5,0.889121,0.110879,Top Esports,LGD Gaming,True,BO5,0.743143399863306,0.256856600136694,0.743143399863306,True
11738-11738,LPL,2025,2025-01-23,Oh My God,JD Gaming,Oh My God,JD Gaming,4-1,4,1,5,JD Gaming|Oh My God,7.0,https://www.oddsportal.com/esports/league-of-legends/league-of-legends-lpl-2025/results/#/page/7/,23 Jan 2025 - Spring Season,2025-01-23,Oh My God,JD Gaming,Oh My God,JD Gaming,2-3,2.0,3.0,10.5,1.03,0.089332,0.910668,Oh My God,JD Gaming,True,BO5,0.23602830867969415,0.7639716913203058,0.23602830867969415,True
11763-11763,LPL,2025,2025-02-22,JD Gaming,ThunderTalk Gaming,JD Gaming,ThunderTalk Gaming,3-1,3,1,4,JD Gaming|TT Gaming,6.0,https://www.oddsportal.com/esports/league-of-legends/league-of-legends-lpl-2025/results/#/page/6/,22 Feb 2025 - Spring - Play Offs,2025-02-22,TT Gaming,JD Gaming,TT Gaming,JD Gaming,1-3,1.0,3.0,2.6,1.48,0.362745,0.637255,TT Gaming,JD Gaming,False,BO5,0.4257112787152373,0.5742887212847627,0.5742887212847627,True
11764-11764,LPL,2025,2025-02-22,Ninjas in Pyjamas,Anyone's Legend,Ninjas in Pyjamas,Anyone's Legend,5-0,5,0,5,Anyone's Legend|Ninjas in Pyjamas,6.0,https://www.oddsportal.com/esports/league-of-legends/league-of-legends-lpl-2025/results/#/page/6/,22 Feb 2025 - Spring - Play Offs,2025-02-22,Ninjas in Pyjamas,Anyone's Legend,Ninjas in Pyjamas,Anyone's Legend,2-3,2.0,3.0,2.36,1.65,0.411471,0.588529,Ninjas in Pyjamas,Anyone's Legend,True,BO5,0.4524995065814965,0.5475004934185035,0.4524995065814965,True
11765-11765,LPL,2025,2025-02-23,Weibo Gaming,Bilibili Gaming,Weibo Gaming,Bilibili Gaming,2-2,2,2,4,Bilibili Gaming|Weibo Gaming,6.0,https://www.oddsportal.com/esports/league-of-legends/league-of-legends-lpl-2025/results/#/page/6/,23 Feb 2025 - Spring - Play Offs,2025-02-23,Bilibili Gaming,Weibo Gaming,Bilibili Gaming,Weibo Gaming,3-1,3.0,1.0,1.28,3.72,0.744,0.256,Bilibili Gaming,Weibo Gaming,False,BO5,0.6368081489815388,0.3631918510184612,0.3631918510184612,True
11766-11766,LPL,2025,2025-02-23,Invictus Gaming,Top Esports,Invictus Gaming,Top Esports,2-2,2,2,4,Invictus Gaming|Top Esports,6.0,https://www.oddsportal.com/esports/league-of-legends/league-of-legends-lpl-2025/results/#/page/6/,23 Feb 2025 - Spring - Play Offs,2025-02-23,Top Esports,Invictus Gaming,Top Esports,Invictus Gaming,3-1,3.0,1.0,1.55,2.36,0.603581,0.396419,Top Esports,Invictus Gaming,False,BO5,0.5557023659017594,0.44429763409824063,0.44429763409824063,True
11767-11767,LPL,2025,2025-02-24,Bilibili Gaming,ThunderTalk Gaming,ThunderTalk Gaming,Bilibili Gaming,3-1,3,1,4,Bilibili Gaming|TT Gaming,6.0,https://www.oddsportal.com/esports/league-of-legends/league-of-legends-lpl-2025/results/#/page/6/,24 Feb 2025 - Spring - Play Offs,2025-02-24,TT Gaming,Bilibili Gaming,TT Gaming,Bilibili Gaming,1-3,1.0,3.0,5.99,1.15,0.161064,0.838936,TT Gaming,Bilibili Gaming,False,BO5,0.29847173473440586,0.7015282652655941,0.7015282652655941,True
11768-11768,LPL,2025,2025-02-24,Ninjas in Pyjamas,Top Esports,Ninjas in Pyjamas,Top Esports,2-2,2,2,4,Ninjas in Pyjamas|Top Esports,6.0,https://www.oddsportal.com/esports/league-of-legends/league-of-legends-lpl-2025/results/#/page/6/,24 Feb 2025 - Spring - Play Offs,2025-02-24,Ninjas in Pyjamas,Top Esports,Ninjas in Pyjamas,Top Esports,1-3,1.0,3.0,2.8,1.45,0.341176,0.658824,Ninjas in Pyjamas,Top Esports,True,BO5,0.4135886809398632,0.5864113190601368,0.4135886809398632,True
11769-11769,LPL,2025,2025-02-25,JD Gaming,Anyone's Legend,JD Gaming,Anyone's Legend,4-1,4,1,5,Anyone's Legend|JD Gaming,6.0,https://www.oddsportal.com/esports/league-of-legends/league-of-legends-lpl-2025/results/#/page/6/,25 Feb 2025 - Spring - Play Offs,2025-02-25,JD Gaming,Anyone's Legend,JD Gaming,Anyone's Legend,2-3,2.0,3.0,1.76,2.15,0.549872,0.450128,JD Gaming,Anyone's Legend,True,BO5,0.5266488234539844,0.47335117654601555,0.5266488234539844,True
11770-11770,LPL,2025,2025-02-26,Bilibili Gaming,Top Esports,Bilibili Gaming,Top Esports,2-2,2,2,4,Bilibili Gaming|Top Esports,6.0,https://www.oddsportal.com/esports/league-of-legends/league-of-legends-lpl-2025/results/#/page/6/,26 Feb 2025 - Spring - Play Offs,2025-02-26,Bilibili Gaming,Top Esports,Bilibili Gaming,Top Esports,1-3,1.0,3.0,1.4,3.23,0.697624,0.302376,Bilibili Gaming,Top Esports,True,BO5,0.6087836006573999,0.3912163993426001,0.6087836006573999,True
11771-11771,LPL,2025,2025-02-27,JD Gaming,Top Esports,JD Gaming,Top Esports,2-2,2,2,4,JD Gaming|Top Esports,6.0,https://www.oddsportal.com/esports/league-of-legends/league-of-legends-lpl-2025/results/#/page/6/,27 Feb 2025 - Spring - Play Offs,2025-02-27,JD Gaming,Top Esports,JD Gaming,Top Esports,1-3,1.0,3.0,2.25,1.64,0.421594,0.578406,JD Gaming,Top Esports,True,BO5,0.4579861216540877,0.5420138783459123,0.4579861216540877,True
11772-11772,LPL,2025,2025-03-01,Top Esports,Anyone's Legend,Top Esports,Anyone's Legend,3-1,3,1,4,Anyone's Legend|Top Esports,6.0,https://www.oddsportal.com/esports/league-of-legends/league-of-legends-lpl-2025/results/#/page/6/,01 Mar 2025 - Spring - Play Offs,2025-03-01,Anyone's Legend,Top Esports,Anyone's Legend,Top Esports,1-3,1.0,3.0,2.2,1.73,0.440204,0.559796,Anyone's Legend,Top Esports,False,BO5,0.4680217033505104,0.5319782966494896,0.5319782966494896,True
11869-11869,LPL,2025,2025-03-22,Weibo Gaming,EDward Gaming,Weibo Gaming,EDward Gaming,1-0,1,0,1,EDward Gaming|Weibo Gaming,6.0,https://www.oddsportal.com/esports/league-of-legends/league-of-legends-lpl-2025/results/#/page/6/,22 Mar 2025 - Summer - Stage 1,2025-03-22,Weibo Gaming,EDward Gaming,Weibo Gaming,EDward Gaming,1-0,1.0,0.0,1.41,3.2,0.694143,0.305857,Weibo Gaming,EDward Gaming,True,BO1,0.694143,0.30585700000000005,0.694143,True
11870-11870,LPL,2025,2025-03-22,Team WE,Bilibili Gaming,Bilibili Gaming,Team WE,1-0,1,0,1,Bilibili Gaming|Team WE,6.0,https://www.oddsportal.com/esports/league-of-legends/league-of-legends-lpl-2025/results/#/page/6/,22 Mar 2025 - Summer - Stage 1,2025-03-22,Team WE,Bilibili Gaming,Team WE,Bilibili Gaming,0-1,0.0,1.0,6.3,1.13,0.152086,0.847914,Team WE,Bilibili Gaming,True,BO1,0.152086,0.8479140000000001,0.152086,True
11871-11871,LPL,2025,2025-03-22,EDward Gaming,Team WE,EDward Gaming,Team WE,1-0,1,0,1,EDward Gaming|Team WE,6.0,https://www.oddsportal.com/esports/league-of-legends/league-of-legends-lpl-2025/results/#/page/6/,22 Mar 2025 - Summer - Stage 1,2025-03-22,Team WE,EDward Gaming,Team WE,EDward Gaming,0-1,0.0,1.0,3.38,1.38,0.289916,0.710084,Team WE,EDward Gaming,False,BO1,0.289916,0.7100839999999999,0.7100839999999999,True
11872-11872,LPL,2025,2025-03-22,Bilibili Gaming,Weibo Gaming,Bilibili Gaming,Weibo Gaming,1-0,1,0,1,Bilibili Gaming|Weibo Gaming,6.0,https://www.oddsportal.com/esports/league-of-legends/league-of-legends-lpl-2025/results/#/page/6/,22 Mar 2025 - Summer - Stage 1,2025-03-22,Weibo Gaming,Bilibili Gaming,Weibo Gaming,Bilibili Gaming,0-1,0.0,1.0,2.8,1.44,0.339623,0.660377,Weibo Gaming,Bilibili Gaming,False,BO1,0.339623,0.660377,0.660377,True
11873-11873,LPL,2025,2025-03-22,Weibo Gaming,Team WE,Weibo Gaming,Team WE,1-0,1,0,1,Team WE|Weibo Gaming,6.0,https://www.oddsportal.com/esports/league-of-legends/league-of-legends-lpl-2025/results/#/page/6/,22 Mar 2025 - Summer - Stage 1,2025-03-22,Weibo Gaming,Team WE,Weibo Gaming,Team WE,1-0,1.0,0.0,1.2,4.8,0.8,0.2,Weibo Gaming,Team WE,True,BO1,0.8,0.19999999999999996,0.8,True
11874-11874,LPL,2025,2025-03-22,EDward Gaming,Bilibili Gaming,Bilibili Gaming,EDward Gaming,1-0,1,0,1,Bilibili Gaming|EDward Gaming,6.0,https://www.oddsportal.com/esports/league-of-legends/league-of-legends-lpl-2025/results/#/page/6/,22 Mar 2025 - Summer - Stage 1,2025-03-22,EDward Gaming,Bilibili Gaming,EDward Gaming,Bilibili Gaming,0-1,0.0,1.0,4.81,1.22,0.202322,0.797678,EDward Gaming,Bilibili Gaming,True,BO1,0.202322,0.797678,0.202322,True
11875-11875,LPL,2025,2025-03-23,Invictus Gaming,LGD Gaming,Invictus Gaming,LGD Gaming,1-0,1,0,1,Invictus Gaming|LGD Gaming,,,,,,,,,,,,,,,,,,,,,,,
11876-11876,LPL,2025,2025-03-23,LNG Esports,JD Gaming,JD Gaming,LNG Esports,1-0,1,0,1,JD Gaming|LNG Esports,6.0,https://www.oddsportal.com/esports/league-of-legends/league-of-legends-lpl-2025/results/#/page/6/,23 Mar 2025 - Summer - Stage 1,2025-03-23,LNG Esports,JD Gaming,LNG Esports,JD Gaming,0-1,0.0,1.0,3.96,1.26,0.241379,0.758621,LNG Esports,JD Gaming,True,BO1,0.241379,0.758621,0.241379,True
11877-11877,LPL,2025,2025-03-23,LGD Gaming,LNG Esports,LGD Gaming,LNG Esports,1-0,1,0,1,LGD Gaming|LNG Esports,6.0,https://www.oddsportal.com/esports/league-of-legends/league-of-legends-lpl-2025/results/#/page/6/,23 Mar 2025 - Summer - Stage 1,2025-03-23,LNG Esports,LGD Gaming,LNG Esports,LGD Gaming,0-1,0.0,1.0,1.65,2.41,0.593596,0.406404,LNG Esports,LGD Gaming,False,BO1,0.593596,0.406404,0.406404,True
11878-11878,LPL,2025,2025-03-23,JD Gaming,Invictus Gaming,Invictus Gaming,JD Gaming,1-0,1,0,1,Invictus Gaming|JD Gaming,6.0,https://www.oddsportal.com/esports/league-of-legends/league-of-legends-lpl-2025/results/#/page/6/,23 Mar 2025 - Summer - Stage 1,2025-03-23,JD Gaming,Invictus Gaming,JD Gaming,Invictus Gaming,0-1,0.0,1.0,1.58,2.41,0.60401,0.39599,JD Gaming,Invictus Gaming,True,BO1,0.60401,0.39598999999999995,0.60401,True
11879-11879,LPL,2025,2025-03-23,Invictus Gaming,LNG Esports,Invictus Gaming,LNG Esports,1-0,1,0,1,Invictus Gaming|LNG Esports,6.0,https://www.oddsportal.com/esports/league-of-legends/league-of-legends-lpl-2025/results/#/page/6/,23 Mar 2025 - Summer - Stage 1,2025-03-23,LNG Esports,Invictus Gaming,LNG Esports,Invictus Gaming,0-1,0.0,1.0,3.6,1.45,0.287129,0.712871,LNG Esports,Invictus Gaming,False,BO1,0.287129,0.712871,0.712871,True
11880-11880,LPL,2025,2025-03-23,LGD Gaming,JD Gaming,JD Gaming,LGD Gaming,1-0,1,0,1,JD Gaming|LGD Gaming,6.0,https://www.oddsportal.com/esports/league-of-legends/league-of-legends-lpl-2025/results/#/page/6/,23 Mar 2025 - Summer - Stage 1,2025-03-23,LGD Gaming,JD Gaming,LGD Gaming,JD Gaming,0-1,0.0,1.0,4.7,1.26,0.211409,0.788591,LGD Gaming,JD Gaming,True,BO1,0.211409,0.788591,0.211409,True
11881-11881,LPL,2025,2025-03-24,ThunderTalk Gaming,Royal Never Give Up,ThunderTalk Gaming,Royal Never Give Up,1-0,1,0,1,Royal Never Give Up|TT Gaming,6.0,https://www.oddsportal.com/esports/league-of-legends/league-of-legends-lpl-2025/results/#/page/6/,24 Mar 2025 - Summer - Stage 1,2025-03-24,TT Gaming,Royal Never Give Up,TT Gaming,Royal Never Give Up,1-0,1.0,0.0,1.35,3.96,0.745763,0.254237,TT Gaming,Royal Never Give Up,True,BO1,0.745763,0.25423700000000005,0.745763,True
11882-11882,LPL,2025,2025-03-24,Ultra Prime,Anyone's Legend,Anyone's Legend,Ultra Prime,1-0,1,0,1,Anyone's Legend|Ultra Prime,6.0,https://www.oddsportal.com/esports/league-of-legends/league-of-legends-lpl-2025/results/#/page/6/,24 Mar 2025 - Summer - Stage 1,2025-03-24,Ultra Prime,Anyone's Legend,Ultra Prime,Anyone's Legend,0-1,0.0,1.0,6.5,1.14,0.149215,0.850785,Ultra Prime,Anyone's Legend,True,BO1,0.149215,0.850785,0.149215,True
11883-11883,LPL,2025,2025-03-24,Royal Never Give Up,Ultra Prime,Ultra Prime,Royal Never Give Up,1-0,1,0,1,Royal Never Give Up|Ultra Prime,6.0,https://www.oddsportal.com/esports/league-of-legends/league-of-legends-lpl-2025/results/#/page/6/,24 Mar 2025 - Summer - Stage 1,2025-03-24,Ultra Prime,Royal Never Give Up,Ultra Prime,Royal Never Give Up,1-0,1.0,0.0,2.41,1.57,0.394472,0.605528,Ultra Prime,Royal Never Give Up,False,BO1,0.394472,0.6055280000000001,0.6055280000000001,True
11884-11884,LPL,2025,2025-03-24,Anyone's Legend,ThunderTalk Gaming,Anyone's Legend,ThunderTalk Gaming,1-0,1,0,1,Anyone's Legend|TT Gaming,6.0,https://www.oddsportal.com/esports/league-of-legends/league-of-legends-lpl-2025/results/#/page/6/,24 Mar 2025 - Summer - Stage 1,2025-03-24,TT Gaming,Anyone's Legend,TT Gaming,Anyone's Legend,0-1,0.0,1.0,2.7,1.5,0.357143,0.642857,TT Gaming,Anyone's Legend,False,BO1,0.357143,0.642857,0.642857,True
11885-11885,LPL,2025,2025-03-24,ThunderTalk Gaming,Ultra Prime,Ultra Prime,ThunderTalk Gaming,1-0,1,0,1,TT Gaming|Ultra Prime,,,,,,,,,,,,,,,,,,,,,,,
11886-11886,LPL,2025,2025-03-24,Royal Never Give Up,Anyone's Legend,Royal Never Give Up,Anyone's Legend,1-0,1,0,1,Anyone's Legend|Royal Never Give Up,6.0,https://www.oddsportal.com/esports/league-of-legends/league-of-legends-lpl-2025/results/#/page/6/,24 Mar 2025 - Summer - Stage 1,2025-03-24,Royal Never Give Up,Anyone's Legend,Royal Never Give Up,Anyone's Legend,1-0,1.0,0.0,5.8,1.2,0.171429,0.828571,Royal Never Give Up,Anyone's Legend,True,BO1,0.171429,0.828571,0.171429,True
11887-11887,LPL,2025,2025-03-25,Ninjas in Pyjamas,Oh My God,Ninjas in Pyjamas,Oh My God,1-0,1,0,1,Ninjas in Pyjamas|Oh My God,6.0,https://www.oddsportal.com/esports/league-of-legends/league-of-legends-lpl-2025/results/#/page/6/,25 Mar 2025 - Summer - Stage 1,2025-03-25,Oh My God,Ninjas in Pyjamas,Oh My God,Ninjas in Pyjamas,0-1,0.0,1.0,4.0,1.35,0.252336,0.747664,Oh My God,Ninjas in Pyjamas,False,BO1,0.252336,0.747664,0.747664,True
11888-11888,LPL,2025,2025-03-25,FunPlus Phoenix,Top Esports,Top Esports,FunPlus Phoenix,1-0,1,0,1,FunPlus Phoenix|Top Esports,6.0,https://www.oddsportal.com/esports/league-of-legends/league-of-legends-lpl-2025/results/#/page/6/,25 Mar 2025 - Summer - Stage 1,2025-03-25,Top Esports,FunPlus Phoenix,Top Esports,FunPlus Phoenix,1-0,1.0,0.0,1.15,5.5,0.827068,0.172932,Top Esports,FunPlus Phoenix,False,BO1,0.827068,0.17293199999999997,0.17293199999999997,True
11889-11889,LPL,2025,2025-03-25,Oh My God,FunPlus Phoenix,FunPlus Phoenix,Oh My God,1-0,1,0,1,FunPlus Phoenix|Oh My God,6.0,https://www.oddsportal.com/esports/league-of-legends/league-of-legends-lpl-2025/results/#/page/6/,25 Mar 2025 - Summer - Stage 1,2025-03-25,Oh My God,FunPlus Phoenix,Oh My God,FunPlus Phoenix,0-1,0.0,1.0,1.6,2.5,0.609756,0.390244,Oh My God,FunPlus Phoenix,True,BO1,0.609756,0.39024400000000004,0.609756,True
11890-11890,LPL,2025,2025-03-25,Top Esports,Ninjas in Pyjamas,Top Esports,Ninjas in Pyjamas,1-0,1,0,1,Ninjas in Pyjamas|Top Esports,6.0,https://www.oddsportal.com/esports/league-of-legends/league-of-legends-lpl-2025/results/#/page/6/,25 Mar 2025 - Summer - Stage 1,2025-03-25,Top Esports,Ninjas in Pyjamas,Top Esports,Ninjas in Pyjamas,1-0,1.0,0.0,1.6,2.29,0.588689,0.411311,Top Esports,Ninjas in Pyjamas,True,BO1,0.588689,0.411311,0.588689,True
11891-11891,LPL,2025,2025-03-25,Ninjas in Pyjamas,FunPlus Phoenix,Ninjas in Pyjamas,FunPlus Phoenix,1-0,1,0,1,FunPlus Phoenix|Ninjas in Pyjamas,6.0,https://www.oddsportal.com/esports/league-of-legends/league-of-legends-lpl-2025/results/#/page/6/,25 Mar 2025 - Summer - Stage 1,2025-03-25,Ninjas in Pyjamas,FunPlus Phoenix,Ninjas in Pyjamas,FunPlus Phoenix,1-0,1.0,0.0,1.25,4.06,0.764595,0.235405,Ninjas in Pyjamas,FunPlus Phoenix,True,BO1,0.764595,0.23540499999999998,0.764595,True
11892-11892,LPL,2025,2025-03-25,Oh My God,Top Esports,Top Esports,Oh My God,1-0,1,0,1,Oh My God|Top Esports,6.0,https://www.oddsportal.com/esports/league-of-legends/league-of-legends-lpl-2025/results/#/page/6/,25 Mar 2025 - Summer - Stage 1,2025-03-25,Top Esports,Oh My God,Top Esports,Oh My God,1-0,1.0,0.0,1.2,5.3,0.815385,0.184615,Top Esports,Oh My God,False,BO1,0.815385,0.18461499999999997,0.18461499999999997,True
11893-11893,LPL,2025,2025-03-26,EDward Gaming,Weibo Gaming,Weibo Gaming,EDward Gaming,1-0,1,0,1,EDward Gaming|Weibo Gaming,6.0,https://www.oddsportal.com/esports/league-of-legends/league-of-legends-lpl-2025/results/#/page/6/,26 Mar 2025 - Summer - Stage 1,2025-03-26,Weibo Gaming,EDward Gaming,Weibo Gaming,EDward Gaming,1-0,1.0,0.0,1.35,3.93,0.744318,0.255682,Weibo Gaming,EDward Gaming,False,BO1,0.744318,0.25568199999999996,0.25568199999999996,True
11894-11894,LPL,2025,2025-03-26,Bilibili Gaming,Team WE,Bilibili Gaming,Team WE,1-0,1,0,1,Bilibili Gaming|Team WE,6.0,https://www.oddsportal.com/esports/league-of-legends/league-of-legends-lpl-2025/results/#/page/6/,26 Mar 2025 - Summer - Stage 1,2025-03-26,Team WE,Bilibili Gaming,Team WE,Bilibili Gaming,0-1,0.0,1.0,6.3,1.11,0.149798,0.850202,Team WE,Bilibili Gaming,False,BO1,0.149798,0.850202,0.850202,True
11895-11895,LPL,2025,2025-03-26,Weibo Gaming,Bilibili Gaming,Weibo Gaming,Bilibili Gaming,1-0,1,0,1,Bilibili Gaming|Weibo Gaming,6.0,https://www.oddsportal.com/esports/league-of-legends/league-of-legends-lpl-2025/results/#/page/6/,26 Mar 2025 - Summer - Stage 1,2025-03-26,Weibo Gaming,Bilibili Gaming,Weibo Gaming,Bilibili Gaming,1-0,1.0,0.0,2.99,1.4,0.318907,0.681093,Weibo Gaming,Bilibili Gaming,True,BO1,0.318907,0.681093,0.318907,True
11896-11896,LPL,2025,2025-03-26,Team WE,EDward Gaming,Team WE,EDward Gaming,1-0,1,0,1,EDward Gaming|Team WE,6.0,https://www.oddsportal.com/esports/league-of-legends/league-of-legends-lpl-2025/results/#/page/6/,26 Mar 2025 - Summer - Stage 1,2025-03-26,Team WE,EDward Gaming,Team WE,EDward Gaming,1-0,1.0,0.0,3.2,1.38,0.30131,0.69869,Team WE,EDward Gaming,True,BO1,0.30131,0.69869,0.30131,True
11897-11897,LPL,2025,2025-03-26,Bilibili Gaming,EDward Gaming,Bilibili Gaming,EDward Gaming,1-0,1,0,1,Bilibili Gaming|EDward Gaming,6.0,https://www.oddsportal.com/esports/league-of-legends/league-of-legends-lpl-2025/results/#/page/6/,26 Mar 2025 - Summer - Stage 1,2025-03-26,EDward Gaming,Bilibili Gaming,EDward Gaming,Bilibili Gaming,0-1,0.0,1.0,4.8,1.25,0.206612,0.793388,EDward Gaming,Bilibili Gaming,False,BO1,0.206612,0.793388,0.793388,True
11898-11898,LPL,2025,2025-03-26,Team WE,Weibo Gaming,Weibo Gaming,Team WE,1-0,1,0,1,Team WE|Weibo Gaming,6.0,https://www.oddsportal.com/esports/league-of-legends/league-of-legends-lpl-2025/results/#/page/6/,26 Mar 2025 - Summer - Stage 1,2025-03-26,Weibo Gaming,Team WE,Weibo Gaming,Team WE,1-0,1.0,0.0,1.2,5.5,0.820896,0.179104,Weibo Gaming,Team WE,False,BO1,0.820896,0.17910400000000004,0.17910400000000004,True
11899-11899,LPL,2025,2025-03-27,LGD Gaming,Invictus Gaming,Invictus Gaming,LGD Gaming,1-0,1,0,1,Invictus Gaming|LGD Gaming,,,,,,,,,,,,,,,,,,,,,,,
11900-11900,LPL,2025,2025-03-27,JD Gaming,LNG Esports,JD Gaming,LNG Esports,1-0,1,0,1,JD Gaming|LNG Esports,6.0,https://www.oddsportal.com/esports/league-of-legends/league-of-legends-lpl-2025/results/#/page/6/,27 Mar 2025 - Summer - Stage 1,2025-03-27,LNG Esports,JD Gaming,LNG Esports,JD Gaming,0-1,0.0,1.0,4.47,1.2,0.21164,0.78836,LNG Esports,JD Gaming,False,BO1,0.21164,0.78836,0.78836,True
11901-11901,LPL,2025,2025-03-27,Invictus Gaming,JD Gaming,Invictus Gaming,JD Gaming,1-0,1,0,1,Invictus Gaming|JD Gaming,5.0,https://www.oddsportal.com/esports/league-of-legends/league-of-legends-lpl-2025/results/#/page/5/,27 Mar 2025 - Summer - Stage 1,2025-03-27,JD Gaming,Invictus Gaming,JD Gaming,Invictus Gaming,0-1,0.0,1.0,2.03,1.93,0.487374,0.512626,JD Gaming,Invictus Gaming,False,BO1,0.487374,0.512626,0.512626,True
11902-11902,LPL,2025,2025-03-27,LNG Esports,LGD Gaming,LGD Gaming,LNG Esports,1-0,1,0,1,LGD Gaming|LNG Esports,5.0,https://www.oddsportal.com/esports/league-of-legends/league-of-legends-lpl-2025/results/#/page/5/,27 Mar 2025 - Summer - Stage 1,2025-03-27,LNG Esports,LGD Gaming,LNG Esports,LGD Gaming,0-1,0.0,1.0,1.9,1.9,0.5,0.5,LNG Esports,LGD Gaming,True,BO1,0.5,0.5,0.5,True
11903-11903,LPL,2025,2025-03-27,JD Gaming,LGD Gaming,JD Gaming,LGD Gaming,1-0,1,0,1,JD Gaming|LGD Gaming,5.0,https://www.oddsportal.com/esports/league-of-legends/league-of-legends-lpl-2025/results/#/page/5/,27 Mar 2025 - Summer - Stage 1,2025-03-27,LGD Gaming,JD Gaming,LGD Gaming,JD Gaming,0-1,0.0,1.0,3.96,1.25,0.239923,0.760077,LGD Gaming,JD Gaming,False,BO1,0.239923,0.760077,0.760077,True
11904-11904,LPL,2025,2025-03-27,LNG Esports,Invictus Gaming,Invictus Gaming,LNG Esports,1-0,1,0,1,Invictus Gaming|LNG Esports,5.0,https://www.oddsportal.com/esports/league-of-legends/league-of-legends-lpl-2025/results/#/page/5/,27 Mar 2025 - Summer - Stage 1,2025-03-27,LNG Esports,Invictus Gaming,LNG Esports,Invictus Gaming,0-1,0.0,1.0,5.0,1.18,0.190939,0.809061,LNG Esports,Invictus Gaming,True,BO1,0.190939,0.809061,0.190939,True
11905-11905,LPL,2025,2025-03-28,Royal Never Give Up,ThunderTalk Gaming,ThunderTalk Gaming,Royal Never Give Up,1-0,1,0,1,Royal Never Give Up|TT Gaming,5.0,https://www.oddsportal.com/esports/league-of-legends/league-of-legends-lpl-2025/results/#/page/5/,28 Mar 2025 - Summer - Stage 1,2025-03-28,TT Gaming,Royal Never Give Up,TT Gaming,Royal Never Give Up,1-0,1.0,0.0,1.44,2.75,0.656325,0.343675,TT Gaming,Royal Never Give Up,False,BO1,0.656325,0.34367499999999995,0.34367499999999995,True
11906-11906,LPL,2025,2025-03-28,Anyone's Legend,Ultra Prime,Anyone's Legend,Ultra Prime,1-0,1,0,1,Anyone's Legend|Ultra Prime,5.0,https://www.oddsportal.com/esports/league-of-legends/league-of-legends-lpl-2025/results/#/page/5/,28 Mar 2025 - Summer - Stage 1,2025-03-28,Ultra Prime,Anyone's Legend,Ultra Prime,Anyone's Legend,0-1,0.0,1.0,4.7,1.18,0.20068,0.79932,Ultra Prime,Anyone's Legend,False,BO1,0.20068,0.79932,0.79932,True
11907-11907,LPL,2025,2025-03-28,ThunderTalk Gaming,Anyone's Legend,Anyone's Legend,ThunderTalk Gaming,1-0,1,0,1,Anyone's Legend|TT Gaming,5.0,https://www.oddsportal.com/esports/league-of-legends/league-of-legends-lpl-2025/results/#/page/5/,28 Mar 2025 - Summer - Stage 1,2025-03-28,TT Gaming,Anyone's Legend,TT Gaming,Anyone's Legend,0-1,0.0,1.0,3.4,1.35,0.284211,0.715789,TT Gaming,Anyone's Legend,True,BO1,0.284211,0.715789,0.284211,True
11908-11908,LPL,2025,2025-03-28,Ultra Prime,Royal Never Give Up,Royal Never Give Up,Ultra Prime,1-0,1,0,1,Royal Never Give Up|Ultra Prime,5.0,https://www.oddsportal.com/esports/league-of-legends/league-of-legends-lpl-2025/results/#/page/5/,28 Mar 2025 - Summer - Stage 1,2025-03-28,Ultra Prime,Royal Never Give Up,Ultra Prime,Royal Never Give Up,0-1,0.0,1.0,1.85,1.92,0.509284,0.490716,Ultra Prime,Royal Never Give Up,True,BO1,0.509284,0.49071600000000004,0.509284,True
11909-11909,LPL,2025,2025-03-28,Anyone's Legend,Royal Never Give Up,Anyone's Legend,Royal Never Give Up,1-0,1,0,1,Anyone's Legend|Royal Never Give Up,5.0,https://www.oddsportal.com/esports/league-of-legends/league-of-legends-lpl-2025/results/#/page/5/,28 Mar 2025 - Summer - Stage 1,2025-03-28,Royal Never Give Up,Anyone's Legend,Royal Never Give Up,Anyone's Legend,0-1,0.0,1.0,6.0,1.2,0.166667,0.833333,Royal Never Give Up,Anyone's Legend,False,BO1,0.166667,0.833333,0.833333,True
11910-11910,LPL,2025,2025-03-28,Ultra Prime,ThunderTalk Gaming,ThunderTalk Gaming,Ultra Prime,1-0,1,0,1,TT Gaming|Ultra Prime,,,,,,,,,,,,,,,,,,,,,,,
11911-11911,LPL,2025,2025-03-29,Oh My God,Ninjas in Pyjamas,Ninjas in Pyjamas,Oh My God,1-0,1,0,1,Ninjas in Pyjamas|Oh My God,5.0,https://www.oddsportal.com/esports/league-of-legends/league-of-legends-lpl-2025/results/#/page/5/,29 Mar 2025 - Summer - Stage 1,2025-03-29,Oh My God,Ninjas in Pyjamas,Oh My God,Ninjas in Pyjamas,0-1,0.0,1.0,5.0,1.2,0.193548,0.806452,Oh My God,Ninjas in Pyjamas,True,BO1,0.193548,0.806452,0.193548,True
11912-11912,LPL,2025,2025-03-29,Top Esports,FunPlus Phoenix,Top Esports,FunPlus Phoenix,1-0,1,0,1,FunPlus Phoenix|Top Esports,5.0,https://www.oddsportal.com/esports/league-of-legends/league-of-legends-lpl-2025/results/#/page/5/,29 Mar 2025 - Summer - Stage 1,2025-03-29,Top Esports,FunPlus Phoenix,Top Esports,FunPlus Phoenix,1-0,1.0,0.0,1.11,6.0,0.843882,0.156118,Top Esports,FunPlus Phoenix,True,BO1,0.843882,0.15611799999999998,0.843882,True
11913-11913,LPL,2025,2025-03-29,Ninjas in Pyjamas,Top Esports,Top Esports,Ninjas in Pyjamas,1-0,1,0,1,Ninjas in Pyjamas|Top Esports,5.0,https://www.oddsportal.com/esports/league-of-legends/league-of-legends-lpl-2025/results/#/page/5/,29 Mar 2025 - Summer - Stage 1,2025-03-29,Top Esports,Ninjas in Pyjamas,Top Esports,Ninjas in Pyjamas,1-0,1.0,0.0,1.5,2.7,0.642857,0.357143,Top Esports,Ninjas in Pyjamas,False,BO1,0.642857,0.357143,0.357143,True
11914-11914,LPL,2025,2025-03-29,FunPlus Phoenix,Oh My God,Oh My God,FunPlus Phoenix,1-0,1,0,1,FunPlus Phoenix|Oh My God,5.0,https://www.oddsportal.com/esports/league-of-legends/league-of-legends-lpl-2025/results/#/page/5/,29 Mar 2025 - Summer - Stage 1,2025-03-29,Oh My God,FunPlus Phoenix,Oh My God,FunPlus Phoenix,1-0,1.0,0.0,2.19,1.8,0.451128,0.548872,Oh My God,FunPlus Phoenix,False,BO1,0.451128,0.548872,0.548872,True
11915-11915,LPL,2025,2025-03-29,Top Esports,Oh My God,Top Esports,Oh My God,1-0,1,0,1,Oh My God|Top Esports,5.0,https://www.oddsportal.com/esports/league-of-legends/league-of-legends-lpl-2025/results/#/page/5/,29 Mar 2025 - Summer - Stage 1,2025-03-29,Top Esports,Oh My God,Top Esports,Oh My God,1-0,1.0,0.0,1.1,6.5,0.855263,0.144737,Top Esports,Oh My God,True,BO1,0.855263,0.144737,0.855263,True
11916-11916,LPL,2025,2025-03-29,FunPlus Phoenix,Ninjas in Pyjamas,FunPlus Phoenix,Ninjas in Pyjamas,1-0,1,0,1,FunPlus Phoenix|Ninjas in Pyjamas,5.0,https://www.oddsportal.com/esports/league-of-legends/league-of-legends-lpl-2025/results/#/page/5/,29 Mar 2025 - Summer - Stage 1,2025-03-29,Ninjas in Pyjamas,FunPlus Phoenix,Ninjas in Pyjamas,FunPlus Phoenix,0-1,0.0,1.0,1.23,4.0,0.764818,0.235182,Ninjas in Pyjamas,FunPlus Phoenix,False,BO1,0.764818,0.235182,0.235182,True
11917-11917,LPL,2025,2025-03-30,LGD Gaming,FunPlus Phoenix,FunPlus Phoenix,LGD Gaming,1-0,1,0,1,FunPlus Phoenix|LGD Gaming,5.0,https://www.oddsportal.com/esports/league-of-legends/league-of-legends-lpl-2025/results/#/page/5/,30 Mar 2025 - Summer - Stage 2,2025-03-30,FunPlus Phoenix,LGD Gaming,FunPlus Phoenix,LGD Gaming,1-0,1.0,0.0,2.25,1.6,0.415584,0.584416,FunPlus Phoenix,LGD Gaming,False,BO1,0.415584,0.584416,0.584416,True
11918-11918,LPL,2025,2025-03-30,Team WE,Ultra Prime,Ultra Prime,Team WE,1-0,1,0,1,Team WE|Ultra Prime,,,,,,,,,,,,,,,,,,,,,,,
11919-11919,LPL,2025,2025-03-30,FunPlus Phoenix,Ultra Prime,FunPlus Phoenix,Ultra Prime,3-0,3,0,3,FunPlus Phoenix|Ultra Prime,5.0,https://www.oddsportal.com/esports/league-of-legends/league-of-legends-lpl-2025/results/#/page/5/,30 Mar 2025 - Summer - Stage 2,2025-03-30,FunPlus Phoenix,Ultra Prime,FunPlus Phoenix,Ultra Prime,2-1,2.0,1.0,1.75,1.98,0.530831,0.469169,FunPlus Phoenix,Ultra Prime,True,BO3,0.5205655974558812,0.47943440254411884,0.5205655974558812,True
11920-11920,LPL,2025,2025-03-31,Team WE,LGD Gaming,Team WE,LGD Gaming,1-1,1,1,2,LGD Gaming|Team WE,,,,,,,,,,,,,,,,,,,,,,,
11921-11921,LPL,2025,2025-03-31,Ultra Prime,Team WE,Ultra Prime,Team WE,2-1,2,1,3,Team WE|Ultra Prime,,,,,,,,,,,,,,,,,,,,,,,
11937-11937,LPL,2025,2025-03-26,EDward Gaming,Team WE,Team WE,EDward Gaming,1-0,1,0,1,EDward Gaming|Team WE,6.0,https://www.oddsportal.com/esports/league-of-legends/league-of-legends-lpl-2025/results/#/page/6/,26 Mar 2025 - Summer - Stage 1,2025-03-26,Team WE,EDward Gaming,Team WE,EDward Gaming,1-0,1.0,0.0,3.2,1.38,0.30131,0.69869,Team WE,EDward Gaming,False,BO1,0.30131,0.69869,0.69869,True
11958-11958,LPL,2025,2025-03-28,Royal Never Give Up,Ultra Prime,Ultra Prime,Royal Never Give Up,1-0,1,0,1,Royal Never Give Up|Ultra Prime,5.0,https://www.oddsportal.com/esports/league-of-legends/league-of-legends-lpl-2025/results/#/page/5/,28 Mar 2025 - Summer - Stage 1,2025-03-28,Ultra Prime,Royal Never Give Up,Ultra Prime,Royal Never Give Up,0-1,0.0,1.0,1.85,1.92,0.509284,0.490716,Ultra Prime,Royal Never Give Up,False,BO1,0.509284,0.49071600000000004,0.49071600000000004,True
11965-11965,LPL,2025,2025-04-05,FunPlus Phoenix,Invictus Gaming,FunPlus Phoenix,Invictus Gaming,2-1,2,1,3,FunPlus Phoenix|Invictus Gaming,5.0,https://www.oddsportal.com/esports/league-of-legends/league-of-legends-lpl-2025/results/#/page/5/,05 Apr 2025 - Summer - Stage 3,2025-04-05,Invictus Gaming,FunPlus Phoenix,Invictus Gaming,FunPlus Phoenix,2-1,2.0,1.0,1.08,8.0,0.881057,0.118943,Invictus Gaming,FunPlus Phoenix,False,BO3,0.7848570926938578,0.21514290730614216,0.21514290730614216,True
11966-11966,LPL,2025,2025-04-05,ThunderTalk Gaming,Bilibili Gaming,Bilibili Gaming,ThunderTalk Gaming,2-0,2,0,2,Bilibili Gaming|TT Gaming,,,,,,,,,,,,,,,,,,,,,,,
11967-11967,LPL,2025,2025-04-05,Anyone's Legend,Top Esports,Anyone's Legend,Top Esports,2-1,2,1,3,Anyone's Legend|Top Esports,5.0,https://www.oddsportal.com/esports/league-of-legends/league-of-legends-lpl-2025/results/#/page/5/,05 Apr 2025 - Summer - Stage 3,2025-04-05,Top Esports,Anyone's Legend,Top Esports,Anyone's Legend,2-1,2.0,1.0,1.55,2.35,0.602564,0.397436,Top Esports,Anyone's Legend,False,BO3,0.5688104113858465,0.43118958861415346,0.43118958861415346,True
11968-11968,LPL,2025,2025-04-06,JD Gaming,Ninjas in Pyjamas,JD Gaming,Ninjas in Pyjamas,1-1,1,1,2,JD Gaming|Ninjas in Pyjamas,5.0,https://www.oddsportal.com/esports/league-of-legends/league-of-legends-lpl-2025/results/#/page/5/,06 Apr 2025 - Summer - Stage 3,2025-04-06,JD Gaming,Ninjas in Pyjamas,JD Gaming,Ninjas in Pyjamas,2-0,2.0,0.0,1.41,2.8,0.665083,0.334917,JD Gaming,Ninjas in Pyjamas,True,BO3,0.6119247999624804,0.3880752000375196,0.6119247999624804,True
11969-11969,LPL,2025,2025-04-06,ThunderTalk Gaming,FunPlus Phoenix,ThunderTalk Gaming,FunPlus Phoenix,3-0,3,0,3,FunPlus Phoenix|TT Gaming,5.0,https://www.oddsportal.com/esports/league-of-legends/league-of-legends-lpl-2025/results/#/page/5/,06 Apr 2025 - Summer - Stage 3,2025-04-06,FunPlus Phoenix,TT Gaming,FunPlus Phoenix,TT Gaming,1-2,1.0,2.0,2.75,1.48,0.349882,0.650118,FunPlus Phoenix,TT Gaming,False,BO3,0.3985282597310497,0.6014717402689502,0.6014717402689502,True
11970-11970,LPL,2025,2025-04-06,Bilibili Gaming,Invictus Gaming,Bilibili Gaming,Invictus Gaming,1-1,1,1,2,Bilibili Gaming|Invictus Gaming,5.0,https://www.oddsportal.com/esports/league-of-legends/league-of-legends-lpl-2025/results/#/page/5/,06 Apr 2025 - Summer - Stage 3,2025-04-06,Bilibili Gaming,Invictus Gaming,Bilibili Gaming,Invictus Gaming,2-0,2.0,0.0,1.45,3.0,0.674157,0.325843,Bilibili Gaming,Invictus Gaming,True,BO3,0.6183128465376279,0.38168715346237214,0.6183128465376279,True
11971-11971,LPL,2025,2025-04-07,EDward Gaming,LNG Esports,EDward Gaming,LNG Esports,3-0,3,0,3,EDward Gaming|LNG Esports,5.0,https://www.oddsportal.com/esports/league-of-legends/league-of-legends-lpl-2025/results/#/page/5/,07 Apr 2025 - Summer - Stage 3,2025-04-07,LNG Esports,EDward Gaming,LNG Esports,EDward Gaming,1-2,1.0,2.0,2.7,1.53,0.361702,0.638298,LNG Esports,EDward Gaming,False,BO3,0.4067191102930439,0.5932808897069561,0.5932808897069561,True
11972-11972,LPL,2025,2025-04-07,Top Esports,Weibo Gaming,Top Esports,Weibo Gaming,3-0,3,0,3,Top Esports|Weibo Gaming,5.0,https://www.oddsportal.com/esports/league-of-legends/league-of-legends-lpl-2025/results/#/page/5/,07 Apr 2025 - Summer - Stage 3,2025-04-07,Top Esports,Weibo Gaming,Top Esports,Weibo Gaming,2-1,2.0,1.0,1.42,2.7,0.65534,0.34466,Top Esports,Weibo Gaming,True,BO3,0.60510828007743,0.39489171992257,0.60510828007743,True
11973-11973,LPL,2025,2025-04-08,FunPlus Phoenix,Top Esports,Top Esports,FunPlus Phoenix,2-0,2,0,2,FunPlus Phoenix|Top Esports,5.0,https://www.oddsportal.com/esports/league-of-legends/league-of-legends-lpl-2025/results/#/page/5/,08 Apr 2025 - Summer - Stage 3,2025-04-08,Top Esports,FunPlus Phoenix,Top Esports,FunPlus Phoenix,2-0,2.0,0.0,1.06,9.0,0.894632,0.105368,Top Esports,FunPlus Phoenix,False,BO3,0.7985787812620092,0.2014212187379908,0.2014212187379908,True
11974-11974,LPL,2025,2025-04-08,Anyone's Legend,Invictus Gaming,Anyone's Legend,Invictus Gaming,1-1,1,1,2,Anyone's Legend|Invictus Gaming,5.0,https://www.oddsportal.com/esports/league-of-legends/league-of-legends-lpl-2025/results/#/page/5/,08 Apr 2025 - Summer - Stage 3,2025-04-08,Invictus Gaming,Anyone's Legend,Invictus Gaming,Anyone's Legend,0-2,0.0,2.0,1.98,1.85,0.483029,0.516971,Invictus Gaming,Anyone's Legend,False,BO3,0.4886840679884206,0.5113159320115794,0.5113159320115794,True
11975-11975,LPL,2025,2025-04-09,LGD Gaming,Oh My God,Oh My God,LGD Gaming,2-1,2,1,3,LGD Gaming|Oh My God,5.0,https://www.oddsportal.com/esports/league-of-legends/league-of-legends-lpl-2025/results/#/page/5/,09 Apr 2025 - Summer - Stage 3,2025-04-09,LGD Gaming,Oh My God,LGD Gaming,Oh My God,2-1,2.0,1.0,1.82,2.03,0.527273,0.472727,LGD Gaming,Oh My God,True,BO3,0.5181900248812759,0.48180997511872414,0.5181900248812759,True
11976-11976,LPL,2025,2025-04-09,JD Gaming,Team WE,JD Gaming,Team WE,1-1,1,1,2,JD Gaming|Team WE,5.0,https://www.oddsportal.com/esports/league-of-legends/league-of-legends-lpl-2025/results/#/page/5/,09 Apr 2025 - Summer - Stage 3,2025-04-09,Team WE,JD Gaming,Team WE,JD Gaming,0-2,0.0,2.0,8.0,1.1,0.120879,0.879121,Team WE,JD Gaming,False,BO3,0.2170476937317538,0.7829523062682462,0.7829523062682462,True
11977-11977,LPL,2025,2025-04-10,ThunderTalk Gaming,Weibo Gaming,Weibo Gaming,ThunderTalk Gaming,2-0,2,0,2,TT Gaming|Weibo Gaming,5.0,https://www.oddsportal.com/esports/league-of-legends/league-of-legends-lpl-2025/results/#/page/5/,10 Apr 2025 - Summer - Stage 3,2025-04-10,Weibo Gaming,TT Gaming,Weibo Gaming,TT Gaming,2-0,2.0,0.0,1.25,4.0,0.761905,0.238095,Weibo Gaming,TT Gaming,False,BO3,0.6827398502271065,0.3172601497728935,0.3172601497728935,True
11978-11978,LPL,2025,2025-04-10,Bilibili Gaming,Anyone's Legend,Bilibili Gaming,Anyone's Legend,2-1,2,1,3,Anyone's Legend|Bilibili Gaming,5.0,https://www.oddsportal.com/esports/league-of-legends/league-of-legends-lpl-2025/results/#/page/5/,10 Apr 2025 - Summer - Stage 3,2025-04-10,Bilibili Gaming,Anyone's Legend,Bilibili Gaming,Anyone's Legend,1-2,1.0,2.0,1.41,2.8,0.665083,0.334917,Bilibili Gaming,Anyone's Legend,True,BO3,0.6119247999624804,0.3880752000375196,0.6119247999624804,True
11979-11979,LPL,2025,2025-04-11,Anyone's Legend,FunPlus Phoenix,FunPlus Phoenix,Anyone's Legend,2-1,2,1,3,Anyone's Legend|FunPlus Phoenix,5.0,https://www.oddsportal.com/esports/league-of-legends/league-of-legends-lpl-2025/results/#/page/5/,11 Apr 2025 - Summer - Stage 3,2025-04-11,Anyone's Legend,FunPlus Phoenix,Anyone's Legend,FunPlus Phoenix,2-1,2.0,1.0,1.06,8.5,0.889121,0.110879,Anyone's Legend,FunPlus Phoenix,True,BO3,0.7929274278544122,0.20707257214558783,0.7929274278544122,True
11980-11980,LPL,2025,2025-04-11,Invictus Gaming,Top Esports,Invictus Gaming,Top Esports,3-0,3,0,3,Invictus Gaming|Top Esports,5.0,https://www.oddsportal.com/esports/league-of-legends/league-of-legends-lpl-2025/results/#/page/5/,11 Apr 2025 - Summer - Stage 3,2025-04-11,Invictus Gaming,Top Esports,Invictus Gaming,Top Esports,2-1,2.0,1.0,3.0,1.35,0.310345,0.689655,Invictus Gaming,Top Esports,True,BO3,0.37067970846932224,0.6293202915306777,0.37067970846932224,True
11981-11981,LPL,2025,2025-04-12,FunPlus Phoenix,Weibo Gaming,FunPlus Phoenix,Weibo Gaming,1-1,1,1,2,FunPlus Phoenix|Weibo Gaming,5.0,https://www.oddsportal.com/esports/league-of-legends/league-of-legends-lpl-2025/results/#/page/5/,12 Apr 2025 - Summer - Stage 3,2025-04-12,FunPlus Phoenix,Weibo Gaming,FunPlus Phoenix,Weibo Gaming,2-0,2.0,0.0,5.8,1.14,0.164265,0.835735,FunPlus Phoenix,Weibo Gaming,True,BO3,0.25705863719604477,0.7429413628039552,0.25705863719604477,True
11982-11982,LPL,2025,2025-04-12,Invictus Gaming,ThunderTalk Gaming,Invictus Gaming,ThunderTalk Gaming,3-0,3,0,3,Invictus Gaming|TT Gaming,,,,,,,,,,,,,,,,,,,,,,,
11983-11983,LPL,2025,2025-04-12,Bilibili Gaming,JD Gaming,JD Gaming,Bilibili Gaming,2-0,2,0,2,Bilibili Gaming|JD Gaming,5.0,https://www.oddsportal.com/esports/league-of-legends/league-of-legends-lpl-2025/results/#/page/5/,12 Apr 2025 - Summer - Stage 3,2025-04-12,Bilibili Gaming,JD Gaming,Bilibili Gaming,JD Gaming,0-2,0.0,2.0,1.41,3.1,0.687361,0.312639,Bilibili Gaming,JD Gaming,True,BO3,0.6276827994154649,0.3723172005845351,0.6276827994154649,True
11984-11984,LPL,2025,2025-04-13,Ninjas in Pyjamas,Team WE,Ninjas in Pyjamas,Team WE,1-1,1,1,2,Ninjas in Pyjamas|Team WE,,,,,,,,,,,,,,,,,,,,,,,
11985-11985,LPL,2025,2025-04-13,Top Esports,ThunderTalk Gaming,Top Esports,ThunderTalk Gaming,2-0,2,0,2,TT Gaming|Top Esports,5.0,https://www.oddsportal.com/esports/league-of-legends/league-of-legends-lpl-2025/results/#/page/5/,13 Apr 2025 - Summer - Stage 3,2025-04-13,TT Gaming,Top Esports,TT Gaming,Top Esports,0-2,0.0,2.0,5.5,1.15,0.172932,0.827068,TT Gaming,Top Esports,False,BO3,0.26455159056135796,0.735448409438642,0.735448409438642,True
11986-11986,LPL,2025,2025-04-13,Anyone's Legend,Weibo Gaming,Anyone's Legend,Weibo Gaming,1-1,1,1,2,Anyone's Legend|Weibo Gaming,5.0,https://www.oddsportal.com/esports/league-of-legends/league-of-legends-lpl-2025/results/#/page/5/,13 Apr 2025 - Summer - Stage 3,2025-04-13,Anyone's Legend,Weibo Gaming,Anyone's Legend,Weibo Gaming,2-0,2.0,0.0,1.55,2.5,0.617284,0.382716,Anyone's Legend,Weibo Gaming,True,BO3,0.5788428021839316,0.4211571978160684,0.5788428021839316,True
11987-11987,LPL,2025,2025-04-14,Ultra Prime,Royal Never Give Up,Royal Never Give Up,Ultra Prime,2-1,2,1,3,Royal Never Give Up|Ultra Prime,5.0,https://www.oddsportal.com/esports/league-of-legends/league-of-legends-lpl-2025/results/#/page/5/,14 Apr 2025 - Summer - Stage 3,2025-04-14,Royal Never Give Up,Ultra Prime,Royal Never Give Up,Ultra Prime,1-2,1.0,2.0,2.11,1.75,0.453368,0.546632,Royal Never Give Up,Ultra Prime,False,BO3,0.46887178376215455,0.5311282162378455,0.5311282162378455,True
11988-11988,LPL,2025,2025-04-14,JD Gaming,FunPlus Phoenix,JD Gaming,FunPlus Phoenix,2-1,2,1,3,FunPlus Phoenix|JD Gaming,5.0,https://www.oddsportal.com/esports/league-of-legends/league-of-legends-lpl-2025/results/#/page/5/,14 Apr 2025 - Summer - Stage 3,2025-04-14,JD Gaming,FunPlus Phoenix,JD Gaming,FunPlus Phoenix,1-2,1.0,2.0,1.1,6.5,0.855263,0.144737,JD Gaming,FunPlus Phoenix,True,BO3,0.760379408509232,0.23962059149076798,0.760379408509232,True
11989-11989,LPL,2025,2025-04-15,ThunderTalk Gaming,Anyone's Legend,Anyone's Legend,ThunderTalk Gaming,2-0,2,0,2,Anyone's Legend|TT Gaming,5.0,https://www.oddsportal.com/esports/league-of-legends/league-of-legends-lpl-2025/results/#/page/5/,15 Apr 2025 - Summer - Stage 3,2025-04-15,Anyone's Legend,TT Gaming,Anyone's Legend,TT Gaming,2-0,2.0,0.0,1.11,7.0,0.863132,0.136868,Anyone's Legend,TT Gaming,False,BO3,0.7676537662017229,0.23234623379827712,0.23234623379827712,True
11990-11990,LPL,2025,2025-04-15,Invictus Gaming,Ninjas in Pyjamas,Invictus Gaming,Ninjas in Pyjamas,2-1,2,1,3,Invictus Gaming|Ninjas in Pyjamas,,,,,,,,,,,,,,,,,,,,,,,
11991-11991,LPL,2025,2025-04-16,LGD Gaming,LNG Esports,LGD Gaming,LNG Esports,1-1,1,1,2,LGD Gaming|LNG Esports,5.0,https://www.oddsportal.com/esports/league-of-legends/league-of-legends-lpl-2025/results/#/page/5/,16 Apr 2025 - Summer - Stage 3,2025-04-16,LGD Gaming,LNG Esports,LGD Gaming,LNG Esports,2-0,2.0,0.0,1.65,2.24,0.575835,0.424165,LGD Gaming,LNG Esports,True,BO3,0.5507307481332836,0.4492692518667164,0.5507307481332836,True
11992-11992,LPL,2025,2025-04-16,Top Esports,Team WE,Team WE,Top Esports,2-1,2,1,3,Team WE|Top Esports,5.0,https://www.oddsportal.com/esports/league-of-legends/league-of-legends-lpl-2025/results/#/page/5/,16 Apr 2025 - Summer - Stage 3,2025-04-16,Team WE,Top Esports,Team WE,Top Esports,1-2,1.0,2.0,8.5,1.06,0.110879,0.889121,Team WE,Top Esports,False,BO3,0.20707257214558789,0.7929274278544121,0.7929274278544121,True
11993-11993,LPL,2025,2025-04-17,Team WE,Bilibili Gaming,Bilibili Gaming,Team WE,2-1,2,1,3,Bilibili Gaming|Team WE,5.0,https://www.oddsportal.com/esports/league-of-legends/league-of-legends-lpl-2025/results/#/page/5/,17 Apr 2025 - Summer - Stage 3,2025-04-17,Bilibili Gaming,Team WE,Bilibili Gaming,Team WE,2-1,2.0,1.0,1.04,9.0,0.896414,0.103586,Bilibili Gaming,Team WE,False,BO3,0.8004315994388868,0.19956840056111325,0.19956840056111325,True
11994-11994,LPL,2025,2025-04-17,Weibo Gaming,Ninjas in Pyjamas,Weibo Gaming,Ninjas in Pyjamas,3-0,3,0,3,Ninjas in Pyjamas|Weibo Gaming,5.0,https://www.oddsportal.com/esports/league-of-legends/league-of-legends-lpl-2025/results/#/page/5/,17 Apr 2025 - Summer - Stage 3,2025-04-17,Weibo Gaming,Ninjas in Pyjamas,Weibo Gaming,Ninjas in Pyjamas,2-1,2.0,1.0,1.8,2.03,0.530026,0.469974,Weibo Gaming,Ninjas in Pyjamas,True,BO3,0.5200280449348466,0.47997195506515344,0.5200280449348466,True
11995-11995,LPL,2025,2025-04-18,ThunderTalk Gaming,Ninjas in Pyjamas,Ninjas in Pyjamas,ThunderTalk Gaming,2-1,2,1,3,Ninjas in Pyjamas|TT Gaming,,,,,,,,,,,,,,,,,,,,,,,
11996-11996,LPL,2025,2025-04-18,Invictus Gaming,JD Gaming,Invictus Gaming,JD Gaming,3-0,3,0,3,Invictus Gaming|JD Gaming,4.0,https://www.oddsportal.com/esports/league-of-legends/league-of-legends-lpl-2025/results/#/page/4/,18 Apr 2025 - Summer - Stage 3,2025-04-18,Invictus Gaming,JD Gaming,Invictus Gaming,JD Gaming,2-1,2.0,1.0,2.41,1.58,0.39599,0.60401,Invictus Gaming,JD Gaming,True,BO3,0.43020670615540696,0.5697932938445931,0.43020670615540696,True
11997-11997,LPL,2025,2025-04-19,EDward Gaming,Oh My God,EDward Gaming,Oh My God,1-1,1,1,2,EDward Gaming|Oh My God,4.0,https://www.oddsportal.com/esports/league-of-legends/league-of-legends-lpl-2025/results/#/page/4/,19 Apr 2025 - Summer - Stage 3,2025-04-19,Oh My God,EDward Gaming,Oh My God,EDward Gaming,0-2,0.0,2.0,2.63,1.55,0.370813,0.629187,Oh My God,EDward Gaming,False,BO3,0.41299724594904713,0.5870027540509528,0.5870027540509528,True
11998-11998,LPL,2025,2025-04-19,Anyone's Legend,Team WE,Anyone's Legend,Team WE,3-0,3,0,3,Anyone's Legend|Team WE,4.0,https://www.oddsportal.com/esports/league-of-legends/league-of-legends-lpl-2025/results/#/page/4/,19 Apr 2025 - Summer - Stage 3,2025-04-19,Team WE,Anyone's Legend,Team WE,Anyone's Legend,1-2,1.0,2.0,7.0,1.1,0.135802,0.864198,Team WE,Anyone's Legend,False,BO3,0.23134863394311173,0.7686513660568883,0.7686513660568883,True
11999-11999,LPL,2025,2025-04-20,LNG Esports,Ultra Prime,LNG Esports,Ultra Prime,1-1,1,1,2,LNG Esports|Ultra Prime,4.0,https://www.oddsportal.com/esports/league-of-legends/league-of-legends-lpl-2025/results/#/page/4/,20 Apr 2025 - Summer - Stage 3,2025-04-20,LNG Esports,Ultra Prime,LNG Esports,Ultra Prime,2-0,2.0,0.0,2.36,1.55,0.396419,0.603581,LNG Esports,Ultra Prime,True,BO3,0.4304983652475381,0.569501634752462,0.4304983652475381,True
12000-12000,LPL,2025,2025-04-20,Bilibili Gaming,Top Esports,Bilibili Gaming,Top Esports,2-1,2,1,3,Bilibili Gaming|Top Esports,4.0,https://www.oddsportal.com/esports/league-of-legends/league-of-legends-lpl-2025/results/#/page/4/,20 Apr 2025 - Summer - Stage 3,2025-04-20,Bilibili Gaming,Top Esports,Bilibili Gaming,Top Esports,1-2,1.0,2.0,1.73,2.03,0.539894,0.460106,Bilibili Gaming,Top Esports,True,BO3,0.5266211547152163,0.4733788452847837,0.5266211547152163,True
12001-12001,LPL,2025,2025-04-20,FunPlus Phoenix,Ninjas in Pyjamas,FunPlus Phoenix,Ninjas in Pyjamas,1-1,1,1,2,FunPlus Phoenix|Ninjas in Pyjamas,4.0,https://www.oddsportal.com/esports/league-of-legends/league-of-legends-lpl-2025/results/#/page/4/,20 Apr 2025 - Summer - Stage 3,2025-04-20,FunPlus Phoenix,Ninjas in Pyjamas,FunPlus Phoenix,Ninjas in Pyjamas,2-0,2.0,0.0,2.7,1.58,0.369159,0.630841,FunPlus Phoenix,Ninjas in Pyjamas,True,BO3,0.4118596839699189,0.5881403160300811,0.4118596839699189,True
12002-12002,LPL,2025,2025-04-21,JD Gaming,Weibo Gaming,JD Gaming,Weibo Gaming,2-1,2,1,3,JD Gaming|Weibo Gaming,4.0,https://www.oddsportal.com/esports/league-of-legends/league-of-legends-lpl-2025/results/#/page/4/,21 Apr 2025 - Summer - Stage 3,2025-04-21,JD Gaming,Weibo Gaming,JD Gaming,Weibo Gaming,1-2,1.0,2.0,1.44,3.01,0.676404,0.323596,JD Gaming,Weibo Gaming,True,BO3,0.6199009670766027,0.3800990329233973,0.6199009670766027,True
12003-12003,LPL,2025,2025-04-21,Team WE,Invictus Gaming,Team WE,Invictus Gaming,1-1,1,1,2,Invictus Gaming|Team WE,,,,,,,,,,,,,,,,,,,,,,,
12004-12004,LPL,2025,2025-04-22,Royal Never Give Up,LGD Gaming,LGD Gaming,Royal Never Give Up,2-0,2,0,2,LGD Gaming|Royal Never Give Up,4.0,https://www.oddsportal.com/esports/league-of-legends/league-of-legends-lpl-2025/results/#/page/4/,22 Apr 2025 - Summer - Stage 3,2025-04-22,Royal Never Give Up,LGD Gaming,Royal Never Give Up,LGD Gaming,0-2,0.0,2.0,2.35,1.62,0.40806,0.59194,Royal Never Give Up,LGD Gaming,True,BO3,0.4383949298429383,0.5616050701570616,0.4383949298429383,True
12005-12005,LPL,2025,2025-04-22,ThunderTalk Gaming,Team WE,Team WE,ThunderTalk Gaming,2-0,2,0,2,TT Gaming|Team WE,,,,,,,,,,,,,,,,,,,,,,,
12006-12006,LPL,2025,2025-04-23,Oh My God,LNG Esports,LNG Esports,Oh My God,2-0,2,0,2,LNG Esports|Oh My God,4.0,https://www.oddsportal.com/esports/league-of-legends/league-of-legends-lpl-2025/results/#/page/4/,23 Apr 2025 - Summer - Stage 3,2025-04-23,Oh My God,LNG Esports,Oh My God,LNG Esports,0-2,0.0,2.0,2.7,1.55,0.364706,0.635294,Oh My God,LNG Esports,True,BO3,0.4087923445806557,0.5912076554193443,0.4087923445806557,True
12007-12007,LPL,2025,2025-04-23,Top Esports,Ninjas in Pyjamas,Top Esports,Ninjas in Pyjamas,3-0,3,0,3,Ninjas in Pyjamas|Top Esports,4.0,https://www.oddsportal.com/esports/league-of-legends/league-of-legends-lpl-2025/results/#/page/4/,23 Apr 2025 - Summer - Stage 3,2025-04-23,Ninjas in Pyjamas,Top Esports,Ninjas in Pyjamas,Top Esports,1-2,1.0,2.0,4.2,1.23,0.226519,0.773481,Ninjas in Pyjamas,Top Esports,False,BO3,0.30828395887835786,0.6917160411216421,0.6917160411216421,True
12008-12008,LPL,2025,2025-04-24,Weibo Gaming,Team WE,Weibo Gaming,Team WE,2-1,2,1,3,Team WE|Weibo Gaming,4.0,https://www.oddsportal.com/esports/league-of-legends/league-of-legends-lpl-2025/results/#/page/4/,24 Apr 2025 - Summer - Stage 3,2025-04-24,Weibo Gaming,Team WE,Weibo Gaming,Team WE,1-2,1.0,2.0,1.25,4.47,0.781469,0.218531,Weibo Gaming,Team WE,True,BO3,0.6979950853184238,0.3020049146815762,0.6979950853184238,True
12009-12009,LPL,2025,2025-04-24,Anyone's Legend,JD Gaming,JD Gaming,Anyone's Legend,2-0,2,0,2,Anyone's Legend|JD Gaming,4.0,https://www.oddsportal.com/esports/league-of-legends/league-of-legends-lpl-2025/results/#/page/4/,24 Apr 2025 - Summer - Stage 3,2025-04-24,Anyone's Legend,JD Gaming,Anyone's Legend,JD Gaming,0-2,0.0,2.0,1.6,2.4,0.6,0.4,Anyone's Legend,JD Gaming,True,BO3,0.5670689228522683,0.4329310771477317,0.5670689228522683,True
12010-12010,LPL,2025,2025-04-25,Team WE,FunPlus Phoenix,Team WE,FunPlus Phoenix,3-0,3,0,3,FunPlus Phoenix|Team WE,4.0,https://www.oddsportal.com/esports/league-of-legends/league-of-legends-lpl-2025/results/#/page/4/,25 Apr 2025 - Summer - Stage 3,2025-04-25,Team WE,FunPlus Phoenix,Team WE,FunPlus Phoenix,2-1,2.0,1.0,2.29,1.62,0.414322,0.585678,Team WE,FunPlus Phoenix,True,BO3,0.442629563789481,0.557370436210519,0.442629563789481,True
12011-12011,LPL,2025,2025-04-25,Ninjas in Pyjamas,Bilibili Gaming,Bilibili Gaming,Ninjas in Pyjamas,2-0,2,0,2,Bilibili Gaming|Ninjas in Pyjamas,4.0,https://www.oddsportal.com/esports/league-of-legends/league-of-legends-lpl-2025/results/#/page/4/,25 Apr 2025 - Summer - Stage 3,2025-04-25,Ninjas in Pyjamas,Bilibili Gaming,Ninjas in Pyjamas,Bilibili Gaming,0-2,0.0,2.0,4.4,1.22,0.217082,0.782918,Ninjas in Pyjamas,Bilibili Gaming,True,BO3,0.30085803000381345,0.6991419699961865,0.30085803000381345,True
12012-12012,LPL,2025,2025-04-26,Ultra Prime,EDward Gaming,Ultra Prime,EDward Gaming,3-0,3,0,3,EDward Gaming|Ultra Prime,4.0,https://www.oddsportal.com/esports/league-of-legends/league-of-legends-lpl-2025/results/#/page/4/,26 Apr 2025 - Summer - Stage 3,2025-04-26,EDward Gaming,Ultra Prime,EDward Gaming,Ultra Prime,1-2,1.0,2.0,1.4,2.99,0.681093,0.318907,EDward Gaming,Ultra Prime,False,BO3,0.6232233643449193,0.3767766356550807,0.3767766356550807,True
12013-12013,LPL,2025,2025-04-26,ThunderTalk Gaming,JD Gaming,ThunderTalk Gaming,JD Gaming,2-1,2,1,3,JD Gaming|TT Gaming,4.0,https://www.oddsportal.com/esports/league-of-legends/league-of-legends-lpl-2025/results/#/page/4/,26 Apr 2025 - Summer - Stage 3,2025-04-26,JD Gaming,TT Gaming,JD Gaming,TT Gaming,2-1,2.0,1.0,1.15,5.5,0.827068,0.172932,JD Gaming,TT Gaming,False,BO3,0.7354484094386421,0.2645515905613579,0.2645515905613579,True
12014-12014,LPL,2025,2025-04-27,Ninjas in Pyjamas,Anyone's Legend,Anyone's Legend,Ninjas in Pyjamas,2-0,2,0,2,Anyone's Legend|Ninjas in Pyjamas,4.0,https://www.oddsportal.com/esports/league-of-legends/league-of-legends-lpl-2025/results/#/page/4/,27 Apr 2025 - Summer - Stage 3,2025-04-27,Ninjas in Pyjamas,Anyone's Legend,Ninjas in Pyjamas,Anyone's Legend,0-2,0.0,2.0,4.28,1.25,0.22604,0.77396,Ninjas in Pyjamas,Anyone's Legend,True,BO3,0.3079094588703688,0.6920905411296312,0.3079094588703688,True
12015-12015,LPL,2025,2025-04-27,Weibo Gaming,Invictus Gaming,Invictus Gaming,Weibo Gaming,2-1,2,1,3,Invictus Gaming|Weibo Gaming,4.0,https://www.oddsportal.com/esports/league-of-legends/league-of-legends-lpl-2025/results/#/page/4/,27 Apr 2025 - Summer - Stage 3,2025-04-27,Weibo Gaming,Invictus Gaming,Weibo Gaming,Invictus Gaming,2-1,2.0,1.0,2.36,1.55,0.396419,0.603581,Weibo Gaming,Invictus Gaming,True,BO3,0.4304983652475381,0.569501634752462,0.4304983652475381,True
12016-12016,LPL,2025,2025-04-27,Top Esports,JD Gaming,JD Gaming,Top Esports,2-1,2,1,3,JD Gaming|Top Esports,4.0,https://www.oddsportal.com/esports/league-of-legends/league-of-legends-lpl-2025/results/#/page/4/,27 Apr 2025 - Summer - Stage 3,2025-04-27,Top Esports,JD Gaming,Top Esports,JD Gaming,2-1,2.0,1.0,1.62,2.36,0.592965,0.407035,Top Esports,JD Gaming,True,BO3,0.5622990578627225,0.4377009421372775,0.5622990578627225,True
12017-12017,LPL,2025,2025-04-28,LNG Esports,Royal Never Give Up,LNG Esports,Royal Never Give Up,1-1,1,1,2,LNG Esports|Royal Never Give Up,4.0,https://www.oddsportal.com/esports/league-of-legends/league-of-legends-lpl-2025/results/#/page/4/,28 Apr 2025 - Summer - Stage 3,2025-04-28,LNG Esports,Royal Never Give Up,LNG Esports,Royal Never Give Up,2-0,2.0,0.0,1.37,3.2,0.700219,0.299781,LNG Esports,Royal Never Give Up,True,BO3,0.6369003263436385,0.36309967365636153,0.6369003263436385,True
12018-12018,LPL,2025,2025-04-28,Bilibili Gaming,FunPlus Phoenix,Bilibili Gaming,FunPlus Phoenix,2-1,2,1,3,Bilibili Gaming|FunPlus Phoenix,4.0,https://www.oddsportal.com/esports/league-of-legends/league-of-legends-lpl-2025/results/#/page/4/,28 Apr 2025 - Summer - Stage 3,2025-04-28,FunPlus Phoenix,Bilibili Gaming,FunPlus Phoenix,Bilibili Gaming,2-1,2.0,1.0,4.47,1.2,0.21164,0.78836,FunPlus Phoenix,Bilibili Gaming,False,BO3,0.29652813626674335,0.7034718637332567,0.7034718637332567,True
12019-12019,LPL,2025,2025-04-29,LGD Gaming,EDward Gaming,LGD Gaming,EDward Gaming,2-1,2,1,3,EDward Gaming|LGD Gaming,4.0,https://www.oddsportal.com/esports/league-of-legends/league-of-legends-lpl-2025/results/#/page/4/,29 Apr 2025 - Summer - Stage 3,2025-04-29,EDward Gaming,LGD Gaming,EDward Gaming,LGD Gaming,2-1,2.0,1.0,1.83,2.03,0.525907,0.474093,EDward Gaming,LGD Gaming,False,BO3,0.5172782109038054,0.48272178909619456,0.48272178909619456,True
12021-12021,LPL,2025,2025-04-29,Weibo Gaming,Bilibili Gaming,Weibo Gaming,Bilibili Gaming,3-0,3,0,3,Bilibili Gaming|Weibo Gaming,4.0,https://www.oddsportal.com/esports/league-of-legends/league-of-legends-lpl-2025/results/#/page/4/,29 Apr 2025 - Summer - Stage 3,2025-04-29,Weibo Gaming,Bilibili Gaming,Weibo Gaming,Bilibili Gaming,2-1,2.0,1.0,2.63,1.5,0.363196,0.636804,Weibo Gaming,Bilibili Gaming,True,BO3,0.40775061663614137,0.5922493833638587,0.40775061663614137,True
12022-12022,LPL,2025,2025-04-30,JD Gaming,ThunderTalk Gaming,JD Gaming,ThunderTalk Gaming,1-1,1,1,2,JD Gaming|TT Gaming,4.0,https://www.oddsportal.com/esports/league-of-legends/league-of-legends-lpl-2025/results/#/page/4/,30 Apr 2025 - Summer - Stage 3,2025-04-30,JD Gaming,TT Gaming,JD Gaming,TT Gaming,2-0,2.0,0.0,1.2,4.7,0.79661,0.20339,JD Gaming,TT Gaming,True,BO3,0.7101068596327964,0.2898931403672036,0.7101068596327964,True
12023-12023,LPL,2025,2025-04-30,Weibo Gaming,Invictus Gaming,Weibo Gaming,Invictus Gaming,3-0,3,0,3,Invictus Gaming|Weibo Gaming,4.0,https://www.oddsportal.com/esports/league-of-legends/league-of-legends-lpl-2025/results/#/page/4/,30 Apr 2025 - Summer - Stage 3,2025-04-30,Weibo Gaming,Invictus Gaming,Weibo Gaming,Invictus Gaming,2-1,2.0,1.0,2.0,1.75,0.466667,0.533333,Weibo Gaming,Invictus Gaming,True,BO3,0.4777633395456349,0.5222366604543651,0.4777633395456349,True
12024-12024,LPL,2025,2025-05-01,Top Esports,FunPlus Phoenix,Top Esports,FunPlus Phoenix,1-1,1,1,2,FunPlus Phoenix|Top Esports,4.0,https://www.oddsportal.com/esports/league-of-legends/league-of-legends-lpl-2025/results/#/page/4/,01 May 2025 - Summer - Stage 3,2025-05-01,FunPlus Phoenix,Top Esports,FunPlus Phoenix,Top Esports,0-2,0.0,2.0,4.28,1.3,0.232975,0.767025,FunPlus Phoenix,Top Esports,False,BO3,0.3133073108035922,0.6866926891964078,0.6866926891964078,True
12025-12025,LPL,2025,2025-05-01,Invictus Gaming,Anyone's Legend,Anyone's Legend,Invictus Gaming,2-0,2,0,2,Anyone's Legend|Invictus Gaming,4.0,https://www.oddsportal.com/esports/league-of-legends/league-of-legends-lpl-2025/results/#/page/4/,01 May 2025 - Summer - Stage 3,2025-05-01,Anyone's Legend,Invictus Gaming,Anyone's Legend,Invictus Gaming,2-0,2.0,0.0,1.5,2.63,0.636804,0.363196,Anyone's Legend,Invictus Gaming,False,BO3,0.5922493833638588,0.4077506166361412,0.4077506166361412,True
12026-12026,LPL,2025,2025-05-02,Royal Never Give Up,Oh My God,Royal Never Give Up,Oh My God,3-0,3,0,3,Oh My God|Royal Never Give Up,4.0,https://www.oddsportal.com/esports/league-of-legends/league-of-legends-lpl-2025/results/#/page/4/,02 May 2025 - Summer - Stage 3,2025-05-02,Oh My God,Royal Never Give Up,Oh My God,Royal Never Give Up,1-2,1.0,2.0,2.09,1.73,0.45288,0.54712,Oh My God,Royal Never Give Up,False,BO3,0.46854517119416705,0.531454828805833,0.531454828805833,True
12027-12027,LPL,2025,2025-05-02,Bilibili Gaming,Weibo Gaming,Weibo Gaming,Bilibili Gaming,2-1,2,1,3,Bilibili Gaming|Weibo Gaming,4.0,https://www.oddsportal.com/esports/league-of-legends/league-of-legends-lpl-2025/results/#/page/4/,02 May 2025 - Summer - Stage 3,2025-05-02,Bilibili Gaming,Weibo Gaming,Bilibili Gaming,Weibo Gaming,2-1,2.0,1.0,1.69,2.29,0.575377,0.424623,Bilibili Gaming,Weibo Gaming,True,BO3,0.5504222583440261,0.44957774165597386,0.5504222583440261,True
12028-12028,LPL,2025,2025-05-03,Ninjas in Pyjamas,Team WE,Team WE,Ninjas in Pyjamas,2-0,2,0,2,Ninjas in Pyjamas|Team WE,,,,,,,,,,,,,,,,,,,,,,,
12029-12029,LPL,2025,2025-05-03,Bilibili Gaming,FunPlus Phoenix,Bilibili Gaming,FunPlus Phoenix,3-0,3,0,3,Bilibili Gaming|FunPlus Phoenix,4.0,https://www.oddsportal.com/esports/league-of-legends/league-of-legends-lpl-2025/results/#/page/4/,03 May 2025 - Summer - Stage 3,2025-05-03,Bilibili Gaming,FunPlus Phoenix,Bilibili Gaming,FunPlus Phoenix,2-1,2.0,1.0,1.23,4.0,0.764818,0.235182,Bilibili Gaming,FunPlus Phoenix,True,BO3,0.6849855175011071,0.31501448249889286,0.6849855175011071,True
12030-12030,LPL,2025,2025-05-03,Invictus Gaming,Top Esports,Invictus Gaming,Top Esports,2-1,2,1,3,Invictus Gaming|Top Esports,4.0,https://www.oddsportal.com/esports/league-of-legends/league-of-legends-lpl-2025/results/#/page/4/,03 May 2025 - Summer - Stage 3,2025-05-03,Invictus Gaming,Top Esports,Invictus Gaming,Top Esports,1-2,1.0,2.0,2.7,1.45,0.349398,0.650602,Invictus Gaming,Top Esports,True,BO3,0.3981916848412337,0.6018083151587663,0.3981916848412337,True
12031-12031,LPL,2025,2025-05-04,Oh My God,Ultra Prime,Ultra Prime,Oh My God,2-1,2,1,3,Oh My God|Ultra Prime,4.0,https://www.oddsportal.com/esports/league-of-legends/league-of-legends-lpl-2025/results/#/page/4/,04 May 2025 - Summer - Stage 3,2025-05-04,Ultra Prime,Oh My God,Ultra Prime,Oh My God,1-2,1.0,2.0,1.45,2.63,0.644608,0.355392,Ultra Prime,Oh My God,False,BO3,0.5976467337868028,0.4023532662131972,0.4023532662131972,True
12032-12032,LPL,2025,2025-05-04,Anyone's Legend,Top Esports,Anyone's Legend,Top Esports,1-1,1,1,2,Anyone's Legend|Top Esports,4.0,https://www.oddsportal.com/esports/league-of-legends/league-of-legends-lpl-2025/results/#/page/4/,04 May 2025 - Summer - Stage 3,2025-05-04,Anyone's Legend,Top Esports,Anyone's Legend,Top Esports,2-0,2.0,0.0,2.1,1.69,0.44591,0.55409,Anyone's Legend,Top Esports,True,BO3,0.4638771529854549,0.5361228470145452,0.4638771529854549,True
12033-12033,LPL,2025,2025-05-05,FunPlus Phoenix,Team WE,Team WE,FunPlus Phoenix,2-0,2,0,2,FunPlus Phoenix|Team WE,4.0,https://www.oddsportal.com/esports/league-of-legends/league-of-legends-lpl-2025/results/#/page/4/,05 May 2025 - Summer - Stage 3,2025-05-05,FunPlus Phoenix,Team WE,FunPlus Phoenix,Team WE,0-2,0.0,2.0,1.9,1.9,0.5,0.5,FunPlus Phoenix,Team WE,True,BO3,0.5,0.5,0.5,True
12034-12034,LPL,2025,2025-05-05,Bilibili Gaming,ThunderTalk Gaming,Bilibili Gaming,ThunderTalk Gaming,1-1,1,1,2,Bilibili Gaming|TT Gaming,4.0,https://www.oddsportal.com/esports/league-of-legends/league-of-legends-lpl-2025/results/#/page/4/,05 May 2025 - Summer - Stage 3,2025-05-05,Bilibili Gaming,TT Gaming,Bilibili Gaming,TT Gaming,2-0,2.0,0.0,1.1,7.0,0.864198,0.135802,Bilibili Gaming,TT Gaming,True,BO3,0.7686513660568882,0.23134863394311178,0.7686513660568882,True
12035-12035,LPL,2025,2025-05-06,Team WE,JD Gaming,Team WE,JD Gaming,2-1,2,1,3,JD Gaming|Team WE,4.0,https://www.oddsportal.com/esports/league-of-legends/league-of-legends-lpl-2025/results/#/page/4/,06 May 2025 - Summer - Stage 3,2025-05-06,JD Gaming,Team WE,JD Gaming,Team WE,2-1,2.0,1.0,1.42,4.28,0.750877,0.249123,JD Gaming,Team WE,False,BO3,0.6743133860309871,0.3256866139690129,0.3256866139690129,True
12036-12036,LPL,2025,2025-05-06,ThunderTalk Gaming,Invictus Gaming,ThunderTalk Gaming,Invictus Gaming,2-1,2,1,3,Invictus Gaming|TT Gaming,,,,,,,,,,,,,,,,,,,,,,,
12037-12037,LPL,2025,2025-05-07,Ninjas in Pyjamas,Weibo Gaming,Ninjas in Pyjamas,Weibo Gaming,1-1,1,1,2,Ninjas in Pyjamas|Weibo Gaming,4.0,https://www.oddsportal.com/esports/league-of-legends/league-of-legends-lpl-2025/results/#/page/4/,07 May 2025 - Summer - Stage 3,2025-05-07,Ninjas in Pyjamas,Weibo Gaming,Ninjas in Pyjamas,Weibo Gaming,2-0,2.0,0.0,3.96,1.32,0.25,0.75,Ninjas in Pyjamas,Weibo Gaming,True,BO3,0.32635182233306964,0.6736481776669303,0.32635182233306964,True
12038-12038,LPL,2025,2025-05-07,Bilibili Gaming,Anyone's Legend,Bilibili Gaming,Anyone's Legend,1-1,1,1,2,Anyone's Legend|Bilibili Gaming,4.0,https://www.oddsportal.com/esports/league-of-legends/league-of-legends-lpl-2025/results/#/page/4/,07 May 2025 - Summer - Stage 3,2025-05-07,Anyone's Legend,Bilibili Gaming,Anyone's Legend,Bilibili Gaming,0-2,0.0,2.0,1.67,2.15,0.562827,0.437173,Anyone's Legend,Bilibili Gaming,False,BO3,0.541983333111724,0.458016666888276,0.458016666888276,True
12039-12039,LPL,2025,2025-05-08,FunPlus Phoenix,ThunderTalk Gaming,FunPlus Phoenix,ThunderTalk Gaming,1-1,1,1,2,FunPlus Phoenix|TT Gaming,4.0,https://www.oddsportal.com/esports/league-of-legends/league-of-legends-lpl-2025/results/#/page/4/,08 May 2025 - Summer - Stage 3,2025-05-08,TT Gaming,FunPlus Phoenix,TT Gaming,FunPlus Phoenix,0-2,0.0,2.0,2.63,1.55,0.370813,0.629187,TT Gaming,FunPlus Phoenix,False,BO3,0.41299724594904713,0.5870027540509528,0.5870027540509528,True
12040-12040,LPL,2025,2025-05-08,Top Esports,Ninjas in Pyjamas,Top Esports,Ninjas in Pyjamas,3-0,3,0,3,Ninjas in Pyjamas|Top Esports,4.0,https://www.oddsportal.com/esports/league-of-legends/league-of-legends-lpl-2025/results/#/page/4/,08 May 2025 - Summer - Stage 3,2025-05-08,Top Esports,Ninjas in Pyjamas,Top Esports,Ninjas in Pyjamas,2-1,2.0,1.0,1.22,4.47,0.785589,0.214411,Top Esports,Ninjas in Pyjamas,True,BO3,0.7012626326311711,0.29873736736882894,0.7012626326311711,True
12041-12041,LPL,2025,2025-05-09,FunPlus Phoenix,Anyone's Legend,FunPlus Phoenix,Anyone's Legend,3-0,3,0,3,Anyone's Legend|FunPlus Phoenix,4.0,https://www.oddsportal.com/esports/league-of-legends/league-of-legends-lpl-2025/results/#/page/4/,09 May 2025 - Summer - Stage 3,2025-05-09,FunPlus Phoenix,Anyone's Legend,FunPlus Phoenix,Anyone's Legend,2-1,2.0,1.0,5.5,1.17,0.175412,0.824588,FunPlus Phoenix,Anyone's Legend,True,BO3,0.26667058078980094,0.7333294192101991,0.26667058078980094,True
12042-12042,LPL,2025,2025-05-09,Invictus Gaming,Team WE,Team WE,Invictus Gaming,2-1,2,1,3,Invictus Gaming|Team WE,,,,,,,,,,,,,,,,,,,,,,,
12043-12043,LPL,2025,2025-05-10,EDward Gaming,Royal Never Give Up,EDward Gaming,Royal Never Give Up,3-0,3,0,3,EDward Gaming|Royal Never Give Up,4.0,https://www.oddsportal.com/esports/league-of-legends/league-of-legends-lpl-2025/results/#/page/4/,10 May 2025 - Summer - Stage 3,2025-05-10,Royal Never Give Up,EDward Gaming,Royal Never Give Up,EDward Gaming,1-2,1.0,2.0,3.2,1.37,0.299781,0.700219,Royal Never Give Up,EDward Gaming,False,BO3,0.3630996736563616,0.6369003263436384,0.6369003263436384,True
12044-12044,LPL,2025,2025-05-10,Anyone's Legend,Weibo Gaming,Anyone's Legend,Weibo Gaming,1-1,1,1,2,Anyone's Legend|Weibo Gaming,4.0,https://www.oddsportal.com/esports/league-of-legends/league-of-legends-lpl-2025/results/#/page/4/,10 May 2025 - Summer - Stage 3,2025-05-10,Weibo Gaming,Anyone's Legend,Weibo Gaming,Anyone's Legend,0-2,0.0,2.0,2.75,1.42,0.340528,0.659472,Weibo Gaming,Anyone's Legend,False,BO3,0.39200599711939765,0.6079940028806023,0.6079940028806023,True
12045-12045,LPL,2025,2025-05-10,Bilibili Gaming,Team WE,Bilibili Gaming,Team WE,1-1,1,1,2,Bilibili Gaming|Team WE,4.0,https://www.oddsportal.com/esports/league-of-legends/league-of-legends-lpl-2025/results/#/page/4/,10 May 2025 - Summer - Stage 3,2025-05-10,Team WE,Bilibili Gaming,Team WE,Bilibili Gaming,0-2,0.0,2.0,4.7,1.2,0.20339,0.79661,Team WE,Bilibili Gaming,False,BO3,0.2898931403672036,0.7101068596327964,0.7101068596327964,True
12046-12046,LPL,2025,2025-05-11,LGD Gaming,Ultra Prime,LGD Gaming,Ultra Prime,3-0,3,0,3,LGD Gaming|Ultra Prime,,,,,,,,,,,,,,,,,,,,,,,
12047-12047,LPL,2025,2025-05-11,Weibo Gaming,ThunderTalk Gaming,Weibo Gaming,ThunderTalk Gaming,2-1,2,1,3,TT Gaming|Weibo Gaming,3.0,https://www.oddsportal.com/esports/league-of-legends/league-of-legends-lpl-2025/results/#/page/3/,11 May 2025 - Summer - Stage 3,2025-05-11,TT Gaming,Weibo Gaming,TT Gaming,Weibo Gaming,2-1,2.0,1.0,5.0,1.18,0.190939,0.809061,TT Gaming,Weibo Gaming,False,BO3,0.2797047659500517,0.7202952340499482,0.7202952340499482,True
12048-12048,LPL,2025,2025-05-11,Top Esports,JD Gaming,Top Esports,JD Gaming,1-1,1,1,2,JD Gaming|Top Esports,3.0,https://www.oddsportal.com/esports/league-of-legends/league-of-legends-lpl-2025/results/#/page/3/,11 May 2025 - Summer - Stage 3,2025-05-11,JD Gaming,Top Esports,JD Gaming,Top Esports,0-2,0.0,2.0,2.4,1.62,0.402985,0.597015,JD Gaming,Top Esports,False,BO3,0.4349564298372322,0.5650435701627678,0.5650435701627678,True
12049-12049,LPL,2025,2025-05-12,ThunderTalk Gaming,Anyone's Legend,Anyone's Legend,ThunderTalk Gaming,2-0,2,0,2,Anyone's Legend|TT Gaming,3.0,https://www.oddsportal.com/esports/league-of-legends/league-of-legends-lpl-2025/results/#/page/3/,12 May 2025 - Summer - Stage 3,2025-05-12,TT Gaming,Anyone's Legend,TT Gaming,Anyone's Legend,0-2,0.0,2.0,8.0,1.1,0.120879,0.879121,TT Gaming,Anyone's Legend,True,BO3,0.2170476937317538,0.7829523062682462,0.2170476937317538,True
12050-12050,LPL,2025,2025-05-12,Ninjas in Pyjamas,FunPlus Phoenix,Ninjas in Pyjamas,FunPlus Phoenix,1-1,1,1,2,FunPlus Phoenix|Ninjas in Pyjamas,3.0,https://www.oddsportal.com/esports/league-of-legends/league-of-legends-lpl-2025/results/#/page/3/,12 May 2025 - Summer - Stage 3,2025-05-12,Ninjas in Pyjamas,FunPlus Phoenix,Ninjas in Pyjamas,FunPlus Phoenix,2-0,2.0,0.0,2.03,1.85,0.476804,0.523196,Ninjas in Pyjamas,FunPlus Phoenix,True,BO3,0.48453106462664886,0.5154689353733511,0.48453106462664886,True
12051-12051,LPL,2025,2025-05-13,Bilibili Gaming,Ninjas in Pyjamas,Bilibili Gaming,Ninjas in Pyjamas,3-0,3,0,3,Bilibili Gaming|Ninjas in Pyjamas,3.0,https://www.oddsportal.com/esports/league-of-legends/league-of-legends-lpl-2025/results/#/page/3/,13 May 2025 - Summer - Stage 3,2025-05-13,Bilibili Gaming,Ninjas in Pyjamas,Bilibili Gaming,Ninjas in Pyjamas,2-1,2.0,1.0,1.16,5.3,0.820433,0.179567,Bilibili Gaming,Ninjas in Pyjamas,True,BO3,0.7298030217565579,0.27019697824344213,0.7298030217565579,True
12052-12052,LPL,2025,2025-05-13,Invictus Gaming,JD Gaming,Invictus Gaming,JD Gaming,1-1,1,1,2,Invictus Gaming|JD Gaming,3.0,https://www.oddsportal.com/esports/league-of-legends/league-of-legends-lpl-2025/results/#/page/3/,13 May 2025 - Summer - Stage 3,2025-05-13,JD Gaming,Invictus Gaming,JD Gaming,Invictus Gaming,0-2,0.0,2.0,1.55,2.5,0.617284,0.382716,JD Gaming,Invictus Gaming,False,BO3,0.5788428021839316,0.4211571978160684,0.4211571978160684,True
12053-12053,LPL,2025,2025-05-14,Weibo Gaming,JD Gaming,JD Gaming,Weibo Gaming,2-0,2,0,2,JD Gaming|Weibo Gaming,3.0,https://www.oddsportal.com/esports/league-of-legends/league-of-legends-lpl-2025/results/#/page/3/,14 May 2025 - Summer - Stage 3,2025-05-14,Weibo Gaming,JD Gaming,Weibo Gaming,JD Gaming,0-2,0.0,2.0,2.4,1.55,0.392405,0.607595,Weibo Gaming,JD Gaming,True,BO3,0.4277674992800164,0.5722325007199836,0.4277674992800164,True
12054-12054,LPL,2025,2025-05-14,Top Esports,Team WE,Top Esports,Team WE,1-1,1,1,2,Team WE|Top Esports,3.0,https://www.oddsportal.com/esports/league-of-legends/league-of-legends-lpl-2025/results/#/page/3/,14 May 2025 - Summer - Stage 3,2025-05-14,Top Esports,Team WE,Top Esports,Team WE,2-0,2.0,0.0,1.15,5.0,0.813008,0.186992,Top Esports,Team WE,True,BO3,0.7235722017130934,0.27642779828690656,0.7235722017130934,True
12055-12055,LPL,2025,2025-05-15,Anyone's Legend,Ninjas in Pyjamas,Anyone's Legend,Ninjas in Pyjamas,3-0,3,0,3,Anyone's Legend|Ninjas in Pyjamas,3.0,https://www.oddsportal.com/esports/league-of-legends/league-of-legends-lpl-2025/results/#/page/3/,15 May 2025 - Summer - Stage 3,2025-05-15,Anyone's Legend,Ninjas in Pyjamas,Anyone's Legend,Ninjas in Pyjamas,2-1,2.0,1.0,1.24,4.7,0.791246,0.208754,Anyone's Legend,Ninjas in Pyjamas,True,BO3,0.7057829506465721,0.29421704935342785,0.7057829506465721,True
12056-12056,LPL,2025,2025-05-15,Team WE,ThunderTalk Gaming,Team WE,ThunderTalk Gaming,1-1,1,1,2,TT Gaming|Team WE,,,,,,,,,,,,,,,,,,,,,,,
12057-12057,LPL,2025,2025-05-16,FunPlus Phoenix,JD Gaming,JD Gaming,FunPlus Phoenix,2-0,2,0,2,FunPlus Phoenix|JD Gaming,3.0,https://www.oddsportal.com/esports/league-of-legends/league-of-legends-lpl-2025/results/#/page/3/,16 May 2025 - Summer - Stage 3,2025-05-16,FunPlus Phoenix,JD Gaming,FunPlus Phoenix,JD Gaming,0-2,0.0,2.0,4.0,1.32,0.24812,0.75188,FunPlus Phoenix,JD Gaming,True,BO3,0.3249249717671094,0.6750750282328906,0.3249249717671094,True
12058-12058,LPL,2025,2025-05-16,Invictus Gaming,Ninjas in Pyjamas,Invictus Gaming,Ninjas in Pyjamas,1-1,1,1,2,Invictus Gaming|Ninjas in Pyjamas,,,,,,,,,,,,,,,,,,,,,,,
12059-12059,LPL,2025,2025-05-17,Weibo Gaming,Top Esports,Top Esports,Weibo Gaming,2-0,2,0,2,Top Esports|Weibo Gaming,3.0,https://www.oddsportal.com/esports/league-of-legends/league-of-legends-lpl-2025/results/#/page/3/,17 May 2025 - Summer - Stage 3,2025-05-17,Weibo Gaming,Top Esports,Weibo Gaming,Top Esports,0-2,0.0,2.0,4.28,1.3,0.232975,0.767025,Weibo Gaming,Top Esports,True,BO3,0.3133073108035922,0.6866926891964078,0.3133073108035922,True
12060-12060,LPL,2025,2025-05-17,JD Gaming,Bilibili Gaming,JD Gaming,Bilibili Gaming,1-1,1,1,2,Bilibili Gaming|JD Gaming,3.0,https://www.oddsportal.com/esports/league-of-legends/league-of-legends-lpl-2025/results/#/page/3/,17 May 2025 - Summer - Stage 3,2025-05-17,JD Gaming,Bilibili Gaming,JD Gaming,Bilibili Gaming,2-0,2.0,0.0,2.7,1.5,0.357143,0.642857,JD Gaming,Bilibili Gaming,True,BO3,0.40356629142678013,0.5964337085732199,0.40356629142678013,True
12061-12061,LPL,2025,2025-05-18,ThunderTalk Gaming,Top Esports,ThunderTalk Gaming,Top Esports,2-1,2,1,3,TT Gaming|Top Esports,3.0,https://www.oddsportal.com/esports/league-of-legends/league-of-legends-lpl-2025/results/#/page/3/,18 May 2025 - Summer - Stage 3,2025-05-18,Top Esports,TT Gaming,Top Esports,TT Gaming,2-1,2.0,1.0,1.08,9.0,0.892857,0.107143,Top Esports,TT Gaming,False,BO3,0.7967458254710481,0.2032541745289519,0.2032541745289519,True
12062-12062,LPL,2025,2025-05-18,Team WE,Anyone's Legend,Anyone's Legend,Team WE,2-0,2,0,2,Anyone's Legend|Team WE,3.0,https://www.oddsportal.com/esports/league-of-legends/league-of-legends-lpl-2025/results/#/page/3/,18 May 2025 - Summer - Stage 3,2025-05-18,Anyone's Legend,Team WE,Anyone's Legend,Team WE,2-0,2.0,0.0,1.22,4.4,0.782918,0.217082,Anyone's Legend,Team WE,False,BO3,0.6991419699961865,0.3008580300038135,0.3008580300038135,True
12063-12063,LPL,2025,2025-05-19,Weibo Gaming,FunPlus Phoenix,Weibo Gaming,FunPlus Phoenix,1-1,1,1,2,FunPlus Phoenix|Weibo Gaming,3.0,https://www.oddsportal.com/esports/league-of-legends/league-of-legends-lpl-2025/results/#/page/3/,19 May 2025 - Summer - Stage 3,2025-05-19,Weibo Gaming,FunPlus Phoenix,Weibo Gaming,FunPlus Phoenix,2-0,2.0,0.0,1.58,2.36,0.598985,0.401015,Weibo Gaming,FunPlus Phoenix,True,BO3,0.5663799870871713,0.4336200129128287,0.5663799870871713,True
12064-12064,LPL,2025,2025-05-19,JD Gaming,Ninjas in Pyjamas,JD Gaming,Ninjas in Pyjamas,1-1,1,1,2,JD Gaming|Ninjas in Pyjamas,3.0,https://www.oddsportal.com/esports/league-of-legends/league-of-legends-lpl-2025/results/#/page/3/,19 May 2025 - Summer - Stage 3,2025-05-19,Ninjas in Pyjamas,JD Gaming,Ninjas in Pyjamas,JD Gaming,0-2,0.0,2.0,4.28,1.3,0.232975,0.767025,Ninjas in Pyjamas,JD Gaming,False,BO3,0.3133073108035922,0.6866926891964078,0.6866926891964078,True
12065-12065,LPL,2025,2025-05-20,Invictus Gaming,FunPlus Phoenix,Invictus Gaming,FunPlus Phoenix,1-1,1,1,2,FunPlus Phoenix|Invictus Gaming,3.0,https://www.oddsportal.com/esports/league-of-legends/league-of-legends-lpl-2025/results/#/page/3/,20 May 2025 - Summer - Stage 3,2025-05-20,FunPlus Phoenix,Invictus Gaming,FunPlus Phoenix,Invictus Gaming,0-2,0.0,2.0,4.81,1.22,0.202322,0.797678,FunPlus Phoenix,Invictus Gaming,False,BO3,0.2890276889847833,0.7109723110152166,0.7109723110152166,True
12066-12066,LPL,2025,2025-05-20,Bilibili Gaming,Top Esports,Bilibili Gaming,Top Esports,1-1,1,1,2,Bilibili Gaming|Top Esports,3.0,https://www.oddsportal.com/esports/league-of-legends/league-of-legends-lpl-2025/results/#/page/3/,20 May 2025 - Summer - Stage 3,2025-05-20,Top Esports,Bilibili Gaming,Top Esports,Bilibili Gaming,0-2,0.0,2.0,1.83,2.03,0.525907,0.474093,Top Esports,Bilibili Gaming,False,BO3,0.5172782109038054,0.48272178909619456,0.48272178909619456,True
12067-12067,LPL,2025,2025-05-21,Anyone's Legend,JD Gaming,JD Gaming,Anyone's Legend,2-0,2,0,2,Anyone's Legend|JD Gaming,3.0,https://www.oddsportal.com/esports/league-of-legends/league-of-legends-lpl-2025/results/#/page/3/,21 May 2025 - Summer - Stage 3,2025-05-21,JD Gaming,Anyone's Legend,JD Gaming,Anyone's Legend,2-0,2.0,0.0,2.0,1.85,0.480519,0.519481,JD Gaming,Anyone's Legend,False,BO3,0.4870097439152842,0.5129902560847158,0.5129902560847158,True
12068-12068,LPL,2025,2025-05-21,Bilibili Gaming,Invictus Gaming,Bilibili Gaming,Invictus Gaming,3-0,3,0,3,Bilibili Gaming|Invictus Gaming,3.0,https://www.oddsportal.com/esports/league-of-legends/league-of-legends-lpl-2025/results/#/page/3/,21 May 2025 - Summer - Stage 3,2025-05-21,Invictus Gaming,Bilibili Gaming,Invictus Gaming,Bilibili Gaming,1-2,1.0,2.0,3.1,1.44,0.317181,0.682819,Invictus Gaming,Bilibili Gaming,False,BO3,0.37555077178450325,0.6244492282154968,0.6244492282154968,True
12069-12069,LPL,2025,2025-05-22,Team WE,Weibo Gaming,Team WE,Weibo Gaming,1-1,1,1,2,Team WE|Weibo Gaming,3.0,https://www.oddsportal.com/esports/league-of-legends/league-of-legends-lpl-2025/results/#/page/3/,22 May 2025 - Summer - Stage 3,2025-05-22,Team WE,Weibo Gaming,Team WE,Weibo Gaming,2-0,2.0,0.0,2.5,1.55,0.382716,0.617284,Team WE,Weibo Gaming,True,BO3,0.4211571978160686,0.5788428021839314,0.4211571978160686,True
12070-12070,LPL,2025,2025-05-22,ThunderTalk Gaming,Ninjas in Pyjamas,ThunderTalk Gaming,Ninjas in Pyjamas,1-1,1,1,2,Ninjas in Pyjamas|TT Gaming,,,,,,,,,,,,,,,,,,,,,,,
12423-12423,LPL,2025,2025-05-24,Invictus Gaming,EDward Gaming,EDward Gaming,Invictus Gaming,2-1,2,1,3,EDward Gaming|Invictus Gaming,3.0,https://www.oddsportal.com/esports/league-of-legends/league-of-legends-lpl-2025/results/#/page/3/,24 May 2025 - Summer - Promotion,2025-05-24,Invictus Gaming,EDward Gaming,Invictus Gaming,EDward Gaming,3-0,3.0,0.0,1.13,5.8,0.836941,0.163059,Invictus Gaming,EDward Gaming,True,BO5,0.7000158734956919,0.29998412650430806,0.7000158734956919,True
12424-12424,LPL,2025,2025-05-25,FunPlus Phoenix,Ninjas in Pyjamas,FunPlus Phoenix,Ninjas in Pyjamas,4-1,4,1,5,FunPlus Phoenix|Ninjas in Pyjamas,3.0,https://www.oddsportal.com/esports/league-of-legends/league-of-legends-lpl-2025/results/#/page/3/,25 May 2025 - Summer - Promotion,2025-05-25,FunPlus Phoenix,Ninjas in Pyjamas,FunPlus Phoenix,Ninjas in Pyjamas,3-2,3.0,2.0,2.19,1.78,0.448363,0.551637,FunPlus Phoenix,Ninjas in Pyjamas,True,BO5,0.4724042784100673,0.5275957215899327,0.4724042784100673,True
12425-12425,LPL,2025,2025-05-26,Team WE,LGD Gaming,Team WE,LGD Gaming,3-1,3,1,4,LGD Gaming|Team WE,,,,,,,,,,,,,,,,,,,,,,,
12426-12426,LPL,2025,2025-05-27,Weibo Gaming,ThunderTalk Gaming,ThunderTalk Gaming,Weibo Gaming,2-1,2,1,3,TT Gaming|Weibo Gaming,3.0,https://www.oddsportal.com/esports/league-of-legends/league-of-legends-lpl-2025/results/#/page/3/,27 May 2025 - Summer - Promotion,2025-05-27,Weibo Gaming,TT Gaming,Weibo Gaming,TT Gaming,3-0,3.0,0.0,1.28,4.28,0.769784,0.230216,Weibo Gaming,TT Gaming,True,BO5,0.6532038068634167,0.3467961931365833,0.6532038068634167,True
12427-12427,LPL,2025,2025-05-31,Top Esports,FunPlus Phoenix,FunPlus Phoenix,Top Esports,3-1,3,1,4,FunPlus Phoenix|Top Esports,3.0,https://www.oddsportal.com/esports/league-of-legends/league-of-legends-lpl-2025/results/#/page/3/,31 May 2025 - Summer - Play offs,2025-05-31,Top Esports,FunPlus Phoenix,Top Esports,FunPlus Phoenix,3-1,3.0,1.0,1.06,10.0,0.904159,0.095841,Top Esports,FunPlus Phoenix,True,BO5,0.7574241250830193,0.24257587491698074,0.7574241250830193,True
12428-12428,LPL,2025,2025-05-31,Bilibili Gaming,Invictus Gaming,Invictus Gaming,Bilibili Gaming,2-1,2,1,3,Bilibili Gaming|Invictus Gaming,3.0,https://www.oddsportal.com/esports/league-of-legends/league-of-legends-lpl-2025/results/#/page/3/,31 May 2025 - Summer - Play offs,2025-05-31,Bilibili Gaming,Invictus Gaming,Bilibili Gaming,Invictus Gaming,3-0,3.0,0.0,1.32,3.47,0.724426,0.275574,Bilibili Gaming,Invictus Gaming,True,BO5,0.6247776669225863,0.3752223330774137,0.6247776669225863,True
12429-12429,LPL,2025,2025-06-01,Anyone's Legend,Team WE,Team WE,Anyone's Legend,2-1,2,1,3,Anyone's Legend|Team WE,3.0,https://www.oddsportal.com/esports/league-of-legends/league-of-legends-lpl-2025/results/#/page/3/,01 Jun 2025 - Summer - Play offs,2025-06-01,Anyone's Legend,Team WE,Anyone's Legend,Team WE,3-0,3.0,0.0,1.15,6.0,0.839161,0.160839,Anyone's Legend,Team WE,True,BO5,0.7016993879567955,0.29830061204320446,0.7016993879567955,True
12430-12430,LPL,2025,2025-06-01,JD Gaming,Weibo Gaming,JD Gaming,Weibo Gaming,5-0,5,0,5,JD Gaming|Weibo Gaming,3.0,https://www.oddsportal.com/esports/league-of-legends/league-of-legends-lpl-2025/results/#/page/3/,01 Jun 2025 - Summer - Play offs,2025-06-01,JD Gaming,Weibo Gaming,JD Gaming,Weibo Gaming,2-3,2.0,3.0,1.34,3.6,0.728745,0.271255,JD Gaming,Weibo Gaming,True,BO5,0.6274046494363639,0.37259535056363613,0.6274046494363639,True
12431-12431,LPL,2025,2025-06-02,Top Esports,Bilibili Gaming,Bilibili Gaming,Top Esports,3-0,3,0,3,Bilibili Gaming|Top Esports,3.0,https://www.oddsportal.com/esports/league-of-legends/league-of-legends-lpl-2025/results/#/page/3/,02 Jun 2025 - Summer - Play offs,2025-06-02,Top Esports,Bilibili Gaming,Top Esports,Bilibili Gaming,0-3,0.0,3.0,2.5,1.58,0.387255,0.612745,Top Esports,Bilibili Gaming,True,BO5,0.43927483759470076,0.5607251624052992,0.43927483759470076,True
12432-12432,LPL,2025,2025-06-03,Anyone's Legend,Weibo Gaming,Anyone's Legend,Weibo Gaming,3-1,3,1,4,Anyone's Legend|Weibo Gaming,3.0,https://www.oddsportal.com/esports/league-of-legends/league-of-legends-lpl-2025/results/#/page/3/,03 Jun 2025 - Summer - Play offs,2025-06-03,Anyone's Legend,Weibo Gaming,Anyone's Legend,Weibo Gaming,3-1,3.0,1.0,1.29,3.8,0.746562,0.253438,Anyone's Legend,Weibo Gaming,True,BO5,0.6384076839384571,0.36159231606154285,0.6384076839384571,True
12433-12433,LPL,2025,2025-06-04,FunPlus Phoenix,Invictus Gaming,FunPlus Phoenix,Invictus Gaming,4-1,4,1,5,FunPlus Phoenix|Invictus Gaming,3.0,https://www.oddsportal.com/esports/league-of-legends/league-of-legends-lpl-2025/results/#/page/3/,04 Jun 2025 - Summer - Play offs,2025-06-04,FunPlus Phoenix,Invictus Gaming,FunPlus Phoenix,Invictus Gaming,2-3,2.0,3.0,4.28,1.32,0.235714,0.764286,FunPlus Phoenix,Invictus Gaming,True,BO5,0.35035060079779573,0.6496493992022043,0.35035060079779573,True
12434-12434,LPL,2025,2025-06-05,Team WE,JD Gaming,Team WE,JD Gaming,3-1,3,1,4,JD Gaming|Team WE,3.0,https://www.oddsportal.com/esports/league-of-legends/league-of-legends-lpl-2025/results/#/page/3/,05 Jun 2025 - Summer - Play offs,2025-06-05,Team WE,JD Gaming,Team WE,JD Gaming,3-1,3.0,1.0,6.5,1.15,0.150327,0.849673,Team WE,JD Gaming,True,BO5,0.2901748494666801,0.70982515053332,0.2901748494666801,True
12435-12435,LPL,2025,2025-06-07,Weibo Gaming,Invictus Gaming,Weibo Gaming,Invictus Gaming,2-2,2,2,4,Invictus Gaming|Weibo Gaming,3.0,https://www.oddsportal.com/esports/league-of-legends/league-of-legends-lpl-2025/results/#/page/3/,07 Jun 2025 - Summer - Play offs,2025-06-07,Weibo Gaming,Invictus Gaming,Weibo Gaming,Invictus Gaming,1-3,1.0,3.0,2.03,1.95,0.48995,0.51005,Weibo Gaming,Invictus Gaming,True,BO5,0.49463958927800694,0.5053604107219931,0.49463958927800694,True
12436-12436,LPL,2025,2025-06-08,Top Esports,Team WE,Top Esports,Team WE,5-0,5,0,5,Team WE|Top Esports,3.0,https://www.oddsportal.com/esports/league-of-legends/league-of-legends-lpl-2025/results/#/page/3/,08 Jun 2025 - Summer - Play offs,2025-06-08,Top Esports,Team WE,Top Esports,Team WE,2-3,2.0,3.0,1.25,5.5,0.814815,0.185185,Top Esports,Team WE,True,BO5,0.6837839493074066,0.3162160506925934,0.6837839493074066,True
12437-12437,LPL,2025,2025-06-09,Anyone's Legend,Bilibili Gaming,Anyone's Legend,Bilibili Gaming,5-0,5,0,5,Anyone's Legend|Bilibili Gaming,3.0,https://www.oddsportal.com/esports/league-of-legends/league-of-legends-lpl-2025/results/#/page/3/,09 Jun 2025 - Summer - Play offs,2025-06-09,Bilibili Gaming,Anyone's Legend,Bilibili Gaming,Anyone's Legend,2-3,2.0,3.0,1.44,3.23,0.691649,0.308351,Bilibili Gaming,Anyone's Legend,False,BO5,0.6052834747335807,0.3947165252664193,0.3947165252664193,True
12438-12438,LPL,2025,2025-06-11,Team WE,Invictus Gaming,Invictus Gaming,Team WE,3-0,3,0,3,Invictus Gaming|Team WE,,,,,,,,,,,,,,,,,,,,,,,
12439-12439,LPL,2025,2025-06-13,Bilibili Gaming,Invictus Gaming,Invictus Gaming,Bilibili Gaming,3-1,3,1,4,Bilibili Gaming|Invictus Gaming,3.0,https://www.oddsportal.com/esports/league-of-legends/league-of-legends-lpl-2025/results/#/page/3/,13 Jun 2025 - Summer - Play offs,2025-06-13,Bilibili Gaming,Invictus Gaming,Bilibili Gaming,Invictus Gaming,3-1,3.0,1.0,1.33,3.47,0.722917,0.277083,Bilibili Gaming,Invictus Gaming,True,BO5,0.623863305255541,0.376136694744459,0.623863305255541,True
12440-12440,LPL,2025,2025-06-14,Anyone's Legend,Bilibili Gaming,Anyone's Legend,Bilibili Gaming,3-1,3,1,4,Anyone's Legend|Bilibili Gaming,3.0,https://www.oddsportal.com/esports/league-of-legends/league-of-legends-lpl-2025/results/#/page/3/,14 Jun 2025 - Summer - Play offs,2025-06-14,Anyone's Legend,Bilibili Gaming,Anyone's Legend,Bilibili Gaming,3-1,3.0,1.0,2.36,1.7,0.418719,0.581281,Anyone's Legend,Bilibili Gaming,True,BO5,0.4564300745390567,0.5435699254609433,0.4564300745390567,True
12558-12558,LPL,2025,2025-07-19,EDward Gaming,Ultra Prime,EDward Gaming,Ultra Prime,1-1,1,1,2,EDward Gaming|Ultra Prime,3.0,https://www.oddsportal.com/esports/league-of-legends/league-of-legends-lpl-2025/results/#/page/3/,19 Jul 2025 - Fall Season,2025-07-19,Ultra Prime,EDward Gaming,Ultra Prime,EDward Gaming,0-2,0.0,2.0,2.99,1.37,0.31422,0.68578,Ultra Prime,EDward Gaming,False,BO3,0.373444036764253,0.626555963235747,0.626555963235747,True
12559-12559,LPL,2025,2025-07-19,Weibo Gaming,FunPlus Phoenix,Weibo Gaming,FunPlus Phoenix,3-0,3,0,3,FunPlus Phoenix|Weibo Gaming,3.0,https://www.oddsportal.com/esports/league-of-legends/league-of-legends-lpl-2025/results/#/page/3/,19 Jul 2025 - Fall Season,2025-07-19,Weibo Gaming,FunPlus Phoenix,Weibo Gaming,FunPlus Phoenix,2-1,2.0,1.0,1.29,3.96,0.754286,0.245714,Weibo Gaming,FunPlus Phoenix,True,BO3,0.6769058520271167,0.32309414797288327,0.6769058520271167,True
12560-12560,LPL,2025,2025-07-19,Top Esports,Invictus Gaming,Top Esports,Invictus Gaming,3-0,3,0,3,Invictus Gaming|Top Esports,3.0,https://www.oddsportal.com/esports/league-of-legends/league-of-legends-lpl-2025/results/#/page/3/,19 Jul 2025 - Fall Season,2025-07-19,Invictus Gaming,Top Esports,Invictus Gaming,Top Esports,1-2,1.0,2.0,2.55,1.65,0.392857,0.607143,Invictus Gaming,Top Esports,False,BO3,0.42807522762406536,0.5719247723759346,0.5719247723759346,True
12561-12561,LPL,2025,2025-07-20,EDward Gaming,ThunderTalk Gaming,EDward Gaming,ThunderTalk Gaming,1-1,1,1,2,EDward Gaming|TT Gaming,3.0,https://www.oddsportal.com/esports/league-of-legends/league-of-legends-lpl-2025/results/#/page/3/,20 Jul 2025 - Fall Season,2025-07-20,TT Gaming,EDward Gaming,TT Gaming,EDward Gaming,0-2,0.0,2.0,2.36,1.57,0.399491,0.600509,TT Gaming,EDward Gaming,False,BO3,0.432585493649114,0.567414506350886,0.567414506350886,True
12562-12562,LPL,2025,2025-07-20,Weibo Gaming,Top Esports,Weibo Gaming,Top Esports,2-1,2,1,3,Top Esports|Weibo Gaming,3.0,https://www.oddsportal.com/esports/league-of-legends/league-of-legends-lpl-2025/results/#/page/3/,20 Jul 2025 - Fall Season,2025-07-20,Weibo Gaming,Top Esports,Weibo Gaming,Top Esports,1-2,1.0,2.0,2.9,1.5,0.340909,0.659091,Weibo Gaming,Top Esports,True,BO3,0.39227239412688614,0.6077276058731138,0.39227239412688614,True
12563-12563,LPL,2025,2025-07-21,Ultra Prime,ThunderTalk Gaming,Ultra Prime,ThunderTalk Gaming,2-1,2,1,3,TT Gaming|Ultra Prime,,,,,,,,,,,,,,,,,,,,,,,
12564-12564,LPL,2025,2025-07-21,LNG Esports,Ninjas in Pyjamas,Ninjas in Pyjamas,LNG Esports,2-0,2,0,2,LNG Esports|Ninjas in Pyjamas,3.0,https://www.oddsportal.com/esports/league-of-legends/league-of-legends-lpl-2025/results/#/page/3/,21 Jul 2025 - Fall Season,2025-07-21,LNG Esports,Ninjas in Pyjamas,LNG Esports,Ninjas in Pyjamas,0-2,0.0,2.0,2.55,1.53,0.375,0.625,LNG Esports,Ninjas in Pyjamas,True,BO3,0.4158727991094862,0.5841272008905138,0.4158727991094862,True
12565-12565,LPL,2025,2025-07-22,LGD Gaming,Ninjas in Pyjamas,LGD Gaming,Ninjas in Pyjamas,2-1,2,1,3,LGD Gaming|Ninjas in Pyjamas,,,,,,,,,,,,,,,,,,,,,,,
12566-12566,LPL,2025,2025-07-22,Invictus Gaming,Team WE,Invictus Gaming,Team WE,1-1,1,1,2,Invictus Gaming|Team WE,,,,,,,,,,,,,,,,,,,,,,,
12567-12567,LPL,2025,2025-07-23,FunPlus Phoenix,Top Esports,Top Esports,FunPlus Phoenix,2-0,2,0,2,FunPlus Phoenix|Top Esports,2.0,https://www.oddsportal.com/esports/league-of-legends/league-of-legends-lpl-2025/results/#/page/2/,23 Jul 2025 - Fall Season,2025-07-23,FunPlus Phoenix,Top Esports,FunPlus Phoenix,Top Esports,0-2,0.0,2.0,8.58,1.11,0.114551,0.885449,FunPlus Phoenix,Top Esports,True,BO3,0.21077552183833925,0.7892244781616607,0.21077552183833925,True
12568-12568,LPL,2025,2025-07-23,Team WE,Weibo Gaming,Team WE,Weibo Gaming,2-1,2,1,3,Team WE|Weibo Gaming,2.0,https://www.oddsportal.com/esports/league-of-legends/league-of-legends-lpl-2025/results/#/page/2/,23 Jul 2025 - Fall Season,2025-07-23,Weibo Gaming,Team WE,Weibo Gaming,Team WE,2-1,2.0,1.0,1.58,2.63,0.624703,0.375297,Weibo Gaming,Team WE,False,BO3,0.5839234466603768,0.41607655333962323,0.41607655333962323,True
12569-12569,LPL,2025,2025-07-24,JD Gaming,Invictus Gaming,Invictus Gaming,JD Gaming,2-0,2,0,2,Invictus Gaming|JD Gaming,2.0,https://www.oddsportal.com/esports/league-of-legends/league-of-legends-lpl-2025/results/#/page/2/,24 Jul 2025 - Fall Season,2025-07-24,JD Gaming,Invictus Gaming,JD Gaming,Invictus Gaming,0-2,0.0,2.0,2.29,1.63,0.415816,0.584184,JD Gaming,Invictus Gaming,True,BO3,0.44363861615035444,0.5563613838496455,0.44363861615035444,True
12570-12570,LPL,2025,2025-07-24,ThunderTalk Gaming,LNG Esports,ThunderTalk Gaming,LNG Esports,1-1,1,1,2,LNG Esports|TT Gaming,2.0,https://www.oddsportal.com/esports/league-of-legends/league-of-legends-lpl-2025/results/#/page/2/,24 Jul 2025 - Fall Season,2025-07-24,LNG Esports,TT Gaming,LNG Esports,TT Gaming,0-2,0.0,2.0,2.29,1.76,0.434568,0.565432,LNG Esports,TT Gaming,False,BO3,0.4562671442299733,0.5437328557700267,0.5437328557700267,True
12571-12571,LPL,2025,2025-07-25,EDward Gaming,Ninjas in Pyjamas,EDward Gaming,Ninjas in Pyjamas,1-1,1,1,2,EDward Gaming|Ninjas in Pyjamas,2.0,https://www.oddsportal.com/esports/league-of-legends/league-of-legends-lpl-2025/results/#/page/2/,25 Jul 2025 - Fall Season,2025-07-25,Ninjas in Pyjamas,EDward Gaming,Ninjas in Pyjamas,EDward Gaming,0-2,0.0,2.0,1.76,2.11,0.54522,0.45478,Ninjas in Pyjamas,EDward Gaming,False,BO3,0.5301833306986128,0.4698166693013872,0.4698166693013872,True
12572-12572,LPL,2025,2025-07-25,LGD Gaming,LNG Esports,LNG Esports,LGD Gaming,2-1,2,1,3,LGD Gaming|LNG Esports,2.0,https://www.oddsportal.com/esports/league-of-legends/league-of-legends-lpl-2025/results/#/page/2/,25 Jul 2025 - Fall Season,2025-07-25,LNG Esports,LGD Gaming,LNG Esports,LGD Gaming,1-2,1.0,2.0,1.87,2.12,0.531328,0.468672,LNG Esports,LGD Gaming,False,BO3,0.5208975014068798,0.47910249859312015,0.47910249859312015,True
12573-12573,LPL,2025,2025-07-26,Ninjas in Pyjamas,Ultra Prime,Ninjas in Pyjamas,Ultra Prime,3-0,3,0,3,Ninjas in Pyjamas|Ultra Prime,,,,,,,,,,,,,,,,,,,,,,,
12574-12574,LPL,2025,2025-07-26,Anyone's Legend,Bilibili Gaming,Anyone's Legend,Bilibili Gaming,2-1,2,1,3,Anyone's Legend|Bilibili Gaming,2.0,https://www.oddsportal.com/esports/league-of-legends/league-of-legends-lpl-2025/results/#/page/2/,26 Jul 2025 - Fall Season,2025-07-26,Anyone's Legend,Bilibili Gaming,Anyone's Legend,Bilibili Gaming,1-2,1.0,2.0,1.36,3.5,0.720165,0.279835,Anyone's Legend,Bilibili Gaming,True,BO3,0.6514042345968927,0.3485957654031073,0.6514042345968927,True
12575-12575,LPL,2025,2025-07-26,JD Gaming,Team WE,JD Gaming,Team WE,3-0,3,0,3,JD Gaming|Team WE,2.0,https://www.oddsportal.com/esports/league-of-legends/league-of-legends-lpl-2025/results/#/page/2/,26 Jul 2025 - Fall Season,2025-07-26,JD Gaming,Team WE,JD Gaming,Team WE,2-1,2.0,1.0,1.62,2.36,0.592965,0.407035,JD Gaming,Team WE,True,BO3,0.5622990578627225,0.4377009421372775,0.5622990578627225,True
12576-12576,LPL,2025,2025-07-27,Bilibili Gaming,FunPlus Phoenix,Bilibili Gaming,FunPlus Phoenix,1-1,1,1,2,Bilibili Gaming|FunPlus Phoenix,2.0,https://www.oddsportal.com/esports/league-of-legends/league-of-legends-lpl-2025/results/#/page/2/,27 Jul 2025 - Fall Season,2025-07-27,Bilibili Gaming,FunPlus Phoenix,Bilibili Gaming,FunPlus Phoenix,2-0,2.0,0.0,1.1,8.0,0.879121,0.120879,Bilibili Gaming,FunPlus Phoenix,True,BO3,0.7829523062682465,0.21704769373175348,0.7829523062682465,True
12577-12577,LPL,2025,2025-07-27,Anyone's Legend,Weibo Gaming,Anyone's Legend,Weibo Gaming,2-1,2,1,3,Anyone's Legend|Weibo Gaming,2.0,https://www.oddsportal.com/esports/league-of-legends/league-of-legends-lpl-2025/results/#/page/2/,27 Jul 2025 - Fall Season,2025-07-27,Weibo Gaming,Anyone's Legend,Weibo Gaming,Anyone's Legend,2-1,2.0,1.0,4.3,1.25,0.225225,0.774775,Weibo Gaming,Anyone's Legend,False,BO3,0.3072716795443076,0.6927283204556924,0.6927283204556924,True
12578-12578,LPL,2025,2025-07-28,LGD Gaming,EDward Gaming,EDward Gaming,LGD Gaming,2-0,2,0,2,EDward Gaming|LGD Gaming,2.0,https://www.oddsportal.com/esports/league-of-legends/league-of-legends-lpl-2025/results/#/page/2/,28 Jul 2025 - Fall Season,2025-07-28,LGD Gaming,EDward Gaming,LGD Gaming,EDward Gaming,0-2,0.0,2.0,4.1,1.28,0.237918,0.762082,LGD Gaming,EDward Gaming,True,BO3,0.31712394222979223,0.6828760577702078,0.31712394222979223,True
12579-12579,LPL,2025,2025-07-28,Top Esports,JD Gaming,Top Esports,JD Gaming,1-1,1,1,2,JD Gaming|Top Esports,2.0,https://www.oddsportal.com/esports/league-of-legends/league-of-legends-lpl-2025/results/#/page/2/,28 Jul 2025 - Fall Season,2025-07-28,JD Gaming,Top Esports,JD Gaming,Top Esports,0-2,0.0,2.0,3.44,1.42,0.292181,0.707819,JD Gaming,Top Esports,False,BO3,0.35760427613226653,0.6423957238677335,0.6423957238677335,True
12580-12580,LPL,2025,2025-07-29,Ultra Prime,LGD Gaming,Ultra Prime,LGD Gaming,2-1,2,1,3,LGD Gaming|Ultra Prime,,,,,,,,,,,,,,,,,,,,,,,
12581-12581,LPL,2025,2025-07-29,FunPlus Phoenix,Invictus Gaming,FunPlus Phoenix,Invictus Gaming,1-1,1,1,2,FunPlus Phoenix|Invictus Gaming,2.0,https://www.oddsportal.com/esports/league-of-legends/league-of-legends-lpl-2025/results/#/page/2/,29 Jul 2025 - Fall Season,2025-07-29,Invictus Gaming,FunPlus Phoenix,Invictus Gaming,FunPlus Phoenix,0-2,0.0,2.0,1.12,7.2,0.865385,0.134615,Invictus Gaming,FunPlus Phoenix,False,BO3,0.7697657527447344,0.23023424725526564,0.23023424725526564,True
12582-12582,LPL,2025,2025-07-30,Anyone's Legend,Team WE,Anyone's Legend,Team WE,3-0,3,0,3,Anyone's Legend|Team WE,2.0,https://www.oddsportal.com/esports/league-of-legends/league-of-legends-lpl-2025/results/#/page/2/,30 Jul 2025 - Fall Season,2025-07-30,Team WE,Anyone's Legend,Team WE,Anyone's Legend,1-2,1.0,2.0,6.5,1.11,0.145861,0.854139,Team WE,Anyone's Legend,False,BO3,0.24064724690584252,0.7593527530941575,0.7593527530941575,True
12583-12583,LPL,2025,2025-08-28,Invictus Gaming,Bilibili Gaming,Invictus Gaming,Bilibili Gaming,1-1,1,1,2,Bilibili Gaming|Invictus Gaming,1.0,https://www.oddsportal.com/esports/league-of-legends/league-of-legends-lpl-2025/results/,28 Aug 2025 - Fall Season,2025-08-28,Invictus Gaming,Bilibili Gaming,Invictus Gaming,Bilibili Gaming,2-0,2.0,0.0,2.18,1.7,0.438144,0.561856,Invictus Gaming,Bilibili Gaming,True,BO3,0.4586685250946095,0.5413314749053906,0.4586685250946095,True
12584-12584,LPL,2025,2025-07-31,Top Esports,Team WE,Team WE,Top Esports,2-1,2,1,3,Team WE|Top Esports,2.0,https://www.oddsportal.com/esports/league-of-legends/league-of-legends-lpl-2025/results/#/page/2/,31 Jul 2025 - Fall Season,2025-07-31,Team WE,Top Esports,Team WE,Top Esports,1-2,1.0,2.0,5.0,1.2,0.193548,0.806452,Team WE,Top Esports,False,BO3,0.28185801578592606,0.7181419842140739,0.7181419842140739,True
12585-12585,LPL,2025,2025-07-31,Weibo Gaming,Bilibili Gaming,Bilibili Gaming,Weibo Gaming,2-0,2,0,2,Bilibili Gaming|Weibo Gaming,2.0,https://www.oddsportal.com/esports/league-of-legends/league-of-legends-lpl-2025/results/#/page/2/,31 Jul 2025 - Fall Season,2025-07-31,Weibo Gaming,Bilibili Gaming,Weibo Gaming,Bilibili Gaming,0-2,0.0,2.0,2.98,1.4,0.319635,0.680365,Weibo Gaming,Bilibili Gaming,True,BO3,0.3772932124456442,0.6227067875543558,0.3772932124456442,True
12586-12586,LPL,2025,2025-08-01,FunPlus Phoenix,JD Gaming,JD Gaming,FunPlus Phoenix,2-0,2,0,2,FunPlus Phoenix|JD Gaming,2.0,https://www.oddsportal.com/esports/league-of-legends/league-of-legends-lpl-2025/results/#/page/2/,01 Aug 2025 - Fall Season,2025-08-01,JD Gaming,FunPlus Phoenix,JD Gaming,FunPlus Phoenix,2-0,2.0,0.0,1.48,2.9,0.6621,0.3379,JD Gaming,FunPlus Phoenix,False,BO3,0.6098332761220795,0.3901667238779205,0.3901667238779205,True
12587-12587,LPL,2025,2025-08-01,Invictus Gaming,Weibo Gaming,Invictus Gaming,Weibo Gaming,1-1,1,1,2,Invictus Gaming|Weibo Gaming,2.0,https://www.oddsportal.com/esports/league-of-legends/league-of-legends-lpl-2025/results/#/page/2/,01 Aug 2025 - Fall Season,2025-08-01,Weibo Gaming,Invictus Gaming,Weibo Gaming,Invictus Gaming,0-2,0.0,2.0,2.16,1.7,0.440415,0.559585,Weibo Gaming,Invictus Gaming,False,BO3,0.46019255979286877,0.5398074402071312,0.5398074402071312,True
12588-12588,LPL,2025,2025-08-02,ThunderTalk Gaming,LGD Gaming,LGD Gaming,ThunderTalk Gaming,2-0,2,0,2,LGD Gaming|TT Gaming,,,,,,,,,,,,,,,,,,,,,,,
12589-12589,LPL,2025,2025-08-02,LNG Esports,Ultra Prime,LNG Esports,Ultra Prime,2-1,2,1,3,LNG Esports|Ultra Prime,2.0,https://www.oddsportal.com/esports/league-of-legends/league-of-legends-lpl-2025/results/#/page/2/,02 Aug 2025 - Fall Season,2025-08-02,Ultra Prime,LNG Esports,Ultra Prime,LNG Esports,2-1,2.0,1.0,2.99,1.44,0.325056,0.674944,Ultra Prime,LNG Esports,False,BO3,0.3811312121912448,0.6188687878087552,0.6188687878087552,True
12590-12590,LPL,2025,2025-08-02,JD Gaming,Anyone's Legend,Anyone's Legend,JD Gaming,2-0,2,0,2,Anyone's Legend|JD Gaming,2.0,https://www.oddsportal.com/esports/league-of-legends/league-of-legends-lpl-2025/results/#/page/2/,02 Aug 2025 - Fall Season,2025-08-02,JD Gaming,Anyone's Legend,JD Gaming,Anyone's Legend,0-2,0.0,2.0,3.4,1.32,0.279661,0.720339,JD Gaming,Anyone's Legend,True,BO3,0.34846804440343543,0.6515319555965646,0.34846804440343543,True
12591-12591,LPL,2025,2025-08-03,LNG Esports,EDward Gaming,EDward Gaming,LNG Esports,2-0,2,0,2,EDward Gaming|LNG Esports,2.0,https://www.oddsportal.com/esports/league-of-legends/league-of-legends-lpl-2025/results/#/page/2/,03 Aug 2025 - Fall Season,2025-08-03,LNG Esports,EDward Gaming,LNG Esports,EDward Gaming,0-2,0.0,2.0,4.4,1.22,0.217082,0.782918,LNG Esports,EDward Gaming,True,BO3,0.30085803000381345,0.6991419699961865,0.30085803000381345,True
12592-12592,LPL,2025,2025-08-03,Bilibili Gaming,Top Esports,Bilibili Gaming,Top Esports,1-1,1,1,2,Bilibili Gaming|Top Esports,2.0,https://www.oddsportal.com/esports/league-of-legends/league-of-legends-lpl-2025/results/#/page/2/,03 Aug 2025 - Fall Season,2025-08-03,Bilibili Gaming,Top Esports,Bilibili Gaming,Top Esports,2-0,2.0,0.0,1.69,2.25,0.571066,0.428934,Bilibili Gaming,Top Esports,True,BO3,0.5475204134773581,0.45247958652264186,0.5475204134773581,True
12593-12593,LPL,2025,2025-08-04,Team WE,FunPlus Phoenix,FunPlus Phoenix,Team WE,2-1,2,1,3,FunPlus Phoenix|Team WE,2.0,https://www.oddsportal.com/esports/league-of-legends/league-of-legends-lpl-2025/results/#/page/2/,04 Aug 2025 - Fall Season,2025-08-04,Team WE,FunPlus Phoenix,Team WE,FunPlus Phoenix,2-1,2.0,1.0,1.55,2.9,0.651685,0.348315,Team WE,FunPlus Phoenix,True,BO3,0.6025617856055473,0.3974382143944527,0.6025617856055473,True
12594-12594,LPL,2025,2025-08-28,JD Gaming,Weibo Gaming,JD Gaming,Weibo Gaming,3-0,3,0,3,JD Gaming|Weibo Gaming,1.0,https://www.oddsportal.com/esports/league-of-legends/league-of-legends-lpl-2025/results/,28 Aug 2025 - Fall Season,2025-08-28,Weibo Gaming,JD Gaming,Weibo Gaming,JD Gaming,1-2,1.0,2.0,1.55,2.7,0.635294,0.364706,Weibo Gaming,JD Gaming,False,BO3,0.5912076554193442,0.40879234458065583,0.40879234458065583,True
12595-12595,LPL,2025,2025-08-05,Ninjas in Pyjamas,ThunderTalk Gaming,ThunderTalk Gaming,Ninjas in Pyjamas,2-1,2,1,3,Ninjas in Pyjamas|TT Gaming,,,,,,,,,,,,,,,,,,,,,,,
12596-12596,LPL,2025,2025-08-05,Top Esports,Anyone's Legend,Top Esports,Anyone's Legend,3-0,3,0,3,Anyone's Legend|Top Esports,2.0,https://www.oddsportal.com/esports/league-of-legends/league-of-legends-lpl-2025/results/#/page/2/,05 Aug 2025 - Fall Season,2025-08-05,Anyone's Legend,Top Esports,Anyone's Legend,Top Esports,1-2,1.0,2.0,1.6,2.62,0.620853,0.379147,Anyone's Legend,Top Esports,False,BO3,0.5812847540543531,0.4187152459456469,0.4187152459456469,True
12597-12597,LPL,2025,2025-08-06,Bilibili Gaming,JD Gaming,JD Gaming,Bilibili Gaming,2-1,2,1,3,Bilibili Gaming|JD Gaming,2.0,https://www.oddsportal.com/esports/league-of-legends/league-of-legends-lpl-2025/results/#/page/2/,06 Aug 2025 - Fall Season,2025-08-06,JD Gaming,Bilibili Gaming,JD Gaming,Bilibili Gaming,1-2,1.0,2.0,4.5,1.22,0.213287,0.786713,JD Gaming,Bilibili Gaming,False,BO3,0.2978423757939559,0.7021576242060441,0.7021576242060441,True
12598-12598,LPL,2025,2025-08-06,Invictus Gaming,Anyone's Legend,Invictus Gaming,Anyone's Legend,1-1,1,1,2,Anyone's Legend|Invictus Gaming,2.0,https://www.oddsportal.com/esports/league-of-legends/league-of-legends-lpl-2025/results/#/page/2/,06 Aug 2025 - Fall Season,2025-08-06,Anyone's Legend,Invictus Gaming,Anyone's Legend,Invictus Gaming,0-2,0.0,2.0,1.55,2.5,0.617284,0.382716,Anyone's Legend,Invictus Gaming,False,BO3,0.5788428021839316,0.4211571978160684,0.4211571978160684,True
12599-12599,LPL,2025,2025-08-07,LNG Esports,LGD Gaming,LNG Esports,LGD Gaming,1-1,1,1,2,LGD Gaming|LNG Esports,2.0,https://www.oddsportal.com/esports/league-of-legends/league-of-legends-lpl-2025/results/#/page/2/,07 Aug 2025 - Fall Season,2025-08-07,LNG Esports,LGD Gaming,LNG Esports,LGD Gaming,2-0,2.0,0.0,2.56,1.69,0.397647,0.602353,LNG Esports,LGD Gaming,True,BO3,0.4313329651043838,0.5686670348956162,0.4313329651043838,True
12600-12600,LPL,2025,2025-08-07,ThunderTalk Gaming,Ninjas in Pyjamas,ThunderTalk Gaming,Ninjas in Pyjamas,2-1,2,1,3,Ninjas in Pyjamas|TT Gaming,,,,,,,,,,,,,,,,,,,,,,,
12601-12601,LPL,2025,2025-08-08,Ultra Prime,LNG Esports,LNG Esports,Ultra Prime,2-1,2,1,3,LNG Esports|Ultra Prime,2.0,https://www.oddsportal.com/esports/league-of-legends/league-of-legends-lpl-2025/results/#/page/2/,08 Aug 2025 - Fall Season,2025-08-08,Ultra Prime,LNG Esports,Ultra Prime,LNG Esports,2-1,2.0,1.0,2.25,1.69,0.428934,0.571066,Ultra Prime,LNG Esports,True,BO3,0.452479586522642,0.547520413477358,0.452479586522642,True
12602-12602,LPL,2025,2025-08-08,Anyone's Legend,FunPlus Phoenix,FunPlus Phoenix,Anyone's Legend,2-1,2,1,3,Anyone's Legend|FunPlus Phoenix,2.0,https://www.oddsportal.com/esports/league-of-legends/league-of-legends-lpl-2025/results/#/page/2/,08 Aug 2025 - Fall Season,2025-08-08,Anyone's Legend,FunPlus Phoenix,Anyone's Legend,FunPlus Phoenix,2-1,2.0,1.0,1.13,6.2,0.845839,0.154161,Anyone's Legend,FunPlus Phoenix,True,BO3,0.7518615207024816,0.24813847929751842,0.7518615207024816,True
12603-12603,LPL,2025,2025-08-09,Team WE,Bilibili Gaming,Team WE,Bilibili Gaming,2-1,2,1,3,Bilibili Gaming|Team WE,2.0,https://www.oddsportal.com/esports/league-of-legends/league-of-legends-lpl-2025/results/#/page/2/,09 Aug 2025 - Fall Season,2025-08-09,Team WE,Bilibili Gaming,Team WE,Bilibili Gaming,1-2,1.0,2.0,5.6,1.15,0.17037,0.82963,Team WE,Bilibili Gaming,True,BO3,0.26235106236939215,0.7376489376306079,0.26235106236939215,True
12604-12604,LPL,2025,2025-08-09,Top Esports,Weibo Gaming,Top Esports,Weibo Gaming,1-1,1,1,2,Top Esports|Weibo Gaming,2.0,https://www.oddsportal.com/esports/league-of-legends/league-of-legends-lpl-2025/results/#/page/2/,09 Aug 2025 - Fall Season,2025-08-09,Weibo Gaming,Top Esports,Weibo Gaming,Top Esports,0-2,0.0,2.0,3.3,1.37,0.293362,0.706638,Weibo Gaming,Top Esports,False,BO3,0.3584606497693802,0.6415393502306198,0.6415393502306198,True
12605-12605,LPL,2025,2025-08-09,Invictus Gaming,JD Gaming,Invictus Gaming,JD Gaming,1-1,1,1,2,Invictus Gaming|JD Gaming,2.0,https://www.oddsportal.com/esports/league-of-legends/league-of-legends-lpl-2025/results/#/page/2/,09 Aug 2025 - Fall Season,2025-08-09,JD Gaming,Invictus Gaming,JD Gaming,Invictus Gaming,0-2,0.0,2.0,3.55,1.45,0.29,0.71,JD Gaming,Invictus Gaming,False,BO3,0.3560203779928293,0.6439796220071707,0.6439796220071707,True
12606-12606,LPL,2025,2025-08-10,ThunderTalk Gaming,EDward Gaming,ThunderTalk Gaming,EDward Gaming,2-1,2,1,3,EDward Gaming|TT Gaming,2.0,https://www.oddsportal.com/esports/league-of-legends/league-of-legends-lpl-2025/results/#/page/2/,10 Aug 2025 - Fall Season,2025-08-10,TT Gaming,EDward Gaming,TT Gaming,EDward Gaming,1-2,1.0,2.0,4.0,1.27,0.240987,0.759013,TT Gaming,EDward Gaming,True,BO3,0.3194812416373588,0.6805187583626412,0.3194812416373588,True
12607-12607,LPL,2025,2025-08-10,Bilibili Gaming,Team WE,Bilibili Gaming,Team WE,3-0,3,0,3,Bilibili Gaming|Team WE,2.0,https://www.oddsportal.com/esports/league-of-legends/league-of-legends-lpl-2025/results/#/page/2/,10 Aug 2025 - Fall Season,2025-08-10,Team WE,Bilibili Gaming,Team WE,Bilibili Gaming,1-2,1.0,2.0,5.8,1.16,0.166667,0.833333,Team WE,Bilibili Gaming,False,BO3,0.25914930410992265,0.7408506958900773,0.7408506958900773,True
12608-12608,LPL,2025,2025-08-11,Ultra Prime,Ninjas in Pyjamas,Ninjas in Pyjamas,Ultra Prime,2-0,2,0,2,Ninjas in Pyjamas|Ultra Prime,,,,,,,,,,,,,,,,,,,,,,,
12609-12609,LPL,2025,2025-08-11,JD Gaming,FunPlus Phoenix,JD Gaming,FunPlus Phoenix,1-1,1,1,2,FunPlus Phoenix|JD Gaming,2.0,https://www.oddsportal.com/esports/league-of-legends/league-of-legends-lpl-2025/results/#/page/2/,11 Aug 2025 - Fall Season,2025-08-11,JD Gaming,FunPlus Phoenix,JD Gaming,FunPlus Phoenix,2-0,2.0,0.0,1.39,3.0,0.683371,0.316629,JD Gaming,FunPlus Phoenix,True,BO3,0.6248416133737411,0.3751583866262589,0.6248416133737411,True
12610-12610,LPL,2025,2025-08-12,Ninjas in Pyjamas,LGD Gaming,Ninjas in Pyjamas,LGD Gaming,1-1,1,1,2,LGD Gaming|Ninjas in Pyjamas,,,,,,,,,,,,,,,,,,,,,,,
12611-12611,LPL,2025,2025-08-12,Weibo Gaming,Team WE,Team WE,Weibo Gaming,2-1,2,1,3,Team WE|Weibo Gaming,2.0,https://www.oddsportal.com/esports/league-of-legends/league-of-legends-lpl-2025/results/#/page/2/,12 Aug 2025 - Fall Season,2025-08-12,Weibo Gaming,Team WE,Weibo Gaming,Team WE,2-1,2.0,1.0,1.58,2.4,0.603015,0.396985,Weibo Gaming,Team WE,True,BO3,0.5691169088532786,0.4308830911467214,0.5691169088532786,True
12612-12612,LPL,2025,2025-08-13,JD Gaming,Top Esports,JD Gaming,Top Esports,2-1,2,1,3,JD Gaming|Top Esports,2.0,https://www.oddsportal.com/esports/league-of-legends/league-of-legends-lpl-2025/results/#/page/2/,13 Aug 2025 - Fall Season,2025-08-13,JD Gaming,Top Esports,JD Gaming,Top Esports,1-2,1.0,2.0,3.5,1.31,0.272349,0.727651,JD Gaming,Top Esports,True,BO3,0.3430807687088419,0.656919231291158,0.3430807687088419,True
12613-12613,LPL,2025,2025-08-13,Bilibili Gaming,Anyone's Legend,Bilibili Gaming,Anyone's Legend,2-1,2,1,3,Anyone's Legend|Bilibili Gaming,2.0,https://www.oddsportal.com/esports/league-of-legends/league-of-legends-lpl-2025/results/#/page/2/,13 Aug 2025 - Fall Season,2025-08-13,Anyone's Legend,Bilibili Gaming,Anyone's Legend,Bilibili Gaming,2-1,2.0,1.0,2.3,1.7,0.425,0.575,Anyone's Legend,Bilibili Gaming,False,BO3,0.4498316440994353,0.5501683559005647,0.5501683559005647,True
12614-12614,LPL,2025,2025-08-14,Ninjas in Pyjamas,EDward Gaming,EDward Gaming,Ninjas in Pyjamas,2-1,2,1,3,EDward Gaming|Ninjas in Pyjamas,2.0,https://www.oddsportal.com/esports/league-of-legends/league-of-legends-lpl-2025/results/#/page/2/,14 Aug 2025 - Fall Season,2025-08-14,Ninjas in Pyjamas,EDward Gaming,Ninjas in Pyjamas,EDward Gaming,2-1,2.0,1.0,2.1,1.75,0.454545,0.545455,Ninjas in Pyjamas,EDward Gaming,True,BO3,0.4696594266310432,0.5303405733689568,0.4696594266310432,True
12615-12615,LPL,2025,2025-08-14,FunPlus Phoenix,Team WE,Team WE,FunPlus Phoenix,2-0,2,0,2,FunPlus Phoenix|Team WE,2.0,https://www.oddsportal.com/esports/league-of-legends/league-of-legends-lpl-2025/results/#/page/2/,14 Aug 2025 - Fall Season,2025-08-14,Team WE,FunPlus Phoenix,Team WE,FunPlus Phoenix,2-0,2.0,0.0,1.41,3.0,0.680272,0.319728,Team WE,FunPlus Phoenix,False,BO3,0.6226408163905832,0.3773591836094168,0.3773591836094168,True
12616-12616,LPL,2025,2025-08-15,Anyone's Legend,Invictus Gaming,Anyone's Legend,Invictus Gaming,1-1,1,1,2,Anyone's Legend|Invictus Gaming,2.0,https://www.oddsportal.com/esports/league-of-legends/league-of-legends-lpl-2025/results/#/page/2/,15 Aug 2025 - Fall Season,2025-08-15,Anyone's Legend,Invictus Gaming,Anyone's Legend,Invictus Gaming,2-0,2.0,0.0,1.85,2.16,0.538653,0.461347,Anyone's Legend,Invictus Gaming,True,BO3,0.5257915421705694,0.47420845782943055,0.5257915421705694,True
12617-12617,LPL,2025,2025-08-15,Bilibili Gaming,Weibo Gaming,Weibo Gaming,Bilibili Gaming,2-1,2,1,3,Bilibili Gaming|Weibo Gaming,1.0,https://www.oddsportal.com/esports/league-of-legends/league-of-legends-lpl-2025/results/,15 Aug 2025 - Fall Season,2025-08-15,Weibo Gaming,Bilibili Gaming,Weibo Gaming,Bilibili Gaming,1-2,1.0,2.0,4.5,1.25,0.217391,0.782609,Weibo Gaming,Bilibili Gaming,False,BO3,0.3011028121024033,0.6988971878975967,0.6988971878975967,True
12618-12618,LPL,2025,2025-08-16,Team WE,JD Gaming,Team WE,JD Gaming,2-1,2,1,3,JD Gaming|Team WE,1.0,https://www.oddsportal.com/esports/league-of-legends/league-of-legends-lpl-2025/results/,16 Aug 2025 - Fall Season,2025-08-16,JD Gaming,Team WE,JD Gaming,Team WE,2-1,2.0,1.0,1.64,2.4,0.594059,0.405941,JD Gaming,Team WE,False,BO3,0.5630400319511869,0.4369599680488131,0.4369599680488131,True
12619-12619,LPL,2025,2025-08-16,ThunderTalk Gaming,Ultra Prime,ThunderTalk Gaming,Ultra Prime,2-1,2,1,3,TT Gaming|Ultra Prime,,,,,,,,,,,,,,,,,,,,,,,
12620-12620,LPL,2025,2025-08-16,Invictus Gaming,Top Esports,Top Esports,Invictus Gaming,2-1,2,1,3,Invictus Gaming|Top Esports,1.0,https://www.oddsportal.com/esports/league-of-legends/league-of-legends-lpl-2025/results/,16 Aug 2025 - Fall Season,2025-08-16,Invictus Gaming,Top Esports,Invictus Gaming,Top Esports,2-1,2.0,1.0,2.35,1.62,0.40806,0.59194,Invictus Gaming,Top Esports,True,BO3,0.4383949298429383,0.5616050701570616,0.4383949298429383,True
12621-12621,LPL,2025,2025-08-17,Weibo Gaming,Anyone's Legend,Anyone's Legend,Weibo Gaming,2-0,2,0,2,Anyone's Legend|Weibo Gaming,1.0,https://www.oddsportal.com/esports/league-of-legends/league-of-legends-lpl-2025/results/,17 Aug 2025 - Fall Season,2025-08-17,Weibo Gaming,Anyone's Legend,Weibo Gaming,Anyone's Legend,0-2,0.0,2.0,3.6,1.35,0.272727,0.727273,Weibo Gaming,Anyone's Legend,True,BO3,0.3433602467875045,0.6566397532124955,0.3433602467875045,True
12622-12622,LPL,2025,2025-08-17,Top Esports,Bilibili Gaming,Top Esports,Bilibili Gaming,1-1,1,1,2,Bilibili Gaming|Top Esports,1.0,https://www.oddsportal.com/esports/league-of-legends/league-of-legends-lpl-2025/results/,17 Aug 2025 - Fall Season,2025-08-17,Bilibili Gaming,Top Esports,Bilibili Gaming,Top Esports,0-2,0.0,2.0,1.55,2.7,0.635294,0.364706,Bilibili Gaming,Top Esports,False,BO3,0.5912076554193442,0.40879234458065583,0.40879234458065583,True
12623-12623,LPL,2025,2025-08-18,FunPlus Phoenix,Weibo Gaming,Weibo Gaming,FunPlus Phoenix,2-0,2,0,2,FunPlus Phoenix|Weibo Gaming,1.0,https://www.oddsportal.com/esports/league-of-legends/league-of-legends-lpl-2025/results/,18 Aug 2025 - Fall Season,2025-08-18,Weibo Gaming,FunPlus Phoenix,Weibo Gaming,FunPlus Phoenix,2-0,2.0,0.0,1.25,4.6,0.786325,0.213675,Weibo Gaming,FunPlus Phoenix,False,BO3,0.70184850236963,0.29815149763036997,0.29815149763036997,True
12624-12624,LPL,2025,2025-08-18,Bilibili Gaming,Invictus Gaming,Bilibili Gaming,Invictus Gaming,2-1,2,1,3,Bilibili Gaming|Invictus Gaming,1.0,https://www.oddsportal.com/esports/league-of-legends/league-of-legends-lpl-2025/results/,18 Aug 2025 - Fall Season,2025-08-18,Invictus Gaming,Bilibili Gaming,Invictus Gaming,Bilibili Gaming,2-1,2.0,1.0,2.56,1.6,0.384615,0.615385,Invictus Gaming,Bilibili Gaming,False,BO3,0.4224549375790554,0.5775450624209446,0.5775450624209446,True
12625-12625,LPL,2025,2025-08-19,Ninjas in Pyjamas,LNG Esports,Ninjas in Pyjamas,LNG Esports,1-1,1,1,2,LNG Esports|Ninjas in Pyjamas,1.0,https://www.oddsportal.com/esports/league-of-legends/league-of-legends-lpl-2025/results/,19 Aug 2025 - Fall Season,2025-08-19,LNG Esports,Ninjas in Pyjamas,LNG Esports,Ninjas in Pyjamas,0-2,0.0,2.0,5.2,1.25,0.193798,0.806202,LNG Esports,Ninjas in Pyjamas,False,BO3,0.28206381881740983,0.7179361811825902,0.7179361811825902,True
12626-12626,LPL,2025,2025-08-19,Anyone's Legend,Top Esports,Top Esports,Anyone's Legend,2-0,2,0,2,Anyone's Legend|Top Esports,1.0,https://www.oddsportal.com/esports/league-of-legends/league-of-legends-lpl-2025/results/,19 Aug 2025 - Fall Season,2025-08-19,Anyone's Legend,Top Esports,Anyone's Legend,Top Esports,0-2,0.0,2.0,1.69,2.25,0.571066,0.428934,Anyone's Legend,Top Esports,True,BO3,0.5475204134773581,0.45247958652264186,0.5475204134773581,True
12627-12627,LPL,2025,2025-08-20,LGD Gaming,ThunderTalk Gaming,LGD Gaming,ThunderTalk Gaming,1-1,1,1,2,LGD Gaming|TT Gaming,,,,,,,,,,,,,,,,,,,,,,,
12628-12628,LPL,2025,2025-08-20,FunPlus Phoenix,Anyone's Legend,Anyone's Legend,FunPlus Phoenix,2-0,2,0,2,Anyone's Legend|FunPlus Phoenix,1.0,https://www.oddsportal.com/esports/league-of-legends/league-of-legends-lpl-2025/results/,20 Aug 2025 - Fall Season,2025-08-20,Anyone's Legend,FunPlus Phoenix,Anyone's Legend,FunPlus Phoenix,2-0,2.0,0.0,1.09,8.0,0.880088,0.119912,Anyone's Legend,FunPlus Phoenix,False,BO3,0.7839021954305718,0.21609780456942818,0.21609780456942818,True
12629-12629,LPL,2025,2025-08-21,Ultra Prime,EDward Gaming,EDward Gaming,Ultra Prime,2-0,2,0,2,EDward Gaming|Ultra Prime,1.0,https://www.oddsportal.com/esports/league-of-legends/league-of-legends-lpl-2025/results/,21 Aug 2025 - Fall Season,2025-08-21,Ultra Prime,EDward Gaming,Ultra Prime,EDward Gaming,0-2,0.0,2.0,5.8,1.16,0.166667,0.833333,Ultra Prime,EDward Gaming,True,BO3,0.25914930410992265,0.7408506958900773,0.25914930410992265,True
12630-12630,LPL,2025,2025-08-21,JD Gaming,Bilibili Gaming,JD Gaming,Bilibili Gaming,2-1,2,1,3,Bilibili Gaming|JD Gaming,1.0,https://www.oddsportal.com/esports/league-of-legends/league-of-legends-lpl-2025/results/,21 Aug 2025 - Fall Season,2025-08-21,JD Gaming,Bilibili Gaming,JD Gaming,Bilibili Gaming,1-2,1.0,2.0,3.56,1.3,0.26749,0.73251,JD Gaming,Bilibili Gaming,True,BO3,0.33947841543952006,0.6605215845604799,0.33947841543952006,True
12631-12631,LPL,2025,2025-08-22,Invictus Gaming,FunPlus Phoenix,Invictus Gaming,FunPlus Phoenix,1-1,1,1,2,FunPlus Phoenix|Invictus Gaming,1.0,https://www.oddsportal.com/esports/league-of-legends/league-of-legends-lpl-2025/results/,22 Aug 2025 - Fall Season,2025-08-22,Invictus Gaming,FunPlus Phoenix,Invictus Gaming,FunPlus Phoenix,2-0,2.0,0.0,1.11,8.0,0.878156,0.121844,Invictus Gaming,FunPlus Phoenix,True,BO3,0.7820073676956698,0.2179926323043302,0.7820073676956698,True
12632-12632,LPL,2025,2025-08-22,EDward Gaming,LGD Gaming,LGD Gaming,EDward Gaming,2-0,2,0,2,EDward Gaming|LGD Gaming,1.0,https://www.oddsportal.com/esports/league-of-legends/league-of-legends-lpl-2025/results/,22 Aug 2025 - Fall Season,2025-08-22,LGD Gaming,EDward Gaming,LGD Gaming,EDward Gaming,2-0,2.0,0.0,4.6,1.23,0.210978,0.789022,LGD Gaming,EDward Gaming,False,BO3,0.29599893785720843,0.7040010621427916,0.7040010621427916,True
12633-12633,LPL,2025,2025-08-23,LNG Esports,ThunderTalk Gaming,LNG Esports,ThunderTalk Gaming,1-1,1,1,2,LNG Esports|TT Gaming,1.0,https://www.oddsportal.com/esports/league-of-legends/league-of-legends-lpl-2025/results/,23 Aug 2025 - Fall Season,2025-08-23,LNG Esports,TT Gaming,LNG Esports,TT Gaming,2-0,2.0,0.0,2.48,1.54,0.383085,0.616915,LNG Esports,TT Gaming,True,BO3,0.42140944995640195,0.578590550043598,0.42140944995640195,True
12634-12634,LPL,2025,2025-08-23,Team WE,Top Esports,Team WE,Top Esports,2-1,2,1,3,Team WE|Top Esports,1.0,https://www.oddsportal.com/esports/league-of-legends/league-of-legends-lpl-2025/results/,23 Aug 2025 - Fall Season,2025-08-23,Team WE,Top Esports,Team WE,Top Esports,1-2,1.0,2.0,5.2,1.18,0.184953,0.815047,Team WE,Top Esports,True,BO3,0.2747255157763801,0.7252744842236198,0.2747255157763801,True
12635-12635,LPL,2025,2025-08-23,Weibo Gaming,Invictus Gaming,Weibo Gaming,Invictus Gaming,2-1,2,1,3,Invictus Gaming|Weibo Gaming,1.0,https://www.oddsportal.com/esports/league-of-legends/league-of-legends-lpl-2025/results/,23 Aug 2025 - Fall Season,2025-08-23,Weibo Gaming,Invictus Gaming,Weibo Gaming,Invictus Gaming,1-2,1.0,2.0,3.5,1.35,0.278351,0.721649,Weibo Gaming,Invictus Gaming,True,BO3,0.3475057654804733,0.6524942345195267,0.3475057654804733,True
12636-12636,LPL,2025,2025-08-24,EDward Gaming,LNG Esports,EDward Gaming,LNG Esports,1-1,1,1,2,EDward Gaming|LNG Esports,1.0,https://www.oddsportal.com/esports/league-of-legends/league-of-legends-lpl-2025/results/,24 Aug 2025 - Fall Season,2025-08-24,LNG Esports,EDward Gaming,LNG Esports,EDward Gaming,0-2,0.0,2.0,4.2,1.25,0.229358,0.770642,LNG Esports,EDward Gaming,False,BO3,0.31049845489044164,0.6895015451095583,0.6895015451095583,True
12637-12637,LPL,2025,2025-08-24,Anyone's Legend,JD Gaming,Anyone's Legend,JD Gaming,1-1,1,1,2,Anyone's Legend|JD Gaming,1.0,https://www.oddsportal.com/esports/league-of-legends/league-of-legends-lpl-2025/results/,24 Aug 2025 - Fall Season,2025-08-24,JD Gaming,Anyone's Legend,JD Gaming,Anyone's Legend,0-2,0.0,2.0,3.85,1.3,0.252427,0.747573,JD Gaming,Anyone's Legend,False,BO3,0.32818908723762513,0.6718109127623748,0.6718109127623748,True
12638-12638,LPL,2025,2025-08-25,LGD Gaming,Ultra Prime,Ultra Prime,LGD Gaming,2-1,2,1,3,LGD Gaming|Ultra Prime,,,,,,,,,,,,,,,,,,,,,,,
12639-12639,LPL,2025,2025-08-25,FunPlus Phoenix,Bilibili Gaming,Bilibili Gaming,FunPlus Phoenix,2-0,2,0,2,Bilibili Gaming|FunPlus Phoenix,1.0,https://www.oddsportal.com/esports/league-of-legends/league-of-legends-lpl-2025/results/,25 Aug 2025 - Fall Season,2025-08-25,Bilibili Gaming,FunPlus Phoenix,Bilibili Gaming,FunPlus Phoenix,2-0,2.0,0.0,1.1,8.5,0.885417,0.114583,Bilibili Gaming,FunPlus Phoenix,False,BO3,0.7891924188788977,0.21080758112110232,0.21080758112110232,True
12640-12640,LPL,2025,2025-08-26,Team WE,Invictus Gaming,Invictus Gaming,Team WE,2-0,2,0,2,Invictus Gaming|Team WE,,,,,,,,,,,,,,,,,,,,,,,
12641-12641,LPL,2025,2025-08-26,Top Esports,FunPlus Phoenix,Top Esports,FunPlus Phoenix,3-0,3,0,3,FunPlus Phoenix|Top Esports,1.0,https://www.oddsportal.com/esports/league-of-legends/league-of-legends-lpl-2025/results/,26 Aug 2025 - Fall Season,2025-08-26,FunPlus Phoenix,Top Esports,FunPlus Phoenix,Top Esports,1-2,1.0,2.0,8.5,1.08,0.112735,0.887265,FunPlus Phoenix,Top Esports,False,BO3,0.20895025141099868,0.7910497485890013,0.7910497485890013,True
12642-12642,LPL,2025,2025-08-27,Weibo Gaming,JD Gaming,Weibo Gaming,JD Gaming,1-1,1,1,2,JD Gaming|Weibo Gaming,1.0,https://www.oddsportal.com/esports/league-of-legends/league-of-legends-lpl-2025/results/,27 Aug 2025 - Fall Season,2025-08-27,Weibo Gaming,JD Gaming,Weibo Gaming,JD Gaming,2-0,2.0,0.0,1.75,2.16,0.55243,0.44757,Weibo Gaming,JD Gaming,True,BO3,0.5350105517190044,0.46498944828099564,0.5350105517190044,True
12643-12643,LPL,2025,2025-08-27,Team WE,Anyone's Legend,Team WE,Anyone's Legend,1-1,1,1,2,Anyone's Legend|Team WE,1.0,https://www.oddsportal.com/esports/league-of-legends/league-of-legends-lpl-2025/results/,27 Aug 2025 - Fall Season,2025-08-27,Team WE,Anyone's Legend,Team WE,Anyone's Legend,2-0,2.0,0.0,5.8,1.15,0.165468,0.834532,Team WE,Anyone's Legend,True,BO3,0.2581070917956678,0.7418929082043322,0.2581070917956678,True
12795-12795,LPL,2025,2025-08-30,FunPlus Phoenix,Ninjas in Pyjamas,FunPlus Phoenix,Ninjas in Pyjamas,4-1,4,1,5,FunPlus Phoenix|Ninjas in Pyjamas,1.0,https://www.oddsportal.com/esports/league-of-legends/league-of-legends-lpl-2025/results/,30 Aug 2025 - Fall - Promotion,2025-08-30,FunPlus Phoenix,Ninjas in Pyjamas,FunPlus Phoenix,Ninjas in Pyjamas,2-3,2.0,3.0,3.1,1.41,0.312639,0.687361,FunPlus Phoenix,Ninjas in Pyjamas,True,BO5,0.39721512569077205,0.6027848743092279,0.39721512569077205,True
12796-12796,LPL,2025,2025-08-31,Team WE,EDward Gaming,Team WE,EDward Gaming,2-2,2,2,4,EDward Gaming|Team WE,1.0,https://www.oddsportal.com/esports/league-of-legends/league-of-legends-lpl-2025/results/,31 Aug 2025 - Fall - Promotion,2025-08-31,Team WE,EDward Gaming,Team WE,EDward Gaming,1-3,1.0,3.0,1.48,2.8,0.654206,0.345794,Team WE,EDward Gaming,True,BO5,0.5837992134727659,0.41620078652723413,0.5837992134727659,True
12797-12797,LPL,2025,2025-09-01,Weibo Gaming,Ultra Prime,Ultra Prime,Weibo Gaming,2-1,2,1,3,Ultra Prime|Weibo Gaming,1.0,https://www.oddsportal.com/esports/league-of-legends/league-of-legends-lpl-2025/results/,01 Sep 2025 - Fall - Promotion,2025-09-01,Weibo Gaming,Ultra Prime,Weibo Gaming,Ultra Prime,3-0,3.0,0.0,1.03,15.0,0.935745,0.064255,Weibo Gaming,Ultra Prime,True,BO5,0.7919920017505252,0.2080079982494748,0.7919920017505252,True
12798-12798,LPL,2025,2025-09-02,JD Gaming,LGD Gaming,LGD Gaming,JD Gaming,2-1,2,1,3,JD Gaming|LGD Gaming,1.0,https://www.oddsportal.com/esports/league-of-legends/league-of-legends-lpl-2025/results/,02 Sep 2025 - Fall - Promotion,2025-09-02,JD Gaming,LGD Gaming,JD Gaming,LGD Gaming,3-0,3.0,0.0,1.1,7.5,0.872093,0.127907,JD Gaming,LGD Gaming,True,BO5,0.728134329279003,0.271865670720997,0.728134329279003,True
12799-12799,LPL,2025,2025-09-07,Bilibili Gaming,JD Gaming,JD Gaming,Bilibili Gaming,4-1,4,1,5,Bilibili Gaming|JD Gaming,1.0,https://www.oddsportal.com/esports/league-of-legends/league-of-legends-lpl-2025/results/,07 Sep 2025 - Fall - Play Offs,2025-09-07,Bilibili Gaming,JD Gaming,Bilibili Gaming,JD Gaming,3-2,3.0,2.0,1.2,5.0,0.806452,0.193548,Bilibili Gaming,JD Gaming,True,BO5,0.6778801656223697,0.32211983437763025,0.6778801656223697,True
12800-12800,LPL,2025,2025-09-07,Invictus Gaming,EDward Gaming,EDward Gaming,Invictus Gaming,2-1,2,1,3,EDward Gaming|Invictus Gaming,1.0,https://www.oddsportal.com/esports/league-of-legends/league-of-legends-lpl-2025/results/,07 Sep 2025 - Fall - Play Offs,2025-09-07,Invictus Gaming,EDward Gaming,Invictus Gaming,EDward Gaming,3-0,3.0,0.0,1.12,8.0,0.877193,0.122807,Invictus Gaming,EDward Gaming,True,BO5,0.7325170099502771,0.26748299004972287,0.7325170099502771,True
12801-12801,LPL,2025,2025-09-08,Anyone's Legend,Weibo Gaming,Anyone's Legend,Weibo Gaming,4-1,4,1,5,Anyone's Legend|Weibo Gaming,1.0,https://www.oddsportal.com/esports/league-of-legends/league-of-legends-lpl-2025/results/,08 Sep 2025 - Fall - Play Offs,2025-09-08,Anyone's Legend,Weibo Gaming,Anyone's Legend,Weibo Gaming,2-3,2.0,3.0,1.32,3.45,0.72327,0.27673,Anyone's Legend,Weibo Gaming,True,BO5,0.624077042996074,0.375922957003926,0.624077042996074,True
12802-12802,LPL,2025,2025-09-08,Top Esports,Ninjas in Pyjamas,Top Esports,Ninjas in Pyjamas,4-0,4,0,4,Ninjas in Pyjamas|Top Esports,1.0,https://www.oddsportal.com/esports/league-of-legends/league-of-legends-lpl-2025/results/,08 Sep 2025 - Fall - Play Offs,2025-09-08,Top Esports,Ninjas in Pyjamas,Top Esports,Ninjas in Pyjamas,3-1,3.0,1.0,1.12,7.2,0.865385,0.134615,Top Esports,Ninjas in Pyjamas,True,BO5,0.7225010724438391,0.2774989275561609,0.7225010724438391,True
12803-12803,LPL,2025,2025-09-09,Bilibili Gaming,Invictus Gaming,Bilibili Gaming,Invictus Gaming,3-1,3,1,4,Bilibili Gaming|Invictus Gaming,1.0,https://www.oddsportal.com/esports/league-of-legends/league-of-legends-lpl-2025/results/,09 Sep 2025 - Fall - Play Offs,2025-09-09,Bilibili Gaming,Invictus Gaming,Bilibili Gaming,Invictus Gaming,3-1,3.0,1.0,2.35,1.66,0.413965,0.586035,Bilibili Gaming,Invictus Gaming,True,BO5,0.4538532820887072,0.5461467179112929,0.4538532820887072,True
12804-12804,LPL,2025,2025-09-10,Top Esports,Weibo Gaming,Top Esports,Weibo Gaming,3-1,3,1,4,Top Esports|Weibo Gaming,1.0,https://www.oddsportal.com/esports/league-of-legends/league-of-legends-lpl-2025/results/,10 Sep 2025 - Fall - Play Offs,2025-09-10,Weibo Gaming,Top Esports,Weibo Gaming,Top Esports,1-3,1.0,3.0,3.25,1.35,0.293478,0.706522,Weibo Gaming,Top Esports,False,BO5,0.38596190347515114,0.6140380965248489,0.6140380965248489,True
12805-12805,LPL,2025,2025-09-11,EDward Gaming,JD Gaming,EDward Gaming,JD Gaming,4-1,4,1,5,EDward Gaming|JD Gaming,1.0,https://www.oddsportal.com/esports/league-of-legends/league-of-legends-lpl-2025/results/,11 Sep 2025 - Fall - Play Offs,2025-09-11,JD Gaming,EDward Gaming,JD Gaming,EDward Gaming,3-2,3.0,2.0,1.44,3.0,0.675676,0.324324,JD Gaming,EDward Gaming,False,BO5,0.5960291833408963,0.4039708166591037,0.4039708166591037,True
12806-12806,LPL,2025,2025-09-12,Ninjas in Pyjamas,Anyone's Legend,Ninjas in Pyjamas,Anyone's Legend,2-2,2,2,4,Anyone's Legend|Ninjas in Pyjamas,1.0,https://www.oddsportal.com/esports/league-of-legends/league-of-legends-lpl-2025/results/,12 Sep 2025 - Fall - Play Offs,2025-09-12,Anyone's Legend,Ninjas in Pyjamas,Anyone's Legend,Ninjas in Pyjamas,3-1,3.0,1.0,1.17,6.2,0.841248,0.158752,Anyone's Legend,Ninjas in Pyjamas,False,BO5,0.7032920658003382,0.2967079341996618,0.2967079341996618,True
12807-12807,LPL,2025,2025-09-13,JD Gaming,Weibo Gaming,JD Gaming,Weibo Gaming,3-1,3,1,4,JD Gaming|Weibo Gaming,1.0,https://www.oddsportal.com/esports/league-of-legends/league-of-legends-lpl-2025/results/,13 Sep 2025 - Fall - Play Offs,2025-09-13,Weibo Gaming,JD Gaming,Weibo Gaming,JD Gaming,1-3,1.0,3.0,1.6,2.6,0.619048,0.380952,Weibo Gaming,JD Gaming,False,BO5,0.564194212185018,0.435805787814982,0.435805787814982,True
12808-12808,LPL,2025,2025-09-14,Invictus Gaming,Anyone's Legend,Anyone's Legend,Invictus Gaming,3-0,3,0,3,Anyone's Legend|Invictus Gaming,1.0,https://www.oddsportal.com/esports/league-of-legends/league-of-legends-lpl-2025/results/,14 Sep 2025 - Fall - Play Offs,2025-09-14,Invictus Gaming,Anyone's Legend,Invictus Gaming,Anyone's Legend,0-3,0.0,3.0,1.81,2.1,0.537084,0.462916,Invictus Gaming,Anyone's Legend,True,BO5,0.5197988196080906,0.4802011803919094,0.5197988196080906,True
12809-12809,LPL,2025,2025-09-15,Top Esports,Bilibili Gaming,Bilibili Gaming,Top Esports,3-2,3,2,5,Bilibili Gaming|Top Esports,1.0,https://www.oddsportal.com/esports/league-of-legends/league-of-legends-lpl-2025/results/,15 Sep 2025 - Fall - Play Offs,2025-09-15,Bilibili Gaming,Top Esports,Bilibili Gaming,Top Esports,3-2,3.0,2.0,1.9,1.95,0.506494,0.493506,Bilibili Gaming,Top Esports,False,BO5,0.5034635774660127,0.49653642253398733,0.49653642253398733,True
12810-12810,LPL,2025,2025-09-16,Anyone's Legend,JD Gaming,JD Gaming,Anyone's Legend,2-1,2,1,3,Anyone's Legend|JD Gaming,1.0,https://www.oddsportal.com/esports/league-of-legends/league-of-legends-lpl-2025/results/,16 Sep 2025 - Fall - Play Offs,2025-09-16,JD Gaming,Anyone's Legend,JD Gaming,Anyone's Legend,0-3,0.0,3.0,3.85,1.29,0.250973,0.749027,JD Gaming,Anyone's Legend,False,BO5,0.3600475283202057,0.6399524716797943,0.6399524716797943,True
12811-12811,LPL,2025,2025-09-20,Anyone's Legend,Top Esports,Anyone's Legend,Top Esports,2-2,2,2,4,Anyone's Legend|Top Esports,1.0,https://www.oddsportal.com/esports/league-of-legends/league-of-legends-lpl-2025/results/,20 Sep 2025 - Fall - Play Offs,2025-09-20,Anyone's Legend,Top Esports,Anyone's Legend,Top Esports,1-3,1.0,3.0,1.97,1.92,0.493573,0.506427,Anyone's Legend,Top Esports,True,BO5,0.4965721592616625,0.5034278407383375,0.4965721592616625,True
12812-12812,LPL,2025,2025-09-21,Bilibili Gaming,Top Esports,Bilibili Gaming,Top Esports,3-2,3,2,5,Bilibili Gaming|Top Esports,1.0,https://www.oddsportal.com/esports/league-of-legends/league-of-legends-lpl-2025/results/,21 Sep 2025 - Fall - Play Offs,2025-09-21,Top Esports,Bilibili Gaming,Top Esports,Bilibili Gaming,2-3,2.0,3.0,2.05,1.82,0.470284,0.529716,Top Esports,Bilibili Gaming,False,BO5,0.4841408331052657,0.5158591668947343,0.5158591668947343,True
13060-13060,LPL,2026,2026-01-14,Invictus Gaming,Weibo Gaming,Invictus Gaming,Weibo Gaming,2-1,2,1,3,Invictus Gaming|Weibo Gaming,3.0,https://www.oddsportal.com/esports/league-of-legends/league-of-legends-lpl/results/#/page/3/,14 Jan 2026 - Spring Season,2026-01-14 00:00:00,Weibo Gaming,Invictus Gaming,Weibo Gaming,Invictus Gaming,2-1,2.0,1.0,2.19,1.72,0.439898,0.560102,Weibo Gaming,Invictus Gaming,False,BO3,0.4598456751723115,0.5401543248276885,0.5401543248276885,True
13061-13061,LPL,2026,2026-01-14,JD Gaming,Top Esports,JD Gaming,Top Esports,2-0,2,0,2,JD Gaming|Top Esports,3.0,https://www.oddsportal.com/esports/league-of-legends/league-of-legends-lpl/results/#/page/3/,14 Jan 2026 - Spring Season,2026-01-14 00:00:00,JD Gaming,Top Esports,JD Gaming,Top Esports,2-0,2.0,0.0,1.6,2.42,0.60199,0.39801,JD Gaming,Top Esports,True,BO3,0.5684203998875972,0.4315796001124028,0.5684203998875972,True
13062-13062,LPL,2026,2026-01-15,Ultra Prime,LGD Gaming,LGD Gaming,Ultra Prime,2-0,2,0,2,LGD Gaming|Ultra Prime,,,,,,,,,,,,,,,,,,,,,,,
13063-13063,LPL,2026,2026-01-15,Anyone's Legend,Invictus Gaming,Anyone's Legend,Invictus Gaming,2-0,2,0,2,Anyone's Legend|Invictus Gaming,3.0,https://www.oddsportal.com/esports/league-of-legends/league-of-legends-lpl/results/#/page/3/,15 Jan 2026 - Spring Season,2026-01-15 00:00:00,Invictus Gaming,Anyone's Legend,Invictus Gaming,Anyone's Legend,0-2,0.0,2.0,3.2,1.4,0.304348,0.695652,Invictus Gaming,Anyone's Legend,False,BO3,0.3663847496565684,0.6336152503434316,0.6336152503434316,True
13064-13064,LPL,2026,2026-01-15,Bilibili Gaming,Weibo Gaming,Weibo Gaming,Bilibili Gaming,2-1,2,1,3,Bilibili Gaming|Weibo Gaming,3.0,https://www.oddsportal.com/esports/league-of-legends/league-of-legends-lpl/results/#/page/3/,15 Jan 2026 - Spring Season,2026-01-15 00:00:00,Weibo Gaming,Bilibili Gaming,Weibo Gaming,Bilibili Gaming,1-2,1.0,2.0,3.2,1.4,0.304348,0.695652,Weibo Gaming,Bilibili Gaming,False,BO3,0.3663847496565684,0.6336152503434316,0.6336152503434316,True
13065-13065,LPL,2026,2026-02-03,LNG Esports,Ultra Prime,LNG Esports,Ultra Prime,2-0,2,0,2,LNG Esports|Ultra Prime,2.0,https://www.oddsportal.com/esports/league-of-legends/league-of-legends-lpl/results/#/page/2/,03 Feb 2026 - Spring Season,2026-02-03 00:00:00,LNG Esports,Ultra Prime,LNG Esports,Ultra Prime,2-0,2.0,0.0,1.13,6.3,0.847914,0.152086,LNG Esports,Ultra Prime,True,BO3,0.7537198748000818,0.24628012519991815,0.7537198748000818,True
13066-13066,LPL,2026,2026-01-16,EDward Gaming,Team WE,EDward Gaming,Team WE,1-1,1,1,2,EDward Gaming|Team WE,3.0,https://www.oddsportal.com/esports/league-of-legends/league-of-legends-lpl/results/#/page/3/,16 Jan 2026 - Spring Season,2026-01-16 00:00:00,EDward Gaming,Team WE,EDward Gaming,Team WE,0-2,0.0,2.0,1.43,3.1,0.684327,0.315673,EDward Gaming,Team WE,True,BO3,0.6255215675081218,0.3744784324918782,0.6255215675081218,True
13067-13067,LPL,2026,2026-01-17,Anyone's Legend,Bilibili Gaming,Anyone's Legend,Bilibili Gaming,2-1,2,1,3,Anyone's Legend|Bilibili Gaming,3.0,https://www.oddsportal.com/esports/league-of-legends/league-of-legends-lpl/results/#/page/3/,17 Jan 2026 - Spring Season,2026-01-17 00:00:00,Anyone's Legend,Bilibili Gaming,Anyone's Legend,Bilibili Gaming,1-2,1.0,2.0,1.74,2.22,0.560606,0.439394,Anyone's Legend,Bilibili Gaming,True,BO3,0.5404925244620188,0.4595074755379812,0.5404925244620188,True
13068-13068,LPL,2026,2026-01-17,Invictus Gaming,JD Gaming,JD Gaming,Invictus Gaming,2-1,2,1,3,Invictus Gaming|JD Gaming,3.0,https://www.oddsportal.com/esports/league-of-legends/league-of-legends-lpl/results/#/page/3/,17 Jan 2026 - Spring Season,2026-01-17 00:00:00,JD Gaming,Invictus Gaming,JD Gaming,Invictus Gaming,1-2,1.0,2.0,1.6,2.38,0.59799,0.40201,JD Gaming,Invictus Gaming,False,BO3,0.5657048753749422,0.4342951246250578,0.4342951246250578,True
13069-13069,LPL,2026,2026-01-18,Bilibili Gaming,Top Esports,Bilibili Gaming,Top Esports,2-0,2,0,2,Bilibili Gaming|Top Esports,3.0,https://www.oddsportal.com/esports/league-of-legends/league-of-legends-lpl/results/#/page/3/,18 Jan 2026 - Spring Season,2026-01-18 00:00:00,Top Esports,Bilibili Gaming,Top Esports,Bilibili Gaming,0-2,0.0,2.0,5.5,1.17,0.175412,0.824588,Top Esports,Bilibili Gaming,False,BO3,0.26667058078980094,0.7333294192101991,0.7333294192101991,True
13070-13070,LPL,2026,2026-01-18,JD Gaming,Anyone's Legend,Anyone's Legend,JD Gaming,2-1,2,1,3,Anyone's Legend|JD Gaming,3.0,https://www.oddsportal.com/esports/league-of-legends/league-of-legends-lpl/results/#/page/3/,18 Jan 2026 - Spring Season,2026-01-18 00:00:00,JD Gaming,Anyone's Legend,JD Gaming,Anyone's Legend,2-1,2.0,1.0,2.94,1.45,0.330296,0.669704,JD Gaming,Anyone's Legend,True,BO3,0.3848270012592324,0.6151729987407676,0.3848270012592324,True
13071-13071,LPL,2026,2026-01-19,Team WE,ThunderTalk Gaming,Team WE,ThunderTalk Gaming,2-0,2,0,2,TT Gaming|Team WE,,,,,,,,,,,,,,,,,,,,,,,
13072-13072,LPL,2026,2026-01-19,Weibo Gaming,Top Esports,Top Esports,Weibo Gaming,3-0,3,0,3,Top Esports|Weibo Gaming,3.0,https://www.oddsportal.com/esports/league-of-legends/league-of-legends-lpl/results/#/page/3/,19 Jan 2026 - Spring Season,2026-01-19 00:00:00,Weibo Gaming,Top Esports,Weibo Gaming,Top Esports,1-2,1.0,2.0,1.3,4.4,0.77193,0.22807,Weibo Gaming,Top Esports,True,BO3,0.6905051356884335,0.3094948643115665,0.6905051356884335,True
13073-13073,LPL,2026,2026-01-19,Ninjas in Pyjamas,EDward Gaming,EDward Gaming,Ninjas in Pyjamas,3-0,3,0,3,EDward Gaming|Ninjas in Pyjamas,3.0,https://www.oddsportal.com/esports/league-of-legends/league-of-legends-lpl/results/#/page/3/,19 Jan 2026 - Spring Season,2026-01-19 00:00:00,EDward Gaming,Ninjas in Pyjamas,EDward Gaming,Ninjas in Pyjamas,1-2,1.0,2.0,1.48,2.76,0.650943,0.349057,EDward Gaming,Ninjas in Pyjamas,False,BO3,0.6020455052584873,0.3979544947415127,0.3979544947415127,True
13074-13074,LPL,2026,2026-01-20,Anyone's Legend,Weibo Gaming,Anyone's Legend,Weibo Gaming,2-0,2,0,2,Anyone's Legend|Weibo Gaming,3.0,https://www.oddsportal.com/esports/league-of-legends/league-of-legends-lpl/results/#/page/3/,20 Jan 2026 - Spring Season,2026-01-20 00:00:00,Weibo Gaming,Anyone's Legend,Weibo Gaming,Anyone's Legend,0-2,0.0,2.0,3.2,1.41,0.305857,0.694143,Weibo Gaming,Anyone's Legend,False,BO3,0.3674674422357712,0.6325325577642288,0.6325325577642288,True
13075-13075,LPL,2026,2026-01-20,Bilibili Gaming,Invictus Gaming,Bilibili Gaming,Invictus Gaming,2-0,2,0,2,Bilibili Gaming|Invictus Gaming,3.0,https://www.oddsportal.com/esports/league-of-legends/league-of-legends-lpl/results/#/page/3/,20 Jan 2026 - Spring Season,2026-01-20 00:00:00,Invictus Gaming,Bilibili Gaming,Invictus Gaming,Bilibili Gaming,0-2,0.0,2.0,3.8,1.3,0.254902,0.745098,Invictus Gaming,Bilibili Gaming,False,BO3,0.3300572867880027,0.6699427132119973,0.6699427132119973,True
13076-13076,LPL,2026,2026-01-21,LNG Esports,LGD Gaming,LNG Esports,LGD Gaming,2-1,2,1,3,LGD Gaming|LNG Esports,3.0,https://www.oddsportal.com/esports/league-of-legends/league-of-legends-lpl/results/#/page/3/,21 Jan 2026 - Spring Season,2026-01-21 00:00:00,LNG Esports,LGD Gaming,LNG Esports,LGD Gaming,2-1,2.0,1.0,1.48,2.9,0.6621,0.3379,LNG Esports,LGD Gaming,True,BO3,0.6098332761220795,0.3901667238779205,0.6098332761220795,True
13077-13077,LPL,2026,2026-01-21,Top Esports,Invictus Gaming,Top Esports,Invictus Gaming,2-1,2,1,3,Invictus Gaming|Top Esports,3.0,https://www.oddsportal.com/esports/league-of-legends/league-of-legends-lpl/results/#/page/3/,21 Jan 2026 - Spring Season,2026-01-21 00:00:00,Invictus Gaming,Top Esports,Invictus Gaming,Top Esports,2-1,2.0,1.0,1.55,2.6,0.626506,0.373494,Invictus Gaming,Top Esports,False,BO3,0.585160823258175,0.414839176741825,0.414839176741825,True
13078-13078,LPL,2026,2026-01-22,Oh My God,Ultra Prime,Ultra Prime,Oh My God,2-0,2,0,2,Oh My God|Ultra Prime,3.0,https://www.oddsportal.com/esports/league-of-legends/league-of-legends-lpl/results/#/page/3/,22 Jan 2026 - Spring Season,2026-01-22 00:00:00,Oh My God,Ultra Prime,Oh My God,Ultra Prime,0-2,0.0,2.0,1.64,2.8,0.630631,0.369369,Oh My God,Ultra Prime,True,BO3,0.5879958336148299,0.4120041663851701,0.5879958336148299,True
13079-13079,LPL,2026,2026-01-22,EDward Gaming,ThunderTalk Gaming,EDward Gaming,ThunderTalk Gaming,2-0,2,0,2,EDward Gaming|TT Gaming,3.0,https://www.oddsportal.com/esports/league-of-legends/league-of-legends-lpl/results/#/page/3/,22 Jan 2026 - Spring Season,2026-01-22 00:00:00,TT Gaming,EDward Gaming,TT Gaming,EDward Gaming,0-2,0.0,2.0,4.0,1.28,0.242424,0.757576,TT Gaming,EDward Gaming,False,BO3,0.3205818281158491,0.6794181718841509,0.6794181718841509,True
13080-13080,LPL,2026,2026-01-22,Team WE,Ninjas in Pyjamas,Ninjas in Pyjamas,Team WE,2-1,2,1,3,Ninjas in Pyjamas|Team WE,,,,,,,,,,,,,,,,,,,,,,,
13081-13081,LPL,2026,2026-01-23,LGD Gaming,Oh My God,Oh My God,LGD Gaming,2-1,2,1,3,LGD Gaming|Oh My God,3.0,https://www.oddsportal.com/esports/league-of-legends/league-of-legends-lpl/results/#/page/3/,23 Jan 2026 - Spring Season,2026-01-23 00:00:00,Oh My God,LGD Gaming,Oh My God,LGD Gaming,2-1,2.0,1.0,2.7,1.5,0.357143,0.642857,Oh My God,LGD Gaming,False,BO3,0.40356629142678013,0.5964337085732199,0.5964337085732199,True
13082-13082,LPL,2026,2026-01-23,ThunderTalk Gaming,EDward Gaming,ThunderTalk Gaming,EDward Gaming,2-1,2,1,3,EDward Gaming|TT Gaming,3.0,https://www.oddsportal.com/esports/league-of-legends/league-of-legends-lpl/results/#/page/3/,23 Jan 2026 - Spring Season,2026-01-23 00:00:00,TT Gaming,EDward Gaming,TT Gaming,EDward Gaming,1-2,1.0,2.0,5.6,1.15,0.17037,0.82963,TT Gaming,EDward Gaming,True,BO3,0.26235106236939215,0.7376489376306079,0.26235106236939215,True
13083-13083,LPL,2026,2026-01-23,Bilibili Gaming,JD Gaming,Bilibili Gaming,JD Gaming,1-1,1,1,2,Bilibili Gaming|JD Gaming,3.0,https://www.oddsportal.com/esports/league-of-legends/league-of-legends-lpl/results/#/page/3/,23 Jan 2026 - Spring Season,2026-01-23 00:00:00,JD Gaming,Bilibili Gaming,JD Gaming,Bilibili Gaming,2-0,2.0,0.0,2.88,1.45,0.334873,0.665127,JD Gaming,Bilibili Gaming,False,BO3,0.38804431886346186,0.6119556811365381,0.6119556811365381,True
13084-13084,LPL,2026,2026-01-24,Anyone's Legend,Top Esports,Top Esports,Anyone's Legend,2-1,2,1,3,Anyone's Legend|Top Esports,3.0,https://www.oddsportal.com/esports/league-of-legends/league-of-legends-lpl/results/#/page/3/,24 Jan 2026 - Spring Season,2026-01-24 00:00:00,Top Esports,Anyone's Legend,Top Esports,Anyone's Legend,1-2,1.0,2.0,5.5,1.17,0.175412,0.824588,Top Esports,Anyone's Legend,False,BO3,0.26667058078980094,0.7333294192101991,0.7333294192101991,True
13085-13085,LPL,2026,2026-01-24,JD Gaming,Weibo Gaming,JD Gaming,Weibo Gaming,1-1,1,1,2,JD Gaming|Weibo Gaming,3.0,https://www.oddsportal.com/esports/league-of-legends/league-of-legends-lpl/results/#/page/3/,24 Jan 2026 - Spring Season,2026-01-24 00:00:00,Weibo Gaming,JD Gaming,Weibo Gaming,JD Gaming,2-0,2.0,0.0,2.9,1.49,0.339408,0.660592,Weibo Gaming,JD Gaming,False,BO3,0.3912225145415474,0.6087774854584527,0.6087774854584527,True
13086-13086,LPL,2026,2026-01-25,Team WE,Ninjas in Pyjamas,Team WE,Ninjas in Pyjamas,2-1,2,1,3,Ninjas in Pyjamas|Team WE,,,,,,,,,,,,,,,,,,,,,,,
13087-13087,LPL,2026,2026-01-25,Invictus Gaming,Top Esports,Invictus Gaming,Top Esports,1-1,1,1,2,Invictus Gaming|Top Esports,3.0,https://www.oddsportal.com/esports/league-of-legends/league-of-legends-lpl/results/#/page/3/,25 Jan 2026 - Spring Season,2026-01-25 00:00:00,Invictus Gaming,Top Esports,Invictus Gaming,Top Esports,0-2,0.0,2.0,1.7,2.25,0.56962,0.43038,Invictus Gaming,Top Esports,True,BO3,0.5465478067389586,0.45345219326104136,0.5465478067389586,True
13088-13088,LPL,2026,2026-01-26,ThunderTalk Gaming,Team WE,Team WE,ThunderTalk Gaming,2-0,2,0,2,TT Gaming|Team WE,,,,,,,,,,,,,,,,,,,,,,,
13089-13089,LPL,2026,2026-01-26,JD Gaming,Bilibili Gaming,Bilibili Gaming,JD Gaming,2-1,2,1,3,Bilibili Gaming|JD Gaming,3.0,https://www.oddsportal.com/esports/league-of-legends/league-of-legends-lpl/results/#/page/3/,26 Jan 2026 - Spring Season,2026-01-26 00:00:00,JD Gaming,Bilibili Gaming,JD Gaming,Bilibili Gaming,2-1,2.0,1.0,2.9,1.45,0.333333,0.666667,JD Gaming,Bilibili Gaming,True,BO3,0.38696290891376994,0.6130370910862301,0.38696290891376994,True
13090-13090,LPL,2026,2026-01-27,LNG Esports,Ultra Prime,LNG Esports,Ultra Prime,2-0,2,0,2,LNG Esports|Ultra Prime,3.0,https://www.oddsportal.com/esports/league-of-legends/league-of-legends-lpl/results/#/page/3/,27 Jan 2026 - Spring Season,2026-01-27 00:00:00,LNG Esports,Ultra Prime,LNG Esports,Ultra Prime,2-0,2.0,0.0,1.22,4.3,0.778986,0.221014,LNG Esports,Ultra Prime,True,BO3,0.6960355047975778,0.3039644952024222,0.6960355047975778,True
13091-13091,LPL,2026,2026-01-27,Top Esports,Weibo Gaming,Weibo Gaming,Top Esports,3-0,3,0,3,Top Esports|Weibo Gaming,3.0,https://www.oddsportal.com/esports/league-of-legends/league-of-legends-lpl/results/#/page/3/,27 Jan 2026 - Spring Season,2026-01-27 00:00:00,Weibo Gaming,Top Esports,Weibo Gaming,Top Esports,2-1,2.0,1.0,1.65,2.4,0.592593,0.407407,Weibo Gaming,Top Esports,False,BO3,0.5620471630643912,0.4379528369356088,0.4379528369356088,True
13092-13092,LPL,2026,2026-01-27,Invictus Gaming,Anyone's Legend,Anyone's Legend,Invictus Gaming,3-0,3,0,3,Anyone's Legend|Invictus Gaming,3.0,https://www.oddsportal.com/esports/league-of-legends/league-of-legends-lpl/results/#/page/3/,27 Jan 2026 - Spring Season,2026-01-27 00:00:00,Invictus Gaming,Anyone's Legend,Invictus Gaming,Anyone's Legend,1-2,1.0,2.0,3.8,1.3,0.254902,0.745098,Invictus Gaming,Anyone's Legend,True,BO3,0.3300572867880027,0.6699427132119973,0.3300572867880027,True
13093-13093,LPL,2026,2026-01-28,Ultra Prime,LGD Gaming,LGD Gaming,Ultra Prime,2-1,2,1,3,LGD Gaming|Ultra Prime,,,,,,,,,,,,,,,,,,,,,,,
13094-13094,LPL,2026,2026-01-28,LNG Esports,Oh My God,LNG Esports,Oh My God,2-0,2,0,2,LNG Esports|Oh My God,,,,,,,,,,,,,,,,,,,,,,,
13095-13095,LPL,2026,2026-01-28,EDward Gaming,Ninjas in Pyjamas,EDward Gaming,Ninjas in Pyjamas,2-1,2,1,3,EDward Gaming|Ninjas in Pyjamas,3.0,https://www.oddsportal.com/esports/league-of-legends/league-of-legends-lpl/results/#/page/3/,28 Jan 2026 - Spring Season,2026-01-28 00:00:00,EDward Gaming,Ninjas in Pyjamas,EDward Gaming,Ninjas in Pyjamas,2-1,2.0,1.0,1.74,2.2,0.558376,0.441624,EDward Gaming,Ninjas in Pyjamas,True,BO3,0.5389964034539443,0.4610035965460557,0.5389964034539443,True
13096-13096,LPL,2026,2026-01-29,ThunderTalk Gaming,Ninjas in Pyjamas,ThunderTalk Gaming,Ninjas in Pyjamas,1-1,1,1,2,Ninjas in Pyjamas|TT Gaming,,,,,,,,,,,,,,,,,,,,,,,
13097-13097,LPL,2026,2026-01-29,Weibo Gaming,JD Gaming,JD Gaming,Weibo Gaming,2-1,2,1,3,JD Gaming|Weibo Gaming,3.0,https://www.oddsportal.com/esports/league-of-legends/league-of-legends-lpl/results/#/page/3/,29 Jan 2026 - Spring Season,2026-01-29 00:00:00,Weibo Gaming,JD Gaming,Weibo Gaming,JD Gaming,2-1,2.0,1.0,2.44,1.58,0.393035,0.606965,Weibo Gaming,JD Gaming,True,BO3,0.4281963973978238,0.5718036026021762,0.4281963973978238,True
13098-13098,LPL,2026,2026-01-30,Ultra Prime,Oh My God,Oh My God,Ultra Prime,2-0,2,0,2,Oh My God|Ultra Prime,3.0,https://www.oddsportal.com/esports/league-of-legends/league-of-legends-lpl/results/#/page/3/,30 Jan 2026 - Spring Season,2026-01-30 00:00:00,Oh My God,Ultra Prime,Oh My God,Ultra Prime,2-0,2.0,0.0,1.9,1.9,0.5,0.5,Oh My God,Ultra Prime,False,BO3,0.5,0.5,0.5,True
13099-13099,LPL,2026,2026-01-30,Top Esports,Bilibili Gaming,Bilibili Gaming,Top Esports,3-0,3,0,3,Bilibili Gaming|Top Esports,3.0,https://www.oddsportal.com/esports/league-of-legends/league-of-legends-lpl/results/#/page/3/,30 Jan 2026 - Spring Season,2026-01-30 00:00:00,Top Esports,Bilibili Gaming,Top Esports,Bilibili Gaming,2-1,2.0,1.0,4.28,1.3,0.232975,0.767025,Top Esports,Bilibili Gaming,True,BO3,0.3133073108035922,0.6866926891964078,0.3133073108035922,True
13100-13100,LPL,2026,2026-01-31,Anyone's Legend,JD Gaming,JD Gaming,Anyone's Legend,2-1,2,1,3,Anyone's Legend|JD Gaming,3.0,https://www.oddsportal.com/esports/league-of-legends/league-of-legends-lpl/results/#/page/3/,31 Jan 2026 - Spring Season,2026-01-31 00:00:00,JD Gaming,Anyone's Legend,JD Gaming,Anyone's Legend,1-2,1.0,2.0,2.15,1.73,0.445876,0.554124,JD Gaming,Anyone's Legend,False,BO3,0.4638543673153093,0.5361456326846907,0.5361456326846907,True
13101-13101,LPL,2026,2026-01-31,Invictus Gaming,Bilibili Gaming,Invictus Gaming,Bilibili Gaming,1-1,1,1,2,Bilibili Gaming|Invictus Gaming,3.0,https://www.oddsportal.com/esports/league-of-legends/league-of-legends-lpl/results/#/page/3/,31 Jan 2026 - Spring Season,2026-01-31 00:00:00,Invictus Gaming,Bilibili Gaming,Invictus Gaming,Bilibili Gaming,0-2,0.0,2.0,3.5,1.32,0.273859,0.726141,Invictus Gaming,Bilibili Gaming,True,BO3,0.34419655465206,0.65580344534794,0.34419655465206,True
13102-13102,LPL,2026,2026-02-01,LNG Esports,LGD Gaming,LNG Esports,LGD Gaming,2-1,2,1,3,LGD Gaming|LNG Esports,3.0,https://www.oddsportal.com/esports/league-of-legends/league-of-legends-lpl/results/#/page/3/,01 Feb 2026 - Spring Season,2026-02-01 00:00:00,LNG Esports,LGD Gaming,LNG Esports,LGD Gaming,2-1,2.0,1.0,1.32,3.72,0.738095,0.261905,LNG Esports,LGD Gaming,True,BO3,0.6646852938220487,0.33531470617795134,0.6646852938220487,True
13103-13103,LPL,2026,2026-02-01,Top Esports,Anyone's Legend,Top Esports,Anyone's Legend,1-1,1,1,2,Anyone's Legend|Top Esports,3.0,https://www.oddsportal.com/esports/league-of-legends/league-of-legends-lpl/results/#/page/3/,01 Feb 2026 - Spring Season,2026-02-01 00:00:00,Top Esports,Anyone's Legend,Top Esports,Anyone's Legend,0-2,0.0,2.0,3.4,1.33,0.281184,0.718816,Top Esports,Anyone's Legend,True,BO3,0.3495852344545748,0.6504147655454252,0.3495852344545748,True
13104-13104,LPL,2026,2026-02-02,LGD Gaming,Oh My God,Oh My God,LGD Gaming,2-1,2,1,3,LGD Gaming|Oh My God,3.0,https://www.oddsportal.com/esports/league-of-legends/league-of-legends-lpl/results/#/page/3/,02 Feb 2026 - Spring Season,2026-02-02 00:00:00,Oh My God,LGD Gaming,Oh My God,LGD Gaming,2-1,2.0,1.0,2.1,1.74,0.453125,0.546875,Oh My God,LGD Gaming,False,BO3,0.4687091501173018,0.5312908498826983,0.5312908498826983,True
13105-13105,LPL,2026,2026-02-02,Weibo Gaming,Bilibili Gaming,Weibo Gaming,Bilibili Gaming,1-1,1,1,2,Bilibili Gaming|Weibo Gaming,2.0,https://www.oddsportal.com/esports/league-of-legends/league-of-legends-lpl/results/#/page/2/,02 Feb 2026 - Spring Season,2026-02-02 00:00:00,Weibo Gaming,Bilibili Gaming,Weibo Gaming,Bilibili Gaming,0-2,0.0,2.0,2.9,1.42,0.328704,0.671296,Weibo Gaming,Bilibili Gaming,True,BO3,0.3837055851621719,0.6162944148378281,0.3837055851621719,True
13106-13106,LPL,2026,2026-01-16,Oh My God,LNG Esports,Oh My God,LNG Esports,1-1,1,1,2,LNG Esports|Oh My God,3.0,https://www.oddsportal.com/esports/league-of-legends/league-of-legends-lpl/results/#/page/3/,16 Jan 2026 - Spring Season,2026-01-16 00:00:00,Oh My God,LNG Esports,Oh My God,LNG Esports,0-2,0.0,2.0,2.5,1.55,0.382716,0.617284,Oh My God,LNG Esports,True,BO3,0.4211571978160686,0.5788428021839314,0.4211571978160686,True
13107-13107,LPL,2026,2026-02-03,JD Gaming,Invictus Gaming,JD Gaming,Invictus Gaming,2-1,2,1,3,Invictus Gaming|JD Gaming,2.0,https://www.oddsportal.com/esports/league-of-legends/league-of-legends-lpl/results/#/page/2/,03 Feb 2026 - Spring Season,2026-02-03 00:00:00,JD Gaming,Invictus Gaming,JD Gaming,Invictus Gaming,2-1,2.0,1.0,1.35,3.38,0.714588,0.285412,JD Gaming,Invictus Gaming,True,BO3,0.6473219168511475,0.3526780831488525,0.6473219168511475,True
13108-13108,LPL,2026,2026-02-04,Team WE,EDward Gaming,Team WE,EDward Gaming,1-1,1,1,2,EDward Gaming|Team WE,2.0,https://www.oddsportal.com/esports/league-of-legends/league-of-legends-lpl/results/#/page/2/,04 Feb 2026 - Spring Season,2026-02-04 00:00:00,EDward Gaming,Team WE,EDward Gaming,Team WE,2-0,2.0,0.0,1.71,2.19,0.561538,0.438462,EDward Gaming,Team WE,False,BO3,0.5411180238791823,0.4588819761208177,0.4588819761208177,True
13109-13109,LPL,2026,2026-02-04,Anyone's Legend,Weibo Gaming,Weibo Gaming,Anyone's Legend,2-1,2,1,3,Anyone's Legend|Weibo Gaming,2.0,https://www.oddsportal.com/esports/league-of-legends/league-of-legends-lpl/results/#/page/2/,04 Feb 2026 - Spring Season,2026-02-04 00:00:00,Weibo Gaming,Anyone's Legend,Weibo Gaming,Anyone's Legend,1-2,1.0,2.0,3.35,1.35,0.287234,0.712766,Weibo Gaming,Anyone's Legend,False,BO3,0.3540070898091757,0.6459929101908243,0.6459929101908243,True
13110-13110,LPL,2026,2026-02-05,ThunderTalk Gaming,Ninjas in Pyjamas,Ninjas in Pyjamas,ThunderTalk Gaming,2-0,2,0,2,Ninjas in Pyjamas|TT Gaming,,,,,,,,,,,,,,,,,,,,,,,
13111-13111,LPL,2026,2026-02-05,Top Esports,JD Gaming,Top Esports,JD Gaming,1-1,1,1,2,JD Gaming|Top Esports,2.0,https://www.oddsportal.com/esports/league-of-legends/league-of-legends-lpl/results/#/page/2/,05 Feb 2026 - Spring Season,2026-02-05 00:00:00,JD Gaming,Top Esports,JD Gaming,Top Esports,0-2,0.0,2.0,1.34,3.4,0.7173,0.2827,JD Gaming,Top Esports,False,BO3,0.6493043478872075,0.3506956521127925,0.3506956521127925,True
13112-13112,LPL,2026,2026-02-06,Weibo Gaming,Invictus Gaming,Weibo Gaming,Invictus Gaming,2-0,2,0,2,Invictus Gaming|Weibo Gaming,2.0,https://www.oddsportal.com/esports/league-of-legends/league-of-legends-lpl/results/#/page/2/,06 Feb 2026 - Spring Season,2026-02-06 00:00:00,Weibo Gaming,Invictus Gaming,Weibo Gaming,Invictus Gaming,2-0,2.0,0.0,1.55,2.8,0.643678,0.356322,Weibo Gaming,Invictus Gaming,True,BO3,0.5970023179054407,0.40299768209455933,0.5970023179054407,True
13113-13113,LPL,2026,2026-02-06,Bilibili Gaming,Anyone's Legend,Bilibili Gaming,Anyone's Legend,2-1,2,1,3,Anyone's Legend|Bilibili Gaming,2.0,https://www.oddsportal.com/esports/league-of-legends/league-of-legends-lpl/results/#/page/2/,06 Feb 2026 - Spring Season,2026-02-06 00:00:00,Anyone's Legend,Bilibili Gaming,Anyone's Legend,Bilibili Gaming,2-1,2.0,1.0,2.0,1.82,0.47644,0.52356,Anyone's Legend,Bilibili Gaming,False,BO3,0.48428816179520046,0.5157118382047996,0.5157118382047996,True
13114-13114,LPL,2026,2026-02-09,Team WE,Top Esports,Top Esports,Team WE,3-2,3,2,5,Team WE|Top Esports,,,,,,,,,,,,,,,,,,,,,,,
13115-13115,LPL,2026,2026-02-09,Ninjas in Pyjamas,Invictus Gaming,Invictus Gaming,Ninjas in Pyjamas,4-0,4,0,4,Invictus Gaming|Ninjas in Pyjamas,,,,,,,,,,,,,,,,,,,,,,,
13116-13116,LPL,2026,2026-02-10,ThunderTalk Gaming,LNG Esports,LNG Esports,ThunderTalk Gaming,2-1,2,1,3,LNG Esports|TT Gaming,2.0,https://www.oddsportal.com/esports/league-of-legends/league-of-legends-lpl/results/#/page/2/,10 Feb 2026 - Spring - Promotion,2026-02-10 00:00:00,LNG Esports,TT Gaming,LNG Esports,TT Gaming,3-0,3.0,0.0,1.05,10.0,0.904977,0.095023,LNG Esports,TT Gaming,False,BO5,0.7582336778629442,0.24176632213705584,0.24176632213705584,True
13117-13117,LPL,2026,2026-02-10,Oh My God,EDward Gaming,Oh My God,EDward Gaming,2-2,2,2,4,EDward Gaming|Oh My God,2.0,https://www.oddsportal.com/esports/league-of-legends/league-of-legends-lpl/results/#/page/2/,10 Feb 2026 - Spring - Promotion,2026-02-10 00:00:00,Oh My God,EDward Gaming,Oh My God,EDward Gaming,3-1,3.0,1.0,4.8,1.19,0.198664,0.801336,Oh My God,EDward Gaming,True,BO5,0.32567591401914603,0.6743240859808539,0.32567591401914603,True
13118-13118,LPL,2026,2026-02-11,Oh My God,Invictus Gaming,Oh My God,Invictus Gaming,2-1,2,1,3,Invictus Gaming|Oh My God,2.0,https://www.oddsportal.com/esports/league-of-legends/league-of-legends-lpl/results/#/page/2/,11 Feb 2026 - Spring - Promotion,2026-02-11 00:00:00,Invictus Gaming,Oh My God,Invictus Gaming,Oh My God,3-0,3.0,0.0,1.5,2.7,0.642857,0.357143,Invictus Gaming,Oh My God,False,BO5,0.5774188989413773,0.4225811010586227,0.4225811010586227,True
13119-13119,LPL,2026,2026-02-11,LNG Esports,Team WE,Team WE,LNG Esports,3-1,3,1,4,LNG Esports|Team WE,2.0,https://www.oddsportal.com/esports/league-of-legends/league-of-legends-lpl/results/#/page/2/,11 Feb 2026 - Spring - Promotion,2026-02-11 00:00:00,Team WE,LNG Esports,Team WE,LNG Esports,3-1,3.0,1.0,2.9,1.42,0.328704,0.671296,Team WE,LNG Esports,False,BO5,0.40648417858721775,0.5935158214127823,0.5935158214127823,True
13120-13120,LPL,2026,2026-02-07,Team WE,Ninjas in Pyjamas,Ninjas in Pyjamas,Team WE,2-0,2,0,2,Ninjas in Pyjamas|Team WE,,,,,,,,,,,,,,,,,,,,,,,
13121-13121,LPL,2026,2026-02-24,Top Esports,JD Gaming,Top Esports,JD Gaming,3-2,3,2,5,JD Gaming|Top Esports,2.0,https://www.oddsportal.com/esports/league-of-legends/league-of-legends-lpl/results/#/page/2/,24 Feb 2026 - Spring - Play Offs,2026-02-24 00:00:00,JD Gaming,Top Esports,JD Gaming,Top Esports,3-2,3.0,2.0,1.55,2.5,0.617284,0.382716,JD Gaming,Top Esports,False,BO5,0.5632221036187148,0.43677789638128517,0.43677789638128517,True
13122-13122,LPL,2026,2026-02-24,Team WE,Anyone's Legend,Team WE,Anyone's Legend,2-1,2,1,3,Anyone's Legend|Team WE,2.0,https://www.oddsportal.com/esports/league-of-legends/league-of-legends-lpl/results/#/page/2/,24 Feb 2026 - Spring - Play Offs,2026-02-24 00:00:00,Anyone's Legend,Team WE,Anyone's Legend,Team WE,3-0,3.0,0.0,1.1,7.0,0.864198,0.135802,Anyone's Legend,Team WE,False,BO5,0.7215189065507821,0.2784810934492179,0.2784810934492179,True
13123-13123,LPL,2026,2026-02-25,Invictus Gaming,Weibo Gaming,Invictus Gaming,Weibo Gaming,2-1,2,1,3,Invictus Gaming|Weibo Gaming,2.0,https://www.oddsportal.com/esports/league-of-legends/league-of-legends-lpl/results/#/page/2/,25 Feb 2026 - Spring - Play Offs,2026-02-25 00:00:00,Weibo Gaming,Invictus Gaming,Weibo Gaming,Invictus Gaming,3-0,3.0,0.0,1.41,3.0,0.680272,0.319728,Weibo Gaming,Invictus Gaming,False,BO5,0.5986773778038178,0.4013226221961822,0.4013226221961822,True
13124-13124,LPL,2026,2026-02-25,Bilibili Gaming,Ninjas in Pyjamas,Bilibili Gaming,Ninjas in Pyjamas,3-0,3,0,3,Bilibili Gaming|Ninjas in Pyjamas,2.0,https://www.oddsportal.com/esports/league-of-legends/league-of-legends-lpl/results/#/page/2/,25 Feb 2026 - Spring - Play Offs,2026-02-25 00:00:00,Bilibili Gaming,Ninjas in Pyjamas,Bilibili Gaming,Ninjas in Pyjamas,3-0,3.0,0.0,1.12,6.2,0.846995,0.153005,Bilibili Gaming,Ninjas in Pyjamas,True,BO5,0.7077299740054303,0.29227002599456975,0.7077299740054303,True
13125-13125,LPL,2026,2026-02-26,Anyone's Legend,JD Gaming,JD Gaming,Anyone's Legend,3-2,3,2,5,Anyone's Legend|JD Gaming,2.0,https://www.oddsportal.com/esports/league-of-legends/league-of-legends-lpl/results/#/page/2/,26 Feb 2026 - Spring - Play Offs,2026-02-26 00:00:00,Anyone's Legend,JD Gaming,Anyone's Legend,JD Gaming,2-3,2.0,3.0,1.31,3.68,0.737475,0.262525,Anyone's Legend,JD Gaming,True,BO5,0.6327613392090939,0.36723866079090606,0.6327613392090939,True
13126-13126,LPL,2026,2026-02-27,Bilibili Gaming,Weibo Gaming,Bilibili Gaming,Weibo Gaming,3-0,3,0,3,Bilibili Gaming|Weibo Gaming,2.0,https://www.oddsportal.com/esports/league-of-legends/league-of-legends-lpl/results/#/page/2/,27 Feb 2026 - Spring - Play Offs,2026-02-27 00:00:00,Bilibili Gaming,Weibo Gaming,Bilibili Gaming,Weibo Gaming,3-0,3.0,0.0,1.22,4.5,0.786713,0.213287,Bilibili Gaming,Weibo Gaming,True,BO5,0.664372476037226,0.33562752396277395,0.664372476037226,True
13127-13127,LPL,2026,2026-02-28,Team WE,Top Esports,Top Esports,Team WE,3-0,3,0,3,Team WE|Top Esports,2.0,https://www.oddsportal.com/esports/league-of-legends/league-of-legends-lpl/results/#/page/2/,28 Feb 2026 - Spring - Play Offs,2026-02-28 00:00:00,Team WE,Top Esports,Team WE,Top Esports,0-3,0.0,3.0,3.76,1.28,0.253968,0.746032,Team WE,Top Esports,True,BO5,0.36192371230497355,0.6380762876950264,0.36192371230497355,True
13128-13128,LPL,2026,2026-03-01,Invictus Gaming,Ninjas in Pyjamas,Invictus Gaming,Ninjas in Pyjamas,3-1,3,1,4,Invictus Gaming|Ninjas in Pyjamas,,,,,,,,,,,,,,,,,,,,,,,
13129-13129,LPL,2026,2026-03-02,Weibo Gaming,Top Esports,Weibo Gaming,Top Esports,3-2,3,2,5,Top Esports|Weibo Gaming,2.0,https://www.oddsportal.com/esports/league-of-legends/league-of-legends-lpl/results/#/page/2/,02 Mar 2026 - Spring - Play Offs,2026-03-02 00:00:00,Top Esports,Weibo Gaming,Top Esports,Weibo Gaming,2-3,2.0,3.0,2.13,1.78,0.455243,0.544757,Top Esports,Weibo Gaming,False,BO5,0.4760931887378362,0.5239068112621639,0.5239068112621639,True
13130-13130,LPL,2026,2026-03-03,Invictus Gaming,Anyone's Legend,Anyone's Legend,Invictus Gaming,3-1,3,1,4,Anyone's Legend|Invictus Gaming,2.0,https://www.oddsportal.com/esports/league-of-legends/league-of-legends-lpl/results/#/page/2/,03 Mar 2026 - Spring - Play Offs,2026-03-03 00:00:00,Anyone's Legend,Invictus Gaming,Anyone's Legend,Invictus Gaming,3-1,3.0,1.0,1.1,9.0,0.891089,0.108911,Anyone's Legend,Invictus Gaming,False,BO5,0.7449521762137967,0.2550478237862033,0.2550478237862033,True
13131-13131,LPL,2026,2026-03-04,JD Gaming,Bilibili Gaming,Bilibili Gaming,JD Gaming,3-2,3,2,5,Bilibili Gaming|JD Gaming,2.0,https://www.oddsportal.com/esports/league-of-legends/league-of-legends-lpl/results/#/page/2/,04 Mar 2026 - Spring - Play Offs,2026-03-04 00:00:00,Bilibili Gaming,JD Gaming,Bilibili Gaming,JD Gaming,3-2,3.0,2.0,1.39,3.4,0.709812,0.290188,Bilibili Gaming,JD Gaming,False,BO5,0.615994316399256,0.38400568360074405,0.38400568360074405,True
13132-13132,LPL,2026,2026-03-05,Anyone's Legend,Weibo Gaming,Weibo Gaming,Anyone's Legend,3-1,3,1,4,Anyone's Legend|Weibo Gaming,2.0,https://www.oddsportal.com/esports/league-of-legends/league-of-legends-lpl/results/#/page/2/,05 Mar 2026 - Spring - Play Offs,2026-03-05 00:00:00,Weibo Gaming,Anyone's Legend,Weibo Gaming,Anyone's Legend,3-1,3.0,1.0,4.7,1.2,0.20339,0.79661,Weibo Gaming,Anyone's Legend,False,BO5,0.32892558287252055,0.6710744171274794,0.6710744171274794,True
13133-13133,LPL,2026,2026-03-07,JD Gaming,Weibo Gaming,JD Gaming,Weibo Gaming,3-0,3,0,3,JD Gaming|Weibo Gaming,2.0,https://www.oddsportal.com/esports/league-of-legends/league-of-legends-lpl/results/#/page/2/,07 Mar 2026 - Spring - Play Offs,2026-03-07 00:00:00,JD Gaming,Weibo Gaming,JD Gaming,Weibo Gaming,3-0,3.0,0.0,1.82,2.02,0.526042,0.473958,JD Gaming,Weibo Gaming,True,BO5,0.5138962208193246,0.4861037791806754,0.5138962208193246,True
13134-13134,LPL,2026,2026-03-08,Bilibili Gaming,JD Gaming,Bilibili Gaming,JD Gaming,2-2,2,2,4,Bilibili Gaming|JD Gaming,2.0,https://www.oddsportal.com/esports/league-of-legends/league-of-legends-lpl/results/#/page/2/,08 Mar 2026 - Spring - Play Offs,2026-03-08 00:00:00,JD Gaming,Bilibili Gaming,JD Gaming,Bilibili Gaming,1-3,1.0,3.0,3.25,1.37,0.296537,0.703463,JD Gaming,Bilibili Gaming,False,BO5,0.38777418430845,0.61222581569155,0.61222581569155,True
13208-13208,LPL,2026,2026-04-04,Invictus Gaming,Top Esports,Invictus Gaming,Top Esports,2-0,2,0,2,Invictus Gaming|Top Esports,2.0,https://www.oddsportal.com/esports/league-of-legends/league-of-legends-lpl/results/#/page/2/,04 Apr 2026 - Summer Season,2026-04-04 00:00:00,Top Esports,Invictus Gaming,Top Esports,Invictus Gaming,0-2,0.0,2.0,1.57,2.6,0.623501,0.376499,Top Esports,Invictus Gaming,False,BO3,0.5830991172032591,0.41690088279674087,0.41690088279674087,True
13209-13209,LPL,2026,2026-04-04,Anyone's Legend,Weibo Gaming,Anyone's Legend,Weibo Gaming,2-0,2,0,2,Anyone's Legend|Weibo Gaming,2.0,https://www.oddsportal.com/esports/league-of-legends/league-of-legends-lpl/results/#/page/2/,04 Apr 2026 - Summer Season,2026-04-04 00:00:00,Weibo Gaming,Anyone's Legend,Weibo Gaming,Anyone's Legend,0-2,0.0,2.0,2.94,1.42,0.325688,0.674312,Weibo Gaming,Anyone's Legend,False,BO3,0.3815776851364672,0.6184223148635328,0.6184223148635328,True
13210-13210,LPL,2026,2026-04-04,Team WE,Ninjas in Pyjamas,Team WE,Ninjas in Pyjamas,1-1,1,1,2,Ninjas in Pyjamas|Team WE,,,,,,,,,,,,,,,,,,,,,,,
13211-13211,LPL,2026,2026-04-05,JD Gaming,Bilibili Gaming,Bilibili Gaming,JD Gaming,3-0,3,0,3,Bilibili Gaming|JD Gaming,2.0,https://www.oddsportal.com/esports/league-of-legends/league-of-legends-lpl/results/#/page/2/,05 Apr 2026 - Summer Season,2026-04-05 00:00:00,JD Gaming,Bilibili Gaming,JD Gaming,Bilibili Gaming,1-2,1.0,2.0,4.6,1.22,0.209622,0.790378,JD Gaming,Bilibili Gaming,True,BO3,0.29491324337126856,0.7050867566287314,0.29491324337126856,True
13212-13212,LPL,2026,2026-04-05,Top Esports,Anyone's Legend,Top Esports,Anyone's Legend,2-0,2,0,2,Anyone's Legend|Top Esports,2.0,https://www.oddsportal.com/esports/league-of-legends/league-of-legends-lpl/results/#/page/2/,05 Apr 2026 - Summer Season,2026-04-05 00:00:00,Top Esports,Anyone's Legend,Top Esports,Anyone's Legend,2-0,2.0,0.0,5.88,1.17,0.165957,0.834043,Top Esports,Anyone's Legend,True,BO3,0.2585324778798835,0.7414675221201166,0.2585324778798835,True
13213-13213,LPL,2026,2026-04-08,Invictus Gaming,Ninjas in Pyjamas,Invictus Gaming,Ninjas in Pyjamas,3-0,3,0,3,Invictus Gaming|Ninjas in Pyjamas,,,,,,,,,,,,,,,,,,,,,,,
13214-13214,LPL,2026,2026-04-08,Top Esports,Team WE,Top Esports,Team WE,2-0,2,0,2,Team WE|Top Esports,2.0,https://www.oddsportal.com/esports/league-of-legends/league-of-legends-lpl/results/#/page/2/,08 Apr 2026 - Summer Season,2026-04-08 00:00:00,Top Esports,Team WE,Top Esports,Team WE,2-0,2.0,0.0,1.33,3.3,0.712743,0.287257,Top Esports,Team WE,True,BO3,0.6459761479441685,0.35402385205583153,0.6459761479441685,True
13215-13215,LPL,2026,2026-04-09,Weibo Gaming,Ninjas in Pyjamas,Weibo Gaming,Ninjas in Pyjamas,2-1,2,1,3,Ninjas in Pyjamas|Weibo Gaming,2.0,https://www.oddsportal.com/esports/league-of-legends/league-of-legends-lpl/results/#/page/2/,09 Apr 2026 - Summer Season,2026-04-09 00:00:00,Weibo Gaming,Ninjas in Pyjamas,Weibo Gaming,Ninjas in Pyjamas,1-2,1.0,2.0,1.31,3.7,0.738523,0.261477,Weibo Gaming,Ninjas in Pyjamas,True,BO3,0.6650054240295712,0.3349945759704288,0.6650054240295712,True
13216-13216,LPL,2026,2026-04-09,Team WE,Bilibili Gaming,Team WE,Bilibili Gaming,1-1,1,1,2,Bilibili Gaming|Team WE,2.0,https://www.oddsportal.com/esports/league-of-legends/league-of-legends-lpl/results/#/page/2/,09 Apr 2026 - Summer Season,2026-04-09 00:00:00,Team WE,Bilibili Gaming,Team WE,Bilibili Gaming,0-2,0.0,2.0,11.0,1.04,0.086379,0.913621,Team WE,Bilibili Gaming,True,BO3,0.1809499425519454,0.8190500574480546,0.1809499425519454,True
13217-13217,LPL,2026,2026-04-10,LNG Esports,EDward Gaming,LNG Esports,EDward Gaming,2-1,2,1,3,EDward Gaming|LNG Esports,2.0,https://www.oddsportal.com/esports/league-of-legends/league-of-legends-lpl/results/#/page/2/,10 Apr 2026 - Summer Season,2026-04-10 00:00:00,LNG Esports,EDward Gaming,LNG Esports,EDward Gaming,1-2,1.0,2.0,1.72,2.36,0.578431,0.421569,LNG Esports,EDward Gaming,True,BO3,0.5524800509786116,0.44751994902138836,0.5524800509786116,True
13218-13218,LPL,2026,2026-04-10,JD Gaming,Anyone's Legend,JD Gaming,Anyone's Legend,1-1,1,1,2,Anyone's Legend|JD Gaming,2.0,https://www.oddsportal.com/esports/league-of-legends/league-of-legends-lpl/results/#/page/2/,10 Apr 2026 - Summer Season,2026-04-10 00:00:00,JD Gaming,Anyone's Legend,JD Gaming,Anyone's Legend,2-0,2.0,0.0,2.35,1.64,0.411028,0.588972,JD Gaming,Anyone's Legend,True,BO3,0.440403099049658,0.559596900950342,0.440403099049658,True
13219-13219,LPL,2026,2026-04-11,Invictus Gaming,Team WE,Invictus Gaming,Team WE,2-0,2,0,2,Invictus Gaming|Team WE,,,,,,,,,,,,,,,,,,,,,,,
13220-13220,LPL,2026,2026-04-11,JD Gaming,Top Esports,Top Esports,JD Gaming,2-0,2,0,2,JD Gaming|Top Esports,2.0,https://www.oddsportal.com/esports/league-of-legends/league-of-legends-lpl/results/#/page/2/,11 Apr 2026 - Summer Season,2026-04-11 00:00:00,Top Esports,JD Gaming,Top Esports,JD Gaming,2-0,2.0,0.0,2.78,1.53,0.354988,0.645012,Top Esports,JD Gaming,False,BO3,0.4020732214403829,0.5979267785596172,0.5979267785596172,True
13221-13221,LPL,2026,2026-04-12,Oh My God,LGD Gaming,Oh My God,LGD Gaming,2-1,2,1,3,LGD Gaming|Oh My God,2.0,https://www.oddsportal.com/esports/league-of-legends/league-of-legends-lpl/results/#/page/2/,12 Apr 2026 - Summer Season,2026-04-12 00:00:00,Oh My God,LGD Gaming,Oh My God,LGD Gaming,1-2,1.0,2.0,1.55,2.52,0.619165,0.380835,Oh My God,LGD Gaming,True,BO3,0.5801293158396048,0.4198706841603952,0.5801293158396048,True
13222-13222,LPL,2026,2026-04-12,Weibo Gaming,Bilibili Gaming,Weibo Gaming,Bilibili Gaming,1-1,1,1,2,Bilibili Gaming|Weibo Gaming,2.0,https://www.oddsportal.com/esports/league-of-legends/league-of-legends-lpl/results/#/page/2/,12 Apr 2026 - Summer Season,2026-04-12 00:00:00,Weibo Gaming,Bilibili Gaming,Weibo Gaming,Bilibili Gaming,0-2,0.0,2.0,5.5,1.19,0.177877,0.822123,Weibo Gaming,Bilibili Gaming,True,BO3,0.26876618931592927,0.7312338106840708,0.26876618931592927,True
13223-13223,LPL,2026,2026-04-15,Ultra Prime,ThunderTalk Gaming,Ultra Prime,ThunderTalk Gaming,1-1,1,1,2,TT Gaming|Ultra Prime,,,,,,,,,,,,,,,,,,,,,,,
13224-13224,LPL,2026,2026-04-15,Invictus Gaming,Weibo Gaming,Weibo Gaming,Invictus Gaming,2-1,2,1,3,Invictus Gaming|Weibo Gaming,2.0,https://www.oddsportal.com/esports/league-of-legends/league-of-legends-lpl/results/#/page/2/,15 Apr 2026 - Summer Season,2026-04-15 00:00:00,Weibo Gaming,Invictus Gaming,Weibo Gaming,Invictus Gaming,2-1,2.0,1.0,2.11,1.75,0.453368,0.546632,Weibo Gaming,Invictus Gaming,False,BO3,0.46887178376215455,0.5311282162378455,0.5311282162378455,True
13225-13225,LPL,2026,2026-04-16,Team WE,Anyone's Legend,Team WE,Anyone's Legend,1-1,1,1,2,Anyone's Legend|Team WE,2.0,https://www.oddsportal.com/esports/league-of-legends/league-of-legends-lpl/results/#/page/2/,16 Apr 2026 - Summer Season,2026-04-16 00:00:00,Team WE,Anyone's Legend,Team WE,Anyone's Legend,0-2,0.0,2.0,8.0,1.09,0.119912,0.880088,Team WE,Anyone's Legend,True,BO3,0.21609780456942826,0.7839021954305717,0.21609780456942826,True
13226-13226,LPL,2026,2026-04-16,Top Esports,Bilibili Gaming,Top Esports,Bilibili Gaming,2-0,2,0,2,Bilibili Gaming|Top Esports,2.0,https://www.oddsportal.com/esports/league-of-legends/league-of-legends-lpl/results/#/page/2/,16 Apr 2026 - Summer Season,2026-04-16 00:00:00,Top Esports,Bilibili Gaming,Top Esports,Bilibili Gaming,2-0,2.0,0.0,1.92,1.78,0.481081,0.518919,Top Esports,Bilibili Gaming,True,BO3,0.4873846564096694,0.5126153435903307,0.4873846564096694,True
13227-13227,LPL,2026,2026-04-17,Oh My God,ThunderTalk Gaming,Oh My God,ThunderTalk Gaming,3-0,3,0,3,Oh My God|TT Gaming,2.0,https://www.oddsportal.com/esports/league-of-legends/league-of-legends-lpl/results/#/page/2/,17 Apr 2026 - Summer Season,2026-04-17 00:00:00,TT Gaming,Oh My God,TT Gaming,Oh My God,2-1,2.0,1.0,2.3,1.67,0.420655,0.579345,TT Gaming,Oh My God,False,BO3,0.44690374720534143,0.5530962527946586,0.5530962527946586,True
13228-13228,LPL,2026,2026-04-17,Ninjas in Pyjamas,JD Gaming,Ninjas in Pyjamas,JD Gaming,2-0,2,0,2,JD Gaming|Ninjas in Pyjamas,2.0,https://www.oddsportal.com/esports/league-of-legends/league-of-legends-lpl/results/#/page/2/,17 Apr 2026 - Summer Season,2026-04-17 00:00:00,Ninjas in Pyjamas,JD Gaming,Ninjas in Pyjamas,JD Gaming,2-0,2.0,0.0,3.8,1.28,0.251969,0.748031,Ninjas in Pyjamas,JD Gaming,True,BO3,0.32784278098643727,0.6721572190135627,0.32784278098643727,True
13229-13229,LPL,2026,2026-04-18,Invictus Gaming,Bilibili Gaming,Bilibili Gaming,Invictus Gaming,2-1,2,1,3,Bilibili Gaming|Invictus Gaming,1.0,https://www.oddsportal.com/esports/league-of-legends/league-of-legends-lpl/results/,18 Apr 2026 - Summer Season,2026-04-18 00:00:00,Invictus Gaming,Bilibili Gaming,Invictus Gaming,Bilibili Gaming,1-2,1.0,2.0,4.4,1.22,0.217082,0.782918,Invictus Gaming,Bilibili Gaming,True,BO3,0.30085803000381345,0.6991419699961865,0.30085803000381345,True
13230-13230,LPL,2026,2026-04-18,Weibo Gaming,JD Gaming,Weibo Gaming,JD Gaming,2-1,2,1,3,JD Gaming|Weibo Gaming,1.0,https://www.oddsportal.com/esports/league-of-legends/league-of-legends-lpl/results/,18 Apr 2026 - Summer Season,2026-04-18 00:00:00,Weibo Gaming,JD Gaming,Weibo Gaming,JD Gaming,1-2,1.0,2.0,2.38,1.6,0.40201,0.59799,Weibo Gaming,JD Gaming,True,BO3,0.43429512462505787,0.5657048753749421,0.43429512462505787,True
13231-13231,LPL,2026,2026-04-19,Invictus Gaming,Top Esports,Top Esports,Invictus Gaming,2-0,2,0,2,Invictus Gaming|Top Esports,1.0,https://www.oddsportal.com/esports/league-of-legends/league-of-legends-lpl/results/,19 Apr 2026 - Summer Season,2026-04-19 00:00:00,Top Esports,Invictus Gaming,Top Esports,Invictus Gaming,2-0,2.0,0.0,1.6,2.4,0.6,0.4,Top Esports,Invictus Gaming,False,BO3,0.5670689228522683,0.4329310771477317,0.4329310771477317,True
13232-13232,LPL,2026,2026-04-19,Bilibili Gaming,Anyone's Legend,Bilibili Gaming,Anyone's Legend,1-1,1,1,2,Anyone's Legend|Bilibili Gaming,1.0,https://www.oddsportal.com/esports/league-of-legends/league-of-legends-lpl/results/,19 Apr 2026 - Summer Season,2026-04-19 00:00:00,Bilibili Gaming,Anyone's Legend,Bilibili Gaming,Anyone's Legend,2-0,2.0,0.0,1.42,3.1,0.685841,0.314159,Bilibili Gaming,Anyone's Legend,True,BO3,0.6265994145979298,0.3734005854020702,0.6265994145979298,True
13233-13233,LPL,2026,2026-04-22,Weibo Gaming,Team WE,Weibo Gaming,Team WE,2-0,2,0,2,Team WE|Weibo Gaming,1.0,https://www.oddsportal.com/esports/league-of-legends/league-of-legends-lpl/results/,22 Apr 2026 - Summer Season,2026-04-22 00:00:00,Weibo Gaming,Team WE,Weibo Gaming,Team WE,2-0,2.0,0.0,1.17,5.6,0.827179,0.172821,Weibo Gaming,Team WE,True,BO3,0.7355435047545966,0.2644564952454034,0.7355435047545966,True
13234-13234,LPL,2026,2026-04-22,Ninjas in Pyjamas,Anyone's Legend,Ninjas in Pyjamas,Anyone's Legend,1-1,1,1,2,Anyone's Legend|Ninjas in Pyjamas,1.0,https://www.oddsportal.com/esports/league-of-legends/league-of-legends-lpl/results/,22 Apr 2026 - Summer Season,2026-04-22 00:00:00,Ninjas in Pyjamas,Anyone's Legend,Ninjas in Pyjamas,Anyone's Legend,0-2,0.0,2.0,2.8,1.55,0.356322,0.643678,Ninjas in Pyjamas,Anyone's Legend,True,BO3,0.40299768209455933,0.5970023179054407,0.40299768209455933,True
13235-13235,LPL,2026,2026-04-23,LGD Gaming,EDward Gaming,LGD Gaming,EDward Gaming,2-0,2,0,2,EDward Gaming|LGD Gaming,1.0,https://www.oddsportal.com/esports/league-of-legends/league-of-legends-lpl/results/,23 Apr 2026 - Summer Season,2026-04-23 00:00:00,LGD Gaming,EDward Gaming,LGD Gaming,EDward Gaming,2-0,2.0,0.0,2.7,1.5,0.357143,0.642857,LGD Gaming,EDward Gaming,True,BO3,0.40356629142678013,0.5964337085732199,0.40356629142678013,True
13236-13236,LPL,2026,2026-04-23,Ninjas in Pyjamas,Bilibili Gaming,Ninjas in Pyjamas,Bilibili Gaming,2-0,2,0,2,Bilibili Gaming|Ninjas in Pyjamas,1.0,https://www.oddsportal.com/esports/league-of-legends/league-of-legends-lpl/results/,23 Apr 2026 - Summer Season,2026-04-23 00:00:00,Ninjas in Pyjamas,Bilibili Gaming,Ninjas in Pyjamas,Bilibili Gaming,2-0,2.0,0.0,6.4,1.12,0.148936,0.851064,Ninjas in Pyjamas,Bilibili Gaming,True,BO3,0.24344080085854353,0.7565591991414564,0.24344080085854353,True
13237-13237,LPL,2026,2026-04-24,Oh My God,LNG Esports,Oh My God,LNG Esports,1-1,1,1,2,LNG Esports|Oh My God,1.0,https://www.oddsportal.com/esports/league-of-legends/league-of-legends-lpl/results/,24 Apr 2026 - Summer Season,2026-04-24 00:00:00,Oh My God,LNG Esports,Oh My God,LNG Esports,0-2,0.0,2.0,2.66,1.5,0.360577,0.639423,Oh My God,LNG Esports,True,BO3,0.40594183079510476,0.5940581692048952,0.40594183079510476,True
13238-13238,LPL,2026,2026-04-24,JD Gaming,Invictus Gaming,JD Gaming,Invictus Gaming,2-0,2,0,2,Invictus Gaming|JD Gaming,1.0,https://www.oddsportal.com/esports/league-of-legends/league-of-legends-lpl/results/,24 Apr 2026 - Summer Season,2026-04-24 00:00:00,JD Gaming,Invictus Gaming,JD Gaming,Invictus Gaming,2-0,2.0,0.0,1.6,2.54,0.613527,0.386473,JD Gaming,Invictus Gaming,True,BO3,0.576276376655141,0.423723623344859,0.576276376655141,True
13239-13239,LPL,2026,2026-04-25,Top Esports,Ninjas in Pyjamas,Top Esports,Ninjas in Pyjamas,2-0,2,0,2,Ninjas in Pyjamas|Top Esports,1.0,https://www.oddsportal.com/esports/league-of-legends/league-of-legends-lpl/results/,25 Apr 2026 - Summer Season,2026-04-25 00:00:00,Top Esports,Ninjas in Pyjamas,Top Esports,Ninjas in Pyjamas,2-0,2.0,0.0,1.48,2.86,0.658986,0.341014,Top Esports,Ninjas in Pyjamas,True,BO3,0.6076542006546222,0.39234579934537783,0.6076542006546222,True
13240-13240,LPL,2026,2026-04-25,JD Gaming,Team WE,JD Gaming,Team WE,2-0,2,0,2,JD Gaming|Team WE,1.0,https://www.oddsportal.com/esports/league-of-legends/league-of-legends-lpl/results/,25 Apr 2026 - Summer Season,2026-04-25 00:00:00,Team WE,JD Gaming,Team WE,JD Gaming,0-2,0.0,2.0,6.3,1.13,0.152086,0.847914,Team WE,JD Gaming,False,BO3,0.2462801251999179,0.7537198748000821,0.7537198748000821,True
13241-13241,LPL,2026,2026-04-25,Weibo Gaming,Anyone's Legend,Anyone's Legend,Weibo Gaming,3-0,3,0,3,Anyone's Legend|Weibo Gaming,1.0,https://www.oddsportal.com/esports/league-of-legends/league-of-legends-lpl/results/,25 Apr 2026 - Summer Season,2026-04-25 00:00:00,Weibo Gaming,Anyone's Legend,Weibo Gaming,Anyone's Legend,1-2,1.0,2.0,2.6,1.57,0.376499,0.623501,Weibo Gaming,Anyone's Legend,True,BO3,0.4169008827967409,0.5830991172032591,0.4169008827967409,True
13242-13242,LPL,2026,2026-04-26,Ultra Prime,LGD Gaming,Ultra Prime,LGD Gaming,2-0,2,0,2,LGD Gaming|Ultra Prime,,,,,,,,,,,,,,,,,,,,,,,
13243-13243,LPL,2026,2026-04-26,Bilibili Gaming,Weibo Gaming,Bilibili Gaming,Weibo Gaming,1-1,1,1,2,Bilibili Gaming|Weibo Gaming,1.0,https://www.oddsportal.com/esports/league-of-legends/league-of-legends-lpl/results/,26 Apr 2026 - Summer Season,2026-04-26 00:00:00,Weibo Gaming,Bilibili Gaming,Weibo Gaming,Bilibili Gaming,0-2,0.0,2.0,5.0,1.2,0.193548,0.806452,Weibo Gaming,Bilibili Gaming,False,BO3,0.28185801578592606,0.7181419842140739,0.7181419842140739,True
13244-13244,LPL,2026,2026-04-28,Invictus Gaming,Anyone's Legend,Invictus Gaming,Anyone's Legend,1-1,1,1,2,Anyone's Legend|Invictus Gaming,1.0,https://www.oddsportal.com/esports/league-of-legends/league-of-legends-lpl/results/,28 Apr 2026 - Summer Season,2026-04-28 00:00:00,Invictus Gaming,Anyone's Legend,Invictus Gaming,Anyone's Legend,0-2,0.0,2.0,3.68,1.35,0.26839,0.73161,Invictus Gaming,Anyone's Legend,True,BO3,0.34014704341166396,0.659852956588336,0.34014704341166396,True
13245-13245,LPL,2026,2026-04-28,Top Esports,Weibo Gaming,Weibo Gaming,Top Esports,2-0,2,0,2,Top Esports|Weibo Gaming,1.0,https://www.oddsportal.com/esports/league-of-legends/league-of-legends-lpl/results/,28 Apr 2026 - Summer Season,2026-04-28 00:00:00,Weibo Gaming,Top Esports,Weibo Gaming,Top Esports,2-0,2.0,0.0,3.0,1.42,0.321267,0.678733,Weibo Gaming,Top Esports,False,BO3,0.3784502428535225,0.6215497571464774,0.6215497571464774,True
13246-13246,LPL,2026,2026-04-29,JD Gaming,Ninjas in Pyjamas,JD Gaming,Ninjas in Pyjamas,1-1,1,1,2,JD Gaming|Ninjas in Pyjamas,1.0,https://www.oddsportal.com/esports/league-of-legends/league-of-legends-lpl/results/,29 Apr 2026 - Summer Season,2026-04-29 00:00:00,Ninjas in Pyjamas,JD Gaming,Ninjas in Pyjamas,JD Gaming,0-2,0.0,2.0,2.88,1.45,0.334873,0.665127,Ninjas in Pyjamas,JD Gaming,False,BO3,0.38804431886346186,0.6119556811365381,0.6119556811365381,True
13247-13247,LPL,2026,2026-04-29,Bilibili Gaming,Team WE,Bilibili Gaming,Team WE,1-1,1,1,2,Bilibili Gaming|Team WE,1.0,https://www.oddsportal.com/esports/league-of-legends/league-of-legends-lpl/results/,29 Apr 2026 - Summer Season,2026-04-29 00:00:00,Team WE,Bilibili Gaming,Team WE,Bilibili Gaming,0-2,0.0,2.0,14.0,1.04,0.069149,0.930851,Team WE,Bilibili Gaming,False,BO3,0.16066974892242541,0.8393302510775746,0.8393302510775746,True
13248-13248,LPL,2026,2026-04-30,ThunderTalk Gaming,LGD Gaming,ThunderTalk Gaming,LGD Gaming,2-1,2,1,3,LGD Gaming|TT Gaming,,,,,,,,,,,,,,,,,,,,,,,
13249-13249,LPL,2026,2026-04-30,EDward Gaming,Ultra Prime,EDward Gaming,Ultra Prime,2-1,2,1,3,EDward Gaming|Ultra Prime,1.0,https://www.oddsportal.com/esports/league-of-legends/league-of-legends-lpl/results/,30 Apr 2026 - Summer Season,2026-04-30 00:00:00,Ultra Prime,EDward Gaming,Ultra Prime,EDward Gaming,1-2,1.0,2.0,3.15,1.36,0.301552,0.698448,Ultra Prime,EDward Gaming,False,BO3,0.3643750643013004,0.6356249356986996,0.6356249356986996,True
13250-13250,LPL,2026,2026-05-01,Anyone's Legend,Top Esports,Anyone's Legend,Top Esports,2-0,2,0,2,Anyone's Legend|Top Esports,1.0,https://www.oddsportal.com/esports/league-of-legends/league-of-legends-lpl/results/,01 May 2026 - Summer Season,2026-05-01 00:00:00,Top Esports,Anyone's Legend,Top Esports,Anyone's Legend,0-2,0.0,2.0,2.26,1.73,0.433584,0.566416,Top Esports,Anyone's Legend,False,BO3,0.45560600953615793,0.5443939904638421,0.5443939904638421,True
13251-13251,LPL,2026,2026-05-01,Invictus Gaming,Weibo Gaming,Weibo Gaming,Invictus Gaming,2-1,2,1,3,Invictus Gaming|Weibo Gaming,1.0,https://www.oddsportal.com/esports/league-of-legends/league-of-legends-lpl/results/,01 May 2026 - Summer Season,2026-05-01 00:00:00,Weibo Gaming,Invictus Gaming,Weibo Gaming,Invictus Gaming,1-2,1.0,2.0,1.5,2.7,0.642857,0.357143,Weibo Gaming,Invictus Gaming,False,BO3,0.5964337085732198,0.40356629142678024,0.40356629142678024,True
13252-13252,LPL,2026,2026-05-02,Team WE,JD Gaming,Team WE,JD Gaming,3-0,3,0,3,JD Gaming|Team WE,1.0,https://www.oddsportal.com/esports/league-of-legends/league-of-legends-lpl/results/,02 May 2026 - Summer Season,2026-05-02 00:00:00,Team WE,JD Gaming,Team WE,JD Gaming,1-2,1.0,2.0,9.0,1.07,0.106256,0.893744,Team WE,JD Gaming,True,BO3,0.2023397620235439,0.7976602379764561,0.2023397620235439,True
13253-13253,LPL,2026,2026-05-02,Weibo Gaming,Top Esports,Weibo Gaming,Top Esports,1-1,1,1,2,Top Esports|Weibo Gaming,1.0,https://www.oddsportal.com/esports/league-of-legends/league-of-legends-lpl/results/,02 May 2026 - Summer Season,2026-05-02 00:00:00,Weibo Gaming,Top Esports,Weibo Gaming,Top Esports,0-2,0.0,2.0,2.42,1.6,0.39801,0.60199,Weibo Gaming,Top Esports,True,BO3,0.43157960011240276,0.5684203998875972,0.43157960011240276,True
13254-13254,LPL,2026,2026-05-02,Invictus Gaming,Anyone's Legend,Invictus Gaming,Anyone's Legend,1-1,1,1,2,Anyone's Legend|Invictus Gaming,1.0,https://www.oddsportal.com/esports/league-of-legends/league-of-legends-lpl/results/,02 May 2026 - Summer Season,2026-05-02 00:00:00,Invictus Gaming,Anyone's Legend,Invictus Gaming,Anyone's Legend,0-2,0.0,2.0,3.8,1.29,0.253438,0.746562,Invictus Gaming,Anyone's Legend,True,BO3,0.32895287147292146,0.6710471285270785,0.32895287147292146,True
13255-13255,LPL,2026,2026-05-03,LNG Esports,ThunderTalk Gaming,ThunderTalk Gaming,LNG Esports,2-1,2,1,3,LNG Esports|TT Gaming,1.0,https://www.oddsportal.com/esports/league-of-legends/league-of-legends-lpl/results/,03 May 2026 - Summer Season,2026-05-03 00:00:00,TT Gaming,LNG Esports,TT Gaming,LNG Esports,1-2,1.0,2.0,3.1,1.39,0.309577,0.690423,TT Gaming,LNG Esports,False,BO3,0.37013083558731785,0.6298691644126821,0.6298691644126821,True
13256-13256,LPL,2026,2026-05-03,Ninjas in Pyjamas,Bilibili Gaming,Bilibili Gaming,Ninjas in Pyjamas,3-0,3,0,3,Bilibili Gaming|Ninjas in Pyjamas,1.0,https://www.oddsportal.com/esports/league-of-legends/league-of-legends-lpl/results/,03 May 2026 - Summer Season,2026-05-03 00:00:00,Ninjas in Pyjamas,Bilibili Gaming,Ninjas in Pyjamas,Bilibili Gaming,1-2,1.0,2.0,5.5,1.2,0.179104,0.820896,Ninjas in Pyjamas,Bilibili Gaming,True,BO3,0.2698054691044693,0.7301945308955307,0.2698054691044693,True
13257-13257,LPL,2026,2026-05-06,Team WE,Invictus Gaming,Team WE,Invictus Gaming,2-1,2,1,3,Invictus Gaming|Team WE,,,,,,,,,,,,,,,,,,,,,,,
13258-13258,LPL,2026,2026-05-06,JD Gaming,Top Esports,JD Gaming,Top Esports,2-1,2,1,3,JD Gaming|Top Esports,1.0,https://www.oddsportal.com/esports/league-of-legends/league-of-legends-lpl/results/,06 May 2026 - Summer Season,2026-05-06 00:00:00,Top Esports,JD Gaming,Top Esports,JD Gaming,1-2,1.0,2.0,1.95,1.85,0.486842,0.513158,Top Esports,JD Gaming,False,BO3,0.4912270997392577,0.5087729002607423,0.5087729002607423,True
13259-13259,LPL,2026,2026-05-07,Team WE,Weibo Gaming,Weibo Gaming,Team WE,2-1,2,1,3,Team WE|Weibo Gaming,1.0,https://www.oddsportal.com/esports/league-of-legends/league-of-legends-lpl/results/,07 May 2026 - Summer Season,2026-05-07 00:00:00,Weibo Gaming,Team WE,Weibo Gaming,Team WE,2-1,2.0,1.0,1.28,4.1,0.762082,0.237918,Weibo Gaming,Team WE,False,BO3,0.6828760577702078,0.31712394222979223,0.31712394222979223,True
13260-13260,LPL,2026,2026-05-07,Anyone's Legend,Ninjas in Pyjamas,Anyone's Legend,Ninjas in Pyjamas,1-1,1,1,2,Anyone's Legend|Ninjas in Pyjamas,1.0,https://www.oddsportal.com/esports/league-of-legends/league-of-legends-lpl/results/,07 May 2026 - Summer Season,2026-05-07 00:00:00,Ninjas in Pyjamas,Anyone's Legend,Ninjas in Pyjamas,Anyone's Legend,2-0,2.0,0.0,4.06,1.29,0.241121,0.758879,Ninjas in Pyjamas,Anyone's Legend,False,BO3,0.31958395597114503,0.6804160440288549,0.6804160440288549,True
13261-13261,LPL,2026,2026-05-08,LNG Esports,Ultra Prime,LNG Esports,Ultra Prime,2-1,2,1,3,LNG Esports|Ultra Prime,1.0,https://www.oddsportal.com/esports/league-of-legends/league-of-legends-lpl/results/,08 May 2026 - Summer Season,2026-05-08 00:00:00,Ultra Prime,LNG Esports,Ultra Prime,LNG Esports,1-2,1.0,2.0,4.1,1.24,0.23221,0.76779,Ultra Prime,LNG Esports,False,BO3,0.3127143841466754,0.6872856158533246,0.6872856158533246,True
13262-13262,LPL,2026,2026-05-08,JD Gaming,Bilibili Gaming,Bilibili Gaming,JD Gaming,2-0,2,0,2,Bilibili Gaming|JD Gaming,1.0,https://www.oddsportal.com/esports/league-of-legends/league-of-legends-lpl/results/,08 May 2026 - Summer Season,2026-05-08 00:00:00,JD Gaming,Bilibili Gaming,JD Gaming,Bilibili Gaming,0-2,0.0,2.0,2.8,1.47,0.344262,0.655738,JD Gaming,Bilibili Gaming,True,BO3,0.3946140851964999,0.6053859148035001,0.3946140851964999,True
13263-13263,LPL,2026,2026-05-09,Invictus Gaming,Ninjas in Pyjamas,Invictus Gaming,Ninjas in Pyjamas,1-1,1,1,2,Invictus Gaming|Ninjas in Pyjamas,,,,,,,,,,,,,,,,,,,,,,,
13264-13264,LPL,2026,2026-05-09,Team WE,Top Esports,Top Esports,Team WE,2-0,2,0,2,Team WE|Top Esports,1.0,https://www.oddsportal.com/esports/league-of-legends/league-of-legends-lpl/results/,09 May 2026 - Summer Season,2026-05-09 00:00:00,Top Esports,Team WE,Top Esports,Team WE,2-0,2.0,0.0,1.14,6.2,0.844687,0.155313,Top Esports,Team WE,False,BO3,0.7508338169203626,0.24916618307963745,0.24916618307963745,True
13265-13265,LPL,2026,2026-05-10,Ninjas in Pyjamas,Weibo Gaming,Ninjas in Pyjamas,Weibo Gaming,1-1,1,1,2,Ninjas in Pyjamas|Weibo Gaming,1.0,https://www.oddsportal.com/esports/league-of-legends/league-of-legends-lpl/results/,10 May 2026 - Summer Season,2026-05-10 00:00:00,Weibo Gaming,Ninjas in Pyjamas,Weibo Gaming,Ninjas in Pyjamas,2-0,2.0,0.0,1.85,2.09,0.530457,0.469543,Weibo Gaming,Ninjas in Pyjamas,False,BO3,0.5203158467108137,0.47968415328918634,0.47968415328918634,True
13266-13266,LPL,2026,2026-05-10,JD Gaming,Anyone's Legend,JD Gaming,Anyone's Legend,3-0,3,0,3,Anyone's Legend|JD Gaming,1.0,https://www.oddsportal.com/esports/league-of-legends/league-of-legends-lpl/results/,10 May 2026 - Summer Season,2026-05-10 00:00:00,JD Gaming,Anyone's Legend,JD Gaming,Anyone's Legend,2-1,2.0,1.0,2.17,1.74,0.445013,0.554987,JD Gaming,Anyone's Legend,True,BO3,0.46327596259487713,0.5367240374051229,0.46327596259487713,True
13267-13267,LPL,2026,2026-05-12,Ninjas in Pyjamas,Top Esports,Top Esports,Ninjas in Pyjamas,2-1,2,1,3,Ninjas in Pyjamas|Top Esports,1.0,https://www.oddsportal.com/esports/league-of-legends/league-of-legends-lpl/results/,12 May 2026 - Summer Season,2026-05-12 00:00:00,Top Esports,Ninjas in Pyjamas,Top Esports,Ninjas in Pyjamas,1-2,1.0,2.0,1.4,3.47,0.712526,0.287474,Top Esports,Ninjas in Pyjamas,False,BO3,0.6458180174385031,0.3541819825614969,0.3541819825614969,True
13268-13268,LPL,2026,2026-05-12,Bilibili Gaming,Invictus Gaming,Invictus Gaming,Bilibili Gaming,2-1,2,1,3,Bilibili Gaming|Invictus Gaming,1.0,https://www.oddsportal.com/esports/league-of-legends/league-of-legends-lpl/results/,12 May 2026 - Summer Season,2026-05-12 00:00:00,Invictus Gaming,Bilibili Gaming,Invictus Gaming,Bilibili Gaming,1-2,1.0,2.0,6.3,1.14,0.153226,0.846774,Invictus Gaming,Bilibili Gaming,False,BO3,0.24730226137090133,0.7526977386290987,0.7526977386290987,True
13269-13269,LPL,2026,2026-05-13,EDward Gaming,Oh My God,Oh My God,EDward Gaming,2-1,2,1,3,EDward Gaming|Oh My God,1.0,https://www.oddsportal.com/esports/league-of-legends/league-of-legends-lpl/results/,13 May 2026 - Summer Season,2026-05-13 00:00:00,Oh My God,EDward Gaming,Oh My God,EDward Gaming,1-2,1.0,2.0,3.45,1.36,0.282744,0.717256,Oh My God,EDward Gaming,False,BO3,0.3507278563905578,0.6492721436094422,0.6492721436094422,True
13270-13270,LPL,2026,2026-05-13,Anyone's Legend,Team WE,Anyone's Legend,Team WE,2-1,2,1,3,Anyone's Legend|Team WE,1.0,https://www.oddsportal.com/esports/league-of-legends/league-of-legends-lpl/results/,13 May 2026 - Summer Season,2026-05-13 00:00:00,Team WE,Anyone's Legend,Team WE,Anyone's Legend,1-2,1.0,2.0,7.5,1.1,0.127907,0.872093,Team WE,Anyone's Legend,False,BO3,0.22386367170006136,0.7761363282999386,0.7761363282999386,True
13271-13271,LPL,2026,2026-05-14,LNG Esports,LGD Gaming,LNG Esports,LGD Gaming,2-0,2,0,2,LGD Gaming|LNG Esports,1.0,https://www.oddsportal.com/esports/league-of-legends/league-of-legends-lpl/results/,14 May 2026 - Summer Season,2026-05-14 00:00:00,LNG Esports,LGD Gaming,LNG Esports,LGD Gaming,2-0,2.0,0.0,1.45,3.1,0.681319,0.318681,LNG Esports,LGD Gaming,True,BO3,0.6233837871391785,0.3766162128608215,0.6233837871391785,True
13272-13272,LPL,2026,2026-05-14,JD Gaming,Weibo Gaming,Weibo Gaming,JD Gaming,3-0,3,0,3,JD Gaming|Weibo Gaming,1.0,https://www.oddsportal.com/esports/league-of-legends/league-of-legends-lpl/results/,14 May 2026 - Summer Season,2026-05-14 00:00:00,Weibo Gaming,JD Gaming,Weibo Gaming,JD Gaming,2-1,2.0,1.0,2.94,1.45,0.330296,0.669704,Weibo Gaming,JD Gaming,False,BO3,0.3848270012592324,0.6151729987407676,0.6151729987407676,True
13273-13273,LPL,2026,2026-05-15,Ultra Prime,Oh My God,Ultra Prime,Oh My God,2-0,2,0,2,Oh My God|Ultra Prime,1.0,https://www.oddsportal.com/esports/league-of-legends/league-of-legends-lpl/results/,15 May 2026 - Summer Season,2026-05-15 00:00:00,Ultra Prime,Oh My God,Ultra Prime,Oh My God,2-0,2.0,0.0,2.05,1.81,0.468912,0.531088,Ultra Prime,Oh My God,True,BO3,0.4792627764281576,0.5207372235718424,0.4792627764281576,True
13274-13274,LPL,2026,2026-05-15,Top Esports,Bilibili Gaming,Top Esports,Bilibili Gaming,1-1,1,1,2,Bilibili Gaming|Top Esports,1.0,https://www.oddsportal.com/esports/league-of-legends/league-of-legends-lpl/results/,15 May 2026 - Summer Season,2026-05-15 00:00:00,Top Esports,Bilibili Gaming,Top Esports,Bilibili Gaming,0-2,0.0,2.0,3.2,1.37,0.299781,0.700219,Top Esports,Bilibili Gaming,True,BO3,0.3630996736563616,0.6369003263436384,0.3630996736563616,True
13275-13275,LPL,2026,2026-05-16,ThunderTalk Gaming,EDward Gaming,EDward Gaming,ThunderTalk Gaming,2-1,2,1,3,EDward Gaming|TT Gaming,1.0,https://www.oddsportal.com/esports/league-of-legends/league-of-legends-lpl/results/,16 May 2026 - Summer Season,2026-05-16 00:00:00,TT Gaming,EDward Gaming,TT Gaming,EDward Gaming,2-1,2.0,1.0,2.94,1.44,0.328767,0.671233,TT Gaming,EDward Gaming,True,BO3,0.3837499862350813,0.6162500137649187,0.3837499862350813,True
13276-13276,LPL,2026,2026-05-16,Team WE,Ninjas in Pyjamas,Ninjas in Pyjamas,Team WE,2-1,2,1,3,Ninjas in Pyjamas|Team WE,,,,,,,,,,,,,,,,,,,,,,,
13277-13277,LPL,2026,2026-05-17,Invictus Gaming,JD Gaming,Invictus Gaming,JD Gaming,2-1,2,1,3,Invictus Gaming|JD Gaming,1.0,https://www.oddsportal.com/esports/league-of-legends/league-of-legends-lpl/results/,17 May 2026 - Summer Season,2026-05-17 00:00:00,JD Gaming,Invictus Gaming,JD Gaming,Invictus Gaming,2-1,2.0,1.0,1.37,3.25,0.703463,0.296537,JD Gaming,Invictus Gaming,False,BO3,0.6392415237036972,0.36075847629630275,0.36075847629630275,True
13278-13278,LPL,2026,2026-05-17,Bilibili Gaming,Anyone's Legend,Bilibili Gaming,Anyone's Legend,1-1,1,1,2,Anyone's Legend|Bilibili Gaming,1.0,https://www.oddsportal.com/esports/league-of-legends/league-of-legends-lpl/results/,17 May 2026 - Summer Season,2026-05-17 00:00:00,Bilibili Gaming,Anyone's Legend,Bilibili Gaming,Anyone's Legend,2-0,2.0,0.0,1.34,3.4,0.7173,0.2827,Bilibili Gaming,Anyone's Legend,True,BO3,0.6493043478872075,0.3506956521127925,0.6493043478872075,True
13279-13279,LPL,2026,2026-05-23,LNG Esports,Team WE,Team WE,LNG Esports,4-1,4,1,5,LNG Esports|Team WE,,,,,,,,,,,,,,,,,,,,,,,
13280-13280,LPL,2026,2026-05-23,ThunderTalk Gaming,Invictus Gaming,ThunderTalk Gaming,Invictus Gaming,2-1,2,1,3,Invictus Gaming|TT Gaming,,,,,,,,,,,,,,,,,,,,,,,
13281-13281,LPL,2026,2026-05-24,EDward Gaming,Ninjas in Pyjamas,Ninjas in Pyjamas,EDward Gaming,4-1,4,1,5,EDward Gaming|Ninjas in Pyjamas,,,,,,,,,,,,,,,,,,,,,,,
13282-13282,LPL,2026,2026-05-24,LGD Gaming,Weibo Gaming,Weibo Gaming,LGD Gaming,3-2,3,2,5,LGD Gaming|Weibo Gaming,,,,,,,,,,,,,,,,,,,,,,,
13283-13283,LPL,2026,2026-05-29,JD Gaming,ThunderTalk Gaming,ThunderTalk Gaming,JD Gaming,3-1,3,1,4,JD Gaming|TT Gaming,,,,,,,,,,,,,,,,,,,,,,,
13284-13284,LPL,2026,2026-05-29,Top Esports,LGD Gaming,Top Esports,LGD Gaming,2-1,2,1,3,LGD Gaming|Top Esports,,,,,,,,,,,,,,,,,,,,,,,
13285-13285,LPL,2026,2026-05-30,Anyone's Legend,EDward Gaming,Anyone's Legend,EDward Gaming,3-0,3,0,3,Anyone's Legend|EDward Gaming,,,,,,,,,,,,,,,,,,,,,,,
13286-13286,LPL,2026,2026-05-30,Bilibili Gaming,Team WE,Team WE,Bilibili Gaming,4-0,4,0,4,Bilibili Gaming|Team WE,,,,,,,,,,,,,,,,,,,,,,,
13287-13287,LPL,2026,2026-05-31,Top Esports,JD Gaming,JD Gaming,Top Esports,3-1,3,1,4,JD Gaming|Top Esports,,,,,,,,,,,,,,,,,,,,,,,
MSI_20240501_FlyQuest|PSG Talon,MSI,2024,2024-05-01,FlyQuest,PSG Talon,PSG Talon,FlyQuest,2-1,2,1,3,FlyQuest|PSG Talon,,,,,,,,,,,,,,,,,,,,,,,
MSI_20240501_Estral Esports|T1,MSI,2024,2024-05-01,T1,Estral Esports,T1,Estral Esports,1-1,1,1,2,Estral Esports|T1,,,,,,,,,,,,,,,,,,,,,,,
MSI_20240502_Fnatic|GAM Esports,MSI,2024,2024-05-02,Fnatic,GAM Esports,Fnatic,GAM Esports,1-1,1,1,2,Fnatic|GAM Esports,,,,,,,,,,,,,,,,,,,,,,,
MSI_20240502_LOUD|Top Esports,MSI,2024,2024-05-02,Top Esports,LOUD,Top Esports,LOUD,1-1,1,1,2,LOUD|Top Esports,,,,,,,,,,,,,,,,,,,,,,,
MSI_20240503_FlyQuest|T1,MSI,2024,2024-05-03,T1,FlyQuest,T1,FlyQuest,1-1,1,1,2,FlyQuest|T1,,,,,,,,,,,,,,,,,,,,,,,
MSI_20240503_Fnatic|Top Esports,MSI,2024,2024-05-03,Top Esports,Fnatic,Top Esports,Fnatic,3-0,3,0,3,Fnatic|Top Esports,,,,,,,,,,,,,,,,,,,,,,,
MSI_20240504_Estral Esports|PSG Talon,MSI,2024,2024-05-04,PSG Talon,Estral Esports,PSG Talon,Estral Esports,1-1,1,1,2,Estral Esports|PSG Talon,,,,,,,,,,,,,,,,,,,,,,,
MSI_20240504_GAM Esports|LOUD,MSI,2024,2024-05-04,LOUD,GAM Esports,GAM Esports,LOUD,2-1,2,1,3,GAM Esports|LOUD,,,,,,,,,,,,,,,,,,,,,,,
MSI_20240505_FlyQuest|PSG Talon,MSI,2024,2024-05-05,FlyQuest,PSG Talon,PSG Talon,FlyQuest,2-0,2,0,2,FlyQuest|PSG Talon,,,,,,,,,,,,,,,,,,,,,,,
MSI_20240505_Fnatic|GAM Esports,MSI,2024,2024-05-05,Fnatic,GAM Esports,Fnatic,GAM Esports,2-0,2,0,2,Fnatic|GAM Esports,,,,,,,,,,,,,,,,,,,,,,,
MSI_20240507_Team Liquid|Top Esports,MSI,2024,2024-05-07,Team Liquid,Top Esports,Team Liquid,Top Esports,2-1,2,1,3,Team Liquid|Top Esports,,,,,,,,,,,,,,,,,,,,,,,
MSI_20240508_Fnatic|Gen.G,MSI,2024,2024-05-08,Gen.G,Fnatic,Fnatic,Gen.G,2-1,2,1,3,Fnatic|Gen.G,,,,,,,,,,,,,,,,,,,,,,,
MSI_20240509_Bilibili Gaming|PSG Talon,MSI,2024,2024-05-09,Bilibili Gaming,PSG Talon,Bilibili Gaming,PSG Talon,4-1,4,1,5,Bilibili Gaming|PSG Talon,,,,,,,,,,,,,,,,,,,,,,,
MSI_20240510_G2 Esports|T1,MSI,2024,2024-05-10,G2 Esports,T1,T1,G2 Esports,3-2,3,2,5,G2 Esports|T1,,,,,,,,,,,,,,,,,,,,,,,
MSI_20240511_Fnatic|Team Liquid,MSI,2024,2024-05-11,Fnatic,Team Liquid,Fnatic,Team Liquid,2-2,2,2,4,Fnatic|Team Liquid,,,,,,,,,,,,,,,,,,,,,,,
MSI_20240511_Gen.G|Top Esports,MSI,2024,2024-05-11,Gen.G,Top Esports,Gen.G,Top Esports,3-2,3,2,5,Gen.G|Top Esports,,,,,,,,,,,,,,,,,,,,,,,
MSI_20240512_G2 Esports|PSG Talon,MSI,2024,2024-05-12,G2 Esports,PSG Talon,G2 Esports,PSG Talon,2-1,2,1,3,G2 Esports|PSG Talon,,,,,,,,,,,,,,,,,,,,,,,
MSI_20240512_Bilibili Gaming|T1,MSI,2024,2024-05-12,Bilibili Gaming,T1,Bilibili Gaming,T1,2-2,2,2,4,Bilibili Gaming|T1,,,,,,,,,,,,,,,,,,,,,,,
MSI_20240514_G2 Esports|Top Esports,MSI,2024,2024-05-14,Top Esports,G2 Esports,G2 Esports,Top Esports,2-1,2,1,3,G2 Esports|Top Esports,,,,,,,,,,,,,,,,,,,,,,,
MSI_20240515_T1|Team Liquid,MSI,2024,2024-05-15,T1,Team Liquid,T1,Team Liquid,3-1,3,1,4,T1|Team Liquid,,,,,,,,,,,,,,,,,,,,,,,
MSI_20240516_Bilibili Gaming|Gen.G,MSI,2024,2024-05-16,Gen.G,Bilibili Gaming,Bilibili Gaming,Gen.G,3-1,3,1,4,Bilibili Gaming|Gen.G,,,,,,,,,,,,,,,,,,,,,,,
MSI_20240517_G2 Esports|T1,MSI,2024,2024-05-17,T1,G2 Esports,G2 Esports,T1,2-1,2,1,3,G2 Esports|T1,,,,,,,,,,,,,,,,,,,,,,,
MSI_20240518_Bilibili Gaming|T1,MSI,2024,2024-05-18,Bilibili Gaming,T1,Bilibili Gaming,T1,5-0,5,0,5,Bilibili Gaming|T1,,,,,,,,,,,,,,,,,,,,,,,
MSI_20240519_Bilibili Gaming|Gen.G,MSI,2024,2024-05-19,Gen.G,Bilibili Gaming,Gen.G,Bilibili Gaming,3-1,3,1,4,Bilibili Gaming|Gen.G,,,,,,,,,,,,,,,,,,,,,,,
LCK_20240612_Dplus Kia|Hanwha Life Esports,LCK,2024,2024-06-12,Dplus Kia,Hanwha Life Esports,Dplus Kia,Hanwha Life Esports,3-0,3,0,3,Dplus Kia|Hanwha Life Esports,3.0,https://www.oddsportal.com/esports/league-of-legends/league-of-legends-lck-2024/results/#/page/3/,12 Jun 2024 - Summer Season,2024-06-12,Hanwha Life,Dplus Kia,Hanwha Life Esports,Dplus Kia,1-2,1.0,2.0,1.33,3.47,0.722917,0.277083,Hanwha Life Esports,Dplus Kia,False,BO3,0.65342684941536,0.34657315058464,0.34657315058464,True
LCK_20240612_BNK FEARX|Nongshim RedForce,LCK,2024,2024-06-12,Nongshim RedForce,BNK FEARX,BNK FEARX,Nongshim RedForce,3-0,3,0,3,BNK FEARX|Nongshim RedForce,2.0,https://www.oddsportal.com/esports/league-of-legends/league-of-legends-lck-2024/results/#/page/2/,12 Jun 2024 - Summer Season,2024-06-12,Nongshim RedForce,FearX,Nongshim RedForce,BNK FEARX,1-2,1.0,2.0,2.3,1.55,0.402597,0.597403,Nongshim RedForce,BNK FEARX,True,BO3,0.43469329214058167,0.5653067078594183,0.43469329214058167,True
LCK_20240613_DN SOOPers|KT Rolster,LCK,2024,2024-06-13,KT Rolster,DN SOOPers,DN SOOPers,KT Rolster,2-0,2,0,2,DN SOOPers|KT Rolster,2.0,https://www.oddsportal.com/esports/league-of-legends/league-of-legends-lck-2024/results/#/page/2/,13 Jun 2024 - Summer Season,2024-06-13,DN SOOPers,KT Rolster,DN SOOPers,KT Rolster,2-0,2.0,0.0,5.08,1.25,0.197472,0.802528,DN SOOPers,KT Rolster,False,BO3,0.28507789814997614,0.7149221018500238,0.7149221018500238,True
LCK_20240613_HANJIN BRION|KRX,LCK,2024,2024-06-13,HANJIN BRION,DRX,HANJIN BRION,DRX,2-1,2,1,3,HANJIN BRION|KRX,2.0,https://www.oddsportal.com/esports/league-of-legends/league-of-legends-lck-2024/results/#/page/2/,13 Jun 2024 - Summer Season,2024-06-13,OKSavingsBank Brion,KRX,HANJIN BRION,KRX,1-2,1.0,2.0,2.34,1.63,0.410579,0.589421,HANJIN BRION,KRX,True,BO3,0.4400994294121558,0.5599005705878441,0.4400994294121558,True
LCK_20240614_BNK FEARX|Gen.G,LCK,2024,2024-06-14,Gen.G,BNK FEARX,Gen.G,BNK FEARX,1-1,1,1,2,BNK FEARX|Gen.G,2.0,https://www.oddsportal.com/esports/league-of-legends/league-of-legends-lck-2024/results/#/page/2/,14 Jun 2024 - Summer Season,2024-06-14,FearX,Gen.G,BNK FEARX,Gen.G,0-2,0.0,2.0,13.5,1.03,0.070888,0.929112,BNK FEARX,Gen.G,False,BO3,0.16280749616411014,0.8371925038358898,0.8371925038358898,True
LCK_20240614_Nongshim RedForce|T1,LCK,2024,2024-06-14,T1,Nongshim RedForce,T1,Nongshim RedForce,2-0,2,0,2,Nongshim RedForce|T1,2.0,https://www.oddsportal.com/esports/league-of-legends/league-of-legends-lck-2024/results/#/page/2/,14 Jun 2024 - Summer Season,2024-06-14,T1,Nongshim RedForce,T1,Nongshim RedForce,2-0,2.0,0.0,1.03,13.5,0.929112,0.070888,T1,Nongshim RedForce,True,BO3,0.8371925038358902,0.16280749616410983,0.8371925038358902,True
LCK_20240615_DN SOOPers|HANJIN BRION,LCK,2024,2024-06-15,HANJIN BRION,DN SOOPers,DN SOOPers,HANJIN BRION,2-1,2,1,3,DN SOOPers|HANJIN BRION,2.0,https://www.oddsportal.com/esports/league-of-legends/league-of-legends-lck-2024/results/#/page/2/,15 Jun 2024 - Summer Season,2024-06-15,DN SOOPers,OKSavingsBank Brion,DN SOOPers,HANJIN BRION,2-1,2.0,1.0,1.25,4.2,0.770642,0.229358,DN SOOPers,HANJIN BRION,False,BO3,0.6895015451095583,0.3104984548904417,0.3104984548904417,True
LCK_20240615_Dplus Kia|KT Rolster,LCK,2024,2024-06-15,KT Rolster,Dplus Kia,KT Rolster,Dplus Kia,2-1,2,1,3,Dplus Kia|KT Rolster,2.0,https://www.oddsportal.com/esports/league-of-legends/league-of-legends-lck-2024/results/#/page/2/,15 Jun 2024 - Summer Season,2024-06-15,KT Rolster,Dplus Kia,KT Rolster,Dplus Kia,1-2,1.0,2.0,2.71,1.5,0.356295,0.643705,KT Rolster,Dplus Kia,True,BO3,0.4029789779769958,0.5970210220230042,0.4029789779769958,True
LCK_20240616_Hanwha Life Esports|KRX,LCK,2024,2024-06-16,DRX,Hanwha Life Esports,DRX,Hanwha Life Esports,2-1,2,1,3,Hanwha Life Esports|KRX,2.0,https://www.oddsportal.com/esports/league-of-legends/league-of-legends-lck-2024/results/#/page/2/,16 Jun 2024 - Summer Season,2024-06-16,Hanwha Life,KRX,Hanwha Life Esports,KRX,2-1,2.0,1.0,1.04,13.5,0.928473,0.071527,Hanwha Life Esports,KRX,False,BO3,0.8364126495510981,0.16358735044890194,0.16358735044890194,True
LCK_20240616_Gen.G|T1,LCK,2024,2024-06-16,Gen.G,T1,Gen.G,T1,1-1,1,1,2,Gen.G|T1,2.0,https://www.oddsportal.com/esports/league-of-legends/league-of-legends-lck-2024/results/#/page/2/,16 Jun 2024 - Summer Season,2024-06-16,T1,Gen.G,T1,Gen.G,0-2,0.0,2.0,2.82,1.43,0.336471,0.663529,T1,Gen.G,False,BO3,0.3891652928338659,0.6108347071661341,0.6108347071661341,True
LCS_20240720_Dignitas|Team Liquid,LCS,2024,2024-07-20,Dignitas,Team Liquid,Dignitas,Team Liquid,2-1,2,1,3,Dignitas|Team Liquid,1.0,https://www.oddsportal.com/esports/league-of-legends/league-of-legends-lcs-2024/results/,20 Jul 2024 - Summer Season,2024-07-20,Dignitas,Team Liquid,Dignitas,Team Liquid,1-2,1.0,2.0,5.76,1.14,0.165217,0.834783,Dignitas,Team Liquid,True,BO3,0.2578885667335361,0.7421114332664639,0.2578885667335361,True
LCS_20240720_FlyQuest|Immortals,LCS,2024,2024-07-20,FlyQuest,Immortals,FlyQuest,Immortals,2-0,2,0,2,FlyQuest|Immortals,,,,,,,,,,,,,,,,,,,,,,,
LCS_20240721_100 Thieves|Cloud9,LCS,2024,2024-07-21,Cloud9,100 Thieves,Cloud9,100 Thieves,1-1,1,1,2,100 Thieves|Cloud9,1.0,https://www.oddsportal.com/esports/league-of-legends/league-of-legends-lcs-2024/results/,21 Jul 2024 - Summer Season,2024-07-21,Cloud9,100 Thieves,Cloud9,100 Thieves,2-0,2.0,0.0,1.24,4.06,0.766038,0.233962,Cloud9,100 Thieves,True,BO3,0.6859285974950902,0.31407140250490984,0.6859285974950902,True
LCS_20240721_NRG Esports|Shopify Rebellion,LCS,2024,2024-07-21,NRG,Shopify Rebellion,NRG,Shopify Rebellion,1-1,1,1,2,NRG Esports|Shopify Rebellion,,,,,,,,,,,,,,,,,,,,,,,
LCK_20240724_BNK FEARX|Nongshim RedForce,LCK,2024,2024-07-24,BNK FEARX,Nongshim RedForce,BNK FEARX,Nongshim RedForce,1-1,1,1,2,BNK FEARX|Nongshim RedForce,2.0,https://www.oddsportal.com/esports/league-of-legends/league-of-legends-lck-2024/results/#/page/2/,24 Jul 2024 - Summer Season,2024-07-24,FearX,Nongshim RedForce,BNK FEARX,Nongshim RedForce,2-0,2.0,0.0,1.5,2.71,0.643705,0.356295,BNK FEARX,Nongshim RedForce,True,BO3,0.5970210220230041,0.4029789779769959,0.5970210220230041,True
LCK_20240724_Gen.G|HANJIN BRION,LCK,2024,2024-07-24,HANJIN BRION,Gen.G,Gen.G,HANJIN BRION,2-0,2,0,2,Gen.G|HANJIN BRION,1.0,https://www.oddsportal.com/esports/league-of-legends/league-of-legends-lck-2024/results/,24 Jul 2024 - Summer Season,2024-07-24,OKSavingsBank Brion,Gen.G,HANJIN BRION,Gen.G,0-2,0.0,2.0,19.0,1.01,0.050475,0.949525,HANJIN BRION,Gen.G,True,BO3,0.13602540422813153,0.8639745957718685,0.13602540422813153,True
LCK_20240725_DN SOOPers|Hanwha Life Esports,LCK,2024,2024-07-25,Hanwha Life Esports,DN SOOPers,Hanwha Life Esports,DN SOOPers,2-0,2,0,2,DN SOOPers|Hanwha Life Esports,1.0,https://www.oddsportal.com/esports/league-of-legends/league-of-legends-lck-2024/results/,25 Jul 2024 - Summer Season,2024-07-25,DN SOOPers,Hanwha Life,DN SOOPers,Hanwha Life Esports,0-2,0.0,2.0,7.1,1.11,0.135201,0.864799,DN SOOPers,Hanwha Life Esports,False,BO3,0.23078487014188015,0.7692151298581198,0.7692151298581198,True
LCK_20240725_Dplus Kia|KRX,LCK,2024,2024-07-25,Dplus Kia,DRX,Dplus Kia,DRX,1-1,1,1,2,Dplus Kia|KRX,1.0,https://www.oddsportal.com/esports/league-of-legends/league-of-legends-lck-2024/results/,25 Jul 2024 - Summer Season,2024-07-25,Dplus Kia,KRX,Dplus Kia,KRX,2-0,2.0,0.0,1.05,8.58,0.890966,0.109034,Dplus Kia,KRX,True,BO3,0.7948065308964944,0.20519346910350555,0.7948065308964944,True
LCK_20240726_BNK FEARX|HANJIN BRION,LCK,2024,2024-07-26,BNK FEARX,HANJIN BRION,BNK FEARX,HANJIN BRION,1-1,1,1,2,BNK FEARX|HANJIN BRION,1.0,https://www.oddsportal.com/esports/league-of-legends/league-of-legends-lck-2024/results/,26 Jul 2024 - Summer Season,2024-07-26,FearX,OKSavingsBank Brion,BNK FEARX,HANJIN BRION,2-0,2.0,0.0,1.31,3.8,0.74364,0.25636,BNK FEARX,HANJIN BRION,True,BO3,0.6688446844301394,0.33115531556986055,0.6688446844301394,True
LCK_20240727_DN SOOPers|Gen.G,LCK,2024,2024-07-27,Gen.G,DN SOOPers,Gen.G,DN SOOPers,1-1,1,1,2,DN SOOPers|Gen.G,1.0,https://www.oddsportal.com/esports/league-of-legends/league-of-legends-lck-2024/results/,27 Jul 2024 - Summer Season,2024-07-27,Gen.G,DN SOOPers,Gen.G,DN SOOPers,2-0,2.0,0.0,1.03,10.0,0.906618,0.093382,Gen.G,DN SOOPers,True,BO3,0.8113029696793962,0.1886970303206038,0.8113029696793962,True
LCS_20240727_Cloud9|NRG Esports,LCS,2024,2024-07-27,Cloud9,NRG,Cloud9,NRG,1-1,1,1,2,Cloud9|NRG Esports,1.0,https://www.oddsportal.com/esports/league-of-legends/league-of-legends-lcs-2024/results/,27 Jul 2024 - Summer Season,2024-07-27,Cloud9,NRG Esports,Cloud9,NRG Esports,2-0,2.0,0.0,1.17,5.3,0.819165,0.180835,Cloud9,NRG Esports,True,BO3,0.7287326336114531,0.27126736638854687,0.7287326336114531,True
LCS_20240727_Dignitas|Shopify Rebellion,LCS,2024,2024-07-27,Shopify Rebellion,Dignitas,Shopify Rebellion,Dignitas,1-1,1,1,2,Dignitas|Shopify Rebellion,,,,,,,,,,,,,,,,,,,,,,,
LCK_20240728_KRX|T1,LCK,2024,2024-07-28,DRX,T1,T1,DRX,2-0,2,0,2,KRX|T1,1.0,https://www.oddsportal.com/esports/league-of-legends/league-of-legends-lck-2024/results/,28 Jul 2024 - Summer Season,2024-07-28,KRX,T1,KRX,T1,0-2,0.0,2.0,10.6,1.06,0.090909,0.909091,KRX,T1,True,BO3,0.1859897754826414,0.8140102245173586,0.1859897754826414,True
LCK_20240726_KT Rolster|T1,LCK,2024,2024-07-26,KT Rolster,T1,KT Rolster,T1,2-1,2,1,3,KT Rolster|T1,1.0,https://www.oddsportal.com/esports/league-of-legends/league-of-legends-lck-2024/results/,26 Jul 2024 - Summer Season,2024-07-26,KT Rolster,T1,KT Rolster,T1,1-2,1.0,2.0,2.7,1.5,0.357143,0.642857,KT Rolster,T1,True,BO3,0.40356629142678013,0.5964337085732199,0.40356629142678013,True
LCK_20240727_Dplus Kia|Hanwha Life Esports,LCK,2024,2024-07-27,Hanwha Life Esports,Dplus Kia,Hanwha Life Esports,Dplus Kia,3-0,3,0,3,Dplus Kia|Hanwha Life Esports,1.0,https://www.oddsportal.com/esports/league-of-legends/league-of-legends-lck-2024/results/,27 Jul 2024 - Summer Season,2024-07-27,Hanwha Life,Dplus Kia,Hanwha Life Esports,Dplus Kia,2-1,2.0,1.0,1.49,2.71,0.645238,0.354762,Hanwha Life Esports,Dplus Kia,True,BO3,0.5980834651279714,0.4019165348720286,0.5980834651279714,True
LCK_20240728_KT Rolster|Nongshim RedForce,LCK,2024,2024-07-28,KT Rolster,Nongshim RedForce,KT Rolster,Nongshim RedForce,3-0,3,0,3,KT Rolster|Nongshim RedForce,1.0,https://www.oddsportal.com/esports/league-of-legends/league-of-legends-lck-2024/results/,28 Jul 2024 - Summer Season,2024-07-28,KT Rolster,Nongshim RedForce,KT Rolster,Nongshim RedForce,2-1,2.0,1.0,1.17,5.63,0.827941,0.172059,KT Rolster,Nongshim RedForce,True,BO3,0.7361969138744575,0.2638030861255425,0.7361969138744575,True
LCS_20240728_100 Thieves|FlyQuest,LCS,2024,2024-07-28,FlyQuest,100 Thieves,100 Thieves,FlyQuest,2-1,2,1,3,100 Thieves|FlyQuest,1.0,https://www.oddsportal.com/esports/league-of-legends/league-of-legends-lcs-2024/results/,28 Jul 2024 - Summer Season,2024-07-28,FlyQuest eSports,100 Thieves,FlyQuest eSports,100 Thieves,2-1,2.0,1.0,1.24,4.06,0.766038,0.233962,FlyQuest,100 Thieves,True,BO3,0.6859285974950902,0.31407140250490984,0.6859285974950902,True
LCS_20240728_Immortals|Team Liquid,LCS,2024,2024-07-28,Team Liquid,Immortals,Team Liquid,Immortals,2-0,2,0,2,Immortals|Team Liquid,1.0,https://www.oddsportal.com/esports/league-of-legends/league-of-legends-lcs-2024/results/,28 Jul 2024 - Summer Season,2024-07-28,Team Liquid,Immortals,Team Liquid,Immortals,2-0,2.0,0.0,1.09,7.5,0.873108,0.126892,Team Liquid,Immortals,True,BO3,0.7771114695610092,0.22288853043899082,0.7771114695610092,True
LCK_20240731_Dplus Kia|T1,LCK,2024,2024-07-31,T1,Dplus Kia,Dplus Kia,T1,2-1,2,1,3,Dplus Kia|T1,1.0,https://www.oddsportal.com/esports/league-of-legends/league-of-legends-lck-2024/results/,31 Jul 2024 - Summer Season,2024-07-31,T1,Dplus Kia,T1,Dplus Kia,2-1,2.0,1.0,1.62,2.42,0.59901,0.40099,T1,Dplus Kia,True,BO3,0.5663969528555135,0.4336030471444865,0.5663969528555135,True
LCK_20240731_Hanwha Life Esports|KT Rolster,LCK,2024,2024-07-31,KT Rolster,Hanwha Life Esports,KT Rolster,Hanwha Life Esports,3-0,3,0,3,Hanwha Life Esports|KT Rolster,1.0,https://www.oddsportal.com/esports/league-of-legends/league-of-legends-lck-2024/results/,31 Jul 2024 - Summer Season,2024-07-31,KT Rolster,Hanwha Life,KT Rolster,Hanwha Life Esports,2-1,2.0,1.0,5.0,1.18,0.190939,0.809061,KT Rolster,Hanwha Life Esports,True,BO3,0.2797047659500517,0.7202952340499482,0.2797047659500517,True
LCK_20240801_BNK FEARX|Gen.G,LCK,2024,2024-08-01,BNK FEARX,Gen.G,Gen.G,BNK FEARX,2-0,2,0,2,BNK FEARX|Gen.G,1.0,https://www.oddsportal.com/esports/league-of-legends/league-of-legends-lck-2024/results/,01 Aug 2024 - Summer Season,2024-08-01,FearX,Gen.G,BNK FEARX,Gen.G,0-2,0.0,2.0,13.5,1.03,0.070888,0.929112,BNK FEARX,Gen.G,True,BO3,0.16280749616411014,0.8371925038358898,0.16280749616411014,True
LCK_20240802_Hanwha Life Esports|Nongshim RedForce,LCK,2024,2024-08-02,Nongshim RedForce,Hanwha Life Esports,Hanwha Life Esports,Nongshim RedForce,2-0,2,0,2,Hanwha Life Esports|Nongshim RedForce,1.0,https://www.oddsportal.com/esports/league-of-legends/league-of-legends-lck-2024/results/,02 Aug 2024 - Summer Season,2024-08-02,Nongshim RedForce,Hanwha Life,Nongshim RedForce,Hanwha Life Esports,0-2,0.0,2.0,11.9,1.04,0.080371,0.919629,Nongshim RedForce,Hanwha Life Esports,True,BO3,0.17409164738505592,0.8259083526149441,0.17409164738505592,True
LCK_20240802_DN SOOPers|Dplus Kia,LCK,2024,2024-08-02,Dplus Kia,DN SOOPers,Dplus Kia,DN SOOPers,3-0,3,0,3,DN SOOPers|Dplus Kia,1.0,https://www.oddsportal.com/esports/league-of-legends/league-of-legends-lck-2024/results/,02 Aug 2024 - Summer Season,2024-08-02,Dplus Kia,DN SOOPers,Dplus Kia,DN SOOPers,2-1,2.0,1.0,1.16,5.3,0.820433,0.179567,Dplus Kia,DN SOOPers,True,BO3,0.7298030217565579,0.27019697824344213,0.7298030217565579,True
LCK_20240803_Gen.G|T1,LCK,2024,2024-08-03,T1,Gen.G,Gen.G,T1,2-0,2,0,2,Gen.G|T1,1.0,https://www.oddsportal.com/esports/league-of-legends/league-of-legends-lck-2024/results/,03 Aug 2024 - Summer Season,2024-08-03,T1,Gen.G,T1,Gen.G,0-2,0.0,2.0,3.57,1.31,0.268443,0.731557,T1,Gen.G,True,BO3,0.3401863982905546,0.6598136017094454,0.3401863982905546,True
LCK_20240804_HANJIN BRION|KT Rolster,LCK,2024,2024-08-04,HANJIN BRION,KT Rolster,HANJIN BRION,KT Rolster,1-1,1,1,2,HANJIN BRION|KT Rolster,1.0,https://www.oddsportal.com/esports/league-of-legends/league-of-legends-lck-2024/results/,04 Aug 2024 - Summer Season,2024-08-04,OKSavingsBank Brion,KT Rolster,HANJIN BRION,KT Rolster,2-0,2.0,0.0,10.6,1.06,0.090909,0.909091,HANJIN BRION,KT Rolster,True,BO3,0.1859897754826414,0.8140102245173586,0.1859897754826414,True
LCK_20240804_DN SOOPers|Nongshim RedForce,LCK,2024,2024-08-04,DN SOOPers,Nongshim RedForce,DN SOOPers,Nongshim RedForce,2-0,2,0,2,DN SOOPers|Nongshim RedForce,1.0,https://www.oddsportal.com/esports/league-of-legends/league-of-legends-lck-2024/results/,04 Aug 2024 - Summer Season,2024-08-04,DN SOOPers,Nongshim RedForce,DN SOOPers,Nongshim RedForce,2-0,2.0,0.0,1.33,3.47,0.722917,0.277083,DN SOOPers,Nongshim RedForce,True,BO3,0.65342684941536,0.34657315058464,0.65342684941536,True
LCK_20240801_HANJIN BRION|KRX,LCK,2024,2024-08-01,DRX,HANJIN BRION,DRX,HANJIN BRION,1-1,1,1,2,HANJIN BRION|KRX,1.0,https://www.oddsportal.com/esports/league-of-legends/league-of-legends-lck-2024/results/,01 Aug 2024 - Summer Season,2024-08-01,KRX,OKSavingsBank Brion,KRX,HANJIN BRION,2-0,2.0,0.0,1.79,2.1,0.539846,0.460154,KRX,HANJIN BRION,True,BO3,0.526589063855476,0.473410936144524,0.526589063855476,True
LCK_20240803_BNK FEARX|KRX,LCK,2024,2024-08-03,BNK FEARX,DRX,BNK FEARX,DRX,1-1,1,1,2,BNK FEARX|KRX,1.0,https://www.oddsportal.com/esports/league-of-legends/league-of-legends-lck-2024/results/,03 Aug 2024 - Summer Season,2024-08-03,FearX,KRX,BNK FEARX,KRX,2-0,2.0,0.0,1.31,3.57,0.731557,0.268443,BNK FEARX,KRX,True,BO3,0.6598136017094454,0.34018639829055464,0.6598136017094454,True
LCK_20250131_DN SOOPers|KT Rolster,LCK,2025,2025-01-31,DN SOOPers,KT Rolster,DN SOOPers,KT Rolster,2-1,2,1,3,DN SOOPers|KT Rolster,4.0,https://www.oddsportal.com/esports/league-of-legends/league-of-legends-lck-2025/results/#/page/4/,31 Jan 2025 - Preliminary,2025-01-31,DN SOOPers,KT Rolster,DN SOOPers,KT Rolster,1-2,1.0,2.0,3.38,1.4,0.292887,0.707113,DN SOOPers,KT Rolster,True,BO3,0.3581163238673568,0.6418836761326432,0.3581163238673568,True
LCK_20250131_Hanwha Life Esports|KRX,LCK,2025,2025-01-31,DRX,Hanwha Life Esports,Hanwha Life Esports,DRX,2-0,2,0,2,Hanwha Life Esports|KRX,4.0,https://www.oddsportal.com/esports/league-of-legends/league-of-legends-lck-2025/results/#/page/4/,31 Jan 2025 - Preliminary,2025-01-31,KRX,Hanwha Life,KRX,Hanwha Life Esports,0-2,0.0,2.0,5.8,1.14,0.164265,0.835735,KRX,Hanwha Life Esports,True,BO3,0.25705863719604477,0.7429413628039552,0.25705863719604477,True
LCK_20250201_Dplus Kia|HANJIN BRION,LCK,2025,2025-02-01,HANJIN BRION,Dplus Kia,HANJIN BRION,Dplus Kia,2-1,2,1,3,Dplus Kia|HANJIN BRION,4.0,https://www.oddsportal.com/esports/league-of-legends/league-of-legends-lck-2025/results/#/page/4/,01 Feb 2025 - Preliminary,2025-02-01,OKSavingsBank Brion,Dplus Kia,HANJIN BRION,Dplus Kia,1-2,1.0,2.0,5.5,1.15,0.172932,0.827068,HANJIN BRION,Dplus Kia,True,BO3,0.26455159056135796,0.735448409438642,0.26455159056135796,True
LCK_20250201_Gen.G|T1,LCK,2025,2025-02-01,T1,Gen.G,T1,Gen.G,3-0,3,0,3,Gen.G|T1,4.0,https://www.oddsportal.com/esports/league-of-legends/league-of-legends-lck-2025/results/#/page/4/,01 Feb 2025 - Preliminary,2025-02-01,T1,Gen.G,T1,Gen.G,2-1,2.0,1.0,2.8,1.41,0.334917,0.665083,T1,Gen.G,True,BO3,0.3880752000375197,0.6119247999624803,0.3880752000375197,True
LCK_20250202_BNK FEARX|Nongshim RedForce,LCK,2025,2025-02-02,Nongshim RedForce,BNK FEARX,Nongshim RedForce,BNK FEARX,1-1,1,1,2,BNK FEARX|Nongshim RedForce,4.0,https://www.oddsportal.com/esports/league-of-legends/league-of-legends-lck-2025/results/#/page/4/,02 Feb 2025 - Preliminary,2025-02-02,Nongshim RedForce,FearX,Nongshim RedForce,BNK FEARX,2-0,2.0,0.0,1.73,2.3,0.57072,0.42928,Nongshim RedForce,BNK FEARX,True,BO3,0.5472876546374191,0.45271234536258087,0.5472876546374191,True
LCK_20250207_DN SOOPers|KRX,LCK,2025,2025-02-07,DRX,DN SOOPers,DRX,DN SOOPers,1-1,1,1,2,DN SOOPers|KRX,4.0,https://www.oddsportal.com/esports/league-of-legends/league-of-legends-lck-2025/results/#/page/4/,07 Feb 2025 - Preliminary - Play Offs,2025-02-07,KRX,DN SOOPers,KRX,DN SOOPers,2-0,2.0,0.0,1.8,2.16,0.545455,0.454545,KRX,DN SOOPers,True,BO3,0.5303405733689568,0.4696594266310432,0.5303405733689568,True
LCK_20250207_HANJIN BRION|Nongshim RedForce,LCK,2025,2025-02-07,Nongshim RedForce,HANJIN BRION,Nongshim RedForce,HANJIN BRION,1-1,1,1,2,HANJIN BRION|Nongshim RedForce,4.0,https://www.oddsportal.com/esports/league-of-legends/league-of-legends-lck-2025/results/#/page/4/,07 Feb 2025 - Preliminary - Play Offs,2025-02-07,Nongshim RedForce,OKSavingsBank Brion,Nongshim RedForce,HANJIN BRION,2-0,2.0,0.0,1.62,2.46,0.602941,0.397059,Nongshim RedForce,HANJIN BRION,True,BO3,0.5690666151779489,0.4309333848220511,0.5690666151779489,True
LCK_20250208_Nongshim RedForce|T1,LCK,2025,2025-02-08,T1,Nongshim RedForce,T1,Nongshim RedForce,1-1,1,1,2,Nongshim RedForce|T1,4.0,https://www.oddsportal.com/esports/league-of-legends/league-of-legends-lck-2025/results/#/page/4/,08 Feb 2025 - Preliminary - Play Offs,2025-02-08,T1,Nongshim RedForce,T1,Nongshim RedForce,2-0,2.0,0.0,1.09,7.34,0.8707,0.1293,T1,Nongshim RedForce,True,BO3,0.7748029286173659,0.22519707138263412,0.7748029286173659,True
LCK_20250208_Hanwha Life Esports|KRX,LCK,2025,2025-02-08,Hanwha Life Esports,DRX,Hanwha Life Esports,DRX,1-1,1,1,2,Hanwha Life Esports|KRX,4.0,https://www.oddsportal.com/esports/league-of-legends/league-of-legends-lck-2025/results/#/page/4/,08 Feb 2025 - Preliminary - Play Offs,2025-02-08,Hanwha Life,KRX,Hanwha Life Esports,KRX,2-0,2.0,0.0,1.13,5.8,0.836941,0.163059,Hanwha Life Esports,KRX,True,BO3,0.7439952467247326,0.2560047532752674,0.7439952467247326,True
LCK_20250209_KRX|Nongshim RedForce,LCK,2025,2025-02-09,DRX,Nongshim RedForce,DRX,Nongshim RedForce,2-2,2,2,4,KRX|Nongshim RedForce,4.0,https://www.oddsportal.com/esports/league-of-legends/league-of-legends-lck-2025/results/#/page/4/,09 Feb 2025 - Preliminary - Play Offs,2025-02-09,Nongshim RedForce,KRX,Nongshim RedForce,KRX,3-1,3.0,1.0,2.19,1.64,0.428198,0.571802,Nongshim RedForce,KRX,False,BO5,0.4615543344967104,0.5384456655032896,0.5384456655032896,True
LCK_20250423_KRX|KT Rolster,LCK,2025,2025-04-23,DRX,KT Rolster,KT Rolster,DRX,2-0,2,0,2,KRX|KT Rolster,3.0,https://www.oddsportal.com/esports/league-of-legends/league-of-legends-lck-2025/results/#/page/3/,23 Apr 2025 - First stage,2025-04-23,KRX,KT Rolster,KRX,KT Rolster,0-2,0.0,2.0,2.4,1.7,0.414634,0.585366,KRX,KT Rolster,True,BO3,0.44284032842295895,0.557159671577041,0.44284032842295895,True
LCK_20250423_BNK FEARX|Nongshim RedForce,LCK,2025,2025-04-23,Nongshim RedForce,BNK FEARX,Nongshim RedForce,BNK FEARX,1-1,1,1,2,BNK FEARX|Nongshim RedForce,3.0,https://www.oddsportal.com/esports/league-of-legends/league-of-legends-lck-2025/results/#/page/3/,23 Apr 2025 - First stage,2025-04-23,Nongshim RedForce,FearX,Nongshim RedForce,BNK FEARX,2-0,2.0,0.0,1.78,2.05,0.535248,0.464752,Nongshim RedForce,BNK FEARX,True,BO3,0.5235160058810782,0.47648399411892184,0.5235160058810782,True
LCK_20250424_DN SOOPers|Gen.G,LCK,2025,2025-04-24,Gen.G,DN SOOPers,Gen.G,DN SOOPers,1-1,1,1,2,DN SOOPers|Gen.G,3.0,https://www.oddsportal.com/esports/league-of-legends/league-of-legends-lck-2025/results/#/page/3/,24 Apr 2025 - First stage,2025-04-24,Gen.G,DN SOOPers,Gen.G,DN SOOPers,2-0,2.0,0.0,1.02,17.0,0.943396,0.056604,Gen.G,DN SOOPers,True,BO3,0.8555031787956264,0.14449682120437357,0.8555031787956264,True
LCK_20250424_HANJIN BRION|Hanwha Life Esports,LCK,2025,2025-04-24,Hanwha Life Esports,HANJIN BRION,Hanwha Life Esports,HANJIN BRION,1-1,1,1,2,HANJIN BRION|Hanwha Life Esports,3.0,https://www.oddsportal.com/esports/league-of-legends/league-of-legends-lck-2025/results/#/page/3/,24 Apr 2025 - First stage,2025-04-24,Hanwha Life,OKSavingsBank Brion,Hanwha Life Esports,HANJIN BRION,2-0,2.0,0.0,1.06,11.3,0.914239,0.085761,Hanwha Life Esports,HANJIN BRION,True,BO3,0.8197460747121892,0.1802539252878108,0.8197460747121892,True
LCK_20250425_KT Rolster|Nongshim RedForce,LCK,2025,2025-04-25,KT Rolster,Nongshim RedForce,Nongshim RedForce,KT Rolster,2-0,2,0,2,KT Rolster|Nongshim RedForce,3.0,https://www.oddsportal.com/esports/league-of-legends/league-of-legends-lck-2025/results/#/page/3/,25 Apr 2025 - First stage,2025-04-25,KT Rolster,Nongshim RedForce,KT Rolster,Nongshim RedForce,0-2,0.0,2.0,2.46,1.62,0.397059,0.602941,KT Rolster,Nongshim RedForce,True,BO3,0.43093338482205107,0.5690666151779489,0.43093338482205107,True
LCK_20250425_Dplus Kia|T1,LCK,2025,2025-04-25,T1,Dplus Kia,T1,Dplus Kia,3-0,3,0,3,Dplus Kia|T1,3.0,https://www.oddsportal.com/esports/league-of-legends/league-of-legends-lck-2025/results/#/page/3/,25 Apr 2025 - First stage,2025-04-25,T1,Dplus Kia,T1,Dplus Kia,2-1,2.0,1.0,2.11,1.87,0.469849,0.530151,T1,Dplus Kia,True,BO3,0.4798884872496097,0.5201115127503904,0.4798884872496097,True
LCK_20250426_BNK FEARX|DN SOOPers,LCK,2025,2025-04-26,DN SOOPers,BNK FEARX,DN SOOPers,BNK FEARX,2-1,2,1,3,BNK FEARX|DN SOOPers,3.0,https://www.oddsportal.com/esports/league-of-legends/league-of-legends-lck-2025/results/#/page/3/,26 Apr 2025 - First stage,2025-04-26,DN SOOPers,FearX,DN SOOPers,BNK FEARX,1-2,1.0,2.0,3.1,1.4,0.311111,0.688889,DN SOOPers,BNK FEARX,True,BO3,0.3712268194807526,0.6287731805192474,0.3712268194807526,True
LCK_20250426_Gen.G|KRX,LCK,2025,2025-04-26,DRX,Gen.G,Gen.G,DRX,2-0,2,0,2,Gen.G|KRX,3.0,https://www.oddsportal.com/esports/league-of-legends/league-of-legends-lck-2025/results/#/page/3/,26 Apr 2025 - First stage,2025-04-26,KRX,Gen.G,KRX,Gen.G,0-2,0.0,2.0,11.3,1.1,0.08871,0.91129,KRX,Gen.G,True,BO3,0.18355668692671312,0.8164433130732869,0.18355668692671312,True
LCK_20250427_HANJIN BRION|T1,LCK,2025,2025-04-27,HANJIN BRION,T1,HANJIN BRION,T1,3-0,3,0,3,HANJIN BRION|T1,3.0,https://www.oddsportal.com/esports/league-of-legends/league-of-legends-lck-2025/results/#/page/3/,27 Apr 2025 - First stage,2025-04-27,OKSavingsBank Brion,T1,HANJIN BRION,T1,2-1,2.0,1.0,6.36,1.14,0.152,0.848,HANJIN BRION,T1,True,BO3,0.24620290094695044,0.7537970990530496,0.24620290094695044,True
LCK_20250427_Dplus Kia|Hanwha Life Esports,LCK,2025,2025-04-27,Dplus Kia,Hanwha Life Esports,Dplus Kia,Hanwha Life Esports,2-1,2,1,3,Dplus Kia|Hanwha Life Esports,3.0,https://www.oddsportal.com/esports/league-of-legends/league-of-legends-lck-2025/results/#/page/3/,27 Apr 2025 - First stage,2025-04-27,Dplus Kia,Hanwha Life,Dplus Kia,Hanwha Life Esports,1-2,1.0,2.0,2.88,1.45,0.334873,0.665127,Dplus Kia,Hanwha Life Esports,True,BO3,0.38804431886346186,0.6119556811365381,0.38804431886346186,True
LCK_20250430_Dplus Kia|Nongshim RedForce,LCK,2025,2025-04-30,Nongshim RedForce,Dplus Kia,Dplus Kia,Nongshim RedForce,2-1,2,1,3,Dplus Kia|Nongshim RedForce,3.0,https://www.oddsportal.com/esports/league-of-legends/league-of-legends-lck-2025/results/#/page/3/,30 Apr 2025 - First stage,2025-04-30,Nongshim RedForce,Dplus Kia,Nongshim RedForce,Dplus Kia,2-1,2.0,1.0,3.63,1.32,0.266667,0.733333,Nongshim RedForce,Dplus Kia,True,BO3,0.3388664316017228,0.6611335683982772,0.3388664316017228,True
LCK_20250430_BNK FEARX|Hanwha Life Esports,LCK,2025,2025-04-30,BNK FEARX,Hanwha Life Esports,Hanwha Life Esports,BNK FEARX,2-0,2,0,2,BNK FEARX|Hanwha Life Esports,3.0,https://www.oddsportal.com/esports/league-of-legends/league-of-legends-lck-2025/results/#/page/3/,30 Apr 2025 - First stage,2025-04-30,FearX,Hanwha Life,BNK FEARX,Hanwha Life Esports,0-2,0.0,2.0,9.95,1.08,0.097915,0.902085,BNK FEARX,Hanwha Life Esports,True,BO3,0.1935837167251228,0.8064162832748771,0.1935837167251228,True
LCK_20250501_Gen.G|KT Rolster,LCK,2025,2025-05-01,Gen.G,KT Rolster,Gen.G,KT Rolster,1-1,1,1,2,Gen.G|KT Rolster,3.0,https://www.oddsportal.com/esports/league-of-legends/league-of-legends-lck-2025/results/#/page/3/,01 May 2025 - First stage,2025-05-01,Gen.G,KT Rolster,Gen.G,KT Rolster,2-0,2.0,0.0,1.05,12.6,0.923077,0.076923,Gen.G,KT Rolster,True,BO3,0.8299421292590129,0.1700578707409871,0.8299421292590129,True
LCK_20250501_HANJIN BRION|KRX,LCK,2025,2025-05-01,HANJIN BRION,DRX,HANJIN BRION,DRX,2-1,2,1,3,HANJIN BRION|KRX,3.0,https://www.oddsportal.com/esports/league-of-legends/league-of-legends-lck-2025/results/#/page/3/,01 May 2025 - First stage,2025-05-01,OKSavingsBank Brion,KRX,HANJIN BRION,KRX,1-2,1.0,2.0,1.64,2.35,0.588972,0.411028,HANJIN BRION,KRX,True,BO3,0.559596900950342,0.440403099049658,0.559596900950342,True
LCK_20250502_DN SOOPers|T1,LCK,2025,2025-05-02,T1,DN SOOPers,T1,DN SOOPers,1-1,1,1,2,DN SOOPers|T1,3.0,https://www.oddsportal.com/esports/league-of-legends/league-of-legends-lck-2025/results/#/page/3/,02 May 2025 - First stage,2025-05-02,T1,DN SOOPers,T1,DN SOOPers,2-0,2.0,0.0,1.1,9.95,0.900452,0.099548,T1,DN SOOPers,True,BO3,0.8046787585947359,0.19532124140526408,0.8046787585947359,True
LCK_20250502_Hanwha Life Esports|Nongshim RedForce,LCK,2025,2025-05-02,Hanwha Life Esports,Nongshim RedForce,Hanwha Life Esports,Nongshim RedForce,1-1,1,1,2,Hanwha Life Esports|Nongshim RedForce,3.0,https://www.oddsportal.com/esports/league-of-legends/league-of-legends-lck-2025/results/#/page/3/,02 May 2025 - First stage,2025-05-02,Hanwha Life,Nongshim RedForce,Hanwha Life Esports,Nongshim RedForce,2-0,2.0,0.0,1.13,6.59,0.853627,0.146373,Hanwha Life Esports,Nongshim RedForce,True,BO3,0.758886086338986,0.24111391366101398,0.758886086338986,True
LCK_20250503_Dplus Kia|Gen.G,LCK,2025,2025-05-03,Gen.G,Dplus Kia,Gen.G,Dplus Kia,2-0,2,0,2,Dplus Kia|Gen.G,3.0,https://www.oddsportal.com/esports/league-of-legends/league-of-legends-lck-2025/results/#/page/3/,03 May 2025 - First stage,2025-05-03,Gen.G,Dplus Kia,Gen.G,Dplus Kia,2-0,2.0,0.0,1.2,5.8,0.828571,0.171429,Gen.G,Dplus Kia,True,BO3,0.7367379191460782,0.2632620808539218,0.7367379191460782,True
LCK_20250503_BNK FEARX|KRX,LCK,2025,2025-05-03,DRX,BNK FEARX,DRX,BNK FEARX,1-1,1,1,2,BNK FEARX|KRX,3.0,https://www.oddsportal.com/esports/league-of-legends/league-of-legends-lck-2025/results/#/page/3/,03 May 2025 - First stage,2025-05-03,KRX,FearX,KRX,BNK FEARX,2-0,2.0,0.0,2.7,1.55,0.364706,0.635294,KRX,BNK FEARX,True,BO3,0.4087923445806557,0.5912076554193443,0.4087923445806557,True
LCK_20250504_DN SOOPers|HANJIN BRION,LCK,2025,2025-05-04,DN SOOPers,HANJIN BRION,DN SOOPers,HANJIN BRION,2-1,2,1,3,DN SOOPers|HANJIN BRION,3.0,https://www.oddsportal.com/esports/league-of-legends/league-of-legends-lck-2025/results/#/page/3/,04 May 2025 - First stage,2025-05-04,DN SOOPers,OKSavingsBank Brion,DN SOOPers,HANJIN BRION,1-2,1.0,2.0,3.04,1.42,0.318386,0.681614,DN SOOPers,HANJIN BRION,True,BO3,0.37640677071296497,0.623593229287035,0.37640677071296497,True
LCK_20250504_KT Rolster|T1,LCK,2025,2025-05-04,KT Rolster,T1,T1,KT Rolster,2-0,2,0,2,KT Rolster|T1,3.0,https://www.oddsportal.com/esports/league-of-legends/league-of-legends-lck-2025/results/#/page/3/,04 May 2025 - First stage,2025-05-04,KT Rolster,T1,KT Rolster,T1,0-2,0.0,2.0,5.22,1.18,0.184375,0.815625,KT Rolster,T1,True,BO3,0.2742417747173686,0.7257582252826313,0.2742417747173686,True
LCK_20250607_Dplus Kia|KT Rolster,LCK,2025,2025-06-07,KT Rolster,Dplus Kia,Dplus Kia,KT Rolster,2-1,2,1,3,Dplus Kia|KT Rolster,2.0,https://www.oddsportal.com/esports/league-of-legends/league-of-legends-lck-2025/results/#/page/2/,07 Jun 2025 - Qualification - Play Offs,2025-06-07,KT Rolster,Dplus Kia,KT Rolster,Dplus Kia,3-0,3.0,0.0,1.82,4.0,0.687285,0.312715,KT Rolster,Dplus Kia,True,BO5,0.6027406867903898,0.39725931320961017,0.6027406867903898,True
LCK_20250608_KT Rolster|Nongshim RedForce,LCK,2025,2025-06-08,Nongshim RedForce,KT Rolster,KT Rolster,Nongshim RedForce,3-0,3,0,3,KT Rolster|Nongshim RedForce,2.0,https://www.oddsportal.com/esports/league-of-legends/league-of-legends-lck-2025/results/#/page/2/,08 Jun 2025 - Qualification - Play Offs,2025-06-08,KT Rolster,Nongshim RedForce,KT Rolster,Nongshim RedForce,3-0,3.0,0.0,1.5,2.64,0.637681,0.362319,KT Rolster,Nongshim RedForce,False,BO5,0.5745263288356723,0.42547367116432766,0.42547367116432766,True
LCK_20250613_Gen.G|Hanwha Life Esports,LCK,2025,2025-06-13,Gen.G,Hanwha Life Esports,Hanwha Life Esports,Gen.G,4-1,4,1,5,Gen.G|Hanwha Life Esports,2.0,https://www.oddsportal.com/esports/league-of-legends/league-of-legends-lck-2025/results/#/page/2/,13 Jun 2025 - Qualification - Play Offs,2025-06-13,Gen.G,Hanwha Life,Gen.G,Hanwha Life Esports,3-2,3.0,2.0,1.4,3.38,0.707113,0.292887,Gen.G,Hanwha Life Esports,True,BO5,0.6143889562461513,0.3856110437538487,0.6143889562461513,True
LCK_20250614_KT Rolster|T1,LCK,2025,2025-06-14,T1,KT Rolster,KT Rolster,T1,3-1,3,1,4,KT Rolster|T1,2.0,https://www.oddsportal.com/esports/league-of-legends/league-of-legends-lck-2025/results/#/page/2/,14 Jun 2025 - Qualification - Play Offs,2025-06-14,T1,KT Rolster,T1,KT Rolster,3-1,3.0,1.0,1.65,2.26,0.578005,0.421995,T1,KT Rolster,True,BO5,0.5417969752069062,0.4582030247930938,0.5417969752069062,True
LCK_20250615_Hanwha Life Esports|T1,LCK,2025,2025-06-15,Hanwha Life Esports,T1,T1,Hanwha Life Esports,2-1,2,1,3,Hanwha Life Esports|T1,2.0,https://www.oddsportal.com/esports/league-of-legends/league-of-legends-lck-2025/results/#/page/2/,15 Jun 2025 - Qualification - Play Offs,2025-06-15,Hanwha Life,T1,Hanwha Life Esports,T1,0-3,0.0,3.0,1.45,3.23,0.690171,0.309829,Hanwha Life Esports,T1,True,BO5,0.6044210211034873,0.3955789788965127,0.6044210211034873,True
LCK_20250723_Dplus Kia|HANJIN BRION,LCK,2025,2025-07-23,Dplus Kia,HANJIN BRION,Dplus Kia,HANJIN BRION,2-1,2,1,3,Dplus Kia|HANJIN BRION,2.0,https://www.oddsportal.com/esports/league-of-legends/league-of-legends-lck-2025/results/#/page/2/,23 Jul 2025 - Second stage,2025-07-23,Dplus Kia,OKSavingsBank Brion,Dplus Kia,HANJIN BRION,1-2,1.0,2.0,1.32,4.3,0.765125,0.234875,Dplus Kia,HANJIN BRION,True,BO3,0.6852226895822874,0.3147773104177126,0.6852226895822874,True
LCK_20250723_Gen.G|Hanwha Life Esports,LCK,2025,2025-07-23,Gen.G,Hanwha Life Esports,Gen.G,Hanwha Life Esports,1-1,1,1,2,Gen.G|Hanwha Life Esports,2.0,https://www.oddsportal.com/esports/league-of-legends/league-of-legends-lck-2025/results/#/page/2/,23 Jul 2025 - Second stage,2025-07-23,Gen.G,Hanwha Life,Gen.G,Hanwha Life Esports,2-0,2.0,0.0,1.45,3.25,0.691489,0.308511,Gen.G,Hanwha Life Esports,True,BO3,0.6306315684465087,0.3693684315534913,0.6306315684465087,True
LCK_20250724_BNK FEARX|DN SOOPers,LCK,2025,2025-07-24,DN SOOPers,BNK FEARX,BNK FEARX,DN SOOPers,2-0,2,0,2,BNK FEARX|DN SOOPers,2.0,https://www.oddsportal.com/esports/league-of-legends/league-of-legends-lck-2025/results/#/page/2/,24 Jul 2025 - Second stage,2025-07-24,DN SOOPers,FearX,DN SOOPers,BNK FEARX,0-2,0.0,2.0,2.88,1.52,0.345455,0.654545,DN SOOPers,BNK FEARX,True,BO3,0.3954460890681733,0.6045539109318268,0.3954460890681733,True
LCK_20250724_KT Rolster|Nongshim RedForce,LCK,2025,2025-07-24,KT Rolster,Nongshim RedForce,KT Rolster,Nongshim RedForce,1-1,1,1,2,KT Rolster|Nongshim RedForce,2.0,https://www.oddsportal.com/esports/league-of-legends/league-of-legends-lck-2025/results/#/page/2/,24 Jul 2025 - Second stage,2025-07-24,KT Rolster,Nongshim RedForce,KT Rolster,Nongshim RedForce,2-0,2.0,0.0,1.5,2.8,0.651163,0.348837,KT Rolster,Nongshim RedForce,True,BO3,0.6021985565588029,0.39780144344119706,0.6021985565588029,True
LCK_20250725_Gen.G|T1,LCK,2025,2025-07-25,T1,Gen.G,Gen.G,T1,2-1,2,1,3,Gen.G|T1,2.0,https://www.oddsportal.com/esports/league-of-legends/league-of-legends-lck-2025/results/#/page/2/,25 Jul 2025 - Second stage,2025-07-25,T1,Gen.G,T1,Gen.G,2-1,2.0,1.0,3.38,1.4,0.292887,0.707113,T1,Gen.G,True,BO3,0.3581163238673568,0.6418836761326432,0.3581163238673568,True
LCK_20250725_HANJIN BRION|KRX,LCK,2025,2025-07-25,HANJIN BRION,DRX,DRX,HANJIN BRION,2-1,2,1,3,HANJIN BRION|KRX,2.0,https://www.oddsportal.com/esports/league-of-legends/league-of-legends-lck-2025/results/#/page/2/,25 Jul 2025 - Second stage,2025-07-25,OKSavingsBank Brion,KRX,HANJIN BRION,KRX,2-1,2.0,1.0,1.85,2.18,0.540943,0.459057,HANJIN BRION,KRX,True,BO3,0.5273225291076479,0.4726774708923521,0.5273225291076479,True
LCK_20250726_BNK FEARX|Dplus Kia,LCK,2025,2025-07-26,Dplus Kia,BNK FEARX,Dplus Kia,BNK FEARX,1-1,1,1,2,BNK FEARX|Dplus Kia,2.0,https://www.oddsportal.com/esports/league-of-legends/league-of-legends-lck-2025/results/#/page/2/,26 Jul 2025 - Second stage,2025-07-26,Dplus Kia,FearX,Dplus Kia,BNK FEARX,2-0,2.0,0.0,1.4,3.1,0.688889,0.311111,Dplus Kia,BNK FEARX,True,BO3,0.6287731805192474,0.37122681948075265,0.6287731805192474,True
LCK_20250727_DN SOOPers|KRX,LCK,2025,2025-07-27,DN SOOPers,DRX,DN SOOPers,DRX,2-1,2,1,3,DN SOOPers|KRX,2.0,https://www.oddsportal.com/esports/league-of-legends/league-of-legends-lck-2025/results/#/page/2/,27 Jul 2025 - Second stage,2025-07-27,DN SOOPers,KRX,DN SOOPers,KRX,1-2,1.0,2.0,3.52,1.45,0.291751,0.708249,DN SOOPers,KRX,True,BO3,0.35729224643585566,0.6427077535641443,0.35729224643585566,True
LCK_20250726_Hanwha Life Esports|KT Rolster,LCK,2025,2025-07-26,Hanwha Life Esports,KT Rolster,Hanwha Life Esports,KT Rolster,1-1,1,1,2,Hanwha Life Esports|KT Rolster,2.0,https://www.oddsportal.com/esports/league-of-legends/league-of-legends-lck-2025/results/#/page/2/,26 Jul 2025 - Second stage,2025-07-26,Hanwha Life,KT Rolster,Hanwha Life Esports,KT Rolster,2-0,2.0,0.0,1.4,3.1,0.688889,0.311111,Hanwha Life Esports,KT Rolster,True,BO3,0.6287731805192474,0.37122681948075265,0.6287731805192474,True
LCK_20250727_Nongshim RedForce|T1,LCK,2025,2025-07-27,T1,Nongshim RedForce,T1,Nongshim RedForce,1-1,1,1,2,Nongshim RedForce|T1,2.0,https://www.oddsportal.com/esports/league-of-legends/league-of-legends-lck-2025/results/#/page/2/,27 Jul 2025 - Second stage,2025-07-27,T1,Nongshim RedForce,T1,Nongshim RedForce,2-0,2.0,0.0,1.15,6.36,0.846871,0.153129,T1,Nongshim RedForce,True,BO3,0.7527845992650007,0.24721540073499926,0.7527845992650007,True
LCK_20250730_Dplus Kia|KRX,LCK,2025,2025-07-30,DRX,Dplus Kia,DRX,Dplus Kia,2-1,2,1,3,Dplus Kia|KRX,2.0,https://www.oddsportal.com/esports/league-of-legends/league-of-legends-lck-2025/results/#/page/2/,30 Jul 2025 - Second stage,2025-07-30,KRX,Dplus Kia,KRX,Dplus Kia,1-2,1.0,2.0,3.63,1.31,0.265182,0.734818,KRX,Dplus Kia,True,BO3,0.3377608171147869,0.6622391828852131,0.3377608171147869,True
LCK_20250730_KT Rolster|T1,LCK,2025,2025-07-30,KT Rolster,T1,T1,KT Rolster,2-0,2,0,2,KT Rolster|T1,2.0,https://www.oddsportal.com/esports/league-of-legends/league-of-legends-lck-2025/results/#/page/2/,30 Jul 2025 - Second stage,2025-07-30,KT Rolster,T1,KT Rolster,T1,0-2,0.0,2.0,3.5,3.0,0.461538,0.538462,KT Rolster,T1,True,BO3,0.4743361291937613,0.5256638708062387,0.4743361291937613,True
LCK_20250731_BNK FEARX|HANJIN BRION,LCK,2025,2025-07-31,BNK FEARX,HANJIN BRION,BNK FEARX,HANJIN BRION,1-1,1,1,2,BNK FEARX|HANJIN BRION,2.0,https://www.oddsportal.com/esports/league-of-legends/league-of-legends-lck-2025/results/#/page/2/,31 Jul 2025 - Second stage,2025-07-31,FearX,OKSavingsBank Brion,BNK FEARX,HANJIN BRION,2-0,2.0,0.0,2.39,1.75,0.422705,0.577295,BNK FEARX,HANJIN BRION,True,BO3,0.4482855947251703,0.5517144052748297,0.4482855947251703,True
LCK_20250801_Gen.G|KT Rolster,LCK,2025,2025-08-01,Gen.G,KT Rolster,Gen.G,KT Rolster,1-1,1,1,2,Gen.G|KT Rolster,2.0,https://www.oddsportal.com/esports/league-of-legends/league-of-legends-lck-2025/results/#/page/2/,01 Aug 2025 - Second stage,2025-08-01,Gen.G,KT Rolster,Gen.G,KT Rolster,2-0,2.0,0.0,1.1,8.3,0.882979,0.117021,Gen.G,KT Rolster,True,BO3,0.7867602918695231,0.21323970813047688,0.7867602918695231,True
LCK_20250801_DN SOOPers|Dplus Kia,LCK,2025,2025-08-01,Dplus Kia,DN SOOPers,Dplus Kia,DN SOOPers,1-1,1,1,2,DN SOOPers|Dplus Kia,2.0,https://www.oddsportal.com/esports/league-of-legends/league-of-legends-lck-2025/results/#/page/2/,01 Aug 2025 - Second stage,2025-08-01,Dplus Kia,DN SOOPers,Dplus Kia,DN SOOPers,2-0,2.0,0.0,1.15,6.46,0.848883,0.151117,Dplus Kia,DN SOOPers,True,BO3,0.7545909410072269,0.2454090589927731,0.7545909410072269,True
LCK_20250802_Hanwha Life Esports|T1,LCK,2025,2025-08-02,T1,Hanwha Life Esports,T1,Hanwha Life Esports,1-1,1,1,2,Hanwha Life Esports|T1,2.0,https://www.oddsportal.com/esports/league-of-legends/league-of-legends-lck-2025/results/#/page/2/,02 Aug 2025 - Second stage,2025-08-02,T1,Hanwha Life,T1,Hanwha Life Esports,2-0,2.0,0.0,1.65,2.72,0.622426,0.377574,T1,Hanwha Life Esports,True,BO3,0.5823622775966819,0.4176377224033181,0.5823622775966819,True
LCK_20250803_DN SOOPers|HANJIN BRION,LCK,2025,2025-08-03,DN SOOPers,HANJIN BRION,HANJIN BRION,DN SOOPers,2-0,2,0,2,DN SOOPers|HANJIN BRION,2.0,https://www.oddsportal.com/esports/league-of-legends/league-of-legends-lck-2025/results/#/page/2/,03 Aug 2025 - Second stage,2025-08-03,DN SOOPers,OKSavingsBank Brion,DN SOOPers,HANJIN BRION,0-2,0.0,2.0,3.8,1.32,0.257812,0.742188,DN SOOPers,HANJIN BRION,True,BO3,0.33224700187887146,0.6677529981211285,0.33224700187887146,True
LCK_20250803_Gen.G|Nongshim RedForce,LCK,2025,2025-08-03,Nongshim RedForce,Gen.G,Gen.G,Nongshim RedForce,2-0,2,0,2,Gen.G|Nongshim RedForce,2.0,https://www.oddsportal.com/esports/league-of-legends/league-of-legends-lck-2025/results/#/page/2/,03 Aug 2025 - Second stage,2025-08-03,Nongshim RedForce,Gen.G,Nongshim RedForce,Gen.G,0-2,0.0,2.0,14.6,1.06,0.067688,0.932312,Nongshim RedForce,Gen.G,True,BO3,0.15885581138669075,0.8411441886133093,0.15885581138669075,True
LCK_20250731_Hanwha Life Esports|Nongshim RedForce,LCK,2025,2025-07-31,Nongshim RedForce,Hanwha Life Esports,Hanwha Life Esports,Nongshim RedForce,2-0,2,0,2,Hanwha Life Esports|Nongshim RedForce,2.0,https://www.oddsportal.com/esports/league-of-legends/league-of-legends-lck-2025/results/#/page/2/,31 Jul 2025 - Second stage,2025-07-31,Nongshim RedForce,Hanwha Life,Nongshim RedForce,Hanwha Life Esports,0-2,0.0,2.0,5.4,2.5,0.316456,0.683544,Nongshim RedForce,Hanwha Life Esports,True,BO3,0.37503537711033286,0.6249646228896671,0.37503537711033286,True
LCK_20250802_BNK FEARX|KRX,LCK,2025,2025-08-02,BNK FEARX,DRX,BNK FEARX,DRX,2-1,2,1,3,BNK FEARX|KRX,2.0,https://www.oddsportal.com/esports/league-of-legends/league-of-legends-lck-2025/results/#/page/2/,02 Aug 2025 - Second stage,2025-08-02,FearX,KRX,BNK FEARX,KRX,1-2,1.0,2.0,1.75,2.35,0.573171,0.426829,BNK FEARX,KRX,True,BO3,0.5489369270263859,0.45106307297361414,0.5489369270263859,True
LCK_20250903_HANJIN BRION|Nongshim RedForce,LCK,2025,2025-09-03,HANJIN BRION,Nongshim RedForce,HANJIN BRION,Nongshim RedForce,3-2,3,2,5,HANJIN BRION|Nongshim RedForce,1.0,https://www.oddsportal.com/esports/league-of-legends/league-of-legends-lck-2025/results/,03 Sep 2025 - Qualifying Finals,2025-09-03,Nongshim RedForce,OKSavingsBank Brion,Nongshim RedForce,HANJIN BRION,3-2,3.0,2.0,1.45,3.2,0.688172,0.311828,Nongshim RedForce,HANJIN BRION,False,BO5,0.6032566108612915,0.39674338913870855,0.39674338913870855,True
LCK_20250904_BNK FEARX|Dplus Kia,LCK,2025,2025-09-04,Dplus Kia,BNK FEARX,Dplus Kia,BNK FEARX,4-1,4,1,5,BNK FEARX|Dplus Kia,1.0,https://www.oddsportal.com/esports/league-of-legends/league-of-legends-lck-2025/results/,04 Sep 2025 - Qualifying Finals,2025-09-04,Dplus Kia,FearX,Dplus Kia,BNK FEARX,2-3,2.0,3.0,1.3,4.28,0.767025,0.232975,Dplus Kia,BNK FEARX,True,BO5,0.6514159257835335,0.34858407421646653,0.6514159257835335,True
LCK_20250905_BNK FEARX|Nongshim RedForce,LCK,2025,2025-09-05,Nongshim RedForce,BNK FEARX,Nongshim RedForce,BNK FEARX,2-2,2,2,4,BNK FEARX|Nongshim RedForce,1.0,https://www.oddsportal.com/esports/league-of-legends/league-of-legends-lck-2025/results/,05 Sep 2025 - Qualifying Finals,2025-09-05,Nongshim RedForce,FearX,Nongshim RedForce,BNK FEARX,1-3,1.0,3.0,2.11,1.92,0.476427,0.523573,Nongshim RedForce,BNK FEARX,True,BO5,0.487422428439815,0.512577571560185,0.487422428439815,True
LCK_20250906_Dplus Kia|HANJIN BRION,LCK,2025,2025-09-06,Dplus Kia,HANJIN BRION,Dplus Kia,HANJIN BRION,4-0,4,0,4,Dplus Kia|HANJIN BRION,1.0,https://www.oddsportal.com/esports/league-of-legends/league-of-legends-lck-2025/results/,06 Sep 2025 - Qualifying Finals,2025-09-06,Dplus Kia,OKSavingsBank Brion,Dplus Kia,HANJIN BRION,3-1,3.0,1.0,1.32,5.0,0.791139,0.208861,Dplus Kia,HANJIN BRION,True,BO5,0.6673528653625561,0.3326471346374439,0.6673528653625561,True
LCK_20250907_Dplus Kia|Nongshim RedForce,LCK,2025,2025-09-07,Nongshim RedForce,Dplus Kia,Dplus Kia,Nongshim RedForce,3-0,3,0,3,Dplus Kia|Nongshim RedForce,1.0,https://www.oddsportal.com/esports/league-of-legends/league-of-legends-lck-2025/results/,07 Sep 2025 - Qualifying Finals,2025-09-07,Nongshim RedForce,Dplus Kia,Nongshim RedForce,Dplus Kia,0-3,0.0,3.0,3.2,1.39,0.302832,0.697168,Nongshim RedForce,Dplus Kia,True,BO5,0.3914843022338535,0.6085156977661466,0.3914843022338535,True
LCK_20250910_Dplus Kia|T1,LCK,2025,2025-09-10,T1,Dplus Kia,Dplus Kia,T1,3-2,3,2,5,Dplus Kia|T1,1.0,https://www.oddsportal.com/esports/league-of-legends/league-of-legends-lck-2025/results/,10 Sep 2025 - Regional Finals,2025-09-10,Dplus Kia,T1,Dplus Kia,T1,2-3,2.0,3.0,7.6,1.12,0.12844,0.87156,Dplus Kia,T1,False,BO5,0.272318590407634,0.727681409592366,0.727681409592366,True
LCK_20250911_BNK FEARX|KT Rolster,LCK,2025,2025-09-11,KT Rolster,BNK FEARX,BNK FEARX,KT Rolster,3-1,3,1,4,BNK FEARX|KT Rolster,1.0,https://www.oddsportal.com/esports/league-of-legends/league-of-legends-lck-2025/results/,11 Sep 2025 - Regional Finals,2025-09-11,FearX,KT Rolster,BNK FEARX,KT Rolster,1-3,1.0,3.0,2.86,1.5,0.344037,0.655963,BNK FEARX,KT Rolster,False,BO5,0.41520809049585056,0.5847919095041494,0.5847919095041494,True
LCK_20250913_Gen.G|KT Rolster,LCK,2025,2025-09-13,Gen.G,KT Rolster,KT Rolster,Gen.G,3-2,3,2,5,Gen.G|KT Rolster,1.0,https://www.oddsportal.com/esports/league-of-legends/league-of-legends-lck-2025/results/,13 Sep 2025 - Regional Finals,2025-09-13,Gen.G,KT Rolster,Gen.G,KT Rolster,2-3,2.0,3.0,1.07,11.0,0.91135,0.08865,Gen.G,KT Rolster,True,BO5,0.7646722948771358,0.23532770512286416,0.7646722948771358,True
LCK_20250914_Hanwha Life Esports|T1,LCK,2025,2025-09-14,Hanwha Life Esports,T1,T1,Hanwha Life Esports,2-1,2,1,3,Hanwha Life Esports|T1,1.0,https://www.oddsportal.com/esports/league-of-legends/league-of-legends-lck-2025/results/,14 Sep 2025 - Regional Finals,2025-09-14,Hanwha Life,T1,Hanwha Life Esports,T1,3-0,3.0,0.0,2.9,1.46,0.334862,0.665138,Hanwha Life Esports,T1,True,BO5,0.4100013839028015,0.5899986160971985,0.4100013839028015,True
LCK_20250917_BNK FEARX|Dplus Kia,LCK,2025,2025-09-17,BNK FEARX,Dplus Kia,Dplus Kia,BNK FEARX,3-1,3,1,4,BNK FEARX|Dplus Kia,1.0,https://www.oddsportal.com/esports/league-of-legends/league-of-legends-lck-2025/results/,17 Sep 2025 - Regional Finals,2025-09-17,Dplus Kia,FearX,Dplus Kia,BNK FEARX,3-1,3.0,1.0,1.45,3.05,0.677778,0.322222,Dplus Kia,BNK FEARX,False,BO5,0.5972389380777134,0.40276106192228656,0.40276106192228656,True
LCK_20250918_Dplus Kia|T1,LCK,2025,2025-09-18,T1,Dplus Kia,T1,Dplus Kia,2-2,2,2,4,Dplus Kia|T1,1.0,https://www.oddsportal.com/esports/league-of-legends/league-of-legends-lck-2025/results/,18 Sep 2025 - Regional Finals,2025-09-18,Dplus Kia,T1,Dplus Kia,T1,1-3,1.0,3.0,3.95,1.33,0.251894,0.748106,Dplus Kia,T1,False,BO5,0.3606253832960542,0.6393746167039458,0.6393746167039458,True
LCK_20250920_Hanwha Life Esports|KT Rolster,LCK,2025,2025-09-20,Hanwha Life Esports,KT Rolster,KT Rolster,Hanwha Life Esports,2-1,2,1,3,Hanwha Life Esports|KT Rolster,1.0,https://www.oddsportal.com/esports/league-of-legends/league-of-legends-lck-2025/results/,20 Sep 2025 - Regional Finals,2025-09-20,KT Rolster,Hanwha Life,KT Rolster,Hanwha Life Esports,0-3,0.0,3.0,3.77,1.35,0.263672,0.736328,KT Rolster,Hanwha Life Esports,False,BO5,0.36794614228712674,0.6320538577128733,0.6320538577128733,True
LCK_20250921_Gen.G|T1,LCK,2025,2025-09-21,Gen.G,T1,T1,Gen.G,3-2,3,2,5,Gen.G|T1,1.0,https://www.oddsportal.com/esports/league-of-legends/league-of-legends-lck-2025/results/,21 Sep 2025 - Regional Finals,2025-09-21,T1,Gen.G,T1,Gen.G,2-3,2.0,3.0,3.3,1.41,0.299363,0.700637,T1,Gen.G,False,BO5,0.3894429226115748,0.6105570773884252,0.6105570773884252,True
LCK_20250927_Gen.G|KT Rolster,LCK,2025,2025-09-27,KT Rolster,Gen.G,Gen.G,KT Rolster,3-0,3,0,3,Gen.G|KT Rolster,1.0,https://www.oddsportal.com/esports/league-of-legends/league-of-legends-lck-2025/results/,27 Sep 2025 - Regional Finals,2025-09-27,Gen.G,KT Rolster,Gen.G,KT Rolster,3-0,3.0,0.0,1.13,6.54,0.852673,0.147327,Gen.G,KT Rolster,False,BO5,0.7121937032187675,0.2878062967812325,0.2878062967812325,True
LCK_20250928_Gen.G|Hanwha Life Esports,LCK,2025,2025-09-28,Hanwha Life Esports,Gen.G,Hanwha Life Esports,Gen.G,2-2,2,2,4,Gen.G|Hanwha Life Esports,1.0,https://www.oddsportal.com/esports/league-of-legends/league-of-legends-lck-2025/results/,28 Sep 2025 - Regional Finals,2025-09-28,Gen.G,Hanwha Life,Gen.G,Hanwha Life Esports,3-1,3.0,1.0,1.43,2.9,0.669746,0.330254,Gen.G,Hanwha Life Esports,False,BO5,0.5926287453440438,0.40737125465595625,0.40737125465595625,True
LCS_20260125_Disguised|Sentinels,LCS,2026,2026-01-25,Sentinels,Disguised,Sentinels,Disguised,1-1,1,1,2,Disguised|Sentinels,1.0,https://www.oddsportal.com/esports/league-of-legends/league-of-legends-lcs/results/,24 Jan 2026 - Winter Season,2026-01-24 00:00:00,Sentinels,Disguised,Sentinels,Disguised,1-2,1.0,2.0,1.6,2.1,0.567568,0.432432,Sentinels,Disguised,True,BO3,0.5451682008590316,0.4548317991409684,0.5451682008590316,False
LCS_20260125_Dignitas|Lyon Gaming,LCS,2026,2026-01-25,LYON,Dignitas,LYON,Dignitas,1-0,1,0,1,Dignitas|Lyon Gaming,1.0,https://www.oddsportal.com/esports/league-of-legends/league-of-legends-lcs/results/,25 Jan 2026 - Winter Season,2026-01-25 00:00:00,Lyon Gaming,Dignitas,Lyon Gaming,Dignitas,2-0,2.0,0.0,1.14,7.1,0.86165,0.13835,Lyon Gaming,Dignitas,True,BO3,0.766271798911063,0.233728201088937,0.766271798911063,False
LCS_20260126_Dignitas|Lyon Gaming,LCS,2026,2026-01-26,LYON,Dignitas,LYON,Dignitas,1-0,1,0,1,Dignitas|Lyon Gaming,1.0,https://www.oddsportal.com/esports/league-of-legends/league-of-legends-lcs/results/,25 Jan 2026 - Winter Season,2026-01-25 00:00:00,Lyon Gaming,Dignitas,Lyon Gaming,Dignitas,2-0,2.0,0.0,1.14,7.1,0.86165,0.13835,Lyon Gaming,Dignitas,True,BO3,0.766271798911063,0.233728201088937,0.766271798911063,False
LCS_20260124_Cloud9|Team Liquid,LCS,2026,2026-01-24,Team Liquid,Cloud9,Team Liquid,Cloud9,1-1,1,1,2,Cloud9|Team Liquid,1.0,https://www.oddsportal.com/esports/league-of-legends/league-of-legends-lcs/results/,24 Jan 2026 - Winter Season,2026-01-24 00:00:00,Cloud9,Team Liquid,Cloud9,Team Liquid,2-0,2.0,0.0,1.62,2.53,0.609639,0.390361,Cloud9,Team Liquid,False,BO3,0.5736247882977876,0.4263752117022124,0.4263752117022124,True
LCS_20260124_Disguised|Sentinels,LCS,2026,2026-01-24,Disguised,Sentinels,Sentinels,Disguised,1-0,1,0,1,Disguised|Sentinels,1.0,https://www.oddsportal.com/esports/league-of-legends/league-of-legends-lcs/results/,24 Jan 2026 - Winter Season,2026-01-24 00:00:00,Sentinels,Disguised,Sentinels,Disguised,1-2,1.0,2.0,1.6,2.1,0.567568,0.432432,Sentinels,Disguised,False,BO3,0.5451682008590316,0.4548317991409684,0.4548317991409684,False
LCS_20260125_FlyQuest|Shopify Rebellion,LCS,2026,2026-01-25,FlyQuest,Shopify Rebellion,FlyQuest,Shopify Rebellion,2-0,2,0,2,FlyQuest|Shopify Rebellion,,,,,,,,,,,,,,,,,,,,,,,
LCK_20260128_HANJIN BRION|KRX,LCK,2026,2026-01-28,Kiwoom DRX,HANJIN BRION,Kiwoom DRX,HANJIN BRION,3-2,3,2,5,HANJIN BRION|KRX,2.0,https://www.oddsportal.com/esports/league-of-legends/league-of-legends-lck/results/#/page/2/,28 Jan 2026 - Preliminary,2026-01-28 00:00:00,OKSavingsBank Brion,KRX,HANJIN BRION,KRX,2-3,2.0,3.0,2.15,1.74,0.447301,0.552699,HANJIN BRION,KRX,False,BO5,0.47183433953990905,0.528165660460091,0.528165660460091,True
LCK_20260129_BNK FEARX|DN SOOPers,LCK,2026,2026-01-29,BNK FEARX,DN SOOPers,BNK FEARX,DN SOOPers,2-2,2,2,4,BNK FEARX|DN SOOPers,2.0,https://www.oddsportal.com/esports/league-of-legends/league-of-legends-lck/results/#/page/2/,29 Jan 2026 - Preliminary,2026-01-29 00:00:00,DN SOOPers,FearX,DN SOOPers,BNK FEARX,1-3,1.0,3.0,4.1,1.25,0.233645,0.766355,DN SOOPers,BNK FEARX,False,BO5,0.3490169579458728,0.6509830420541272,0.6509830420541272,True
LCK_20260130_KT Rolster|Nongshim RedForce,LCK,2026,2026-01-30,KT Rolster,Nongshim RedForce,Nongshim RedForce,KT Rolster,3-2,3,2,5,KT Rolster|Nongshim RedForce,2.0,https://www.oddsportal.com/esports/league-of-legends/league-of-legends-lck/results/#/page/2/,30 Jan 2026 - Preliminary,2026-01-30 00:00:00,Nongshim RedForce,KT Rolster,Nongshim RedForce,KT Rolster,3-2,3.0,2.0,2.66,1.51,0.36211,0.63789,Nongshim RedForce,KT Rolster,False,BO5,0.4253570732796035,0.5746429267203965,0.5746429267203965,True
LCK_20260131_Dplus Kia|T1,LCK,2026,2026-01-31,Dplus Kia,T1,Dplus Kia,T1,2-1,2,1,3,Dplus Kia|T1,2.0,https://www.oddsportal.com/esports/league-of-legends/league-of-legends-lck/results/#/page/2/,31 Jan 2026 - Preliminary,2026-01-31 00:00:00,T1,Dplus Kia,T1,Dplus Kia,3-0,3.0,0.0,1.28,4.2,0.766423,0.233577,T1,Dplus Kia,False,BO5,0.6510269537892218,0.3489730462107782,0.3489730462107782,True
LCS_20260131_Cloud9|Lyon Gaming,LCS,2026,2026-01-31,LYON,Cloud9,LYON,Cloud9,1-1,1,1,2,Cloud9|Lyon Gaming,1.0,https://www.oddsportal.com/esports/league-of-legends/league-of-legends-lcs/results/,31 Jan 2026 - Winter Season,2026-01-31 00:00:00,Cloud9,Lyon Gaming,Cloud9,Lyon Gaming,2-0,2.0,0.0,1.54,2.7,0.636792,0.363208,Cloud9,Lyon Gaming,False,BO3,0.592241101475382,0.407758898524618,0.407758898524618,True
LCS_20260131_Dignitas|Sentinels,LCS,2026,2026-01-31,Dignitas,Sentinels,Sentinels,Dignitas,1-0,1,0,1,Dignitas|Sentinels,1.0,https://www.oddsportal.com/esports/league-of-legends/league-of-legends-lcs/results/,31 Jan 2026 - Winter Season,2026-01-31 00:00:00,Sentinels,Dignitas,Sentinels,Dignitas,2-0,2.0,0.0,1.48,2.35,0.613577,0.386423,Sentinels,Dignitas,False,BO3,0.5763105045806612,0.42368949541933876,0.42368949541933876,False
LCS_20260201_Dignitas|Sentinels,LCS,2026,2026-02-01,Sentinels,Dignitas,Sentinels,Dignitas,1-0,1,0,1,Dignitas|Sentinels,1.0,https://www.oddsportal.com/esports/league-of-legends/league-of-legends-lcs/results/,31 Jan 2026 - Winter Season,2026-01-31 00:00:00,Sentinels,Dignitas,Sentinels,Dignitas,2-0,2.0,0.0,1.48,2.35,0.613577,0.386423,Sentinels,Dignitas,True,BO3,0.5763105045806612,0.42368949541933876,0.5763105045806612,False
LCK_20260201_Gen.G|Hanwha Life Esports,LCK,2026,2026-02-01,Gen.G,Hanwha Life Esports,Gen.G,Hanwha Life Esports,3-0,3,0,3,Gen.G|Hanwha Life Esports,2.0,https://www.oddsportal.com/esports/league-of-legends/league-of-legends-lck/results/#/page/2/,01 Feb 2026 - Preliminary,2026-02-01 00:00:00,Hanwha Life,Gen.G,Hanwha Life Esports,Gen.G,0-3,0.0,3.0,5.5,1.18,0.176647,0.823353,Hanwha Life Esports,Gen.G,False,BO5,0.31006385669060915,0.6899361433093909,0.6899361433093909,True
LCS_20260201_Disguised|FlyQuest,LCS,2026,2026-02-01,Disguised,FlyQuest,Disguised,FlyQuest,2-1,2,1,3,Disguised|FlyQuest,,,,,,,,,,,,,,,,,,,,,,,
LCS_20260202_Shopify Rebellion|Team Liquid,LCS,2026,2026-02-02,Team Liquid,Shopify Rebellion,Team Liquid,Shopify Rebellion,1-0,1,0,1,Shopify Rebellion|Team Liquid,1.0,https://www.oddsportal.com/esports/league-of-legends/league-of-legends-lcs/results/,01 Feb 2026 - Winter Season,2026-02-01 00:00:00,Shopify Rebellion,Team Liquid,Shopify Rebellion,Team Liquid,0-2,0.0,2.0,2.6,1.79,0.407745,0.592255,Shopify Rebellion,Team Liquid,False,BO3,0.43818168135449015,0.5618183186455099,0.5618183186455099,False
LCS_20260201_Shopify Rebellion|Team Liquid,LCS,2026,2026-02-01,Team Liquid,Shopify Rebellion,Team Liquid,Shopify Rebellion,1-0,1,0,1,Shopify Rebellion|Team Liquid,1.0,https://www.oddsportal.com/esports/league-of-legends/league-of-legends-lcs/results/,01 Feb 2026 - Winter Season,2026-02-01 00:00:00,Shopify Rebellion,Team Liquid,Shopify Rebellion,Team Liquid,0-2,0.0,2.0,2.6,1.79,0.407745,0.592255,Shopify Rebellion,Team Liquid,False,BO3,0.43818168135449015,0.5618183186455099,0.5618183186455099,False
LCK_20260207_DN SOOPers|Nongshim RedForce,LCK,2026,2026-02-07,DN SOOPers,Nongshim RedForce,Nongshim RedForce,DN SOOPers,2-1,2,1,3,DN SOOPers|Nongshim RedForce,2.0,https://www.oddsportal.com/esports/league-of-legends/league-of-legends-lck/results/#/page/2/,07 Feb 2026 - Preliminary Play-in,2026-02-07 00:00:00,DN SOOPers,Nongshim RedForce,DN SOOPers,Nongshim RedForce,2-1,2.0,1.0,2.7,1.64,0.37788,0.62212,DN SOOPers,Nongshim RedForce,True,BO3,0.41784739728771664,0.5821526027122834,0.41784739728771664,True
LCK_20260208_KRX|Nongshim RedForce,LCK,2026,2026-02-08,Nongshim RedForce,Kiwoom DRX,Nongshim RedForce,Kiwoom DRX,2-1,2,1,3,KRX|Nongshim RedForce,2.0,https://www.oddsportal.com/esports/league-of-legends/league-of-legends-lck/results/#/page/2/,08 Feb 2026 - Preliminary Play-in,2026-02-08 00:00:00,Nongshim RedForce,KRX,Nongshim RedForce,KRX,0-3,0.0,3.0,1.42,3.0,0.678733,0.321267,Nongshim RedForce,KRX,True,BO5,0.5977893458689383,0.4022106541310617,0.5977893458689383,True
LCK_20260206_HANJIN BRION|KRX,LCK,2026,2026-02-06,HANJIN BRION,Kiwoom DRX,Kiwoom DRX,HANJIN BRION,3-0,3,0,3,HANJIN BRION|KRX,2.0,https://www.oddsportal.com/esports/league-of-legends/league-of-legends-lck/results/#/page/2/,06 Feb 2026 - Preliminary Play-in,2026-02-06 00:00:00,KRX,OKSavingsBank Brion,KRX,HANJIN BRION,2-1,2.0,1.0,1.69,2.25,0.571066,0.428934,KRX,HANJIN BRION,False,BO3,0.5475204134773581,0.45247958652264186,0.45247958652264186,True
LCK_20260206_DN SOOPers|KT Rolster,LCK,2026,2026-02-06,DN SOOPers,KT Rolster,DN SOOPers,KT Rolster,2-0,2,0,2,DN SOOPers|KT Rolster,2.0,https://www.oddsportal.com/esports/league-of-legends/league-of-legends-lck/results/#/page/2/,06 Feb 2026 - Preliminary Play-in,2026-02-06 00:00:00,KT Rolster,DN SOOPers,KT Rolster,DN SOOPers,0-2,0.0,2.0,1.32,3.5,0.726141,0.273859,KT Rolster,DN SOOPers,False,BO3,0.65580344534794,0.34419655465206,0.34419655465206,True
LCK_20260207_Dplus Kia|KRX,LCK,2026,2026-02-07,Dplus Kia,Kiwoom DRX,Dplus Kia,Kiwoom DRX,2-0,2,0,2,Dplus Kia|KRX,2.0,https://www.oddsportal.com/esports/league-of-legends/league-of-legends-lck/results/#/page/2/,07 Feb 2026 - Preliminary Play-in,2026-02-07 00:00:00,KRX,Dplus Kia,KRX,Dplus Kia,0-2,0.0,2.0,5.5,1.18,0.176647,0.823353,KRX,Dplus Kia,False,BO3,0.267721811223477,0.7322781887765231,0.7322781887765231,True
LCS_20240120_100 Thieves|Team Liquid,LCS,2024,2024-01-20,Team Liquid,100 Thieves,100 Thieves,Team Liquid,1-0,1,0,1,100 Thieves|Team Liquid,3.0,https://www.oddsportal.com/esports/league-of-legends/league-of-legends-lcs-2024/results/#/page/3/,20 Jan 2024 - Spring Season,2024-01-20,Team Liquid,100 Thieves,Team Liquid,100 Thieves,0-1,0.0,1.0,1.49,2.71,0.645238,0.354762,Team Liquid,100 Thieves,True,BO1,0.645238,0.354762,0.645238,True
LCS_20240120_Cloud9|NRG Esports,LCS,2024,2024-01-20,Cloud9,NRG,Cloud9,NRG,1-0,1,0,1,Cloud9|NRG Esports,3.0,https://www.oddsportal.com/esports/league-of-legends/league-of-legends-lcs-2024/results/#/page/3/,20 Jan 2024 - Spring Season,2024-01-20,Cloud9,NRG Esports,Cloud9,NRG Esports,1-0,1.0,0.0,1.54,2.56,0.62439,0.37561,Cloud9,NRG Esports,True,BO1,0.62439,0.37561,0.62439,True
LCS_20240120_FlyQuest|Shopify Rebellion,LCS,2024,2024-01-20,FlyQuest,Shopify Rebellion,FlyQuest,Shopify Rebellion,1-0,1,0,1,FlyQuest|Shopify Rebellion,,,,,,,,,,,,,,,,,,,,,,,
LCS_20240120_Dignitas|Immortals,LCS,2024,2024-01-20,Dignitas,Immortals,Dignitas,Immortals,1-0,1,0,1,Dignitas|Immortals,2.0,https://www.oddsportal.com/esports/league-of-legends/league-of-legends-lcs-2024/results/#/page/2/,20 Jan 2024 - Spring Season,2024-01-20,Dignitas,Immortals,Dignitas,Immortals,1-0,1.0,0.0,1.73,2.17,0.55641,0.44359,Dignitas,Immortals,True,BO1,0.55641,0.44359000000000004,0.55641,True
LCS_20240121_Shopify Rebellion|Team Liquid,LCS,2024,2024-01-21,Team Liquid,Shopify Rebellion,Team Liquid,Shopify Rebellion,1-0,1,0,1,Shopify Rebellion|Team Liquid,2.0,https://www.oddsportal.com/esports/league-of-legends/league-of-legends-lcs-2024/results/#/page/2/,21 Jan 2024 - Spring Season,2024-01-21,Shopify Rebellion,Team Liquid,Shopify Rebellion,Team Liquid,0-1,0.0,1.0,2.86,1.45,0.336427,0.663573,Shopify Rebellion,Team Liquid,False,BO1,0.336427,0.663573,0.663573,True
LCS_20240121_100 Thieves|Cloud9,LCS,2024,2024-01-21,100 Thieves,Cloud9,Cloud9,100 Thieves,1-0,1,0,1,100 Thieves|Cloud9,2.0,https://www.oddsportal.com/esports/league-of-legends/league-of-legends-lcs-2024/results/#/page/2/,21 Jan 2024 - Spring Season,2024-01-21,100 Thieves,Cloud9,100 Thieves,Cloud9,0-1,0.0,1.0,5.08,1.2,0.191083,0.808917,100 Thieves,Cloud9,True,BO1,0.191083,0.808917,0.191083,True
LCS_20240121_Dignitas|NRG Esports,LCS,2024,2024-01-21,NRG,Dignitas,NRG,Dignitas,1-0,1,0,1,Dignitas|NRG Esports,2.0,https://www.oddsportal.com/esports/league-of-legends/league-of-legends-lcs-2024/results/#/page/2/,21 Jan 2024 - Spring Season,2024-01-21,NRG Esports,Dignitas,NRG Esports,Dignitas,1-0,1.0,0.0,1.36,3.26,0.705628,0.294372,NRG Esports,Dignitas,True,BO1,0.705628,0.29437199999999997,0.705628,True
LCS_20240121_FlyQuest|Immortals,LCS,2024,2024-01-21,Immortals,FlyQuest,FlyQuest,Immortals,1-0,1,0,1,FlyQuest|Immortals,,,,,,,,,,,,,,,,,,,,,,,
LCS_20260404_Cloud9|Lyon Gaming,LCS,2026,2026-04-04,LYON,Cloud9,LYON,Cloud9,2-1,2,1,3,Cloud9|Lyon Gaming,,,,,,,,,,,,,,,,,,,,,,,
LCS_20260404_Disguised|Sentinels,LCS,2026,2026-04-04,Disguised,Sentinels,Sentinels,Disguised,2-0,2,0,2,Disguised|Sentinels,,,,,,,,,,,,,,,,,,,,,,,
LCS_20260405_Disguised|Sentinels,LCS,2026,2026-04-05,Disguised,Sentinels,Disguised,Sentinels,1-0,1,0,1,Disguised|Sentinels,,,,,,,,,,,,,,,,,,,,,,,
LCS_20260405_FlyQuest|Team Liquid,LCS,2026,2026-04-05,Team Liquid,FlyQuest,Team Liquid,FlyQuest,2-1,2,1,3,FlyQuest|Team Liquid,,,,,,,,,,,,,,,,,,,,,,,
LCS_20260405_Dignitas|Shopify Rebellion,LCS,2026,2026-04-05,Dignitas,Shopify Rebellion,Shopify Rebellion,Dignitas,2-0,2,0,2,Dignitas|Shopify Rebellion,,,,,,,,,,,,,,,,,,,,,,,
LCK_20260409_HANJIN BRION|KRX,LCK,2026,2026-04-09,Kiwoom DRX,HANJIN BRION,HANJIN BRION,Kiwoom DRX,2-1,2,1,3,HANJIN BRION|KRX,2.0,https://www.oddsportal.com/esports/league-of-legends/league-of-legends-lck/results/#/page/2/,09 Apr 2026 - First stage,2026-04-09 00:00:00,OKSavingsBank Brion,KRX,HANJIN BRION,KRX,1-2,1.0,2.0,1.78,2.1,0.541237,0.458763,HANJIN BRION,KRX,False,BO3,0.5275191203793709,0.4724808796206291,0.4724808796206291,True
LCK_20260409_KT Rolster|Nongshim RedForce,LCK,2026,2026-04-09,Nongshim RedForce,KT Rolster,Nongshim RedForce,KT Rolster,1-1,1,1,2,KT Rolster|Nongshim RedForce,2.0,https://www.oddsportal.com/esports/league-of-legends/league-of-legends-lck/results/#/page/2/,09 Apr 2026 - First stage,2026-04-09 00:00:00,KT Rolster,Nongshim RedForce,KT Rolster,Nongshim RedForce,2-0,2.0,0.0,1.43,3.47,0.708163,0.291837,KT Rolster,Nongshim RedForce,False,BO3,0.6426453379530334,0.35735466204696664,0.35735466204696664,True
LCK_20260408_Dplus Kia|Hanwha Life Esports,LCK,2026,2026-04-08,Hanwha Life Esports,Dplus Kia,Hanwha Life Esports,Dplus Kia,2-0,2,0,2,Dplus Kia|Hanwha Life Esports,2.0,https://www.oddsportal.com/esports/league-of-legends/league-of-legends-lck/results/#/page/2/,08 Apr 2026 - First stage,2026-04-08 00:00:00,Dplus Kia,Hanwha Life,Dplus Kia,Hanwha Life Esports,0-2,0.0,2.0,2.66,1.51,0.36211,0.63789,Dplus Kia,Hanwha Life Esports,False,BO3,0.40700088805623325,0.5929991119437668,0.5929991119437668,True
LCK_20260408_Gen.G|T1,LCK,2026,2026-04-08,Gen.G,T1,Gen.G,T1,2-0,2,0,2,Gen.G|T1,2.0,https://www.oddsportal.com/esports/league-of-legends/league-of-legends-lck/results/#/page/2/,08 Apr 2026 - First stage,2026-04-08 00:00:00,T1,Gen.G,T1,Gen.G,0-2,0.0,2.0,2.88,1.55,0.349887,0.650113,T1,Gen.G,False,BO3,0.39853173624330707,0.6014682637566929,0.6014682637566929,True
LCK_20260410_DN SOOPers|T1,LCK,2026,2026-04-10,DN SOOPers,T1,DN SOOPers,T1,1-1,1,1,2,DN SOOPers|T1,2.0,https://www.oddsportal.com/esports/league-of-legends/league-of-legends-lck/results/#/page/2/,10 Apr 2026 - First stage,2026-04-10 00:00:00,DN SOOPers,T1,DN SOOPers,T1,0-2,0.0,2.0,5.4,1.17,0.178082,0.821918,DN SOOPers,T1,True,BO3,0.2689400025854468,0.7310599974145532,0.2689400025854468,True
LCK_20260410_BNK FEARX|Hanwha Life Esports,LCK,2026,2026-04-10,BNK FEARX,Hanwha Life Esports,Hanwha Life Esports,BNK FEARX,3-0,3,0,3,BNK FEARX|Hanwha Life Esports,2.0,https://www.oddsportal.com/esports/league-of-legends/league-of-legends-lck/results/#/page/2/,10 Apr 2026 - First stage,2026-04-10 00:00:00,Hanwha Life,FearX,Hanwha Life Esports,BNK FEARX,2-1,2.0,1.0,1.4,3.15,0.692308,0.307692,Hanwha Life Esports,BNK FEARX,False,BO3,0.6312177608366487,0.3687822391633513,0.3687822391633513,True
LCK_20260411_Dplus Kia|Gen.G,LCK,2026,2026-04-11,Dplus Kia,Gen.G,Dplus Kia,Gen.G,1-1,1,1,2,Dplus Kia|Gen.G,2.0,https://www.oddsportal.com/esports/league-of-legends/league-of-legends-lck/results/#/page/2/,11 Apr 2026 - First stage,2026-04-11 00:00:00,Dplus Kia,Gen.G,Dplus Kia,Gen.G,2-0,2.0,0.0,8.35,1.1,0.116402,0.883598,Dplus Kia,Gen.G,True,BO3,0.21262412541733627,0.7873758745826638,0.21262412541733627,True
LCK_20260411_KRX|Nongshim RedForce,LCK,2026,2026-04-11,Kiwoom DRX,Nongshim RedForce,Kiwoom DRX,Nongshim RedForce,2-0,2,0,2,KRX|Nongshim RedForce,2.0,https://www.oddsportal.com/esports/league-of-legends/league-of-legends-lck/results/#/page/2/,11 Apr 2026 - First stage,2026-04-11 00:00:00,Nongshim RedForce,KRX,Nongshim RedForce,KRX,0-2,0.0,2.0,1.36,3.44,0.716667,0.283333,Nongshim RedForce,KRX,False,BO3,0.6488411761712208,0.35115882382877917,0.35115882382877917,True
LCS_20260411_Shopify Rebellion|Team Liquid,LCS,2026,2026-04-11,Team Liquid,Shopify Rebellion,Team Liquid,Shopify Rebellion,2-0,2,0,2,Shopify Rebellion|Team Liquid,1.0,https://www.oddsportal.com/esports/league-of-legends/league-of-legends-lcs/results/,11 Apr 2026 - Spring Season,2026-04-11 00:00:00,Shopify Rebellion,Team Liquid,Shopify Rebellion,Team Liquid,0-2,0.0,2.0,2.94,1.46,0.331818,0.668182,Shopify Rebellion,Team Liquid,False,BO3,0.3858979657704487,0.6141020342295513,0.6141020342295513,True
LCS_20260411_Dignitas|Lyon Gaming,LCS,2026,2026-04-11,LYON,Dignitas,Dignitas,LYON,2-1,2,1,3,Dignitas|Lyon Gaming,1.0,https://www.oddsportal.com/esports/league-of-legends/league-of-legends-lcs/results/,11 Apr 2026 - Spring Season,2026-04-11 00:00:00,Dignitas,Lyon Gaming,Dignitas,Lyon Gaming,1-2,1.0,2.0,3.2,1.26,0.282511,0.717489,Dignitas,Lyon Gaming,False,BO3,0.35055730462704204,0.649442695372958,0.649442695372958,True
LCK_20260412_BNK FEARX|DN SOOPers,LCK,2026,2026-04-12,BNK FEARX,DN SOOPers,BNK FEARX,DN SOOPers,2-0,2,0,2,BNK FEARX|DN SOOPers,2.0,https://www.oddsportal.com/esports/league-of-legends/league-of-legends-lck/results/#/page/2/,12 Apr 2026 - First stage,2026-04-12 00:00:00,FearX,DN SOOPers,BNK FEARX,DN SOOPers,2-0,2.0,0.0,1.55,2.6,0.626506,0.373494,BNK FEARX,DN SOOPers,True,BO3,0.585160823258175,0.414839176741825,0.585160823258175,True
LCS_20260412_Disguised|FlyQuest,LCS,2026,2026-04-12,FlyQuest,Disguised,FlyQuest,Disguised,2-0,2,0,2,Disguised|FlyQuest,,,,,,,,,,,,,,,,,,,,,,,
LCS_20260412_Cloud9|Sentinels,LCS,2026,2026-04-12,Cloud9,Sentinels,Sentinels,Cloud9,2-1,2,1,3,Cloud9|Sentinels,1.0,https://www.oddsportal.com/esports/league-of-legends/league-of-legends-lcs/results/,12 Apr 2026 - Spring Season,2026-04-12 00:00:00,Sentinels,Cloud9,Sentinels,Cloud9,1-2,1.0,2.0,4.78,1.32,0.216393,0.783607,Sentinels,Cloud9,False,BO3,0.3003118122130203,0.6996881877869797,0.6996881877869797,True
LCK_20260412_HANJIN BRION|KT Rolster,LCK,2026,2026-04-12,KT Rolster,HANJIN BRION,KT Rolster,HANJIN BRION,2-0,2,0,2,HANJIN BRION|KT Rolster,2.0,https://www.oddsportal.com/esports/league-of-legends/league-of-legends-lck/results/#/page/2/,12 Apr 2026 - First stage,2026-04-12 00:00:00,OKSavingsBank Brion,KT Rolster,HANJIN BRION,KT Rolster,0-2,0.0,2.0,5.5,1.15,0.172932,0.827068,HANJIN BRION,KT Rolster,False,BO3,0.26455159056135796,0.735448409438642,0.735448409438642,True
EWC_20260414_Lyon Gaming|Shopify Rebellion,EWC,2026,2026-04-14,LYON,Shopify Rebellion,LYON,Shopify Rebellion,2-0,2,0,2,Lyon Gaming|Shopify Rebellion,,,,,,,,,,,,,,,,,,,,,,,
EWC_20260414_FlyQuest|Team Liquid,EWC,2026,2026-04-14,FlyQuest,Team Liquid,Team Liquid,FlyQuest,2-1,2,1,3,FlyQuest|Team Liquid,1.0,https://www.oddsportal.com/esports/league-of-legends/league-of-legends-esports-world-cup/results/,14 Apr 2026 - Qualification,2026-04-14 00:00:00,Team Liquid,FlyQuest eSports,Team Liquid,FlyQuest eSports,1-2,1.0,2.0,1.8,1.82,0.502762,0.497238,Team Liquid,FlyQuest,False,BO3,0.5018413416575318,0.4981586583424682,0.4981586583424682,True
LCK_20260415_BNK FEARX|Nongshim RedForce,LCK,2026,2026-04-15,BNK FEARX,Nongshim RedForce,Nongshim RedForce,BNK FEARX,2-0,2,0,2,BNK FEARX|Nongshim RedForce,,,,,,,,,,,,,,,,,,,,,,,
EWC_20260415_Cloud9|Dignitas,EWC,2026,2026-04-15,Dignitas,Cloud9,Dignitas,Cloud9,1-1,1,1,2,Cloud9|Dignitas,1.0,https://www.oddsportal.com/esports/league-of-legends/league-of-legends-esports-world-cup/results/,15 Apr 2026 - Qualification,2026-04-15 00:00:00,Cloud9,Dignitas,Cloud9,Dignitas,2-0,2.0,0.0,1.13,6.37,0.849333,0.150667,Cloud9,Dignitas,False,BO3,0.7549961706739057,0.24500382932609432,0.24500382932609432,True
EWC_20260415_Disguised|Sentinels,EWC,2026,2026-04-15,Disguised,Sentinels,Disguised,Sentinels,1-1,1,1,2,Disguised|Sentinels,1.0,https://www.oddsportal.com/esports/league-of-legends/league-of-legends-esports-world-cup/results/,15 Apr 2026 - Qualification,2026-04-15 00:00:00,Sentinels,Disguised,Sentinels,Disguised,2-0,2.0,0.0,1.65,9.0,0.84507,0.15493,Sentinels,Disguised,False,BO3,0.751175177608495,0.24882482239150505,0.24882482239150505,True
LCK_20260416_Gen.G|HANJIN BRION,LCK,2026,2026-04-16,HANJIN BRION,Gen.G,HANJIN BRION,Gen.G,1-1,1,1,2,Gen.G|HANJIN BRION,1.0,https://www.oddsportal.com/esports/league-of-legends/league-of-legends-lck/results/,16 Apr 2026 - First stage,2026-04-16 00:00:00,OKSavingsBank Brion,Gen.G,HANJIN BRION,Gen.G,0-2,0.0,2.0,11.0,1.07,0.08865,0.91135,HANJIN BRION,Gen.G,True,BO3,0.18348995019080397,0.8165100498091961,0.18348995019080397,True
LCK_20260416_DN SOOPers|Hanwha Life Esports,LCK,2026,2026-04-16,DN SOOPers,Hanwha Life Esports,DN SOOPers,Hanwha Life Esports,1-1,1,1,2,DN SOOPers|Hanwha Life Esports,1.0,https://www.oddsportal.com/esports/league-of-legends/league-of-legends-lck/results/,16 Apr 2026 - First stage,2026-04-16 00:00:00,DN SOOPers,Hanwha Life,DN SOOPers,Hanwha Life Esports,0-2,0.0,2.0,5.6,1.15,0.17037,0.82963,DN SOOPers,Hanwha Life Esports,True,BO3,0.26235106236939215,0.7376489376306079,0.26235106236939215,True
EWC_20260416_Shopify Rebellion|Team Liquid,EWC,2026,2026-04-16,Shopify Rebellion,Team Liquid,Shopify Rebellion,Team Liquid,1-1,1,1,2,Shopify Rebellion|Team Liquid,1.0,https://www.oddsportal.com/esports/league-of-legends/league-of-legends-esports-world-cup/results/,16 Apr 2026 - Qualification,2026-04-16 00:00:00,Shopify Rebellion,Team Liquid,Shopify Rebellion,Team Liquid,0-2,0.0,2.0,3.9,1.33,0.254302,0.745698,Shopify Rebellion,Team Liquid,True,BO3,0.3296048851489312,0.6703951148510687,0.3296048851489312,True
EWC_20260416_Dignitas|Disguised,EWC,2026,2026-04-16,Dignitas,Disguised,Dignitas,Disguised,1-1,1,1,2,Dignitas|Disguised,1.0,https://www.oddsportal.com/esports/league-of-legends/league-of-legends-esports-world-cup/results/,16 Apr 2026 - Qualification,2026-04-16 00:00:00,Dignitas,Disguised,Dignitas,Disguised,0-2,0.0,2.0,2.26,1.78,0.440594,0.559406,Dignitas,Disguised,True,BO3,0.46031265204029054,0.5396873479597095,0.46031265204029054,True
LCS_20240127_100 Thieves|NRG Esports,LCS,2024,2024-01-27,100 Thieves,NRG,NRG,100 Thieves,1-0,1,0,1,100 Thieves|NRG Esports,2.0,https://www.oddsportal.com/esports/league-of-legends/league-of-legends-lcs-2024/results/#/page/2/,27 Jan 2024 - Spring Season,2024-01-27,NRG Esports,100 Thieves,NRG Esports,100 Thieves,1-0,1.0,0.0,1.45,2.86,0.663573,0.336427,NRG Esports,100 Thieves,False,BO1,0.663573,0.33642700000000003,0.33642700000000003,True
LCK_20260415_Dplus Kia|KT Rolster,LCK,2026,2026-04-15,Dplus Kia,KT Rolster,Dplus Kia,KT Rolster,3-0,3,0,3,Dplus Kia|KT Rolster,,,,,,,,,,,,,,,,,,,,,,,
LCS_20240127_Immortals|Shopify Rebellion,LCS,2024,2024-01-27,Immortals,Shopify Rebellion,Immortals,Shopify Rebellion,1-0,1,0,1,Immortals|Shopify Rebellion,,,,,,,,,,,,,,,,,,,,,,,
LCK_20260417_Dplus Kia|T1,LCK,2026,2026-04-17,T1,Dplus Kia,Dplus Kia,T1,3-0,3,0,3,Dplus Kia|T1,1.0,https://www.oddsportal.com/esports/league-of-legends/league-of-legends-lck/results/,17 Apr 2026 - First stage,2026-04-17 00:00:00,Dplus Kia,T1,Dplus Kia,T1,2-1,2.0,1.0,2.38,1.6,0.40201,0.59799,Dplus Kia,T1,False,BO3,0.43429512462505787,0.5657048753749421,0.5657048753749421,True
LCK_20260417_BNK FEARX|KRX,LCK,2026,2026-04-17,BNK FEARX,Kiwoom DRX,BNK FEARX,Kiwoom DRX,2-0,2,0,2,BNK FEARX|KRX,1.0,https://www.oddsportal.com/esports/league-of-legends/league-of-legends-lck/results/,17 Apr 2026 - First stage,2026-04-17 00:00:00,KRX,FearX,KRX,BNK FEARX,0-2,0.0,2.0,2.5,1.58,0.387255,0.612745,KRX,BNK FEARX,False,BO3,0.42425728965198073,0.5757427103480193,0.5757427103480193,True
LCK_20260418_DN SOOPers|KT Rolster,LCK,2026,2026-04-18,DN SOOPers,KT Rolster,DN SOOPers,KT Rolster,1-1,1,1,2,DN SOOPers|KT Rolster,1.0,https://www.oddsportal.com/esports/league-of-legends/league-of-legends-lck/results/,18 Apr 2026 - First stage,2026-04-18 00:00:00,DN SOOPers,KT Rolster,DN SOOPers,KT Rolster,0-2,0.0,2.0,7.5,1.17,0.134948,0.865052,DN SOOPers,KT Rolster,True,BO3,0.23054725687358618,0.7694527431264138,0.23054725687358618,True
LCK_20260419_HANJIN BRION|Nongshim RedForce,LCK,2026,2026-04-19,HANJIN BRION,Nongshim RedForce,HANJIN BRION,Nongshim RedForce,2-1,2,1,3,HANJIN BRION|Nongshim RedForce,1.0,https://www.oddsportal.com/esports/league-of-legends/league-of-legends-lck/results/,19 Apr 2026 - First stage,2026-04-19 00:00:00,OKSavingsBank Brion,Nongshim RedForce,HANJIN BRION,Nongshim RedForce,1-2,1.0,2.0,3.36,1.35,0.286624,0.713376,HANJIN BRION,Nongshim RedForce,True,BO3,0.3535623947451303,0.6464376052548697,0.3535623947451303,True
LCK_20260418_Gen.G|Hanwha Life Esports,LCK,2026,2026-04-18,Gen.G,Hanwha Life Esports,Gen.G,Hanwha Life Esports,1-1,1,1,2,Gen.G|Hanwha Life Esports,1.0,https://www.oddsportal.com/esports/league-of-legends/league-of-legends-lck/results/,18 Apr 2026 - First stage,2026-04-18 00:00:00,Hanwha Life,Gen.G,Hanwha Life Esports,Gen.G,2-0,2.0,0.0,2.99,1.42,0.321995,0.678005,Hanwha Life Esports,Gen.G,False,BO3,0.37896592238297844,0.6210340776170216,0.6210340776170216,True
LCK_20260419_KRX|T1,LCK,2026,2026-04-19,T1,Kiwoom DRX,T1,Kiwoom DRX,2-0,2,0,2,KRX|T1,1.0,https://www.oddsportal.com/esports/league-of-legends/league-of-legends-lck/results/,19 Apr 2026 - First stage,2026-04-19 00:00:00,KRX,T1,KRX,T1,0-2,0.0,2.0,9.0,1.13,0.11155,0.88845,KRX,T1,False,BO3,0.2077528540162476,0.7922471459837523,0.7922471459837523,True
LCS_20240128_100 Thieves|Dignitas,LCS,2024,2024-01-28,Dignitas,100 Thieves,100 Thieves,Dignitas,1-0,1,0,1,100 Thieves|Dignitas,2.0,https://www.oddsportal.com/esports/league-of-legends/league-of-legends-lcs-2024/results/#/page/2/,28 Jan 2024 - Spring Season,2024-01-28,Dignitas,100 Thieves,Dignitas,100 Thieves,0-1,0.0,1.0,1.98,1.87,0.485714,0.514286,Dignitas,100 Thieves,True,BO1,0.485714,0.514286,0.485714,True
LCS_20240128_Cloud9|Shopify Rebellion,LCS,2024,2024-01-28,Shopify Rebellion,Cloud9,Shopify Rebellion,Cloud9,1-0,1,0,1,Cloud9|Shopify Rebellion,2.0,https://www.oddsportal.com/esports/league-of-legends/league-of-legends-lcs-2024/results/#/page/2/,28 Jan 2024 - Spring Season,2024-01-28,Cloud9,Shopify Rebellion,Cloud9,Shopify Rebellion,0-1,0.0,1.0,1.13,6.64,0.854569,0.145431,Cloud9,Shopify Rebellion,False,BO1,0.854569,0.14543099999999998,0.14543099999999998,True
LCS_20240128_FlyQuest|NRG Esports,LCS,2024,2024-01-28,NRG,FlyQuest,NRG,FlyQuest,1-0,1,0,1,FlyQuest|NRG Esports,,,,,,,,,,,,,,,,,,,,,,,
LCS_20240128_Immortals|Team Liquid,LCS,2024,2024-01-28,Team Liquid,Immortals,Team Liquid,Immortals,1-0,1,0,1,Immortals|Team Liquid,2.0,https://www.oddsportal.com/esports/league-of-legends/league-of-legends-lcs-2024/results/#/page/2/,28 Jan 2024 - Spring Season,2024-01-28,Team Liquid,Immortals,Team Liquid,Immortals,1-0,1.0,0.0,1.4,3.07,0.686801,0.313199,Team Liquid,Immortals,True,BO1,0.686801,0.313199,0.686801,True
LCS_20260503_Lyon Gaming|Sentinels,LCS,2026,2026-05-03,LYON,Sentinels,LYON,Sentinels,2-0,2,0,2,Lyon Gaming|Sentinels,1.0,https://www.oddsportal.com/esports/league-of-legends/league-of-legends-lcs/results/,03 May 2026 - Spring Season,2026-05-03 00:00:00,Lyon Gaming,Sentinels,Lyon Gaming,Sentinels,2-0,2.0,0.0,1.54,2.6,0.628019,0.371981,Lyon Gaming,Sentinels,True,BO3,0.5862000053977645,0.4137999946022355,0.5862000053977645,True
LCS_20260503_FlyQuest|Shopify Rebellion,LCS,2026,2026-05-03,Shopify Rebellion,FlyQuest,FlyQuest,Shopify Rebellion,2-1,2,1,3,FlyQuest|Shopify Rebellion,,,,,,,,,,,,,,,,,,,,,,,
LCS_20260502_Cloud9|Dignitas,LCS,2026,2026-05-02,Dignitas,Cloud9,Cloud9,Dignitas,3-0,3,0,3,Cloud9|Dignitas,1.0,https://www.oddsportal.com/esports/league-of-legends/league-of-legends-lcs/results/,02 May 2026 - Spring Season,2026-05-02 00:00:00,Cloud9,Dignitas,Cloud9,Dignitas,2-1,2.0,1.0,1.05,11.9,0.918919,0.081081,Cloud9,Dignitas,False,BO3,0.8250868856820781,0.1749131143179219,0.1749131143179219,True
LCS_20260502_Disguised|Team Liquid,LCS,2026,2026-05-02,Disguised,Team Liquid,Disguised,Team Liquid,1-1,1,1,2,Disguised|Team Liquid,1.0,https://www.oddsportal.com/esports/league-of-legends/league-of-legends-lcs/results/,02 May 2026 - Spring Season,2026-05-02 00:00:00,Team Liquid,Disguised,Team Liquid,Disguised,2-0,2.0,0.0,1.12,7.8,0.874439,0.125561,Team Liquid,Disguised,False,BO3,0.7783948332842126,0.22160516671578745,0.22160516671578745,True
EWC_20260504_DN SOOPers|KRX,EWC,2026,2026-05-04,Kiwoom DRX,DN SOOPers,DN SOOPers,Kiwoom DRX,2-1,2,1,3,DN SOOPers|KRX,1.0,https://www.oddsportal.com/esports/league-of-legends/league-of-legends-esports-world-cup/results/,04 May 2026 - Qualification,2026-05-04 00:00:00,KRX,DN SOOPers,KRX,DN SOOPers,1-2,1.0,2.0,1.58,2.72,0.632558,0.367442,KRX,DN SOOPers,True,BO3,0.589322204393654,0.410677795606346,0.589322204393654,True
EWC_20260504_BNK FEARX|KT Rolster,EWC,2026,2026-05-04,BNK FEARX,KT Rolster,BNK FEARX,KT Rolster,2-0,2,0,2,BNK FEARX|KT Rolster,1.0,https://www.oddsportal.com/esports/league-of-legends/league-of-legends-esports-world-cup/results/,04 May 2026 - Qualification,2026-05-04 00:00:00,KT Rolster,FearX,KT Rolster,BNK FEARX,0-2,0.0,2.0,1.3,3.5,0.729167,0.270833,KT Rolster,BNK FEARX,False,BO3,0.6580411975632956,0.3419588024367044,0.3419588024367044,True
EWC_20260504_HANJIN BRION|T1,EWC,2026,2026-05-04,HANJIN BRION,T1,HANJIN BRION,T1,1-1,1,1,2,HANJIN BRION|T1,1.0,https://www.oddsportal.com/esports/league-of-legends/league-of-legends-esports-world-cup/results/,04 May 2026 - Qualification,2026-05-04 00:00:00,T1,OKSavingsBank Brion,T1,HANJIN BRION,2-0,2.0,0.0,1.12,6.4,0.851064,0.148936,T1,HANJIN BRION,False,BO3,0.7565591991414566,0.24344080085854336,0.24344080085854336,True
EWC_20260505_DN SOOPers|Hanwha Life Esports,EWC,2026,2026-05-05,DN SOOPers,Hanwha Life Esports,DN SOOPers,Hanwha Life Esports,1-1,1,1,2,DN SOOPers|Hanwha Life Esports,1.0,https://www.oddsportal.com/esports/league-of-legends/league-of-legends-esports-world-cup/results/,05 May 2026 - Qualification,2026-05-05 00:00:00,Hanwha Life,DN SOOPers,Hanwha Life Esports,DN SOOPers,2-0,2.0,0.0,1.05,10.0,0.904977,0.095023,Hanwha Life Esports,DN SOOPers,False,BO3,0.8095228754686048,0.1904771245313952,0.1904771245313952,True
EWC_20260505_DetonatioN FocusMe|Team Secret Whales,EWC,2026,2026-05-05,DetonatioN FocusMe,Team Secret Whales,DetonatioN FocusMe,Team Secret Whales,1-1,1,1,2,DetonatioN FocusMe|Team Secret Whales,,,,,,,,,,,,,,,,,,,,,,,
EWC_20260505_Deep Cross Gaming|GAM Esports,EWC,2026,2026-05-05,GAM Esports,Deep Cross Gaming,Deep Cross Gaming,GAM Esports,2-1,2,1,3,Deep Cross Gaming|GAM Esports,,,,,,,,,,,,,,,,,,,,,,,
EWC_20260505_Dplus Kia|Nongshim RedForce,EWC,2026,2026-05-05,Dplus Kia,Nongshim RedForce,Dplus Kia,Nongshim RedForce,2-0,2,0,2,Dplus Kia|Nongshim RedForce,1.0,https://www.oddsportal.com/esports/league-of-legends/league-of-legends-esports-world-cup/results/,05 May 2026 - Qualification,2026-05-05 00:00:00,Dplus Kia,Nongshim RedForce,Dplus Kia,Nongshim RedForce,2-0,2.0,0.0,1.35,3.25,0.706522,0.293478,Dplus Kia,Nongshim RedForce,True,BO3,0.6414552844044206,0.35854471559557943,0.6414552844044206,True
LCS_20240127_Cloud9|Dignitas,LCS,2024,2024-01-27,Cloud9,Dignitas,Cloud9,Dignitas,1-0,1,0,1,Cloud9|Dignitas,2.0,https://www.oddsportal.com/esports/league-of-legends/league-of-legends-lcs-2024/results/#/page/2/,27 Jan 2024 - Spring Season,2024-01-27,Dignitas,Cloud9,Dignitas,Cloud9,0-1,0.0,1.0,4.51,1.22,0.212914,0.787086,Dignitas,Cloud9,False,BO1,0.212914,0.787086,0.787086,True
LCK_20260506_Gen.G|Nongshim RedForce,LCK,2026,2026-05-06,Nongshim RedForce,Gen.G,Nongshim RedForce,Gen.G,1-1,1,1,2,Gen.G|Nongshim RedForce,1.0,https://www.oddsportal.com/esports/league-of-legends/league-of-legends-lck/results/,06 May 2026 - First stage,2026-05-06 00:00:00,Gen.G,Nongshim RedForce,Gen.G,Nongshim RedForce,2-0,2.0,0.0,1.06,9.0,0.894632,0.105368,Gen.G,Nongshim RedForce,False,BO3,0.7985787812620092,0.2014212187379908,0.2014212187379908,True
EWC_20260506_CTBC Flying Oyster|Ground Zero Gaming,EWC,2026,2026-05-06,CTBC Flying Oyster,Ground Zero Gaming,Ground Zero Gaming,CTBC Flying Oyster,2-1,2,1,3,CTBC Flying Oyster|Ground Zero Gaming,,,,,,,,,,,,,,,,,,,,,,,
LCS_20240127_FlyQuest|Team Liquid,LCS,2024,2024-01-27,FlyQuest,Team Liquid,FlyQuest,Team Liquid,1-0,1,0,1,FlyQuest|Team Liquid,2.0,https://www.oddsportal.com/esports/league-of-legends/league-of-legends-lcs-2024/results/#/page/2/,27 Jan 2024 - Spring Season,2024-01-27,Team Liquid,FlyQuest eSports,Team Liquid,FlyQuest eSports,0-1,0.0,1.0,1.87,1.98,0.514286,0.485714,Team Liquid,FlyQuest,False,BO1,0.514286,0.485714,0.485714,True
EWC_20260506_Fukuoka SoftBank HAWKS gaming|MVK Esports,EWC,2026,2026-05-06,Fukuoka SoftBank HAWKS gaming,MVK Esports,Fukuoka SoftBank HAWKS gaming,MVK Esports,2-0,2,0,2,Fukuoka SoftBank HAWKS gaming|MVK Esports,,,,,,,,,,,,,,,,,,,,,,,
LCK_20260506_DN SOOPers|Hanwha Life Esports,LCK,2026,2026-05-06,DN SOOPers,Hanwha Life Esports,DN SOOPers,Hanwha Life Esports,1-1,1,1,2,DN SOOPers|Hanwha Life Esports,1.0,https://www.oddsportal.com/esports/league-of-legends/league-of-legends-lck/results/,06 May 2026 - First stage,2026-05-06 00:00:00,Hanwha Life,DN SOOPers,Hanwha Life Esports,DN SOOPers,2-0,2.0,0.0,1.05,11.0,0.912863,0.087137,Hanwha Life Esports,DN SOOPers,False,BO3,0.818199203508443,0.181800796491557,0.181800796491557,True
EWC_20260507_GAM Esports|Team Secret Whales,EWC,2026,2026-05-07,Team Secret Whales,GAM Esports,Team Secret Whales,GAM Esports,2-0,2,0,2,GAM Esports|Team Secret Whales,,,,,,,,,,,,,,,,,,,,,,,
EWC_20260507_CTBC Flying Oyster|Fukuoka SoftBank HAWKS gaming,EWC,2026,2026-05-07,Fukuoka SoftBank HAWKS gaming,CTBC Flying Oyster,CTBC Flying Oyster,Fukuoka SoftBank HAWKS gaming,2-1,2,1,3,CTBC Flying Oyster|Fukuoka SoftBank HAWKS gaming,,,,,,,,,,,,,,,,,,,,,,,
LCK_20260508_Gen.G|KRX,LCK,2026,2026-05-08,Gen.G,Kiwoom DRX,Gen.G,Kiwoom DRX,2-0,2,0,2,Gen.G|KRX,1.0,https://www.oddsportal.com/esports/league-of-legends/league-of-legends-lck/results/,08 May 2026 - First stage,2026-05-08 00:00:00,KRX,Gen.G,KRX,Gen.G,0-2,0.0,2.0,10.8,1.05,0.088608,0.911392,KRX,Gen.G,False,BO3,0.18344322327697915,0.8165567767230208,0.8165567767230208,True
LCK_20260507_Dplus Kia|KT Rolster,LCK,2026,2026-05-07,KT Rolster,Dplus Kia,KT Rolster,Dplus Kia,2-0,2,0,2,Dplus Kia|KT Rolster,1.0,https://www.oddsportal.com/esports/league-of-legends/league-of-legends-lck/results/,07 May 2026 - First stage,2026-05-07 00:00:00,Dplus Kia,KT Rolster,Dplus Kia,KT Rolster,0-2,0.0,2.0,1.8,2.05,0.532468,0.467532,Dplus Kia,KT Rolster,False,BO3,0.5216588804461901,0.47834111955380987,0.47834111955380987,True
LCK_20260507_BNK FEARX|HANJIN BRION,LCK,2026,2026-05-07,BNK FEARX,HANJIN BRION,BNK FEARX,HANJIN BRION,1-1,1,1,2,BNK FEARX|HANJIN BRION,1.0,https://www.oddsportal.com/esports/league-of-legends/league-of-legends-lck/results/,07 May 2026 - First stage,2026-05-07 00:00:00,OKSavingsBank Brion,FearX,HANJIN BRION,BNK FEARX,2-0,2.0,0.0,2.82,1.53,0.351724,0.648276,HANJIN BRION,BNK FEARX,False,BO3,0.39980831801439143,0.6001916819856086,0.6001916819856086,True
LCK_20260508_DN SOOPers|T1,LCK,2026,2026-05-08,T1,DN SOOPers,T1,DN SOOPers,2-0,2,0,2,DN SOOPers|T1,1.0,https://www.oddsportal.com/esports/league-of-legends/league-of-legends-lck/results/,08 May 2026 - First stage,2026-05-08 00:00:00,T1,DN SOOPers,T1,DN SOOPers,2-0,2.0,0.0,1.1,7.5,0.872093,0.127907,T1,DN SOOPers,True,BO3,0.776136328299939,0.22386367170006105,0.776136328299939,True
LCK_20260509_HANJIN BRION|Nongshim RedForce,LCK,2026,2026-05-09,HANJIN BRION,Nongshim RedForce,HANJIN BRION,Nongshim RedForce,2-0,2,0,2,HANJIN BRION|Nongshim RedForce,1.0,https://www.oddsportal.com/esports/league-of-legends/league-of-legends-lck/results/,09 May 2026 - First stage,2026-05-09 00:00:00,Nongshim RedForce,OKSavingsBank Brion,Nongshim RedForce,HANJIN BRION,0-2,0.0,2.0,1.75,2.36,0.574209,0.425791,Nongshim RedForce,HANJIN BRION,False,BO3,0.5496357169788993,0.45036428302110065,0.45036428302110065,True
LCS_20260509_Sentinels|Shopify Rebellion,LCS,2026,2026-05-09,Shopify Rebellion,Sentinels,Sentinels,Shopify Rebellion,2-0,2,0,2,Sentinels|Shopify Rebellion,1.0,https://www.oddsportal.com/esports/league-of-legends/league-of-legends-lcs/results/,09 May 2026 - Spring Season,2026-05-09 00:00:00,Shopify Rebellion,Sentinels,Shopify Rebellion,Sentinels,0-2,0.0,2.0,3.48,1.36,0.280992,0.719008,Shopify Rebellion,Sentinels,True,BO3,0.349444484923397,0.6505555150766029,0.349444484923397,True
LCS_20260509_Dignitas|Disguised,LCS,2026,2026-05-09,Dignitas,Disguised,Dignitas,Disguised,1-1,1,1,2,Dignitas|Disguised,1.0,https://www.oddsportal.com/esports/league-of-legends/league-of-legends-lcs/results/,09 May 2026 - Spring Season,2026-05-09 00:00:00,Disguised,Dignitas,Disguised,Dignitas,2-0,2.0,0.0,1.3,3.0,0.697674,0.302326,Disguised,Dignitas,False,BO3,0.6350681363112308,0.3649318636887692,0.3649318636887692,True
LCK_20260509_BNK FEARX|KT Rolster,LCK,2026,2026-05-09,KT Rolster,BNK FEARX,BNK FEARX,KT Rolster,2-0,2,0,2,BNK FEARX|KT Rolster,1.0,https://www.oddsportal.com/esports/league-of-legends/league-of-legends-lck/results/,09 May 2026 - First stage,2026-05-09 00:00:00,KT Rolster,FearX,KT Rolster,BNK FEARX,0-2,0.0,2.0,1.37,3.52,0.719836,0.280164,KT Rolster,BNK FEARX,True,BO3,0.6511627985599591,0.34883720144004093,0.6511627985599591,True
LCK_20260510_Dplus Kia|T1,LCK,2026,2026-05-10,T1,Dplus Kia,T1,Dplus Kia,2-0,2,0,2,Dplus Kia|T1,1.0,https://www.oddsportal.com/esports/league-of-legends/league-of-legends-lck/results/,10 May 2026 - First stage,2026-05-10 00:00:00,T1,Dplus Kia,T1,Dplus Kia,2-0,2.0,0.0,1.48,2.7,0.645933,0.354067,T1,Dplus Kia,True,BO3,0.5985654367211801,0.4014345632788199,0.5985654367211801,True
LCK_20260510_Hanwha Life Esports|KRX,LCK,2026,2026-05-10,Kiwoom DRX,Hanwha Life Esports,Kiwoom DRX,Hanwha Life Esports,2-1,2,1,3,Hanwha Life Esports|KRX,1.0,https://www.oddsportal.com/esports/league-of-legends/league-of-legends-lck/results/,10 May 2026 - First stage,2026-05-10 00:00:00,KRX,Hanwha Life,KRX,Hanwha Life Esports,1-2,1.0,2.0,12.1,1.04,0.079148,0.920852,KRX,Hanwha Life Esports,True,BO3,0.17266941764482252,0.8273305823551775,0.17266941764482252,True
LCS_20260510_Cloud9|FlyQuest,LCS,2026,2026-05-10,FlyQuest,Cloud9,FlyQuest,Cloud9,2-1,2,1,3,Cloud9|FlyQuest,1.0,https://www.oddsportal.com/esports/league-of-legends/league-of-legends-lcs/results/,10 May 2026 - Spring Season,2026-05-10 00:00:00,Cloud9,FlyQuest eSports,Cloud9,FlyQuest eSports,2-1,2.0,1.0,1.49,2.94,0.663657,0.336343,Cloud9,FlyQuest,False,BO3,0.6109244539905617,0.3890755460094383,0.3890755460094383,True
LCS_20260510_Lyon Gaming|Team Liquid,LCS,2026,2026-05-10,Team Liquid,LYON,LYON,Team Liquid,2-0,2,0,2,Lyon Gaming|Team Liquid,1.0,https://www.oddsportal.com/esports/league-of-legends/league-of-legends-lcs/results/,10 May 2026 - Spring Season,2026-05-10 00:00:00,Lyon Gaming,Team Liquid,Lyon Gaming,Team Liquid,2-1,2.0,1.0,1.92,2.07,0.518797,0.481203,Lyon Gaming,Team Liquid,False,BO3,0.5125339587819508,0.48746604121804915,0.48746604121804915,False
LCS_20260511_Lyon Gaming|Team Liquid,LCS,2026,2026-05-11,Team Liquid,LYON,LYON,Team Liquid,1-0,1,0,1,Lyon Gaming|Team Liquid,1.0,https://www.oddsportal.com/esports/league-of-legends/league-of-legends-lcs/results/,10 May 2026 - Spring Season,2026-05-10 00:00:00,Lyon Gaming,Team Liquid,Lyon Gaming,Team Liquid,2-1,2.0,1.0,1.92,2.07,0.518797,0.481203,Lyon Gaming,Team Liquid,False,BO3,0.5125339587819508,0.48746604121804915,0.48746604121804915,False
EWC_20260512_BNK FEARX|T1,EWC,2026,2026-05-12,T1,BNK FEARX,T1,BNK FEARX,1-1,1,1,2,BNK FEARX|T1,1.0,https://www.oddsportal.com/esports/league-of-legends/league-of-legends-esports-world-cup/results/,12 May 2026 - Qualification,2026-05-12 00:00:00,FearX,T1,BNK FEARX,T1,0-2,0.0,2.0,4.5,1.22,0.213287,0.786713,BNK FEARX,T1,False,BO3,0.2978423757939559,0.7021576242060441,0.7021576242060441,True
EWC_20260512_Ground Zero Gaming|MVK Esports,EWC,2026,2026-05-12,Ground Zero Gaming,MVK Esports,MVK Esports,Ground Zero Gaming,2-0,2,0,2,Ground Zero Gaming|MVK Esports,,,,,,,,,,,,,,,,,,,,,,,
EWC_20260512_Dplus Kia|Hanwha Life Esports,EWC,2026,2026-05-12,Hanwha Life Esports,Dplus Kia,Hanwha Life Esports,Dplus Kia,2-1,2,1,3,Dplus Kia|Hanwha Life Esports,1.0,https://www.oddsportal.com/esports/league-of-legends/league-of-legends-esports-world-cup/results/,12 May 2026 - Qualification,2026-05-12 00:00:00,Hanwha Life,Dplus Kia,Hanwha Life Esports,Dplus Kia,1-2,1.0,2.0,1.28,3.8,0.748031,0.251969,Hanwha Life Esports,Dplus Kia,True,BO3,0.6721572190135627,0.32784278098643727,0.6721572190135627,True
LCK_20260513_Nongshim RedForce|T1,LCK,2026,2026-05-13,T1,Nongshim RedForce,T1,Nongshim RedForce,1-1,1,1,2,Nongshim RedForce|T1,1.0,https://www.oddsportal.com/esports/league-of-legends/league-of-legends-lck/results/,13 May 2026 - First stage,2026-05-13 00:00:00,T1,Nongshim RedForce,T1,Nongshim RedForce,2-0,2.0,0.0,1.09,8.0,0.880088,0.119912,T1,Nongshim RedForce,True,BO3,0.7839021954305718,0.21609780456942818,0.7839021954305718,True
EWC_20260513_GAM Esports|MVK Esports,EWC,2026,2026-05-13,MVK Esports,GAM Esports,GAM Esports,MVK Esports,2-0,2,0,2,GAM Esports|MVK Esports,,,,,,,,,,,,,,,,,,,,,,,
EWC_20260513_CTBC Flying Oyster|Deep Cross Gaming,EWC,2026,2026-05-13,Deep Cross Gaming,CTBC Flying Oyster,Deep Cross Gaming,CTBC Flying Oyster,2-0,2,0,2,CTBC Flying Oyster|Deep Cross Gaming,,,,,,,,,,,,,,,,,,,,,,,
LCK_20260513_DN SOOPers|Dplus Kia,LCK,2026,2026-05-13,Dplus Kia,DN SOOPers,Dplus Kia,DN SOOPers,2-0,2,0,2,DN SOOPers|Dplus Kia,1.0,https://www.oddsportal.com/esports/league-of-legends/league-of-legends-lck/results/,13 May 2026 - First stage,2026-05-13 00:00:00,DN SOOPers,Dplus Kia,DN SOOPers,Dplus Kia,0-2,0.0,2.0,6.5,1.12,0.146982,0.853018,DN SOOPers,Dplus Kia,False,BO3,0.24166819080974591,0.7583318091902541,0.7583318091902541,True
EWC_20260512_Deep Cross Gaming|DetonatioN FocusMe,EWC,2026,2026-05-12,DetonatioN FocusMe,Deep Cross Gaming,DetonatioN FocusMe,Deep Cross Gaming,1-1,1,1,2,Deep Cross Gaming|DetonatioN FocusMe,,,,,,,,,,,,,,,,,,,,,,,
LCK_20260514_BNK FEARX|Gen.G,LCK,2026,2026-05-14,BNK FEARX,Gen.G,Gen.G,BNK FEARX,2-0,2,0,2,BNK FEARX|Gen.G,1.0,https://www.oddsportal.com/esports/league-of-legends/league-of-legends-lck/results/,14 May 2026 - First stage,2026-05-14 00:00:00,FearX,Gen.G,BNK FEARX,Gen.G,0-2,0.0,2.0,9.0,1.06,0.105368,0.894632,BNK FEARX,Gen.G,True,BO3,0.20142121873799088,0.7985787812620091,0.20142121873799088,True
EWC_20260514_Fukuoka SoftBank HAWKS gaming|Team Secret Whales,EWC,2026,2026-05-14,Fukuoka SoftBank HAWKS gaming,Team Secret Whales,Fukuoka SoftBank HAWKS gaming,Team Secret Whales,2-1,2,1,3,Fukuoka SoftBank HAWKS gaming|Team Secret Whales,,,,,,,,,,,,,,,,,,,,,,,
LCK_20260514_KRX|KT Rolster,LCK,2026,2026-05-14,Kiwoom DRX,KT Rolster,KT Rolster,Kiwoom DRX,3-0,3,0,3,KRX|KT Rolster,1.0,https://www.oddsportal.com/esports/league-of-legends/league-of-legends-lck/results/,14 May 2026 - First stage,2026-05-14 00:00:00,KRX,KT Rolster,KRX,KT Rolster,1-2,1.0,2.0,4.1,1.26,0.235075,0.764925,KRX,KT Rolster,True,BO3,0.31493183087410764,0.6850681691258924,0.31493183087410764,True
EWC_20260514_Deep Cross Gaming|GAM Esports,EWC,2026,2026-05-14,Deep Cross Gaming,GAM Esports,GAM Esports,Deep Cross Gaming,2-1,2,1,3,Deep Cross Gaming|GAM Esports,,,,,,,,,,,,,,,,,,,,,,,
EWC_20260514_Karmine Corp|Movistar KOI,EWC,2026,2026-05-14,Karmine Corp,Movistar KOI,Karmine Corp,Movistar KOI,2-0,2,0,2,Karmine Corp|Movistar KOI,1.0,https://www.oddsportal.com/esports/league-of-legends/league-of-legends-esports-world-cup/results/,14 May 2026 - Qualification,2026-05-14 00:00:00,Karmine Corp,Movistar KOI,Karmine Corp,Movistar KOI,2-0,2.0,0.0,1.72,2.12,0.552083,0.447917,Karmine Corp,Movistar KOI,True,BO3,0.5347780861687199,0.4652219138312801,0.5347780861687199,True
LCK_20260515_Dplus Kia|Hanwha Life Esports,LCK,2026,2026-05-15,Hanwha Life Esports,Dplus Kia,Hanwha Life Esports,Dplus Kia,2-0,2,0,2,Dplus Kia|Hanwha Life Esports,1.0,https://www.oddsportal.com/esports/league-of-legends/league-of-legends-lck/results/,15 May 2026 - First stage,2026-05-15 00:00:00,Hanwha Life,Dplus Kia,Hanwha Life Esports,Dplus Kia,2-0,2.0,0.0,1.43,2.9,0.669746,0.330254,Hanwha Life Esports,Dplus Kia,True,BO3,0.6152025680709318,0.38479743192906823,0.6152025680709318,True
LCK_20260515_DN SOOPers|HANJIN BRION,LCK,2026,2026-05-15,HANJIN BRION,DN SOOPers,HANJIN BRION,DN SOOPers,1-1,1,1,2,DN SOOPers|HANJIN BRION,1.0,https://www.oddsportal.com/esports/league-of-legends/league-of-legends-lck/results/,15 May 2026 - First stage,2026-05-15 00:00:00,OKSavingsBank Brion,DN SOOPers,HANJIN BRION,DN SOOPers,2-0,2.0,0.0,1.3,4.0,0.754717,0.245283,HANJIN BRION,DN SOOPers,True,BO3,0.6772343889298619,0.3227656110701381,0.6772343889298619,True
LCK_20260516_Gen.G|T1,LCK,2026,2026-05-16,Gen.G,T1,Gen.G,T1,3-0,3,0,3,Gen.G|T1,1.0,https://www.oddsportal.com/esports/league-of-legends/league-of-legends-lck/results/,16 May 2026 - First stage,2026-05-16 00:00:00,Gen.G,T1,Gen.G,T1,1-2,1.0,2.0,1.5,2.6,0.634146,0.365854,Gen.G,T1,True,BO3,0.5904162144762507,0.4095837855237493,0.5904162144762507,True
LCK_20260516_BNK FEARX|Nongshim RedForce,LCK,2026,2026-05-16,BNK FEARX,Nongshim RedForce,BNK FEARX,Nongshim RedForce,2-0,2,0,2,BNK FEARX|Nongshim RedForce,1.0,https://www.oddsportal.com/esports/league-of-legends/league-of-legends-lck/results/,16 May 2026 - First stage,2026-05-16 00:00:00,FearX,Nongshim RedForce,BNK FEARX,Nongshim RedForce,2-0,2.0,0.0,1.5,2.7,0.642857,0.357143,BNK FEARX,Nongshim RedForce,True,BO3,0.5964337085732198,0.40356629142678024,0.5964337085732198,True
LCK_20260517_HANJIN BRION|KRX,LCK,2026,2026-05-17,HANJIN BRION,Kiwoom DRX,HANJIN BRION,Kiwoom DRX,2-1,2,1,3,HANJIN BRION|KRX,1.0,https://www.oddsportal.com/esports/league-of-legends/league-of-legends-lck/results/,17 May 2026 - First stage,2026-05-17 00:00:00,KRX,OKSavingsBank Brion,KRX,HANJIN BRION,2-1,2.0,1.0,3.1,1.42,0.314159,0.685841,KRX,HANJIN BRION,False,BO3,0.3734005854020703,0.6265994145979297,0.6265994145979297,True
LCK_20260517_Hanwha Life Esports|KT Rolster,LCK,2026,2026-05-17,KT Rolster,Hanwha Life Esports,KT Rolster,Hanwha Life Esports,2-1,2,1,3,Hanwha Life Esports|KT Rolster,1.0,https://www.oddsportal.com/esports/league-of-legends/league-of-legends-lck/results/,17 May 2026 - First stage,2026-05-17 00:00:00,Hanwha Life,KT Rolster,Hanwha Life Esports,KT Rolster,1-2,1.0,2.0,1.31,4.1,0.757856,0.242144,Hanwha Life Esports,KT Rolster,False,BO3,0.6796324646059683,0.32036753539403173,0.32036753539403173,True
LCS_20260530_FlyQuest|Sentinels,LCS,2026,2026-05-30,FlyQuest,Sentinels,FlyQuest,Sentinels,3-0,3,0,3,FlyQuest|Sentinels,,,,,,,,,,,,,,,,,,,,,,,
LCS_20260531_Shopify Rebellion|Team Liquid,LCS,2026,2026-05-31,Shopify Rebellion,Team Liquid,Shopify Rebellion,Team Liquid,2-1,2,1,3,Shopify Rebellion|Team Liquid,,,,,,,,,,,,,,,,,,,,,,,
LCS_20240202_Cloud9|Immortals,LCS,2024,2024-02-02,Cloud9,Immortals,Immortals,Cloud9,1-0,1,0,1,Cloud9|Immortals,2.0,https://www.oddsportal.com/esports/league-of-legends/league-of-legends-lcs-2024/results/#/page/2/,02 Feb 2024 - Spring Season,2024-02-02,Immortals,Cloud9,Immortals,Cloud9,1-0,1.0,0.0,6.15,1.14,0.156379,0.843621,Immortals,Cloud9,False,BO1,0.156379,0.843621,0.843621,True
LCS_20240202_NRG Esports|Team Liquid,LCS,2024,2024-02-02,Team Liquid,NRG,NRG,Team Liquid,1-0,1,0,1,NRG Esports|Team Liquid,2.0,https://www.oddsportal.com/esports/league-of-legends/league-of-legends-lcs-2024/results/#/page/2/,02 Feb 2024 - Spring Season,2024-02-02,Team Liquid,NRG Esports,Team Liquid,NRG Esports,0-1,0.0,1.0,2.35,1.63,0.409548,0.590452,Team Liquid,NRG Esports,True,BO1,0.409548,0.590452,0.409548,True
LCS_20240202_Dignitas|Shopify Rebellion,LCS,2024,2024-02-02,Shopify Rebellion,Dignitas,Dignitas,Shopify Rebellion,1-0,1,0,1,Dignitas|Shopify Rebellion,2.0,https://www.oddsportal.com/esports/league-of-legends/league-of-legends-lcs-2024/results/#/page/2/,02 Feb 2024 - Spring Season,2024-02-02,Dignitas,Shopify Rebellion,Dignitas,Shopify Rebellion,1-0,1.0,0.0,1.92,1.98,0.507692,0.492308,Dignitas,Shopify Rebellion,False,BO1,0.507692,0.49230799999999997,0.49230799999999997,True
LCS_20240202_100 Thieves|FlyQuest,LCS,2024,2024-02-02,100 Thieves,FlyQuest,FlyQuest,100 Thieves,1-0,1,0,1,100 Thieves|FlyQuest,2.0,https://www.oddsportal.com/esports/league-of-legends/league-of-legends-lcs-2024/results/#/page/2/,02 Feb 2024 - Spring Season,2024-02-02,FlyQuest eSports,100 Thieves,FlyQuest eSports,100 Thieves,1-0,1.0,0.0,1.63,2.7,0.623557,0.376443,FlyQuest,100 Thieves,False,BO1,0.623557,0.37644299999999997,0.37644299999999997,True
LCS_20240203_100 Thieves|Immortals,LCS,2024,2024-02-03,Immortals,100 Thieves,100 Thieves,Immortals,1-0,1,0,1,100 Thieves|Immortals,2.0,https://www.oddsportal.com/esports/league-of-legends/league-of-legends-lcs-2024/results/#/page/2/,03 Feb 2024 - Spring Season,2024-02-03,Immortals,100 Thieves,Immortals,100 Thieves,0-1,0.0,1.0,2.42,1.8,0.42654,0.57346,Immortals,100 Thieves,True,BO1,0.42654,0.5734600000000001,0.42654,True
LCS_20240204_Dignitas|FlyQuest,LCS,2024,2024-02-04,Dignitas,FlyQuest,FlyQuest,Dignitas,1-0,1,0,1,Dignitas|FlyQuest,2.0,https://www.oddsportal.com/esports/league-of-legends/league-of-legends-lcs-2024/results/#/page/2/,04 Feb 2024 - Spring Season,2024-02-04,FlyQuest eSports,Dignitas,FlyQuest eSports,Dignitas,1-0,1.0,0.0,1.45,2.86,0.663573,0.336427,FlyQuest,Dignitas,False,BO1,0.663573,0.33642700000000003,0.33642700000000003,True
LCS_20240203_Dignitas|Team Liquid,LCS,2024,2024-02-03,Dignitas,Team Liquid,Team Liquid,Dignitas,1-0,1,0,1,Dignitas|Team Liquid,2.0,https://www.oddsportal.com/esports/league-of-legends/league-of-legends-lcs-2024/results/#/page/2/,03 Feb 2024 - Spring Season,2024-02-03,Team Liquid,Dignitas,Team Liquid,Dignitas,1-0,1.0,0.0,1.5,2.86,0.655963,0.344037,Team Liquid,Dignitas,False,BO1,0.655963,0.34403700000000004,0.34403700000000004,True
LCS_20240203_Cloud9|FlyQuest,LCS,2024,2024-02-03,FlyQuest,Cloud9,FlyQuest,Cloud9,1-0,1,0,1,Cloud9|FlyQuest,2.0,https://www.oddsportal.com/esports/league-of-legends/league-of-legends-lcs-2024/results/#/page/2/,03 Feb 2024 - Spring Season,2024-02-03,FlyQuest eSports,Cloud9,FlyQuest eSports,Cloud9,1-0,1.0,0.0,2.71,1.5,0.356295,0.643705,FlyQuest,Cloud9,True,BO1,0.356295,0.643705,0.356295,True
LCS_20240203_NRG Esports|Shopify Rebellion,LCS,2024,2024-02-03,NRG,Shopify Rebellion,Shopify Rebellion,NRG,1-0,1,0,1,NRG Esports|Shopify Rebellion,,,,,,,,,,,,,,,,,,,,,,,
LCS_20240204_Cloud9|Team Liquid,LCS,2024,2024-02-04,Team Liquid,Cloud9,Team Liquid,Cloud9,1-0,1,0,1,Cloud9|Team Liquid,2.0,https://www.oddsportal.com/esports/league-of-legends/league-of-legends-lcs-2024/results/#/page/2/,04 Feb 2024 - Spring Season,2024-02-04,Team Liquid,Cloud9,Team Liquid,Cloud9,1-0,1.0,0.0,2.82,1.44,0.338028,0.661972,Team Liquid,Cloud9,True,BO1,0.338028,0.661972,0.338028,True
LCS_20240204_Immortals|NRG Esports,LCS,2024,2024-02-04,NRG,Immortals,Immortals,NRG,1-0,1,0,1,Immortals|NRG Esports,,,,,,,,,,,,,,,,,,,,,,,
LCS_20240204_100 Thieves|Shopify Rebellion,LCS,2024,2024-02-04,Shopify Rebellion,100 Thieves,100 Thieves,Shopify Rebellion,1-0,1,0,1,100 Thieves|Shopify Rebellion,2.0,https://www.oddsportal.com/esports/league-of-legends/league-of-legends-lcs-2024/results/#/page/2/,04 Feb 2024 - Spring Season,2024-02-04,100 Thieves,Shopify Rebellion,100 Thieves,Shopify Rebellion,1-0,1.0,0.0,1.75,2.25,0.5625,0.4375,100 Thieves,Shopify Rebellion,False,BO1,0.5625,0.4375,0.4375,True
LCK_20240214_Gen.G|KT Rolster,LCK,2024,2024-02-14,KT Rolster,Gen.G,KT Rolster,Gen.G,1-1,1,1,2,Gen.G|KT Rolster,4.0,https://www.oddsportal.com/esports/league-of-legends/league-of-legends-lck-2024/results/#/page/4/,14 Feb 2024 - Spring Season,2024-02-14,KT Rolster,Gen.G,KT Rolster,Gen.G,2-0,2.0,0.0,5.3,1.16,0.179567,0.820433,KT Rolster,Gen.G,True,BO3,0.270196978243442,0.729803021756558,0.270196978243442,True
LCK_20240214_DN SOOPers|KRX,LCK,2024,2024-02-14,DRX,DN SOOPers,DN SOOPers,DRX,2-0,2,0,2,DN SOOPers|KRX,4.0,https://www.oddsportal.com/esports/league-of-legends/league-of-legends-lck-2024/results/#/page/4/,14 Feb 2024 - Spring Season,2024-02-14,KRX,DN SOOPers,KRX,DN SOOPers,0-2,0.0,2.0,3.54,1.4,0.283401,0.716599,KRX,DN SOOPers,True,BO3,0.35120856334584105,0.648791436654159,0.35120856334584105,True
LCK_20240215_Dplus Kia|T1,LCK,2024,2024-02-15,T1,Dplus Kia,T1,Dplus Kia,1-1,1,1,2,Dplus Kia|T1,4.0,https://www.oddsportal.com/esports/league-of-legends/league-of-legends-lck-2024/results/#/page/4/,15 Feb 2024 - Spring Season,2024-02-15,T1,Dplus Kia,T1,Dplus Kia,2-0,2.0,0.0,1.15,6.15,0.842466,0.157534,T1,Dplus Kia,True,BO3,0.7488603956330361,0.2511396043669639,0.7488603956330361,True
LCK_20240215_HANJIN BRION|Hanwha Life Esports,LCK,2024,2024-02-15,Hanwha Life Esports,HANJIN BRION,Hanwha Life Esports,HANJIN BRION,1-1,1,1,2,HANJIN BRION|Hanwha Life Esports,4.0,https://www.oddsportal.com/esports/league-of-legends/league-of-legends-lck-2024/results/#/page/4/,15 Feb 2024 - Spring Season,2024-02-15,Hanwha Life,OKSavingsBank Brion,Hanwha Life Esports,HANJIN BRION,2-0,2.0,0.0,1.05,11.9,0.918919,0.081081,Hanwha Life Esports,HANJIN BRION,True,BO3,0.8250868856820781,0.1749131143179219,0.8250868856820781,True
LCK_20240216_KT Rolster|Nongshim RedForce,LCK,2024,2024-02-16,Nongshim RedForce,KT Rolster,KT Rolster,Nongshim RedForce,2-0,2,0,2,KT Rolster|Nongshim RedForce,4.0,https://www.oddsportal.com/esports/league-of-legends/league-of-legends-lck-2024/results/#/page/4/,16 Feb 2024 - Spring Season,2024-02-16,Nongshim RedForce,KT Rolster,Nongshim RedForce,KT Rolster,0-2,0.0,2.0,6.15,1.14,0.156379,0.843621,Nongshim RedForce,KT Rolster,True,BO3,0.2501146491434448,0.7498853508565553,0.2501146491434448,True
LCK_20240216_BNK FEARX|DN SOOPers,LCK,2024,2024-02-16,DN SOOPers,BNK FEARX,DN SOOPers,BNK FEARX,3-0,3,0,3,BNK FEARX|DN SOOPers,4.0,https://www.oddsportal.com/esports/league-of-legends/league-of-legends-lck-2024/results/#/page/4/,16 Feb 2024 - Spring Season,2024-02-16,DN SOOPers,FearX,DN SOOPers,BNK FEARX,2-1,2.0,1.0,1.48,3.04,0.672566,0.327434,DN SOOPers,BNK FEARX,True,BO3,0.6171898989953695,0.38281010100463053,0.6171898989953695,True
LCK_20240217_Gen.G|Hanwha Life Esports,LCK,2024,2024-02-17,Gen.G,Hanwha Life Esports,Gen.G,Hanwha Life Esports,1-1,1,1,2,Gen.G|Hanwha Life Esports,4.0,https://www.oddsportal.com/esports/league-of-legends/league-of-legends-lck-2024/results/#/page/4/,17 Feb 2024 - Spring Season,2024-02-17,Gen.G,Hanwha Life,Gen.G,Hanwha Life Esports,2-0,2.0,0.0,1.48,2.86,0.658986,0.341014,Gen.G,Hanwha Life Esports,True,BO3,0.6076542006546222,0.39234579934537783,0.6076542006546222,True
LCK_20240217_Dplus Kia|KRX,LCK,2024,2024-02-17,Dplus Kia,DRX,Dplus Kia,DRX,1-1,1,1,2,Dplus Kia|KRX,4.0,https://www.oddsportal.com/esports/league-of-legends/league-of-legends-lck-2024/results/#/page/4/,17 Feb 2024 - Spring Season,2024-02-17,Dplus Kia,KRX,Dplus Kia,KRX,2-0,2.0,0.0,1.14,6.15,0.843621,0.156379,Dplus Kia,KRX,True,BO3,0.749885350856555,0.25011464914344494,0.749885350856555,True
LCK_20240218_BNK FEARX|T1,LCK,2024,2024-02-18,BNK FEARX,T1,T1,BNK FEARX,2-0,2,0,2,BNK FEARX|T1,4.0,https://www.oddsportal.com/esports/league-of-legends/league-of-legends-lck-2024/results/#/page/4/,18 Feb 2024 - Spring Season,2024-02-18,FearX,T1,BNK FEARX,T1,0-2,0.0,2.0,15.5,1.04,0.062878,0.937122,BNK FEARX,T1,True,BO3,0.15276083071362592,0.8472391692863741,0.15276083071362592,True
LCK_20240218_HANJIN BRION|Nongshim RedForce,LCK,2024,2024-02-18,Nongshim RedForce,HANJIN BRION,Nongshim RedForce,HANJIN BRION,1-1,1,1,2,HANJIN BRION|Nongshim RedForce,4.0,https://www.oddsportal.com/esports/league-of-legends/league-of-legends-lck-2024/results/#/page/4/,18 Feb 2024 - Spring Season,2024-02-18,Nongshim RedForce,OKSavingsBank Brion,Nongshim RedForce,HANJIN BRION,2-0,2.0,0.0,1.58,2.5,0.612745,0.387255,Nongshim RedForce,HANJIN BRION,True,BO3,0.5757427103480193,0.42425728965198073,0.5757427103480193,True
LCS_20240308_Cloud9|Dignitas,LCS,2024,2024-03-08,Dignitas,Cloud9,Cloud9,Dignitas,1-0,1,0,1,Cloud9|Dignitas,2.0,https://www.oddsportal.com/esports/league-of-legends/league-of-legends-lcs-2024/results/#/page/2/,08 Mar 2024 - Spring Season,2024-03-08,Dignitas,Cloud9,Dignitas,Cloud9,0-1,0.0,1.0,3.47,1.33,0.277083,0.722917,Dignitas,Cloud9,True,BO1,0.277083,0.722917,0.277083,True
LCS_20240308_100 Thieves|Immortals,LCS,2024,2024-03-08,100 Thieves,Immortals,100 Thieves,Immortals,1-0,1,0,1,100 Thieves|Immortals,2.0,https://www.oddsportal.com/esports/league-of-legends/league-of-legends-lcs-2024/results/#/page/2/,08 Mar 2024 - Spring Season,2024-03-08,Immortals,100 Thieves,Immortals,100 Thieves,0-1,0.0,1.0,2.71,1.49,0.354762,0.645238,Immortals,100 Thieves,False,BO1,0.354762,0.645238,0.645238,True
LCS_20240309_FlyQuest|NRG Esports,LCS,2024,2024-03-09,FlyQuest,NRG,FlyQuest,NRG,1-0,1,0,1,FlyQuest|NRG Esports,,,,,,,,,,,,,,,,,,,,,,,
LCS_20240309_Dignitas|Team Liquid,LCS,2024,2024-03-09,Team Liquid,Dignitas,Dignitas,Team Liquid,1-0,1,0,1,Dignitas|Team Liquid,2.0,https://www.oddsportal.com/esports/league-of-legends/league-of-legends-lcs-2024/results/#/page/2/,09 Mar 2024 - Spring Season,2024-03-09,Team Liquid,Dignitas,Team Liquid,Dignitas,0-1,0.0,1.0,1.45,2.86,0.663573,0.336427,Team Liquid,Dignitas,True,BO1,0.663573,0.33642700000000003,0.663573,True
LCS_20240308_FlyQuest|Team Liquid,LCS,2024,2024-03-08,Team Liquid,FlyQuest,Team Liquid,FlyQuest,1-0,1,0,1,FlyQuest|Team Liquid,2.0,https://www.oddsportal.com/esports/league-of-legends/league-of-legends-lcs-2024/results/#/page/2/,08 Mar 2024 - Spring Season,2024-03-08,Team Liquid,FlyQuest eSports,Team Liquid,FlyQuest eSports,1-0,1.0,0.0,2.25,1.65,0.423077,0.576923,Team Liquid,FlyQuest,True,BO1,0.423077,0.5769230000000001,0.423077,True
LCS_20240308_NRG Esports|Shopify Rebellion,LCS,2024,2024-03-08,NRG,Shopify Rebellion,Shopify Rebellion,NRG,1-0,1,0,1,NRG Esports|Shopify Rebellion,,,,,,,,,,,,,,,,,,,,,,,
LCS_20240309_Cloud9|Immortals,LCS,2024,2024-03-09,Immortals,Cloud9,Immortals,Cloud9,1-0,1,0,1,Cloud9|Immortals,2.0,https://www.oddsportal.com/esports/league-of-legends/league-of-legends-lcs-2024/results/#/page/2/,09 Mar 2024 - Spring Season,2024-03-09,Immortals,Cloud9,Immortals,Cloud9,1-0,1.0,0.0,3.89,1.28,0.247582,0.752418,Immortals,Cloud9,True,BO1,0.247582,0.752418,0.247582,True
LCS_20240309_100 Thieves|Shopify Rebellion,LCS,2024,2024-03-09,Shopify Rebellion,100 Thieves,100 Thieves,Shopify Rebellion,1-0,1,0,1,100 Thieves|Shopify Rebellion,2.0,https://www.oddsportal.com/esports/league-of-legends/league-of-legends-lcs-2024/results/#/page/2/,09 Mar 2024 - Spring Season,2024-03-09,100 Thieves,Shopify Rebellion,100 Thieves,Shopify Rebellion,1-0,1.0,0.0,1.58,2.45,0.60794,0.39206,100 Thieves,Shopify Rebellion,False,BO1,0.60794,0.39205999999999996,0.39205999999999996,True
LCS_20240310_Immortals|Team Liquid,LCS,2024,2024-03-10,Immortals,Team Liquid,Team Liquid,Immortals,1-0,1,0,1,Immortals|Team Liquid,1.0,https://www.oddsportal.com/esports/league-of-legends/league-of-legends-lcs-2024/results/,10 Mar 2024 - Spring Season,2024-03-10,Team Liquid,Immortals,Team Liquid,Immortals,1-0,1.0,0.0,1.38,3.3,0.705128,0.294872,Team Liquid,Immortals,False,BO1,0.705128,0.294872,0.294872,True
LCS_20240310_100 Thieves|NRG Esports,LCS,2024,2024-03-10,NRG,100 Thieves,100 Thieves,NRG,1-0,1,0,1,100 Thieves|NRG Esports,1.0,https://www.oddsportal.com/esports/league-of-legends/league-of-legends-lcs-2024/results/,10 Mar 2024 - Spring Season,2024-03-10,NRG Esports,100 Thieves,NRG Esports,100 Thieves,0-1,0.0,1.0,1.92,2.0,0.510204,0.489796,NRG Esports,100 Thieves,True,BO1,0.510204,0.489796,0.510204,True
LCS_20240310_Cloud9|Shopify Rebellion,LCS,2024,2024-03-10,Cloud9,Shopify Rebellion,Cloud9,Shopify Rebellion,1-0,1,0,1,Cloud9|Shopify Rebellion,1.0,https://www.oddsportal.com/esports/league-of-legends/league-of-legends-lcs-2024/results/,10 Mar 2024 - Spring Season,2024-03-10,Cloud9,Shopify Rebellion,Cloud9,Shopify Rebellion,1-0,1.0,0.0,1.45,2.9,0.666667,0.333333,Cloud9,Shopify Rebellion,True,BO1,0.666667,0.333333,0.666667,True
LCS_20240310_Dignitas|FlyQuest,LCS,2024,2024-03-10,FlyQuest,Dignitas,FlyQuest,Dignitas,1-0,1,0,1,Dignitas|FlyQuest,1.0,https://www.oddsportal.com/esports/league-of-legends/league-of-legends-lcs-2024/results/,10 Mar 2024 - Spring Season,2024-03-10,FlyQuest eSports,Dignitas,FlyQuest eSports,Dignitas,1-0,1.0,0.0,1.54,2.56,0.62439,0.37561,FlyQuest,Dignitas,True,BO1,0.62439,0.37561,0.62439,True
LCS_20240310_Dignitas|NRG Esports,LCS,2024,2024-03-10,NRG,Dignitas,Dignitas,NRG,1-0,1,0,1,Dignitas|NRG Esports,,,,,,,,,,,,,,,,,,,,,,,
LCS_20240314_100 Thieves|Cloud9,LCS,2024,2024-03-14,100 Thieves,Cloud9,Cloud9,100 Thieves,2-1,2,1,3,100 Thieves|Cloud9,1.0,https://www.oddsportal.com/esports/league-of-legends/league-of-legends-lcs-2024/results/,14 Mar 2024 - Spring - Play Offs,2024-03-14,100 Thieves,Cloud9,100 Thieves,Cloud9,0-3,0.0,3.0,2.71,1.55,0.36385,0.63615,100 Thieves,Cloud9,True,BO5,0.4263272890680085,0.5736727109319915,0.4263272890680085,True
LCS_20240315_FlyQuest|Team Liquid,LCS,2024,2024-03-15,FlyQuest,Team Liquid,FlyQuest,Team Liquid,4-1,4,1,5,FlyQuest|Team Liquid,1.0,https://www.oddsportal.com/esports/league-of-legends/league-of-legends-lcs-2024/results/,15 Mar 2024 - Spring - Play Offs,2024-03-15,FlyQuest eSports,Team Liquid,FlyQuest eSports,Team Liquid,3-2,3.0,2.0,1.57,2.71,0.633178,0.366822,FlyQuest,Team Liquid,True,BO5,0.5720181479440303,0.4279818520559697,0.5720181479440303,True
LCS_20240316_100 Thieves|NRG Esports,LCS,2024,2024-03-16,100 Thieves,NRG,100 Thieves,NRG,3-2,3,2,5,100 Thieves|NRG Esports,1.0,https://www.oddsportal.com/esports/league-of-legends/league-of-legends-lcs-2024/results/,16 Mar 2024 - Spring - Play Offs,2024-03-16,100 Thieves,NRG Esports,100 Thieves,NRG Esports,3-2,3.0,2.0,1.83,2.07,0.530769,0.469231,100 Thieves,NRG Esports,True,BO5,0.516421939298332,0.483578060701668,0.516421939298332,True
LCS_20240317_Dignitas|Team Liquid,LCS,2024,2024-03-17,Team Liquid,Dignitas,Dignitas,Team Liquid,2-1,2,1,3,Dignitas|Team Liquid,1.0,https://www.oddsportal.com/esports/league-of-legends/league-of-legends-lcs-2024/results/,17 Mar 2024 - Spring - Play Offs,2024-03-17,Team Liquid,Dignitas,Team Liquid,Dignitas,3-0,3.0,0.0,1.45,2.86,0.663573,0.336427,Team Liquid,Dignitas,True,BO5,0.589107706712241,0.410892293287759,0.589107706712241,True
LCK_20240320_Gen.G|KRX,LCK,2024,2024-03-20,DRX,Gen.G,Gen.G,DRX,2-0,2,0,2,Gen.G|KRX,3.0,https://www.oddsportal.com/esports/league-of-legends/league-of-legends-lck-2024/results/#/page/3/,20 Mar 2024 - Spring Season,2024-03-20,KRX,Gen.G,KRX,Gen.G,0-2,0.0,2.0,19.0,1.02,0.050949,0.949051,KRX,Gen.G,True,BO3,0.1366962231525322,0.8633037768474678,0.1366962231525322,True
LCK_20240320_Nongshim RedForce|T1,LCK,2024,2024-03-20,Nongshim RedForce,T1,T1,Nongshim RedForce,2-0,2,0,2,Nongshim RedForce|T1,3.0,https://www.oddsportal.com/esports/league-of-legends/league-of-legends-lck-2024/results/#/page/3/,20 Mar 2024 - Spring Season,2024-03-20,Nongshim RedForce,T1,Nongshim RedForce,T1,0-2,0.0,2.0,15.5,1.02,0.061743,0.938257,Nongshim RedForce,T1,True,BO3,0.1512934522723241,0.8487065477276758,0.1512934522723241,True
LCK_20240321_Hanwha Life Esports|KT Rolster,LCK,2024,2024-03-21,KT Rolster,Hanwha Life Esports,KT Rolster,Hanwha Life Esports,2-1,2,1,3,Hanwha Life Esports|KT Rolster,3.0,https://www.oddsportal.com/esports/league-of-legends/league-of-legends-lck-2024/results/#/page/3/,21 Mar 2024 - Spring Season,2024-03-21,KT Rolster,Hanwha Life,KT Rolster,Hanwha Life Esports,1-2,1.0,2.0,3.1,1.4,0.311111,0.688889,KT Rolster,Hanwha Life Esports,True,BO3,0.3712268194807526,0.6287731805192474,0.3712268194807526,True
LCK_20240321_DN SOOPers|Dplus Kia,LCK,2024,2024-03-21,Dplus Kia,DN SOOPers,DN SOOPers,Dplus Kia,2-0,2,0,2,DN SOOPers|Dplus Kia,3.0,https://www.oddsportal.com/esports/league-of-legends/league-of-legends-lck-2024/results/#/page/3/,21 Mar 2024 - Spring Season,2024-03-21,Dplus Kia,DN SOOPers,Dplus Kia,DN SOOPers,0-2,0.0,2.0,1.22,5.08,0.806349,0.193651,Dplus Kia,DN SOOPers,True,BO3,0.7180571823140312,0.28194281768596885,0.7180571823140312,True
LCK_20240322_Gen.G|HANJIN BRION,LCK,2024,2024-03-22,Gen.G,HANJIN BRION,Gen.G,HANJIN BRION,1-1,1,1,2,Gen.G|HANJIN BRION,3.0,https://www.oddsportal.com/esports/league-of-legends/league-of-legends-lck-2024/results/#/page/3/,22 Mar 2024 - Spring Season,2024-03-22,Gen.G,OKSavingsBank Brion,Gen.G,HANJIN BRION,2-0,2.0,0.0,1.01,18.0,0.94687,0.05313,Gen.G,HANJIN BRION,True,BO3,0.860252128101033,0.13974787189896698,0.860252128101033,True
LCK_20240322_BNK FEARX|Nongshim RedForce,LCK,2024,2024-03-22,Nongshim RedForce,BNK FEARX,BNK FEARX,Nongshim RedForce,2-1,2,1,3,BNK FEARX|Nongshim RedForce,3.0,https://www.oddsportal.com/esports/league-of-legends/league-of-legends-lck-2024/results/#/page/3/,22 Mar 2024 - Spring Season,2024-03-22,Nongshim RedForce,FearX,Nongshim RedForce,BNK FEARX,2-1,2.0,1.0,2.82,1.44,0.338028,0.661972,Nongshim RedForce,BNK FEARX,True,BO3,0.3902563798875397,0.6097436201124603,0.3902563798875397,True
LCS_20240322_100 Thieves|Team Liquid,LCS,2024,2024-03-22,100 Thieves,Team Liquid,100 Thieves,Team Liquid,2-2,2,2,4,100 Thieves|Team Liquid,1.0,https://www.oddsportal.com/esports/league-of-legends/league-of-legends-lcs-2024/results/,22 Mar 2024 - Spring - Play Offs,2024-03-22,100 Thieves,Team Liquid,100 Thieves,Team Liquid,1-3,1.0,3.0,1.95,1.92,0.496124,0.503876,100 Thieves,Team Liquid,True,BO5,0.49793277644256284,0.5020672235574372,0.49793277644256284,True
LCK_20240323_Dplus Kia|Hanwha Life Esports,LCK,2024,2024-03-23,Hanwha Life Esports,Dplus Kia,Hanwha Life Esports,Dplus Kia,1-1,1,1,2,Dplus Kia|Hanwha Life Esports,3.0,https://www.oddsportal.com/esports/league-of-legends/league-of-legends-lck-2024/results/#/page/3/,23 Mar 2024 - Spring Season,2024-03-23,Hanwha Life,Dplus Kia,Hanwha Life Esports,Dplus Kia,2-0,2.0,0.0,1.33,3.47,0.722917,0.277083,Hanwha Life Esports,Dplus Kia,True,BO3,0.65342684941536,0.34657315058464,0.65342684941536,True
LCK_20240323_KRX|T1,LCK,2024,2024-03-23,DRX,T1,T1,DRX,2-0,2,0,2,KRX|T1,3.0,https://www.oddsportal.com/esports/league-of-legends/league-of-legends-lck-2024/results/#/page/3/,23 Mar 2024 - Spring Season,2024-03-23,KRX,T1,KRX,T1,0-2,0.0,2.0,17.0,1.02,0.056604,0.943396,KRX,T1,True,BO3,0.14449682120437268,0.8555031787956273,0.14449682120437268,True
LCS_20240323_Cloud9|FlyQuest,LCS,2024,2024-03-23,Cloud9,FlyQuest,Cloud9,FlyQuest,2-1,2,1,3,Cloud9|FlyQuest,1.0,https://www.oddsportal.com/esports/league-of-legends/league-of-legends-lcs-2024/results/,23 Mar 2024 - Spring - Play Offs,2024-03-23,FlyQuest eSports,Cloud9,FlyQuest eSports,Cloud9,3-0,3.0,0.0,2.88,1.45,0.334873,0.665127,FlyQuest,Cloud9,False,BO5,0.4100076499949082,0.5899923500050919,0.5899923500050919,True
LCK_20240324_BNK FEARX|HANJIN BRION,LCK,2024,2024-03-24,BNK FEARX,HANJIN BRION,BNK FEARX,HANJIN BRION,1-1,1,1,2,BNK FEARX|HANJIN BRION,3.0,https://www.oddsportal.com/esports/league-of-legends/league-of-legends-lck-2024/results/#/page/3/,24 Mar 2024 - Spring Season,2024-03-24,FearX,OKSavingsBank Brion,BNK FEARX,HANJIN BRION,2-0,2.0,0.0,1.35,3.57,0.72561,0.27439,BNK FEARX,HANJIN BRION,True,BO3,0.6554114818043353,0.3445885181956647,0.6554114818043353,True
LCK_20240324_DN SOOPers|KT Rolster,LCK,2024,2024-03-24,KT Rolster,DN SOOPers,KT Rolster,DN SOOPers,1-1,1,1,2,DN SOOPers|KT Rolster,3.0,https://www.oddsportal.com/esports/league-of-legends/league-of-legends-lck-2024/results/#/page/3/,24 Mar 2024 - Spring Season,2024-03-24,KT Rolster,DN SOOPers,KT Rolster,DN SOOPers,2-0,2.0,0.0,1.32,4.2,0.76087,0.23913,KT Rolster,DN SOOPers,True,BO3,0.6819440074998645,0.3180559925001355,0.6819440074998645,True
LCS_20240331_FlyQuest|Team Liquid,LCS,2024,2024-03-31,FlyQuest,Team Liquid,FlyQuest,Team Liquid,2-2,2,2,4,FlyQuest|Team Liquid,1.0,https://www.oddsportal.com/esports/league-of-legends/league-of-legends-lcs-2024/results/,31 Mar 2024 - Spring - Play Offs,2024-03-31,FlyQuest eSports,Team Liquid,FlyQuest eSports,Team Liquid,1-3,1.0,3.0,1.72,2.27,0.568922,0.431078,FlyQuest,Team Liquid,True,BO5,0.5368920774599909,0.4631079225400091,0.5368920774599909,True
LCS_20240330_Cloud9|Team Liquid,LCS,2024,2024-03-30,Cloud9,Team Liquid,Cloud9,Team Liquid,2-1,2,1,3,Cloud9|Team Liquid,1.0,https://www.oddsportal.com/esports/league-of-legends/league-of-legends-lcs-2024/results/,30 Mar 2024 - Spring - Play Offs,2024-03-30,Cloud9,Team Liquid,Cloud9,Team Liquid,0-3,0.0,3.0,1.55,2.71,0.63615,0.36385,Cloud9,Team Liquid,True,BO5,0.5736727109319916,0.42632728906800843,0.5736727109319916,True
LCS_20240615_FlyQuest|Team Liquid,LCS,2024,2024-06-15,Team Liquid,FlyQuest,Team Liquid,FlyQuest,3-0,3,0,3,FlyQuest|Team Liquid,1.0,https://www.oddsportal.com/esports/league-of-legends/league-of-legends-lcs-2024/results/,15 Jun 2024 - Summer Season,2024-06-15,Team Liquid,FlyQuest eSports,Team Liquid,FlyQuest eSports,2-1,2.0,1.0,1.5,2.68,0.641148,0.358852,Team Liquid,FlyQuest,True,BO3,0.5952509153217409,0.4047490846782591,0.5952509153217409,True
LCS_20240615_Cloud9|Dignitas,LCS,2024,2024-06-15,Cloud9,Dignitas,Cloud9,Dignitas,1-1,1,1,2,Cloud9|Dignitas,1.0,https://www.oddsportal.com/esports/league-of-legends/league-of-legends-lcs-2024/results/,15 Jun 2024 - Summer Season,2024-06-15,Cloud9,Dignitas,Cloud9,Dignitas,2-1,2.0,1.0,1.24,4.06,0.766038,0.233962,Cloud9,Dignitas,True,BO3,0.6859285974950902,0.31407140250490984,0.6859285974950902,False
LCS_20240616_Cloud9|Dignitas,LCS,2024,2024-06-16,Cloud9,Dignitas,Cloud9,Dignitas,1-0,1,0,1,Cloud9|Dignitas,1.0,https://www.oddsportal.com/esports/league-of-legends/league-of-legends-lcs-2024/results/,15 Jun 2024 - Summer Season,2024-06-15,Cloud9,Dignitas,Cloud9,Dignitas,2-1,2.0,1.0,1.24,4.06,0.766038,0.233962,Cloud9,Dignitas,True,BO3,0.6859285974950902,0.31407140250490984,0.6859285974950902,False
LCS_20240616_100 Thieves|NRG Esports,LCS,2024,2024-06-16,100 Thieves,NRG,100 Thieves,NRG,1-1,1,1,2,100 Thieves|NRG Esports,1.0,https://www.oddsportal.com/esports/league-of-legends/league-of-legends-lcs-2024/results/,16 Jun 2024 - Summer Season,2024-06-16,100 Thieves,NRG Esports,100 Thieves,NRG Esports,2-0,2.0,0.0,1.82,2.68,0.595556,0.404444,100 Thieves,NRG Esports,True,BO3,0.5640544176707543,0.43594558232924574,0.5640544176707543,True
LCS_20240616_Immortals|Shopify Rebellion,LCS,2024,2024-06-16,Immortals,Shopify Rebellion,Immortals,Shopify Rebellion,2-0,2,0,2,Immortals|Shopify Rebellion,,,,,,,,,,,,,,,,,,,,,,,
LCK_20240619_DN SOOPers|Nongshim RedForce,LCK,2024,2024-06-19,Nongshim RedForce,DN SOOPers,DN SOOPers,Nongshim RedForce,2-0,2,0,2,DN SOOPers|Nongshim RedForce,2.0,https://www.oddsportal.com/esports/league-of-legends/league-of-legends-lck-2024/results/#/page/2/,19 Jun 2024 - Summer Season,2024-06-19,Nongshim RedForce,DN SOOPers,Nongshim RedForce,DN SOOPers,0-2,0.0,2.0,4.2,1.33,0.240506,0.759494,Nongshim RedForce,DN SOOPers,True,BO3,0.31911239869674624,0.6808876013032538,0.31911239869674624,True
LCK_20240619_Dplus Kia|T1,LCK,2024,2024-06-19,Dplus Kia,T1,T1,Dplus Kia,2-0,2,0,2,Dplus Kia|T1,2.0,https://www.oddsportal.com/esports/league-of-legends/league-of-legends-lck-2024/results/#/page/2/,19 Jun 2024 - Summer Season,2024-06-19,T1,Dplus Kia,T1,Dplus Kia,2-0,2.0,0.0,1.52,2.71,0.640662,0.359338,T1,Dplus Kia,False,BO3,0.5949147588895171,0.40508524111048294,0.40508524111048294,True
LCK_20240620_Gen.G|KT Rolster,LCK,2024,2024-06-20,KT Rolster,Gen.G,Gen.G,KT Rolster,2-0,2,0,2,Gen.G|KT Rolster,2.0,https://www.oddsportal.com/esports/league-of-legends/league-of-legends-lck-2024/results/#/page/2/,20 Jun 2024 - Summer Season,2024-06-20,KT Rolster,Gen.G,KT Rolster,Gen.G,0-2,0.0,2.0,7.95,1.09,0.120575,0.879425,KT Rolster,Gen.G,True,BO3,0.21674939755871034,0.7832506024412896,0.21674939755871034,True
LCK_20240620_BNK FEARX|KRX,LCK,2024,2024-06-20,DRX,BNK FEARX,DRX,BNK FEARX,1-1,1,1,2,BNK FEARX|KRX,2.0,https://www.oddsportal.com/esports/league-of-legends/league-of-legends-lck-2024/results/#/page/2/,20 Jun 2024 - Summer Season,2024-06-20,FearX,KRX,BNK FEARX,KRX,0-2,0.0,2.0,1.58,2.38,0.60101,0.39899,BNK FEARX,KRX,False,BO3,0.5677547223555046,0.4322452776444954,0.4322452776444954,True
LCK_20240621_HANJIN BRION|Hanwha Life Esports,LCK,2024,2024-06-21,HANJIN BRION,Hanwha Life Esports,Hanwha Life Esports,HANJIN BRION,2-0,2,0,2,HANJIN BRION|Hanwha Life Esports,2.0,https://www.oddsportal.com/esports/league-of-legends/league-of-legends-lck-2024/results/#/page/2/,21 Jun 2024 - Summer Season,2024-06-21,Hanwha Life,OKSavingsBank Brion,Hanwha Life Esports,HANJIN BRION,2-0,2.0,0.0,1.07,9.45,0.898289,0.101711,Hanwha Life Esports,HANJIN BRION,False,BO3,0.8023951601110354,0.1976048398889646,0.1976048398889646,True
LCK_20240621_DN SOOPers|T1,LCK,2024,2024-06-21,T1,DN SOOPers,DN SOOPers,T1,2-1,2,1,3,DN SOOPers|T1,2.0,https://www.oddsportal.com/esports/league-of-legends/league-of-legends-lck-2024/results/#/page/2/,21 Jun 2024 - Summer Season,2024-06-21,T1,DN SOOPers,T1,DN SOOPers,2-1,2.0,1.0,1.15,5.76,0.833575,0.166425,T1,DN SOOPers,True,BO3,0.7410608306552791,0.25893916934472094,0.7410608306552791,True
LCK_20240622_KRX|Nongshim RedForce,LCK,2024,2024-06-22,Nongshim RedForce,DRX,Nongshim RedForce,DRX,3-0,3,0,3,KRX|Nongshim RedForce,2.0,https://www.oddsportal.com/esports/league-of-legends/league-of-legends-lck-2024/results/#/page/2/,22 Jun 2024 - Summer Season,2024-06-22,Nongshim RedForce,KRX,Nongshim RedForce,KRX,2-1,2.0,1.0,2.5,1.62,0.393204,0.606796,Nongshim RedForce,KRX,True,BO3,0.42831143264098115,0.5716885673590189,0.42831143264098115,True
LCK_20240622_BNK FEARX|Dplus Kia,LCK,2024,2024-06-22,BNK FEARX,Dplus Kia,Dplus Kia,BNK FEARX,2-0,2,0,2,BNK FEARX|Dplus Kia,2.0,https://www.oddsportal.com/esports/league-of-legends/league-of-legends-lck-2024/results/#/page/2/,22 Jun 2024 - Summer Season,2024-06-22,FearX,Dplus Kia,BNK FEARX,Dplus Kia,0-2,0.0,2.0,5.63,1.16,0.170839,0.829161,BNK FEARX,Dplus Kia,True,BO3,0.262754776462597,0.737245223537403,0.262754776462597,True
LCS_20240622_100 Thieves|Dignitas,LCS,2024,2024-06-22,100 Thieves,Dignitas,Dignitas,100 Thieves,2-0,2,0,2,100 Thieves|Dignitas,,,,,,,,,,,,,,,,,,,,,,,
LCS_20240622_Cloud9|Immortals,LCS,2024,2024-06-22,Cloud9,Immortals,Cloud9,Immortals,1-1,1,1,2,Cloud9|Immortals,1.0,https://www.oddsportal.com/esports/league-of-legends/league-of-legends-lcs-2024/results/,22 Jun 2024 - Summer Season,2024-06-22,Cloud9,Immortals,Cloud9,Immortals,2-0,2.0,0.0,1.22,4.81,0.797678,0.202322,Cloud9,Immortals,True,BO3,0.7109723110152165,0.2890276889847835,0.7109723110152165,True
LCK_20240623_Gen.G|HANJIN BRION,LCK,2024,2024-06-23,Gen.G,HANJIN BRION,Gen.G,HANJIN BRION,2-0,2,0,2,Gen.G|HANJIN BRION,2.0,https://www.oddsportal.com/esports/league-of-legends/league-of-legends-lck-2024/results/#/page/2/,23 Jun 2024 - Summer Season,2024-06-23,Gen.G,OKSavingsBank Brion,Gen.G,HANJIN BRION,2-0,2.0,0.0,1.01,19.0,0.949525,0.050475,Gen.G,HANJIN BRION,True,BO3,0.8639745957718684,0.13602540422813159,0.8639745957718684,True
LCK_20240623_Hanwha Life Esports|KT Rolster,LCK,2024,2024-06-23,Hanwha Life Esports,KT Rolster,Hanwha Life Esports,KT Rolster,1-1,1,1,2,Hanwha Life Esports|KT Rolster,2.0,https://www.oddsportal.com/esports/league-of-legends/league-of-legends-lck-2024/results/#/page/2/,23 Jun 2024 - Summer Season,2024-06-23,KT Rolster,Hanwha Life,KT Rolster,Hanwha Life Esports,0-2,0.0,2.0,2.93,1.43,0.327982,0.672018,KT Rolster,Hanwha Life Esports,False,BO3,0.3831965960696412,0.6168034039303588,0.6168034039303588,True
LCS_20240623_FlyQuest|NRG Esports,LCS,2024,2024-06-23,FlyQuest,NRG,FlyQuest,NRG,3-0,3,0,3,FlyQuest|NRG Esports,,,,,,,,,,,,,,,,,,,,,,,
LCS_20240623_Shopify Rebellion|Team Liquid,LCS,2024,2024-06-23,Team Liquid,Shopify Rebellion,Team Liquid,Shopify Rebellion,1-1,1,1,2,Shopify Rebellion|Team Liquid,1.0,https://www.oddsportal.com/esports/league-of-legends/league-of-legends-lcs-2024/results/,23 Jun 2024 - Summer Season,2024-06-23,Team Liquid,Shopify Rebellion,Team Liquid,Shopify Rebellion,2-0,2.0,0.0,1.06,9.5,0.899621,0.100379,Team Liquid,Shopify Rebellion,True,BO3,0.8037990507052538,0.19620094929474619,0.8037990507052538,True
LCK_20240626_Gen.G|Hanwha Life Esports,LCK,2024,2024-06-26,Gen.G,Hanwha Life Esports,Gen.G,Hanwha Life Esports,1-1,1,1,2,Gen.G|Hanwha Life Esports,2.0,https://www.oddsportal.com/esports/league-of-legends/league-of-legends-lck-2024/results/#/page/2/,26 Jun 2024 - Summer Season,2024-06-26,Gen.G,Hanwha Life,Gen.G,Hanwha Life Esports,2-0,2.0,0.0,1.22,4.51,0.787086,0.212914,Gen.G,Hanwha Life Esports,True,BO3,0.7024549697168018,0.29754503028319823,0.7024549697168018,True
LCK_20240627_Dplus Kia|Nongshim RedForce,LCK,2024,2024-06-27,Nongshim RedForce,Dplus Kia,Nongshim RedForce,Dplus Kia,1-1,1,1,2,Dplus Kia|Nongshim RedForce,2.0,https://www.oddsportal.com/esports/league-of-legends/league-of-legends-lck-2024/results/#/page/2/,27 Jun 2024 - Summer Season,2024-06-27,Dplus Kia,Nongshim RedForce,Dplus Kia,Nongshim RedForce,2-0,2.0,0.0,1.08,9.45,0.897436,0.102564,Dplus Kia,Nongshim RedForce,False,BO3,0.8015000594498313,0.19849994055016873,0.19849994055016873,True
LCK_20240627_HANJIN BRION|KT Rolster,LCK,2024,2024-06-27,KT Rolster,HANJIN BRION,KT Rolster,HANJIN BRION,3-0,3,0,3,HANJIN BRION|KT Rolster,2.0,https://www.oddsportal.com/esports/league-of-legends/league-of-legends-lck-2024/results/#/page/2/,27 Jun 2024 - Summer Season,2024-06-27,KT Rolster,OKSavingsBank Brion,KT Rolster,HANJIN BRION,2-1,2.0,1.0,1.18,5.63,0.826725,0.173275,KT Rolster,HANJIN BRION,True,BO3,0.7351546945186836,0.26484530548131635,0.7351546945186836,True
LCK_20240626_KRX|T1,LCK,2024,2024-06-26,T1,DRX,T1,DRX,2-0,2,0,2,KRX|T1,2.0,https://www.oddsportal.com/esports/league-of-legends/league-of-legends-lck-2024/results/#/page/2/,26 Jun 2024 - Summer Season,2024-06-26,T1,KRX,T1,KRX,2-0,2.0,0.0,1.04,11.9,0.919629,0.080371,T1,KRX,True,BO3,0.8259083526149442,0.17409164738505578,0.8259083526149442,True
LCS_20240627_100 Thieves|Team Liquid,LCS,2024,2024-06-27,100 Thieves,Team Liquid,Team Liquid,100 Thieves,2-0,2,0,2,100 Thieves|Team Liquid,1.0,https://www.oddsportal.com/esports/league-of-legends/league-of-legends-lcs-2024/results/,27 Jun 2024 - Summer Season,2024-06-27,100 Thieves,Team Liquid,100 Thieves,Team Liquid,0-2,0.0,2.0,3.75,1.22,0.245473,0.754527,100 Thieves,Team Liquid,True,BO3,0.32291046327183726,0.6770895367281627,0.32291046327183726,True
LCK_20240628_BNK FEARX|DN SOOPers,LCK,2024,2024-06-28,BNK FEARX,DN SOOPers,BNK FEARX,DN SOOPers,1-1,1,1,2,BNK FEARX|DN SOOPers,2.0,https://www.oddsportal.com/esports/league-of-legends/league-of-legends-lck-2024/results/#/page/2/,28 Jun 2024 - Summer Season,2024-06-28,FearX,DN SOOPers,BNK FEARX,DN SOOPers,0-2,0.0,2.0,3.58,1.33,0.270876,0.729124,BNK FEARX,DN SOOPers,True,BO3,0.3419906503234501,0.6580093496765499,0.3419906503234501,True
LCS_20240627_Immortals|NRG Esports,LCS,2024,2024-06-27,Immortals,NRG,NRG,Immortals,2-0,2,0,2,Immortals|NRG Esports,,,,,,,,,,,,,,,,,,,,,,,
LCK_20240628_Gen.G|KRX,LCK,2024,2024-06-28,Gen.G,DRX,Gen.G,DRX,1-1,1,1,2,Gen.G|KRX,2.0,https://www.oddsportal.com/esports/league-of-legends/league-of-legends-lck-2024/results/#/page/2/,28 Jun 2024 - Summer Season,2024-06-28,Gen.G,KRX,Gen.G,KRX,2-0,2.0,0.0,1.01,19.0,0.949525,0.050475,Gen.G,KRX,True,BO3,0.8639745957718684,0.13602540422813159,0.8639745957718684,True
LCS_20240628_Cloud9|Shopify Rebellion,LCS,2024,2024-06-28,Shopify Rebellion,Cloud9,Shopify Rebellion,Cloud9,1-1,1,1,2,Cloud9|Shopify Rebellion,1.0,https://www.oddsportal.com/esports/league-of-legends/league-of-legends-lcs-2024/results/,28 Jun 2024 - Summer Season,2024-06-28,Shopify Rebellion,Cloud9,Shopify Rebellion,Cloud9,0-2,0.0,2.0,7.33,1.09,0.129454,0.870546,Shopify Rebellion,Cloud9,True,BO3,0.2253441382749336,0.7746558617250664,0.2253441382749336,True
LCS_20240628_Dignitas|FlyQuest,LCS,2024,2024-06-28,Dignitas,FlyQuest,FlyQuest,Dignitas,2-0,2,0,2,Dignitas|FlyQuest,1.0,https://www.oddsportal.com/esports/league-of-legends/league-of-legends-lcs-2024/results/,28 Jun 2024 - Summer Season,2024-06-28,Dignitas,FlyQuest eSports,Dignitas,FlyQuest eSports,0-2,0.0,2.0,2.88,1.5,0.342466,0.657534,Dignitas,FlyQuest,True,BO3,0.39336039163483366,0.6066396083651664,0.39336039163483366,True
LCK_20240629_KT Rolster|T1,LCK,2024,2024-06-29,T1,KT Rolster,T1,KT Rolster,2-1,2,1,3,KT Rolster|T1,2.0,https://www.oddsportal.com/esports/league-of-legends/league-of-legends-lck-2024/results/#/page/2/,29 Jun 2024 - Summer Season,2024-06-29,T1,KT Rolster,T1,KT Rolster,1-2,1.0,2.0,1.13,5.8,0.836941,0.163059,T1,KT Rolster,True,BO3,0.7439952467247326,0.2560047532752674,0.7439952467247326,True
LCK_20240629_Hanwha Life Esports|Nongshim RedForce,LCK,2024,2024-06-29,Hanwha Life Esports,Nongshim RedForce,Hanwha Life Esports,Nongshim RedForce,1-1,1,1,2,Hanwha Life Esports|Nongshim RedForce,2.0,https://www.oddsportal.com/esports/league-of-legends/league-of-legends-lck-2024/results/#/page/2/,29 Jun 2024 - Summer Season,2024-06-29,Nongshim RedForce,Hanwha Life,Nongshim RedForce,Hanwha Life Esports,0-2,0.0,2.0,9.45,1.07,0.101711,0.898289,Nongshim RedForce,Hanwha Life Esports,False,BO3,0.19760483988896455,0.8023951601110355,0.8023951601110355,True
LCK_20240630_BNK FEARX|HANJIN BRION,LCK,2024,2024-06-30,HANJIN BRION,BNK FEARX,BNK FEARX,HANJIN BRION,2-0,2,0,2,BNK FEARX|HANJIN BRION,2.0,https://www.oddsportal.com/esports/league-of-legends/league-of-legends-lck-2024/results/#/page/2/,30 Jun 2024 - Summer Season,2024-06-30,FearX,OKSavingsBank Brion,BNK FEARX,HANJIN BRION,2-0,2.0,0.0,1.5,2.68,0.641148,0.358852,BNK FEARX,HANJIN BRION,False,BO3,0.5952509153217409,0.4047490846782591,0.4047490846782591,True
LCK_20240630_DN SOOPers|Dplus Kia,LCK,2024,2024-06-30,Dplus Kia,DN SOOPers,DN SOOPers,Dplus Kia,2-1,2,1,3,DN SOOPers|Dplus Kia,2.0,https://www.oddsportal.com/esports/league-of-legends/league-of-legends-lck-2024/results/#/page/2/,30 Jun 2024 - Summer Season,2024-06-30,DN SOOPers,Dplus Kia,DN SOOPers,Dplus Kia,1-2,1.0,2.0,2.8,1.5,0.348837,0.651163,DN SOOPers,Dplus Kia,False,BO3,0.39780144344119706,0.6021985565588029,0.6021985565588029,True
LCS_20240803_Dignitas|NRG Esports,LCS,2024,2024-08-03,NRG,Dignitas,Dignitas,NRG,2-0,2,0,2,Dignitas|NRG Esports,1.0,https://www.oddsportal.com/esports/league-of-legends/league-of-legends-lcs-2024/results/,03 Aug 2024 - Summer Season,2024-08-03,NRG Esports,Dignitas,NRG Esports,Dignitas,0-2,0.0,2.0,1.7,2.15,0.558442,0.441558,NRG Esports,Dignitas,True,BO3,0.539040673046286,0.460959326953714,0.539040673046286,True
LCS_20240803_100 Thieves|Immortals,LCS,2024,2024-08-03,100 Thieves,Immortals,100 Thieves,Immortals,2-0,2,0,2,100 Thieves|Immortals,,,,,,,,,,,,,,,,,,,,,,,
LCS_20240804_Cloud9|Team Liquid,LCS,2024,2024-08-04,Team Liquid,Cloud9,Cloud9,Team Liquid,2-1,2,1,3,Cloud9|Team Liquid,1.0,https://www.oddsportal.com/esports/league-of-legends/league-of-legends-lcs-2024/results/,04 Aug 2024 - Summer Season,2024-08-04,Team Liquid,Cloud9,Team Liquid,Cloud9,2-1,2.0,1.0,1.56,2.42,0.60804,0.39196,Team Liquid,Cloud9,True,BO3,0.5725355179644379,0.4274644820355621,0.5725355179644379,True
LCS_20240804_FlyQuest|Shopify Rebellion,LCS,2024,2024-08-04,FlyQuest,Shopify Rebellion,FlyQuest,Shopify Rebellion,2-0,2,0,2,FlyQuest|Shopify Rebellion,,,,,,,,,,,,,,,,,,,,,,,
LCS_20240805_FlyQuest|Shopify Rebellion,LCS,2024,2024-08-05,FlyQuest,Shopify Rebellion,FlyQuest,Shopify Rebellion,1-0,1,0,1,FlyQuest|Shopify Rebellion,,,,,,,,,,,,,,,,,,,,,,,
LCK_20240807_Gen.G|KRX,LCK,2024,2024-08-07,DRX,Gen.G,Gen.G,DRX,2-0,2,0,2,Gen.G|KRX,1.0,https://www.oddsportal.com/esports/league-of-legends/league-of-legends-lck-2024/results/,07 Aug 2024 - Summer Season,2024-08-07,KRX,Gen.G,KRX,Gen.G,0-2,0.0,2.0,19.0,1.01,0.050475,0.949525,KRX,Gen.G,True,BO3,0.13602540422813153,0.8639745957718685,0.13602540422813153,True
LCK_20240807_DN SOOPers|KT Rolster,LCK,2024,2024-08-07,DN SOOPers,KT Rolster,DN SOOPers,KT Rolster,1-1,1,1,2,DN SOOPers|KT Rolster,1.0,https://www.oddsportal.com/esports/league-of-legends/league-of-legends-lck-2024/results/,07 Aug 2024 - Summer Season,2024-08-07,DN SOOPers,KT Rolster,DN SOOPers,KT Rolster,2-0,2.0,0.0,2.88,1.45,0.334873,0.665127,DN SOOPers,KT Rolster,True,BO3,0.38804431886346186,0.6119556811365381,0.38804431886346186,True
LCK_20240808_HANJIN BRION|Hanwha Life Esports,LCK,2024,2024-08-08,Hanwha Life Esports,HANJIN BRION,Hanwha Life Esports,HANJIN BRION,2-0,2,0,2,HANJIN BRION|Hanwha Life Esports,1.0,https://www.oddsportal.com/esports/league-of-legends/league-of-legends-lck-2024/results/,08 Aug 2024 - Summer Season,2024-08-08,Hanwha Life,OKSavingsBank Brion,Hanwha Life Esports,HANJIN BRION,2-0,2.0,0.0,1.05,11.0,0.912863,0.087137,Hanwha Life Esports,HANJIN BRION,True,BO3,0.818199203508443,0.181800796491557,0.818199203508443,True
LCK_20240808_BNK FEARX|Dplus Kia,LCK,2024,2024-08-08,Dplus Kia,BNK FEARX,BNK FEARX,Dplus Kia,2-1,2,1,3,BNK FEARX|Dplus Kia,1.0,https://www.oddsportal.com/esports/league-of-legends/league-of-legends-lck-2024/results/,08 Aug 2024 - Summer Season,2024-08-08,Dplus Kia,FearX,Dplus Kia,BNK FEARX,2-1,2.0,1.0,1.31,3.8,0.74364,0.25636,Dplus Kia,BNK FEARX,True,BO3,0.6688446844301394,0.33115531556986055,0.6688446844301394,True
LCK_20240809_Gen.G|KT Rolster,LCK,2024,2024-08-09,Gen.G,KT Rolster,Gen.G,KT Rolster,2-1,2,1,3,Gen.G|KT Rolster,1.0,https://www.oddsportal.com/esports/league-of-legends/league-of-legends-lck-2024/results/,09 Aug 2024 - Summer Season,2024-08-09,Gen.G,KT Rolster,Gen.G,KT Rolster,1-2,1.0,2.0,1.05,8.5,0.890052,0.109948,Gen.G,KT Rolster,True,BO3,0.793874051317928,0.206125948682072,0.793874051317928,True
LCK_20240809_Nongshim RedForce|T1,LCK,2024,2024-08-09,T1,Nongshim RedForce,Nongshim RedForce,T1,2-0,2,0,2,Nongshim RedForce|T1,1.0,https://www.oddsportal.com/esports/league-of-legends/league-of-legends-lck-2024/results/,09 Aug 2024 - Summer Season,2024-08-09,Nongshim RedForce,T1,Nongshim RedForce,T1,2-0,2.0,0.0,7.95,1.09,0.120575,0.879425,Nongshim RedForce,T1,False,BO3,0.21674939755871034,0.7832506024412896,0.7832506024412896,True
LCK_20240810_BNK FEARX|DN SOOPers,LCK,2024,2024-08-10,BNK FEARX,DN SOOPers,DN SOOPers,BNK FEARX,2-1,2,1,3,BNK FEARX|DN SOOPers,1.0,https://www.oddsportal.com/esports/league-of-legends/league-of-legends-lck-2024/results/,10 Aug 2024 - Summer Season,2024-08-10,FearX,DN SOOPers,BNK FEARX,DN SOOPers,2-1,2.0,1.0,1.73,2.07,0.544737,0.455263,BNK FEARX,DN SOOPers,True,BO3,0.5298601656056385,0.47013983439436147,0.5298601656056385,True
LCK_20240810_Hanwha Life Esports|KRX,LCK,2024,2024-08-10,Hanwha Life Esports,DRX,Hanwha Life Esports,DRX,1-1,1,1,2,Hanwha Life Esports|KRX,1.0,https://www.oddsportal.com/esports/league-of-legends/league-of-legends-lck-2024/results/,10 Aug 2024 - Summer Season,2024-08-10,Hanwha Life,KRX,Hanwha Life Esports,KRX,2-0,2.0,0.0,1.02,12.0,0.921659,0.078341,Hanwha Life Esports,KRX,True,BO3,0.8282741404784987,0.17172585952150132,0.8282741404784987,True
LCS_20240810_NRG Esports|Team Liquid,LCS,2024,2024-08-10,NRG,Team Liquid,Team Liquid,NRG,2-0,2,0,2,NRG Esports|Team Liquid,1.0,https://www.oddsportal.com/esports/league-of-legends/league-of-legends-lcs-2024/results/,10 Aug 2024 - Summer Season,2024-08-10,NRG Esports,Team Liquid,NRG Esports,Team Liquid,0-2,0.0,2.0,7.33,1.1,0.130486,0.869514,NRG Esports,Team Liquid,True,BO3,0.2263279283952641,0.7736720716047358,0.2263279283952641,True
LCS_20240810_100 Thieves|Shopify Rebellion,LCS,2024,2024-08-10,Shopify Rebellion,100 Thieves,Shopify Rebellion,100 Thieves,2-1,2,1,3,100 Thieves|Shopify Rebellion,,,,,,,,,,,,,,,,,,,,,,,
LCK_20240811_Dplus Kia|Nongshim RedForce,LCK,2024,2024-08-11,Nongshim RedForce,Dplus Kia,Nongshim RedForce,Dplus Kia,3-0,3,0,3,Dplus Kia|Nongshim RedForce,1.0,https://www.oddsportal.com/esports/league-of-legends/league-of-legends-lck-2024/results/,11 Aug 2024 - Summer Season,2024-08-11,Nongshim RedForce,Dplus Kia,Nongshim RedForce,Dplus Kia,1-2,1.0,2.0,7.95,1.09,0.120575,0.879425,Nongshim RedForce,Dplus Kia,True,BO3,0.21674939755871034,0.7832506024412896,0.21674939755871034,True
LCK_20240811_HANJIN BRION|T1,LCK,2024,2024-08-11,HANJIN BRION,T1,T1,HANJIN BRION,2-0,2,0,2,HANJIN BRION|T1,1.0,https://www.oddsportal.com/esports/league-of-legends/league-of-legends-lck-2024/results/,11 Aug 2024 - Summer Season,2024-08-11,OKSavingsBank Brion,T1,HANJIN BRION,T1,0-2,0.0,2.0,6.5,1.1,0.144737,0.855263,HANJIN BRION,T1,True,BO3,0.23962059149076811,0.7603794085092319,0.23962059149076811,True
LCS_20240811_Cloud9|FlyQuest,LCS,2024,2024-08-11,FlyQuest,Cloud9,Cloud9,FlyQuest,2-0,2,0,2,Cloud9|FlyQuest,1.0,https://www.oddsportal.com/esports/league-of-legends/league-of-legends-lcs-2024/results/,11 Aug 2024 - Summer Season,2024-08-11,FlyQuest eSports,Cloud9,FlyQuest eSports,Cloud9,0-2,0.0,2.0,2.05,1.77,0.463351,0.536649,FlyQuest,Cloud9,True,BO3,0.4755478398058995,0.5244521601941006,0.4755478398058995,True
LCS_20240811_Dignitas|Immortals,LCS,2024,2024-08-11,Dignitas,Immortals,Immortals,Dignitas,2-1,2,1,3,Dignitas|Immortals,1.0,https://www.oddsportal.com/esports/league-of-legends/league-of-legends-lcs-2024/results/,11 Aug 2024 - Summer Season,2024-08-11,Dignitas,Immortals,Dignitas,Immortals,2-1,2.0,1.0,1.33,3.44,0.721174,0.278826,Dignitas,Immortals,True,BO3,0.6521451731382837,0.3478548268617163,0.6521451731382837,True
LCK_20240814_KRX|KT Rolster,LCK,2024,2024-08-14,KT Rolster,DRX,KT Rolster,DRX,2-0,2,0,2,KRX|KT Rolster,1.0,https://www.oddsportal.com/esports/league-of-legends/league-of-legends-lck-2024/results/,14 Aug 2024 - Summer Season,2024-08-14,KT Rolster,KRX,KT Rolster,KRX,2-0,2.0,0.0,1.14,6.15,0.843621,0.156379,KT Rolster,KRX,True,BO3,0.749885350856555,0.25011464914344494,0.749885350856555,True
LCK_20240814_DN SOOPers|T1,LCK,2024,2024-08-14,DN SOOPers,T1,DN SOOPers,T1,2-1,2,1,3,DN SOOPers|T1,1.0,https://www.oddsportal.com/esports/league-of-legends/league-of-legends-lck-2024/results/,14 Aug 2024 - Summer Season,2024-08-14,DN SOOPers,T1,DN SOOPers,T1,1-2,1.0,2.0,3.87,1.26,0.245614,0.754386,DN SOOPers,T1,True,BO3,0.32301793688412606,0.6769820631158739,0.32301793688412606,True
LCK_20240815_BNK FEARX|Hanwha Life Esports,LCK,2024,2024-08-15,Hanwha Life Esports,BNK FEARX,Hanwha Life Esports,BNK FEARX,1-1,1,1,2,BNK FEARX|Hanwha Life Esports,1.0,https://www.oddsportal.com/esports/league-of-legends/league-of-legends-lck-2024/results/,15 Aug 2024 - Summer Season,2024-08-15,Hanwha Life,FearX,Hanwha Life Esports,BNK FEARX,2-0,2.0,0.0,1.14,6.15,0.843621,0.156379,Hanwha Life Esports,BNK FEARX,True,BO3,0.749885350856555,0.25011464914344494,0.749885350856555,True
LCK_20240815_Dplus Kia|HANJIN BRION,LCK,2024,2024-08-15,HANJIN BRION,Dplus Kia,Dplus Kia,HANJIN BRION,2-0,2,0,2,Dplus Kia|HANJIN BRION,1.0,https://www.oddsportal.com/esports/league-of-legends/league-of-legends-lck-2024/results/,15 Aug 2024 - Summer Season,2024-08-15,OKSavingsBank Brion,Dplus Kia,HANJIN BRION,Dplus Kia,0-2,0.0,2.0,9.0,1.06,0.105368,0.894632,HANJIN BRION,Dplus Kia,True,BO3,0.20142121873799088,0.7985787812620091,0.20142121873799088,True
LCK_20240816_DN SOOPers|KRX,LCK,2024,2024-08-16,DRX,DN SOOPers,DRX,DN SOOPers,3-0,3,0,3,DN SOOPers|KRX,1.0,https://www.oddsportal.com/esports/league-of-legends/league-of-legends-lck-2024/results/,16 Aug 2024 - Summer Season,2024-08-16,KRX,DN SOOPers,KRX,DN SOOPers,2-1,2.0,1.0,4.2,1.24,0.227941,0.772059,KRX,DN SOOPers,True,BO3,0.30939425062539694,0.6906057493746031,0.30939425062539694,True
LCK_20240816_Gen.G|Nongshim RedForce,LCK,2024,2024-08-16,Gen.G,Nongshim RedForce,Gen.G,Nongshim RedForce,1-1,1,1,2,Gen.G|Nongshim RedForce,1.0,https://www.oddsportal.com/esports/league-of-legends/league-of-legends-lck-2024/results/,16 Aug 2024 - Summer Season,2024-08-16,Gen.G,Nongshim RedForce,Gen.G,Nongshim RedForce,2-0,2.0,0.0,1.02,17.0,0.943396,0.056604,Gen.G,Nongshim RedForce,True,BO3,0.8555031787956264,0.14449682120437357,0.8555031787956264,True
LCK_20240817_Dplus Kia|KT Rolster,LCK,2024,2024-08-17,Dplus Kia,KT Rolster,Dplus Kia,KT Rolster,1-1,1,1,2,Dplus Kia|KT Rolster,1.0,https://www.oddsportal.com/esports/league-of-legends/league-of-legends-lck-2024/results/,17 Aug 2024 - Summer Season,2024-08-17,Dplus Kia,KT Rolster,Dplus Kia,KT Rolster,2-0,2.0,0.0,1.48,2.86,0.658986,0.341014,Dplus Kia,KT Rolster,True,BO3,0.6076542006546222,0.39234579934537783,0.6076542006546222,True
LCK_20240817_BNK FEARX|T1,LCK,2024,2024-08-17,T1,BNK FEARX,T1,BNK FEARX,1-1,1,1,2,BNK FEARX|T1,1.0,https://www.oddsportal.com/esports/league-of-legends/league-of-legends-lck-2024/results/,17 Aug 2024 - Summer Season,2024-08-17,T1,FearX,T1,BNK FEARX,2-0,2.0,0.0,1.29,4.51,0.777586,0.222414,T1,BNK FEARX,True,BO3,0.6949337619473758,0.30506623805262423,0.6949337619473758,True
LCK_20240818_HANJIN BRION|Nongshim RedForce,LCK,2024,2024-08-18,Nongshim RedForce,HANJIN BRION,Nongshim RedForce,HANJIN BRION,1-1,1,1,2,HANJIN BRION|Nongshim RedForce,1.0,https://www.oddsportal.com/esports/league-of-legends/league-of-legends-lck-2024/results/,18 Aug 2024 - Summer Season,2024-08-18,Nongshim RedForce,OKSavingsBank Brion,Nongshim RedForce,HANJIN BRION,2-0,2.0,0.0,1.5,2.71,0.643705,0.356295,Nongshim RedForce,HANJIN BRION,True,BO3,0.5970210220230041,0.4029789779769959,0.5970210220230041,True
LCK_20240818_Gen.G|Hanwha Life Esports,LCK,2024,2024-08-18,Hanwha Life Esports,Gen.G,Gen.G,Hanwha Life Esports,2-0,2,0,2,Gen.G|Hanwha Life Esports,1.0,https://www.oddsportal.com/esports/league-of-legends/league-of-legends-lck-2024/results/,18 Aug 2024 - Summer Season,2024-08-18,Hanwha Life,Gen.G,Hanwha Life Esports,Gen.G,0-2,0.0,2.0,3.1,1.4,0.311111,0.688889,Hanwha Life Esports,Gen.G,True,BO3,0.3712268194807526,0.6287731805192474,0.3712268194807526,True
LCK_20240117_KRX|Nongshim RedForce,LCK,2024,2024-01-17,DRX,Nongshim RedForce,Nongshim RedForce,DRX,2-0,2,0,2,KRX|Nongshim RedForce,4.0,https://www.oddsportal.com/esports/league-of-legends/league-of-legends-lck-2024/results/#/page/4/,17 Jan 2024 - Spring Season,2024-01-17,KRX,Nongshim RedForce,KRX,Nongshim RedForce,0-2,0.0,2.0,1.58,2.45,0.60794,0.39206,KRX,Nongshim RedForce,True,BO3,0.5724674194687841,0.4275325805312159,0.5724674194687841,True
LCK_20250212_KT Rolster|Nongshim RedForce,LCK,2025,2025-02-12,KT Rolster,Nongshim RedForce,Nongshim RedForce,KT Rolster,3-0,3,0,3,KT Rolster|Nongshim RedForce,4.0,https://www.oddsportal.com/esports/league-of-legends/league-of-legends-lck-2025/results/#/page/4/,12 Feb 2025 - Preliminary - Play Offs,2025-02-12,KT Rolster,Nongshim RedForce,KT Rolster,Nongshim RedForce,0-3,0.0,3.0,1.52,2.63,0.633735,0.366265,KT Rolster,Nongshim RedForce,True,BO5,0.5723279918112381,0.42767200818876194,0.5723279918112381,True
LCK_20240117_Gen.G|T1,LCK,2024,2024-01-17,Gen.G,T1,T1,Gen.G,3-0,3,0,3,Gen.G|T1,4.0,https://www.oddsportal.com/esports/league-of-legends/league-of-legends-lck-2024/results/#/page/4/,17 Jan 2024 - Spring Season,2024-01-17,Gen.G,T1,Gen.G,T1,2-1,2.0,1.0,2.35,1.62,0.40806,0.59194,Gen.G,T1,True,BO3,0.4383949298429383,0.5616050701570616,0.4383949298429383,True
LCK_20250213_Hanwha Life Esports|T1,LCK,2025,2025-02-13,Hanwha Life Esports,T1,Hanwha Life Esports,T1,5-0,5,0,5,Hanwha Life Esports|T1,4.0,https://www.oddsportal.com/esports/league-of-legends/league-of-legends-lck-2025/results/#/page/4/,13 Feb 2025 - Preliminary - Play Offs,2025-02-13,T1,Hanwha Life,T1,Hanwha Life Esports,2-3,2.0,3.0,1.62,2.63,0.618824,0.381176,T1,Hanwha Life Esports,False,BO5,0.5640707154330024,0.43592928456699764,0.43592928456699764,True
LCK_20250215_Dplus Kia|Nongshim RedForce,LCK,2025,2025-02-15,Dplus Kia,Nongshim RedForce,Dplus Kia,Nongshim RedForce,3-1,3,1,4,Dplus Kia|Nongshim RedForce,4.0,https://www.oddsportal.com/esports/league-of-legends/league-of-legends-lck-2025/results/#/page/4/,15 Feb 2025 - Preliminary - Play Offs,2025-02-15,Dplus Kia,Nongshim RedForce,Dplus Kia,Nongshim RedForce,3-1,3.0,1.0,1.17,5.44,0.822995,0.177005,Dplus Kia,Nongshim RedForce,True,BO5,0.6896755034734273,0.3103244965265727,0.6896755034734273,True
LCK_20240118_Dplus Kia|HANJIN BRION,LCK,2024,2024-01-18,HANJIN BRION,Dplus Kia,Dplus Kia,HANJIN BRION,2-0,2,0,2,Dplus Kia|HANJIN BRION,4.0,https://www.oddsportal.com/esports/league-of-legends/league-of-legends-lck-2024/results/#/page/4/,18 Jan 2024 - Spring Season,2024-01-18,OKSavingsBank Brion,Dplus Kia,HANJIN BRION,Dplus Kia,0-2,0.0,2.0,6.15,1.14,0.156379,0.843621,HANJIN BRION,Dplus Kia,True,BO3,0.2501146491434448,0.7498853508565553,0.2501146491434448,True
LCK_20250216_Gen.G|Hanwha Life Esports,LCK,2025,2025-02-16,Gen.G,Hanwha Life Esports,Gen.G,Hanwha Life Esports,4-1,4,1,5,Gen.G|Hanwha Life Esports,4.0,https://www.oddsportal.com/esports/league-of-legends/league-of-legends-lck-2025/results/#/page/4/,16 Feb 2025 - Preliminary - Play Offs,2025-02-16,Gen.G,Hanwha Life,Gen.G,Hanwha Life Esports,2-3,2.0,3.0,1.6,2.36,0.59596,0.40404,Gen.G,Hanwha Life Esports,True,BO5,0.551542650628303,0.448457349371697,0.551542650628303,True
LCK_20250219_Dplus Kia|Hanwha Life Esports,LCK,2025,2025-02-19,Hanwha Life Esports,Dplus Kia,Hanwha Life Esports,Dplus Kia,3-2,3,2,5,Dplus Kia|Hanwha Life Esports,4.0,https://www.oddsportal.com/esports/league-of-legends/league-of-legends-lck-2025/results/#/page/4/,19 Feb 2025 - Preliminary - Play Offs,2025-02-19,Dplus Kia,Hanwha Life,Dplus Kia,Hanwha Life Esports,2-3,2.0,3.0,2.3,1.64,0.416244,0.583756,Dplus Kia,Hanwha Life Esports,False,BO5,0.45508915952105106,0.5449108404789489,0.5449108404789489,True
LCK_20250220_Gen.G|Nongshim RedForce,LCK,2025,2025-02-20,Nongshim RedForce,Gen.G,Gen.G,Nongshim RedForce,3-2,3,2,5,Gen.G|Nongshim RedForce,4.0,https://www.oddsportal.com/esports/league-of-legends/league-of-legends-lck-2025/results/#/page/4/,20 Feb 2025 - Preliminary - Play Offs,2025-02-20,Nongshim RedForce,Gen.G,Nongshim RedForce,Gen.G,2-3,2.0,3.0,7.0,1.1,0.135802,0.864198,Nongshim RedForce,Gen.G,True,BO5,0.2784810934492176,0.7215189065507823,0.2784810934492176,True
LCK_20250222_Dplus Kia|Gen.G,LCK,2025,2025-02-22,Dplus Kia,Gen.G,Gen.G,Dplus Kia,3-0,3,0,3,Dplus Kia|Gen.G,4.0,https://www.oddsportal.com/esports/league-of-legends/league-of-legends-lck-2025/results/#/page/4/,22 Feb 2025 - Preliminary - Play Offs,2025-02-22,Dplus Kia,Gen.G,Dplus Kia,Gen.G,0-3,0.0,3.0,1.92,1.82,0.486631,0.513369,Dplus Kia,Gen.G,True,BO5,0.4928688996991962,0.5071311003008039,0.4928688996991962,True
LCK_20250223_Gen.G|Hanwha Life Esports,LCK,2025,2025-02-23,Hanwha Life Esports,Gen.G,Hanwha Life Esports,Gen.G,5-0,5,0,5,Gen.G|Hanwha Life Esports,4.0,https://www.oddsportal.com/esports/league-of-legends/league-of-legends-lck-2025/results/#/page/4/,23 Feb 2025 - Preliminary - Play Offs,2025-02-23,Hanwha Life,Gen.G,Hanwha Life Esports,Gen.G,3-2,3.0,2.0,2.0,1.9,0.487179,0.512821,Hanwha Life Esports,Gen.G,True,BO5,0.4931612804910336,0.5068387195089664,0.4931612804910336,True
LCK_20240118_BNK FEARX|KT Rolster,LCK,2024,2024-01-18,KT Rolster,BNK FEARX,KT Rolster,BNK FEARX,1-1,1,1,2,BNK FEARX|KT Rolster,4.0,https://www.oddsportal.com/esports/league-of-legends/league-of-legends-lck-2024/results/#/page/4/,18 Jan 2024 - Spring Season,2024-01-18,KT Rolster,FearX,KT Rolster,BNK FEARX,2-0,2.0,0.0,1.26,4.1,0.764925,0.235075,KT Rolster,BNK FEARX,True,BO3,0.6850681691258923,0.3149318308741077,0.6850681691258923,True
LCK_20240119_Hanwha Life Esports|KRX,LCK,2024,2024-01-19,Hanwha Life Esports,DRX,Hanwha Life Esports,DRX,2-0,2,0,2,Hanwha Life Esports|KRX,4.0,https://www.oddsportal.com/esports/league-of-legends/league-of-legends-lck-2024/results/#/page/4/,19 Jan 2024 - Spring Season,2024-01-19,Hanwha Life,KRX,Hanwha Life Esports,KRX,2-0,2.0,0.0,1.07,9.45,0.898289,0.101711,Hanwha Life Esports,KRX,True,BO3,0.8023951601110354,0.1976048398889646,0.8023951601110354,True
LCK_20250402_Gen.G|Hanwha Life Esports,LCK,2025,2025-04-02,Hanwha Life Esports,Gen.G,Gen.G,Hanwha Life Esports,2-0,2,0,2,Gen.G|Hanwha Life Esports,4.0,https://www.oddsportal.com/esports/league-of-legends/league-of-legends-lck-2025/results/#/page/4/,02 Apr 2025 - First stage,2025-04-02,Hanwha Life,Gen.G,Hanwha Life Esports,Gen.G,0-2,0.0,2.0,1.72,2.29,0.571072,0.428928,Hanwha Life Esports,Gen.G,True,BO3,0.5475244499408563,0.45247555005914375,0.5475244499408563,True
LCK_20250402_DN SOOPers|KRX,LCK,2025,2025-04-02,DRX,DN SOOPers,DRX,DN SOOPers,1-1,1,1,2,DN SOOPers|KRX,4.0,https://www.oddsportal.com/esports/league-of-legends/league-of-legends-lck-2025/results/#/page/4/,02 Apr 2025 - First stage,2025-04-02,KRX,DN SOOPers,KRX,DN SOOPers,2-0,2.0,0.0,1.7,2.24,0.568528,0.431472,KRX,DN SOOPers,True,BO3,0.5458135428818758,0.4541864571181242,0.5458135428818758,True
LCK_20250403_HANJIN BRION|Nongshim RedForce,LCK,2025,2025-04-03,Nongshim RedForce,HANJIN BRION,Nongshim RedForce,HANJIN BRION,1-1,1,1,2,HANJIN BRION|Nongshim RedForce,4.0,https://www.oddsportal.com/esports/league-of-legends/league-of-legends-lck-2025/results/#/page/4/,03 Apr 2025 - First stage,2025-04-03,Nongshim RedForce,OKSavingsBank Brion,Nongshim RedForce,HANJIN BRION,2-0,2.0,0.0,1.33,3.52,0.725773,0.274227,Nongshim RedForce,HANJIN BRION,True,BO3,0.6555317795441848,0.34446822045581516,0.6555317795441848,True
LCK_20250403_BNK FEARX|Dplus Kia,LCK,2025,2025-04-03,BNK FEARX,Dplus Kia,BNK FEARX,Dplus Kia,2-1,2,1,3,BNK FEARX|Dplus Kia,4.0,https://www.oddsportal.com/esports/league-of-legends/league-of-legends-lck-2025/results/#/page/4/,03 Apr 2025 - First stage,2025-04-03,FearX,Dplus Kia,BNK FEARX,Dplus Kia,1-2,1.0,2.0,7.38,1.12,0.131765,0.868235,BNK FEARX,Dplus Kia,True,BO3,0.2275429988996521,0.7724570011003479,0.2275429988996521,True
LCK_20240119_DN SOOPers|T1,LCK,2024,2024-01-19,T1,DN SOOPers,T1,DN SOOPers,2-0,2,0,2,DN SOOPers|T1,4.0,https://www.oddsportal.com/esports/league-of-legends/league-of-legends-lck-2024/results/#/page/4/,19 Jan 2024 - Spring Season,2024-01-19,T1,DN SOOPers,T1,DN SOOPers,2-0,2.0,0.0,1.06,10.6,0.909091,0.090909,T1,DN SOOPers,True,BO3,0.8140102245173586,0.1859897754826414,0.8140102245173586,True
LCK_20250404_Hanwha Life Esports|KT Rolster,LCK,2025,2025-04-04,Hanwha Life Esports,KT Rolster,Hanwha Life Esports,KT Rolster,3-0,3,0,3,Hanwha Life Esports|KT Rolster,4.0,https://www.oddsportal.com/esports/league-of-legends/league-of-legends-lck-2025/results/#/page/4/,04 Apr 2025 - First stage,2025-04-04,Hanwha Life,KT Rolster,Hanwha Life Esports,KT Rolster,2-1,2.0,1.0,1.1,7.34,0.869668,0.130332,Hanwha Life Esports,KT Rolster,True,BO3,0.7738186851000997,0.22618131489990034,0.7738186851000997,True
LCK_20250404_KRX|T1,LCK,2025,2025-04-04,DRX,T1,T1,DRX,2-0,2,0,2,KRX|T1,4.0,https://www.oddsportal.com/esports/league-of-legends/league-of-legends-lck-2025/results/#/page/4/,04 Apr 2025 - First stage,2025-04-04,KRX,T1,KRX,T1,0-2,0.0,2.0,6.6,1.08,0.140625,0.859375,KRX,T1,True,BO3,0.2358386713226293,0.7641613286773707,0.2358386713226293,True
LCK_20250405_BNK FEARX|HANJIN BRION,LCK,2025,2025-04-05,HANJIN BRION,BNK FEARX,HANJIN BRION,BNK FEARX,2-1,2,1,3,BNK FEARX|HANJIN BRION,4.0,https://www.oddsportal.com/esports/league-of-legends/league-of-legends-lck-2025/results/#/page/4/,05 Apr 2025 - First stage,2025-04-05,OKSavingsBank Brion,FearX,HANJIN BRION,BNK FEARX,1-2,1.0,2.0,1.8,2.08,0.536082,0.463918,HANJIN BRION,BNK FEARX,True,BO3,0.5240732679919914,0.4759267320080086,0.5240732679919914,True
LCK_20250405_DN SOOPers|Nongshim RedForce,LCK,2025,2025-04-05,DN SOOPers,Nongshim RedForce,Nongshim RedForce,DN SOOPers,2-0,2,0,2,DN SOOPers|Nongshim RedForce,4.0,https://www.oddsportal.com/esports/league-of-legends/league-of-legends-lck-2025/results/#/page/4/,05 Apr 2025 - First stage,2025-04-05,DN SOOPers,Nongshim RedForce,DN SOOPers,Nongshim RedForce,0-2,0.0,2.0,5.22,1.2,0.186916,0.813084,DN SOOPers,Nongshim RedForce,True,BO3,0.27636446536834175,0.7236355346316583,0.27636446536834175,True
LCK_20250406_Dplus Kia|KT Rolster,LCK,2025,2025-04-06,KT Rolster,Dplus Kia,Dplus Kia,KT Rolster,2-0,2,0,2,Dplus Kia|KT Rolster,4.0,https://www.oddsportal.com/esports/league-of-legends/league-of-legends-lck-2025/results/#/page/4/,06 Apr 2025 - First stage,2025-04-06,KT Rolster,Dplus Kia,KT Rolster,Dplus Kia,0-2,0.0,2.0,3.63,1.31,0.265182,0.734818,KT Rolster,Dplus Kia,True,BO3,0.3377608171147869,0.6622391828852131,0.3377608171147869,True
LCK_20250406_Gen.G|T1,LCK,2025,2025-04-06,T1,Gen.G,T1,Gen.G,2-1,2,1,3,Gen.G|T1,4.0,https://www.oddsportal.com/esports/league-of-legends/league-of-legends-lck-2025/results/#/page/4/,06 Apr 2025 - First stage,2025-04-06,T1,Gen.G,T1,Gen.G,1-2,1.0,2.0,2.55,1.57,0.381068,0.618932,T1,Gen.G,True,BO3,0.4200301036980453,0.5799698963019547,0.4200301036980453,True
LCK_20240120_Gen.G|Nongshim RedForce,LCK,2024,2024-01-20,Nongshim RedForce,Gen.G,Nongshim RedForce,Gen.G,1-1,1,1,2,Gen.G|Nongshim RedForce,4.0,https://www.oddsportal.com/esports/league-of-legends/league-of-legends-lck-2024/results/#/page/4/,20 Jan 2024 - Spring Season,2024-01-20,Nongshim RedForce,Gen.G,Nongshim RedForce,Gen.G,0-2,0.0,2.0,13.5,1.03,0.070888,0.929112,Nongshim RedForce,Gen.G,True,BO3,0.16280749616411014,0.8371925038358898,0.16280749616411014,True
LCK_20240121_DN SOOPers|Hanwha Life Esports,LCK,2024,2024-01-21,Hanwha Life Esports,DN SOOPers,Hanwha Life Esports,DN SOOPers,2-0,2,0,2,DN SOOPers|Hanwha Life Esports,4.0,https://www.oddsportal.com/esports/league-of-legends/league-of-legends-lck-2024/results/#/page/4/,21 Jan 2024 - Spring Season,2024-01-21,DN SOOPers,Hanwha Life,DN SOOPers,Hanwha Life Esports,0-2,0.0,2.0,9.45,1.1,0.104265,0.895735,DN SOOPers,Hanwha Life Esports,False,BO3,0.2002758989849512,0.7997241010150488,0.7997241010150488,True
LCK_20240121_Dplus Kia|KT Rolster,LCK,2024,2024-01-21,Dplus Kia,KT Rolster,Dplus Kia,KT Rolster,2-1,2,1,3,Dplus Kia|KT Rolster,4.0,https://www.oddsportal.com/esports/league-of-legends/league-of-legends-lck-2024/results/#/page/4/,21 Jan 2024 - Spring Season,2024-01-21,Dplus Kia,KT Rolster,Dplus Kia,KT Rolster,1-2,1.0,2.0,1.72,2.3,0.572139,0.427861,Dplus Kia,KT Rolster,True,BO3,0.5482423676240016,0.4517576323759984,0.5482423676240016,True
LCK_20250507_BNK FEARX|HANJIN BRION,LCK,2025,2025-05-07,BNK FEARX,HANJIN BRION,BNK FEARX,HANJIN BRION,3-0,3,0,3,BNK FEARX|HANJIN BRION,3.0,https://www.oddsportal.com/esports/league-of-legends/league-of-legends-lck-2025/results/#/page/3/,07 May 2025 - First stage,2025-05-07,FearX,OKSavingsBank Brion,BNK FEARX,HANJIN BRION,2-1,2.0,1.0,1.8,2.1,0.538462,0.461538,BNK FEARX,HANJIN BRION,True,BO3,0.5256638708062388,0.4743361291937612,0.5256638708062388,True
LCK_20250507_Dplus Kia|KT Rolster,LCK,2025,2025-05-07,Dplus Kia,KT Rolster,KT Rolster,Dplus Kia,2-0,2,0,2,Dplus Kia|KT Rolster,3.0,https://www.oddsportal.com/esports/league-of-legends/league-of-legends-lck-2025/results/#/page/3/,07 May 2025 - First stage,2025-05-07,Dplus Kia,KT Rolster,Dplus Kia,KT Rolster,0-2,0.0,2.0,1.3,4.3,0.767857,0.232143,Dplus Kia,KT Rolster,True,BO3,0.6873375745328222,0.3126624254671778,0.6873375745328222,True
LCK_20250508_KRX|T1,LCK,2025,2025-05-08,T1,DRX,T1,DRX,1-1,1,1,2,KRX|T1,3.0,https://www.oddsportal.com/esports/league-of-legends/league-of-legends-lck-2025/results/#/page/3/,08 May 2025 - First stage,2025-05-08,T1,KRX,T1,KRX,2-0,2.0,0.0,1.1,8.3,0.882979,0.117021,T1,KRX,True,BO3,0.7867602918695231,0.21323970813047688,0.7867602918695231,True
LCK_20250508_Gen.G|Nongshim RedForce,LCK,2025,2025-05-08,Nongshim RedForce,Gen.G,Gen.G,Nongshim RedForce,2-0,2,0,2,Gen.G|Nongshim RedForce,3.0,https://www.oddsportal.com/esports/league-of-legends/league-of-legends-lck-2025/results/#/page/3/,08 May 2025 - First stage,2025-05-08,Nongshim RedForce,Gen.G,Nongshim RedForce,Gen.G,0-2,0.0,2.0,7.34,1.09,0.1293,0.8707,Nongshim RedForce,Gen.G,True,BO3,0.22519707138263434,0.7748029286173657,0.22519707138263434,True
LCK_20250509_DN SOOPers|KT Rolster,LCK,2025,2025-05-09,DN SOOPers,KT Rolster,KT Rolster,DN SOOPers,2-0,2,0,2,DN SOOPers|KT Rolster,3.0,https://www.oddsportal.com/esports/league-of-legends/league-of-legends-lck-2025/results/#/page/3/,09 May 2025 - First stage,2025-05-09,DN SOOPers,KT Rolster,DN SOOPers,KT Rolster,0-2,0.0,2.0,4.3,1.3,0.232143,0.767857,DN SOOPers,KT Rolster,True,BO3,0.3126624254671777,0.6873375745328223,0.3126624254671777,True
LCK_20240120_BNK FEARX|HANJIN BRION,LCK,2024,2024-01-20,HANJIN BRION,BNK FEARX,HANJIN BRION,BNK FEARX,1-1,1,1,2,BNK FEARX|HANJIN BRION,4.0,https://www.oddsportal.com/esports/league-of-legends/league-of-legends-lck-2024/results/#/page/4/,20 Jan 2024 - Spring Season,2024-01-20,OKSavingsBank Brion,FearX,HANJIN BRION,BNK FEARX,0-2,0.0,2.0,2.17,1.72,0.442159,0.557841,HANJIN BRION,BNK FEARX,True,BO3,0.46136242590503695,0.538637574094963,0.46136242590503695,True
LCK_20250509_HANJIN BRION|Hanwha Life Esports,LCK,2025,2025-05-09,HANJIN BRION,Hanwha Life Esports,Hanwha Life Esports,HANJIN BRION,2-0,2,0,2,HANJIN BRION|Hanwha Life Esports,3.0,https://www.oddsportal.com/esports/league-of-legends/league-of-legends-lck-2025/results/#/page/3/,09 May 2025 - First stage,2025-05-09,OKSavingsBank Brion,Hanwha Life,HANJIN BRION,Hanwha Life Esports,0-2,0.0,2.0,11.8,1.03,0.080281,0.919719,HANJIN BRION,Hanwha Life Esports,True,BO3,0.17398729936600701,0.826012700633993,0.17398729936600701,True
LCK_20250510_Dplus Kia|T1,LCK,2025,2025-05-10,Dplus Kia,T1,T1,Dplus Kia,2-0,2,0,2,Dplus Kia|T1,3.0,https://www.oddsportal.com/esports/league-of-legends/league-of-legends-lck-2025/results/#/page/3/,10 May 2025 - First stage,2025-05-10,Dplus Kia,T1,Dplus Kia,T1,0-2,0.0,2.0,2.72,1.5,0.35545,0.64455,Dplus Kia,T1,True,BO3,0.40239346542828147,0.5976065345717185,0.40239346542828147,True
LCK_20250510_BNK FEARX|Gen.G,LCK,2025,2025-05-10,Gen.G,BNK FEARX,Gen.G,BNK FEARX,1-1,1,1,2,BNK FEARX|Gen.G,3.0,https://www.oddsportal.com/esports/league-of-legends/league-of-legends-lck-2025/results/#/page/3/,10 May 2025 - First stage,2025-05-10,Gen.G,FearX,Gen.G,BNK FEARX,2-0,2.0,0.0,1.06,10.0,0.904159,0.095841,Gen.G,BNK FEARX,True,BO3,0.8086402792027165,0.19135972079728347,0.8086402792027165,True
LCK_20250511_DN SOOPers|Nongshim RedForce,LCK,2025,2025-05-11,Nongshim RedForce,DN SOOPers,Nongshim RedForce,DN SOOPers,2-1,2,1,3,DN SOOPers|Nongshim RedForce,3.0,https://www.oddsportal.com/esports/league-of-legends/league-of-legends-lck-2025/results/#/page/3/,11 May 2025 - First stage,2025-05-11,Nongshim RedForce,DN SOOPers,Nongshim RedForce,DN SOOPers,1-2,1.0,2.0,1.2,5.8,0.828571,0.171429,Nongshim RedForce,DN SOOPers,True,BO3,0.7367379191460782,0.2632620808539218,0.7367379191460782,True
LCK_20250511_Hanwha Life Esports|KRX,LCK,2025,2025-05-11,Hanwha Life Esports,DRX,Hanwha Life Esports,DRX,1-1,1,1,2,Hanwha Life Esports|KRX,3.0,https://www.oddsportal.com/esports/league-of-legends/league-of-legends-lck-2025/results/#/page/3/,11 May 2025 - First stage,2025-05-11,Hanwha Life,KRX,Hanwha Life Esports,KRX,2-0,2.0,0.0,1.04,12.7,0.924309,0.075691,Hanwha Life Esports,KRX,True,BO3,0.8314019574423607,0.16859804255763933,0.8314019574423607,True
LCK_20250514_BNK FEARX|Nongshim RedForce,LCK,2025,2025-05-14,BNK FEARX,Nongshim RedForce,BNK FEARX,Nongshim RedForce,2-1,2,1,3,BNK FEARX|Nongshim RedForce,3.0,https://www.oddsportal.com/esports/league-of-legends/league-of-legends-lck-2025/results/#/page/3/,14 May 2025 - First stage,2025-05-14,FearX,Nongshim RedForce,BNK FEARX,Nongshim RedForce,1-2,1.0,2.0,2.18,1.73,0.442455,0.557545,BNK FEARX,Nongshim RedForce,True,BO3,0.46156093856653374,0.5384390614334662,0.46156093856653374,True
LCK_20250514_Dplus Kia|KRX,LCK,2025,2025-05-14,DRX,Dplus Kia,DRX,Dplus Kia,2-1,2,1,3,Dplus Kia|KRX,3.0,https://www.oddsportal.com/esports/league-of-legends/league-of-legends-lck-2025/results/#/page/3/,14 May 2025 - First stage,2025-05-14,KRX,Dplus Kia,KRX,Dplus Kia,1-2,1.0,2.0,4.3,1.24,0.223827,0.776173,KRX,Dplus Kia,True,BO3,0.30617595258946395,0.693824047410536,0.30617595258946395,True
LCK_20250516_BNK FEARX|Dplus Kia,LCK,2025,2025-05-16,Dplus Kia,BNK FEARX,Dplus Kia,BNK FEARX,1-1,1,1,2,BNK FEARX|Dplus Kia,3.0,https://www.oddsportal.com/esports/league-of-legends/league-of-legends-lck-2025/results/#/page/3/,16 May 2025 - First stage,2025-05-16,Dplus Kia,FearX,Dplus Kia,BNK FEARX,2-0,2.0,0.0,1.45,3.66,0.716243,0.283757,Dplus Kia,BNK FEARX,True,BO3,0.6485310883464873,0.3514689116535127,0.6485310883464873,True
LCK_20250516_DN SOOPers|Gen.G,LCK,2025,2025-05-16,DN SOOPers,Gen.G,Gen.G,DN SOOPers,2-0,2,0,2,DN SOOPers|Gen.G,3.0,https://www.oddsportal.com/esports/league-of-legends/league-of-legends-lck-2025/results/#/page/3/,16 May 2025 - First stage,2025-05-16,DN SOOPers,Gen.G,DN SOOPers,Gen.G,0-2,0.0,2.0,14.5,1.02,0.065722,0.934278,DN SOOPers,Gen.G,True,BO3,0.15638800960345373,0.8436119903965462,0.15638800960345373,True
LCK_20250517_KRX|Nongshim RedForce,LCK,2025,2025-05-17,DRX,Nongshim RedForce,DRX,Nongshim RedForce,2-1,2,1,3,KRX|Nongshim RedForce,3.0,https://www.oddsportal.com/esports/league-of-legends/league-of-legends-lck-2025/results/#/page/3/,17 May 2025 - First stage,2025-05-17,KRX,Nongshim RedForce,KRX,Nongshim RedForce,1-2,1.0,2.0,3.52,1.45,0.291751,0.708249,KRX,Nongshim RedForce,True,BO3,0.35729224643585566,0.6427077535641443,0.35729224643585566,True
LCK_20250515_Hanwha Life Esports|KT Rolster,LCK,2025,2025-05-15,KT Rolster,Hanwha Life Esports,Hanwha Life Esports,KT Rolster,2-1,2,1,3,Hanwha Life Esports|KT Rolster,3.0,https://www.oddsportal.com/esports/league-of-legends/league-of-legends-lck-2025/results/#/page/3/,15 May 2025 - First stage,2025-05-15,KT Rolster,Hanwha Life,KT Rolster,Hanwha Life Esports,2-1,2.0,1.0,7.38,1.11,0.130742,0.869258,KT Rolster,Hanwha Life Esports,True,BO3,0.2265715009765916,0.7734284990234084,0.2265715009765916,True
LCK_20250515_HANJIN BRION|T1,LCK,2025,2025-05-15,T1,HANJIN BRION,T1,HANJIN BRION,3-0,3,0,3,HANJIN BRION|T1,3.0,https://www.oddsportal.com/esports/league-of-legends/league-of-legends-lck-2025/results/#/page/3/,15 May 2025 - First stage,2025-05-15,T1,OKSavingsBank Brion,T1,HANJIN BRION,2-1,2.0,1.0,1.36,6.3,0.822454,0.177546,T1,HANJIN BRION,True,BO3,0.7315146057087164,0.2684853942912836,0.7315146057087164,True
LCK_20250517_HANJIN BRION|KT Rolster,LCK,2025,2025-05-17,KT Rolster,HANJIN BRION,KT Rolster,HANJIN BRION,3-0,3,0,3,HANJIN BRION|KT Rolster,3.0,https://www.oddsportal.com/esports/league-of-legends/league-of-legends-lck-2025/results/#/page/3/,17 May 2025 - First stage,2025-05-17,KT Rolster,OKSavingsBank Brion,KT Rolster,HANJIN BRION,2-1,2.0,1.0,1.35,2.94,0.685315,0.314685,KT Rolster,HANJIN BRION,True,BO3,0.6262248026887167,0.3737751973112833,0.6262248026887167,True
LCK_20250518_DN SOOPers|Hanwha Life Esports,LCK,2025,2025-05-18,Hanwha Life Esports,DN SOOPers,Hanwha Life Esports,DN SOOPers,1-1,1,1,2,DN SOOPers|Hanwha Life Esports,3.0,https://www.oddsportal.com/esports/league-of-legends/league-of-legends-lck-2025/results/#/page/3/,18 May 2025 - First stage,2025-05-18,Hanwha Life,DN SOOPers,Hanwha Life Esports,DN SOOPers,2-0,2.0,0.0,1.03,14.6,0.934101,0.065899,Hanwha Life Esports,DN SOOPers,True,BO3,0.843388518365666,0.15661148163433403,0.843388518365666,True
LCK_20250518_Gen.G|T1,LCK,2025,2025-05-18,Gen.G,T1,Gen.G,T1,1-1,1,1,2,Gen.G|T1,3.0,https://www.oddsportal.com/esports/league-of-legends/league-of-legends-lck-2025/results/#/page/3/,18 May 2025 - First stage,2025-05-18,Gen.G,T1,Gen.G,T1,2-0,2.0,0.0,1.38,3.2,0.69869,0.30131,Gen.G,T1,True,BO3,0.6357990998847839,0.3642009001152161,0.6357990998847839,True
LCK_20240124_BNK FEARX|Hanwha Life Esports,LCK,2024,2024-01-24,BNK FEARX,Hanwha Life Esports,BNK FEARX,Hanwha Life Esports,1-1,1,1,2,BNK FEARX|Hanwha Life Esports,4.0,https://www.oddsportal.com/esports/league-of-legends/league-of-legends-lck-2024/results/#/page/4/,24 Jan 2024 - Spring Season,2024-01-24,FearX,Hanwha Life,BNK FEARX,Hanwha Life Esports,0-2,0.0,2.0,9.45,1.08,0.102564,0.897436,BNK FEARX,Hanwha Life Esports,True,BO3,0.19849994055016867,0.8015000594498314,0.19849994055016867,True
LCK_20240124_DN SOOPers|KT Rolster,LCK,2024,2024-01-24,KT Rolster,DN SOOPers,DN SOOPers,KT Rolster,2-1,2,1,3,DN SOOPers|KT Rolster,4.0,https://www.oddsportal.com/esports/league-of-legends/league-of-legends-lck-2024/results/#/page/4/,24 Jan 2024 - Spring Season,2024-01-24,DN SOOPers,KT Rolster,DN SOOPers,KT Rolster,2-1,2.0,1.0,6.15,1.14,0.156379,0.843621,DN SOOPers,KT Rolster,False,BO3,0.2501146491434448,0.7498853508565553,0.7498853508565553,True
LCK_20250806_Hanwha Life Esports|Nongshim RedForce,LCK,2025,2025-08-06,Hanwha Life Esports,Nongshim RedForce,Hanwha Life Esports,Nongshim RedForce,1-1,1,1,2,Hanwha Life Esports|Nongshim RedForce,2.0,https://www.oddsportal.com/esports/league-of-legends/league-of-legends-lck-2025/results/#/page/2/,06 Aug 2025 - Second stage,2025-08-06,Hanwha Life,Nongshim RedForce,Hanwha Life Esports,Nongshim RedForce,2-0,2.0,0.0,1.09,8.3,0.883919,0.116081,Hanwha Life Esports,Nongshim RedForce,True,BO3,0.7876956150859445,0.21230438491405546,0.7876956150859445,True
LCK_20250806_BNK FEARX|HANJIN BRION,LCK,2025,2025-08-06,HANJIN BRION,BNK FEARX,BNK FEARX,HANJIN BRION,2-0,2,0,2,BNK FEARX|HANJIN BRION,2.0,https://www.oddsportal.com/esports/league-of-legends/league-of-legends-lck-2025/results/#/page/2/,06 Aug 2025 - Second stage,2025-08-06,OKSavingsBank Brion,FearX,HANJIN BRION,BNK FEARX,0-2,0.0,2.0,1.87,2.0,0.516796,0.483204,HANJIN BRION,BNK FEARX,True,BO3,0.511199206172384,0.488800793827616,0.511199206172384,True
LCK_20250807_DN SOOPers|KRX,LCK,2025,2025-08-07,DRX,DN SOOPers,DRX,DN SOOPers,2-1,2,1,3,DN SOOPers|KRX,2.0,https://www.oddsportal.com/esports/league-of-legends/league-of-legends-lck-2025/results/#/page/2/,07 Aug 2025 - Second stage,2025-08-07,KRX,DN SOOPers,KRX,DN SOOPers,1-2,1.0,2.0,1.5,3.5,0.7,0.3,KRX,DN SOOPers,True,BO3,0.6367425089095304,0.36325749109046956,0.6367425089095304,True
LCK_20250807_Gen.G|T1,LCK,2025,2025-08-07,Gen.G,T1,T1,Gen.G,2-1,2,1,3,Gen.G|T1,2.0,https://www.oddsportal.com/esports/league-of-legends/league-of-legends-lck-2025/results/#/page/2/,07 Aug 2025 - Second stage,2025-08-07,Gen.G,T1,Gen.G,T1,2-1,2.0,1.0,1.55,2.5,0.617284,0.382716,Gen.G,T1,True,BO3,0.5788428021839316,0.4211571978160684,0.5788428021839316,True
LCK_20250808_BNK FEARX|Dplus Kia,LCK,2025,2025-08-08,BNK FEARX,Dplus Kia,BNK FEARX,Dplus Kia,1-1,1,1,2,BNK FEARX|Dplus Kia,2.0,https://www.oddsportal.com/esports/league-of-legends/league-of-legends-lck-2025/results/#/page/2/,08 Aug 2025 - Second stage,2025-08-08,FearX,Dplus Kia,BNK FEARX,Dplus Kia,2-0,2.0,0.0,3.52,1.33,0.274227,0.725773,BNK FEARX,Dplus Kia,True,BO3,0.3444682204558151,0.6555317795441848,0.3444682204558151,True
LCK_20250808_Hanwha Life Esports|KT Rolster,LCK,2025,2025-08-08,KT Rolster,Hanwha Life Esports,Hanwha Life Esports,KT Rolster,2-0,2,0,2,Hanwha Life Esports|KT Rolster,1.0,https://www.oddsportal.com/esports/league-of-legends/league-of-legends-lck-2025/results/,08 Aug 2025 - Second stage,2025-08-08,KT Rolster,Hanwha Life,KT Rolster,Hanwha Life Esports,0-2,0.0,2.0,3.8,1.31,0.25636,0.74364,KT Rolster,Hanwha Life Esports,True,BO3,0.33115531556986055,0.6688446844301394,0.33115531556986055,True
LCK_20250809_HANJIN BRION|KRX,LCK,2025,2025-08-09,DRX,HANJIN BRION,DRX,HANJIN BRION,2-1,2,1,3,HANJIN BRION|KRX,1.0,https://www.oddsportal.com/esports/league-of-legends/league-of-legends-lck-2025/results/,09 Aug 2025 - Second stage,2025-08-09,KRX,OKSavingsBank Brion,KRX,HANJIN BRION,1-2,1.0,2.0,2.36,1.73,0.422983,0.577017,KRX,HANJIN BRION,True,BO3,0.44847292477483636,0.5515270752251636,0.44847292477483636,True
LCK_20240125_Dplus Kia|Nongshim RedForce,LCK,2024,2024-01-25,Dplus Kia,Nongshim RedForce,Dplus Kia,Nongshim RedForce,1-1,1,1,2,Dplus Kia|Nongshim RedForce,4.0,https://www.oddsportal.com/esports/league-of-legends/league-of-legends-lck-2024/results/#/page/4/,25 Jan 2024 - Spring Season,2024-01-25,Dplus Kia,Nongshim RedForce,Dplus Kia,Nongshim RedForce,2-0,2.0,0.0,1.1,7.95,0.878453,0.121547,Dplus Kia,Nongshim RedForce,True,BO3,0.7822978778889534,0.21770212211104656,0.7822978778889534,True
LCK_20250809_Nongshim RedForce|T1,LCK,2025,2025-08-09,Nongshim RedForce,T1,T1,Nongshim RedForce,2-0,2,0,2,Nongshim RedForce|T1,1.0,https://www.oddsportal.com/esports/league-of-legends/league-of-legends-lck-2025/results/,09 Aug 2025 - Second stage,2025-08-09,Nongshim RedForce,T1,Nongshim RedForce,T1,0-2,0.0,2.0,7.2,1.14,0.136691,0.863309,Nongshim RedForce,T1,True,BO3,0.23218079824585283,0.7678192017541472,0.23218079824585283,True
LCK_20240125_Gen.G|HANJIN BRION,LCK,2024,2024-01-25,HANJIN BRION,Gen.G,Gen.G,HANJIN BRION,2-0,2,0,2,Gen.G|HANJIN BRION,4.0,https://www.oddsportal.com/esports/league-of-legends/league-of-legends-lck-2024/results/#/page/4/,25 Jan 2024 - Spring Season,2024-01-25,OKSavingsBank Brion,Gen.G,HANJIN BRION,Gen.G,0-2,0.0,2.0,15.5,1.03,0.062311,0.937689,HANJIN BRION,Gen.G,True,BO3,0.15202924090558628,0.8479707590944137,0.15202924090558628,True
LCK_20250810_Gen.G|KT Rolster,LCK,2025,2025-08-10,KT Rolster,Gen.G,Gen.G,KT Rolster,2-0,2,0,2,Gen.G|KT Rolster,1.0,https://www.oddsportal.com/esports/league-of-legends/league-of-legends-lck-2025/results/,10 Aug 2025 - Second stage,2025-08-10,KT Rolster,Gen.G,KT Rolster,Gen.G,0-2,0.0,2.0,8.4,1.09,0.114858,0.885142,KT Rolster,Gen.G,True,BO3,0.21108294346661052,0.7889170565333895,0.21108294346661052,True
LCK_20250810_DN SOOPers|Dplus Kia,LCK,2025,2025-08-10,DN SOOPers,Dplus Kia,Dplus Kia,DN SOOPers,2-0,2,0,2,DN SOOPers|Dplus Kia,1.0,https://www.oddsportal.com/esports/league-of-legends/league-of-legends-lck-2025/results/,10 Aug 2025 - Second stage,2025-08-10,DN SOOPers,Dplus Kia,DN SOOPers,Dplus Kia,0-2,0.0,2.0,8.3,1.2,0.126316,0.873684,DN SOOPers,Dplus Kia,True,BO3,0.2223337948111269,0.7776662051888731,0.2223337948111269,True
LCK_20250814_Dplus Kia|KRX,LCK,2025,2025-08-14,Dplus Kia,DRX,Dplus Kia,DRX,1-1,1,1,2,Dplus Kia|KRX,1.0,https://www.oddsportal.com/esports/league-of-legends/league-of-legends-lck-2025/results/,14 Aug 2025 - Second stage,2025-08-14,Dplus Kia,KRX,Dplus Kia,KRX,2-0,2.0,0.0,1.3,3.6,0.734694,0.265306,Dplus Kia,KRX,True,BO3,0.6621467945378007,0.3378532054621993,0.6621467945378007,True
LCK_20250813_KT Rolster|T1,LCK,2025,2025-08-13,T1,KT Rolster,T1,KT Rolster,1-1,1,1,2,KT Rolster|T1,1.0,https://www.oddsportal.com/esports/league-of-legends/league-of-legends-lck-2025/results/,13 Aug 2025 - Second stage,2025-08-13,T1,KT Rolster,T1,KT Rolster,2-0,2.0,0.0,1.12,6.4,0.851064,0.148936,T1,KT Rolster,True,BO3,0.7565591991414566,0.24344080085854336,0.7565591991414566,True
LCK_20250813_BNK FEARX|DN SOOPers,LCK,2025,2025-08-13,BNK FEARX,DN SOOPers,BNK FEARX,DN SOOPers,3-0,3,0,3,BNK FEARX|DN SOOPers,1.0,https://www.oddsportal.com/esports/league-of-legends/league-of-legends-lck-2025/results/,13 Aug 2025 - Second stage,2025-08-13,FearX,DN SOOPers,BNK FEARX,DN SOOPers,2-1,2.0,1.0,1.28,4.7,0.785953,0.214047,BNK FEARX,DN SOOPers,True,BO3,0.7015523008304823,0.29844769916951774,0.7015523008304823,True
LCK_20250814_Gen.G|Nongshim RedForce,LCK,2025,2025-08-14,Gen.G,Nongshim RedForce,Gen.G,Nongshim RedForce,1-1,1,1,2,Gen.G|Nongshim RedForce,1.0,https://www.oddsportal.com/esports/league-of-legends/league-of-legends-lck-2025/results/,14 Aug 2025 - Second stage,2025-08-14,Gen.G,Nongshim RedForce,Gen.G,Nongshim RedForce,2-0,2.0,0.0,1.03,13.0,0.926586,0.073414,Gen.G,Nongshim RedForce,True,BO3,0.8341269349502459,0.16587306504975408,0.8341269349502459,True
LCK_20250815_DN SOOPers|HANJIN BRION,LCK,2025,2025-08-15,HANJIN BRION,DN SOOPers,HANJIN BRION,DN SOOPers,2-1,2,1,3,DN SOOPers|HANJIN BRION,1.0,https://www.oddsportal.com/esports/league-of-legends/league-of-legends-lck-2025/results/,15 Aug 2025 - Second stage,2025-08-15,OKSavingsBank Brion,DN SOOPers,HANJIN BRION,DN SOOPers,1-2,1.0,2.0,1.31,3.6,0.733198,0.266802,HANJIN BRION,DN SOOPers,True,BO3,0.6610331453500286,0.33896685464997145,0.6610331453500286,True
LCK_20250815_Hanwha Life Esports|T1,LCK,2025,2025-08-15,Hanwha Life Esports,T1,T1,Hanwha Life Esports,2-0,2,0,2,Hanwha Life Esports|T1,1.0,https://www.oddsportal.com/esports/league-of-legends/league-of-legends-lck-2025/results/,15 Aug 2025 - Second stage,2025-08-15,Hanwha Life,T1,Hanwha Life Esports,T1,0-2,0.0,2.0,2.9,1.42,0.328704,0.671296,Hanwha Life Esports,T1,True,BO3,0.3837055851621719,0.6162944148378281,0.3837055851621719,True
LCK_20250816_BNK FEARX|KRX,LCK,2025,2025-08-16,DRX,BNK FEARX,DRX,BNK FEARX,3-0,3,0,3,BNK FEARX|KRX,1.0,https://www.oddsportal.com/esports/league-of-legends/league-of-legends-lck-2025/results/,16 Aug 2025 - Second stage,2025-08-16,KRX,FearX,KRX,BNK FEARX,2-1,2.0,1.0,2.8,1.55,0.356322,0.643678,KRX,BNK FEARX,True,BO3,0.40299768209455933,0.5970023179054407,0.40299768209455933,True
LCK_20250817_Gen.G|Hanwha Life Esports,LCK,2025,2025-08-17,Hanwha Life Esports,Gen.G,Hanwha Life Esports,Gen.G,2-1,2,1,3,Gen.G|Hanwha Life Esports,1.0,https://www.oddsportal.com/esports/league-of-legends/league-of-legends-lck-2025/results/,17 Aug 2025 - Second stage,2025-08-17,Hanwha Life,Gen.G,Hanwha Life Esports,Gen.G,1-2,1.0,2.0,5.0,1.18,0.190939,0.809061,Hanwha Life Esports,Gen.G,True,BO3,0.2797047659500517,0.7202952340499482,0.2797047659500517,True
LCK_20250817_Dplus Kia|HANJIN BRION,LCK,2025,2025-08-17,HANJIN BRION,Dplus Kia,HANJIN BRION,Dplus Kia,1-1,1,1,2,Dplus Kia|HANJIN BRION,1.0,https://www.oddsportal.com/esports/league-of-legends/league-of-legends-lck-2025/results/,17 Aug 2025 - Second stage,2025-08-17,OKSavingsBank Brion,Dplus Kia,HANJIN BRION,Dplus Kia,2-0,2.0,0.0,3.25,1.34,0.291939,0.708061,HANJIN BRION,Dplus Kia,True,BO3,0.35742868359168983,0.6425713164083102,0.35742868359168983,True
LCK_20250816_KT Rolster|Nongshim RedForce,LCK,2025,2025-08-16,Nongshim RedForce,KT Rolster,Nongshim RedForce,KT Rolster,2-1,2,1,3,KT Rolster|Nongshim RedForce,1.0,https://www.oddsportal.com/esports/league-of-legends/league-of-legends-lck-2025/results/,16 Aug 2025 - Second stage,2025-08-16,Nongshim RedForce,KT Rolster,Nongshim RedForce,KT Rolster,1-2,1.0,2.0,2.8,1.45,0.341176,0.658824,Nongshim RedForce,KT Rolster,True,BO3,0.392459043567521,0.607540956432479,0.392459043567521,True
LCK_20240126_KT Rolster|T1,LCK,2024,2024-01-26,KT Rolster,T1,KT Rolster,T1,2-1,2,1,3,KT Rolster|T1,4.0,https://www.oddsportal.com/esports/league-of-legends/league-of-legends-lck-2024/results/#/page/4/,26 Jan 2024 - Spring Season,2024-01-26,KT Rolster,T1,KT Rolster,T1,1-2,1.0,2.0,5.08,1.2,0.191083,0.808917,KT Rolster,T1,True,BO3,0.27982387486986776,0.7201761251301322,0.27982387486986776,True
LCK_20240126_BNK FEARX|KRX,LCK,2024,2024-01-26,BNK FEARX,DRX,BNK FEARX,DRX,2-1,2,1,3,BNK FEARX|KRX,4.0,https://www.oddsportal.com/esports/league-of-legends/league-of-legends-lck-2024/results/#/page/4/,26 Jan 2024 - Spring Season,2024-01-26,KRX,FearX,KRX,BNK FEARX,1-2,1.0,2.0,2.17,1.72,0.442159,0.557841,KRX,BNK FEARX,False,BO3,0.46136242590503695,0.538637574094963,0.538637574094963,True
LCK_20240127_Dplus Kia|Gen.G,LCK,2024,2024-01-27,Gen.G,Dplus Kia,Dplus Kia,Gen.G,2-1,2,1,3,Dplus Kia|Gen.G,4.0,https://www.oddsportal.com/esports/league-of-legends/league-of-legends-lck-2024/results/#/page/4/,27 Jan 2024 - Spring Season,2024-01-27,Gen.G,Dplus Kia,Gen.G,Dplus Kia,2-1,2.0,1.0,1.24,4.2,0.772059,0.227941,Gen.G,Dplus Kia,True,BO3,0.6906057493746031,0.30939425062539694,0.6906057493746031,True
LCK_20240127_DN SOOPers|Nongshim RedForce,LCK,2024,2024-01-27,DN SOOPers,Nongshim RedForce,DN SOOPers,Nongshim RedForce,1-1,1,1,2,DN SOOPers|Nongshim RedForce,4.0,https://www.oddsportal.com/esports/league-of-legends/league-of-legends-lck-2024/results/#/page/4/,27 Jan 2024 - Spring Season,2024-01-27,Nongshim RedForce,DN SOOPers,Nongshim RedForce,DN SOOPers,0-2,0.0,2.0,2.34,1.63,0.410579,0.589421,Nongshim RedForce,DN SOOPers,False,BO3,0.4400994294121558,0.5599005705878441,0.5599005705878441,True
LCK_20240128_HANJIN BRION|KRX,LCK,2024,2024-01-28,DRX,HANJIN BRION,HANJIN BRION,DRX,2-1,2,1,3,HANJIN BRION|KRX,4.0,https://www.oddsportal.com/esports/league-of-legends/league-of-legends-lck-2024/results/#/page/4/,28 Jan 2024 - Spring Season,2024-01-28,KRX,OKSavingsBank Brion,KRX,HANJIN BRION,2-1,2.0,1.0,1.72,2.17,0.557841,0.442159,KRX,HANJIN BRION,True,BO3,0.5386375740949632,0.46136242590503684,0.5386375740949632,True
LCK_20240128_Hanwha Life Esports|T1,LCK,2024,2024-01-28,Hanwha Life Esports,T1,T1,Hanwha Life Esports,2-0,2,0,2,Hanwha Life Esports|T1,4.0,https://www.oddsportal.com/esports/league-of-legends/league-of-legends-lck-2024/results/#/page/4/,28 Jan 2024 - Spring Season,2024-01-28,Hanwha Life,T1,Hanwha Life Esports,T1,0-2,0.0,2.0,2.7,1.5,0.357143,0.642857,Hanwha Life Esports,T1,True,BO3,0.40356629142678013,0.5964337085732199,0.40356629142678013,True
LCS_20260207_Sentinels|Team Liquid,LCS,2026,2026-02-07,Sentinels,Team Liquid,Team Liquid,Sentinels,2-1,2,1,3,Sentinels|Team Liquid,1.0,https://www.oddsportal.com/esports/league-of-legends/league-of-legends-lcs/results/,07 Feb 2026 - Winter Season,2026-02-07 00:00:00,Team Liquid,Sentinels,Team Liquid,Sentinels,1-2,1.0,2.0,1.4,3.25,0.698925,0.301075,Team Liquid,Sentinels,False,BO3,0.6359682603195507,0.36403173968044933,0.36403173968044933,True
LCS_20260208_Disguised|Lyon Gaming,LCS,2026,2026-02-08,LYON,Disguised,Disguised,LYON,2-1,2,1,3,Disguised|Lyon Gaming,,,,,,,,,,,,,,,,,,,,,,,
LCS_20260208_Cloud9|FlyQuest,LCS,2026,2026-02-08,FlyQuest,Cloud9,Cloud9,FlyQuest,2-0,2,0,2,Cloud9|FlyQuest,1.0,https://www.oddsportal.com/esports/league-of-legends/league-of-legends-lcs/results/,08 Feb 2026 - Winter Season,2026-02-08 00:00:00,Cloud9,FlyQuest eSports,Cloud9,FlyQuest eSports,2-1,2.0,1.0,1.45,5.0,0.775194,0.224806,Cloud9,FlyQuest,False,BO3,0.6930564961672604,0.3069435038327396,0.3069435038327396,False
LCS_20260209_Cloud9|FlyQuest,LCS,2026,2026-02-09,Cloud9,FlyQuest,Cloud9,FlyQuest,1-0,1,0,1,Cloud9|FlyQuest,1.0,https://www.oddsportal.com/esports/league-of-legends/league-of-legends-lcs/results/,08 Feb 2026 - Winter Season,2026-02-08 00:00:00,Cloud9,FlyQuest eSports,Cloud9,FlyQuest eSports,2-1,2.0,1.0,1.45,5.0,0.775194,0.224806,Cloud9,FlyQuest,True,BO3,0.6930564961672604,0.3069435038327396,0.6930564961672604,False
LCS_20260209_Dignitas|Team Liquid,LCS,2026,2026-02-09,Team Liquid,Dignitas,Team Liquid,Dignitas,1-0,1,0,1,Dignitas|Team Liquid,1.0,https://www.oddsportal.com/esports/league-of-legends/league-of-legends-lcs/results/,08 Feb 2026 - Winter Season,2026-02-08 00:00:00,Dignitas,Team Liquid,Dignitas,Team Liquid,0-1,0.0,1.0,3.15,1.62,0.339623,0.660377,Dignitas,Team Liquid,False,BO1,0.339623,0.660377,0.660377,True
LCS_20260208_Dignitas|Shopify Rebellion,LCS,2026,2026-02-08,Shopify Rebellion,Dignitas,Shopify Rebellion,Dignitas,1-1,1,1,2,Dignitas|Shopify Rebellion,1.0,https://www.oddsportal.com/esports/league-of-legends/league-of-legends-lcs/results/,08 Feb 2026 - Winter Season,2026-02-08 00:00:00,Dignitas,Shopify Rebellion,Dignitas,Shopify Rebellion,2-0,2.0,0.0,2.73,1.52,0.357647,0.642353,Dignitas,Shopify Rebellion,False,BO3,0.40391522405910973,0.5960847759408903,0.5960847759408903,True
LCK_20260212_BNK FEARX|DN SOOPers,LCK,2026,2026-02-12,DN SOOPers,BNK FEARX,BNK FEARX,DN SOOPers,3-2,3,2,5,BNK FEARX|DN SOOPers,2.0,https://www.oddsportal.com/esports/league-of-legends/league-of-legends-lck/results/#/page/2/,12 Feb 2026 - Preliminary - Play Offs,2026-02-12 00:00:00,FearX,DN SOOPers,BNK FEARX,DN SOOPers,3-2,3.0,2.0,1.3,3.95,0.752381,0.247619,BNK FEARX,DN SOOPers,False,BO5,0.6420637556177544,0.3579362443822456,0.3579362443822456,True
LCK_20260213_Dplus Kia|KRX,LCK,2026,2026-02-13,Dplus Kia,Kiwoom DRX,Dplus Kia,Kiwoom DRX,3-2,3,2,5,Dplus Kia|KRX,2.0,https://www.oddsportal.com/esports/league-of-legends/league-of-legends-lck/results/#/page/2/,13 Feb 2026 - Preliminary - Play Offs,2026-02-13 00:00:00,Dplus Kia,KRX,Dplus Kia,KRX,3-2,3.0,2.0,1.16,5.62,0.828909,0.171091,Dplus Kia,KRX,True,BO5,0.6940126767558082,0.30598732324419176,0.6940126767558082,True
LCK_20260214_Dplus Kia|Gen.G,LCK,2026,2026-02-14,Dplus Kia,Gen.G,Dplus Kia,Gen.G,2-2,2,2,4,Dplus Kia|Gen.G,2.0,https://www.oddsportal.com/esports/league-of-legends/league-of-legends-lck/results/#/page/2/,14 Feb 2026 - Preliminary - Play Offs,2026-02-14 00:00:00,Gen.G,Dplus Kia,Gen.G,Dplus Kia,3-1,3.0,1.0,1.08,10.0,0.902527,0.097473,Gen.G,Dplus Kia,False,BO5,0.7558198509060621,0.24418014909393793,0.24418014909393793,True
LCS_20260214_Disguised|Sentinels,LCS,2026,2026-02-14,Sentinels,Disguised,Sentinels,Disguised,2-2,2,2,4,Disguised|Sentinels,1.0,https://www.oddsportal.com/esports/league-of-legends/league-of-legends-lcs/results/,14 Feb 2026 - Winter - Play Offs,2026-02-14 00:00:00,Sentinels,Disguised,Sentinels,Disguised,3-2,3.0,2.0,1.68,2.28,0.575758,0.424242,Sentinels,Disguised,True,BO5,0.5405821414860918,0.45941785851390815,0.5405821414860918,False
LCS_20260215_Disguised|Sentinels,LCS,2026,2026-02-15,Sentinels,Disguised,Sentinels,Disguised,1-0,1,0,1,Disguised|Sentinels,1.0,https://www.oddsportal.com/esports/league-of-legends/league-of-legends-lcs/results/,14 Feb 2026 - Winter - Play Offs,2026-02-14 00:00:00,Sentinels,Disguised,Sentinels,Disguised,3-2,3.0,2.0,1.68,2.28,0.575758,0.424242,Sentinels,Disguised,True,BO5,0.5405821414860918,0.45941785851390815,0.5405821414860918,False
LCK_20260215_BNK FEARX|T1,LCK,2026,2026-02-15,BNK FEARX,T1,BNK FEARX,T1,2-2,2,2,4,BNK FEARX|T1,2.0,https://www.oddsportal.com/esports/league-of-legends/league-of-legends-lck/results/#/page/2/,15 Feb 2026 - Preliminary - Play Offs,2026-02-15 00:00:00,T1,FearX,T1,BNK FEARX,1-3,1.0,3.0,1.13,6.3,0.847914,0.152086,T1,BNK FEARX,False,BO5,0.708446970151129,0.291553029848871,0.291553029848871,True
LCS_20260215_Cloud9|FlyQuest,LCS,2026,2026-02-15,Cloud9,FlyQuest,Cloud9,FlyQuest,3-0,3,0,3,Cloud9|FlyQuest,1.0,https://www.oddsportal.com/esports/league-of-legends/league-of-legends-lcs/results/,15 Feb 2026 - Winter - Play Offs,2026-02-15 00:00:00,Cloud9,FlyQuest eSports,Cloud9,FlyQuest eSports,3-0,3.0,0.0,1.32,3.8,0.742188,0.257812,Cloud9,FlyQuest,True,BO5,0.635680510523631,0.36431948947636905,0.635680510523631,True
LCK_20260219_DN SOOPers|KRX,LCK,2026,2026-02-19,Kiwoom DRX,DN SOOPers,DN SOOPers,Kiwoom DRX,3-1,3,1,4,DN SOOPers|KRX,2.0,https://www.oddsportal.com/esports/league-of-legends/league-of-legends-lck/results/#/page/2/,19 Feb 2026 - Preliminary - Play Offs,2026-02-19 00:00:00,DN SOOPers,KRX,DN SOOPers,KRX,3-1,3.0,1.0,1.82,2.01,0.524804,0.475196,DN SOOPers,KRX,False,BO5,0.5132349808383482,0.4867650191616518,0.4867650191616518,True
LCK_20260220_DN SOOPers|Dplus Kia,LCK,2026,2026-02-20,DN SOOPers,Dplus Kia,Dplus Kia,DN SOOPers,3-1,3,1,4,DN SOOPers|Dplus Kia,2.0,https://www.oddsportal.com/esports/league-of-legends/league-of-legends-lck/results/#/page/2/,20 Feb 2026 - Preliminary - Play Offs,2026-02-20 00:00:00,Dplus Kia,DN SOOPers,Dplus Kia,DN SOOPers,3-1,3.0,1.0,1.32,3.96,0.75,0.25,Dplus Kia,DN SOOPers,False,BO5,0.6405638352102909,0.3594361647897091,0.3594361647897091,True
LCK_20260221_BNK FEARX|Gen.G,LCK,2026,2026-02-21,Gen.G,BNK FEARX,Gen.G,BNK FEARX,3-1,3,1,4,BNK FEARX|Gen.G,2.0,https://www.oddsportal.com/esports/league-of-legends/league-of-legends-lck/results/#/page/2/,21 Feb 2026 - Preliminary - Play Offs,2026-02-21 00:00:00,Gen.G,FearX,Gen.G,BNK FEARX,3-1,3.0,1.0,1.1,10.0,0.900901,0.099099,Gen.G,BNK FEARX,True,BO5,0.7542355420858373,0.24576445791416268,0.7542355420858373,True
LCK_20260222_Dplus Kia|T1,LCK,2026,2026-02-22,Dplus Kia,T1,T1,Dplus Kia,3-2,3,2,5,Dplus Kia|T1,2.0,https://www.oddsportal.com/esports/league-of-legends/league-of-legends-lck/results/#/page/2/,22 Feb 2026 - Preliminary - Play Offs,2026-02-22 00:00:00,T1,Dplus Kia,T1,Dplus Kia,2-3,2.0,3.0,1.28,3.8,0.748031,0.251969,T1,Dplus Kia,False,BO5,0.6393275956933956,0.3606724043066044,0.3606724043066044,True
LCK_20260228_BNK FEARX|Dplus Kia,LCK,2026,2026-02-28,Dplus Kia,BNK FEARX,Dplus Kia,BNK FEARX,2-1,2,1,3,BNK FEARX|Dplus Kia,2.0,https://www.oddsportal.com/esports/league-of-legends/league-of-legends-lck/results/#/page/2/,28 Feb 2026 - Preliminary - Play Offs,2026-02-28 00:00:00,Dplus Kia,FearX,Dplus Kia,BNK FEARX,0-3,0.0,3.0,1.85,2.14,0.536341,0.463659,Dplus Kia,BNK FEARX,True,BO5,0.5194013322389136,0.4805986677610864,0.5194013322389136,True
LCK_20260301_BNK FEARX|Gen.G,LCK,2026,2026-03-01,Gen.G,BNK FEARX,Gen.G,BNK FEARX,3-0,3,0,3,BNK FEARX|Gen.G,2.0,https://www.oddsportal.com/esports/league-of-legends/league-of-legends-lck/results/#/page/2/,01 Mar 2026 - Preliminary - Play Offs,2026-03-01 00:00:00,FearX,Gen.G,BNK FEARX,Gen.G,0-3,0.0,3.0,7.0,1.14,0.140049,0.859951,BNK FEARX,Gen.G,False,BO5,0.2819609673949001,0.7180390326050998,0.7180390326050998,True
LCK_20260401_KT Rolster|T1,LCK,2026,2026-04-01,KT Rolster,T1,KT Rolster,T1,2-0,2,0,2,KT Rolster|T1,2.0,https://www.oddsportal.com/esports/league-of-legends/league-of-legends-lck/results/#/page/2/,01 Apr 2026 - First stage,2026-04-01 00:00:00,T1,KT Rolster,T1,KT Rolster,0-2,0.0,2.0,1.19,5.8,0.829757,0.170243,T1,KT Rolster,False,BO3,0.7377583277949818,0.26224167220501815,0.26224167220501815,True
LCK_20240131_HANJIN BRION|KT Rolster,LCK,2024,2024-01-31,KT Rolster,HANJIN BRION,KT Rolster,HANJIN BRION,2-0,2,0,2,HANJIN BRION|KT Rolster,4.0,https://www.oddsportal.com/esports/league-of-legends/league-of-legends-lck-2024/results/#/page/4/,31 Jan 2024 - Spring Season,2024-01-31,KT Rolster,OKSavingsBank Brion,KT Rolster,HANJIN BRION,2-0,2.0,0.0,1.18,5.63,0.826725,0.173275,KT Rolster,HANJIN BRION,True,BO3,0.7351546945186836,0.26484530548131635,0.7351546945186836,True
LCK_20260402_Dplus Kia|Nongshim RedForce,LCK,2026,2026-04-02,Nongshim RedForce,Dplus Kia,Nongshim RedForce,Dplus Kia,2-0,2,0,2,Dplus Kia|Nongshim RedForce,2.0,https://www.oddsportal.com/esports/league-of-legends/league-of-legends-lck/results/#/page/2/,02 Apr 2026 - First stage,2026-04-02 00:00:00,Dplus Kia,Nongshim RedForce,Dplus Kia,Nongshim RedForce,0-2,0.0,2.0,1.31,3.75,0.741107,0.258893,Dplus Kia,Nongshim RedForce,False,BO3,0.6669414177583436,0.3330585822416564,0.3330585822416564,True
LCK_20260401_HANJIN BRION|Hanwha Life Esports,LCK,2026,2026-04-01,HANJIN BRION,Hanwha Life Esports,HANJIN BRION,Hanwha Life Esports,1-1,1,1,2,HANJIN BRION|Hanwha Life Esports,2.0,https://www.oddsportal.com/esports/league-of-legends/league-of-legends-lck/results/#/page/2/,01 Apr 2026 - First stage,2026-04-01 00:00:00,Hanwha Life,OKSavingsBank Brion,Hanwha Life Esports,HANJIN BRION,2-0,2.0,0.0,1.13,8.4,0.881427,0.118573,Hanwha Life Esports,HANJIN BRION,False,BO3,0.7852225198169083,0.21477748018309173,0.21477748018309173,True
LCK_20260402_DN SOOPers|KRX,LCK,2026,2026-04-02,Kiwoom DRX,DN SOOPers,DN SOOPers,Kiwoom DRX,2-0,2,0,2,DN SOOPers|KRX,2.0,https://www.oddsportal.com/esports/league-of-legends/league-of-legends-lck/results/#/page/2/,02 Apr 2026 - First stage,2026-04-02 00:00:00,KRX,DN SOOPers,KRX,DN SOOPers,0-2,0.0,2.0,2.41,1.61,0.400498,0.599502,KRX,DN SOOPers,True,BO3,0.4332691290966848,0.5667308709033152,0.4332691290966848,True
LCK_20260403_Gen.G|KT Rolster,LCK,2026,2026-04-03,KT Rolster,Gen.G,KT Rolster,Gen.G,2-1,2,1,3,Gen.G|KT Rolster,2.0,https://www.oddsportal.com/esports/league-of-legends/league-of-legends-lck/results/#/page/2/,03 Apr 2026 - First stage,2026-04-03 00:00:00,Gen.G,KT Rolster,Gen.G,KT Rolster,1-2,1.0,2.0,1.2,6.2,0.837838,0.162162,Gen.G,KT Rolster,False,BO3,0.7447809540827453,0.25521904591725475,0.25521904591725475,True
LCK_20260403_BNK FEARX|HANJIN BRION,LCK,2026,2026-04-03,HANJIN BRION,BNK FEARX,HANJIN BRION,BNK FEARX,1-1,1,1,2,BNK FEARX|HANJIN BRION,2.0,https://www.oddsportal.com/esports/league-of-legends/league-of-legends-lck/results/#/page/2/,03 Apr 2026 - First stage,2026-04-03 00:00:00,FearX,OKSavingsBank Brion,BNK FEARX,HANJIN BRION,0-2,0.0,2.0,1.17,5.6,0.827179,0.172821,BNK FEARX,HANJIN BRION,False,BO3,0.7355435047545966,0.2644564952454034,0.2644564952454034,True
LCK_20260404_Hanwha Life Esports|T1,LCK,2026,2026-04-04,Hanwha Life Esports,T1,Hanwha Life Esports,T1,1-1,1,1,2,Hanwha Life Esports|T1,2.0,https://www.oddsportal.com/esports/league-of-legends/league-of-legends-lck/results/#/page/2/,04 Apr 2026 - First stage,2026-04-04 00:00:00,T1,Hanwha Life,T1,Hanwha Life Esports,2-0,2.0,0.0,1.98,2.05,0.508685,0.491315,T1,Hanwha Life Esports,False,BO3,0.5057902588407631,0.4942097411592369,0.4942097411592369,True
LCK_20260404_Dplus Kia|KRX,LCK,2026,2026-04-04,Dplus Kia,Kiwoom DRX,Dplus Kia,Kiwoom DRX,2-0,2,0,2,Dplus Kia|KRX,2.0,https://www.oddsportal.com/esports/league-of-legends/league-of-legends-lck/results/#/page/2/,04 Apr 2026 - First stage,2026-04-04 00:00:00,KRX,Dplus Kia,KRX,Dplus Kia,0-2,0.0,2.0,3.8,1.28,0.251969,0.748031,KRX,Dplus Kia,False,BO3,0.32784278098643727,0.6721572190135627,0.6721572190135627,True
LCK_20260405_BNK FEARX|Gen.G,LCK,2026,2026-04-05,Gen.G,BNK FEARX,Gen.G,BNK FEARX,2-0,2,0,2,BNK FEARX|Gen.G,2.0,https://www.oddsportal.com/esports/league-of-legends/league-of-legends-lck/results/#/page/2/,05 Apr 2026 - First stage,2026-04-05 00:00:00,Gen.G,FearX,Gen.G,BNK FEARX,2-0,2.0,0.0,1.12,6.3,0.849057,0.150943,Gen.G,BNK FEARX,True,BO3,0.7547475762094149,0.2452524237905851,0.7547475762094149,True
LCK_20260405_DN SOOPers|Nongshim RedForce,LCK,2026,2026-04-05,Nongshim RedForce,DN SOOPers,Nongshim RedForce,DN SOOPers,2-0,2,0,2,DN SOOPers|Nongshim RedForce,2.0,https://www.oddsportal.com/esports/league-of-legends/league-of-legends-lck/results/#/page/2/,05 Apr 2026 - First stage,2026-04-05 00:00:00,Nongshim RedForce,DN SOOPers,Nongshim RedForce,DN SOOPers,2-0,2.0,0.0,1.7,2.22,0.566327,0.433673,Nongshim RedForce,DN SOOPers,True,BO3,0.5443341863109202,0.45566581368907977,0.5443341863109202,True
LCK_20240201_KRX|T1,LCK,2024,2024-02-01,T1,DRX,T1,DRX,1-1,1,1,2,KRX|T1,4.0,https://www.oddsportal.com/esports/league-of-legends/league-of-legends-lck-2024/results/#/page/4/,01 Feb 2024 - Spring Season,2024-02-01,T1,KRX,T1,KRX,2-0,2.0,0.0,1.01,19.0,0.949525,0.050475,T1,KRX,True,BO3,0.8639745957718684,0.13602540422813159,0.8639745957718684,True
LCK_20240201_BNK FEARX|Nongshim RedForce,LCK,2024,2024-02-01,BNK FEARX,Nongshim RedForce,BNK FEARX,Nongshim RedForce,3-0,3,0,3,BNK FEARX|Nongshim RedForce,4.0,https://www.oddsportal.com/esports/league-of-legends/league-of-legends-lck-2024/results/#/page/4/,01 Feb 2024 - Spring Season,2024-02-01,FearX,Nongshim RedForce,BNK FEARX,Nongshim RedForce,2-1,2.0,1.0,1.38,3.04,0.687783,0.312217,BNK FEARX,Nongshim RedForce,True,BO3,0.6279838083303231,0.3720161916696769,0.6279838083303231,True
LCS_20260418_Cloud9|Disguised,LCS,2026,2026-04-18,Cloud9,Disguised,Cloud9,Disguised,2-0,2,0,2,Cloud9|Disguised,1.0,https://www.oddsportal.com/esports/league-of-legends/league-of-legends-lcs/results/,18 Apr 2026 - Spring Season,2026-04-18 00:00:00,Disguised,Cloud9,Disguised,Cloud9,0-2,0.0,2.0,5.8,1.14,0.164265,0.835735,Disguised,Cloud9,False,BO3,0.25705863719604477,0.7429413628039552,0.7429413628039552,True
LCS_20260418_FlyQuest|Sentinels,LCS,2026,2026-04-18,FlyQuest,Sentinels,Sentinels,FlyQuest,3-0,3,0,3,FlyQuest|Sentinels,1.0,https://www.oddsportal.com/esports/league-of-legends/league-of-legends-lcs/results/,18 Apr 2026 - Spring Season,2026-04-18 00:00:00,Sentinels,FlyQuest eSports,Sentinels,FlyQuest eSports,2-1,2.0,1.0,1.62,2.05,0.558583,0.441417,Sentinels,FlyQuest,False,BO3,0.5391352510577305,0.4608647489422695,0.4608647489422695,True
LCS_20260419_Lyon Gaming|Shopify Rebellion,LCS,2026,2026-04-19,Shopify Rebellion,LYON,Shopify Rebellion,LYON,1-1,1,1,2,Lyon Gaming|Shopify Rebellion,,,,,,,,,,,,,,,,,,,,,,,
LCS_20260419_Dignitas|Team Liquid,LCS,2026,2026-04-19,Team Liquid,Dignitas,Dignitas,Team Liquid,2-1,2,1,3,Dignitas|Team Liquid,1.0,https://www.oddsportal.com/esports/league-of-legends/league-of-legends-lcs/results/,19 Apr 2026 - Spring Season,2026-04-19 00:00:00,Dignitas,Team Liquid,Dignitas,Team Liquid,1-2,1.0,2.0,6.3,1.12,0.150943,0.849057,Dignitas,Team Liquid,False,BO3,0.24525242379058504,0.7547475762094149,0.7547475762094149,True
EWC_20260421_FlyQuest|Lyon Gaming,EWC,2026,2026-04-21,LYON,FlyQuest,LYON,FlyQuest,1-1,1,1,2,FlyQuest|Lyon Gaming,,,,,,,,,,,,,,,,,,,,,,,
EWC_20260421_Cloud9|Sentinels,EWC,2026,2026-04-21,Cloud9,Sentinels,Sentinels,Cloud9,2-0,2,0,2,Cloud9|Sentinels,1.0,https://www.oddsportal.com/esports/league-of-legends/league-of-legends-esports-world-cup/results/,21 Apr 2026 - Qualification,2026-04-21 00:00:00,Cloud9,Sentinels,Cloud9,Sentinels,0-2,0.0,2.0,1.25,4.3,0.774775,0.225225,Cloud9,Sentinels,True,BO3,0.6927283204556923,0.3072716795443077,0.6927283204556923,True
LCK_20260422_KRX|KT Rolster,LCK,2026,2026-04-22,Kiwoom DRX,KT Rolster,KT Rolster,Kiwoom DRX,2-0,2,0,2,KRX|KT Rolster,1.0,https://www.oddsportal.com/esports/league-of-legends/league-of-legends-lck/results/,22 Apr 2026 - First stage,2026-04-22 00:00:00,KT Rolster,KRX,KT Rolster,KRX,2-0,2.0,0.0,1.1,8.35,0.883598,0.116402,KT Rolster,KRX,False,BO3,0.7873758745826637,0.21262412541733633,0.21262412541733633,True
LCK_20260422_Hanwha Life Esports|Nongshim RedForce,LCK,2026,2026-04-22,Hanwha Life Esports,Nongshim RedForce,Nongshim RedForce,Hanwha Life Esports,2-1,2,1,3,Hanwha Life Esports|Nongshim RedForce,1.0,https://www.oddsportal.com/esports/league-of-legends/league-of-legends-lck/results/,22 Apr 2026 - First stage,2026-04-22 00:00:00,Hanwha Life,Nongshim RedForce,Hanwha Life Esports,Nongshim RedForce,2-1,2.0,1.0,1.21,4.5,0.788091,0.211909,Hanwha Life Esports,Nongshim RedForce,True,BO3,0.7032569830364694,0.29674301696353056,0.7032569830364694,True
LCK_20240131_DN SOOPers|Dplus Kia,LCK,2024,2024-01-31,DN SOOPers,Dplus Kia,DN SOOPers,Dplus Kia,2-0,2,0,2,DN SOOPers|Dplus Kia,4.0,https://www.oddsportal.com/esports/league-of-legends/league-of-legends-lck-2024/results/#/page/4/,31 Jan 2024 - Spring Season,2024-01-31,DN SOOPers,Dplus Kia,DN SOOPers,Dplus Kia,2-0,2.0,0.0,5.63,1.16,0.170839,0.829161,DN SOOPers,Dplus Kia,True,BO3,0.262754776462597,0.737245223537403,0.262754776462597,True
EWC_20260422_Cloud9|Team Liquid,EWC,2026,2026-04-22,Cloud9,Team Liquid,Cloud9,Team Liquid,1-1,1,1,2,Cloud9|Team Liquid,1.0,https://www.oddsportal.com/esports/league-of-legends/league-of-legends-esports-world-cup/results/,22 Apr 2026 - Qualification,2026-04-22 00:00:00,Cloud9,Team Liquid,Cloud9,Team Liquid,0-2,0.0,2.0,1.62,2.3,0.586735,0.413265,Cloud9,Team Liquid,True,BO3,0.5580846230162976,0.4419153769837024,0.5580846230162976,True
EWC_20260422_Disguised|Lyon Gaming,EWC,2026,2026-04-22,Disguised,LYON,Disguised,LYON,1-1,1,1,2,Disguised|Lyon Gaming,,,,,,,,,,,,,,,,,,,,,,,
EWC_20260423_FlyQuest|Sentinels,EWC,2026,2026-04-23,Sentinels,FlyQuest,FlyQuest,Sentinels,2-1,2,1,3,FlyQuest|Sentinels,1.0,https://www.oddsportal.com/esports/league-of-legends/league-of-legends-esports-world-cup/results/,23 Apr 2026 - Qualification,2026-04-23 00:00:00,FlyQuest eSports,Sentinels,FlyQuest eSports,Sentinels,1-2,1.0,2.0,1.74,2.08,0.544503,0.455497,FlyQuest,Sentinels,False,BO3,0.5297036101701935,0.4702963898298065,0.4702963898298065,True
EWC_20260423_Lyon Gaming|Team Liquid,EWC,2026,2026-04-23,Team Liquid,LYON,Team Liquid,LYON,2-0,2,0,2,Lyon Gaming|Team Liquid,1.0,https://www.oddsportal.com/esports/league-of-legends/league-of-legends-esports-world-cup/results/,23 Apr 2026 - Qualification,2026-04-23 00:00:00,Team Liquid,Lyon Gaming,Team Liquid,Lyon Gaming,2-0,2.0,0.0,1.98,1.83,0.480315,0.519685,Team Liquid,Lyon Gaming,True,BO3,0.48687365108864944,0.5131263489113506,0.48687365108864944,True
LCK_20260425_HANJIN BRION|T1,LCK,2026,2026-04-25,HANJIN BRION,T1,HANJIN BRION,T1,1-1,1,1,2,HANJIN BRION|T1,1.0,https://www.oddsportal.com/esports/league-of-legends/league-of-legends-lck/results/,25 Apr 2026 - First stage,2026-04-25 00:00:00,T1,OKSavingsBank Brion,T1,HANJIN BRION,2-0,2.0,0.0,1.11,7.0,0.863132,0.136868,T1,HANJIN BRION,False,BO3,0.7676537662017229,0.23234623379827712,0.23234623379827712,True
LCS_20260425_Cloud9|Shopify Rebellion,LCS,2026,2026-04-25,Shopify Rebellion,Cloud9,Shopify Rebellion,Cloud9,1-1,1,1,2,Cloud9|Shopify Rebellion,1.0,https://www.oddsportal.com/esports/league-of-legends/league-of-legends-lcs/results/,25 Apr 2026 - Spring Season,2026-04-25 00:00:00,Cloud9,Shopify Rebellion,Cloud9,Shopify Rebellion,2-0,2.0,0.0,1.04,7.0,0.870647,0.129353,Cloud9,Shopify Rebellion,False,BO3,0.7747523070012665,0.22524769299873348,0.22524769299873348,True
LCS_20260425_Dignitas|FlyQuest,LCS,2026,2026-04-25,Dignitas,FlyQuest,Dignitas,FlyQuest,1-1,1,1,2,Dignitas|FlyQuest,1.0,https://www.oddsportal.com/esports/league-of-legends/league-of-legends-lcs/results/,25 Apr 2026 - Spring Season,2026-04-25 00:00:00,FlyQuest eSports,Dignitas,FlyQuest eSports,Dignitas,2-0,2.0,0.0,1.22,4.51,0.787086,0.212914,FlyQuest,Dignitas,False,BO3,0.7024549697168018,0.29754503028319823,0.29754503028319823,True
LCK_20260426_BNK FEARX|T1,LCK,2026,2026-04-26,BNK FEARX,T1,T1,BNK FEARX,2-0,2,0,2,BNK FEARX|T1,1.0,https://www.oddsportal.com/esports/league-of-legends/league-of-legends-lck/results/,26 Apr 2026 - First stage,2026-04-26 00:00:00,T1,FearX,T1,BNK FEARX,2-0,2.0,0.0,1.35,3.5,0.721649,0.278351,T1,BNK FEARX,False,BO3,0.6524942345195266,0.3475057654804734,0.3475057654804734,True
LCS_20260426_Disguised|Lyon Gaming,LCS,2026,2026-04-26,Disguised,LYON,Disguised,LYON,1-1,1,1,2,Disguised|Lyon Gaming,,,,,,,,,,,,,,,,,,,,,,,
LCS_20260426_Sentinels|Team Liquid,LCS,2026,2026-04-26,Team Liquid,Sentinels,Team Liquid,Sentinels,2-1,2,1,3,Sentinels|Team Liquid,1.0,https://www.oddsportal.com/esports/league-of-legends/league-of-legends-lcs/results/,26 Apr 2026 - Spring Season,2026-04-26 00:00:00,Team Liquid,Sentinels,Team Liquid,Sentinels,2-1,2.0,1.0,1.03,7.5,0.87925,0.12075,Team Liquid,Sentinels,True,BO3,0.7830788496700786,0.21692115032992143,0.7830788496700786,True
EWC_20260428_Heretics|SK Gaming,EWC,2026,2026-04-28,SK Gaming,Team Heretics,SK Gaming,Team Heretics,2-0,2,0,2,Heretics|SK Gaming,1.0,https://www.oddsportal.com/esports/league-of-legends/league-of-legends-esports-world-cup/results/,28 Apr 2026 - Qualification,2026-04-28 00:00:00,Heretics,SK Gaming,Heretics,SK Gaming,0-2,0.0,2.0,2.02,1.79,0.469816,0.530184,Heretics,SK Gaming,False,BO3,0.4798664515591707,0.5201335484408294,0.5201335484408294,True
EWC_20260428_FlyQuest|Team Liquid,EWC,2026,2026-04-28,FlyQuest,Team Liquid,Team Liquid,FlyQuest,2-1,2,1,3,FlyQuest|Team Liquid,1.0,https://www.oddsportal.com/esports/league-of-legends/league-of-legends-esports-world-cup/results/,28 Apr 2026 - Qualification,2026-04-28 00:00:00,FlyQuest eSports,Team Liquid,FlyQuest eSports,Team Liquid,2-1,2.0,1.0,2.78,1.44,0.341232,0.658768,FlyQuest,Team Liquid,True,BO3,0.39249818702725325,0.6075018129727467,0.39249818702725325,True
EWC_20260429_FlyQuest|Sentinels,EWC,2026,2026-04-29,FlyQuest,Sentinels,Sentinels,FlyQuest,3-1,3,1,4,FlyQuest|Sentinels,1.0,https://www.oddsportal.com/esports/league-of-legends/league-of-legends-esports-world-cup/results/,29 Apr 2026 - Qualification,2026-04-29 00:00:00,Sentinels,FlyQuest eSports,Sentinels,FlyQuest eSports,3-1,3.0,1.0,2.04,1.79,0.467363,0.532637,Sentinels,FlyQuest,False,BO5,0.48257950737674743,0.5174204926232526,0.5174204926232526,True
LCK_20260430_Gen.G|KRX,LCK,2026,2026-04-30,Gen.G,Kiwoom DRX,Gen.G,Kiwoom DRX,2-1,2,1,3,Gen.G|KRX,1.0,https://www.oddsportal.com/esports/league-of-legends/league-of-legends-lck/results/,30 Apr 2026 - First stage,2026-04-30 00:00:00,Gen.G,KRX,Gen.G,KRX,2-1,2.0,1.0,1.04,14.0,0.930851,0.069149,Gen.G,KRX,True,BO3,0.8393302510775749,0.16066974892242514,0.8393302510775749,True
LCK_20260430_BNK FEARX|Dplus Kia,LCK,2026,2026-04-30,BNK FEARX,Dplus Kia,Dplus Kia,BNK FEARX,2-0,2,0,2,BNK FEARX|Dplus Kia,1.0,https://www.oddsportal.com/esports/league-of-legends/league-of-legends-lck/results/,30 Apr 2026 - First stage,2026-04-30 00:00:00,FearX,Dplus Kia,BNK FEARX,Dplus Kia,0-2,0.0,2.0,6.4,1.13,0.150066,0.849934,BNK FEARX,Dplus Kia,True,BO3,0.24446191530355227,0.7555380846964477,0.24446191530355227,True
LCK_20260501_DN SOOPers|HANJIN BRION,LCK,2026,2026-05-01,HANJIN BRION,DN SOOPers,HANJIN BRION,DN SOOPers,2-0,2,0,2,DN SOOPers|HANJIN BRION,1.0,https://www.oddsportal.com/esports/league-of-legends/league-of-legends-lck/results/,01 May 2026 - First stage,2026-05-01 00:00:00,DN SOOPers,OKSavingsBank Brion,DN SOOPers,HANJIN BRION,0-2,0.0,2.0,1.95,1.88,0.490862,0.509138,DN SOOPers,HANJIN BRION,False,BO3,0.4939076985030663,0.5060923014969336,0.5060923014969336,True
LCK_20260502_Dplus Kia|Gen.G,LCK,2026,2026-05-02,Dplus Kia,Gen.G,Gen.G,Dplus Kia,3-0,3,0,3,Dplus Kia|Gen.G,1.0,https://www.oddsportal.com/esports/league-of-legends/league-of-legends-lck/results/,02 May 2026 - First stage,2026-05-02 00:00:00,Gen.G,Dplus Kia,Gen.G,Dplus Kia,2-1,2.0,1.0,1.36,3.45,0.717256,0.282744,Gen.G,Dplus Kia,False,BO3,0.6492721436094423,0.3507278563905577,0.3507278563905577,True
LCK_20260502_KRX|Nongshim RedForce,LCK,2026,2026-05-02,Kiwoom DRX,Nongshim RedForce,Kiwoom DRX,Nongshim RedForce,2-0,2,0,2,KRX|Nongshim RedForce,1.0,https://www.oddsportal.com/esports/league-of-legends/league-of-legends-lck/results/,02 May 2026 - First stage,2026-05-02 00:00:00,KRX,Nongshim RedForce,KRX,Nongshim RedForce,2-0,2.0,0.0,3.2,1.38,0.30131,0.69869,KRX,Nongshim RedForce,True,BO3,0.36420090011521605,0.635799099884784,0.36420090011521605,True
LCK_20260501_Hanwha Life Esports|T1,LCK,2026,2026-05-01,Hanwha Life Esports,T1,T1,Hanwha Life Esports,2-1,2,1,3,Hanwha Life Esports|T1,1.0,https://www.oddsportal.com/esports/league-of-legends/league-of-legends-lck/results/,01 May 2026 - First stage,2026-05-01 00:00:00,Hanwha Life,T1,Hanwha Life Esports,T1,2-1,2.0,1.0,1.64,2.43,0.597052,0.402948,Hanwha Life Esports,T1,True,BO3,0.565068661607344,0.43493133839265596,0.565068661607344,True
LCK_20260503_HANJIN BRION|KT Rolster,LCK,2026,2026-05-03,KT Rolster,HANJIN BRION,KT Rolster,HANJIN BRION,1-1,1,1,2,HANJIN BRION|KT Rolster,1.0,https://www.oddsportal.com/esports/league-of-legends/league-of-legends-lck/results/,03 May 2026 - First stage,2026-05-03 00:00:00,KT Rolster,OKSavingsBank Brion,KT Rolster,HANJIN BRION,0-2,0.0,2.0,1.13,6.8,0.857503,0.142497,KT Rolster,HANJIN BRION,True,BO3,0.7624344612156049,0.23756553878439512,0.7624344612156049,True
LCK_20260503_BNK FEARX|DN SOOPers,LCK,2026,2026-05-03,BNK FEARX,DN SOOPers,BNK FEARX,DN SOOPers,2-0,2,0,2,BNK FEARX|DN SOOPers,1.0,https://www.oddsportal.com/esports/league-of-legends/league-of-legends-lck/results/,03 May 2026 - First stage,2026-05-03 00:00:00,DN SOOPers,FearX,DN SOOPers,BNK FEARX,0-2,0.0,2.0,2.6,1.55,0.373494,0.626506,DN SOOPers,BNK FEARX,False,BO3,0.414839176741825,0.585160823258175,0.585160823258175,True
LCS_20260516_Cloud9|Team Liquid,LCS,2026,2026-05-16,Cloud9,Team Liquid,Cloud9,Team Liquid,2-0,2,0,2,Cloud9|Team Liquid,1.0,https://www.oddsportal.com/esports/league-of-legends/league-of-legends-lcs/results/,16 May 2026 - Spring Season,2026-05-16 00:00:00,Team Liquid,Cloud9,Team Liquid,Cloud9,0-2,0.0,2.0,2.18,1.71,0.439589,0.560411,Team Liquid,Cloud9,False,BO3,0.4596383309932593,0.5403616690067408,0.5403616690067408,True
LCS_20260516_Disguised|Shopify Rebellion,LCS,2026,2026-05-16,Shopify Rebellion,Disguised,Shopify Rebellion,Disguised,2-0,2,0,2,Disguised|Shopify Rebellion,,,,,,,,,,,,,,,,,,,,,,,
LCS_20260517_Dignitas|Sentinels,LCS,2026,2026-05-17,Dignitas,Sentinels,Dignitas,Sentinels,1-1,1,1,2,Dignitas|Sentinels,1.0,https://www.oddsportal.com/esports/league-of-legends/league-of-legends-lcs/results/,17 May 2026 - Spring Season,2026-05-17 00:00:00,Sentinels,Dignitas,Sentinels,Dignitas,2-0,2.0,0.0,1.16,6.15,0.841313,0.158687,Sentinels,Dignitas,False,BO3,0.7478399807721477,0.25216001922785225,0.25216001922785225,True
LCS_20260517_FlyQuest|Lyon Gaming,LCS,2026,2026-05-17,LYON,FlyQuest,FlyQuest,LYON,3-0,3,0,3,FlyQuest|Lyon Gaming,,,,,,,,,,,,,,,,,,,,,,,
EWC_20260518_HANJIN BRION|KT Rolster,EWC,2026,2026-05-18,KT Rolster,HANJIN BRION,KT Rolster,HANJIN BRION,1-1,1,1,2,HANJIN BRION|KT Rolster,1.0,https://www.oddsportal.com/esports/league-of-legends/league-of-legends-esports-world-cup/results/,"Yesterday, 18 May - Qualification",2026-05-18 00:00:00,KT Rolster,OKSavingsBank Brion,KT Rolster,HANJIN BRION,0-2,0.0,2.0,1.28,3.8,0.748031,0.251969,KT Rolster,HANJIN BRION,True,BO3,0.6721572190135627,0.32784278098643727,0.6721572190135627,True
EWC_20260518_DN SOOPers|Nongshim RedForce,EWC,2026,2026-05-18,DN SOOPers,Nongshim RedForce,Nongshim RedForce,DN SOOPers,2-0,2,0,2,DN SOOPers|Nongshim RedForce,1.0,https://www.oddsportal.com/esports/league-of-legends/league-of-legends-esports-world-cup/results/,"Yesterday, 18 May - Qualification",2026-05-18 00:00:00,DN SOOPers,Nongshim RedForce,DN SOOPers,Nongshim RedForce,0-2,0.0,2.0,2.94,1.42,0.325688,0.674312,DN SOOPers,Nongshim RedForce,True,BO3,0.3815776851364672,0.6184223148635328,0.3815776851364672,True
EWC_20260519_HANJIN BRION|Hanwha Life Esports,EWC,2026,2026-05-19,HANJIN BRION,Hanwha Life Esports,HANJIN BRION,Hanwha Life Esports,1-1,1,1,2,HANJIN BRION|Hanwha Life Esports,1.0,https://www.oddsportal.com/esports/league-of-legends/league-of-legends-esports-world-cup/results/,"Today, 19 May - Qualification",2026-05-19 00:00:00,Hanwha Life,OKSavingsBank Brion,Hanwha Life Esports,HANJIN BRION,2-0,2.0,0.0,1.2,5.4,0.818182,0.181818,Hanwha Life Esports,HANJIN BRION,False,BO3,0.7279046511690139,0.2720953488309861,0.2720953488309861,True
EWC_20260519_BNK FEARX|Nongshim RedForce,EWC,2026,2026-05-19,BNK FEARX,Nongshim RedForce,BNK FEARX,Nongshim RedForce,3-0,3,0,3,BNK FEARX|Nongshim RedForce,1.0,https://www.oddsportal.com/esports/league-of-legends/league-of-legends-esports-world-cup/results/,"Today, 19 May - Qualification",2026-05-19 00:00:00,FearX,Nongshim RedForce,BNK FEARX,Nongshim RedForce,1-2,1.0,2.0,1.5,2.6,0.634146,0.365854,BNK FEARX,Nongshim RedForce,True,BO3,0.5904162144762507,0.4095837855237493,0.5904162144762507,True
EWC_20260519_Fukuoka SoftBank HAWKS gaming|GAM Esports,EWC,2026,2026-05-19,Fukuoka SoftBank HAWKS gaming,GAM Esports,GAM Esports,Fukuoka SoftBank HAWKS gaming,2-0,2,0,2,Fukuoka SoftBank HAWKS gaming|GAM Esports,,,,,,,,,,,,,,,,,,,,,,,
EWC_20260520_GAM Esports|Team Secret,EWC,2026,2026-05-20,Team Secret,GAM Esports,Team Secret,GAM Esports,3-1,3,1,4,GAM Esports|Team Secret,,,,,,,,,,,,,,,,,,,,,,,
LCK_20260520_KRX|T1,LCK,2026,2026-05-20,T1,Kiwoom DRX,Kiwoom DRX,T1,2-1,2,1,3,KRX|T1,,,,,,,,,,,,,,,,,,,,,,,
LCK_20260520_KT Rolster|Nongshim RedForce,LCK,2026,2026-05-20,Nongshim RedForce,KT Rolster,Nongshim RedForce,KT Rolster,3-0,3,0,3,KT Rolster|Nongshim RedForce,,,,,,,,,,,,,,,,,,,,,,,
LCK_20260521_BNK FEARX|Hanwha Life Esports,LCK,2026,2026-05-21,BNK FEARX,Hanwha Life Esports,BNK FEARX,Hanwha Life Esports,1-1,1,1,2,BNK FEARX|Hanwha Life Esports,,,,,,,,,,,,,,,,,,,,,,,
LCK_20260521_Dplus Kia|HANJIN BRION,LCK,2026,2026-05-21,Dplus Kia,HANJIN BRION,Dplus Kia,HANJIN BRION,2-1,2,1,3,Dplus Kia|HANJIN BRION,,,,,,,,,,,,,,,,,,,,,,,
LCK_20260522_DN SOOPers|KRX,LCK,2026,2026-05-22,DN SOOPers,Kiwoom DRX,DN SOOPers,Kiwoom DRX,1-1,1,1,2,DN SOOPers|KRX,,,,,,,,,,,,,,,,,,,,,,,
LCK_20260522_Gen.G|KT Rolster,LCK,2026,2026-05-22,KT Rolster,Gen.G,Gen.G,KT Rolster,2-0,2,0,2,Gen.G|KT Rolster,,,,,,,,,,,,,,,,,,,,,,,
LCK_20260523_BNK FEARX|Dplus Kia,LCK,2026,2026-05-23,Dplus Kia,BNK FEARX,Dplus Kia,BNK FEARX,3-0,3,0,3,BNK FEARX|Dplus Kia,,,,,,,,,,,,,,,,,,,,,,,
LCK_20260523_Hanwha Life Esports|Nongshim RedForce,LCK,2026,2026-05-23,Hanwha Life Esports,Nongshim RedForce,Nongshim RedForce,Hanwha Life Esports,2-1,2,1,3,Hanwha Life Esports|Nongshim RedForce,,,,,,,,,,,,,,,,,,,,,,,
LCS_20260523_Cloud9|FlyQuest,LCS,2026,2026-05-23,FlyQuest,Cloud9,Cloud9,FlyQuest,3-2,3,2,5,Cloud9|FlyQuest,,,,,,,,,,,,,,,,,,,,,,,
LCK_20240202_DN SOOPers|Gen.G,LCK,2024,2024-02-02,DN SOOPers,Gen.G,Gen.G,DN SOOPers,2-0,2,0,2,DN SOOPers|Gen.G,4.0,https://www.oddsportal.com/esports/league-of-legends/league-of-legends-lck-2024/results/#/page/4/,02 Feb 2024 - Spring Season,2024-02-02,Gen.G,DN SOOPers,Gen.G,DN SOOPers,2-0,2.0,0.0,1.06,9.95,0.903724,0.096276,Gen.G,DN SOOPers,False,BO3,0.808172191714997,0.191827808285003,0.191827808285003,True
LCK_20240202_Dplus Kia|Hanwha Life Esports,LCK,2024,2024-02-02,Dplus Kia,Hanwha Life Esports,Hanwha Life Esports,Dplus Kia,2-0,2,0,2,Dplus Kia|Hanwha Life Esports,4.0,https://www.oddsportal.com/esports/league-of-legends/league-of-legends-lck-2024/results/#/page/4/,02 Feb 2024 - Spring Season,2024-02-02,Dplus Kia,Hanwha Life,Dplus Kia,Hanwha Life Esports,0-2,0.0,2.0,2.42,1.57,0.393484,0.606516,Dplus Kia,Hanwha Life Esports,True,BO3,0.4285020065303884,0.5714979934696116,0.4285020065303884,True
LCK_20260524_HANJIN BRION|T1,LCK,2026,2026-05-24,T1,HANJIN BRION,T1,HANJIN BRION,2-0,2,0,2,HANJIN BRION|T1,,,,,,,,,,,,,,,,,,,,,,,
LCS_20260524_Lyon Gaming|Team Liquid,LCS,2026,2026-05-24,Team Liquid,LYON,LYON,Team Liquid,3-2,3,2,5,Lyon Gaming|Team Liquid,,,,,,,,,,,,,,,,,,,,,,,
EWC_20260525_Dplus Kia|T1,EWC,2026,2026-05-25,Dplus Kia,T1,T1,Dplus Kia,3-1,3,1,4,Dplus Kia|T1,,,,,,,,,,,,,,,,,,,,,,,
LCK_20240203_KRX|KT Rolster,LCK,2024,2024-02-03,DRX,KT Rolster,DRX,KT Rolster,2-1,2,1,3,KRX|KT Rolster,4.0,https://www.oddsportal.com/esports/league-of-legends/league-of-legends-lck-2024/results/#/page/4/,03 Feb 2024 - Spring Season,2024-02-03,KRX,KT Rolster,KRX,KT Rolster,1-2,1.0,2.0,5.63,1.16,0.170839,0.829161,KRX,KT Rolster,True,BO3,0.262754776462597,0.737245223537403,0.262754776462597,True
EWC_20260525_Hanwha Life Esports|Nongshim RedForce,EWC,2026,2026-05-25,Nongshim RedForce,Hanwha Life Esports,Hanwha Life Esports,Nongshim RedForce,2-0,2,0,2,Hanwha Life Esports|Nongshim RedForce,,,,,,,,,,,,,,,,,,,,,,,
LCK_20260524_DN SOOPers|Gen.G,LCK,2026,2026-05-24,Gen.G,DN SOOPers,Gen.G,DN SOOPers,2-0,2,0,2,DN SOOPers|Gen.G,,,,,,,,,,,,,,,,,,,,,,,
LCK_20240204_Hanwha Life Esports|Nongshim RedForce,LCK,2024,2024-02-04,Nongshim RedForce,Hanwha Life Esports,Nongshim RedForce,Hanwha Life Esports,2-1,2,1,3,Hanwha Life Esports|Nongshim RedForce,4.0,https://www.oddsportal.com/esports/league-of-legends/league-of-legends-lck-2024/results/#/page/4/,04 Feb 2024 - Spring Season,2024-02-04,Nongshim RedForce,Hanwha Life,Nongshim RedForce,Hanwha Life Esports,1-2,1.0,2.0,15.5,1.03,0.062311,0.937689,Nongshim RedForce,Hanwha Life Esports,True,BO3,0.15202924090558628,0.8479707590944137,0.15202924090558628,True
EWC_20260526_Dplus Kia|Hanwha Life Esports,EWC,2026,2026-05-26,Dplus Kia,Hanwha Life Esports,Hanwha Life Esports,Dplus Kia,2-1,2,1,3,Dplus Kia|Hanwha Life Esports,,,,,,,,,,,,,,,,,,,,,,,
LCK_20240204_BNK FEARX|Gen.G,LCK,2024,2024-02-04,BNK FEARX,Gen.G,BNK FEARX,Gen.G,1-1,1,1,2,BNK FEARX|Gen.G,4.0,https://www.oddsportal.com/esports/league-of-legends/league-of-legends-lck-2024/results/#/page/4/,04 Feb 2024 - Spring Season,2024-02-04,FearX,Gen.G,BNK FEARX,Gen.G,0-2,0.0,2.0,9.0,1.04,0.103586,0.896414,BNK FEARX,Gen.G,True,BO3,0.19956840056111333,0.8004315994388866,0.19956840056111333,True
LCK_20260527_Gen.G|Hanwha Life Esports,LCK,2026,2026-05-27,Gen.G,Hanwha Life Esports,Gen.G,Hanwha Life Esports,2-1,2,1,3,Gen.G|Hanwha Life Esports,,,,,,,,,,,,,,,,,,,,,,,
LCK_20260527_BNK FEARX|KRX,LCK,2026,2026-05-27,BNK FEARX,Kiwoom DRX,Kiwoom DRX,BNK FEARX,2-1,2,1,3,BNK FEARX|KRX,,,,,,,,,,,,,,,,,,,,,,,
LCK_20260528_KT Rolster|T1,LCK,2026,2026-05-28,T1,KT Rolster,T1,KT Rolster,2-0,2,0,2,KT Rolster|T1,,,,,,,,,,,,,,,,,,,,,,,
LCK_20260528_DN SOOPers|Nongshim RedForce,LCK,2026,2026-05-28,DN SOOPers,Nongshim RedForce,Nongshim RedForce,DN SOOPers,2-1,2,1,3,DN SOOPers|Nongshim RedForce,,,,,,,,,,,,,,,,,,,,,,,
LCK_20260529_Gen.G|HANJIN BRION,LCK,2026,2026-05-29,Gen.G,HANJIN BRION,Gen.G,HANJIN BRION,2-0,2,0,2,Gen.G|HANJIN BRION,,,,,,,,,,,,,,,,,,,,,,,
LCK_20260529_Dplus Kia|KRX,LCK,2026,2026-05-29,Dplus Kia,Kiwoom DRX,Kiwoom DRX,Dplus Kia,2-1,2,1,3,Dplus Kia|KRX,,,,,,,,,,,,,,,,,,,,,,,
LCK_20260530_DN SOOPers|KT Rolster,LCK,2026,2026-05-30,KT Rolster,DN SOOPers,KT Rolster,DN SOOPers,2-0,2,0,2,DN SOOPers|KT Rolster,,,,,,,,,,,,,,,,,,,,,,,
LCK_20260530_BNK FEARX|T1,LCK,2026,2026-05-30,BNK FEARX,T1,T1,BNK FEARX,2-0,2,0,2,BNK FEARX|T1,,,,,,,,,,,,,,,,,,,,,,,
LCK_20260531_HANJIN BRION|Hanwha Life Esports,LCK,2026,2026-05-31,Hanwha Life Esports,HANJIN BRION,Hanwha Life Esports,HANJIN BRION,2-0,2,0,2,HANJIN BRION|Hanwha Life Esports,,,,,,,,,,,,,,,,,,,,,,,
LCK_20260531_Dplus Kia|Nongshim RedForce,LCK,2026,2026-05-31,Nongshim RedForce,Dplus Kia,Nongshim RedForce,Dplus Kia,1-1,1,1,2,Dplus Kia|Nongshim RedForce,,,,,,,,,,,,,,,,,,,,,,,
LCK_20240203_HANJIN BRION|T1,LCK,2024,2024-02-03,T1,HANJIN BRION,T1,HANJIN BRION,1-1,1,1,2,HANJIN BRION|T1,4.0,https://www.oddsportal.com/esports/league-of-legends/league-of-legends-lck-2024/results/#/page/4/,03 Feb 2024 - Spring Season,2024-02-03,OKSavingsBank Brion,T1,HANJIN BRION,T1,0-2,0.0,2.0,18.0,1.03,0.054125,0.945875,HANJIN BRION,T1,False,BO3,0.14112165738279944,0.8588783426172005,0.8588783426172005,True
LCS_20240210_Cloud9|NRG Esports,LCS,2024,2024-02-10,NRG,Cloud9,Cloud9,NRG,1-0,1,0,1,Cloud9|NRG Esports,2.0,https://www.oddsportal.com/esports/league-of-legends/league-of-legends-lcs-2024/results/#/page/2/,10 Feb 2024 - Spring Season,2024-02-10,NRG Esports,Cloud9,NRG Esports,Cloud9,0-1,0.0,1.0,2.0,1.87,0.483204,0.516796,NRG Esports,Cloud9,True,BO1,0.483204,0.516796,0.483204,True
LCS_20240210_Dignitas|Immortals,LCS,2024,2024-02-10,Immortals,Dignitas,Dignitas,Immortals,1-0,1,0,1,Dignitas|Immortals,2.0,https://www.oddsportal.com/esports/league-of-legends/league-of-legends-lcs-2024/results/#/page/2/,10 Feb 2024 - Spring Season,2024-02-10,Immortals,Dignitas,Immortals,Dignitas,0-1,0.0,1.0,1.92,1.92,0.5,0.5,Immortals,Dignitas,True,BO1,0.5,0.5,0.5,True
LCS_20240210_100 Thieves|Team Liquid,LCS,2024,2024-02-10,100 Thieves,Team Liquid,100 Thieves,Team Liquid,1-0,1,0,1,100 Thieves|Team Liquid,2.0,https://www.oddsportal.com/esports/league-of-legends/league-of-legends-lcs-2024/results/#/page/2/,10 Feb 2024 - Spring Season,2024-02-10,Team Liquid,100 Thieves,Team Liquid,100 Thieves,0-1,0.0,1.0,1.57,2.35,0.59949,0.40051,Team Liquid,100 Thieves,False,BO1,0.59949,0.40051000000000003,0.40051000000000003,True
LCS_20240211_Dignitas|NRG Esports,LCS,2024,2024-02-11,Dignitas,NRG,Dignitas,NRG,1-0,1,0,1,Dignitas|NRG Esports,2.0,https://www.oddsportal.com/esports/league-of-legends/league-of-legends-lcs-2024/results/#/page/2/,11 Feb 2024 - Spring Season,2024-02-11,NRG Esports,Dignitas,NRG Esports,Dignitas,0-1,0.0,1.0,1.45,3.07,0.679204,0.320796,NRG Esports,Dignitas,False,BO1,0.679204,0.32079599999999997,0.32079599999999997,True
LCS_20240211_Shopify Rebellion|Team Liquid,LCS,2024,2024-02-11,Team Liquid,Shopify Rebellion,Team Liquid,Shopify Rebellion,1-0,1,0,1,Shopify Rebellion|Team Liquid,2.0,https://www.oddsportal.com/esports/league-of-legends/league-of-legends-lcs-2024/results/#/page/2/,11 Feb 2024 - Spring Season,2024-02-11,Team Liquid,Shopify Rebellion,Team Liquid,Shopify Rebellion,1-0,1.0,0.0,1.54,2.56,0.62439,0.37561,Team Liquid,Shopify Rebellion,True,BO1,0.62439,0.37561,0.62439,True
LCS_20240210_FlyQuest|Shopify Rebellion,LCS,2024,2024-02-10,Shopify Rebellion,FlyQuest,Shopify Rebellion,FlyQuest,1-0,1,0,1,FlyQuest|Shopify Rebellion,,,,,,,,,,,,,,,,,,,,,,,
LCS_20240211_100 Thieves|Cloud9,LCS,2024,2024-02-11,100 Thieves,Cloud9,100 Thieves,Cloud9,1-0,1,0,1,100 Thieves|Cloud9,2.0,https://www.oddsportal.com/esports/league-of-legends/league-of-legends-lcs-2024/results/#/page/2/,11 Feb 2024 - Spring Season,2024-02-11,Cloud9,100 Thieves,Cloud9,100 Thieves,0-1,0.0,1.0,1.42,3.07,0.683742,0.316258,Cloud9,100 Thieves,False,BO1,0.683742,0.31625800000000004,0.31625800000000004,True
LCS_20240211_FlyQuest|Immortals,LCS,2024,2024-02-11,FlyQuest,Immortals,FlyQuest,Immortals,1-0,1,0,1,FlyQuest|Immortals,,,,,,,,,,,,,,,,,,,,,,,
LCK_20240221_Nongshim RedForce|T1,LCK,2024,2024-02-21,T1,Nongshim RedForce,T1,Nongshim RedForce,3-0,3,0,3,Nongshim RedForce|T1,4.0,https://www.oddsportal.com/esports/league-of-legends/league-of-legends-lck-2024/results/#/page/4/,21 Feb 2024 - Spring Season,2024-02-21,T1,Nongshim RedForce,T1,Nongshim RedForce,2-1,2.0,1.0,1.01,19.0,0.949525,0.050475,T1,Nongshim RedForce,True,BO3,0.8639745957718684,0.13602540422813159,0.8639745957718684,True
LCK_20240221_Hanwha Life Esports|KT Rolster,LCK,2024,2024-02-21,Hanwha Life Esports,KT Rolster,Hanwha Life Esports,KT Rolster,2-0,2,0,2,Hanwha Life Esports|KT Rolster,4.0,https://www.oddsportal.com/esports/league-of-legends/league-of-legends-lck-2024/results/#/page/4/,21 Feb 2024 - Spring Season,2024-02-21,Hanwha Life,KT Rolster,Hanwha Life Esports,KT Rolster,2-0,2.0,0.0,1.67,2.1,0.557029,0.442971,Hanwha Life Esports,KT Rolster,True,BO3,0.5380930346850266,0.46190696531497344,0.5380930346850266,True
LCK_20240222_BNK FEARX|Dplus Kia,LCK,2024,2024-02-22,Dplus Kia,BNK FEARX,Dplus Kia,BNK FEARX,1-1,1,1,2,BNK FEARX|Dplus Kia,4.0,https://www.oddsportal.com/esports/league-of-legends/league-of-legends-lck-2024/results/#/page/4/,22 Feb 2024 - Spring Season,2024-02-22,Dplus Kia,FearX,Dplus Kia,BNK FEARX,2-0,2.0,0.0,1.2,5.08,0.808917,0.191083,Dplus Kia,BNK FEARX,True,BO3,0.7201761251301323,0.2798238748698677,0.7201761251301323,True
LCK_20240222_Gen.G|KRX,LCK,2024,2024-02-22,Gen.G,DRX,Gen.G,DRX,1-1,1,1,2,Gen.G|KRX,4.0,https://www.oddsportal.com/esports/league-of-legends/league-of-legends-lck-2024/results/#/page/4/,22 Feb 2024 - Spring Season,2024-02-22,Gen.G,KRX,Gen.G,KRX,2-0,2.0,0.0,1.02,13.5,0.929752,0.070248,Gen.G,KRX,True,BO3,0.837976606448127,0.162023393551873,0.837976606448127,True
LCK_20240223_DN SOOPers|HANJIN BRION,LCK,2024,2024-02-23,DN SOOPers,HANJIN BRION,DN SOOPers,HANJIN BRION,2-1,2,1,3,DN SOOPers|HANJIN BRION,4.0,https://www.oddsportal.com/esports/league-of-legends/league-of-legends-lck-2024/results/#/page/4/,23 Feb 2024 - Spring Season,2024-02-23,DN SOOPers,OKSavingsBank Brion,DN SOOPers,HANJIN BRION,1-2,1.0,2.0,1.14,6.3,0.846774,0.153226,DN SOOPers,HANJIN BRION,True,BO3,0.7526977386290986,0.2473022613709014,0.7526977386290986,True
LCK_20240223_Hanwha Life Esports|Nongshim RedForce,LCK,2024,2024-02-23,Hanwha Life Esports,Nongshim RedForce,Hanwha Life Esports,Nongshim RedForce,1-1,1,1,2,Hanwha Life Esports|Nongshim RedForce,4.0,https://www.oddsportal.com/esports/league-of-legends/league-of-legends-lck-2024/results/#/page/4/,23 Feb 2024 - Spring Season,2024-02-23,Hanwha Life,Nongshim RedForce,Hanwha Life Esports,Nongshim RedForce,2-0,2.0,0.0,1.06,9.0,0.894632,0.105368,Hanwha Life Esports,Nongshim RedForce,True,BO3,0.7985787812620092,0.2014212187379908,0.7985787812620092,True
LCK_20240224_KT Rolster|T1,LCK,2024,2024-02-24,T1,KT Rolster,T1,KT Rolster,1-1,1,1,2,KT Rolster|T1,4.0,https://www.oddsportal.com/esports/league-of-legends/league-of-legends-lck-2024/results/#/page/4/,24 Feb 2024 - Spring Season,2024-02-24,T1,KT Rolster,T1,KT Rolster,2-0,2.0,0.0,1.18,5.08,0.811502,0.188498,T1,KT Rolster,True,BO3,0.7223190508428301,0.2776809491571699,0.7223190508428301,True
LCK_20240224_BNK FEARX|Gen.G,LCK,2024,2024-02-24,Gen.G,BNK FEARX,Gen.G,BNK FEARX,2-0,2,0,2,BNK FEARX|Gen.G,4.0,https://www.oddsportal.com/esports/league-of-legends/league-of-legends-lck-2024/results/#/page/4/,24 Feb 2024 - Spring Season,2024-02-24,Gen.G,FearX,Gen.G,BNK FEARX,2-0,2.0,0.0,1.04,11.8,0.919003,0.080997,Gen.G,BNK FEARX,True,BO3,0.8251839145400645,0.17481608545993554,0.8251839145400645,True
LCK_20240226_DN SOOPers|HANJIN BRION,LCK,2024,2024-02-26,HANJIN BRION,DN SOOPers,HANJIN BRION,DN SOOPers,3-0,3,0,3,DN SOOPers|HANJIN BRION,,,,,,,,,,,,,,,,,,,,,,,
LCK_20240225_Dplus Kia|KRX,LCK,2024,2024-02-25,DRX,Dplus Kia,DRX,Dplus Kia,2-1,2,1,3,Dplus Kia|KRX,4.0,https://www.oddsportal.com/esports/league-of-legends/league-of-legends-lck-2024/results/#/page/4/,25 Feb 2024 - Spring Season,2024-02-25,KRX,Dplus Kia,KRX,Dplus Kia,1-2,1.0,2.0,7.95,1.1,0.121547,0.878453,KRX,Dplus Kia,True,BO3,0.21770212211104664,0.7822978778889533,0.21770212211104664,True
LCK_20240228_DN SOOPers|Gen.G,LCK,2024,2024-02-28,DN SOOPers,Gen.G,Gen.G,DN SOOPers,2-0,2,0,2,DN SOOPers|Gen.G,3.0,https://www.oddsportal.com/esports/league-of-legends/league-of-legends-lck-2024/results/#/page/3/,28 Feb 2024 - Spring Season,2024-02-28,DN SOOPers,Gen.G,DN SOOPers,Gen.G,0-2,0.0,2.0,7.95,1.09,0.120575,0.879425,DN SOOPers,Gen.G,True,BO3,0.21674939755871034,0.7832506024412896,0.21674939755871034,True
LCK_20240228_BNK FEARX|T1,LCK,2024,2024-02-28,T1,BNK FEARX,T1,BNK FEARX,1-1,1,1,2,BNK FEARX|T1,3.0,https://www.oddsportal.com/esports/league-of-legends/league-of-legends-lck-2024/results/#/page/3/,28 Feb 2024 - Spring Season,2024-02-28,T1,FearX,T1,BNK FEARX,2-0,2.0,0.0,1.04,11.9,0.919629,0.080371,T1,BNK FEARX,True,BO3,0.8259083526149442,0.17409164738505578,0.8259083526149442,True
LCK_20240229_Dplus Kia|HANJIN BRION,LCK,2024,2024-02-29,Dplus Kia,HANJIN BRION,Dplus Kia,HANJIN BRION,1-1,1,1,2,Dplus Kia|HANJIN BRION,3.0,https://www.oddsportal.com/esports/league-of-legends/league-of-legends-lck-2024/results/#/page/3/,29 Feb 2024 - Spring Season,2024-02-29,Dplus Kia,OKSavingsBank Brion,Dplus Kia,HANJIN BRION,2-0,2.0,0.0,1.1,5.75,0.839416,0.160584,Dplus Kia,HANJIN BRION,True,BO3,0.7461670441789884,0.2538329558210116,0.7461670441789884,True
LCK_20240229_KRX|Nongshim RedForce,LCK,2024,2024-02-29,Nongshim RedForce,DRX,Nongshim RedForce,DRX,2-1,2,1,3,KRX|Nongshim RedForce,,,,,,,,,,,,,,,,,,,,,,,
LCK_20240301_BNK FEARX|Hanwha Life Esports,LCK,2024,2024-03-01,Hanwha Life Esports,BNK FEARX,BNK FEARX,Hanwha Life Esports,2-1,2,1,3,BNK FEARX|Hanwha Life Esports,3.0,https://www.oddsportal.com/esports/league-of-legends/league-of-legends-lck-2024/results/#/page/3/,01 Mar 2024 - Spring Season,2024-03-01,Hanwha Life,FearX,Hanwha Life Esports,BNK FEARX,2-1,2.0,1.0,1.07,9.45,0.898289,0.101711,Hanwha Life Esports,BNK FEARX,True,BO3,0.8023951601110354,0.1976048398889646,0.8023951601110354,True
LCK_20240301_Gen.G|KT Rolster,LCK,2024,2024-03-01,Gen.G,KT Rolster,Gen.G,KT Rolster,1-1,1,1,2,Gen.G|KT Rolster,3.0,https://www.oddsportal.com/esports/league-of-legends/league-of-legends-lck-2024/results/#/page/3/,01 Mar 2024 - Spring Season,2024-03-01,Gen.G,KT Rolster,Gen.G,KT Rolster,2-0,2.0,0.0,1.31,3.57,0.731557,0.268443,Gen.G,KT Rolster,True,BO3,0.6598136017094454,0.34018639829055464,0.6598136017094454,True
LCK_20240302_DN SOOPers|Nongshim RedForce,LCK,2024,2024-03-02,DN SOOPers,Nongshim RedForce,DN SOOPers,Nongshim RedForce,3-0,3,0,3,DN SOOPers|Nongshim RedForce,,,,,,,,,,,,,,,,,,,,,,,
LCK_20240302_HANJIN BRION|T1,LCK,2024,2024-03-02,T1,HANJIN BRION,T1,HANJIN BRION,1-1,1,1,2,HANJIN BRION|T1,,,,,,,,,,,,,,,,,,,,,,,
LCK_20240303_Dplus Kia|KT Rolster,LCK,2024,2024-03-03,KT Rolster,Dplus Kia,KT Rolster,Dplus Kia,2-1,2,1,3,Dplus Kia|KT Rolster,,,,,,,,,,,,,,,,,,,,,,,
LCK_20240303_Hanwha Life Esports|KRX,LCK,2024,2024-03-03,DRX,Hanwha Life Esports,Hanwha Life Esports,DRX,2-0,2,0,2,Hanwha Life Esports|KRX,,,,,,,,,,,,,,,,,,,,,,,
LCK_20240330_DN SOOPers|Hanwha Life Esports,LCK,2024,2024-03-30,Hanwha Life Esports,DN SOOPers,Hanwha Life Esports,DN SOOPers,3-0,3,0,3,DN SOOPers|Hanwha Life Esports,3.0,https://www.oddsportal.com/esports/league-of-legends/league-of-legends-lck-2024/results/#/page/3/,30 Mar 2024 - Spring - Play Offs,2024-03-30,Hanwha Life,DN SOOPers,Hanwha Life Esports,DN SOOPers,3-0,3.0,0.0,1.03,14.6,0.934101,0.065899,Hanwha Life Esports,DN SOOPers,True,BO5,0.7899870544756218,0.21001294552437821,0.7899870544756218,True
LCK_20240331_Dplus Kia|KT Rolster,LCK,2024,2024-03-31,KT Rolster,Dplus Kia,KT Rolster,Dplus Kia,3-2,3,2,5,Dplus Kia|KT Rolster,3.0,https://www.oddsportal.com/esports/league-of-legends/league-of-legends-lck-2024/results/#/page/3/,31 Mar 2024 - Spring - Play Offs,2024-03-31,KT Rolster,Dplus Kia,KT Rolster,Dplus Kia,2-3,2.0,3.0,1.62,2.45,0.601966,0.398034,KT Rolster,Dplus Kia,True,BO5,0.5548195976301497,0.44518040236985035,0.5548195976301497,True
LCK_20240403_Dplus Kia|Gen.G,LCK,2024,2024-04-03,Gen.G,Dplus Kia,Gen.G,Dplus Kia,5-0,5,0,5,Dplus Kia|Gen.G,3.0,https://www.oddsportal.com/esports/league-of-legends/league-of-legends-lck-2024/results/#/page/3/,03 Apr 2024 - Spring - Play Offs,2024-04-03,Gen.G,Dplus Kia,Gen.G,Dplus Kia,3-2,3.0,2.0,1.09,7.95,0.879425,0.120575,Gen.G,Dplus Kia,True,BO5,0.7344639795466151,0.26553602045338487,0.7344639795466151,True
LCK_20240404_Hanwha Life Esports|T1,LCK,2024,2024-04-04,T1,Hanwha Life Esports,Hanwha Life Esports,T1,3-0,3,0,3,Hanwha Life Esports|T1,3.0,https://www.oddsportal.com/esports/league-of-legends/league-of-legends-lck-2024/results/#/page/3/,04 Apr 2024 - Spring - Play Offs,2024-04-04,T1,Hanwha Life,T1,Hanwha Life Esports,0-3,0.0,3.0,1.5,2.71,0.643705,0.356295,T1,Hanwha Life Esports,True,BO5,0.5778938005270601,0.4221061994729399,0.5778938005270601,True
LCK_20240406_Gen.G|Hanwha Life Esports,LCK,2024,2024-04-06,Gen.G,Hanwha Life Esports,Hanwha Life Esports,Gen.G,3-1,3,1,4,Gen.G|Hanwha Life Esports,3.0,https://www.oddsportal.com/esports/league-of-legends/league-of-legends-lck-2024/results/#/page/3/,06 Apr 2024 - Spring - Play Offs,2024-04-06,Gen.G,Hanwha Life,Gen.G,Hanwha Life Esports,3-1,3.0,1.0,1.45,2.63,0.644608,0.355392,Gen.G,Hanwha Life Esports,True,BO5,0.5783998204609675,0.4216001795390325,0.5783998204609675,True
LCK_20240407_Dplus Kia|T1,LCK,2024,2024-04-07,T1,Dplus Kia,Dplus Kia,T1,2-1,2,1,3,Dplus Kia|T1,3.0,https://www.oddsportal.com/esports/league-of-legends/league-of-legends-lck-2024/results/#/page/3/,07 Apr 2024 - Spring - Play Offs,2024-04-07,Dplus Kia,T1,Dplus Kia,T1,0-3,0.0,3.0,3.23,1.36,0.296296,0.703704,Dplus Kia,T1,False,BO5,0.38763163231906034,0.6123683676809397,0.6123683676809397,True
LCK_20240413_Hanwha Life Esports|T1,LCK,2024,2024-04-13,Hanwha Life Esports,T1,Hanwha Life Esports,T1,3-1,3,1,4,Hanwha Life Esports|T1,3.0,https://www.oddsportal.com/esports/league-of-legends/league-of-legends-lck-2024/results/#/page/3/,13 Apr 2024 - Spring - Play Offs,2024-04-13,Hanwha Life,T1,Hanwha Life Esports,T1,1-3,1.0,3.0,1.95,1.73,0.470109,0.529891,Hanwha Life Esports,T1,True,BO5,0.48404731057865974,0.5159526894213402,0.48404731057865974,True
LCK_20240414_Gen.G|T1,LCK,2024,2024-04-14,Gen.G,T1,Gen.G,T1,3-2,3,2,5,Gen.G|T1,3.0,https://www.oddsportal.com/esports/league-of-legends/league-of-legends-lck-2024/results/#/page/3/,14 Apr 2024 - Spring - Play Offs,2024-04-14,Gen.G,T1,Gen.G,T1,3-2,3.0,2.0,1.58,2.4,0.603015,0.396985,Gen.G,T1,True,BO5,0.5553929075875891,0.4446070924124109,0.5553929075875891,True
EWC_20240704_Bilibili Gaming|T1,EWC,2024,2024-07-04,Bilibili Gaming,T1,T1,Bilibili Gaming,3-0,3,0,3,Bilibili Gaming|T1,,,,,,,,,,,,,,,,,,,,,,,
EWC_20240704_Fnatic|Team Liquid,EWC,2024,2024-07-04,Team Liquid,Fnatic,Team Liquid,Fnatic,1-1,1,1,2,Fnatic|Team Liquid,,,,,,,,,,,,,,,,,,,,,,,
EWC_20240705_Gen.G|Top Esports,EWC,2024,2024-07-05,Gen.G,Top Esports,Top Esports,Gen.G,2-0,2,0,2,Gen.G|Top Esports,,,,,,,,,,,,,,,,,,,,,,,
EWC_20240705_FlyQuest|G2 Esports,EWC,2024,2024-07-05,G2 Esports,FlyQuest,FlyQuest,G2 Esports,2-1,2,1,3,FlyQuest|G2 Esports,,,,,,,,,,,,,,,,,,,,,,,
EWC_20240706_T1|Team Liquid,EWC,2024,2024-07-06,Team Liquid,T1,Team Liquid,T1,2-1,2,1,3,T1|Team Liquid,,,,,,,,,,,,,,,,,,,,,,,
EWC_20240706_G2 Esports|Top Esports,EWC,2024,2024-07-06,Top Esports,G2 Esports,Top Esports,G2 Esports,1-1,1,1,2,G2 Esports|Top Esports,,,,,,,,,,,,,,,,,,,,,,,
EWC_20240707_T1|Top Esports,EWC,2024,2024-07-07,Top Esports,T1,Top Esports,T1,2-2,2,2,4,T1|Top Esports,,,,,,,,,,,,,,,,,,,,,,,
LCK_20240710_HANJIN BRION|T1,LCK,2024,2024-07-10,T1,HANJIN BRION,T1,HANJIN BRION,3-0,3,0,3,HANJIN BRION|T1,2.0,https://www.oddsportal.com/esports/league-of-legends/league-of-legends-lck-2024/results/#/page/2/,10 Jul 2024 - Summer Season,2024-07-10,T1,OKSavingsBank Brion,T1,HANJIN BRION,2-1,2.0,1.0,1.02,15.5,0.938257,0.061743,T1,HANJIN BRION,True,BO3,0.8487065477276758,0.15129345227232416,0.8487065477276758,True
LCK_20240710_KT Rolster|Nongshim RedForce,LCK,2024,2024-07-10,Nongshim RedForce,KT Rolster,KT Rolster,Nongshim RedForce,2-0,2,0,2,KT Rolster|Nongshim RedForce,2.0,https://www.oddsportal.com/esports/league-of-legends/league-of-legends-lck-2024/results/#/page/2/,10 Jul 2024 - Summer Season,2024-07-10,Nongshim RedForce,KT Rolster,Nongshim RedForce,KT Rolster,0-2,0.0,2.0,4.0,1.2,0.230769,0.769231,Nongshim RedForce,KT Rolster,True,BO3,0.31159584297447623,0.6884041570255237,0.31159584297447623,True
LCK_20240711_Dplus Kia|KRX,LCK,2024,2024-07-11,DRX,Dplus Kia,Dplus Kia,DRX,2-0,2,0,2,Dplus Kia|KRX,2.0,https://www.oddsportal.com/esports/league-of-legends/league-of-legends-lck-2024/results/#/page/2/,11 Jul 2024 - Summer Season,2024-07-11,Dplus Kia,KRX,Dplus Kia,KRX,2-0,2.0,0.0,1.09,7.95,0.879425,0.120575,Dplus Kia,KRX,False,BO3,0.7832506024412899,0.21674939755871014,0.21674939755871014,True
LCK_20240711_DN SOOPers|Gen.G,LCK,2024,2024-07-11,Gen.G,DN SOOPers,Gen.G,DN SOOPers,2-0,2,0,2,DN SOOPers|Gen.G,2.0,https://www.oddsportal.com/esports/league-of-legends/league-of-legends-lck-2024/results/#/page/2/,11 Jul 2024 - Summer Season,2024-07-11,DN SOOPers,Gen.G,DN SOOPers,Gen.G,0-2,0.0,2.0,8.58,1.07,0.110881,0.889119,DN SOOPers,Gen.G,False,BO3,0.20707460226298804,0.792925397737012,0.792925397737012,True
LCK_20240712_BNK FEARX|KT Rolster,LCK,2024,2024-07-12,BNK FEARX,KT Rolster,KT Rolster,BNK FEARX,2-0,2,0,2,BNK FEARX|KT Rolster,2.0,https://www.oddsportal.com/esports/league-of-legends/league-of-legends-lck-2024/results/#/page/2/,12 Jul 2024 - Summer Season,2024-07-12,FearX,KT Rolster,BNK FEARX,KT Rolster,0-2,0.0,2.0,3.8,1.31,0.25636,0.74364,BNK FEARX,KT Rolster,True,BO3,0.33115531556986055,0.6688446844301394,0.33115531556986055,True
LCK_20240712_Hanwha Life Esports|T1,LCK,2024,2024-07-12,Hanwha Life Esports,T1,Hanwha Life Esports,T1,3-0,3,0,3,Hanwha Life Esports|T1,2.0,https://www.oddsportal.com/esports/league-of-legends/league-of-legends-lck-2024/results/#/page/2/,12 Jul 2024 - Summer Season,2024-07-12,T1,Hanwha Life,T1,Hanwha Life Esports,1-2,1.0,2.0,1.62,2.43,0.6,0.4,T1,Hanwha Life Esports,False,BO3,0.5670689228522683,0.4329310771477317,0.4329310771477317,True
LCK_20240713_Dplus Kia|Gen.G,LCK,2024,2024-07-13,Dplus Kia,Gen.G,Gen.G,Dplus Kia,2-0,2,0,2,Dplus Kia|Gen.G,2.0,https://www.oddsportal.com/esports/league-of-legends/league-of-legends-lck-2024/results/#/page/2/,13 Jul 2024 - Summer Season,2024-07-13,Gen.G,Dplus Kia,Gen.G,Dplus Kia,2-0,2.0,0.0,1.17,5.63,0.827941,0.172059,Gen.G,Dplus Kia,False,BO3,0.7361969138744575,0.2638030861255425,0.2638030861255425,True
LCK_20240714_BNK FEARX|Hanwha Life Esports,LCK,2024,2024-07-14,BNK FEARX,Hanwha Life Esports,Hanwha Life Esports,BNK FEARX,2-0,2,0,2,BNK FEARX|Hanwha Life Esports,2.0,https://www.oddsportal.com/esports/league-of-legends/league-of-legends-lck-2024/results/#/page/2/,14 Jul 2024 - Summer Season,2024-07-14,FearX,Hanwha Life,BNK FEARX,Hanwha Life Esports,0-2,0.0,2.0,9.45,1.07,0.101711,0.898289,BNK FEARX,Hanwha Life Esports,True,BO3,0.19760483988896455,0.8023951601110355,0.19760483988896455,True
LCK_20240713_HANJIN BRION|Nongshim RedForce,LCK,2024,2024-07-13,HANJIN BRION,Nongshim RedForce,Nongshim RedForce,HANJIN BRION,2-0,2,0,2,HANJIN BRION|Nongshim RedForce,2.0,https://www.oddsportal.com/esports/league-of-legends/league-of-legends-lck-2024/results/#/page/2/,13 Jul 2024 - Summer Season,2024-07-13,Nongshim RedForce,OKSavingsBank Brion,Nongshim RedForce,HANJIN BRION,2-0,2.0,0.0,1.79,2.07,0.536269,0.463731,Nongshim RedForce,HANJIN BRION,False,BO3,0.5241982258282005,0.4758017741717995,0.4758017741717995,True
LCK_20240714_DN SOOPers|KRX,LCK,2024,2024-07-14,DRX,DN SOOPers,DN SOOPers,DRX,2-0,2,0,2,DN SOOPers|KRX,2.0,https://www.oddsportal.com/esports/league-of-legends/league-of-legends-lck-2024/results/#/page/2/,14 Jul 2024 - Summer Season,2024-07-14,DN SOOPers,KRX,DN SOOPers,KRX,2-0,2.0,0.0,1.29,4.2,0.765027,0.234973,DN SOOPers,KRX,False,BO3,0.6851469694375826,0.3148530305624174,0.3148530305624174,True
LCK_20240717_DN SOOPers|Hanwha Life Esports,LCK,2024,2024-07-17,Hanwha Life Esports,DN SOOPers,Hanwha Life Esports,DN SOOPers,1-1,1,1,2,DN SOOPers|Hanwha Life Esports,2.0,https://www.oddsportal.com/esports/league-of-legends/league-of-legends-lck-2024/results/#/page/2/,17 Jul 2024 - Summer Season,2024-07-17,Hanwha Life,DN SOOPers,Hanwha Life Esports,DN SOOPers,2-0,2.0,0.0,1.22,4.8,0.797342,0.202658,Hanwha Life Esports,DN SOOPers,True,BO3,0.7106998687502926,0.28930013124970744,0.7106998687502926,True
LCK_20240717_Dplus Kia|HANJIN BRION,LCK,2024,2024-07-17,Dplus Kia,HANJIN BRION,Dplus Kia,HANJIN BRION,1-1,1,1,2,Dplus Kia|HANJIN BRION,2.0,https://www.oddsportal.com/esports/league-of-legends/league-of-legends-lck-2024/results/#/page/2/,17 Jul 2024 - Summer Season,2024-07-17,Dplus Kia,OKSavingsBank Brion,Dplus Kia,HANJIN BRION,2-0,2.0,0.0,1.03,13.5,0.929112,0.070888,Dplus Kia,HANJIN BRION,True,BO3,0.8371925038358902,0.16280749616410983,0.8371925038358902,True
LCK_20240718_BNK FEARX|T1,LCK,2024,2024-07-18,BNK FEARX,T1,BNK FEARX,T1,3-0,3,0,3,BNK FEARX|T1,2.0,https://www.oddsportal.com/esports/league-of-legends/league-of-legends-lck-2024/results/#/page/2/,18 Jul 2024 - Summer Season,2024-07-18,FearX,T1,BNK FEARX,T1,2-1,2.0,1.0,9.45,1.07,0.101711,0.898289,BNK FEARX,T1,True,BO3,0.19760483988896455,0.8023951601110355,0.19760483988896455,True
LCK_20240718_Gen.G|Nongshim RedForce,LCK,2024,2024-07-18,Gen.G,Nongshim RedForce,Gen.G,Nongshim RedForce,1-1,1,1,2,Gen.G|Nongshim RedForce,2.0,https://www.oddsportal.com/esports/league-of-legends/league-of-legends-lck-2024/results/#/page/2/,18 Jul 2024 - Summer Season,2024-07-18,Nongshim RedForce,Gen.G,Nongshim RedForce,Gen.G,0-2,0.0,2.0,19.0,1.01,0.050475,0.949525,Nongshim RedForce,Gen.G,False,BO3,0.13602540422813153,0.8639745957718685,0.8639745957718685,True
LCK_20240719_KRX|KT Rolster,LCK,2024,2024-07-19,KT Rolster,DRX,KT Rolster,DRX,2-0,2,0,2,KRX|KT Rolster,2.0,https://www.oddsportal.com/esports/league-of-legends/league-of-legends-lck-2024/results/#/page/2/,19 Jul 2024 - Summer Season,2024-07-19,KRX,KT Rolster,KRX,KT Rolster,0-2,0.0,2.0,6.15,1.14,0.156379,0.843621,KRX,KT Rolster,False,BO3,0.2501146491434448,0.7498853508565553,0.7498853508565553,True
LCK_20240719_DN SOOPers|HANJIN BRION,LCK,2024,2024-07-19,DN SOOPers,HANJIN BRION,DN SOOPers,HANJIN BRION,2-1,2,1,3,DN SOOPers|HANJIN BRION,2.0,https://www.oddsportal.com/esports/league-of-legends/league-of-legends-lck-2024/results/#/page/2/,19 Jul 2024 - Summer Season,2024-07-19,DN SOOPers,OKSavingsBank Brion,DN SOOPers,HANJIN BRION,1-2,1.0,2.0,1.15,5.59,0.829377,0.170623,DN SOOPers,HANJIN BRION,True,BO3,0.7374311061719953,0.26256889382800475,0.7374311061719953,True
LCK_20240720_Hanwha Life Esports|T1,LCK,2024,2024-07-20,T1,Hanwha Life Esports,Hanwha Life Esports,T1,2-0,2,0,2,Hanwha Life Esports|T1,2.0,https://www.oddsportal.com/esports/league-of-legends/league-of-legends-lck-2024/results/#/page/2/,20 Jul 2024 - Summer Season,2024-07-20,T1,Hanwha Life,T1,Hanwha Life Esports,0-2,0.0,2.0,1.92,1.95,0.503876,0.496124,T1,Hanwha Life Esports,True,BO3,0.5025840230053552,0.4974159769946448,0.5025840230053552,True
LCK_20240720_Dplus Kia|Gen.G,LCK,2024,2024-07-20,Gen.G,Dplus Kia,Dplus Kia,Gen.G,2-1,2,1,3,Dplus Kia|Gen.G,2.0,https://www.oddsportal.com/esports/league-of-legends/league-of-legends-lck-2024/results/#/page/2/,20 Jul 2024 - Summer Season,2024-07-20,Gen.G,Dplus Kia,Gen.G,Dplus Kia,2-1,2.0,1.0,1.22,5.15,0.808477,0.191523,Gen.G,Dplus Kia,True,BO3,0.7198123730620828,0.2801876269379172,0.7198123730620828,True
LCK_20240721_BNK FEARX|KT Rolster,LCK,2024,2024-07-21,KT Rolster,BNK FEARX,KT Rolster,BNK FEARX,2-1,2,1,3,BNK FEARX|KT Rolster,2.0,https://www.oddsportal.com/esports/league-of-legends/league-of-legends-lck-2024/results/#/page/2/,21 Jul 2024 - Summer Season,2024-07-21,KT Rolster,FearX,KT Rolster,BNK FEARX,1-2,1.0,2.0,1.22,4.51,0.787086,0.212914,KT Rolster,BNK FEARX,True,BO3,0.7024549697168018,0.29754503028319823,0.7024549697168018,True
LCK_20240721_KRX|Nongshim RedForce,LCK,2024,2024-07-21,DRX,Nongshim RedForce,Nongshim RedForce,DRX,2-0,2,0,2,KRX|Nongshim RedForce,2.0,https://www.oddsportal.com/esports/league-of-legends/league-of-legends-lck-2024/results/#/page/2/,21 Jul 2024 - Summer Season,2024-07-21,KRX,Nongshim RedForce,KRX,Nongshim RedForce,0-2,0.0,2.0,2.0,1.72,0.462366,0.537634,KRX,Nongshim RedForce,True,BO3,0.47488955600175414,0.5251104439982459,0.47488955600175414,True
LCS_20240817_100 Thieves|Dignitas,LCS,2024,2024-08-17,Dignitas,100 Thieves,100 Thieves,Dignitas,3-0,3,0,3,100 Thieves|Dignitas,1.0,https://www.oddsportal.com/esports/league-of-legends/league-of-legends-lcs-2024/results/,17 Aug 2024 - Summer - Play offs,2024-08-17,Dignitas,100 Thieves,Dignitas,100 Thieves,0-3,0.0,3.0,2.05,1.77,0.463351,0.536649,Dignitas,100 Thieves,True,BO5,0.4804339010879344,0.5195660989120656,0.4804339010879344,True
LCS_20240818_FlyQuest|NRG Esports,LCS,2024,2024-08-18,FlyQuest,NRG,FlyQuest,NRG,3-1,3,1,4,FlyQuest|NRG Esports,,,,,,,,,,,,,,,,,,,,,,,
LCK_20240823_BNK FEARX|Dplus Kia,LCK,2024,2024-08-23,Dplus Kia,BNK FEARX,Dplus Kia,BNK FEARX,3-1,3,1,4,BNK FEARX|Dplus Kia,1.0,https://www.oddsportal.com/esports/league-of-legends/league-of-legends-lck-2024/results/,23 Aug 2024 - Summer - Play offs,2024-08-23,Dplus Kia,FearX,Dplus Kia,BNK FEARX,3-1,3.0,1.0,1.15,6.15,0.842466,0.157534,Dplus Kia,BNK FEARX,True,BO5,0.7042261545665661,0.2957738454334339,0.7042261545665661,True
LCS_20240823_Dignitas|NRG Esports,LCS,2024,2024-08-23,Dignitas,NRG,Dignitas,NRG,5-0,5,0,5,Dignitas|NRG Esports,1.0,https://www.oddsportal.com/esports/league-of-legends/league-of-legends-lcs-2024/results/,23 Aug 2024 - Summer - Play offs,2024-08-23,Dignitas,NRG Esports,Dignitas,NRG Esports,3-2,3.0,2.0,1.65,2.25,0.576923,0.423077,Dignitas,NRG Esports,True,BO5,0.5412118729312448,0.45878812706875516,0.5412118729312448,True
LCK_20240824_KT Rolster|T1,LCK,2024,2024-08-24,T1,KT Rolster,T1,KT Rolster,3-1,3,1,4,KT Rolster|T1,1.0,https://www.oddsportal.com/esports/league-of-legends/league-of-legends-lck-2024/results/,24 Aug 2024 - Summer - Play offs,2024-08-24,T1,KT Rolster,T1,KT Rolster,3-1,3.0,1.0,1.31,3.57,0.731557,0.268443,T1,KT Rolster,True,BO5,0.6291231162242962,0.3708768837757038,0.6291231162242962,True
LCS_20240824_100 Thieves|Team Liquid,LCS,2024,2024-08-24,Team Liquid,100 Thieves,100 Thieves,Team Liquid,2-1,2,1,3,100 Thieves|Team Liquid,1.0,https://www.oddsportal.com/esports/league-of-legends/league-of-legends-lcs-2024/results/,24 Aug 2024 - Summer - Play offs,2024-08-24,Team Liquid,100 Thieves,Team Liquid,100 Thieves,3-0,3.0,0.0,1.14,5.76,0.834783,0.165217,Team Liquid,100 Thieves,True,BO5,0.6983896628344709,0.3016103371655291,0.6983896628344709,True
LCS_20240825_Cloud9|FlyQuest,LCS,2024,2024-08-25,Cloud9,FlyQuest,Cloud9,FlyQuest,2-2,2,2,4,Cloud9|FlyQuest,1.0,https://www.oddsportal.com/esports/league-of-legends/league-of-legends-lcs-2024/results/,25 Aug 2024 - Summer - Play offs,2024-08-25,Cloud9,FlyQuest eSports,Cloud9,FlyQuest eSports,1-3,1.0,3.0,1.43,3.1,0.684327,0.315673,Cloud9,FlyQuest,True,BO5,0.6010234450386137,0.3989765549613863,0.6010234450386137,True
LCK_20240829_Hanwha Life Esports|T1,LCK,2024,2024-08-29,Hanwha Life Esports,T1,T1,Hanwha Life Esports,2-1,2,1,3,Hanwha Life Esports|T1,1.0,https://www.oddsportal.com/esports/league-of-legends/league-of-legends-lck-2024/results/,29 Aug 2024 - Summer - Play offs,2024-08-29,Hanwha Life,T1,Hanwha Life Esports,T1,3-0,3.0,0.0,1.72,2.27,0.568922,0.431078,Hanwha Life Esports,T1,True,BO5,0.5368920774599909,0.4631079225400091,0.5368920774599909,True
LCK_20240828_Dplus Kia|Gen.G,LCK,2024,2024-08-28,Gen.G,Dplus Kia,Dplus Kia,Gen.G,2-1,2,1,3,Dplus Kia|Gen.G,1.0,https://www.oddsportal.com/esports/league-of-legends/league-of-legends-lck-2024/results/,28 Aug 2024 - Summer - Play offs,2024-08-28,Gen.G,Dplus Kia,Gen.G,Dplus Kia,3-0,3.0,0.0,1.13,6.64,0.854569,0.145431,Gen.G,Dplus Kia,True,BO5,0.7137026746026236,0.2862973253973764,0.7137026746026236,True
LCS_20240830_100 Thieves|Dignitas,LCS,2024,2024-08-30,100 Thieves,Dignitas,100 Thieves,Dignitas,3-2,3,2,5,100 Thieves|Dignitas,1.0,https://www.oddsportal.com/esports/league-of-legends/league-of-legends-lcs-2024/results/,30 Aug 2024 - Summer - Play offs,2024-08-30,100 Thieves,Dignitas,100 Thieves,Dignitas,3-2,3.0,2.0,1.35,3.54,0.723926,0.276074,100 Thieves,Dignitas,True,BO5,0.6244745010160303,0.3755254989839697,0.6244745010160303,True
LCK_20240831_Gen.G|Hanwha Life Esports,LCK,2024,2024-08-31,Gen.G,Hanwha Life Esports,Hanwha Life Esports,Gen.G,3-1,3,1,4,Gen.G|Hanwha Life Esports,1.0,https://www.oddsportal.com/esports/league-of-legends/league-of-legends-lck-2024/results/,31 Aug 2024 - Summer - Play offs,2024-08-31,Gen.G,Hanwha Life,Gen.G,Hanwha Life Esports,3-1,3.0,1.0,1.22,4.51,0.787086,0.212914,Gen.G,Hanwha Life Esports,True,BO5,0.6646226311808352,0.3353773688191648,0.6646226311808352,True
LCS_20240831_FlyQuest|Team Liquid,LCS,2024,2024-08-31,Team Liquid,FlyQuest,Team Liquid,FlyQuest,3-2,3,2,5,FlyQuest|Team Liquid,1.0,https://www.oddsportal.com/esports/league-of-legends/league-of-legends-lcs-2024/results/,31 Aug 2024 - Summer - Play offs,2024-08-31,Team Liquid,FlyQuest eSports,Team Liquid,FlyQuest eSports,3-2,3.0,2.0,1.21,4.38,0.783542,0.216458,Team Liquid,FlyQuest,True,BO5,0.6622532065761872,0.33774679342381275,0.6622532065761872,True
LCK_20240901_Dplus Kia|T1,LCK,2024,2024-09-01,Dplus Kia,T1,Dplus Kia,T1,3-1,3,1,4,Dplus Kia|T1,1.0,https://www.oddsportal.com/esports/league-of-legends/league-of-legends-lck-2024/results/,01 Sep 2024 - Summer - Play offs,2024-09-01,Dplus Kia,T1,Dplus Kia,T1,1-3,1.0,3.0,2.5,1.61,0.391727,0.608273,Dplus Kia,T1,True,BO5,0.4417289218128194,0.5582710781871806,0.4417289218128194,True
LCS_20240901_100 Thieves|Cloud9,LCS,2024,2024-09-01,Cloud9,100 Thieves,Cloud9,100 Thieves,2-2,2,2,4,100 Thieves|Cloud9,1.0,https://www.oddsportal.com/esports/league-of-legends/league-of-legends-lcs-2024/results/,01 Sep 2024 - Summer - Play offs,2024-09-01,Cloud9,100 Thieves,Cloud9,100 Thieves,1-3,1.0,3.0,1.27,4.4,0.776014,0.223986,Cloud9,100 Thieves,True,BO5,0.6572732469615286,0.34272675303847144,0.6572732469615286,True
LCS_20240906_100 Thieves|FlyQuest,LCS,2024,2024-09-06,FlyQuest,100 Thieves,100 Thieves,FlyQuest,2-1,2,1,3,100 Thieves|FlyQuest,1.0,https://www.oddsportal.com/esports/league-of-legends/league-of-legends-lcs-2024/results/,06 Sep 2024 - Summer - Play offs,2024-09-06,FlyQuest eSports,100 Thieves,FlyQuest eSports,100 Thieves,3-0,3.0,0.0,1.3,3.54,0.731405,0.268595,FlyQuest,100 Thieves,True,BO5,0.6290300597062557,0.3709699402937443,0.6290300597062557,True
LCK_20240907_Hanwha Life Esports|T1,LCK,2024,2024-09-07,Hanwha Life Esports,T1,Hanwha Life Esports,T1,3-1,3,1,4,Hanwha Life Esports|T1,1.0,https://www.oddsportal.com/esports/league-of-legends/league-of-legends-lck-2024/results/,07 Sep 2024 - Summer - Play offs,2024-09-07,Hanwha Life,T1,Hanwha Life Esports,T1,3-1,3.0,1.0,1.57,2.5,0.614251,0.385749,Hanwha Life Esports,T1,True,BO5,0.561552931195881,0.438447068804119,0.561552931195881,True
LCS_20240907_FlyQuest|Team Liquid,LCS,2024,2024-09-07,Team Liquid,FlyQuest,Team Liquid,FlyQuest,2-2,2,2,4,FlyQuest|Team Liquid,1.0,https://www.oddsportal.com/esports/league-of-legends/league-of-legends-lcs-2024/results/,07 Sep 2024 - Summer - Play offs,2024-09-07,Team Liquid,FlyQuest eSports,Team Liquid,FlyQuest eSports,1-3,1.0,3.0,1.32,3.54,0.728395,0.271605,Team Liquid,FlyQuest,True,BO5,0.6271912095982808,0.3728087904017192,0.6271912095982808,True
LCK_20240908_Gen.G|Hanwha Life Esports,LCK,2024,2024-09-08,Gen.G,Hanwha Life Esports,Hanwha Life Esports,Gen.G,3-2,3,2,5,Gen.G|Hanwha Life Esports,1.0,https://www.oddsportal.com/esports/league-of-legends/league-of-legends-lck-2024/results/,08 Sep 2024 - Summer - Play offs,2024-09-08,Gen.G,Hanwha Life,Gen.G,Hanwha Life Esports,2-3,2.0,3.0,1.15,4.8,0.806723,0.193277,Gen.G,Hanwha Life Esports,True,BO5,0.6780696796658022,0.3219303203341978,0.6780696796658022,True
LCK_20250115_DN SOOPers|Nongshim RedForce,LCK,2025,2025-01-15,DN SOOPers,Nongshim RedForce,DN SOOPers,Nongshim RedForce,3-0,3,0,3,DN SOOPers|Nongshim RedForce,5.0,https://www.oddsportal.com/esports/league-of-legends/league-of-legends-lck-2025/results/#/page/5/,15 Jan 2025 - Preliminary,2025-01-15,DN SOOPers,Nongshim RedForce,DN SOOPers,Nongshim RedForce,2-1,2.0,1.0,1.52,2.63,0.633735,0.366265,DN SOOPers,Nongshim RedForce,True,BO3,0.5901329816412614,0.4098670183587386,0.5901329816412614,True
LCK_20250115_HANJIN BRION|KRX,LCK,2025,2025-01-15,HANJIN BRION,DRX,HANJIN BRION,DRX,2-1,2,1,3,HANJIN BRION|KRX,5.0,https://www.oddsportal.com/esports/league-of-legends/league-of-legends-lck-2025/results/#/page/5/,15 Jan 2025 - Preliminary,2025-01-15,OKSavingsBank Brion,KRX,HANJIN BRION,KRX,1-2,1.0,2.0,1.62,2.24,0.580311,0.419689,HANJIN BRION,KRX,True,BO3,0.5537476894452291,0.4462523105547709,0.5537476894452291,True
LCK_20250116_BNK FEARX|KT Rolster,LCK,2025,2025-01-16,BNK FEARX,KT Rolster,BNK FEARX,KT Rolster,2-1,2,1,3,BNK FEARX|KT Rolster,5.0,https://www.oddsportal.com/esports/league-of-legends/league-of-legends-lck-2025/results/#/page/5/,16 Jan 2025 - Preliminary,2025-01-16,FearX,KT Rolster,BNK FEARX,KT Rolster,1-2,1.0,2.0,4.47,1.22,0.214411,0.785589,BNK FEARX,KT Rolster,True,BO3,0.298737367368829,0.7012626326311711,0.298737367368829,True
LCK_20250117_Gen.G|Hanwha Life Esports,LCK,2025,2025-01-17,Gen.G,Hanwha Life Esports,Gen.G,Hanwha Life Esports,1-1,1,1,2,Gen.G|Hanwha Life Esports,5.0,https://www.oddsportal.com/esports/league-of-legends/league-of-legends-lck-2025/results/#/page/5/,17 Jan 2025 - Preliminary,2025-01-17,Gen.G,Hanwha Life,Gen.G,Hanwha Life Esports,2-0,2.0,0.0,1.58,2.36,0.598985,0.401015,Gen.G,Hanwha Life Esports,True,BO3,0.5663799870871713,0.4336200129128287,0.5663799870871713,True
LCK_20250117_HANJIN BRION|Nongshim RedForce,LCK,2025,2025-01-17,Nongshim RedForce,HANJIN BRION,Nongshim RedForce,HANJIN BRION,1-1,1,1,2,HANJIN BRION|Nongshim RedForce,5.0,https://www.oddsportal.com/esports/league-of-legends/league-of-legends-lck-2025/results/#/page/5/,17 Jan 2025 - Preliminary,2025-01-17,Nongshim RedForce,OKSavingsBank Brion,Nongshim RedForce,HANJIN BRION,2-0,2.0,0.0,1.52,2.55,0.626536,0.373464,Nongshim RedForce,HANJIN BRION,True,BO3,0.5851814209301169,0.41481857906988306,0.5851814209301169,True
LCK_20250116_Dplus Kia|T1,LCK,2025,2025-01-16,Dplus Kia,T1,Dplus Kia,T1,3-0,3,0,3,Dplus Kia|T1,5.0,https://www.oddsportal.com/esports/league-of-legends/league-of-legends-lck-2025/results/#/page/5/,16 Jan 2025 - Preliminary,2025-01-16,Dplus Kia,T1,Dplus Kia,T1,2-1,2.0,1.0,3.1,1.32,0.298643,0.701357,Dplus Kia,T1,True,BO3,0.36227912353716774,0.6377208764628323,0.36227912353716774,True
LCK_20250118_DN SOOPers|Dplus Kia,LCK,2025,2025-01-18,Dplus Kia,DN SOOPers,Dplus Kia,DN SOOPers,1-1,1,1,2,DN SOOPers|Dplus Kia,5.0,https://www.oddsportal.com/esports/league-of-legends/league-of-legends-lck-2025/results/#/page/5/,18 Jan 2025 - Preliminary,2025-01-18,Dplus Kia,DN SOOPers,Dplus Kia,DN SOOPers,2-0,2.0,0.0,1.33,3.4,0.718816,0.281184,Dplus Kia,DN SOOPers,True,BO3,0.6504147655454251,0.3495852344545749,0.6504147655454251,True
LCK_20250118_KRX|T1,LCK,2025,2025-01-18,DRX,T1,T1,DRX,2-0,2,0,2,KRX|T1,5.0,https://www.oddsportal.com/esports/league-of-legends/league-of-legends-lck-2025/results/#/page/5/,18 Jan 2025 - Preliminary,2025-01-18,KRX,T1,KRX,T1,0-2,0.0,2.0,8.5,1.06,0.110879,0.889121,KRX,T1,True,BO3,0.20707257214558789,0.7929274278544121,0.20707257214558789,True
LCK_20250119_Hanwha Life Esports|KT Rolster,LCK,2025,2025-01-19,KT Rolster,Hanwha Life Esports,Hanwha Life Esports,KT Rolster,2-0,2,0,2,Hanwha Life Esports|KT Rolster,5.0,https://www.oddsportal.com/esports/league-of-legends/league-of-legends-lck-2025/results/#/page/5/,19 Jan 2025 - Preliminary,2025-01-19,KT Rolster,Hanwha Life,KT Rolster,Hanwha Life Esports,0-2,0.0,2.0,5.0,1.17,0.189627,0.810373,KT Rolster,Hanwha Life Esports,True,BO3,0.27861811677302756,0.7213818832269725,0.27861811677302756,True
LCK_20250119_BNK FEARX|Gen.G,LCK,2025,2025-01-19,BNK FEARX,Gen.G,Gen.G,BNK FEARX,2-0,2,0,2,BNK FEARX|Gen.G,4.0,https://www.oddsportal.com/esports/league-of-legends/league-of-legends-lck-2025/results/#/page/4/,19 Jan 2025 - Preliminary,2025-01-19,FearX,Gen.G,BNK FEARX,Gen.G,0-2,0.0,2.0,13.6,1.04,0.071038,0.928962,BNK FEARX,Gen.G,True,BO3,0.16299083032200481,0.8370091696779952,0.16299083032200481,True
LCK_20250122_BNK FEARX|Dplus Kia,LCK,2025,2025-01-22,Dplus Kia,BNK FEARX,Dplus Kia,BNK FEARX,3-0,3,0,3,BNK FEARX|Dplus Kia,4.0,https://www.oddsportal.com/esports/league-of-legends/league-of-legends-lck-2025/results/#/page/4/,22 Jan 2025 - Preliminary,2025-01-22,Dplus Kia,FearX,Dplus Kia,BNK FEARX,2-1,2.0,1.0,1.1,6.5,0.855263,0.144737,Dplus Kia,BNK FEARX,True,BO3,0.760379408509232,0.23962059149076798,0.760379408509232,True
LCK_20250122_DN SOOPers|KRX,LCK,2025,2025-01-22,DN SOOPers,DRX,DN SOOPers,DRX,2-1,2,1,3,DN SOOPers|KRX,4.0,https://www.oddsportal.com/esports/league-of-legends/league-of-legends-lck-2025/results/#/page/4/,22 Jan 2025 - Preliminary,2025-01-22,DN SOOPers,KRX,DN SOOPers,KRX,1-2,1.0,2.0,1.36,3.1,0.695067,0.304933,DN SOOPers,KRX,True,BO3,0.6331953591455877,0.36680464085441233,0.6331953591455877,True
LCK_20250123_Gen.G|HANJIN BRION,LCK,2025,2025-01-23,HANJIN BRION,Gen.G,HANJIN BRION,Gen.G,1-1,1,1,2,Gen.G|HANJIN BRION,4.0,https://www.oddsportal.com/esports/league-of-legends/league-of-legends-lck-2025/results/#/page/4/,23 Jan 2025 - Preliminary,2025-01-23,OKSavingsBank Brion,Gen.G,HANJIN BRION,Gen.G,2-0,2.0,0.0,11.0,1.03,0.085619,0.914381,HANJIN BRION,Gen.G,True,BO3,0.18009370273673853,0.8199062972632615,0.18009370273673853,True
LCK_20250123_Hanwha Life Esports|Nongshim RedForce,LCK,2025,2025-01-23,Hanwha Life Esports,Nongshim RedForce,Hanwha Life Esports,Nongshim RedForce,1-1,1,1,2,Hanwha Life Esports|Nongshim RedForce,4.0,https://www.oddsportal.com/esports/league-of-legends/league-of-legends-lck-2025/results/#/page/4/,23 Jan 2025 - Preliminary,2025-01-23,Hanwha Life,Nongshim RedForce,Hanwha Life Esports,Nongshim RedForce,2-0,2.0,0.0,1.06,8.0,0.883002,0.116998,Hanwha Life Esports,Nongshim RedForce,True,BO3,0.7867831417028295,0.21321685829717052,0.7867831417028295,True
LCK_20250124_KT Rolster|T1,LCK,2025,2025-01-24,T1,KT Rolster,T1,KT Rolster,3-0,3,0,3,KT Rolster|T1,4.0,https://www.oddsportal.com/esports/league-of-legends/league-of-legends-lck-2025/results/#/page/4/,24 Jan 2025 - Preliminary,2025-01-24,T1,KT Rolster,T1,KT Rolster,2-1,2.0,1.0,1.38,3.0,0.684932,0.315068,T1,KT Rolster,True,BO3,0.6259521291653675,0.37404787083463253,0.6259521291653675,True
LCK_20250125_Dplus Kia|Hanwha Life Esports,LCK,2025,2025-01-25,Hanwha Life Esports,Dplus Kia,Hanwha Life Esports,Dplus Kia,2-1,2,1,3,Dplus Kia|Hanwha Life Esports,4.0,https://www.oddsportal.com/esports/league-of-legends/league-of-legends-lck-2025/results/#/page/4/,25 Jan 2025 - Preliminary,2025-01-25,Hanwha Life,Dplus Kia,Hanwha Life Esports,Dplus Kia,1-2,1.0,2.0,1.54,2.7,0.636792,0.363208,Hanwha Life Esports,Dplus Kia,True,BO3,0.592241101475382,0.407758898524618,0.592241101475382,True
LCK_20250125_DN SOOPers|Gen.G,LCK,2025,2025-01-25,Gen.G,DN SOOPers,Gen.G,DN SOOPers,1-1,1,1,2,DN SOOPers|Gen.G,4.0,https://www.oddsportal.com/esports/league-of-legends/league-of-legends-lck-2025/results/#/page/4/,25 Jan 2025 - Preliminary,2025-01-25,Gen.G,DN SOOPers,Gen.G,DN SOOPers,2-0,2.0,0.0,1.08,7.0,0.866337,0.133663,Gen.G,DN SOOPers,True,BO3,0.7706622539817704,0.22933774601822965,0.7706622539817704,True
LCK_20250126_HANJIN BRION|KT Rolster,LCK,2025,2025-01-26,KT Rolster,HANJIN BRION,KT Rolster,HANJIN BRION,1-1,1,1,2,HANJIN BRION|KT Rolster,4.0,https://www.oddsportal.com/esports/league-of-legends/league-of-legends-lck-2025/results/#/page/4/,26 Jan 2025 - Preliminary,2025-01-26,KT Rolster,OKSavingsBank Brion,KT Rolster,HANJIN BRION,2-0,2.0,0.0,1.42,2.87,0.668998,0.331002,KT Rolster,HANJIN BRION,True,BO3,0.6146760794917354,0.3853239205082646,0.6146760794917354,True
LCK_20250124_BNK FEARX|KRX,LCK,2025,2025-01-24,DRX,BNK FEARX,DRX,BNK FEARX,3-0,3,0,3,BNK FEARX|KRX,4.0,https://www.oddsportal.com/esports/league-of-legends/league-of-legends-lck-2025/results/#/page/4/,24 Jan 2025 - Preliminary,2025-01-24,KRX,FearX,KRX,BNK FEARX,2-1,2.0,1.0,2.24,1.62,0.419689,0.580311,KRX,BNK FEARX,True,BO3,0.44625231055477077,0.5537476894452292,0.44625231055477077,True
LCK_20250126_Nongshim RedForce|T1,LCK,2025,2025-01-26,T1,Nongshim RedForce,T1,Nongshim RedForce,1-1,1,1,2,Nongshim RedForce|T1,4.0,https://www.oddsportal.com/esports/league-of-legends/league-of-legends-lck-2025/results/#/page/4/,26 Jan 2025 - Preliminary,2025-01-26,T1,Nongshim RedForce,T1,Nongshim RedForce,2-0,2.0,0.0,1.14,5.5,0.828313,0.171687,T1,Nongshim RedForce,True,BO3,0.7365162783581356,0.2634837216418644,0.7365162783581356,True
LCK_20250409_DN SOOPers|Hanwha Life Esports,LCK,2025,2025-04-09,DN SOOPers,Hanwha Life Esports,DN SOOPers,Hanwha Life Esports,2-1,2,1,3,DN SOOPers|Hanwha Life Esports,4.0,https://www.oddsportal.com/esports/league-of-legends/league-of-legends-lck-2025/results/#/page/4/,09 Apr 2025 - First stage,2025-04-09,DN SOOPers,Hanwha Life,DN SOOPers,Hanwha Life Esports,1-2,1.0,2.0,12.7,1.06,0.077035,0.922965,DN SOOPers,Hanwha Life Esports,True,BO3,0.17019008796307047,0.8298099120369296,0.17019008796307047,True
LCK_20250409_Dplus Kia|HANJIN BRION,LCK,2025,2025-04-09,Dplus Kia,HANJIN BRION,Dplus Kia,HANJIN BRION,1-1,1,1,2,Dplus Kia|HANJIN BRION,4.0,https://www.oddsportal.com/esports/league-of-legends/league-of-legends-lck-2025/results/#/page/4/,09 Apr 2025 - First stage,2025-04-09,Dplus Kia,OKSavingsBank Brion,Dplus Kia,HANJIN BRION,2-0,2.0,0.0,1.16,5.8,0.833333,0.166667,Dplus Kia,HANJIN BRION,True,BO3,0.7408506958900773,0.25914930410992265,0.7408506958900773,True
LCK_20250410_BNK FEARX|KRX,LCK,2025,2025-04-10,BNK FEARX,DRX,BNK FEARX,DRX,1-1,1,1,2,BNK FEARX|KRX,4.0,https://www.oddsportal.com/esports/league-of-legends/league-of-legends-lck-2025/results/#/page/4/,10 Apr 2025 - First stage,2025-04-10,FearX,KRX,BNK FEARX,KRX,2-0,2.0,0.0,2.75,1.58,0.364896,0.635104,BNK FEARX,KRX,True,BO3,0.4089233647282319,0.5910766352717681,0.4089233647282319,True
LCK_20250410_KT Rolster|T1,LCK,2025,2025-04-10,T1,KT Rolster,T1,KT Rolster,1-1,1,1,2,KT Rolster|T1,4.0,https://www.oddsportal.com/esports/league-of-legends/league-of-legends-lck-2025/results/#/page/4/,10 Apr 2025 - First stage,2025-04-10,T1,KT Rolster,T1,KT Rolster,2-0,2.0,0.0,1.18,5.3,0.817901,0.182099,T1,KT Rolster,True,BO3,0.7276682544864529,0.2723317455135471,0.7276682544864529,True
LCK_20250411_DN SOOPers|HANJIN BRION,LCK,2025,2025-04-11,HANJIN BRION,DN SOOPers,DN SOOPers,HANJIN BRION,2-1,2,1,3,DN SOOPers|HANJIN BRION,4.0,https://www.oddsportal.com/esports/league-of-legends/league-of-legends-lck-2025/results/#/page/4/,11 Apr 2025 - First stage,2025-04-11,OKSavingsBank Brion,DN SOOPers,HANJIN BRION,DN SOOPers,2-1,2.0,1.0,1.98,1.93,0.493606,0.506394,HANJIN BRION,DN SOOPers,True,BO3,0.49573723005406406,0.5042627699459359,0.49573723005406406,True
LCK_20250411_Gen.G|Nongshim RedForce,LCK,2025,2025-04-11,Gen.G,Nongshim RedForce,Gen.G,Nongshim RedForce,1-1,1,1,2,Gen.G|Nongshim RedForce,4.0,https://www.oddsportal.com/esports/league-of-legends/league-of-legends-lck-2025/results/#/page/4/,11 Apr 2025 - First stage,2025-04-11,Gen.G,Nongshim RedForce,Gen.G,Nongshim RedForce,2-0,2.0,0.0,1.15,6.07,0.84072,0.15928,Gen.G,Nongshim RedForce,True,BO3,0.7473162357561465,0.2526837642438535,0.7473162357561465,True
LCK_20250412_Hanwha Life Esports|T1,LCK,2025,2025-04-12,Hanwha Life Esports,T1,Hanwha Life Esports,T1,1-1,1,1,2,Hanwha Life Esports|T1,4.0,https://www.oddsportal.com/esports/league-of-legends/league-of-legends-lck-2025/results/#/page/4/,12 Apr 2025 - First stage,2025-04-12,Hanwha Life,T1,Hanwha Life Esports,T1,2-0,2.0,0.0,1.93,1.93,0.5,0.5,Hanwha Life Esports,T1,True,BO3,0.5,0.5,0.5,True
LCK_20250412_BNK FEARX|KT Rolster,LCK,2025,2025-04-12,KT Rolster,BNK FEARX,KT Rolster,BNK FEARX,3-0,3,0,3,BNK FEARX|KT Rolster,4.0,https://www.oddsportal.com/esports/league-of-legends/league-of-legends-lck-2025/results/#/page/4/,12 Apr 2025 - First stage,2025-04-12,KT Rolster,FearX,KT Rolster,BNK FEARX,2-1,2.0,1.0,1.5,2.5,0.625,0.375,KT Rolster,BNK FEARX,True,BO3,0.5841272008905137,0.41587279910948627,0.5841272008905137,True
LCK_20250413_Dplus Kia|Gen.G,LCK,2025,2025-04-13,Dplus Kia,Gen.G,Dplus Kia,Gen.G,2-1,2,1,3,Dplus Kia|Gen.G,4.0,https://www.oddsportal.com/esports/league-of-legends/league-of-legends-lck-2025/results/#/page/4/,13 Apr 2025 - First stage,2025-04-13,Dplus Kia,Gen.G,Dplus Kia,Gen.G,1-2,1.0,2.0,4.3,1.3,0.232143,0.767857,Dplus Kia,Gen.G,True,BO3,0.3126624254671777,0.6873375745328223,0.3126624254671777,True
LCK_20250413_KRX|Nongshim RedForce,LCK,2025,2025-04-13,Nongshim RedForce,DRX,Nongshim RedForce,DRX,3-0,3,0,3,KRX|Nongshim RedForce,4.0,https://www.oddsportal.com/esports/league-of-legends/league-of-legends-lck-2025/results/#/page/4/,13 Apr 2025 - First stage,2025-04-13,Nongshim RedForce,KRX,Nongshim RedForce,KRX,2-1,2.0,1.0,1.45,3.1,0.681319,0.318681,Nongshim RedForce,KRX,True,BO3,0.6233837871391785,0.3766162128608215,0.6233837871391785,True
LCK_20250416_Nongshim RedForce|T1,LCK,2025,2025-04-16,T1,Nongshim RedForce,T1,Nongshim RedForce,3-0,3,0,3,Nongshim RedForce|T1,4.0,https://www.oddsportal.com/esports/league-of-legends/league-of-legends-lck-2025/results/#/page/4/,16 Apr 2025 - First stage,2025-04-16,T1,Nongshim RedForce,T1,Nongshim RedForce,2-1,2.0,1.0,1.22,5.8,0.826211,0.173789,T1,Nongshim RedForce,True,BO3,0.7347149399129076,0.2652850600870924,0.7347149399129076,True
LCK_20250416_BNK FEARX|Gen.G,LCK,2025,2025-04-16,BNK FEARX,Gen.G,BNK FEARX,Gen.G,2-1,2,1,3,BNK FEARX|Gen.G,,,,,,,,,,,,,,,,,,,,,,,
LCK_20250417_Hanwha Life Esports|KRX,LCK,2025,2025-04-17,DRX,Hanwha Life Esports,Hanwha Life Esports,DRX,2-0,2,0,2,Hanwha Life Esports|KRX,3.0,https://www.oddsportal.com/esports/league-of-legends/league-of-legends-lck-2025/results/#/page/3/,17 Apr 2025 - First stage,2025-04-17,KRX,Hanwha Life,KRX,Hanwha Life Esports,0-2,0.0,2.0,14.6,1.06,0.067688,0.932312,KRX,Hanwha Life Esports,True,BO3,0.15885581138669075,0.8411441886133093,0.15885581138669075,True
LCK_20250417_HANJIN BRION|KT Rolster,LCK,2025,2025-04-17,HANJIN BRION,KT Rolster,KT Rolster,HANJIN BRION,2-1,2,1,3,HANJIN BRION|KT Rolster,3.0,https://www.oddsportal.com/esports/league-of-legends/league-of-legends-lck-2025/results/#/page/3/,17 Apr 2025 - First stage,2025-04-17,OKSavingsBank Brion,KT Rolster,HANJIN BRION,KT Rolster,2-1,2.0,1.0,2.72,1.52,0.358491,0.641509,HANJIN BRION,KT Rolster,True,BO3,0.40449933040569186,0.5955006695943081,0.40449933040569186,True
LCK_20250418_BNK FEARX|T1,LCK,2025,2025-04-18,BNK FEARX,T1,T1,BNK FEARX,2-1,2,1,3,BNK FEARX|T1,3.0,https://www.oddsportal.com/esports/league-of-legends/league-of-legends-lck-2025/results/#/page/3/,18 Apr 2025 - First stage,2025-04-18,FearX,T1,BNK FEARX,T1,2-1,2.0,1.0,6.36,1.14,0.152,0.848,BNK FEARX,T1,True,BO3,0.24620290094695044,0.7537970990530496,0.24620290094695044,True
LCK_20250418_DN SOOPers|Dplus Kia,LCK,2025,2025-04-18,DN SOOPers,Dplus Kia,Dplus Kia,DN SOOPers,2-0,2,0,2,DN SOOPers|Dplus Kia,3.0,https://www.oddsportal.com/esports/league-of-legends/league-of-legends-lck-2025/results/#/page/3/,18 Apr 2025 - First stage,2025-04-18,DN SOOPers,Dplus Kia,DN SOOPers,Dplus Kia,0-2,0.0,2.0,5.8,1.12,0.16185,0.83815,DN SOOPers,Dplus Kia,True,BO3,0.2549453837037793,0.7450546162962207,0.2549453837037793,True
LCK_20250419_Gen.G|HANJIN BRION,LCK,2025,2025-04-19,Gen.G,HANJIN BRION,Gen.G,HANJIN BRION,1-1,1,1,2,Gen.G|HANJIN BRION,3.0,https://www.oddsportal.com/esports/league-of-legends/league-of-legends-lck-2025/results/#/page/3/,19 Apr 2025 - First stage,2025-04-19,Gen.G,OKSavingsBank Brion,Gen.G,HANJIN BRION,2-0,2.0,0.0,1.06,10.4,0.907504,0.092496,Gen.G,HANJIN BRION,True,BO3,0.8122694423461722,0.18773055765382785,0.8122694423461722,True
LCK_20250419_Hanwha Life Esports|Nongshim RedForce,LCK,2025,2025-04-19,Nongshim RedForce,Hanwha Life Esports,Hanwha Life Esports,Nongshim RedForce,2-0,2,0,2,Hanwha Life Esports|Nongshim RedForce,3.0,https://www.oddsportal.com/esports/league-of-legends/league-of-legends-lck-2025/results/#/page/3/,19 Apr 2025 - First stage,2025-04-19,Nongshim RedForce,Hanwha Life,Nongshim RedForce,Hanwha Life Esports,0-2,0.0,2.0,6.59,1.13,0.146373,0.853627,Nongshim RedForce,Hanwha Life Esports,True,BO3,0.24111391366101412,0.7588860863389859,0.24111391366101412,True
LCK_20250420_Dplus Kia|KRX,LCK,2025,2025-04-20,Dplus Kia,DRX,DRX,Dplus Kia,2-1,2,1,3,Dplus Kia|KRX,3.0,https://www.oddsportal.com/esports/league-of-legends/league-of-legends-lck-2025/results/#/page/3/,20 Apr 2025 - First stage,2025-04-20,Dplus Kia,KRX,Dplus Kia,KRX,2-1,2.0,1.0,1.1,9.95,0.900452,0.099548,Dplus Kia,KRX,True,BO3,0.8046787585947359,0.19532124140526408,0.8046787585947359,True
LCK_20250420_DN SOOPers|KT Rolster,LCK,2025,2025-04-20,KT Rolster,DN SOOPers,KT Rolster,DN SOOPers,1-1,1,1,2,DN SOOPers|KT Rolster,3.0,https://www.oddsportal.com/esports/league-of-legends/league-of-legends-lck-2025/results/#/page/3/,20 Apr 2025 - First stage,2025-04-20,KT Rolster,DN SOOPers,KT Rolster,DN SOOPers,2-0,2.0,0.0,1.65,2.32,0.584383,0.415617,KT Rolster,DN SOOPers,True,BO3,0.5564957620567721,0.4435042379432279,0.5564957620567721,True
LCK_20250521_DN SOOPers|KRX,LCK,2025,2025-05-21,DN SOOPers,DRX,DN SOOPers,DRX,1-1,1,1,2,DN SOOPers|KRX,2.0,https://www.oddsportal.com/esports/league-of-legends/league-of-legends-lck-2025/results/#/page/2/,21 May 2025 - First stage,2025-05-21,DN SOOPers,KRX,DN SOOPers,KRX,0-2,0.0,2.0,2.35,1.65,0.4125,0.5875,DN SOOPers,KRX,True,BO3,0.44139833708304604,0.5586016629169539,0.44139833708304604,True
LCK_20250521_Gen.G|Hanwha Life Esports,LCK,2025,2025-05-21,Gen.G,Hanwha Life Esports,Gen.G,Hanwha Life Esports,3-0,3,0,3,Gen.G|Hanwha Life Esports,3.0,https://www.oddsportal.com/esports/league-of-legends/league-of-legends-lck-2025/results/#/page/3/,21 May 2025 - First stage,2025-05-21,Gen.G,Hanwha Life,Gen.G,Hanwha Life Esports,2-1,2.0,1.0,1.45,3.1,0.681319,0.318681,Gen.G,Hanwha Life Esports,True,BO3,0.6233837871391785,0.3766162128608215,0.6233837871391785,True
LCK_20250522_BNK FEARX|T1,LCK,2025,2025-05-22,T1,BNK FEARX,T1,BNK FEARX,1-1,1,1,2,BNK FEARX|T1,2.0,https://www.oddsportal.com/esports/league-of-legends/league-of-legends-lck-2025/results/#/page/2/,22 May 2025 - First stage,2025-05-22,T1,FearX,T1,BNK FEARX,2-0,2.0,0.0,1.15,5.3,0.821705,0.178295,T1,BNK FEARX,True,BO3,0.7308794763750301,0.26912052362496985,0.7308794763750301,True
LCK_20250522_Dplus Kia|HANJIN BRION,LCK,2025,2025-05-22,HANJIN BRION,Dplus Kia,HANJIN BRION,Dplus Kia,1-1,1,1,2,Dplus Kia|HANJIN BRION,2.0,https://www.oddsportal.com/esports/league-of-legends/league-of-legends-lck-2025/results/#/page/2/,22 May 2025 - First stage,2025-05-22,OKSavingsBank Brion,Dplus Kia,HANJIN BRION,Dplus Kia,2-0,2.0,0.0,4.62,1.25,0.212947,0.787053,HANJIN BRION,Dplus Kia,True,BO3,0.29757134389300766,0.7024286561069923,0.29757134389300766,True
LCK_20250523_Gen.G|KRX,LCK,2025,2025-05-23,Gen.G,DRX,Gen.G,DRX,1-1,1,1,2,Gen.G|KRX,2.0,https://www.oddsportal.com/esports/league-of-legends/league-of-legends-lck-2025/results/#/page/2/,23 May 2025 - First stage,2025-05-23,Gen.G,KRX,Gen.G,KRX,2-0,2.0,0.0,1.02,19.0,0.949051,0.050949,Gen.G,KRX,True,BO3,0.8633037768474681,0.13669622315253194,0.8633037768474681,True
LCK_20250523_KT Rolster|Nongshim RedForce,LCK,2025,2025-05-23,Nongshim RedForce,KT Rolster,Nongshim RedForce,KT Rolster,2-1,2,1,3,KT Rolster|Nongshim RedForce,2.0,https://www.oddsportal.com/esports/league-of-legends/league-of-legends-lck-2025/results/#/page/2/,23 May 2025 - First stage,2025-05-23,Nongshim RedForce,KT Rolster,Nongshim RedForce,KT Rolster,1-2,1.0,2.0,2.08,1.85,0.470738,0.529262,Nongshim RedForce,KT Rolster,True,BO3,0.48048208622811484,0.5195179137718852,0.48048208622811484,True
LCK_20250524_Dplus Kia|Hanwha Life Esports,LCK,2025,2025-05-24,Hanwha Life Esports,Dplus Kia,Dplus Kia,Hanwha Life Esports,2-1,2,1,3,Dplus Kia|Hanwha Life Esports,2.0,https://www.oddsportal.com/esports/league-of-legends/league-of-legends-lck-2025/results/#/page/2/,24 May 2025 - First stage,2025-05-24,Hanwha Life,Dplus Kia,Hanwha Life Esports,Dplus Kia,1-2,1.0,2.0,1.2,5.63,0.824305,0.175695,Hanwha Life Esports,Dplus Kia,True,BO3,0.7330882976266391,0.2669117023733609,0.7330882976266391,True
LCK_20250524_DN SOOPers|T1,LCK,2025,2025-05-24,DN SOOPers,T1,T1,DN SOOPers,2-0,2,0,2,DN SOOPers|T1,2.0,https://www.oddsportal.com/esports/league-of-legends/league-of-legends-lck-2025/results/#/page/2/,24 May 2025 - First stage,2025-05-24,DN SOOPers,T1,DN SOOPers,T1,0-2,0.0,2.0,10.0,1.04,0.094203,0.905797,DN SOOPers,T1,True,BO3,0.1895892202783276,0.8104107797216724,0.1895892202783276,True
LCK_20250525_HANJIN BRION|Nongshim RedForce,LCK,2025,2025-05-25,HANJIN BRION,Nongshim RedForce,HANJIN BRION,Nongshim RedForce,2-1,2,1,3,HANJIN BRION|Nongshim RedForce,2.0,https://www.oddsportal.com/esports/league-of-legends/league-of-legends-lck-2025/results/#/page/2/,25 May 2025 - First stage,2025-05-25,OKSavingsBank Brion,Nongshim RedForce,HANJIN BRION,Nongshim RedForce,1-2,1.0,2.0,2.9,1.55,0.348315,0.651685,HANJIN BRION,Nongshim RedForce,True,BO3,0.39743821439445265,0.6025617856055474,0.39743821439445265,True
LCK_20250525_BNK FEARX|KT Rolster,LCK,2025,2025-05-25,BNK FEARX,KT Rolster,BNK FEARX,KT Rolster,2-1,2,1,3,BNK FEARX|KT Rolster,2.0,https://www.oddsportal.com/esports/league-of-legends/league-of-legends-lck-2025/results/#/page/2/,25 May 2025 - First stage,2025-05-25,FearX,KT Rolster,BNK FEARX,KT Rolster,1-2,1.0,2.0,3.52,1.33,0.274227,0.725773,BNK FEARX,KT Rolster,True,BO3,0.3444682204558151,0.6555317795441848,0.3444682204558151,True
LCK_20250528_BNK FEARX|DN SOOPers,LCK,2025,2025-05-28,BNK FEARX,DN SOOPers,BNK FEARX,DN SOOPers,3-0,3,0,3,BNK FEARX|DN SOOPers,2.0,https://www.oddsportal.com/esports/league-of-legends/league-of-legends-lck-2025/results/#/page/2/,28 May 2025 - First stage,2025-05-28,FearX,DN SOOPers,BNK FEARX,DN SOOPers,2-1,2.0,1.0,1.42,3.1,0.685841,0.314159,BNK FEARX,DN SOOPers,True,BO3,0.6265994145979298,0.3734005854020702,0.6265994145979298,True
LCK_20250528_Hanwha Life Esports|T1,LCK,2025,2025-05-28,T1,Hanwha Life Esports,Hanwha Life Esports,T1,2-0,2,0,2,Hanwha Life Esports|T1,2.0,https://www.oddsportal.com/esports/league-of-legends/league-of-legends-lck-2025/results/#/page/2/,28 May 2025 - First stage,2025-05-28,T1,Hanwha Life,T1,Hanwha Life Esports,0-2,0.0,2.0,2.4,1.65,0.407407,0.592593,T1,Hanwha Life Esports,True,BO3,0.4379528369356088,0.5620471630643912,0.4379528369356088,True
LCK_20250529_HANJIN BRION|KRX,LCK,2025,2025-05-29,DRX,HANJIN BRION,DRX,HANJIN BRION,3-0,3,0,3,HANJIN BRION|KRX,2.0,https://www.oddsportal.com/esports/league-of-legends/league-of-legends-lck-2025/results/#/page/2/,29 May 2025 - First stage,2025-05-29,KRX,OKSavingsBank Brion,KRX,HANJIN BRION,2-1,2.0,1.0,2.46,1.65,0.40146,0.59854,KRX,HANJIN BRION,True,BO3,0.4339219775965773,0.5660780224034228,0.4339219775965773,True
LCK_20250529_Gen.G|KT Rolster,LCK,2025,2025-05-29,KT Rolster,Gen.G,KT Rolster,Gen.G,2-1,2,1,3,Gen.G|KT Rolster,2.0,https://www.oddsportal.com/esports/league-of-legends/league-of-legends-lck-2025/results/#/page/2/,29 May 2025 - First stage,2025-05-29,KT Rolster,Gen.G,KT Rolster,Gen.G,1-2,1.0,2.0,8.5,1.11,0.115505,0.884495,KT Rolster,Gen.G,True,BO3,0.21172976104480282,0.7882702389551972,0.21172976104480282,True
LCK_20250530_Nongshim RedForce|T1,LCK,2025,2025-05-30,Nongshim RedForce,T1,Nongshim RedForce,T1,1-1,1,1,2,Nongshim RedForce|T1,2.0,https://www.oddsportal.com/esports/league-of-legends/league-of-legends-lck-2025/results/#/page/2/,30 May 2025 - First stage,2025-05-30,Nongshim RedForce,T1,Nongshim RedForce,T1,2-0,2.0,0.0,5.22,1.32,0.201835,0.798165,Nongshim RedForce,T1,True,BO3,0.28863253905581,0.71136746094419,0.28863253905581,True
LCK_20250530_DN SOOPers|Dplus Kia,LCK,2025,2025-05-30,Dplus Kia,DN SOOPers,Dplus Kia,DN SOOPers,3-0,3,0,3,DN SOOPers|Dplus Kia,2.0,https://www.oddsportal.com/esports/league-of-legends/league-of-legends-lck-2025/results/#/page/2/,30 May 2025 - First stage,2025-05-30,Dplus Kia,DN SOOPers,Dplus Kia,DN SOOPers,2-1,2.0,1.0,1.1,8.3,0.882979,0.117021,Dplus Kia,DN SOOPers,True,BO3,0.7867602918695231,0.21323970813047688,0.7867602918695231,True
LCK_20250531_KRX|KT Rolster,LCK,2025,2025-05-31,KT Rolster,DRX,KT Rolster,DRX,1-1,1,1,2,KRX|KT Rolster,2.0,https://www.oddsportal.com/esports/league-of-legends/league-of-legends-lck-2025/results/#/page/2/,31 May 2025 - First stage,2025-05-31,KT Rolster,KRX,KT Rolster,KRX,2-0,2.0,0.0,1.26,4.33,0.774597,0.225403,KT Rolster,KRX,True,BO3,0.6925889635507587,0.3074110364492413,0.6925889635507587,True
LCK_20250531_Gen.G|HANJIN BRION,LCK,2025,2025-05-31,HANJIN BRION,Gen.G,Gen.G,HANJIN BRION,2-0,2,0,2,Gen.G|HANJIN BRION,2.0,https://www.oddsportal.com/esports/league-of-legends/league-of-legends-lck-2025/results/#/page/2/,31 May 2025 - First stage,2025-05-31,OKSavingsBank Brion,Gen.G,HANJIN BRION,Gen.G,0-2,0.0,2.0,11.3,1.06,0.085761,0.914239,HANJIN BRION,Gen.G,True,BO3,0.18025392528781106,0.819746074712189,0.18025392528781106,True
LCK_20250601_Dplus Kia|Nongshim RedForce,LCK,2025,2025-06-01,Dplus Kia,Nongshim RedForce,Dplus Kia,Nongshim RedForce,3-0,3,0,3,Dplus Kia|Nongshim RedForce,2.0,https://www.oddsportal.com/esports/league-of-legends/league-of-legends-lck-2025/results/#/page/2/,01 Jun 2025 - First stage,2025-06-01,Dplus Kia,Nongshim RedForce,Dplus Kia,Nongshim RedForce,2-1,2.0,1.0,1.61,2.35,0.593434,0.406566,Dplus Kia,Nongshim RedForce,True,BO3,0.5626166807084513,0.4373833192915487,0.5626166807084513,True
LCK_20250601_BNK FEARX|Hanwha Life Esports,LCK,2025,2025-06-01,Hanwha Life Esports,BNK FEARX,Hanwha Life Esports,BNK FEARX,1-1,1,1,2,BNK FEARX|Hanwha Life Esports,2.0,https://www.oddsportal.com/esports/league-of-legends/league-of-legends-lck-2025/results/#/page/2/,01 Jun 2025 - First stage,2025-06-01,Hanwha Life,FearX,Hanwha Life Esports,BNK FEARX,2-0,2.0,0.0,1.1,9.0,0.891089,0.108911,Hanwha Life Esports,BNK FEARX,True,BO3,0.794932257628429,0.205067742371571,0.794932257628429,True
LCK_20250604_Dplus Kia|KT Rolster,LCK,2025,2025-06-04,Dplus Kia,KT Rolster,Dplus Kia,KT Rolster,2-1,2,1,3,Dplus Kia|KT Rolster,2.0,https://www.oddsportal.com/esports/league-of-legends/league-of-legends-lck-2025/results/#/page/2/,04 Jun 2025 - First stage,2025-06-04,Dplus Kia,KT Rolster,Dplus Kia,KT Rolster,1-2,1.0,2.0,1.75,2.29,0.566832,0.433168,Dplus Kia,KT Rolster,True,BO3,0.5446735414898006,0.45532645851019937,0.5446735414898006,True
MSI_20250627_FURIA|G2 Esports,MSI,2025,2025-06-27,FURIA,G2 Esports,FURIA,G2 Esports,3-2,3,2,5,FURIA|G2 Esports,,,,,,,,,,,,,,,,,,,,,,,
MSI_20250628_Bilibili Gaming|GAM Esports,MSI,2025,2025-06-28,Bilibili Gaming,GAM Esports,GAM Esports,Bilibili Gaming,2-1,2,1,3,Bilibili Gaming|GAM Esports,,,,,,,,,,,,,,,,,,,,,,,
MSI_20250628_FURIA|GAM Esports,MSI,2025,2025-06-28,GAM Esports,FURIA,FURIA,GAM Esports,4-1,4,1,5,FURIA|GAM Esports,,,,,,,,,,,,,,,,,,,,,,,
MSI_20250629_Bilibili Gaming|G2 Esports,MSI,2025,2025-06-29,Bilibili Gaming,G2 Esports,G2 Esports,Bilibili Gaming,2-1,2,1,3,Bilibili Gaming|G2 Esports,,,,,,,,,,,,,,,,,,,,,,,
MSI_20250630_G2 Esports|GAM Esports,MSI,2025,2025-06-30,G2 Esports,GAM Esports,G2 Esports,GAM Esports,3-2,3,2,5,G2 Esports|GAM Esports,,,,,,,,,,,,,,,,,,,,,,,
MSI_20250702_G2 Esports|Gen.G,MSI,2025,2025-07-02,Gen.G,G2 Esports,Gen.G,G2 Esports,2-2,2,2,4,G2 Esports|Gen.G,,,,,,,,,,,,,,,,,,,,,,,
MSI_20250703_Anyone's Legend|FlyQuest,MSI,2025,2025-07-03,Anyone's Legend,FlyQuest,Anyone's Legend,FlyQuest,2-2,2,2,4,Anyone's Legend|FlyQuest,,,,,,,,,,,,,,,,,,,,,,,
MSI_20250703_Bilibili Gaming|Movistar KOI,MSI,2025,2025-07-03,Movistar KOI,Bilibili Gaming,Movistar KOI,Bilibili Gaming,2-2,2,2,4,Bilibili Gaming|Movistar KOI,,,,,,,,,,,,,,,,,,,,,,,
MSI_20250703_CTBC Flying Oyster|T1,MSI,2025,2025-07-03,CTBC Flying Oyster,T1,T1,CTBC Flying Oyster,1-0,1,0,1,CTBC Flying Oyster|T1,,,,,,,,,,,,,,,,,,,,,,,
MSI_20250704_CTBC Flying Oyster|T1,MSI,2025,2025-07-04,CTBC Flying Oyster,T1,CTBC Flying Oyster,T1,2-2,2,2,4,CTBC Flying Oyster|T1,,,,,,,,,,,,,,,,,,,,,,,
MSI_20250704_FlyQuest|G2 Esports,MSI,2025,2025-07-04,FlyQuest,G2 Esports,FlyQuest,G2 Esports,2-1,2,1,3,FlyQuest|G2 Esports,,,,,,,,,,,,,,,,,,,,,,,
MSI_20250704_Anyone's Legend|Gen.G,MSI,2025,2025-07-04,Anyone's Legend,Gen.G,Anyone's Legend,Gen.G,2-1,2,1,3,Anyone's Legend|Gen.G,,,,,,,,,,,,,,,,,,,,,,,
MSI_20250705_Anyone's Legend|Gen.G,MSI,2025,2025-07-05,Anyone's Legend,Gen.G,Anyone's Legend,Gen.G,2-0,2,0,2,Anyone's Legend|Gen.G,,,,,,,,,,,,,,,,,,,,,,,
MSI_20250705_CTBC Flying Oyster|Movistar KOI,MSI,2025,2025-07-05,CTBC Flying Oyster,Movistar KOI,CTBC Flying Oyster,Movistar KOI,3-1,3,1,4,CTBC Flying Oyster|Movistar KOI,,,,,,,,,,,,,,,,,,,,,,,
MSI_20250705_Bilibili Gaming|T1,MSI,2025,2025-07-05,Bilibili Gaming,T1,T1,Bilibili Gaming,2-0,2,0,2,Bilibili Gaming|T1,,,,,,,,,,,,,,,,,,,,,,,
MSI_20250706_Bilibili Gaming|T1,MSI,2025,2025-07-06,Bilibili Gaming,T1,T1,Bilibili Gaming,1-0,1,0,1,Bilibili Gaming|T1,,,,,,,,,,,,,,,,,,,,,,,
MSI_20250708_Anyone's Legend|CTBC Flying Oyster,MSI,2025,2025-07-08,CTBC Flying Oyster,Anyone's Legend,Anyone's Legend,CTBC Flying Oyster,3-1,3,1,4,Anyone's Legend|CTBC Flying Oyster,,,,,,,,,,,,,,,,,,,,,,,
MSI_20250709_Bilibili Gaming|FlyQuest,MSI,2025,2025-07-09,FlyQuest,Bilibili Gaming,FlyQuest,Bilibili Gaming,4-1,4,1,5,Bilibili Gaming|FlyQuest,,,,,,,,,,,,,,,,,,,,,,,
MSI_20250710_Gen.G|T1,MSI,2025,2025-07-10,T1,Gen.G,T1,Gen.G,4-1,4,1,5,Gen.G|T1,,,,,,,,,,,,,,,,,,,,,,,
MSI_20250711_Anyone's Legend|Bilibili Gaming,MSI,2025,2025-07-11,Anyone's Legend,Bilibili Gaming,Bilibili Gaming,Anyone's Legend,2-1,2,1,3,Anyone's Legend|Bilibili Gaming,,,,,,,,,,,,,,,,,,,,,,,
MSI_20250712_Anyone's Legend|T1,MSI,2025,2025-07-12,T1,Anyone's Legend,T1,Anyone's Legend,3-2,3,2,5,Anyone's Legend|T1,,,,,,,,,,,,,,,,,,,,,,,
MSI_20250713_Gen.G|T1,MSI,2025,2025-07-13,Gen.G,T1,Gen.G,T1,3-2,3,2,5,Gen.G|T1,,,,,,,,,,,,,,,,,,,,,,,
LCK_20250820_DN SOOPers|KRX,LCK,2025,2025-08-20,DRX,DN SOOPers,DRX,DN SOOPers,1-1,1,1,2,DN SOOPers|KRX,1.0,https://www.oddsportal.com/esports/league-of-legends/league-of-legends-lck-2025/results/,20 Aug 2025 - Second stage,2025-08-20,KRX,DN SOOPers,KRX,DN SOOPers,2-0,2.0,0.0,1.6,2.72,0.62963,0.37037,KRX,DN SOOPers,True,BO3,0.5873073419967705,0.4126926580032295,0.5873073419967705,True
LCK_20250820_Gen.G|Nongshim RedForce,LCK,2025,2025-08-20,Gen.G,Nongshim RedForce,Gen.G,Nongshim RedForce,1-1,1,1,2,Gen.G|Nongshim RedForce,1.0,https://www.oddsportal.com/esports/league-of-legends/league-of-legends-lck-2025/results/,20 Aug 2025 - Second stage,2025-08-20,Gen.G,Nongshim RedForce,Gen.G,Nongshim RedForce,2-0,2.0,0.0,1.03,19.0,0.948577,0.051423,Gen.G,Nongshim RedForce,True,BO3,0.8626357172654658,0.13736428273453416,0.8626357172654658,True
LCK_20250821_Hanwha Life Esports|KT Rolster,LCK,2025,2025-08-21,KT Rolster,Hanwha Life Esports,KT Rolster,Hanwha Life Esports,2-1,2,1,3,Hanwha Life Esports|KT Rolster,1.0,https://www.oddsportal.com/esports/league-of-legends/league-of-legends-lck-2025/results/,21 Aug 2025 - Second stage,2025-08-21,KT Rolster,Hanwha Life,KT Rolster,Hanwha Life Esports,1-2,1.0,2.0,5.8,1.17,0.167862,0.832138,KT Rolster,Hanwha Life Esports,True,BO3,0.26018533484941353,0.7398146651505865,0.26018533484941353,True
LCK_20250821_BNK FEARX|HANJIN BRION,LCK,2025,2025-08-21,HANJIN BRION,BNK FEARX,HANJIN BRION,BNK FEARX,2-1,2,1,3,BNK FEARX|HANJIN BRION,1.0,https://www.oddsportal.com/esports/league-of-legends/league-of-legends-lck-2025/results/,21 Aug 2025 - Second stage,2025-08-21,OKSavingsBank Brion,FearX,HANJIN BRION,BNK FEARX,1-2,1.0,2.0,2.11,1.78,0.457584,0.542416,HANJIN BRION,BNK FEARX,True,BO3,0.4716924221346872,0.5283075778653128,0.4716924221346872,True
LCK_20250822_Dplus Kia|KRX,LCK,2025,2025-08-22,Dplus Kia,DRX,DRX,Dplus Kia,2-1,2,1,3,Dplus Kia|KRX,1.0,https://www.oddsportal.com/esports/league-of-legends/league-of-legends-lck-2025/results/,22 Aug 2025 - Second stage,2025-08-22,Dplus Kia,KRX,Dplus Kia,KRX,2-1,2.0,1.0,1.32,3.8,0.742188,0.257812,Dplus Kia,KRX,True,BO3,0.6677529981211286,0.33224700187887135,0.6677529981211286,True
LCK_20250823_Gen.G|Hanwha Life Esports,LCK,2025,2025-08-23,Hanwha Life Esports,Gen.G,Hanwha Life Esports,Gen.G,2-1,2,1,3,Gen.G|Hanwha Life Esports,1.0,https://www.oddsportal.com/esports/league-of-legends/league-of-legends-lck-2025/results/,23 Aug 2025 - Second stage,2025-08-23,Hanwha Life,Gen.G,Hanwha Life Esports,Gen.G,1-2,1.0,2.0,4.3,1.25,0.225225,0.774775,Hanwha Life Esports,Gen.G,True,BO3,0.3072716795443076,0.6927283204556924,0.3072716795443076,True
LCK_20250823_DN SOOPers|HANJIN BRION,LCK,2025,2025-08-23,HANJIN BRION,DN SOOPers,HANJIN BRION,DN SOOPers,2-1,2,1,3,DN SOOPers|HANJIN BRION,1.0,https://www.oddsportal.com/esports/league-of-legends/league-of-legends-lck-2025/results/,23 Aug 2025 - Second stage,2025-08-23,OKSavingsBank Brion,DN SOOPers,HANJIN BRION,DN SOOPers,1-2,1.0,2.0,1.45,3.1,0.681319,0.318681,HANJIN BRION,DN SOOPers,True,BO3,0.6233837871391785,0.3766162128608215,0.6233837871391785,True
LCK_20250822_Nongshim RedForce|T1,LCK,2025,2025-08-22,Nongshim RedForce,T1,Nongshim RedForce,T1,2-1,2,1,3,Nongshim RedForce|T1,1.0,https://www.oddsportal.com/esports/league-of-legends/league-of-legends-lck-2025/results/,22 Aug 2025 - Second stage,2025-08-22,Nongshim RedForce,T1,Nongshim RedForce,T1,1-2,1.0,2.0,17.0,1.04,0.05765,0.94235,Nongshim RedForce,T1,True,BO3,0.1459014192637973,0.8540985807362027,0.1459014192637973,True
LCK_20250824_BNK FEARX|Dplus Kia,LCK,2025,2025-08-24,BNK FEARX,Dplus Kia,Dplus Kia,BNK FEARX,2-0,2,0,2,BNK FEARX|Dplus Kia,1.0,https://www.oddsportal.com/esports/league-of-legends/league-of-legends-lck-2025/results/,24 Aug 2025 - Second stage,2025-08-24,FearX,Dplus Kia,BNK FEARX,Dplus Kia,0-2,0.0,2.0,2.46,1.59,0.392593,0.607407,BNK FEARX,Dplus Kia,True,BO3,0.42789549925937764,0.5721045007406224,0.42789549925937764,True
LCK_20250824_KT Rolster|T1,LCK,2025,2025-08-24,KT Rolster,T1,KT Rolster,T1,1-1,1,1,2,KT Rolster|T1,1.0,https://www.oddsportal.com/esports/league-of-legends/league-of-legends-lck-2025/results/,24 Aug 2025 - Second stage,2025-08-24,KT Rolster,T1,KT Rolster,T1,2-0,2.0,0.0,8.3,1.1,0.117021,0.882979,KT Rolster,T1,True,BO3,0.2132397081304769,0.7867602918695231,0.2132397081304769,True
LCK_20250827_Hanwha Life Esports|T1,LCK,2025,2025-08-27,T1,Hanwha Life Esports,T1,Hanwha Life Esports,3-0,3,0,3,Hanwha Life Esports|T1,1.0,https://www.oddsportal.com/esports/league-of-legends/league-of-legends-lck-2025/results/,27 Aug 2025 - Second stage,2025-08-27,T1,Hanwha Life,T1,Hanwha Life Esports,2-1,2.0,1.0,1.62,2.9,0.641593,0.358407,T1,Hanwha Life Esports,True,BO3,0.5955587912509115,0.4044412087490885,0.5955587912509115,True
LCK_20250827_BNK FEARX|DN SOOPers,LCK,2025,2025-08-27,DN SOOPers,BNK FEARX,BNK FEARX,DN SOOPers,2-0,2,0,2,BNK FEARX|DN SOOPers,1.0,https://www.oddsportal.com/esports/league-of-legends/league-of-legends-lck-2025/results/,27 Aug 2025 - Second stage,2025-08-27,DN SOOPers,FearX,DN SOOPers,BNK FEARX,0-2,0.0,2.0,3.2,1.42,0.307359,0.692641,DN SOOPers,BNK FEARX,True,BO3,0.3685437864928466,0.6314562135071534,0.3685437864928466,True
LCK_20250828_Dplus Kia|HANJIN BRION,LCK,2025,2025-08-28,Dplus Kia,HANJIN BRION,Dplus Kia,HANJIN BRION,1-1,1,1,2,Dplus Kia|HANJIN BRION,1.0,https://www.oddsportal.com/esports/league-of-legends/league-of-legends-lck-2025/results/,28 Aug 2025 - Second stage,2025-08-28,Dplus Kia,OKSavingsBank Brion,Dplus Kia,HANJIN BRION,2-0,2.0,0.0,1.43,3.25,0.694444,0.305556,Dplus Kia,HANJIN BRION,True,BO3,0.6327484151830797,0.36725158481692033,0.6327484151830797,True
LCK_20250828_Gen.G|KT Rolster,LCK,2025,2025-08-28,Gen.G,KT Rolster,Gen.G,KT Rolster,1-1,1,1,2,Gen.G|KT Rolster,1.0,https://www.oddsportal.com/esports/league-of-legends/league-of-legends-lck-2025/results/,28 Aug 2025 - Second stage,2025-08-28,Gen.G,KT Rolster,Gen.G,KT Rolster,2-0,2.0,0.0,1.11,7.38,0.869258,0.130742,Gen.G,KT Rolster,True,BO3,0.7734284990234084,0.22657150097659162,0.7734284990234084,True
LCK_20250829_BNK FEARX|KRX,LCK,2025,2025-08-29,BNK FEARX,DRX,DRX,BNK FEARX,2-1,2,1,3,BNK FEARX|KRX,1.0,https://www.oddsportal.com/esports/league-of-legends/league-of-legends-lck-2025/results/,29 Aug 2025 - Second stage,2025-08-29,FearX,KRX,BNK FEARX,KRX,2-1,2.0,1.0,1.62,2.5,0.606796,0.393204,BNK FEARX,KRX,True,BO3,0.5716885673590187,0.42831143264098126,0.5716885673590187,True
LCK_20250829_Hanwha Life Esports|Nongshim RedForce,LCK,2025,2025-08-29,Hanwha Life Esports,Nongshim RedForce,Hanwha Life Esports,Nongshim RedForce,1-1,1,1,2,Hanwha Life Esports|Nongshim RedForce,1.0,https://www.oddsportal.com/esports/league-of-legends/league-of-legends-lck-2025/results/,29 Aug 2025 - Second stage,2025-08-29,Hanwha Life,Nongshim RedForce,Hanwha Life Esports,Nongshim RedForce,2-0,2.0,0.0,1.12,7.8,0.874439,0.125561,Hanwha Life Esports,Nongshim RedForce,True,BO3,0.7783948332842126,0.22160516671578745,0.7783948332842126,True
LCK_20250830_Gen.G|T1,LCK,2025,2025-08-30,T1,Gen.G,T1,Gen.G,2-1,2,1,3,Gen.G|T1,1.0,https://www.oddsportal.com/esports/league-of-legends/league-of-legends-lck-2025/results/,30 Aug 2025 - Second stage,2025-08-30,T1,Gen.G,T1,Gen.G,1-2,1.0,2.0,2.72,1.55,0.362998,0.637002,T1,Gen.G,True,BO3,0.40761395790634825,0.5923860420936518,0.40761395790634825,True
LCK_20250830_DN SOOPers|Dplus Kia,LCK,2025,2025-08-30,DN SOOPers,Dplus Kia,DN SOOPers,Dplus Kia,2-1,2,1,3,DN SOOPers|Dplus Kia,1.0,https://www.oddsportal.com/esports/league-of-legends/league-of-legends-lck-2025/results/,30 Aug 2025 - Second stage,2025-08-30,DN SOOPers,Dplus Kia,DN SOOPers,Dplus Kia,1-2,1.0,2.0,7.38,1.13,0.132785,0.867215,DN SOOPers,Dplus Kia,True,BO3,0.2285087433996321,0.7714912566003679,0.2285087433996321,True
LCK_20250831_HANJIN BRION|KRX,LCK,2025,2025-08-31,DRX,HANJIN BRION,HANJIN BRION,DRX,3-0,3,0,3,HANJIN BRION|KRX,1.0,https://www.oddsportal.com/esports/league-of-legends/league-of-legends-lck-2025/results/,31 Aug 2025 - Second stage,2025-08-31,KRX,OKSavingsBank Brion,KRX,HANJIN BRION,1-2,1.0,2.0,2.1,1.85,0.468354,0.531646,KRX,HANJIN BRION,True,BO3,0.47889012382921986,0.5211098761707802,0.47889012382921986,True
LCK_20250831_KT Rolster|Nongshim RedForce,LCK,2025,2025-08-31,Nongshim RedForce,KT Rolster,KT Rolster,Nongshim RedForce,2-0,2,0,2,KT Rolster|Nongshim RedForce,1.0,https://www.oddsportal.com/esports/league-of-legends/league-of-legends-lck-2025/results/,31 Aug 2025 - Second stage,2025-08-31,Nongshim RedForce,KT Rolster,Nongshim RedForce,KT Rolster,0-2,0.0,2.0,3.52,1.4,0.284553,0.715447,Nongshim RedForce,KT Rolster,True,BO3,0.3520507196643347,0.6479492803356652,0.3520507196643347,True
LCK_20260114_Dplus Kia|HANJIN BRION,LCK,2026,2026-01-14,Dplus Kia,HANJIN BRION,Dplus Kia,HANJIN BRION,2-0,2,0,2,Dplus Kia|HANJIN BRION,3.0,https://www.oddsportal.com/esports/league-of-legends/league-of-legends-lck/results/#/page/3/,14 Jan 2026 - Preliminary,2026-01-14 00:00:00,Dplus Kia,OKSavingsBank Brion,Dplus Kia,HANJIN BRION,2-0,2.0,0.0,1.12,7.5,0.87007,0.12993,Dplus Kia,HANJIN BRION,True,BO3,0.7742017208548521,0.22579827914514794,0.7742017208548521,True
LCK_20260115_Gen.G|KRX,LCK,2026,2026-01-15,Kiwoom DRX,Gen.G,Kiwoom DRX,Gen.G,1-1,1,1,2,Gen.G|KRX,3.0,https://www.oddsportal.com/esports/league-of-legends/league-of-legends-lck/results/#/page/3/,15 Jan 2026 - Preliminary,2026-01-15 00:00:00,Gen.G,KRX,Gen.G,KRX,2-0,2.0,0.0,1.04,12.0,0.920245,0.079755,Gen.G,KRX,False,BO3,0.8266235481452019,0.1733764518547981,0.1733764518547981,True
LCK_20260116_DN SOOPers|Dplus Kia,LCK,2026,2026-01-16,Dplus Kia,DN SOOPers,Dplus Kia,DN SOOPers,2-0,2,0,2,DN SOOPers|Dplus Kia,3.0,https://www.oddsportal.com/esports/league-of-legends/league-of-legends-lck/results/#/page/3/,16 Jan 2026 - Preliminary,2026-01-16 00:00:00,DN SOOPers,Dplus Kia,DN SOOPers,Dplus Kia,0-2,0.0,2.0,5.0,1.22,0.196141,0.803859,DN SOOPers,Dplus Kia,False,BO3,0.28398820374968553,0.7160117962503145,0.7160117962503145,True
LCK_20260116_Hanwha Life Esports|T1,LCK,2026,2026-01-16,T1,Hanwha Life Esports,Hanwha Life Esports,T1,2-1,2,1,3,Hanwha Life Esports|T1,3.0,https://www.oddsportal.com/esports/league-of-legends/league-of-legends-lck/results/#/page/3/,16 Jan 2026 - Preliminary,2026-01-16 00:00:00,Hanwha Life,T1,Hanwha Life Esports,T1,1-2,1.0,2.0,2.19,1.78,0.448363,0.551637,Hanwha Life Esports,T1,False,BO3,0.465520680232922,0.5344793197670781,0.5344793197670781,True
LCK_20260117_BNK FEARX|HANJIN BRION,LCK,2026,2026-01-17,BNK FEARX,HANJIN BRION,HANJIN BRION,BNK FEARX,2-1,2,1,3,BNK FEARX|HANJIN BRION,3.0,https://www.oddsportal.com/esports/league-of-legends/league-of-legends-lck/results/#/page/3/,17 Jan 2026 - Preliminary,2026-01-17 00:00:00,OKSavingsBank Brion,FearX,HANJIN BRION,BNK FEARX,1-2,1.0,2.0,5.5,1.16,0.174174,0.825826,HANJIN BRION,BNK FEARX,False,BO3,0.2656141433711054,0.7343858566288946,0.7343858566288946,True
LCK_20260117_Gen.G|KT Rolster,LCK,2026,2026-01-17,KT Rolster,Gen.G,KT Rolster,Gen.G,1-1,1,1,2,Gen.G|KT Rolster,3.0,https://www.oddsportal.com/esports/league-of-legends/league-of-legends-lck/results/#/page/3/,17 Jan 2026 - Preliminary,2026-01-17 00:00:00,Gen.G,KT Rolster,Gen.G,KT Rolster,2-0,2.0,0.0,1.17,5.6,0.827179,0.172821,Gen.G,KT Rolster,False,BO3,0.7355435047545966,0.2644564952454034,0.2644564952454034,True
LCK_20260118_Hanwha Life Esports|Nongshim RedForce,LCK,2026,2026-01-18,Hanwha Life Esports,Nongshim RedForce,Hanwha Life Esports,Nongshim RedForce,1-1,1,1,2,Hanwha Life Esports|Nongshim RedForce,3.0,https://www.oddsportal.com/esports/league-of-legends/league-of-legends-lck/results/#/page/3/,18 Jan 2026 - Preliminary,2026-01-18 00:00:00,Nongshim RedForce,Hanwha Life,Nongshim RedForce,Hanwha Life Esports,2-0,2.0,0.0,6.3,1.14,0.153226,0.846774,Nongshim RedForce,Hanwha Life Esports,False,BO3,0.24730226137090133,0.7526977386290987,0.7526977386290987,True
LCK_20260118_KRX|T1,LCK,2026,2026-01-18,T1,Kiwoom DRX,Kiwoom DRX,T1,2-1,2,1,3,KRX|T1,3.0,https://www.oddsportal.com/esports/league-of-legends/league-of-legends-lck/results/#/page/3/,18 Jan 2026 - Preliminary,2026-01-18 00:00:00,KRX,T1,KRX,T1,1-2,1.0,2.0,10.0,1.05,0.095023,0.904977,KRX,T1,False,BO3,0.1904771245313952,0.8095228754686048,0.8095228754686048,True
LCK_20260114_DN SOOPers|KT Rolster,LCK,2026,2026-01-14,DN SOOPers,KT Rolster,DN SOOPers,KT Rolster,2-1,2,1,3,DN SOOPers|KT Rolster,3.0,https://www.oddsportal.com/esports/league-of-legends/league-of-legends-lck/results/#/page/3/,14 Jan 2026 - Preliminary,2026-01-14 00:00:00,KT Rolster,DN SOOPers,KT Rolster,DN SOOPers,2-1,2.0,1.0,1.22,5.0,0.803859,0.196141,KT Rolster,DN SOOPers,False,BO3,0.7160117962503144,0.2839882037496856,0.2839882037496856,True
LCK_20260115_BNK FEARX|Nongshim RedForce,LCK,2026,2026-01-15,Nongshim RedForce,BNK FEARX,Nongshim RedForce,BNK FEARX,1-1,1,1,2,BNK FEARX|Nongshim RedForce,3.0,https://www.oddsportal.com/esports/league-of-legends/league-of-legends-lck/results/#/page/3/,15 Jan 2026 - Preliminary,2026-01-15 00:00:00,FearX,Nongshim RedForce,BNK FEARX,Nongshim RedForce,2-0,2.0,0.0,1.65,2.38,0.590571,0.409429,BNK FEARX,Nongshim RedForce,False,BO3,0.5606785486871223,0.4393214513128777,0.4393214513128777,True
LCK_20260121_Dplus Kia|Nongshim RedForce,LCK,2026,2026-01-21,Dplus Kia,Nongshim RedForce,Dplus Kia,Nongshim RedForce,2-1,2,1,3,Dplus Kia|Nongshim RedForce,2.0,https://www.oddsportal.com/esports/league-of-legends/league-of-legends-lck/results/#/page/2/,21 Jan 2026 - Preliminary,2026-01-21 00:00:00,Dplus Kia,Nongshim RedForce,Dplus Kia,Nongshim RedForce,2-1,2.0,1.0,1.37,3.25,0.703463,0.296537,Dplus Kia,Nongshim RedForce,True,BO3,0.6392415237036972,0.36075847629630275,0.6392415237036972,True
LCK_20260121_DN SOOPers|KRX,LCK,2026,2026-01-21,DN SOOPers,Kiwoom DRX,Kiwoom DRX,DN SOOPers,2-1,2,1,3,DN SOOPers|KRX,2.0,https://www.oddsportal.com/esports/league-of-legends/league-of-legends-lck/results/#/page/2/,21 Jan 2026 - Preliminary,2026-01-21 00:00:00,KRX,DN SOOPers,KRX,DN SOOPers,1-2,1.0,2.0,1.95,1.9,0.493506,0.506494,KRX,DN SOOPers,False,BO3,0.495670558465139,0.5043294415348609,0.5043294415348609,True
LCK_20260122_HANJIN BRION|Hanwha Life Esports,LCK,2026,2026-01-22,Hanwha Life Esports,HANJIN BRION,HANJIN BRION,Hanwha Life Esports,2-1,2,1,3,HANJIN BRION|Hanwha Life Esports,2.0,https://www.oddsportal.com/esports/league-of-legends/league-of-legends-lck/results/#/page/2/,22 Jan 2026 - Preliminary,2026-01-22 00:00:00,OKSavingsBank Brion,Hanwha Life,HANJIN BRION,Hanwha Life Esports,1-2,1.0,2.0,9.0,1.07,0.106256,0.893744,HANJIN BRION,Hanwha Life Esports,False,BO3,0.2023397620235439,0.7976602379764561,0.7976602379764561,True
LCK_20260122_BNK FEARX|Gen.G,LCK,2026,2026-01-22,Gen.G,BNK FEARX,Gen.G,BNK FEARX,2-0,2,0,2,BNK FEARX|Gen.G,2.0,https://www.oddsportal.com/esports/league-of-legends/league-of-legends-lck/results/#/page/2/,22 Jan 2026 - Preliminary,2026-01-22 00:00:00,FearX,Gen.G,BNK FEARX,Gen.G,0-2,0.0,2.0,8.0,1.08,0.118943,0.881057,BNK FEARX,Gen.G,False,BO3,0.21514290730614202,0.784857092693858,0.784857092693858,True
LCK_20260123_KRX|Nongshim RedForce,LCK,2026,2026-01-23,Kiwoom DRX,Nongshim RedForce,Nongshim RedForce,Kiwoom DRX,2-1,2,1,3,KRX|Nongshim RedForce,2.0,https://www.oddsportal.com/esports/league-of-legends/league-of-legends-lck/results/#/page/2/,23 Jan 2026 - Preliminary,2026-01-23 00:00:00,Nongshim RedForce,KRX,Nongshim RedForce,KRX,1-2,1.0,2.0,1.41,3.0,0.680272,0.319728,Nongshim RedForce,KRX,False,BO3,0.6226408163905832,0.3773591836094168,0.3773591836094168,True
LCK_20260124_DN SOOPers|Hanwha Life Esports,LCK,2026,2026-01-24,DN SOOPers,Hanwha Life Esports,Hanwha Life Esports,DN SOOPers,2-1,2,1,3,DN SOOPers|Hanwha Life Esports,2.0,https://www.oddsportal.com/esports/league-of-legends/league-of-legends-lck/results/#/page/2/,24 Jan 2026 - Preliminary,2026-01-24 00:00:00,Hanwha Life,DN SOOPers,Hanwha Life Esports,DN SOOPers,2-1,2.0,1.0,1.17,6.2,0.841248,0.158752,Hanwha Life Esports,DN SOOPers,False,BO3,0.7477825368065367,0.2522174631934633,0.2522174631934633,True
LCK_20260125_BNK FEARX|T1,LCK,2026,2026-01-25,BNK FEARX,T1,T1,BNK FEARX,3-0,3,0,3,BNK FEARX|T1,2.0,https://www.oddsportal.com/esports/league-of-legends/league-of-legends-lck/results/#/page/2/,25 Jan 2026 - Preliminary,2026-01-25 00:00:00,T1,FearX,T1,BNK FEARX,2-1,2.0,1.0,1.25,4.3,0.774775,0.225225,T1,BNK FEARX,False,BO3,0.6927283204556923,0.3072716795443077,0.3072716795443077,True
LCK_20260123_KT Rolster|T1,LCK,2026,2026-01-23,T1,KT Rolster,T1,KT Rolster,2-0,2,0,2,KT Rolster|T1,2.0,https://www.oddsportal.com/esports/league-of-legends/league-of-legends-lck/results/#/page/2/,23 Jan 2026 - Preliminary,2026-01-23 00:00:00,KT Rolster,T1,KT Rolster,T1,0-2,0.0,2.0,4.28,1.28,0.230216,0.769784,KT Rolster,T1,False,BO3,0.3111660069022529,0.6888339930977472,0.6888339930977472,True
LCK_20260124_Dplus Kia|Gen.G,LCK,2026,2026-01-24,Dplus Kia,Gen.G,Dplus Kia,Gen.G,1-1,1,1,2,Dplus Kia|Gen.G,2.0,https://www.oddsportal.com/esports/league-of-legends/league-of-legends-lck/results/#/page/2/,24 Jan 2026 - Preliminary,2026-01-24 00:00:00,Dplus Kia,Gen.G,Dplus Kia,Gen.G,0-2,0.0,2.0,4.8,1.22,0.202658,0.797342,Dplus Kia,Gen.G,True,BO3,0.2893001312497075,0.7106998687502926,0.2893001312497075,True
LCK_20260125_HANJIN BRION|KT Rolster,LCK,2026,2026-01-25,HANJIN BRION,KT Rolster,HANJIN BRION,KT Rolster,2-1,2,1,3,HANJIN BRION|KT Rolster,2.0,https://www.oddsportal.com/esports/league-of-legends/league-of-legends-lck/results/#/page/2/,25 Jan 2026 - Preliminary,2026-01-25 00:00:00,KT Rolster,OKSavingsBank Brion,KT Rolster,HANJIN BRION,2-1,2.0,1.0,1.25,4.6,0.786325,0.213675,KT Rolster,HANJIN BRION,False,BO3,0.70184850236963,0.29815149763036997,0.29815149763036997,True
LCS_20260220_Disguised|Team Liquid,LCS,2026,2026-02-20,Team Liquid,Disguised,Team Liquid,Disguised,3-0,3,0,3,Disguised|Team Liquid,1.0,https://www.oddsportal.com/esports/league-of-legends/league-of-legends-lcs/results/,20 Feb 2026 - Winter - Play Offs,2026-02-20 00:00:00,Team Liquid,Disguised,Team Liquid,Disguised,3-0,3.0,0.0,1.63,2.7,0.623557,0.376443,Team Liquid,Disguised,True,BO5,0.5666835720178341,0.43331642798216585,0.5666835720178341,True
LCS_20260221_FlyQuest|Lyon Gaming,LCS,2026,2026-02-21,LYON,FlyQuest,LYON,FlyQuest,3-0,3,0,3,FlyQuest|Lyon Gaming,,,,,,,,,,,,,,,,,,,,,,,
LCS_20260222_Cloud9|Sentinels,LCS,2026,2026-02-22,Sentinels,Cloud9,Sentinels,Cloud9,2-1,2,1,3,Cloud9|Sentinels,1.0,https://www.oddsportal.com/esports/league-of-legends/league-of-legends-lcs/results/,22 Feb 2026 - Winter - Play Offs,2026-02-22 00:00:00,Cloud9,Sentinels,Cloud9,Sentinels,3-0,3.0,0.0,1.14,6.4,0.848806,0.151194,Cloud9,Sentinels,False,BO5,0.7091448913473203,0.2908551086526797,0.2908551086526797,True
LCS_20260227_Lyon Gaming|Team Liquid,LCS,2026,2026-02-27,Team Liquid,LYON,LYON,Team Liquid,3-1,3,1,4,Lyon Gaming|Team Liquid,1.0,https://www.oddsportal.com/esports/league-of-legends/league-of-legends-lcs/results/,27 Feb 2026 - Winter - Play Offs,2026-02-27 00:00:00,Team Liquid,Lyon Gaming,Team Liquid,Lyon Gaming,1-3,1.0,3.0,1.86,2.02,0.520619,0.479381,Team Liquid,Lyon Gaming,True,BO5,0.5110003491558813,0.48899965084411867,0.5110003491558813,True
LCS_20260228_Lyon Gaming|Sentinels,LCS,2026,2026-02-28,LYON,Sentinels,LYON,Sentinels,2-1,2,1,3,Lyon Gaming|Sentinels,1.0,https://www.oddsportal.com/esports/league-of-legends/league-of-legends-lcs/results/,28 Feb 2026 - Winter - Play Offs,2026-02-28 00:00:00,Lyon Gaming,Sentinels,Lyon Gaming,Sentinels,3-1,3.0,1.0,1.3,4.2,0.763636,0.236364,Lyon Gaming,Sentinels,True,BO5,0.6492313861852829,0.35076861381471713,0.6492313861852829,False
LCS_20260301_Lyon Gaming|Sentinels,LCS,2026,2026-03-01,Sentinels,LYON,LYON,Sentinels,1-0,1,0,1,Lyon Gaming|Sentinels,1.0,https://www.oddsportal.com/esports/league-of-legends/league-of-legends-lcs/results/,28 Feb 2026 - Winter - Play Offs,2026-02-28 00:00:00,Lyon Gaming,Sentinels,Lyon Gaming,Sentinels,3-1,3.0,1.0,1.3,4.2,0.763636,0.236364,Lyon Gaming,Sentinels,False,BO5,0.6492313861852829,0.35076861381471713,0.35076861381471713,False
LCS_20260301_Cloud9|Lyon Gaming,LCS,2026,2026-03-01,LYON,Cloud9,Cloud9,LYON,2-1,2,1,3,Cloud9|Lyon Gaming,1.0,https://www.oddsportal.com/esports/league-of-legends/league-of-legends-lcs/results/,01 Mar 2026 - Winter - Play Offs,2026-03-01 00:00:00,Lyon Gaming,Cloud9,Lyon Gaming,Cloud9,3-1,3.0,1.0,3.47,1.36,0.281573,0.718427,Lyon Gaming,Cloud9,True,BO5,0.37884702248008734,0.6211529775199127,0.37884702248008734,False
LCS_20260302_Cloud9|Lyon Gaming,LCS,2026,2026-03-02,LYON,Cloud9,LYON,Cloud9,1-0,1,0,1,Cloud9|Lyon Gaming,1.0,https://www.oddsportal.com/esports/league-of-legends/league-of-legends-lcs/results/,01 Mar 2026 - Winter - Play Offs,2026-03-01 00:00:00,Lyon Gaming,Cloud9,Lyon Gaming,Cloud9,3-1,3.0,1.0,3.47,1.36,0.281573,0.718427,Lyon Gaming,Cloud9,True,BO5,0.37884702248008734,0.6211529775199127,0.37884702248008734,False
LCS_20240302_Immortals|Shopify Rebellion,LCS,2024,2024-03-02,Shopify Rebellion,Immortals,Shopify Rebellion,Immortals,1-0,1,0,1,Immortals|Shopify Rebellion,,,,,,,,,,,,,,,,,,,,,,,
LCS_20240302_Cloud9|FlyQuest,LCS,2024,2024-03-02,Cloud9,FlyQuest,Cloud9,FlyQuest,1-0,1,0,1,Cloud9|FlyQuest,2.0,https://www.oddsportal.com/esports/league-of-legends/league-of-legends-lcs-2024/results/#/page/2/,02 Mar 2024 - Spring Season,2024-03-02,FlyQuest eSports,Cloud9,FlyQuest eSports,Cloud9,0-1,0.0,1.0,2.27,1.75,0.435323,0.564677,FlyQuest,Cloud9,False,BO1,0.435323,0.564677,0.564677,True
LCS_20240303_100 Thieves|Dignitas,LCS,2024,2024-03-03,100 Thieves,Dignitas,100 Thieves,Dignitas,1-0,1,0,1,100 Thieves|Dignitas,2.0,https://www.oddsportal.com/esports/league-of-legends/league-of-legends-lcs-2024/results/#/page/2/,02 Mar 2024 - Spring Season,2024-03-02,Dignitas,100 Thieves,Dignitas,100 Thieves,0-1,0.0,1.0,2.27,1.67,0.423858,0.576142,Dignitas,100 Thieves,False,BO1,0.423858,0.5761419999999999,0.5761419999999999,True
LCS_20240302_NRG Esports|Team Liquid,LCS,2024,2024-03-02,NRG,Team Liquid,NRG,Team Liquid,1-0,1,0,1,NRG Esports|Team Liquid,2.0,https://www.oddsportal.com/esports/league-of-legends/league-of-legends-lcs-2024/results/#/page/2/,02 Mar 2024 - Spring Season,2024-03-02,Team Liquid,NRG Esports,Team Liquid,NRG Esports,0-1,0.0,1.0,2.0,1.9,0.487179,0.512821,Team Liquid,NRG Esports,False,BO1,0.487179,0.512821,0.512821,True
LCS_20240303_Immortals|NRG Esports,LCS,2024,2024-03-03,Immortals,NRG,NRG,Immortals,1-0,1,0,1,Immortals|NRG Esports,,,,,,,,,,,,,,,,,,,,,,,
LCS_20240303_Dignitas|Shopify Rebellion,LCS,2024,2024-03-03,Dignitas,Shopify Rebellion,Dignitas,Shopify Rebellion,1-0,1,0,1,Dignitas|Shopify Rebellion,2.0,https://www.oddsportal.com/esports/league-of-legends/league-of-legends-lcs-2024/results/#/page/2/,03 Mar 2024 - Spring Season,2024-03-03,Dignitas,Shopify Rebellion,Dignitas,Shopify Rebellion,1-0,1.0,0.0,1.85,2.07,0.528061,0.471939,Dignitas,Shopify Rebellion,True,BO1,0.528061,0.471939,0.528061,True
LCS_20240303_100 Thieves|FlyQuest,LCS,2024,2024-03-03,FlyQuest,100 Thieves,FlyQuest,100 Thieves,1-0,1,0,1,100 Thieves|FlyQuest,2.0,https://www.oddsportal.com/esports/league-of-legends/league-of-legends-lcs-2024/results/#/page/2/,03 Mar 2024 - Spring Season,2024-03-03,FlyQuest eSports,100 Thieves,FlyQuest eSports,100 Thieves,1-0,1.0,0.0,1.67,2.35,0.584577,0.415423,FlyQuest,100 Thieves,True,BO1,0.584577,0.415423,0.584577,True
LCS_20240304_Cloud9|Team Liquid,LCS,2024,2024-03-04,Team Liquid,Cloud9,Cloud9,Team Liquid,1-0,1,0,1,Cloud9|Team Liquid,2.0,https://www.oddsportal.com/esports/league-of-legends/league-of-legends-lcs-2024/results/#/page/2/,03 Mar 2024 - Spring Season,2024-03-03,Team Liquid,Cloud9,Team Liquid,Cloud9,0-1,0.0,1.0,2.45,1.58,0.39206,0.60794,Team Liquid,Cloud9,True,BO1,0.39206,0.6079399999999999,0.39206,True
LCK_20240306_HANJIN BRION|KRX,LCK,2024,2024-03-06,HANJIN BRION,DRX,DRX,HANJIN BRION,2-1,2,1,3,HANJIN BRION|KRX,,,,,,,,,,,,,,,,,,,,,,,
LCK_20240306_Gen.G|Hanwha Life Esports,LCK,2024,2024-03-06,Gen.G,Hanwha Life Esports,Gen.G,Hanwha Life Esports,2-0,2,0,2,Gen.G|Hanwha Life Esports,,,,,,,,,,,,,,,,,,,,,,,
LCK_20240307_DN SOOPers|T1,LCK,2024,2024-03-07,DN SOOPers,T1,DN SOOPers,T1,1-1,1,1,2,DN SOOPers|T1,,,,,,,,,,,,,,,,,,,,,,,
LCK_20240307_BNK FEARX|KT Rolster,LCK,2024,2024-03-07,BNK FEARX,KT Rolster,KT Rolster,BNK FEARX,2-0,2,0,2,BNK FEARX|KT Rolster,,,,,,,,,,,,,,,,,,,,,,,
LCK_20240308_HANJIN BRION|Hanwha Life Esports,LCK,2024,2024-03-08,HANJIN BRION,Hanwha Life Esports,Hanwha Life Esports,HANJIN BRION,2-0,2,0,2,HANJIN BRION|Hanwha Life Esports,,,,,,,,,,,,,,,,,,,,,,,
LCK_20240308_Dplus Kia|Nongshim RedForce,LCK,2024,2024-03-08,Nongshim RedForce,Dplus Kia,Dplus Kia,Nongshim RedForce,2-0,2,0,2,Dplus Kia|Nongshim RedForce,,,,,,,,,,,,,,,,,,,,,,,
LCK_20240309_Gen.G|T1,LCK,2024,2024-03-09,T1,Gen.G,Gen.G,T1,2-0,2,0,2,Gen.G|T1,3.0,https://www.oddsportal.com/esports/league-of-legends/league-of-legends-lck-2024/results/#/page/3/,09 Mar 2024 - Spring Season,2024-03-09,T1,Gen.G,T1,Gen.G,0-2,0.0,2.0,1.79,2.07,0.536269,0.463731,T1,Gen.G,True,BO3,0.5241982258282005,0.4758017741717995,0.5241982258282005,True
LCK_20240309_DN SOOPers|KRX,LCK,2024,2024-03-09,DN SOOPers,DRX,DRX,DN SOOPers,2-0,2,0,2,DN SOOPers|KRX,3.0,https://www.oddsportal.com/esports/league-of-legends/league-of-legends-lck-2024/results/#/page/3/,09 Mar 2024 - Spring Season,2024-03-09,DN SOOPers,KRX,DN SOOPers,KRX,0-2,0.0,2.0,1.4,3.07,0.686801,0.313199,DN SOOPers,KRX,True,BO3,0.627283509066384,0.37271649093361603,0.627283509066384,True
LCK_20240310_KT Rolster|Nongshim RedForce,LCK,2024,2024-03-10,KT Rolster,Nongshim RedForce,KT Rolster,Nongshim RedForce,3-0,3,0,3,KT Rolster|Nongshim RedForce,,,,,,,,,,,,,,,,,,,,,,,
LCK_20240310_BNK FEARX|Dplus Kia,LCK,2024,2024-03-10,BNK FEARX,Dplus Kia,BNK FEARX,Dplus Kia,3-0,3,0,3,BNK FEARX|Dplus Kia,,,,,,,,,,,,,,,,,,,,,,,
LCK_20240313_DN SOOPers|Hanwha Life Esports,LCK,2024,2024-03-13,Hanwha Life Esports,DN SOOPers,Hanwha Life Esports,DN SOOPers,3-0,3,0,3,DN SOOPers|Hanwha Life Esports,3.0,https://www.oddsportal.com/esports/league-of-legends/league-of-legends-lck-2024/results/#/page/3/,13 Mar 2024 - Spring Season,2024-03-13,Hanwha Life,DN SOOPers,Hanwha Life Esports,DN SOOPers,2-1,2.0,1.0,1.09,7.95,0.879425,0.120575,Hanwha Life Esports,DN SOOPers,True,BO3,0.7832506024412899,0.21674939755871014,0.7832506024412899,True
LCK_20240313_Dplus Kia|T1,LCK,2024,2024-03-13,Dplus Kia,T1,T1,Dplus Kia,2-0,2,0,2,Dplus Kia|T1,3.0,https://www.oddsportal.com/esports/league-of-legends/league-of-legends-lck-2024/results/#/page/3/,13 Mar 2024 - Spring Season,2024-03-13,Dplus Kia,T1,Dplus Kia,T1,0-2,0.0,2.0,5.08,1.2,0.191083,0.808917,Dplus Kia,T1,True,BO3,0.27982387486986776,0.7201761251301322,0.27982387486986776,True
LCK_20240314_BNK FEARX|KRX,LCK,2024,2024-03-14,BNK FEARX,DRX,BNK FEARX,DRX,1-1,1,1,2,BNK FEARX|KRX,3.0,https://www.oddsportal.com/esports/league-of-legends/league-of-legends-lck-2024/results/#/page/3/,14 Mar 2024 - Spring Season,2024-03-14,FearX,KRX,BNK FEARX,KRX,2-0,2.0,0.0,1.63,2.34,0.589421,0.410579,BNK FEARX,KRX,True,BO3,0.5599005705878443,0.44009942941215574,0.5599005705878443,True
LCK_20240316_BNK FEARX|DN SOOPers,LCK,2024,2024-03-16,BNK FEARX,DN SOOPers,DN SOOPers,BNK FEARX,2-1,2,1,3,BNK FEARX|DN SOOPers,3.0,https://www.oddsportal.com/esports/league-of-legends/league-of-legends-lck-2024/results/#/page/3/,16 Mar 2024 - Spring Season,2024-03-16,FearX,DN SOOPers,BNK FEARX,DN SOOPers,2-1,2.0,1.0,2.34,1.65,0.413534,0.586466,BNK FEARX,DN SOOPers,True,BO3,0.442097155806338,0.557902844193662,0.442097155806338,True
LCK_20240316_KRX|KT Rolster,LCK,2024,2024-03-16,KT Rolster,DRX,KT Rolster,DRX,3-0,3,0,3,KRX|KT Rolster,3.0,https://www.oddsportal.com/esports/league-of-legends/league-of-legends-lck-2024/results/#/page/3/,16 Mar 2024 - Spring Season,2024-03-16,KT Rolster,KRX,KT Rolster,KRX,2-1,2.0,1.0,1.12,7.1,0.863747,0.136253,KT Rolster,KRX,True,BO3,0.7682289387122695,0.2317710612877305,0.7682289387122695,True
LCK_20240317_HANJIN BRION|Nongshim RedForce,LCK,2024,2024-03-17,HANJIN BRION,Nongshim RedForce,HANJIN BRION,Nongshim RedForce,2-1,2,1,3,HANJIN BRION|Nongshim RedForce,3.0,https://www.oddsportal.com/esports/league-of-legends/league-of-legends-lck-2024/results/#/page/3/,17 Mar 2024 - Spring Season,2024-03-17,OKSavingsBank Brion,Nongshim RedForce,HANJIN BRION,Nongshim RedForce,1-2,1.0,2.0,2.1,1.79,0.460154,0.539846,HANJIN BRION,Nongshim RedForce,True,BO3,0.473410936144524,0.526589063855476,0.473410936144524,True
LCK_20240317_Dplus Kia|Gen.G,LCK,2024,2024-03-17,Dplus Kia,Gen.G,Dplus Kia,Gen.G,2-1,2,1,3,Dplus Kia|Gen.G,3.0,https://www.oddsportal.com/esports/league-of-legends/league-of-legends-lck-2024/results/#/page/3/,17 Mar 2024 - Spring Season,2024-03-17,Dplus Kia,Gen.G,Dplus Kia,Gen.G,1-2,1.0,2.0,5.0,1.14,0.185668,0.814332,Dplus Kia,Gen.G,True,BO3,0.2753231841694478,0.7246768158305522,0.2753231841694478,True
LCK_20240314_HANJIN BRION|KT Rolster,LCK,2024,2024-03-14,HANJIN BRION,KT Rolster,KT Rolster,HANJIN BRION,2-0,2,0,2,HANJIN BRION|KT Rolster,3.0,https://www.oddsportal.com/esports/league-of-legends/league-of-legends-lck-2024/results/#/page/3/,14 Mar 2024 - Spring Season,2024-03-14,OKSavingsBank Brion,KT Rolster,HANJIN BRION,KT Rolster,0-2,0.0,2.0,7.1,1.11,0.135201,0.864799,HANJIN BRION,KT Rolster,True,BO3,0.23078487014188015,0.7692151298581198,0.23078487014188015,True
LCK_20240315_Gen.G|Nongshim RedForce,LCK,2024,2024-03-15,Gen.G,Nongshim RedForce,Gen.G,Nongshim RedForce,2-0,2,0,2,Gen.G|Nongshim RedForce,3.0,https://www.oddsportal.com/esports/league-of-legends/league-of-legends-lck-2024/results/#/page/3/,15 Mar 2024 - Spring Season,2024-03-15,Gen.G,Nongshim RedForce,Gen.G,Nongshim RedForce,2-0,2.0,0.0,1.01,19.0,0.949525,0.050475,Gen.G,Nongshim RedForce,True,BO3,0.8639745957718684,0.13602540422813159,0.8639745957718684,True
LCK_20240315_Hanwha Life Esports|T1,LCK,2024,2024-03-15,T1,Hanwha Life Esports,T1,Hanwha Life Esports,2-1,2,1,3,Hanwha Life Esports|T1,3.0,https://www.oddsportal.com/esports/league-of-legends/league-of-legends-lck-2024/results/#/page/3/,15 Mar 2024 - Spring Season,2024-03-15,T1,Hanwha Life,T1,Hanwha Life Esports,1-2,1.0,2.0,1.3,3.54,0.731405,0.268595,T1,Hanwha Life Esports,True,BO3,0.6597007471157157,0.3402992528842843,0.6597007471157157,True
LEC_20250419_GiantX|Karmine Corp,LEC,2025,2025-04-19,Karmine Corp,GiantX,Karmine Corp,GiantX,3-0,3,0,3,GiantX|Karmine Corp,2.0,https://www.oddsportal.com/esports/league-of-legends/league-of-legends-lec-2025/results/#/page/2/,19 Apr 2025 - Spring - Stage 1,2025-04-19,GIANTX,Karmine Corp,GiantX,Karmine Corp,1-2,1.0,2.0,6.98,1.1,0.136139,0.863861,GiantX,Karmine Corp,False,BO3,0.23166433446783244,0.7683356655321676,0.7683356655321676,True
LEC_20250420_G2 Esports|Team BDS,LEC,2025,2025-04-20,Team BDS,G2 Esports,Team BDS,G2 Esports,1-1,1,1,2,G2 Esports|Team BDS,,,,,,,,,,,,,,,,,,,,,,,
LEC_20250421_Rogue|SK Gaming,LEC,2025,2025-04-21,SK Gaming,Rogue,SK Gaming,Rogue,2-1,2,1,3,Rogue|SK Gaming,2.0,https://www.oddsportal.com/esports/league-of-legends/league-of-legends-lec-2025/results/#/page/2/,21 Apr 2025 - Spring - Stage 1,2025-04-21,SK Gaming,Rogue,SK Gaming,Rogue,1-2,1.0,2.0,1.48,2.66,0.642512,0.357488,SK Gaming,Rogue,True,BO3,0.5961948453679592,0.4038051546320408,0.5961948453679592,True
LEC_20250421_Movistar KOI|Vitality,LEC,2025,2025-04-21,Team Vitality,Movistar KOI,Team Vitality,Movistar KOI,1-1,1,1,2,Movistar KOI|Vitality,2.0,https://www.oddsportal.com/esports/league-of-legends/league-of-legends-lec-2025/results/#/page/2/,21 Apr 2025 - Spring - Stage 1,2025-04-21,Movistar KOI,Vitality,Movistar KOI,Vitality,0-2,0.0,2.0,1.2,5.3,0.815385,0.184615,Movistar KOI,Vitality,False,BO3,0.725557299588713,0.27444270041128704,0.27444270041128704,True
LEC_20250426_G2 Esports|GiantX,LEC,2025,2025-04-26,GiantX,G2 Esports,GiantX,G2 Esports,2-1,2,1,3,G2 Esports|GiantX,2.0,https://www.oddsportal.com/esports/league-of-legends/league-of-legends-lec-2025/results/#/page/2/,26 Apr 2025 - Spring - Stage 1,2025-04-26,G2 Esports,GIANTX,G2 Esports,GiantX,1-2,1.0,2.0,1.12,6.59,0.854734,0.145266,G2 Esports,GiantX,False,BO3,0.7598958487936738,0.24010415120632622,0.24010415120632622,True
LEC_20250426_Fnatic|Movistar KOI,LEC,2025,2025-04-26,Movistar KOI,Fnatic,Movistar KOI,Fnatic,2-1,2,1,3,Fnatic|Movistar KOI,2.0,https://www.oddsportal.com/esports/league-of-legends/league-of-legends-lec-2025/results/#/page/2/,26 Apr 2025 - Spring - Stage 1,2025-04-26,Movistar KOI,Fnatic,Movistar KOI,Fnatic,2-1,2.0,1.0,3.8,1.32,0.257812,0.742188,Movistar KOI,Fnatic,True,BO3,0.33224700187887146,0.6677529981211285,0.33224700187887146,True
LEC_20250427_Fnatic|G2 Esports,LEC,2025,2025-04-27,G2 Esports,Fnatic,G2 Esports,Fnatic,2-1,2,1,3,Fnatic|G2 Esports,2.0,https://www.oddsportal.com/esports/league-of-legends/league-of-legends-lec-2025/results/#/page/2/,27 Apr 2025 - Spring - Stage 1,2025-04-27,G2 Esports,Fnatic,G2 Esports,Fnatic,1-2,1.0,2.0,1.92,1.9,0.497382,0.502618,G2 Esports,Fnatic,True,BO3,0.4982546595777532,0.5017453404222467,0.4982546595777532,True
LEC_20250427_GiantX|Movistar KOI,LEC,2025,2025-04-27,Movistar KOI,GiantX,Movistar KOI,GiantX,3-0,3,0,3,GiantX|Movistar KOI,2.0,https://www.oddsportal.com/esports/league-of-legends/league-of-legends-lec-2025/results/#/page/2/,27 Apr 2025 - Spring - Stage 1,2025-04-27,Movistar KOI,GIANTX,Movistar KOI,GiantX,2-1,2.0,1.0,1.32,3.8,0.742188,0.257812,Movistar KOI,GiantX,True,BO3,0.6677529981211286,0.33224700187887135,0.6677529981211286,True
LEC_20250428_Heretics|SK Gaming,LEC,2025,2025-04-28,SK Gaming,Team Heretics,SK Gaming,Team Heretics,1-1,1,1,2,Heretics|SK Gaming,2.0,https://www.oddsportal.com/esports/league-of-legends/league-of-legends-lec-2025/results/#/page/2/,28 Apr 2025 - Spring - Stage 1,2025-04-28,Heretics,SK Gaming,Heretics,SK Gaming,2-0,2.0,0.0,1.52,2.68,0.638095,0.361905,Heretics,SK Gaming,False,BO3,0.5931406837962596,0.4068593162037404,0.4068593162037404,True
LEC_20250428_Team BDS|Vitality,LEC,2025,2025-04-28,Team Vitality,Team BDS,Team Vitality,Team BDS,2-1,2,1,3,Team BDS|Vitality,,,,,,,,,,,,,,,,,,,,,,,
LEC_20250419_Fnatic|Rogue,LEC,2025,2025-04-19,Fnatic,Rogue,Fnatic,Rogue,1-1,1,1,2,Fnatic|Rogue,2.0,https://www.oddsportal.com/esports/league-of-legends/league-of-legends-lec-2025/results/#/page/2/,19 Apr 2025 - Spring - Stage 1,2025-04-19,Fnatic,Rogue,Fnatic,Rogue,2-0,2.0,0.0,1.09,7.33,0.870546,0.129454,Fnatic,Rogue,True,BO3,0.7746558617250666,0.22534413827493338,0.7746558617250666,True
LEC_20250420_Heretics|Vitality,LEC,2025,2025-04-20,Team Heretics,Team Vitality,Team Heretics,Team Vitality,1-1,1,1,2,Heretics|Vitality,,,,,,,,,,,,,,,,,,,,,,,
LEC_20250905_Heretics|Vitality,LEC,2025,2025-09-05,Team Heretics,Team Vitality,Team Heretics,Team Vitality,2-2,2,2,4,Heretics|Vitality,,,,,,,,,,,,,,,,,,,,,,,
LEC_20250906_GiantX|Team BDS,LEC,2025,2025-09-06,GiantX,Team BDS,GiantX,Team BDS,2-1,2,1,3,GiantX|Team BDS,,,,,,,,,,,,,,,,,,,,,,,
LEC_20250907_G2 Esports|Karmine Corp,LEC,2025,2025-09-07,Karmine Corp,G2 Esports,Karmine Corp,G2 Esports,2-2,2,2,4,G2 Esports|Karmine Corp,1.0,https://www.oddsportal.com/esports/league-of-legends/league-of-legends-lec-2025/results/,07 Sep 2025 - Summer - Stage 2,2025-09-07,G2 Esports,Karmine Corp,G2 Esports,Karmine Corp,3-1,3.0,1.0,1.45,2.9,0.666667,0.333333,G2 Esports,Karmine Corp,False,BO5,0.5908701738881738,0.40912982611182624,0.40912982611182624,True
LEC_20250908_Fnatic|Movistar KOI,LEC,2025,2025-09-08,Movistar KOI,Fnatic,Movistar KOI,Fnatic,3-2,3,2,5,Fnatic|Movistar KOI,1.0,https://www.oddsportal.com/esports/league-of-legends/league-of-legends-lec-2025/results/,08 Sep 2025 - Summer - Stage 2,2025-09-08,Movistar KOI,Fnatic,Movistar KOI,Fnatic,3-2,3.0,2.0,1.88,1.98,0.512953,0.487047,Movistar KOI,Fnatic,True,BO5,0.5069091461284821,0.49309085387151785,0.5069091461284821,True
LEC_20250913_Karmine Corp|Vitality,LEC,2025,2025-09-13,Karmine Corp,Team Vitality,Team Vitality,Karmine Corp,3-1,3,1,4,Karmine Corp|Vitality,1.0,https://www.oddsportal.com/esports/league-of-legends/league-of-legends-lec-2025/results/,13 Sep 2025 - Summer - Stage 2,2025-09-13,Vitality,Karmine Corp,Vitality,Karmine Corp,1-3,1.0,3.0,5.2,1.2,0.1875,0.8125,Vitality,Karmine Corp,False,BO5,0.3178619874747996,0.6821380125252003,0.6821380125252003,True
LEC_20250914_G2 Esports|Movistar KOI,LEC,2025,2025-09-14,Movistar KOI,G2 Esports,Movistar KOI,G2 Esports,2-2,2,2,4,G2 Esports|Movistar KOI,1.0,https://www.oddsportal.com/esports/league-of-legends/league-of-legends-lec-2025/results/,14 Sep 2025 - Summer - Stage 2,2025-09-14,Movistar KOI,G2 Esports,Movistar KOI,G2 Esports,1-3,1.0,3.0,3.0,1.46,0.327354,0.672646,Movistar KOI,G2 Esports,True,BO5,0.40571056902905606,0.5942894309709439,0.40571056902905606,True
LEC_20250915_Fnatic|GiantX,LEC,2025,2025-09-15,Fnatic,GiantX,GiantX,Fnatic,2-1,2,1,3,Fnatic|GiantX,1.0,https://www.oddsportal.com/esports/league-of-legends/league-of-legends-lec-2025/results/,15 Sep 2025 - Summer - Stage 2,2025-09-15,GIANTX,Fnatic,GiantX,Fnatic,0-3,0.0,3.0,2.6,1.6,0.380952,0.619048,GiantX,Fnatic,False,BO5,0.43580578781498197,0.5641942121850181,0.5641942121850181,True
LEC_20260124_GiantX|Los Ratones,LEC,2026,2026-01-24,GiantX,Los Ratones,GiantX,Los Ratones,1-0,1,0,1,GiantX|Los Ratones,3.0,https://www.oddsportal.com/esports/league-of-legends/league-of-legends-lec/results/#/page/3/,24 Jan 2026 - Winter Season,2026-01-24 00:00:00,Los Ratones,GIANTX,Los Ratones,GiantX,0-1,0.0,1.0,3.72,1.4,0.273438,0.726562,Los Ratones,GiantX,False,BO1,0.273438,0.7265619999999999,0.7265619999999999,True
LEC_20260124_Karmine Corp Blue|Natus Vincere,LEC,2026,2026-01-24,Natus Vincere,Karmine Corp Blue,Natus Vincere,Karmine Corp Blue,1-0,1,0,1,Karmine Corp Blue|Natus Vincere,3.0,https://www.oddsportal.com/esports/league-of-legends/league-of-legends-lec/results/#/page/3/,24 Jan 2026 - Winter Season,2026-01-24 00:00:00,Natus Vincere,Karmine Corp Blue,Natus Vincere,Karmine Corp Blue,1-0,1.0,0.0,1.32,3.96,0.75,0.25,Natus Vincere,Karmine Corp Blue,True,BO1,0.75,0.25,0.75,True
LEC_20260124_Heretics|Vitality,LEC,2026,2026-01-24,Team Heretics,Team Vitality,Team Heretics,Team Vitality,1-0,1,0,1,Heretics|Vitality,,,,,,,,,,,,,,,,,,,,,,,
LEC_20260124_G2 Esports|Shifters,LEC,2026,2026-01-24,G2 Esports,Shifters,G2 Esports,Shifters,1-0,1,0,1,G2 Esports|Shifters,3.0,https://www.oddsportal.com/esports/league-of-legends/league-of-legends-lec/results/#/page/3/,24 Jan 2026 - Winter Season,2026-01-24 00:00:00,Shifters,G2 Esports,Shifters,G2 Esports,0-1,0.0,1.0,3.3,1.38,0.294872,0.705128,Shifters,G2 Esports,False,BO1,0.294872,0.705128,0.705128,True
LEC_20260124_Fnatic|Movistar KOI,LEC,2026,2026-01-24,Fnatic,Movistar KOI,Movistar KOI,Fnatic,1-0,1,0,1,Fnatic|Movistar KOI,3.0,https://www.oddsportal.com/esports/league-of-legends/league-of-legends-lec/results/#/page/3/,24 Jan 2026 - Winter Season,2026-01-24 00:00:00,Movistar KOI,Fnatic,Movistar KOI,Fnatic,1-0,1.0,0.0,1.58,2.44,0.606965,0.393035,Movistar KOI,Fnatic,False,BO1,0.606965,0.393035,0.393035,True
LEC_20260125_Heretics|Los Ratones,LEC,2026,2026-01-25,Team Heretics,Los Ratones,Los Ratones,Team Heretics,1-0,1,0,1,Heretics|Los Ratones,2.0,https://www.oddsportal.com/esports/league-of-legends/league-of-legends-lec/results/#/page/2/,25 Jan 2026 - Winter Season,2026-01-25 00:00:00,Heretics,Los Ratones,Heretics,Los Ratones,0-1,0.0,1.0,1.59,2.5,0.611247,0.388753,Heretics,Los Ratones,True,BO1,0.611247,0.388753,0.611247,True
LEC_20260125_Fnatic|GiantX,LEC,2026,2026-01-25,Fnatic,GiantX,Fnatic,GiantX,1-0,1,0,1,Fnatic|GiantX,2.0,https://www.oddsportal.com/esports/league-of-legends/league-of-legends-lec/results/#/page/2/,25 Jan 2026 - Winter Season,2026-01-25 00:00:00,Fnatic,GIANTX,Fnatic,GiantX,1-0,1.0,0.0,1.85,2.09,0.530457,0.469543,Fnatic,GiantX,True,BO1,0.530457,0.46954300000000004,0.530457,True
LEC_20260125_G2 Esports|Karmine Corp,LEC,2026,2026-01-25,G2 Esports,Karmine Corp,Karmine Corp,G2 Esports,1-0,1,0,1,G2 Esports|Karmine Corp,2.0,https://www.oddsportal.com/esports/league-of-legends/league-of-legends-lec/results/#/page/2/,25 Jan 2026 - Winter Season,2026-01-25 00:00:00,G2 Esports,Karmine Corp,G2 Esports,Karmine Corp,0-1,0.0,1.0,1.78,2.1,0.541237,0.458763,G2 Esports,Karmine Corp,True,BO1,0.541237,0.45876300000000003,0.541237,True
LEC_20260126_Los Ratones|Shifters,LEC,2026,2026-01-26,Shifters,Los Ratones,Los Ratones,Shifters,1-0,1,0,1,Los Ratones|Shifters,2.0,https://www.oddsportal.com/esports/league-of-legends/league-of-legends-lec/results/#/page/2/,26 Jan 2026 - Winter Season,2026-01-26 00:00:00,Shifters,Los Ratones,Shifters,Los Ratones,0-1,0.0,1.0,1.51,2.7,0.64133,0.35867,Shifters,Los Ratones,True,BO1,0.64133,0.35867000000000004,0.64133,True
LEC_20260126_Fnatic|Vitality,LEC,2026,2026-01-26,Team Vitality,Fnatic,Fnatic,Team Vitality,1-0,1,0,1,Fnatic|Vitality,2.0,https://www.oddsportal.com/esports/league-of-legends/league-of-legends-lec/results/#/page/2/,26 Jan 2026 - Winter Season,2026-01-26 00:00:00,Vitality,Fnatic,Vitality,Fnatic,0-1,0.0,1.0,2.4,1.59,0.398496,0.601504,Vitality,Fnatic,True,BO1,0.398496,0.601504,0.398496,True
LEC_20260126_G2 Esports|Heretics,LEC,2026,2026-01-26,G2 Esports,Team Heretics,G2 Esports,Team Heretics,1-0,1,0,1,G2 Esports|Heretics,2.0,https://www.oddsportal.com/esports/league-of-legends/league-of-legends-lec/results/#/page/2/,26 Jan 2026 - Winter Season,2026-01-26 00:00:00,Heretics,G2 Esports,Heretics,G2 Esports,0-1,0.0,1.0,5.5,1.18,0.176647,0.823353,Heretics,G2 Esports,False,BO1,0.176647,0.823353,0.823353,True
LEC_20260124_Karmine Corp|SK Gaming,LEC,2026,2026-01-24,SK Gaming,Karmine Corp,Karmine Corp,SK Gaming,1-0,1,0,1,Karmine Corp|SK Gaming,3.0,https://www.oddsportal.com/esports/league-of-legends/league-of-legends-lec/results/#/page/3/,24 Jan 2026 - Winter Season,2026-01-24 00:00:00,SK Gaming,Karmine Corp,SK Gaming,Karmine Corp,0-1,0.0,1.0,5.0,1.3,0.206349,0.793651,SK Gaming,Karmine Corp,True,BO1,0.206349,0.793651,0.206349,True
LEC_20260125_Shifters|Vitality,LEC,2026,2026-01-25,Team Vitality,Shifters,Team Vitality,Shifters,1-0,1,0,1,Shifters|Vitality,,,,,,,,,,,,,,,,,,,,,,,
LEC_20260125_Natus Vincere|SK Gaming,LEC,2026,2026-01-25,SK Gaming,Natus Vincere,Natus Vincere,SK Gaming,1-0,1,0,1,Natus Vincere|SK Gaming,2.0,https://www.oddsportal.com/esports/league-of-legends/league-of-legends-lec/results/#/page/2/,25 Jan 2026 - Winter Season,2026-01-25 00:00:00,SK Gaming,Natus Vincere,SK Gaming,Natus Vincere,0-1,0.0,1.0,2.75,1.55,0.360465,0.639535,SK Gaming,Natus Vincere,True,BO1,0.360465,0.639535,0.360465,True
LEC_20260125_Karmine Corp Blue|Movistar KOI,LEC,2026,2026-01-25,Karmine Corp Blue,Movistar KOI,Movistar KOI,Karmine Corp Blue,1-0,1,0,1,Karmine Corp Blue|Movistar KOI,2.0,https://www.oddsportal.com/esports/league-of-legends/league-of-legends-lec/results/#/page/2/,25 Jan 2026 - Winter Season,2026-01-25 00:00:00,Karmine Corp Blue,Movistar KOI,Karmine Corp Blue,Movistar KOI,0-1,0.0,1.0,7.0,1.13,0.138991,0.861009,Karmine Corp Blue,Movistar KOI,True,BO1,0.138991,0.861009,0.138991,True
LEC_20260126_Karmine Corp Blue|SK Gaming,LEC,2026,2026-01-26,SK Gaming,Karmine Corp Blue,SK Gaming,Karmine Corp Blue,1-0,1,0,1,Karmine Corp Blue|SK Gaming,2.0,https://www.oddsportal.com/esports/league-of-legends/league-of-legends-lec/results/#/page/2/,26 Jan 2026 - Winter Season,2026-01-26 00:00:00,SK Gaming,Karmine Corp Blue,SK Gaming,Karmine Corp Blue,1-0,1.0,0.0,1.78,2.24,0.557214,0.442786,SK Gaming,Karmine Corp Blue,True,BO1,0.557214,0.442786,0.557214,True
LEC_20260126_Karmine Corp|Natus Vincere,LEC,2026,2026-01-26,Natus Vincere,Karmine Corp,Karmine Corp,Natus Vincere,1-0,1,0,1,Karmine Corp|Natus Vincere,2.0,https://www.oddsportal.com/esports/league-of-legends/league-of-legends-lec/results/#/page/2/,26 Jan 2026 - Winter Season,2026-01-26 00:00:00,Natus Vincere,Karmine Corp,Natus Vincere,Karmine Corp,0-1,0.0,1.0,3.23,1.36,0.296296,0.703704,Natus Vincere,Karmine Corp,True,BO1,0.296296,0.703704,0.296296,True
LEC_20260126_GiantX|Movistar KOI,LEC,2026,2026-01-26,Movistar KOI,GiantX,GiantX,Movistar KOI,1-0,1,0,1,GiantX|Movistar KOI,2.0,https://www.oddsportal.com/esports/league-of-legends/league-of-legends-lec/results/#/page/2/,26 Jan 2026 - Winter Season,2026-01-26 00:00:00,Movistar KOI,GIANTX,Movistar KOI,GiantX,0-1,0.0,1.0,1.41,2.94,0.675862,0.324138,Movistar KOI,GiantX,True,BO1,0.675862,0.32413800000000004,0.675862,True
LEC_20260131_Fnatic|Shifters,LEC,2026,2026-01-31,Fnatic,Shifters,Shifters,Fnatic,1-0,1,0,1,Fnatic|Shifters,2.0,https://www.oddsportal.com/esports/league-of-legends/league-of-legends-lec/results/#/page/2/,31 Jan 2026 - Winter Season,2026-01-31 00:00:00,Shifters,Fnatic,Shifters,Fnatic,1-0,1.0,0.0,3.47,1.35,0.280083,0.719917,Shifters,Fnatic,False,BO1,0.280083,0.7199169999999999,0.7199169999999999,True
LEC_20260131_G2 Esports|Karmine Corp Blue,LEC,2026,2026-01-31,G2 Esports,Karmine Corp Blue,G2 Esports,Karmine Corp Blue,1-0,1,0,1,G2 Esports|Karmine Corp Blue,2.0,https://www.oddsportal.com/esports/league-of-legends/league-of-legends-lec/results/#/page/2/,31 Jan 2026 - Winter Season,2026-01-31 00:00:00,Karmine Corp Blue,G2 Esports,Karmine Corp Blue,G2 Esports,0-1,0.0,1.0,6.8,1.12,0.141414,0.858586,Karmine Corp Blue,G2 Esports,False,BO1,0.141414,0.858586,0.858586,True
LEC_20260201_Natus Vincere|Shifters,LEC,2026,2026-02-01,Shifters,Natus Vincere,Natus Vincere,Shifters,1-0,1,0,1,Natus Vincere|Shifters,2.0,https://www.oddsportal.com/esports/league-of-legends/league-of-legends-lec/results/#/page/2/,01 Feb 2026 - Winter Season,2026-02-01 00:00:00,Shifters,Natus Vincere,Shifters,Natus Vincere,0-1,0.0,1.0,2.24,1.78,0.442786,0.557214,Shifters,Natus Vincere,True,BO1,0.442786,0.557214,0.442786,True
LEC_20260201_Heretics|Karmine Corp Blue,LEC,2026,2026-02-01,Team Heretics,Karmine Corp Blue,Team Heretics,Karmine Corp Blue,1-0,1,0,1,Heretics|Karmine Corp Blue,,,,,,,,,,,,,,,,,,,,,,,
LEC_20260201_Fnatic|Karmine Corp,LEC,2026,2026-02-01,Fnatic,Karmine Corp,Karmine Corp,Fnatic,1-0,1,0,1,Fnatic|Karmine Corp,2.0,https://www.oddsportal.com/esports/league-of-legends/league-of-legends-lec/results/#/page/2/,01 Feb 2026 - Winter Season,2026-02-01 00:00:00,Karmine Corp,Fnatic,Karmine Corp,Fnatic,1-0,1.0,0.0,1.64,2.38,0.59204,0.40796,Karmine Corp,Fnatic,False,BO1,0.59204,0.40796,0.40796,True
LEC_20260201_G2 Esports|Los Ratones,LEC,2026,2026-02-01,G2 Esports,Los Ratones,Los Ratones,G2 Esports,1-0,1,0,1,G2 Esports|Los Ratones,2.0,https://www.oddsportal.com/esports/league-of-legends/league-of-legends-lec/results/#/page/2/,01 Feb 2026 - Winter Season,2026-02-01 00:00:00,G2 Esports,Los Ratones,G2 Esports,Los Ratones,0-1,0.0,1.0,1.3,3.8,0.745098,0.254902,G2 Esports,Los Ratones,True,BO1,0.745098,0.25490199999999996,0.745098,True
LEC_20260202_Los Ratones|Natus Vincere,LEC,2026,2026-02-02,Los Ratones,Natus Vincere,Natus Vincere,Los Ratones,1-0,1,0,1,Los Ratones|Natus Vincere,2.0,https://www.oddsportal.com/esports/league-of-legends/league-of-legends-lec/results/#/page/2/,02 Feb 2026 - Winter Season,2026-02-02 00:00:00,Natus Vincere,Los Ratones,Natus Vincere,Los Ratones,1-0,1.0,0.0,1.6,2.35,0.594937,0.405063,Natus Vincere,Los Ratones,False,BO1,0.594937,0.40506299999999995,0.40506299999999995,True
LEC_20260202_G2 Esports|Vitality,LEC,2026,2026-02-02,G2 Esports,Team Vitality,G2 Esports,Team Vitality,1-0,1,0,1,G2 Esports|Vitality,2.0,https://www.oddsportal.com/esports/league-of-legends/league-of-legends-lec/results/#/page/2/,02 Feb 2026 - Winter Season,2026-02-02 00:00:00,Vitality,G2 Esports,Vitality,G2 Esports,0-1,0.0,1.0,2.6,1.55,0.373494,0.626506,Vitality,G2 Esports,False,BO1,0.373494,0.626506,0.626506,True
LEC_20260131_Heretics|SK Gaming,LEC,2026,2026-01-31,Team Heretics,SK Gaming,SK Gaming,Team Heretics,1-0,1,0,1,Heretics|SK Gaming,2.0,https://www.oddsportal.com/esports/league-of-legends/league-of-legends-lec/results/#/page/2/,31 Jan 2026 - Winter Season,2026-01-31 00:00:00,Heretics,SK Gaming,Heretics,SK Gaming,0-1,0.0,1.0,2.09,1.78,0.459948,0.540052,Heretics,SK Gaming,True,BO1,0.459948,0.540052,0.459948,True
LEC_20260131_GiantX|Natus Vincere,LEC,2026,2026-01-31,GiantX,Natus Vincere,GiantX,Natus Vincere,1-0,1,0,1,GiantX|Natus Vincere,2.0,https://www.oddsportal.com/esports/league-of-legends/league-of-legends-lec/results/#/page/2/,31 Jan 2026 - Winter Season,2026-01-31 00:00:00,Natus Vincere,GIANTX,Natus Vincere,GiantX,0-1,0.0,1.0,2.25,1.69,0.428934,0.571066,Natus Vincere,GiantX,False,BO1,0.428934,0.5710660000000001,0.5710660000000001,True
LEC_20260131_Karmine Corp|Vitality,LEC,2026,2026-01-31,Team Vitality,Karmine Corp,Team Vitality,Karmine Corp,1-0,1,0,1,Karmine Corp|Vitality,2.0,https://www.oddsportal.com/esports/league-of-legends/league-of-legends-lec/results/#/page/2/,31 Jan 2026 - Winter Season,2026-01-31 00:00:00,Vitality,Karmine Corp,Vitality,Karmine Corp,1-0,1.0,0.0,3.4,1.34,0.2827,0.7173,Vitality,Karmine Corp,True,BO1,0.2827,0.7173,0.2827,True
LEC_20260131_Los Ratones|Movistar KOI,LEC,2026,2026-01-31,Los Ratones,Movistar KOI,Los Ratones,Movistar KOI,1-0,1,0,1,Los Ratones|Movistar KOI,2.0,https://www.oddsportal.com/esports/league-of-legends/league-of-legends-lec/results/#/page/2/,31 Jan 2026 - Winter Season,2026-01-31 00:00:00,Movistar KOI,Los Ratones,Movistar KOI,Los Ratones,0-1,0.0,1.0,1.25,4.1,0.766355,0.233645,Movistar KOI,Los Ratones,False,BO1,0.766355,0.233645,0.233645,True
LEC_20260201_GiantX|Vitality,LEC,2026,2026-02-01,GiantX,Team Vitality,Team Vitality,GiantX,1-0,1,0,1,GiantX|Vitality,2.0,https://www.oddsportal.com/esports/league-of-legends/league-of-legends-lec/results/#/page/2/,01 Feb 2026 - Winter Season,2026-02-01 00:00:00,GIANTX,Vitality,GiantX,Vitality,0-1,0.0,1.0,1.6,2.4,0.6,0.4,GiantX,Vitality,True,BO1,0.6,0.4,0.6,True
LEC_20260201_Movistar KOI|SK Gaming,LEC,2026,2026-02-01,SK Gaming,Movistar KOI,Movistar KOI,SK Gaming,1-0,1,0,1,Movistar KOI|SK Gaming,2.0,https://www.oddsportal.com/esports/league-of-legends/league-of-legends-lec/results/#/page/2/,01 Feb 2026 - Winter Season,2026-02-01 00:00:00,SK Gaming,Movistar KOI,SK Gaming,Movistar KOI,0-1,0.0,1.0,3.5,1.32,0.273859,0.726141,SK Gaming,Movistar KOI,True,BO1,0.273859,0.7261409999999999,0.273859,True
LEC_20260202_Fnatic|Karmine Corp Blue,LEC,2026,2026-02-02,Karmine Corp Blue,Fnatic,Fnatic,Karmine Corp Blue,1-0,1,0,1,Fnatic|Karmine Corp Blue,2.0,https://www.oddsportal.com/esports/league-of-legends/league-of-legends-lec/results/#/page/2/,02 Feb 2026 - Winter Season,2026-02-02 00:00:00,Karmine Corp Blue,Fnatic,Karmine Corp Blue,Fnatic,0-1,0.0,1.0,5.5,1.17,0.175412,0.824588,Karmine Corp Blue,Fnatic,True,BO1,0.175412,0.824588,0.175412,True
LEC_20260202_GiantX|SK Gaming,LEC,2026,2026-02-02,SK Gaming,GiantX,GiantX,SK Gaming,1-0,1,0,1,GiantX|SK Gaming,2.0,https://www.oddsportal.com/esports/league-of-legends/league-of-legends-lec/results/#/page/2/,02 Feb 2026 - Winter Season,2026-02-02 00:00:00,SK Gaming,GIANTX,SK Gaming,GiantX,0-1,0.0,1.0,2.7,1.5,0.357143,0.642857,SK Gaming,GiantX,True,BO1,0.357143,0.642857,0.357143,True
LEC_20260202_Heretics|Movistar KOI,LEC,2026,2026-02-02,Team Heretics,Movistar KOI,Team Heretics,Movistar KOI,1-0,1,0,1,Heretics|Movistar KOI,2.0,https://www.oddsportal.com/esports/league-of-legends/league-of-legends-lec/results/#/page/2/,02 Feb 2026 - Winter Season,2026-02-02 00:00:00,Heretics,Movistar KOI,Heretics,Movistar KOI,1-0,1.0,0.0,4.5,1.22,0.213287,0.786713,Heretics,Movistar KOI,True,BO1,0.213287,0.786713,0.213287,True
LEC_20260202_Karmine Corp|Shifters,LEC,2026,2026-02-02,Karmine Corp,Shifters,Karmine Corp,Shifters,1-0,1,0,1,Karmine Corp|Shifters,2.0,https://www.oddsportal.com/esports/league-of-legends/league-of-legends-lec/results/#/page/2/,02 Feb 2026 - Winter Season,2026-02-02 00:00:00,Shifters,Karmine Corp,Shifters,Karmine Corp,0-1,0.0,1.0,4.4,1.25,0.221239,0.778761,Shifters,Karmine Corp,False,BO1,0.221239,0.778761,0.778761,True
LEC_20260404_SK Gaming|Shifters,LEC,2026,2026-04-04,SK Gaming,Shifters,SK Gaming,Shifters,2-0,2,0,2,SK Gaming|Shifters,1.0,https://www.oddsportal.com/esports/league-of-legends/league-of-legends-lec/results/,04 Apr 2026 - Spring Season,2026-04-04 00:00:00,SK Gaming,Shifters,SK Gaming,Shifters,2-0,2.0,0.0,2.35,1.64,0.411028,0.588972,SK Gaming,Shifters,True,BO3,0.440403099049658,0.559596900950342,0.440403099049658,True
LEC_20260404_Natus Vincere|Vitality,LEC,2026,2026-04-04,Team Vitality,Natus Vincere,Team Vitality,Natus Vincere,2-0,2,0,2,Natus Vincere|Vitality,1.0,https://www.oddsportal.com/esports/league-of-legends/league-of-legends-lec/results/,04 Apr 2026 - Spring Season,2026-04-04 00:00:00,Natus Vincere,Vitality,Natus Vincere,Vitality,0-2,0.0,2.0,2.2,1.84,0.455446,0.544554,Natus Vincere,Vitality,False,BO3,0.4702622692725493,0.5297377307274507,0.5297377307274507,True
LEC_20260405_GiantX|SK Gaming,LEC,2026,2026-04-05,GiantX,SK Gaming,GiantX,SK Gaming,2-0,2,0,2,GiantX|SK Gaming,1.0,https://www.oddsportal.com/esports/league-of-legends/league-of-legends-lec/results/,05 Apr 2026 - Spring Season,2026-04-05 00:00:00,SK Gaming,GIANTX,SK Gaming,GiantX,0-2,0.0,2.0,3.7,1.32,0.262948,0.737052,SK Gaming,GiantX,False,BO3,0.3360942036519092,0.6639057963480908,0.6639057963480908,True
LEC_20260405_Fnatic|G2 Esports,LEC,2026,2026-04-05,G2 Esports,Fnatic,Fnatic,G2 Esports,2-1,2,1,3,Fnatic|G2 Esports,1.0,https://www.oddsportal.com/esports/league-of-legends/league-of-legends-lec/results/,05 Apr 2026 - Spring Season,2026-04-05 00:00:00,Fnatic,G2 Esports,Fnatic,G2 Esports,2-1,2.0,1.0,6.8,1.16,0.145729,0.854271,Fnatic,G2 Esports,False,BO3,0.240526834162871,0.759473165837129,0.759473165837129,True
LEC_20260406_GiantX|Heretics,LEC,2026,2026-04-06,GiantX,Team Heretics,GiantX,Team Heretics,2-1,2,1,3,GiantX|Heretics,1.0,https://www.oddsportal.com/esports/league-of-legends/league-of-legends-lec/results/,06 Apr 2026 - Spring Season,2026-04-06 00:00:00,GIANTX,Heretics,GiantX,Heretics,2-1,2.0,1.0,1.38,3.44,0.713693,0.286307,GiantX,Heretics,True,BO3,0.6466688009282974,0.35333119907170263,0.6466688009282974,True
LEC_20260406_Movistar KOI|Vitality,LEC,2026,2026-04-06,Movistar KOI,Team Vitality,Team Vitality,Movistar KOI,3-0,3,0,3,Movistar KOI|Vitality,1.0,https://www.oddsportal.com/esports/league-of-legends/league-of-legends-lec/results/,06 Apr 2026 - Spring Season,2026-04-06 00:00:00,Vitality,Movistar KOI,Vitality,Movistar KOI,2-1,2.0,1.0,2.6,1.55,0.373494,0.626506,Vitality,Movistar KOI,False,BO3,0.414839176741825,0.585160823258175,0.585160823258175,True
LEC_20260411_G2 Esports|Vitality,LEC,2026,2026-04-11,Team Vitality,G2 Esports,G2 Esports,Team Vitality,2-1,2,1,3,G2 Esports|Vitality,1.0,https://www.oddsportal.com/esports/league-of-legends/league-of-legends-lec/results/,11 Apr 2026 - Spring Season,2026-04-11 00:00:00,G2 Esports,Vitality,G2 Esports,Vitality,1-2,1.0,2.0,1.5,3.3,0.6875,0.3125,G2 Esports,Vitality,False,BO3,0.6277819359541466,0.37221806404585345,0.37221806404585345,True
LEC_20260411_Movistar KOI|SK Gaming,LEC,2026,2026-04-11,SK Gaming,Movistar KOI,SK Gaming,Movistar KOI,1-1,1,1,2,Movistar KOI|SK Gaming,1.0,https://www.oddsportal.com/esports/league-of-legends/league-of-legends-lec/results/,11 Apr 2026 - Spring Season,2026-04-11 00:00:00,Movistar KOI,SK Gaming,Movistar KOI,SK Gaming,2-0,2.0,0.0,1.18,5.02,0.809677,0.190323,Movistar KOI,SK Gaming,False,BO3,0.7208051063680576,0.2791948936319424,0.2791948936319424,True
LEC_20260412_Shifters|Vitality,LEC,2026,2026-04-12,Team Vitality,Shifters,Team Vitality,Shifters,2-1,2,1,3,Shifters|Vitality,,,,,,,,,,,,,,,,,,,,,,,
LEC_20260412_Heretics|Karmine Corp,LEC,2026,2026-04-12,Team Heretics,Karmine Corp,Karmine Corp,Team Heretics,2-0,2,0,2,Heretics|Karmine Corp,1.0,https://www.oddsportal.com/esports/league-of-legends/league-of-legends-lec/results/,12 Apr 2026 - Spring Season,2026-04-12 00:00:00,Heretics,Karmine Corp,Heretics,Karmine Corp,0-2,0.0,2.0,5.93,1.2,0.168303,0.831697,Heretics,Karmine Corp,True,BO3,0.26056699361644176,0.7394330063835582,0.26056699361644176,True
LEC_20260404_G2 Esports|Heretics,LEC,2026,2026-04-04,G2 Esports,Team Heretics,G2 Esports,Team Heretics,2-0,2,0,2,G2 Esports|Heretics,1.0,https://www.oddsportal.com/esports/league-of-legends/league-of-legends-lec/results/,04 Apr 2026 - Spring Season,2026-04-04 00:00:00,G2 Esports,Heretics,G2 Esports,Heretics,2-0,2.0,0.0,1.11,7.2,0.866426,0.133574,G2 Esports,Heretics,True,BO3,0.7707461912754012,0.22925380872459877,0.7707461912754012,True
LEC_20260411_Heretics|Natus Vincere,LEC,2026,2026-04-11,Natus Vincere,Team Heretics,Natus Vincere,Team Heretics,2-0,2,0,2,Heretics|Natus Vincere,1.0,https://www.oddsportal.com/esports/league-of-legends/league-of-legends-lec/results/,11 Apr 2026 - Spring Season,2026-04-11 00:00:00,Heretics,Natus Vincere,Heretics,Natus Vincere,0-2,0.0,2.0,2.99,1.45,0.326577,0.673423,Heretics,Natus Vincere,False,BO3,0.3822053760613474,0.6177946239386526,0.6177946239386526,True
LEC_20260413_Fnatic|SK Gaming,LEC,2026,2026-04-13,SK Gaming,Fnatic,SK Gaming,Fnatic,2-0,2,0,2,Fnatic|SK Gaming,1.0,https://www.oddsportal.com/esports/league-of-legends/league-of-legends-lec/results/,13 Apr 2026 - Spring Season,2026-04-13 00:00:00,Fnatic,SK Gaming,Fnatic,SK Gaming,0-2,0.0,2.0,1.32,3.54,0.728395,0.271605,Fnatic,SK Gaming,False,BO3,0.6574696332760599,0.3425303667239401,0.3425303667239401,True
LEC_20260413_GiantX|Shifters,LEC,2026,2026-04-13,GiantX,Shifters,GiantX,Shifters,1-1,1,1,2,GiantX|Shifters,1.0,https://www.oddsportal.com/esports/league-of-legends/league-of-legends-lec/results/,13 Apr 2026 - Spring Season,2026-04-13 00:00:00,GIANTX,Shifters,GiantX,Shifters,2-0,2.0,0.0,1.23,4.4,0.781528,0.218472,GiantX,Shifters,True,BO3,0.6980417355084746,0.3019582644915254,0.6980417355084746,True
LEC_20260502_Fnatic|Heretics,LEC,2026,2026-05-02,Team Heretics,Fnatic,Team Heretics,Fnatic,1-1,1,1,2,Fnatic|Heretics,1.0,https://www.oddsportal.com/esports/league-of-legends/league-of-legends-lec/results/,02 May 2026 - Spring Season,2026-05-02 00:00:00,Fnatic,Heretics,Fnatic,Heretics,2-0,2.0,0.0,1.41,3.0,0.680272,0.319728,Fnatic,Heretics,False,BO3,0.6226408163905832,0.3773591836094168,0.3773591836094168,True
LEC_20260502_SK Gaming|Vitality,LEC,2026,2026-05-02,SK Gaming,Team Vitality,SK Gaming,Team Vitality,2-1,2,1,3,SK Gaming|Vitality,1.0,https://www.oddsportal.com/esports/league-of-legends/league-of-legends-lec/results/,02 May 2026 - Spring Season,2026-05-02 00:00:00,Vitality,SK Gaming,Vitality,SK Gaming,2-1,2.0,1.0,1.18,6.3,0.842246,0.157754,Vitality,SK Gaming,False,BO3,0.74866548147214,0.25133451852786004,0.25133451852786004,True
LEC_20260503_Heretics|Shifters,LEC,2026,2026-05-03,Team Heretics,Shifters,Shifters,Team Heretics,2-0,2,0,2,Heretics|Shifters,,,,,,,,,,,,,,,,,,,,,,,
LEC_20260503_G2 Esports|Natus Vincere,LEC,2026,2026-05-03,Natus Vincere,G2 Esports,Natus Vincere,G2 Esports,1-1,1,1,2,G2 Esports|Natus Vincere,1.0,https://www.oddsportal.com/esports/league-of-legends/league-of-legends-lec/results/,03 May 2026 - Spring Season,2026-05-03 00:00:00,Natus Vincere,G2 Esports,Natus Vincere,G2 Esports,0-2,0.0,2.0,3.26,1.42,0.303419,0.696581,Natus Vincere,G2 Esports,True,BO3,0.3657175304428101,0.6342824695571899,0.3657175304428101,True
LEC_20260504_Fnatic|Vitality,LEC,2026,2026-05-04,Team Vitality,Fnatic,Fnatic,Team Vitality,2-1,2,1,3,Fnatic|Vitality,1.0,https://www.oddsportal.com/esports/league-of-legends/league-of-legends-lec/results/,04 May 2026 - Spring Season,2026-05-04 00:00:00,Fnatic,Vitality,Fnatic,Vitality,1-2,1.0,2.0,2.9,1.5,0.340909,0.659091,Fnatic,Vitality,False,BO3,0.39227239412688614,0.6077276058731138,0.6077276058731138,True
LEC_20260504_Movistar KOI|Shifters,LEC,2026,2026-05-04,Movistar KOI,Shifters,Movistar KOI,Shifters,2-1,2,1,3,Movistar KOI|Shifters,1.0,https://www.oddsportal.com/esports/league-of-legends/league-of-legends-lec/results/,04 May 2026 - Spring Season,2026-05-04 00:00:00,Shifters,Movistar KOI,Shifters,Movistar KOI,1-2,1.0,2.0,4.4,1.24,0.219858,0.780142,Shifters,Movistar KOI,False,BO3,0.30305307255120134,0.6969469274487987,0.6969469274487987,True
LEC_20260508_GiantX|Movistar KOI,LEC,2026,2026-05-08,Movistar KOI,GiantX,Movistar KOI,GiantX,2-0,2,0,2,GiantX|Movistar KOI,1.0,https://www.oddsportal.com/esports/league-of-legends/league-of-legends-lec/results/,08 May 2026 - Spring Season,2026-05-08 00:00:00,GIANTX,Movistar KOI,GiantX,Movistar KOI,0-2,0.0,2.0,3.0,1.43,0.322799,0.677201,GiantX,Movistar KOI,False,BO3,0.3795351189846577,0.6204648810153424,0.6204648810153424,True
LEC_20260509_G2 Esports|GiantX,LEC,2026,2026-05-09,GiantX,G2 Esports,GiantX,G2 Esports,1-1,1,1,2,G2 Esports|GiantX,1.0,https://www.oddsportal.com/esports/league-of-legends/league-of-legends-lec/results/,09 May 2026 - Spring Season,2026-05-09 00:00:00,G2 Esports,GIANTX,G2 Esports,GiantX,2-0,2.0,0.0,1.15,7.34,0.864547,0.135453,G2 Esports,GiantX,False,BO3,0.7689786258810721,0.23102137411892787,0.23102137411892787,True
LEC_20260509_Karmine Corp|Movistar KOI,LEC,2026,2026-05-09,Karmine Corp,Movistar KOI,Movistar KOI,Karmine Corp,2-1,2,1,3,Karmine Corp|Movistar KOI,1.0,https://www.oddsportal.com/esports/league-of-legends/league-of-legends-lec/results/,09 May 2026 - Spring Season,2026-05-09 00:00:00,Movistar KOI,Karmine Corp,Movistar KOI,Karmine Corp,1-2,1.0,2.0,2.38,2.0,0.456621,0.543379,Movistar KOI,Karmine Corp,False,BO3,0.47104831024508614,0.5289516897549138,0.5289516897549138,True
LEC_20260510_GiantX|Karmine Corp,LEC,2026,2026-05-10,GiantX,Karmine Corp,Karmine Corp,GiantX,3-0,3,0,3,GiantX|Karmine Corp,1.0,https://www.oddsportal.com/esports/league-of-legends/league-of-legends-lec/results/,10 May 2026 - Spring Season,2026-05-10 00:00:00,GIANTX,Karmine Corp,GiantX,Karmine Corp,2-1,2.0,1.0,5.5,1.17,0.175412,0.824588,GiantX,Karmine Corp,True,BO3,0.26667058078980094,0.7333294192101991,0.26667058078980094,True
LEC_20260510_G2 Esports|Movistar KOI,LEC,2026,2026-05-10,G2 Esports,Movistar KOI,Movistar KOI,G2 Esports,3-0,3,0,3,G2 Esports|Movistar KOI,1.0,https://www.oddsportal.com/esports/league-of-legends/league-of-legends-lec/results/,10 May 2026 - Spring Season,2026-05-10 00:00:00,G2 Esports,Movistar KOI,G2 Esports,Movistar KOI,1-2,1.0,2.0,1.3,3.73,0.741551,0.258449,G2 Esports,Movistar KOI,True,BO3,0.6672746386706664,0.3327253613293336,0.6672746386706664,True
LEC_20260508_G2 Esports|Karmine Corp,LEC,2026,2026-05-08,G2 Esports,Karmine Corp,G2 Esports,Karmine Corp,2-0,2,0,2,G2 Esports|Karmine Corp,1.0,https://www.oddsportal.com/esports/league-of-legends/league-of-legends-lec/results/,08 May 2026 - Spring Season,2026-05-08 00:00:00,Karmine Corp,G2 Esports,Karmine Corp,G2 Esports,0-2,0.0,2.0,2.3,1.68,0.422111,0.577889,Karmine Corp,G2 Esports,False,BO3,0.4478852791063059,0.5521147208936941,0.5521147208936941,True
EWC_20260514_G2 Esports|Natus Vincere,EWC,2026,2026-05-14,Natus Vincere,G2 Esports,Natus Vincere,G2 Esports,1-1,1,1,2,G2 Esports|Natus Vincere,1.0,https://www.oddsportal.com/esports/league-of-legends/league-of-legends-esports-world-cup/results/,14 May 2026 - Qualification,2026-05-14 00:00:00,G2 Esports,Natus Vincere,G2 Esports,Natus Vincere,2-0,2.0,0.0,1.24,4.1,0.76779,0.23221,G2 Esports,Natus Vincere,False,BO3,0.6872856158533246,0.3127143841466754,0.3127143841466754,True
EWC_20260514_GiantX|Solary,EWC,2026,2026-05-14,Solary,GiantX,GiantX,Solary,2-0,2,0,2,GiantX|Solary,1.0,https://www.oddsportal.com/esports/league-of-legends/league-of-legends-esports-world-cup/results/,14 May 2026 - Qualification,2026-05-14 00:00:00,GIANTX,Solary,GiantX,Solary,2-0,2.0,0.0,1.94,1.86,0.489474,0.510526,GiantX,Solary,False,BO3,0.4929822058368041,0.5070177941631959,0.5070177941631959,True
EWC_20260514_Galions|Shifters,EWC,2026,2026-05-14,Galions,Shifters,Galions,Shifters,2-0,2,0,2,Galions|Shifters,,,,,,,,,,,,,,,,,,,,,,,
EWC_20260515_Galions|Natus Vincere,EWC,2026,2026-05-15,Galions,Natus Vincere,Natus Vincere,Galions,3-0,3,0,3,Galions|Natus Vincere,1.0,https://www.oddsportal.com/esports/league-of-legends/league-of-legends-esports-world-cup/results/,15 May 2026 - Qualification,2026-05-15 00:00:00,Natus Vincere,Galions,Natus Vincere,Galions,2-1,2.0,1.0,1.43,2.84,0.665105,0.334895,Natus Vincere,Galions,False,BO3,0.6119402404371246,0.3880597595628754,0.3880597595628754,True
EWC_20260515_GiantX|Movistar KOI,EWC,2026,2026-05-15,Movistar KOI,GiantX,Movistar KOI,GiantX,2-0,2,0,2,GiantX|Movistar KOI,1.0,https://www.oddsportal.com/esports/league-of-legends/league-of-legends-esports-world-cup/results/,15 May 2026 - Qualification,2026-05-15 00:00:00,Movistar KOI,GIANTX,Movistar KOI,GiantX,2-0,2.0,0.0,1.29,4.2,0.765027,0.234973,Movistar KOI,GiantX,True,BO3,0.6851469694375826,0.3148530305624174,0.6851469694375826,True
EWC_20260517_Karmine Corp|Movistar KOI,EWC,2026,2026-05-17,Movistar KOI,Karmine Corp,Movistar KOI,Karmine Corp,3-1,3,1,4,Karmine Corp|Movistar KOI,1.0,https://www.oddsportal.com/esports/league-of-legends/league-of-legends-esports-world-cup/results/,17 May 2026 - Qualification,2026-05-17 00:00:00,Karmine Corp,Movistar KOI,Karmine Corp,Movistar KOI,3-1,3.0,1.0,1.67,2.2,0.568475,0.431525,Karmine Corp,Movistar KOI,False,BO5,0.5366510775587229,0.4633489224412771,0.4633489224412771,True
EWC_20260516_G2 Esports|Karmine Corp,EWC,2026,2026-05-16,Karmine Corp,G2 Esports,Karmine Corp,G2 Esports,2-1,2,1,3,G2 Esports|Karmine Corp,1.0,https://www.oddsportal.com/esports/league-of-legends/league-of-legends-esports-world-cup/results/,16 May 2026 - Qualification,2026-05-16 00:00:00,G2 Esports,Karmine Corp,G2 Esports,Karmine Corp,3-0,3.0,0.0,1.42,2.88,0.669767,0.330233,G2 Esports,Karmine Corp,False,BO5,0.5926407556993513,0.40735924430064874,0.40735924430064874,True
EWC_20260516_Movistar KOI|Natus Vincere,EWC,2026,2026-05-16,Movistar KOI,Natus Vincere,Movistar KOI,Natus Vincere,2-0,2,0,2,Movistar KOI|Natus Vincere,1.0,https://www.oddsportal.com/esports/league-of-legends/league-of-legends-esports-world-cup/results/,16 May 2026 - Qualification,2026-05-16 00:00:00,Natus Vincere,Movistar KOI,Natus Vincere,Movistar KOI,0-2,0.0,2.0,2.84,1.43,0.334895,0.665105,Natus Vincere,Movistar KOI,False,BO3,0.38805975956287525,0.6119402404371248,0.6119402404371248,True
LEC_20240203_Heretics|Team BDS,LEC,2024,2024-02-03,Team BDS,Team Heretics,Team BDS,Team Heretics,2-0,2,0,2,Heretics|Team BDS,,,,,,,,,,,,,,,,,,,,,,,
LEC_20240203_G2 Esports|GiantX,LEC,2024,2024-02-03,G2 Esports,GiantX,G2 Esports,GiantX,2-0,2,0,2,G2 Esports|GiantX,3.0,https://www.oddsportal.com/esports/league-of-legends/league-of-legends-lec-2024/results/#/page/3/,03 Feb 2024 - Winter - Stage 2,2024-02-03,G2 Esports,GIANTX,G2 Esports,GiantX,2-0,2.0,0.0,1.1,7.95,0.878453,0.121547,G2 Esports,GiantX,True,BO3,0.7822978778889534,0.21770212211104656,0.7822978778889534,True
LEC_20240204_SK Gaming|Vitality,LEC,2024,2024-02-04,SK Gaming,Team Vitality,SK Gaming,Team Vitality,1-1,1,1,2,SK Gaming|Vitality,3.0,https://www.oddsportal.com/esports/league-of-legends/league-of-legends-lec-2024/results/#/page/3/,04 Feb 2024 - Winter - Stage 2,2024-02-04,SK Gaming,Vitality,SK Gaming,Vitality,0-2,0.0,2.0,1.83,2.07,0.530769,0.469231,SK Gaming,Vitality,True,BO3,0.5205241942184997,0.4794758057815003,0.5205241942184997,True
LEC_20240204_Fnatic|Movistar KOI,LEC,2024,2024-02-04,MAD Lions KOI,Fnatic,Fnatic,MAD Lions KOI,2-0,2,0,2,Fnatic|Movistar KOI,3.0,https://www.oddsportal.com/esports/league-of-legends/league-of-legends-lec-2024/results/#/page/3/,04 Feb 2024 - Winter - Stage 2,2024-02-04,Movistar KOI,Fnatic,Movistar KOI,Fnatic,0-2,0.0,2.0,2.45,1.58,0.39206,0.60794,Movistar KOI,Fnatic,True,BO3,0.42753258053121584,0.5724674194687842,0.42753258053121584,True
LEC_20240205_Team BDS|Vitality,LEC,2024,2024-02-05,Team BDS,Team Vitality,Team BDS,Team Vitality,1-1,1,1,2,Team BDS|Vitality,,,,,,,,,,,,,,,,,,,,,,,
LEC_20240205_Fnatic|G2 Esports,LEC,2024,2024-02-05,G2 Esports,Fnatic,G2 Esports,Fnatic,3-0,3,0,3,Fnatic|G2 Esports,3.0,https://www.oddsportal.com/esports/league-of-legends/league-of-legends-lec-2024/results/#/page/3/,05 Feb 2024 - Winter - Stage 2,2024-02-05,Fnatic,G2 Esports,Fnatic,G2 Esports,1-2,1.0,2.0,3.1,1.4,0.311111,0.688889,Fnatic,G2 Esports,False,BO3,0.3712268194807526,0.6287731805192474,0.6287731805192474,True
LEC_20240210_Heretics|SK Gaming,LEC,2024,2024-02-10,SK Gaming,Team Heretics,Team Heretics,SK Gaming,2-1,2,1,3,Heretics|SK Gaming,3.0,https://www.oddsportal.com/esports/league-of-legends/league-of-legends-lec-2024/results/#/page/3/,10 Feb 2024 - Winter - Stage 2,2024-02-10,Heretics,SK Gaming,Heretics,SK Gaming,1-2,1.0,2.0,1.72,2.17,0.557841,0.442159,Heretics,SK Gaming,False,BO3,0.5386375740949632,0.46136242590503684,0.46136242590503684,True
LEC_20240210_GiantX|Movistar KOI,LEC,2024,2024-02-10,MAD Lions KOI,GiantX,MAD Lions KOI,GiantX,2-0,2,0,2,GiantX|Movistar KOI,3.0,https://www.oddsportal.com/esports/league-of-legends/league-of-legends-lec-2024/results/#/page/3/,10 Feb 2024 - Winter - Stage 2,2024-02-10,GIANTX,Movistar KOI,GiantX,Movistar KOI,0-2,0.0,2.0,2.15,1.72,0.444444,0.555556,GiantX,Movistar KOI,False,BO3,0.4628945502432064,0.5371054497567935,0.5371054497567935,True
LEC_20240211_G2 Esports|Team BDS,LEC,2024,2024-02-11,G2 Esports,Team BDS,G2 Esports,Team BDS,2-1,2,1,3,G2 Esports|Team BDS,,,,,,,,,,,,,,,,,,,,,,,
LEC_20240212_Movistar KOI|Vitality,LEC,2024,2024-02-12,MAD Lions KOI,Team Vitality,MAD Lions KOI,Team Vitality,2-0,2,0,2,Movistar KOI|Vitality,3.0,https://www.oddsportal.com/esports/league-of-legends/league-of-legends-lec-2024/results/#/page/3/,12 Feb 2024 - Winter - Stage 2,2024-02-12,Vitality,Movistar KOI,Vitality,Movistar KOI,0-2,0.0,2.0,2.1,1.67,0.442971,0.557029,Vitality,Movistar KOI,False,BO3,0.46190696531497344,0.5380930346850266,0.5380930346850266,True
LEC_20240212_Fnatic|SK Gaming,LEC,2024,2024-02-12,SK Gaming,Fnatic,SK Gaming,Fnatic,2-1,2,1,3,Fnatic|SK Gaming,3.0,https://www.oddsportal.com/esports/league-of-legends/league-of-legends-lec-2024/results/#/page/3/,12 Feb 2024 - Winter - Stage 2,2024-02-12,Fnatic,SK Gaming,Fnatic,SK Gaming,2-1,2.0,1.0,1.36,3.57,0.724138,0.275862,Fnatic,SK Gaming,False,BO3,0.6543260108791921,0.34567398912080793,0.34567398912080793,True
LEC_20240216_Fnatic|Movistar KOI,LEC,2024,2024-02-16,MAD Lions KOI,Fnatic,MAD Lions KOI,Fnatic,5-0,5,0,5,Fnatic|Movistar KOI,3.0,https://www.oddsportal.com/esports/league-of-legends/league-of-legends-lec-2024/results/#/page/3/,16 Feb 2024 - Winter - Stage 2,2024-02-16,Movistar KOI,Fnatic,Movistar KOI,Fnatic,3-2,3.0,2.0,2.7,1.58,0.369159,0.630841,Movistar KOI,Fnatic,True,BO5,0.4292806371908826,0.5707193628091174,0.4292806371908826,True
LEC_20240217_Movistar KOI|Team BDS,LEC,2024,2024-02-17,Team BDS,MAD Lions KOI,MAD Lions KOI,Team BDS,3-2,3,2,5,Movistar KOI|Team BDS,,,,,,,,,,,,,,,,,,,,,,,
LEC_20240218_G2 Esports|Movistar KOI,LEC,2024,2024-02-18,G2 Esports,MAD Lions KOI,MAD Lions KOI,G2 Esports,3-1,3,1,4,G2 Esports|Movistar KOI,3.0,https://www.oddsportal.com/esports/league-of-legends/league-of-legends-lec-2024/results/#/page/3/,18 Feb 2024 - Winter - Stage 2,2024-02-18,G2 Esports,Movistar KOI,G2 Esports,Movistar KOI,3-1,3.0,1.0,1.12,6.77,0.858048,0.141952,G2 Esports,Movistar KOI,True,BO5,0.71649660493381,0.28350339506619004,0.71649660493381,True
LEC_20240309_Heretics|Vitality,LEC,2024,2024-03-09,Team Vitality,Team Heretics,Team Vitality,Team Heretics,1-0,1,0,1,Heretics|Vitality,,,,,,,,,,,,,,,,,,,,,,,
LEC_20240309_GiantX|Karmine Corp,LEC,2024,2024-03-09,Karmine Corp,GiantX,Karmine Corp,GiantX,1-0,1,0,1,GiantX|Karmine Corp,3.0,https://www.oddsportal.com/esports/league-of-legends/league-of-legends-lec-2024/results/#/page/3/,09 Mar 2024 - Spring - Stage 1,2024-03-09,Karmine Corp,GIANTX,Karmine Corp,GiantX,1-0,1.0,0.0,1.61,2.35,0.593434,0.406566,Karmine Corp,GiantX,True,BO1,0.593434,0.406566,0.593434,True
LEC_20240310_Team BDS|Vitality,LEC,2024,2024-03-10,Team Vitality,Team BDS,Team Vitality,Team BDS,1-0,1,0,1,Team BDS|Vitality,,,,,,,,,,,,,,,,,,,,,,,
LEC_20240310_Fnatic|Karmine Corp,LEC,2024,2024-03-10,Fnatic,Karmine Corp,Fnatic,Karmine Corp,1-0,1,0,1,Fnatic|Karmine Corp,3.0,https://www.oddsportal.com/esports/league-of-legends/league-of-legends-lec-2024/results/#/page/3/,10 Mar 2024 - Spring - Stage 1,2024-03-10,Fnatic,Karmine Corp,Fnatic,Karmine Corp,1-0,1.0,0.0,1.48,2.82,0.655814,0.344186,Fnatic,Karmine Corp,True,BO1,0.655814,0.344186,0.655814,True
LEC_20240310_GiantX|SK Gaming,LEC,2024,2024-03-10,GiantX,SK Gaming,SK Gaming,GiantX,1-0,1,0,1,GiantX|SK Gaming,3.0,https://www.oddsportal.com/esports/league-of-legends/league-of-legends-lec-2024/results/#/page/3/,10 Mar 2024 - Spring - Stage 1,2024-03-10,GIANTX,SK Gaming,GiantX,SK Gaming,0-1,0.0,1.0,2.15,1.7,0.441558,0.558442,GiantX,SK Gaming,True,BO1,0.441558,0.558442,0.441558,True
LEC_20240311_SK Gaming|Vitality,LEC,2024,2024-03-11,SK Gaming,Team Vitality,SK Gaming,Team Vitality,1-0,1,0,1,SK Gaming|Vitality,3.0,https://www.oddsportal.com/esports/league-of-legends/league-of-legends-lec-2024/results/#/page/3/,11 Mar 2024 - Spring - Stage 1,2024-03-11,SK Gaming,Vitality,SK Gaming,Vitality,1-0,1.0,0.0,1.9,1.9,0.5,0.5,SK Gaming,Vitality,True,BO1,0.5,0.5,0.5,True
LEC_20240311_G2 Esports|Karmine Corp,LEC,2024,2024-03-11,G2 Esports,Karmine Corp,G2 Esports,Karmine Corp,1-0,1,0,1,G2 Esports|Karmine Corp,3.0,https://www.oddsportal.com/esports/league-of-legends/league-of-legends-lec-2024/results/#/page/3/,11 Mar 2024 - Spring - Stage 1,2024-03-11,G2 Esports,Karmine Corp,G2 Esports,Karmine Corp,1-0,1.0,0.0,1.18,4.1,0.776515,0.223485,G2 Esports,Karmine Corp,True,BO1,0.776515,0.22348500000000004,0.776515,True
LEC_20240316_SK Gaming|Team BDS,LEC,2024,2024-03-16,SK Gaming,Team BDS,Team BDS,SK Gaming,1-0,1,0,1,SK Gaming|Team BDS,,,,,,,,,,,,,,,,,,,,,,,
LEC_20240316_Movistar KOI|Vitality,LEC,2024,2024-03-16,MAD Lions KOI,Team Vitality,Team Vitality,MAD Lions KOI,1-0,1,0,1,Movistar KOI|Vitality,3.0,https://www.oddsportal.com/esports/league-of-legends/league-of-legends-lec-2024/results/#/page/3/,16 Mar 2024 - Spring - Stage 1,2024-03-16,Movistar KOI,Vitality,Movistar KOI,Vitality,0-1,0.0,1.0,1.61,2.31,0.589286,0.410714,Movistar KOI,Vitality,True,BO1,0.589286,0.410714,0.589286,True
LEC_20240316_Karmine Corp|Rogue,LEC,2024,2024-03-16,Karmine Corp,Rogue,Rogue,Karmine Corp,1-0,1,0,1,Karmine Corp|Rogue,3.0,https://www.oddsportal.com/esports/league-of-legends/league-of-legends-lec-2024/results/#/page/3/,16 Mar 2024 - Spring - Stage 1,2024-03-16,Karmine Corp,Rogue,Karmine Corp,Rogue,0-1,0.0,1.0,1.4,3.44,0.710744,0.289256,Karmine Corp,Rogue,True,BO1,0.710744,0.28925599999999996,0.710744,True
LEC_20240317_Rogue|Vitality,LEC,2024,2024-03-17,Rogue,Team Vitality,Team Vitality,Rogue,1-0,1,0,1,Rogue|Vitality,,,,,,,,,,,,,,,,,,,,,,,
LEC_20240317_Karmine Corp|Movistar KOI,LEC,2024,2024-03-17,MAD Lions KOI,Karmine Corp,Karmine Corp,MAD Lions KOI,1-0,1,0,1,Karmine Corp|Movistar KOI,3.0,https://www.oddsportal.com/esports/league-of-legends/league-of-legends-lec-2024/results/#/page/3/,17 Mar 2024 - Spring - Stage 1,2024-03-17,Movistar KOI,Karmine Corp,Movistar KOI,Karmine Corp,0-1,0.0,1.0,1.58,2.42,0.605,0.395,Movistar KOI,Karmine Corp,True,BO1,0.605,0.395,0.605,True
LEC_20240317_Heretics|SK Gaming,LEC,2024,2024-03-17,Team Heretics,SK Gaming,Team Heretics,SK Gaming,1-0,1,0,1,Heretics|SK Gaming,3.0,https://www.oddsportal.com/esports/league-of-legends/league-of-legends-lec-2024/results/#/page/3/,17 Mar 2024 - Spring - Stage 1,2024-03-17,Heretics,SK Gaming,Heretics,SK Gaming,1-0,1.0,0.0,2.0,1.9,0.487179,0.512821,Heretics,SK Gaming,True,BO1,0.487179,0.512821,0.487179,True
LEC_20240318_Heretics|Team BDS,LEC,2024,2024-03-18,Team BDS,Team Heretics,Team Heretics,Team BDS,1-0,1,0,1,Heretics|Team BDS,,,,,,,,,,,,,,,,,,,,,,,
LEC_20240318_Karmine Corp|SK Gaming,LEC,2024,2024-03-18,SK Gaming,Karmine Corp,SK Gaming,Karmine Corp,1-0,1,0,1,Karmine Corp|SK Gaming,2.0,https://www.oddsportal.com/esports/league-of-legends/league-of-legends-lec-2024/results/#/page/2/,18 Mar 2024 - Spring - Stage 1,2024-03-18,SK Gaming,Karmine Corp,SK Gaming,Karmine Corp,1-0,1.0,0.0,1.85,1.96,0.514436,0.485564,SK Gaming,Karmine Corp,True,BO1,0.514436,0.485564,0.514436,True
LEC_20240322_GiantX|Rogue,LEC,2024,2024-03-22,GiantX,Rogue,GiantX,Rogue,1-0,1,0,1,GiantX|Rogue,2.0,https://www.oddsportal.com/esports/league-of-legends/league-of-legends-lec-2024/results/#/page/2/,22 Mar 2024 - Spring - Stage 1,2024-03-22,GIANTX,Rogue,GiantX,Rogue,1-0,1.0,0.0,2.05,1.77,0.463351,0.536649,GiantX,Rogue,True,BO1,0.463351,0.5366489999999999,0.463351,True
LEC_20240322_G2 Esports|SK Gaming,LEC,2024,2024-03-22,G2 Esports,SK Gaming,G2 Esports,SK Gaming,1-0,1,0,1,G2 Esports|SK Gaming,2.0,https://www.oddsportal.com/esports/league-of-legends/league-of-legends-lec-2024/results/#/page/2/,22 Mar 2024 - Spring - Stage 1,2024-03-22,G2 Esports,SK Gaming,G2 Esports,SK Gaming,1-0,1.0,0.0,1.21,4.38,0.783542,0.216458,G2 Esports,SK Gaming,True,BO1,0.783542,0.21645800000000004,0.783542,True
LEC_20240323_Fnatic|SK Gaming,LEC,2024,2024-03-23,SK Gaming,Fnatic,Fnatic,SK Gaming,1-0,1,0,1,Fnatic|SK Gaming,2.0,https://www.oddsportal.com/esports/league-of-legends/league-of-legends-lec-2024/results/#/page/2/,23 Mar 2024 - Spring - Stage 1,2024-03-23,SK Gaming,Fnatic,SK Gaming,Fnatic,0-1,0.0,1.0,3.04,1.4,0.315315,0.684685,SK Gaming,Fnatic,True,BO1,0.315315,0.684685,0.315315,True
LEC_20240309_Fnatic|Rogue,LEC,2024,2024-03-09,Fnatic,Rogue,Fnatic,Rogue,1-0,1,0,1,Fnatic|Rogue,3.0,https://www.oddsportal.com/esports/league-of-legends/league-of-legends-lec-2024/results/#/page/3/,09 Mar 2024 - Spring - Stage 1,2024-03-09,Fnatic,Rogue,Fnatic,Rogue,1-0,1.0,0.0,1.3,3.54,0.731405,0.268595,Fnatic,Rogue,True,BO1,0.731405,0.26859500000000003,0.731405,True
LEC_20240309_G2 Esports|Team BDS,LEC,2024,2024-03-09,Team BDS,G2 Esports,G2 Esports,Team BDS,1-0,1,0,1,G2 Esports|Team BDS,,,,,,,,,,,,,,,,,,,,,,,
LEC_20240309_Movistar KOI|SK Gaming,LEC,2024,2024-03-09,MAD Lions KOI,SK Gaming,MAD Lions KOI,SK Gaming,1-0,1,0,1,Movistar KOI|SK Gaming,3.0,https://www.oddsportal.com/esports/league-of-legends/league-of-legends-lec-2024/results/#/page/3/,09 Mar 2024 - Spring - Stage 1,2024-03-09,Movistar KOI,SK Gaming,Movistar KOI,SK Gaming,1-0,1.0,0.0,1.52,2.68,0.638095,0.361905,Movistar KOI,SK Gaming,True,BO1,0.638095,0.36190500000000003,0.638095,True
LEC_20240310_Heretics|Rogue,LEC,2024,2024-03-10,Team Heretics,Rogue,Team Heretics,Rogue,1-0,1,0,1,Heretics|Rogue,,,,,,,,,,,,,,,,,,,,,,,
LEC_20240310_G2 Esports|Movistar KOI,LEC,2024,2024-03-10,MAD Lions KOI,G2 Esports,G2 Esports,MAD Lions KOI,1-0,1,0,1,G2 Esports|Movistar KOI,3.0,https://www.oddsportal.com/esports/league-of-legends/league-of-legends-lec-2024/results/#/page/3/,10 Mar 2024 - Spring - Stage 1,2024-03-10,Movistar KOI,G2 Esports,Movistar KOI,G2 Esports,0-1,0.0,1.0,2.8,1.38,0.330144,0.669856,Movistar KOI,G2 Esports,True,BO1,0.330144,0.669856,0.330144,True
LEC_20240311_Rogue|Team BDS,LEC,2024,2024-03-11,Rogue,Team BDS,Team BDS,Rogue,1-0,1,0,1,Rogue|Team BDS,,,,,,,,,,,,,,,,,,,,,,,
LEC_20240311_GiantX|Movistar KOI,LEC,2024,2024-03-11,GiantX,MAD Lions KOI,GiantX,MAD Lions KOI,1-0,1,0,1,GiantX|Movistar KOI,3.0,https://www.oddsportal.com/esports/league-of-legends/league-of-legends-lec-2024/results/#/page/3/,11 Mar 2024 - Spring - Stage 1,2024-03-11,GIANTX,Movistar KOI,GiantX,Movistar KOI,1-0,1.0,0.0,3.54,1.32,0.271605,0.728395,GiantX,Movistar KOI,True,BO1,0.271605,0.728395,0.271605,True
LEC_20240311_Fnatic|Heretics,LEC,2024,2024-03-11,Team Heretics,Fnatic,Team Heretics,Fnatic,1-0,1,0,1,Fnatic|Heretics,3.0,https://www.oddsportal.com/esports/league-of-legends/league-of-legends-lec-2024/results/#/page/3/,11 Mar 2024 - Spring - Stage 1,2024-03-11,Heretics,Fnatic,Heretics,Fnatic,1-0,1.0,0.0,3.1,1.4,0.311111,0.688889,Heretics,Fnatic,True,BO1,0.311111,0.688889,0.311111,True
LEC_20240316_Fnatic|GiantX,LEC,2024,2024-03-16,GiantX,Fnatic,Fnatic,GiantX,1-0,1,0,1,Fnatic|GiantX,3.0,https://www.oddsportal.com/esports/league-of-legends/league-of-legends-lec-2024/results/#/page/3/,16 Mar 2024 - Spring - Stage 1,2024-03-16,GIANTX,Fnatic,GiantX,Fnatic,0-1,0.0,1.0,3.54,1.3,0.268595,0.731405,GiantX,Fnatic,True,BO1,0.268595,0.7314050000000001,0.268595,True
LEC_20240316_G2 Esports|Heretics,LEC,2024,2024-03-16,G2 Esports,Team Heretics,G2 Esports,Team Heretics,1-0,1,0,1,G2 Esports|Heretics,3.0,https://www.oddsportal.com/esports/league-of-legends/league-of-legends-lec-2024/results/#/page/3/,16 Mar 2024 - Spring - Stage 1,2024-03-16,G2 Esports,Heretics,G2 Esports,Heretics,1-0,1.0,0.0,1.21,4.38,0.783542,0.216458,G2 Esports,Heretics,True,BO1,0.783542,0.21645800000000004,0.783542,True
LEC_20240317_GiantX|Team BDS,LEC,2024,2024-03-17,GiantX,Team BDS,Team BDS,GiantX,1-0,1,0,1,GiantX|Team BDS,,,,,,,,,,,,,,,,,,,,,,,
LEC_20240317_Fnatic|G2 Esports,LEC,2024,2024-03-17,Fnatic,G2 Esports,Fnatic,G2 Esports,1-0,1,0,1,Fnatic|G2 Esports,3.0,https://www.oddsportal.com/esports/league-of-legends/league-of-legends-lec-2024/results/#/page/3/,17 Mar 2024 - Spring - Stage 1,2024-03-17,Fnatic,G2 Esports,Fnatic,G2 Esports,1-0,1.0,0.0,2.9,1.43,0.330254,0.669746,Fnatic,G2 Esports,True,BO1,0.330254,0.669746,0.330254,True
LEC_20240318_Fnatic|Vitality,LEC,2024,2024-03-18,Team Vitality,Fnatic,Fnatic,Team Vitality,1-0,1,0,1,Fnatic|Vitality,3.0,https://www.oddsportal.com/esports/league-of-legends/league-of-legends-lec-2024/results/#/page/3/,18 Mar 2024 - Spring - Stage 1,2024-03-18,Vitality,Fnatic,Vitality,Fnatic,0-1,0.0,1.0,2.82,1.48,0.344186,0.655814,Vitality,Fnatic,True,BO1,0.344186,0.655814,0.344186,True
LEC_20240318_G2 Esports|GiantX,LEC,2024,2024-03-18,G2 Esports,GiantX,G2 Esports,GiantX,1-0,1,0,1,G2 Esports|GiantX,3.0,https://www.oddsportal.com/esports/league-of-legends/league-of-legends-lec-2024/results/#/page/3/,18 Mar 2024 - Spring - Stage 1,2024-03-18,G2 Esports,GIANTX,G2 Esports,GiantX,1-0,1.0,0.0,1.16,5.3,0.820433,0.179567,G2 Esports,GiantX,True,BO1,0.820433,0.17956700000000003,0.820433,True
LEC_20240318_Movistar KOI|Rogue,LEC,2024,2024-03-18,Rogue,MAD Lions KOI,MAD Lions KOI,Rogue,1-0,1,0,1,Movistar KOI|Rogue,2.0,https://www.oddsportal.com/esports/league-of-legends/league-of-legends-lec-2024/results/#/page/2/,18 Mar 2024 - Spring - Stage 1,2024-03-18,Rogue,Movistar KOI,Rogue,Movistar KOI,0-1,0.0,1.0,2.68,1.5,0.358852,0.641148,Rogue,Movistar KOI,True,BO1,0.358852,0.641148,0.358852,True
LEC_20240322_Fnatic|Team BDS,LEC,2024,2024-03-22,Team BDS,Fnatic,Team BDS,Fnatic,1-0,1,0,1,Fnatic|Team BDS,,,,,,,,,,,,,,,,,,,,,,,
LEC_20240322_Heretics|Movistar KOI,LEC,2024,2024-03-22,MAD Lions KOI,Team Heretics,Team Heretics,MAD Lions KOI,1-0,1,0,1,Heretics|Movistar KOI,2.0,https://www.oddsportal.com/esports/league-of-legends/league-of-legends-lec-2024/results/#/page/2/,22 Mar 2024 - Spring - Stage 1,2024-03-22,Movistar KOI,Heretics,Movistar KOI,Heretics,0-1,0.0,1.0,1.8,2.24,0.554455,0.445545,Movistar KOI,Heretics,True,BO1,0.554455,0.44554499999999997,0.554455,True
LEC_20240322_Karmine Corp|Vitality,LEC,2024,2024-03-22,Team Vitality,Karmine Corp,Team Vitality,Karmine Corp,1-0,1,0,1,Karmine Corp|Vitality,2.0,https://www.oddsportal.com/esports/league-of-legends/league-of-legends-lec-2024/results/#/page/2/,22 Mar 2024 - Spring - Stage 1,2024-03-22,Vitality,Karmine Corp,Vitality,Karmine Corp,1-0,1.0,0.0,1.65,2.36,0.588529,0.411471,Vitality,Karmine Corp,True,BO1,0.588529,0.41147100000000003,0.588529,True
LEC_20240323_Movistar KOI|Team BDS,LEC,2024,2024-03-23,Team BDS,MAD Lions KOI,MAD Lions KOI,Team BDS,1-0,1,0,1,Movistar KOI|Team BDS,,,,,,,,,,,,,,,,,,,,,,,
LEC_20240323_Heretics|Karmine Corp,LEC,2024,2024-03-23,Karmine Corp,Team Heretics,Team Heretics,Karmine Corp,1-0,1,0,1,Heretics|Karmine Corp,2.0,https://www.oddsportal.com/esports/league-of-legends/league-of-legends-lec-2024/results/#/page/2/,23 Mar 2024 - Spring - Stage 1,2024-03-23,Karmine Corp,Heretics,Karmine Corp,Heretics,0-1,0.0,1.0,2.24,1.65,0.424165,0.575835,Karmine Corp,Heretics,True,BO1,0.424165,0.575835,0.424165,True
LEC_20240325_G2 Esports|Vitality,LEC,2024,2024-03-25,G2 Esports,Team Vitality,Team Vitality,G2 Esports,1-0,1,0,1,G2 Esports|Vitality,2.0,https://www.oddsportal.com/esports/league-of-legends/league-of-legends-lec-2024/results/#/page/2/,25 Mar 2024 - Spring - Stage 1,2024-03-25,G2 Esports,Vitality,G2 Esports,Vitality,0-1,0.0,1.0,1.24,4.06,0.766038,0.233962,G2 Esports,Vitality,True,BO1,0.766038,0.233962,0.766038,True
LEC_20240323_GiantX|Vitality,LEC,2024,2024-03-23,Team Vitality,GiantX,GiantX,Team Vitality,1-0,1,0,1,GiantX|Vitality,2.0,https://www.oddsportal.com/esports/league-of-legends/league-of-legends-lec-2024/results/#/page/2/,23 Mar 2024 - Spring - Stage 1,2024-03-23,Vitality,GIANTX,Vitality,GiantX,0-1,0.0,1.0,1.5,2.82,0.652778,0.347222,Vitality,GiantX,True,BO1,0.652778,0.34722200000000003,0.652778,True
LEC_20240323_G2 Esports|Rogue,LEC,2024,2024-03-23,Rogue,G2 Esports,Rogue,G2 Esports,1-0,1,0,1,G2 Esports|Rogue,2.0,https://www.oddsportal.com/esports/league-of-legends/league-of-legends-lec-2024/results/#/page/2/,23 Mar 2024 - Spring - Stage 1,2024-03-23,Rogue,G2 Esports,Rogue,G2 Esports,1-0,1.0,0.0,4.81,1.18,0.196995,0.803005,Rogue,G2 Esports,True,BO1,0.196995,0.803005,0.196995,True
LEC_20240325_GiantX|Heretics,LEC,2024,2024-03-25,Team Heretics,GiantX,GiantX,Team Heretics,1-0,1,0,1,GiantX|Heretics,2.0,https://www.oddsportal.com/esports/league-of-legends/league-of-legends-lec-2024/results/#/page/2/,25 Mar 2024 - Spring - Stage 1,2024-03-25,Heretics,GIANTX,Heretics,GiantX,0-1,0.0,1.0,1.43,2.82,0.663529,0.336471,Heretics,GiantX,True,BO1,0.663529,0.33647099999999996,0.663529,True
LEC_20240325_Rogue|SK Gaming,LEC,2024,2024-03-25,Rogue,SK Gaming,Rogue,SK Gaming,1-1,1,1,2,Rogue|SK Gaming,2.0,https://www.oddsportal.com/esports/league-of-legends/league-of-legends-lec-2024/results/#/page/2/,25 Mar 2024 - Spring - Stage 1,2024-03-25,Rogue,SK Gaming,Rogue,SK Gaming,1-0,1.0,0.0,2.53,1.57,0.382927,0.617073,Rogue,SK Gaming,True,BO1,0.382927,0.617073,0.382927,False
LEC_20240325_Fnatic|Movistar KOI,LEC,2024,2024-03-25,Fnatic,MAD Lions KOI,MAD Lions KOI,Fnatic,1-0,1,0,1,Fnatic|Movistar KOI,2.0,https://www.oddsportal.com/esports/league-of-legends/league-of-legends-lec-2024/results/#/page/2/,25 Mar 2024 - Spring - Stage 1,2024-03-25,Fnatic,Movistar KOI,Fnatic,Movistar KOI,0-1,0.0,1.0,1.48,2.68,0.644231,0.355769,Fnatic,Movistar KOI,True,BO1,0.644231,0.355769,0.644231,True
LEC_20240325_Karmine Corp|Team BDS,LEC,2024,2024-03-25,Karmine Corp,Team BDS,Team BDS,Karmine Corp,1-0,1,0,1,Karmine Corp|Team BDS,,,,,,,,,,,,,,,,,,,,,,,
LEC_20240608_GiantX|Heretics,LEC,2024,2024-06-08,Team Heretics,GiantX,Team Heretics,GiantX,1-0,1,0,1,GiantX|Heretics,2.0,https://www.oddsportal.com/esports/league-of-legends/league-of-legends-lec-2024/results/#/page/2/,08 Jun 2024 - Summer - Stage 1,2024-06-08,Heretics,GIANTX,Heretics,GiantX,1-0,1.0,0.0,1.41,2.8,0.665083,0.334917,Heretics,GiantX,True,BO1,0.665083,0.334917,0.665083,True
LEC_20240608_Rogue|SK Gaming,LEC,2024,2024-06-08,SK Gaming,Rogue,SK Gaming,Rogue,1-0,1,0,1,Rogue|SK Gaming,2.0,https://www.oddsportal.com/esports/league-of-legends/league-of-legends-lec-2024/results/#/page/2/,08 Jun 2024 - Summer - Stage 1,2024-06-08,SK Gaming,Rogue,SK Gaming,Rogue,1-0,1.0,0.0,1.65,2.19,0.570312,0.429688,SK Gaming,Rogue,True,BO1,0.570312,0.42968799999999996,0.570312,True
LEC_20240608_G2 Esports|Movistar KOI,LEC,2024,2024-06-08,MAD Lions KOI,G2 Esports,G2 Esports,MAD Lions KOI,1-0,1,0,1,G2 Esports|Movistar KOI,2.0,https://www.oddsportal.com/esports/league-of-legends/league-of-legends-lec-2024/results/#/page/2/,08 Jun 2024 - Summer - Stage 1,2024-06-08,Movistar KOI,G2 Esports,Movistar KOI,G2 Esports,0-1,0.0,1.0,3.5,1.28,0.267782,0.732218,Movistar KOI,G2 Esports,True,BO1,0.267782,0.732218,0.267782,True
LEC_20240609_Karmine Corp|Movistar KOI,LEC,2024,2024-06-09,Karmine Corp,MAD Lions KOI,Karmine Corp,MAD Lions KOI,1-0,1,0,1,Karmine Corp|Movistar KOI,2.0,https://www.oddsportal.com/esports/league-of-legends/league-of-legends-lec-2024/results/#/page/2/,09 Jun 2024 - Summer - Stage 1,2024-06-09,Karmine Corp,Movistar KOI,Karmine Corp,Movistar KOI,1-0,1.0,0.0,2.24,1.68,0.428571,0.571429,Karmine Corp,Movistar KOI,True,BO1,0.428571,0.571429,0.428571,True
LEC_20240609_Fnatic|GiantX,LEC,2024,2024-06-09,Fnatic,GiantX,Fnatic,GiantX,1-0,1,0,1,Fnatic|GiantX,2.0,https://www.oddsportal.com/esports/league-of-legends/league-of-legends-lec-2024/results/#/page/2/,09 Jun 2024 - Summer - Stage 1,2024-06-09,Fnatic,GIANTX,Fnatic,GiantX,1-0,1.0,0.0,1.22,4.28,0.778182,0.221818,Fnatic,GiantX,True,BO1,0.778182,0.22181799999999996,0.778182,True
LEC_20240608_Team BDS|Vitality,LEC,2024,2024-06-08,Team Vitality,Team BDS,Team BDS,Team Vitality,1-0,1,0,1,Team BDS|Vitality,,,,,,,,,,,,,,,,,,,,,,,
LEC_20240608_Fnatic|Karmine Corp,LEC,2024,2024-06-08,Karmine Corp,Fnatic,Fnatic,Karmine Corp,1-0,1,0,1,Fnatic|Karmine Corp,2.0,https://www.oddsportal.com/esports/league-of-legends/league-of-legends-lec-2024/results/#/page/2/,08 Jun 2024 - Summer - Stage 1,2024-06-08,Karmine Corp,Fnatic,Karmine Corp,Fnatic,0-1,0.0,1.0,3.0,1.38,0.315068,0.684932,Karmine Corp,Fnatic,True,BO1,0.315068,0.684932,0.315068,True
LEC_20240609_Heretics|Team BDS,LEC,2024,2024-06-09,Team BDS,Team Heretics,Team BDS,Team Heretics,1-0,1,0,1,Heretics|Team BDS,,,,,,,,,,,,,,,,,,,,,,,
LEC_20240609_Rogue|Vitality,LEC,2024,2024-06-09,Rogue,Team Vitality,Rogue,Team Vitality,1-0,1,0,1,Rogue|Vitality,,,,,,,,,,,,,,,,,,,,,,,
LEC_20240609_G2 Esports|SK Gaming,LEC,2024,2024-06-09,G2 Esports,SK Gaming,SK Gaming,G2 Esports,1-0,1,0,1,G2 Esports|SK Gaming,2.0,https://www.oddsportal.com/esports/league-of-legends/league-of-legends-lec-2024/results/#/page/2/,09 Jun 2024 - Summer - Stage 1,2024-06-09,G2 Esports,SK Gaming,G2 Esports,SK Gaming,0-1,0.0,1.0,1.19,4.4,0.78712,0.21288,G2 Esports,SK Gaming,True,BO1,0.78712,0.21287999999999996,0.78712,True
LEC_20240610_GiantX|SK Gaming,LEC,2024,2024-06-10,GiantX,SK Gaming,SK Gaming,GiantX,1-0,1,0,1,GiantX|SK Gaming,2.0,https://www.oddsportal.com/esports/league-of-legends/league-of-legends-lec-2024/results/#/page/2/,10 Jun 2024 - Summer - Stage 1,2024-06-10,GIANTX,SK Gaming,GiantX,SK Gaming,0-1,0.0,1.0,2.5,1.53,0.379653,0.620347,GiantX,SK Gaming,True,BO1,0.379653,0.620347,0.379653,True
LEC_20240610_Heretics|Movistar KOI,LEC,2024,2024-06-10,Team Heretics,MAD Lions KOI,MAD Lions KOI,Team Heretics,1-0,1,0,1,Heretics|Movistar KOI,2.0,https://www.oddsportal.com/esports/league-of-legends/league-of-legends-lec-2024/results/#/page/2/,10 Jun 2024 - Summer - Stage 1,2024-06-10,Heretics,Movistar KOI,Heretics,Movistar KOI,0-1,0.0,1.0,1.85,1.85,0.5,0.5,Heretics,Movistar KOI,True,BO1,0.5,0.5,0.5,True
LEC_20240610_Fnatic|Vitality,LEC,2024,2024-06-10,Fnatic,Team Vitality,Fnatic,Team Vitality,1-0,1,0,1,Fnatic|Vitality,2.0,https://www.oddsportal.com/esports/league-of-legends/league-of-legends-lec-2024/results/#/page/2/,10 Jun 2024 - Summer - Stage 1,2024-06-10,Fnatic,Vitality,Fnatic,Vitality,1-0,1.0,0.0,1.41,2.8,0.665083,0.334917,Fnatic,Vitality,True,BO1,0.665083,0.334917,0.665083,True
LEC_20240610_G2 Esports|Team BDS,LEC,2024,2024-06-10,Team BDS,G2 Esports,Team BDS,G2 Esports,1-0,1,0,1,G2 Esports|Team BDS,,,,,,,,,,,,,,,,,,,,,,,
LEC_20240610_Karmine Corp|Rogue,LEC,2024,2024-06-10,Rogue,Karmine Corp,Karmine Corp,Rogue,1-0,1,0,1,Karmine Corp|Rogue,2.0,https://www.oddsportal.com/esports/league-of-legends/league-of-legends-lec-2024/results/#/page/2/,10 Jun 2024 - Summer - Stage 1,2024-06-10,Rogue,Karmine Corp,Rogue,Karmine Corp,0-1,0.0,1.0,2.2,1.62,0.424084,0.575916,Rogue,Karmine Corp,True,BO1,0.424084,0.575916,0.424084,True
LEC_20240615_SK Gaming|Team BDS,LEC,2024,2024-06-15,Team BDS,SK Gaming,SK Gaming,Team BDS,1-0,1,0,1,SK Gaming|Team BDS,,,,,,,,,,,,,,,,,,,,,,,
LEC_20240615_Fnatic|Rogue,LEC,2024,2024-06-15,Fnatic,Rogue,Fnatic,Rogue,1-0,1,0,1,Fnatic|Rogue,2.0,https://www.oddsportal.com/esports/league-of-legends/league-of-legends-lec-2024/results/#/page/2/,15 Jun 2024 - Summer - Stage 1,2024-06-15,Fnatic,Rogue,Fnatic,Rogue,1-0,1.0,0.0,1.26,3.72,0.746988,0.253012,Fnatic,Rogue,True,BO1,0.746988,0.253012,0.746988,True
LEC_20240615_Movistar KOI|Vitality,LEC,2024,2024-06-15,MAD Lions KOI,Team Vitality,Team Vitality,MAD Lions KOI,1-0,1,0,1,Movistar KOI|Vitality,2.0,https://www.oddsportal.com/esports/league-of-legends/league-of-legends-lec-2024/results/#/page/2/,15 Jun 2024 - Summer - Stage 1,2024-06-15,Movistar KOI,Vitality,Movistar KOI,Vitality,0-1,0.0,1.0,1.64,2.19,0.571802,0.428198,Movistar KOI,Vitality,True,BO1,0.571802,0.42819799999999997,0.571802,True
LEC_20240615_G2 Esports|GiantX,LEC,2024,2024-06-15,G2 Esports,GiantX,G2 Esports,GiantX,1-0,1,0,1,G2 Esports|GiantX,1.0,https://www.oddsportal.com/esports/league-of-legends/league-of-legends-lec-2024/results/,15 Jun 2024 - Summer - Stage 1,2024-06-15,G2 Esports,GIANTX,G2 Esports,GiantX,1-0,1.0,0.0,1.11,6.15,0.847107,0.152893,G2 Esports,GiantX,True,BO1,0.847107,0.15289299999999995,0.847107,True
LEC_20240616_G2 Esports|Rogue,LEC,2024,2024-06-16,Rogue,G2 Esports,G2 Esports,Rogue,1-0,1,0,1,G2 Esports|Rogue,1.0,https://www.oddsportal.com/esports/league-of-legends/league-of-legends-lec-2024/results/,16 Jun 2024 - Summer - Stage 1,2024-06-16,Rogue,G2 Esports,Rogue,G2 Esports,0-1,0.0,1.0,4.28,1.21,0.220401,0.779599,Rogue,G2 Esports,True,BO1,0.220401,0.7795989999999999,0.220401,True
LEC_20240616_GiantX|Movistar KOI,LEC,2024,2024-06-16,GiantX,MAD Lions KOI,GiantX,MAD Lions KOI,1-0,1,0,1,GiantX|Movistar KOI,1.0,https://www.oddsportal.com/esports/league-of-legends/league-of-legends-lec-2024/results/,16 Jun 2024 - Summer - Stage 1,2024-06-16,GIANTX,Movistar KOI,GiantX,Movistar KOI,1-0,1.0,0.0,2.75,1.45,0.345238,0.654762,GiantX,Movistar KOI,True,BO1,0.345238,0.6547620000000001,0.345238,True
LEC_20240616_Fnatic|SK Gaming,LEC,2024,2024-06-16,SK Gaming,Fnatic,Fnatic,SK Gaming,1-0,1,0,1,Fnatic|SK Gaming,1.0,https://www.oddsportal.com/esports/league-of-legends/league-of-legends-lec-2024/results/,16 Jun 2024 - Summer - Stage 1,2024-06-16,SK Gaming,Fnatic,SK Gaming,Fnatic,0-1,0.0,1.0,2.5,1.58,0.387255,0.612745,SK Gaming,Fnatic,True,BO1,0.387255,0.612745,0.387255,True
LEC_20240616_Karmine Corp|Team BDS,LEC,2024,2024-06-16,Karmine Corp,Team BDS,Team BDS,Karmine Corp,1-0,1,0,1,Karmine Corp|Team BDS,,,,,,,,,,,,,,,,,,,,,,,
LEC_20240615_Heretics|Karmine Corp,LEC,2024,2024-06-15,Team Heretics,Karmine Corp,Team Heretics,Karmine Corp,1-0,1,0,1,Heretics|Karmine Corp,2.0,https://www.oddsportal.com/esports/league-of-legends/league-of-legends-lec-2024/results/#/page/2/,15 Jun 2024 - Summer - Stage 1,2024-06-15,Heretics,Karmine Corp,Heretics,Karmine Corp,1-0,1.0,0.0,1.75,2.0,0.533333,0.466667,Heretics,Karmine Corp,True,BO1,0.533333,0.46666700000000005,0.533333,True
LEC_20240616_Heretics|Vitality,LEC,2024,2024-06-16,Team Vitality,Team Heretics,Team Vitality,Team Heretics,1-0,1,0,1,Heretics|Vitality,,,,,,,,,,,,,,,,,,,,,,,
LEC_20250125_Fnatic|Rogue,LEC,2025,2025-01-25,Rogue,Fnatic,Fnatic,Rogue,1-0,1,0,1,Fnatic|Rogue,3.0,https://www.oddsportal.com/esports/league-of-legends/league-of-legends-lec-2025/results/#/page/3/,25 Jan 2025 - Winter - Stage 1,2025-01-25,Rogue,Fnatic,Rogue,Fnatic,0-1,0.0,1.0,3.38,1.32,0.280851,0.719149,Rogue,Fnatic,True,BO1,0.280851,0.719149,0.280851,True
LEC_20250125_Heretics|Team BDS,LEC,2025,2025-01-25,Team BDS,Team Heretics,Team Heretics,Team BDS,1-0,1,0,1,Heretics|Team BDS,,,,,,,,,,,,,,,,,,,,,,,
LEC_20250125_GiantX|Movistar KOI,LEC,2025,2025-01-25,GiantX,Movistar KOI,Movistar KOI,GiantX,1-0,1,0,1,GiantX|Movistar KOI,3.0,https://www.oddsportal.com/esports/league-of-legends/league-of-legends-lec-2025/results/#/page/3/,25 Jan 2025 - Winter - Stage 1,2025-01-25,GIANTX,Movistar KOI,GiantX,Movistar KOI,0-1,0.0,1.0,2.07,1.79,0.463731,0.536269,GiantX,Movistar KOI,True,BO1,0.463731,0.536269,0.463731,True
LEC_20250125_G2 Esports|Vitality,LEC,2025,2025-01-25,Team Vitality,G2 Esports,G2 Esports,Team Vitality,1-0,1,0,1,G2 Esports|Vitality,3.0,https://www.oddsportal.com/esports/league-of-legends/league-of-legends-lec-2025/results/#/page/3/,25 Jan 2025 - Winter - Stage 1,2025-01-25,Vitality,G2 Esports,Vitality,G2 Esports,0-1,0.0,1.0,3.1,1.32,0.298643,0.701357,Vitality,G2 Esports,True,BO1,0.298643,0.701357,0.298643,True
LEC_20250125_Karmine Corp|SK Gaming,LEC,2025,2025-01-25,Karmine Corp,SK Gaming,Karmine Corp,SK Gaming,1-0,1,0,1,Karmine Corp|SK Gaming,3.0,https://www.oddsportal.com/esports/league-of-legends/league-of-legends-lec-2025/results/#/page/3/,25 Jan 2025 - Winter - Stage 1,2025-01-25,Karmine Corp,SK Gaming,Karmine Corp,SK Gaming,1-0,1.0,0.0,1.28,3.3,0.720524,0.279476,Karmine Corp,SK Gaming,True,BO1,0.720524,0.27947599999999995,0.720524,True
LEC_20250126_GiantX|Heretics,LEC,2025,2025-01-26,GiantX,Team Heretics,GiantX,Team Heretics,1-0,1,0,1,GiantX|Heretics,3.0,https://www.oddsportal.com/esports/league-of-legends/league-of-legends-lec-2025/results/#/page/3/,26 Jan 2025 - Winter - Stage 1,2025-01-26,GIANTX,Heretics,GiantX,Heretics,1-0,1.0,0.0,1.5,2.71,0.643705,0.356295,GiantX,Heretics,True,BO1,0.643705,0.35629500000000003,0.643705,True
LEC_20250126_Karmine Corp|Rogue,LEC,2025,2025-01-26,Karmine Corp,Rogue,Karmine Corp,Rogue,1-0,1,0,1,Karmine Corp|Rogue,3.0,https://www.oddsportal.com/esports/league-of-legends/league-of-legends-lec-2025/results/#/page/3/,26 Jan 2025 - Winter - Stage 1,2025-01-26,Karmine Corp,Rogue,Karmine Corp,Rogue,1-0,1.0,0.0,1.33,3.47,0.722917,0.277083,Karmine Corp,Rogue,True,BO1,0.722917,0.27708299999999997,0.722917,True
LEC_20250126_Movistar KOI|Team BDS,LEC,2025,2025-01-26,Team BDS,Movistar KOI,Movistar KOI,Team BDS,1-0,1,0,1,Movistar KOI|Team BDS,,,,,,,,,,,,,,,,,,,,,,,
LEC_20250127_Rogue|Vitality,LEC,2025,2025-01-27,Team Vitality,Rogue,Team Vitality,Rogue,1-0,1,0,1,Rogue|Vitality,,,,,,,,,,,,,,,,,,,,,,,
LEC_20250201_Fnatic|GiantX,LEC,2025,2025-02-01,GiantX,Fnatic,Fnatic,GiantX,1-0,1,0,1,Fnatic|GiantX,3.0,https://www.oddsportal.com/esports/league-of-legends/league-of-legends-lec-2025/results/#/page/3/,01 Feb 2025 - Winter - Stage 1,2025-02-01,GIANTX,Fnatic,GiantX,Fnatic,0-1,0.0,1.0,2.86,1.48,0.341014,0.658986,GiantX,Fnatic,True,BO1,0.341014,0.6589860000000001,0.341014,True
LEC_20250201_G2 Esports|Rogue,LEC,2025,2025-02-01,Rogue,G2 Esports,G2 Esports,Rogue,1-0,1,0,1,G2 Esports|Rogue,3.0,https://www.oddsportal.com/esports/league-of-legends/league-of-legends-lec-2025/results/#/page/3/,01 Feb 2025 - Winter - Stage 1,2025-02-01,Rogue,G2 Esports,Rogue,G2 Esports,0-1,0.0,1.0,4.2,1.25,0.229358,0.770642,Rogue,G2 Esports,True,BO1,0.229358,0.770642,0.229358,True
LEC_20250201_Heretics|Movistar KOI,LEC,2025,2025-02-01,Team Heretics,Movistar KOI,Team Heretics,Movistar KOI,1-0,1,0,1,Heretics|Movistar KOI,3.0,https://www.oddsportal.com/esports/league-of-legends/league-of-legends-lec-2025/results/#/page/3/,01 Feb 2025 - Winter - Stage 1,2025-02-01,Heretics,Movistar KOI,Heretics,Movistar KOI,1-0,1.0,0.0,3.3,1.38,0.294872,0.705128,Heretics,Movistar KOI,True,BO1,0.294872,0.705128,0.294872,True
LEC_20250201_Karmine Corp|Vitality,LEC,2025,2025-02-01,Team Vitality,Karmine Corp,Karmine Corp,Team Vitality,1-0,1,0,1,Karmine Corp|Vitality,3.0,https://www.oddsportal.com/esports/league-of-legends/league-of-legends-lec-2025/results/#/page/3/,01 Feb 2025 - Winter - Stage 1,2025-02-01,Vitality,Karmine Corp,Vitality,Karmine Corp,0-1,0.0,1.0,3.1,1.32,0.298643,0.701357,Vitality,Karmine Corp,True,BO1,0.298643,0.701357,0.298643,True
LEC_20250202_Fnatic|Karmine Corp,LEC,2025,2025-02-02,Fnatic,Karmine Corp,Fnatic,Karmine Corp,1-0,1,0,1,Fnatic|Karmine Corp,3.0,https://www.oddsportal.com/esports/league-of-legends/league-of-legends-lec-2025/results/#/page/3/,02 Feb 2025 - Winter - Stage 1,2025-02-02,Fnatic,Karmine Corp,Fnatic,Karmine Corp,1-0,1.0,0.0,1.79,2.07,0.536269,0.463731,Fnatic,Karmine Corp,True,BO1,0.536269,0.463731,0.536269,True
LEC_20250202_Heretics|Vitality,LEC,2025,2025-02-02,Team Heretics,Team Vitality,Team Vitality,Team Heretics,1-0,1,0,1,Heretics|Vitality,,,,,,,,,,,,,,,,,,,,,,,
LEC_20250203_GiantX|Vitality,LEC,2025,2025-02-03,Team Vitality,GiantX,Team Vitality,GiantX,1-0,1,0,1,GiantX|Vitality,3.0,https://www.oddsportal.com/esports/league-of-legends/league-of-legends-lec-2025/results/#/page/3/,03 Feb 2025 - Winter - Stage 1,2025-02-03,Vitality,GIANTX,Vitality,GiantX,1-0,1.0,0.0,2.34,1.63,0.410579,0.589421,Vitality,GiantX,True,BO1,0.410579,0.589421,0.410579,True
LEC_20250203_Movistar KOI|Rogue,LEC,2025,2025-02-03,Movistar KOI,Rogue,Movistar KOI,Rogue,1-0,1,0,1,Movistar KOI|Rogue,3.0,https://www.oddsportal.com/esports/league-of-legends/league-of-legends-lec-2025/results/#/page/3/,03 Feb 2025 - Winter - Stage 1,2025-02-03,Movistar KOI,Rogue,Movistar KOI,Rogue,1-0,1.0,0.0,1.25,4.2,0.770642,0.229358,Movistar KOI,Rogue,True,BO1,0.770642,0.22935799999999995,0.770642,True
LEC_20250203_Karmine Corp|Team BDS,LEC,2025,2025-02-03,Karmine Corp,Team BDS,Team BDS,Karmine Corp,1-0,1,0,1,Karmine Corp|Team BDS,,,,,,,,,,,,,,,,,,,,,,,
LEC_20250203_G2 Esports|Heretics,LEC,2025,2025-02-03,G2 Esports,Team Heretics,G2 Esports,Team Heretics,1-0,1,0,1,G2 Esports|Heretics,2.0,https://www.oddsportal.com/esports/league-of-legends/league-of-legends-lec-2025/results/#/page/2/,03 Feb 2025 - Winter - Stage 1,2025-02-03,G2 Esports,Heretics,G2 Esports,Heretics,1-0,1.0,0.0,1.22,4.51,0.787086,0.212914,G2 Esports,Heretics,True,BO1,0.787086,0.21291400000000005,0.787086,True
LEC_20250126_SK Gaming|Vitality,LEC,2025,2025-01-26,SK Gaming,Team Vitality,Team Vitality,SK Gaming,1-0,1,0,1,SK Gaming|Vitality,3.0,https://www.oddsportal.com/esports/league-of-legends/league-of-legends-lec-2025/results/#/page/3/,26 Jan 2025 - Winter - Stage 1,2025-01-26,SK Gaming,Vitality,SK Gaming,Vitality,0-1,0.0,1.0,1.98,1.87,0.485714,0.514286,SK Gaming,Vitality,True,BO1,0.485714,0.514286,0.485714,True
LEC_20250126_Fnatic|G2 Esports,LEC,2025,2025-01-26,Fnatic,G2 Esports,Fnatic,G2 Esports,1-0,1,0,1,Fnatic|G2 Esports,3.0,https://www.oddsportal.com/esports/league-of-legends/league-of-legends-lec-2025/results/#/page/3/,26 Jan 2025 - Winter - Stage 1,2025-01-26,Fnatic,G2 Esports,Fnatic,G2 Esports,1-0,1.0,0.0,2.07,1.79,0.463731,0.536269,Fnatic,G2 Esports,True,BO1,0.463731,0.536269,0.463731,True
LEC_20250127_Fnatic|Team BDS,LEC,2025,2025-01-27,Fnatic,Team BDS,Fnatic,Team BDS,1-0,1,0,1,Fnatic|Team BDS,,,,,,,,,,,,,,,,,,,,,,,
LEC_20250127_G2 Esports|GiantX,LEC,2025,2025-01-27,G2 Esports,GiantX,G2 Esports,GiantX,1-0,1,0,1,G2 Esports|GiantX,3.0,https://www.oddsportal.com/esports/league-of-legends/league-of-legends-lec-2025/results/#/page/3/,27 Jan 2025 - Winter - Stage 1,2025-01-27,G2 Esports,GIANTX,G2 Esports,GiantX,1-0,1.0,0.0,1.61,2.38,0.596491,0.403509,G2 Esports,GiantX,True,BO1,0.596491,0.403509,0.596491,True
LEC_20250127_Heretics|Karmine Corp,LEC,2025,2025-01-27,Karmine Corp,Team Heretics,Karmine Corp,Team Heretics,1-0,1,0,1,Heretics|Karmine Corp,3.0,https://www.oddsportal.com/esports/league-of-legends/league-of-legends-lec-2025/results/#/page/3/,27 Jan 2025 - Winter - Stage 1,2025-01-27,Karmine Corp,Heretics,Karmine Corp,Heretics,1-0,1.0,0.0,1.26,3.4,0.729614,0.270386,Karmine Corp,Heretics,True,BO1,0.729614,0.270386,0.729614,True
LEC_20250127_Movistar KOI|SK Gaming,LEC,2025,2025-01-27,SK Gaming,Movistar KOI,Movistar KOI,SK Gaming,1-0,1,0,1,Movistar KOI|SK Gaming,3.0,https://www.oddsportal.com/esports/league-of-legends/league-of-legends-lec-2025/results/#/page/3/,27 Jan 2025 - Winter - Stage 1,2025-01-27,SK Gaming,Movistar KOI,SK Gaming,Movistar KOI,0-1,0.0,1.0,3.4,1.26,0.270386,0.729614,SK Gaming,Movistar KOI,True,BO1,0.270386,0.729614,0.270386,True
LEC_20250201_SK Gaming|Team BDS,LEC,2025,2025-02-01,SK Gaming,Team BDS,Team BDS,SK Gaming,1-0,1,0,1,SK Gaming|Team BDS,,,,,,,,,,,,,,,,,,,,,,,
LEC_20250202_Rogue|SK Gaming,LEC,2025,2025-02-02,Rogue,SK Gaming,SK Gaming,Rogue,1-0,1,0,1,Rogue|SK Gaming,3.0,https://www.oddsportal.com/esports/league-of-legends/league-of-legends-lec-2025/results/#/page/3/,02 Feb 2025 - Winter - Stage 1,2025-02-02,Rogue,SK Gaming,Rogue,SK Gaming,0-1,0.0,1.0,1.72,2.17,0.557841,0.442159,Rogue,SK Gaming,True,BO1,0.557841,0.44215899999999997,0.557841,True
LEC_20250202_GiantX|Team BDS,LEC,2025,2025-02-02,Team BDS,GiantX,GiantX,Team BDS,1-0,1,0,1,GiantX|Team BDS,,,,,,,,,,,,,,,,,,,,,,,
LEC_20250202_G2 Esports|Movistar KOI,LEC,2025,2025-02-02,G2 Esports,Movistar KOI,G2 Esports,Movistar KOI,1-0,1,0,1,G2 Esports|Movistar KOI,3.0,https://www.oddsportal.com/esports/league-of-legends/league-of-legends-lec-2025/results/#/page/3/,02 Feb 2025 - Winter - Stage 1,2025-02-02,G2 Esports,Movistar KOI,G2 Esports,Movistar KOI,1-0,1.0,0.0,1.72,2.17,0.557841,0.442159,G2 Esports,Movistar KOI,True,BO1,0.557841,0.44215899999999997,0.557841,True
LEC_20250203_Fnatic|SK Gaming,LEC,2025,2025-02-03,SK Gaming,Fnatic,Fnatic,SK Gaming,1-0,1,0,1,Fnatic|SK Gaming,2.0,https://www.oddsportal.com/esports/league-of-legends/league-of-legends-lec-2025/results/#/page/2/,03 Feb 2025 - Winter - Stage 1,2025-02-03,SK Gaming,Fnatic,SK Gaming,Fnatic,0-1,0.0,1.0,5.08,1.18,0.188498,0.811502,SK Gaming,Fnatic,True,BO1,0.188498,0.811502,0.188498,True
LEC_20250215_Fnatic|Heretics,LEC,2025,2025-02-15,Fnatic,Team Heretics,Fnatic,Team Heretics,1-1,1,1,2,Fnatic|Heretics,2.0,https://www.oddsportal.com/esports/league-of-legends/league-of-legends-lec-2025/results/#/page/2/,15 Feb 2025 - Winter - Stage 2,2025-02-15,Fnatic,Heretics,Fnatic,Heretics,2-0,2.0,0.0,1.06,10.6,0.909091,0.090909,Fnatic,Heretics,True,BO3,0.8140102245173586,0.1859897754826414,0.8140102245173586,True
LEC_20250217_Fnatic|G2 Esports,LEC,2025,2025-02-17,Fnatic,G2 Esports,G2 Esports,Fnatic,2-0,2,0,2,Fnatic|G2 Esports,2.0,https://www.oddsportal.com/esports/league-of-legends/league-of-legends-lec-2025/results/#/page/2/,17 Feb 2025 - Winter - Stage 2,2025-02-17,Fnatic,G2 Esports,Fnatic,G2 Esports,0-2,0.0,2.0,1.72,2.17,0.557841,0.442159,Fnatic,G2 Esports,True,BO3,0.5386375740949632,0.46136242590503684,0.5386375740949632,True
LEC_20250217_Karmine Corp|Movistar KOI,LEC,2025,2025-02-17,Karmine Corp,Movistar KOI,Karmine Corp,Movistar KOI,1-1,1,1,2,Karmine Corp|Movistar KOI,2.0,https://www.oddsportal.com/esports/league-of-legends/league-of-legends-lec-2025/results/#/page/2/,17 Feb 2025 - Winter - Stage 2,2025-02-17,Karmine Corp,Movistar KOI,Karmine Corp,Movistar KOI,2-0,2.0,0.0,2.17,1.92,0.469438,0.530562,Karmine Corp,Movistar KOI,True,BO3,0.47961403713203,0.52038596286797,0.47961403713203,True
LEC_20250215_G2 Esports|GiantX,LEC,2025,2025-02-15,G2 Esports,GiantX,G2 Esports,GiantX,1-1,1,1,2,G2 Esports|GiantX,2.0,https://www.oddsportal.com/esports/league-of-legends/league-of-legends-lec-2025/results/#/page/2/,15 Feb 2025 - Winter - Stage 2,2025-02-15,G2 Esports,GIANTX,G2 Esports,GiantX,2-0,2.0,0.0,1.22,5.08,0.806349,0.193651,G2 Esports,GiantX,True,BO3,0.7180571823140312,0.28194281768596885,0.7180571823140312,True
LEC_20250216_Movistar KOI|Team BDS,LEC,2025,2025-02-16,Movistar KOI,Team BDS,Movistar KOI,Team BDS,1-1,1,1,2,Movistar KOI|Team BDS,,,,,,,,,,,,,,,,,,,,,,,
LEC_20250216_Karmine Corp|Vitality,LEC,2025,2025-02-16,Karmine Corp,Team Vitality,Karmine Corp,Team Vitality,1-1,1,1,2,Karmine Corp|Vitality,2.0,https://www.oddsportal.com/esports/league-of-legends/league-of-legends-lec-2025/results/#/page/2/,16 Feb 2025 - Winter - Stage 2,2025-02-16,Karmine Corp,Vitality,Karmine Corp,Vitality,2-0,2.0,0.0,1.24,4.2,0.772059,0.227941,Karmine Corp,Vitality,True,BO3,0.6906057493746031,0.30939425062539694,0.6906057493746031,True
LEC_20250222_Team BDS|Vitality,LEC,2025,2025-02-22,Team Vitality,Team BDS,Team Vitality,Team BDS,2-1,2,1,3,Team BDS|Vitality,,,,,,,,,,,,,,,,,,,,,,,
LEC_20250222_GiantX|Heretics,LEC,2025,2025-02-22,GiantX,Team Heretics,GiantX,Team Heretics,3-0,3,0,3,GiantX|Heretics,2.0,https://www.oddsportal.com/esports/league-of-legends/league-of-legends-lec-2025/results/#/page/2/,22 Feb 2025 - Winter - Stage 2,2025-02-22,Heretics,GIANTX,Heretics,GiantX,1-2,1.0,2.0,2.9,1.38,0.32243,0.67757,Heretics,GiantX,False,BO3,0.37927392449120495,0.6207260755087951,0.6207260755087951,True
LEC_20250223_Fnatic|Team BDS,LEC,2025,2025-02-23,Fnatic,Team BDS,Fnatic,Team BDS,3-0,3,0,3,Fnatic|Team BDS,,,,,,,,,,,,,,,,,,,,,,,
LEC_20250224_G2 Esports|Karmine Corp,LEC,2025,2025-02-24,Karmine Corp,G2 Esports,Karmine Corp,G2 Esports,2-2,2,2,4,G2 Esports|Karmine Corp,2.0,https://www.oddsportal.com/esports/league-of-legends/league-of-legends-lec-2025/results/#/page/2/,24 Feb 2025 - Winter - Stage 2,2025-02-24,G2 Esports,Karmine Corp,G2 Esports,Karmine Corp,3-1,3.0,1.0,1.55,2.71,0.63615,0.36385,G2 Esports,Karmine Corp,False,BO5,0.5736727109319916,0.42632728906800843,0.42632728906800843,True
LEC_20250223_GiantX|Movistar KOI,LEC,2025,2025-02-23,Movistar KOI,GiantX,Movistar KOI,GiantX,1-1,1,1,2,GiantX|Movistar KOI,2.0,https://www.oddsportal.com/esports/league-of-legends/league-of-legends-lec-2025/results/#/page/2/,23 Feb 2025 - Winter - Stage 2,2025-02-23,Movistar KOI,GIANTX,Movistar KOI,GiantX,2-0,2.0,0.0,1.48,2.86,0.658986,0.341014,Movistar KOI,GiantX,True,BO3,0.6076542006546222,0.39234579934537783,0.6076542006546222,True
LEC_20250228_Fnatic|Movistar KOI,LEC,2025,2025-02-28,Fnatic,Movistar KOI,Fnatic,Movistar KOI,3-1,3,1,4,Fnatic|Movistar KOI,2.0,https://www.oddsportal.com/esports/league-of-legends/league-of-legends-lec-2025/results/#/page/2/,28 Feb 2025 - Winter - Stage 2,2025-02-28,Movistar KOI,Fnatic,Movistar KOI,Fnatic,1-3,1.0,3.0,2.71,1.49,0.354762,0.645238,Movistar KOI,Fnatic,False,BO5,0.42124694739687024,0.5787530526031297,0.5787530526031297,True
LEC_20250301_Fnatic|Karmine Corp,LEC,2025,2025-03-01,Karmine Corp,Fnatic,Fnatic,Karmine Corp,4-1,4,1,5,Fnatic|Karmine Corp,2.0,https://www.oddsportal.com/esports/league-of-legends/league-of-legends-lec-2025/results/#/page/2/,01 Mar 2025 - Winter - Stage 2,2025-03-01,Karmine Corp,Fnatic,Karmine Corp,Fnatic,3-2,3.0,2.0,2.27,1.67,0.423858,0.576142,Karmine Corp,Fnatic,True,BO5,0.4592103192167385,0.5407896807832615,0.4592103192167385,True
LEC_20250302_G2 Esports|Karmine Corp,LEC,2025,2025-03-02,G2 Esports,Karmine Corp,Karmine Corp,G2 Esports,2-1,2,1,3,G2 Esports|Karmine Corp,2.0,https://www.oddsportal.com/esports/league-of-legends/league-of-legends-lec-2025/results/#/page/2/,02 Mar 2025 - Winter - Stage 2,2025-03-02,G2 Esports,Karmine Corp,G2 Esports,Karmine Corp,0-3,0.0,3.0,1.28,3.89,0.752418,0.247582,G2 Esports,Karmine Corp,True,BO5,0.6420871076856619,0.3579128923143381,0.6420871076856619,True
LEC_20250329_Heretics|Rogue,LEC,2025,2025-03-29,Rogue,Team Heretics,Team Heretics,Rogue,2-0,2,0,2,Heretics|Rogue,,,,,,,,,,,,,,,,,,,,,,,
LEC_20250329_G2 Esports|Movistar KOI,LEC,2025,2025-03-29,G2 Esports,Movistar KOI,G2 Esports,Movistar KOI,2-1,2,1,3,G2 Esports|Movistar KOI,2.0,https://www.oddsportal.com/esports/league-of-legends/league-of-legends-lec-2025/results/#/page/2/,29 Mar 2025 - Spring - Stage 1,2025-03-29,G2 Esports,Movistar KOI,G2 Esports,Movistar KOI,2-1,2.0,1.0,1.35,3.44,0.718163,0.281837,G2 Esports,Movistar KOI,True,BO3,0.6499362664136268,0.3500637335863732,0.6499362664136268,True
LEC_20250330_GiantX|Vitality,LEC,2025,2025-03-30,GiantX,Team Vitality,Team Vitality,GiantX,2-0,2,0,2,GiantX|Vitality,2.0,https://www.oddsportal.com/esports/league-of-legends/league-of-legends-lec-2025/results/#/page/2/,30 Mar 2025 - Spring - Stage 1,2025-03-30,Vitality,GIANTX,Vitality,GiantX,2-0,2.0,0.0,2.31,1.65,0.416667,0.583333,Vitality,GiantX,False,BO3,0.4442131759116879,0.5557868240883121,0.5557868240883121,True
LEC_20250331_Rogue|Team BDS,LEC,2025,2025-03-31,Team BDS,Rogue,Rogue,Team BDS,2-1,2,1,3,Rogue|Team BDS,,,,,,,,,,,,,,,,,,,,,,,
LEC_20250331_Fnatic|SK Gaming,LEC,2025,2025-03-31,SK Gaming,Fnatic,SK Gaming,Fnatic,1-1,1,1,2,Fnatic|SK Gaming,2.0,https://www.oddsportal.com/esports/league-of-legends/league-of-legends-lec-2025/results/#/page/2/,31 Mar 2025 - Spring - Stage 1,2025-03-31,Fnatic,SK Gaming,Fnatic,SK Gaming,0-2,0.0,2.0,1.05,10.5,0.909091,0.090909,Fnatic,SK Gaming,False,BO3,0.8140102245173586,0.1859897754826414,0.1859897754826414,True
LEC_20250329_Fnatic|GiantX,LEC,2025,2025-03-29,Fnatic,GiantX,Fnatic,GiantX,1-1,1,1,2,Fnatic|GiantX,2.0,https://www.oddsportal.com/esports/league-of-legends/league-of-legends-lec-2025/results/#/page/2/,29 Mar 2025 - Spring - Stage 1,2025-03-29,Fnatic,GIANTX,Fnatic,GiantX,2-0,2.0,0.0,1.17,5.3,0.819165,0.180835,Fnatic,GiantX,True,BO3,0.7287326336114531,0.27126736638854687,0.7287326336114531,True
LEC_20250330_Karmine Corp|Movistar KOI,LEC,2025,2025-03-30,Karmine Corp,Movistar KOI,Karmine Corp,Movistar KOI,3-0,3,0,3,Karmine Corp|Movistar KOI,2.0,https://www.oddsportal.com/esports/league-of-legends/league-of-legends-lec-2025/results/#/page/2/,30 Mar 2025 - Spring - Stage 1,2025-03-30,Movistar KOI,Karmine Corp,Movistar KOI,Karmine Corp,1-2,1.0,2.0,2.82,1.55,0.354691,0.645309,Movistar KOI,Karmine Corp,False,BO3,0.40186730619618677,0.5981326938038132,0.5981326938038132,True
LEC_20250503_Fnatic|Team BDS,LEC,2025,2025-05-03,Fnatic,Team BDS,Fnatic,Team BDS,2-0,2,0,2,Fnatic|Team BDS,,,,,,,,,,,,,,,,,,,,,,,
LEC_20250503_Karmine Corp|Rogue,LEC,2025,2025-05-03,Karmine Corp,Rogue,Karmine Corp,Rogue,2-0,2,0,2,Karmine Corp|Rogue,1.0,https://www.oddsportal.com/esports/league-of-legends/league-of-legends-lec-2025/results/,03 May 2025 - Spring - Stage 1,2025-05-03,Karmine Corp,Rogue,Karmine Corp,Rogue,2-0,2.0,0.0,1.09,7.33,0.870546,0.129454,Karmine Corp,Rogue,True,BO3,0.7746558617250666,0.22534413827493338,0.7746558617250666,True
LEC_20250504_GiantX|Team BDS,LEC,2025,2025-05-04,GiantX,Team BDS,GiantX,Team BDS,2-0,2,0,2,GiantX|Team BDS,,,,,,,,,,,,,,,,,,,,,,,
LEC_20250504_G2 Esports|Vitality,LEC,2025,2025-05-04,G2 Esports,Team Vitality,G2 Esports,Team Vitality,2-0,2,0,2,G2 Esports|Vitality,1.0,https://www.oddsportal.com/esports/league-of-legends/league-of-legends-lec-2025/results/,04 May 2025 - Spring - Stage 1,2025-05-04,G2 Esports,Vitality,G2 Esports,Vitality,2-0,2.0,0.0,1.22,4.38,0.782143,0.217857,G2 Esports,Vitality,True,BO3,0.6985282483236602,0.30147175167633977,0.6985282483236602,True
LEC_20250505_Movistar KOI|SK Gaming,LEC,2025,2025-05-05,Movistar KOI,SK Gaming,Movistar KOI,SK Gaming,1-1,1,1,2,Movistar KOI|SK Gaming,1.0,https://www.oddsportal.com/esports/league-of-legends/league-of-legends-lec-2025/results/,05 May 2025 - Spring - Stage 1,2025-05-05,Movistar KOI,SK Gaming,Movistar KOI,SK Gaming,2-0,2.0,0.0,1.17,5.02,0.810985,0.189015,Movistar KOI,SK Gaming,True,BO3,0.7218896552140898,0.27811034478591024,0.7218896552140898,True
LEC_20250510_G2 Esports|SK Gaming,LEC,2025,2025-05-10,SK Gaming,G2 Esports,SK Gaming,G2 Esports,1-1,1,1,2,G2 Esports|SK Gaming,1.0,https://www.oddsportal.com/esports/league-of-legends/league-of-legends-lec-2025/results/,10 May 2025 - Spring - Stage 1,2025-05-10,G2 Esports,SK Gaming,G2 Esports,SK Gaming,2-0,2.0,0.0,1.11,6.59,0.855844,0.144156,G2 Esports,SK Gaming,False,BO3,0.7609112728122872,0.2390887271877128,0.2390887271877128,True
LEC_20250511_SK Gaming|Vitality,LEC,2025,2025-05-11,SK Gaming,Team Vitality,SK Gaming,Team Vitality,1-1,1,1,2,SK Gaming|Vitality,1.0,https://www.oddsportal.com/esports/league-of-legends/league-of-legends-lec-2025/results/,11 May 2025 - Spring - Stage 1,2025-05-11,Vitality,SK Gaming,Vitality,SK Gaming,2-0,2.0,0.0,1.61,2.5,0.608273,0.391727,Vitality,SK Gaming,False,BO3,0.5726941981288354,0.4273058018711646,0.4273058018711646,True
LEC_20250511_G2 Esports|Karmine Corp,LEC,2025,2025-05-11,G2 Esports,Karmine Corp,G2 Esports,Karmine Corp,2-1,2,1,3,G2 Esports|Karmine Corp,1.0,https://www.oddsportal.com/esports/league-of-legends/league-of-legends-lec-2025/results/,11 May 2025 - Spring - Stage 1,2025-05-11,Karmine Corp,G2 Esports,Karmine Corp,G2 Esports,2-1,2.0,1.0,1.7,2.15,0.558442,0.441558,Karmine Corp,G2 Esports,False,BO3,0.539040673046286,0.460959326953714,0.460959326953714,True
LEC_20250512_GiantX|Heretics,LEC,2025,2025-05-12,Team Heretics,GiantX,GiantX,Team Heretics,2-0,2,0,2,GiantX|Heretics,1.0,https://www.oddsportal.com/esports/league-of-legends/league-of-legends-lec-2025/results/,12 May 2025 - Spring - Stage 1,2025-05-12,Heretics,GIANTX,Heretics,GiantX,0-2,0.0,2.0,2.15,1.7,0.441558,0.558442,Heretics,GiantX,True,BO3,0.46095932695371394,0.539040673046286,0.46095932695371394,True
LEC_20240120_Rogue|Vitality,LEC,2024,2024-01-20,Team Vitality,Rogue,Team Vitality,Rogue,1-0,1,0,1,Rogue|Vitality,,,,,,,,,,,,,,,,,,,,,,,
LEC_20240120_Heretics|SK Gaming,LEC,2024,2024-01-20,Team Heretics,SK Gaming,Team Heretics,SK Gaming,1-0,1,0,1,Heretics|SK Gaming,4.0,https://www.oddsportal.com/esports/league-of-legends/league-of-legends-lec-2024/results/#/page/4/,20 Jan 2024 - Winter - Stage 1,2024-01-20,SK Gaming,Heretics,SK Gaming,Heretics,0-1,0.0,1.0,1.62,2.31,0.587786,0.412214,SK Gaming,Heretics,False,BO1,0.587786,0.41221399999999997,0.41221399999999997,True
LEC_20250505_Fnatic|Heretics,LEC,2025,2025-05-05,Fnatic,Team Heretics,Fnatic,Team Heretics,1-1,1,1,2,Fnatic|Heretics,1.0,https://www.oddsportal.com/esports/league-of-legends/league-of-legends-lec-2025/results/,05 May 2025 - Spring - Stage 1,2025-05-05,Heretics,Fnatic,Heretics,Fnatic,0-2,0.0,2.0,4.83,1.2,0.199005,0.800995,Heretics,Fnatic,False,BO3,0.28632987629120005,0.7136701237087999,0.7136701237087999,True
LEC_20240120_G2 Esports|Movistar KOI,LEC,2024,2024-01-20,G2 Esports,MAD Lions KOI,G2 Esports,MAD Lions KOI,1-0,1,0,1,G2 Esports|Movistar KOI,4.0,https://www.oddsportal.com/esports/league-of-legends/league-of-legends-lec-2024/results/#/page/4/,20 Jan 2024 - Winter - Stage 1,2024-01-20,Movistar KOI,G2 Esports,Movistar KOI,G2 Esports,0-1,0.0,1.0,3.44,1.31,0.275789,0.724211,Movistar KOI,G2 Esports,False,BO1,0.275789,0.7242109999999999,0.7242109999999999,True
LEC_20240121_Movistar KOI|Team BDS,LEC,2024,2024-01-21,MAD Lions KOI,Team BDS,Team BDS,MAD Lions KOI,1-0,1,0,1,Movistar KOI|Team BDS,,,,,,,,,,,,,,,,,,,,,,,
LEC_20250510_Karmine Corp|Vitality,LEC,2025,2025-05-10,Team Vitality,Karmine Corp,Team Vitality,Karmine Corp,2-1,2,1,3,Karmine Corp|Vitality,1.0,https://www.oddsportal.com/esports/league-of-legends/league-of-legends-lec-2025/results/,10 May 2025 - Spring - Stage 1,2025-05-10,Karmine Corp,Vitality,Karmine Corp,Vitality,2-1,2.0,1.0,1.1,6.98,0.863861,0.136139,Karmine Corp,Vitality,False,BO3,0.7683356655321675,0.23166433446783252,0.23166433446783252,True
LEC_20250512_Movistar KOI|Rogue,LEC,2025,2025-05-12,Rogue,Movistar KOI,Movistar KOI,Rogue,2-0,2,0,2,Movistar KOI|Rogue,1.0,https://www.oddsportal.com/esports/league-of-legends/league-of-legends-lec-2025/results/,12 May 2025 - Spring - Stage 1,2025-05-12,Movistar KOI,Rogue,Movistar KOI,Rogue,2-0,2.0,0.0,1.1,9.03,0.891412,0.108588,Movistar KOI,Rogue,False,BO3,0.7952626907784042,0.20473730922159583,0.20473730922159583,True
LEC_20250513_Heretics|Vitality,LEC,2025,2025-05-13,Team Heretics,Team Vitality,Team Heretics,Team Vitality,1-0,1,0,1,Heretics|Vitality,,,,,,,,,,,,,,,,,,,,,,,
LEC_20240122_SK Gaming|Team BDS,LEC,2024,2024-01-22,SK Gaming,Team BDS,Team BDS,SK Gaming,1-0,1,0,1,SK Gaming|Team BDS,,,,,,,,,,,,,,,,,,,,,,,
LEC_20240122_Fnatic|GiantX,LEC,2024,2024-01-22,Fnatic,GiantX,Fnatic,GiantX,1-0,1,0,1,Fnatic|GiantX,4.0,https://www.oddsportal.com/esports/league-of-legends/league-of-legends-lec-2024/results/#/page/4/,22 Jan 2024 - Winter - Stage 1,2024-01-22,Fnatic,GIANTX,Fnatic,GiantX,1-0,1.0,0.0,1.36,3.0,0.688073,0.311927,Fnatic,GiantX,True,BO1,0.688073,0.31192699999999995,0.688073,True
LEC_20240122_Movistar KOI|Rogue,LEC,2024,2024-01-22,MAD Lions KOI,Rogue,MAD Lions KOI,Rogue,1-0,1,0,1,Movistar KOI|Rogue,4.0,https://www.oddsportal.com/esports/league-of-legends/league-of-legends-lec-2024/results/#/page/4/,22 Jan 2024 - Winter - Stage 1,2024-01-22,Movistar KOI,Rogue,Movistar KOI,Rogue,1-0,1.0,0.0,1.57,2.5,0.614251,0.385749,Movistar KOI,Rogue,True,BO1,0.614251,0.385749,0.614251,True
LEC_20240127_Heretics|Team BDS,LEC,2024,2024-01-27,Team BDS,Team Heretics,Team BDS,Team Heretics,1-0,1,0,1,Heretics|Team BDS,,,,,,,,,,,,,,,,,,,,,,,
LEC_20240127_SK Gaming|Vitality,LEC,2024,2024-01-27,SK Gaming,Team Vitality,SK Gaming,Team Vitality,1-0,1,0,1,SK Gaming|Vitality,4.0,https://www.oddsportal.com/esports/league-of-legends/league-of-legends-lec-2024/results/#/page/4/,27 Jan 2024 - Winter - Stage 1,2024-01-27,Vitality,SK Gaming,Vitality,SK Gaming,0-1,0.0,1.0,2.07,1.79,0.463731,0.536269,Vitality,SK Gaming,False,BO1,0.463731,0.536269,0.536269,True
LEC_20240127_Fnatic|Movistar KOI,LEC,2024,2024-01-27,MAD Lions KOI,Fnatic,MAD Lions KOI,Fnatic,1-0,1,0,1,Fnatic|Movistar KOI,4.0,https://www.oddsportal.com/esports/league-of-legends/league-of-legends-lec-2024/results/#/page/4/,27 Jan 2024 - Winter - Stage 1,2024-01-27,Fnatic,Movistar KOI,Fnatic,Movistar KOI,0-1,0.0,1.0,1.53,2.5,0.620347,0.379653,Fnatic,Movistar KOI,False,BO1,0.620347,0.379653,0.379653,True
LEC_20240127_Karmine Corp|Rogue,LEC,2024,2024-01-27,Rogue,Karmine Corp,Rogue,Karmine Corp,1-0,1,0,1,Karmine Corp|Rogue,4.0,https://www.oddsportal.com/esports/league-of-legends/league-of-legends-lec-2024/results/#/page/4/,27 Jan 2024 - Winter - Stage 1,2024-01-27,Karmine Corp,Rogue,Karmine Corp,Rogue,0-1,0.0,1.0,1.93,1.85,0.489418,0.510582,Karmine Corp,Rogue,False,BO1,0.489418,0.510582,0.510582,True
LEC_20240128_Heretics|Vitality,LEC,2024,2024-01-28,Team Heretics,Team Vitality,Team Vitality,Team Heretics,1-0,1,0,1,Heretics|Vitality,,,,,,,,,,,,,,,,,,,,,,,
LEC_20240128_Rogue|Team BDS,LEC,2024,2024-01-28,Rogue,Team BDS,Team BDS,Rogue,1-0,1,0,1,Rogue|Team BDS,,,,,,,,,,,,,,,,,,,,,,,
LEC_20240129_GiantX|Rogue,LEC,2024,2024-01-29,GiantX,Rogue,GiantX,Rogue,1-0,1,0,1,GiantX|Rogue,3.0,https://www.oddsportal.com/esports/league-of-legends/league-of-legends-lec-2024/results/#/page/3/,29 Jan 2024 - Winter - Stage 1,2024-01-29,GIANTX,Rogue,GiantX,Rogue,1-0,1.0,0.0,1.63,2.34,0.589421,0.410579,GiantX,Rogue,True,BO1,0.589421,0.410579,0.589421,True
LEC_20240120_Fnatic|Team BDS,LEC,2024,2024-01-20,Team BDS,Fnatic,Team BDS,Fnatic,1-0,1,0,1,Fnatic|Team BDS,,,,,,,,,,,,,,,,,,,,,,,
LEC_20240120_GiantX|Karmine Corp,LEC,2024,2024-01-20,Karmine Corp,GiantX,GiantX,Karmine Corp,1-0,1,0,1,GiantX|Karmine Corp,4.0,https://www.oddsportal.com/esports/league-of-legends/league-of-legends-lec-2024/results/#/page/4/,20 Jan 2024 - Winter - Stage 1,2024-01-20,GIANTX,Karmine Corp,GiantX,Karmine Corp,1-0,1.0,0.0,2.31,1.62,0.412214,0.587786,GiantX,Karmine Corp,False,BO1,0.412214,0.5877859999999999,0.5877859999999999,True
LEC_20240121_Fnatic|Rogue,LEC,2024,2024-01-21,Rogue,Fnatic,Fnatic,Rogue,1-0,1,0,1,Fnatic|Rogue,4.0,https://www.oddsportal.com/esports/league-of-legends/league-of-legends-lec-2024/results/#/page/4/,21 Jan 2024 - Winter - Stage 1,2024-01-21,Fnatic,Rogue,Fnatic,Rogue,1-0,1.0,0.0,1.38,3.04,0.687783,0.312217,Fnatic,Rogue,False,BO1,0.687783,0.31221699999999997,0.31221699999999997,True
LEC_20240121_G2 Esports|Heretics,LEC,2024,2024-01-21,G2 Esports,Team Heretics,G2 Esports,Team Heretics,1-0,1,0,1,G2 Esports|Heretics,4.0,https://www.oddsportal.com/esports/league-of-legends/league-of-legends-lec-2024/results/#/page/4/,21 Jan 2024 - Winter - Stage 1,2024-01-21,Heretics,G2 Esports,Heretics,G2 Esports,0-1,0.0,1.0,3.26,1.35,0.292842,0.707158,Heretics,G2 Esports,False,BO1,0.292842,0.707158,0.707158,True
LEC_20240121_GiantX|SK Gaming,LEC,2024,2024-01-21,GiantX,SK Gaming,SK Gaming,GiantX,1-0,1,0,1,GiantX|SK Gaming,4.0,https://www.oddsportal.com/esports/league-of-legends/league-of-legends-lec-2024/results/#/page/4/,21 Jan 2024 - Winter - Stage 1,2024-01-21,SK Gaming,GIANTX,SK Gaming,GiantX,1-0,1.0,0.0,1.57,2.42,0.606516,0.393484,SK Gaming,GiantX,False,BO1,0.606516,0.39348399999999994,0.39348399999999994,True
LEC_20240121_Karmine Corp|Vitality,LEC,2024,2024-01-21,Karmine Corp,Team Vitality,Team Vitality,Karmine Corp,1-0,1,0,1,Karmine Corp|Vitality,4.0,https://www.oddsportal.com/esports/league-of-legends/league-of-legends-lec-2024/results/#/page/4/,21 Jan 2024 - Winter - Stage 1,2024-01-21,Vitality,Karmine Corp,Vitality,Karmine Corp,1-0,1.0,0.0,2.05,1.85,0.474359,0.525641,Vitality,Karmine Corp,False,BO1,0.474359,0.525641,0.525641,True
LEC_20240122_G2 Esports|Vitality,LEC,2024,2024-01-22,Team Vitality,G2 Esports,Team Vitality,G2 Esports,1-0,1,0,1,G2 Esports|Vitality,4.0,https://www.oddsportal.com/esports/league-of-legends/league-of-legends-lec-2024/results/#/page/4/,22 Jan 2024 - Winter - Stage 1,2024-01-22,Vitality,G2 Esports,Vitality,G2 Esports,1-0,1.0,0.0,5.0,1.2,0.193548,0.806452,Vitality,G2 Esports,True,BO1,0.193548,0.806452,0.193548,True
LEC_20240122_Heretics|Karmine Corp,LEC,2024,2024-01-22,Team Heretics,Karmine Corp,Team Heretics,Karmine Corp,1-0,1,0,1,Heretics|Karmine Corp,4.0,https://www.oddsportal.com/esports/league-of-legends/league-of-legends-lec-2024/results/#/page/4/,22 Jan 2024 - Winter - Stage 1,2024-01-22,Heretics,Karmine Corp,Heretics,Karmine Corp,1-0,1.0,0.0,1.57,2.99,0.655702,0.344298,Heretics,Karmine Corp,True,BO1,0.655702,0.344298,0.655702,True
LEC_20250802_Karmine Corp|Natus Vincere,LEC,2025,2025-08-02,Natus Vincere,Karmine Corp,Natus Vincere,Karmine Corp,1-1,1,1,2,Karmine Corp|Natus Vincere,1.0,https://www.oddsportal.com/esports/league-of-legends/league-of-legends-lec-2025/results/,02 Aug 2025 - Summer - Stage 1,2025-08-02,Natus Vincere,Karmine Corp,Natus Vincere,Karmine Corp,0-2,0.0,2.0,9.0,1.04,0.103586,0.896414,Natus Vincere,Karmine Corp,True,BO3,0.19956840056111333,0.8004315994388866,0.19956840056111333,True
LEC_20250802_Fnatic|Heretics,LEC,2025,2025-08-02,Team Heretics,Fnatic,Team Heretics,Fnatic,2-1,2,1,3,Fnatic|Heretics,1.0,https://www.oddsportal.com/esports/league-of-legends/league-of-legends-lec-2025/results/,02 Aug 2025 - Summer - Stage 1,2025-08-02,Heretics,Fnatic,Heretics,Fnatic,1-2,1.0,2.0,6.09,1.17,0.161157,0.838843,Heretics,Fnatic,True,BO3,0.25433684515368554,0.7456631548463144,0.25433684515368554,True
LEC_20250804_GiantX|Vitality,LEC,2025,2025-08-04,GiantX,Team Vitality,GiantX,Team Vitality,1-1,1,1,2,GiantX|Vitality,1.0,https://www.oddsportal.com/esports/league-of-legends/league-of-legends-lec-2025/results/,04 Aug 2025 - Summer - Stage 1,2025-08-04,GIANTX,Vitality,GiantX,Vitality,2-0,2.0,0.0,1.7,2.77,0.619687,0.380313,GiantX,Vitality,True,BO3,0.5804865310976602,0.41951346890233976,0.5804865310976602,True
LEC_20250809_GiantX|Movistar KOI,LEC,2025,2025-08-09,Movistar KOI,GiantX,GiantX,Movistar KOI,2-1,2,1,3,GiantX|Movistar KOI,1.0,https://www.oddsportal.com/esports/league-of-legends/league-of-legends-lec-2025/results/,09 Aug 2025 - Summer - Stage 1,2025-08-09,Movistar KOI,GIANTX,Movistar KOI,GiantX,2-1,2.0,1.0,1.45,2.88,0.665127,0.334873,Movistar KOI,GiantX,True,BO3,0.6119556811365381,0.3880443188634619,0.6119556811365381,True
LEC_20250810_Karmine Corp|Movistar KOI,LEC,2025,2025-08-10,Karmine Corp,Movistar KOI,Karmine Corp,Movistar KOI,3-0,3,0,3,Karmine Corp|Movistar KOI,1.0,https://www.oddsportal.com/esports/league-of-legends/league-of-legends-lec-2025/results/,10 Aug 2025 - Summer - Stage 1,2025-08-10,Karmine Corp,Movistar KOI,Karmine Corp,Movistar KOI,2-1,2.0,1.0,1.65,2.99,0.644397,0.355603,Karmine Corp,Movistar KOI,True,BO3,0.5975004981072934,0.40249950189270656,0.5975004981072934,True
LEC_20250803_SK Gaming|Team BDS,LEC,2025,2025-08-03,Team BDS,SK Gaming,Team BDS,SK Gaming,1-1,1,1,2,SK Gaming|Team BDS,,,,,,,,,,,,,,,,,,,,,,,
LEC_20250803_GiantX|Karmine Corp,LEC,2025,2025-08-03,GiantX,Karmine Corp,GiantX,Karmine Corp,2-1,2,1,3,GiantX|Karmine Corp,1.0,https://www.oddsportal.com/esports/league-of-legends/league-of-legends-lec-2025/results/,03 Aug 2025 - Summer - Stage 1,2025-08-03,GIANTX,Karmine Corp,GiantX,Karmine Corp,1-2,1.0,2.0,4.5,1.2,0.210526,0.789474,GiantX,Karmine Corp,True,BO3,0.2956372969158324,0.7043627030841676,0.2956372969158324,True
LEC_20250804_Fnatic|SK Gaming,LEC,2025,2025-08-04,SK Gaming,Fnatic,Fnatic,SK Gaming,2-0,2,0,2,Fnatic|SK Gaming,1.0,https://www.oddsportal.com/esports/league-of-legends/league-of-legends-lec-2025/results/,04 Aug 2025 - Summer - Stage 1,2025-08-04,SK Gaming,Fnatic,SK Gaming,Fnatic,0-2,0.0,2.0,8.5,1.1,0.114583,0.885417,SK Gaming,Fnatic,True,BO3,0.21080758112110248,0.7891924188788975,0.21080758112110248,True
LEC_20250809_G2 Esports|Heretics,LEC,2025,2025-08-09,G2 Esports,Team Heretics,G2 Esports,Team Heretics,2-0,2,0,2,G2 Esports|Heretics,1.0,https://www.oddsportal.com/esports/league-of-legends/league-of-legends-lec-2025/results/,09 Aug 2025 - Summer - Stage 1,2025-08-09,G2 Esports,Heretics,G2 Esports,Heretics,2-0,2.0,0.0,1.12,6.5,0.853018,0.146982,G2 Esports,Heretics,True,BO3,0.7583318091902541,0.2416681908097459,0.7583318091902541,True
LEC_20250810_Fnatic|Team BDS,LEC,2025,2025-08-10,Fnatic,Team BDS,Fnatic,Team BDS,2-0,2,0,2,Fnatic|Team BDS,,,,,,,,,,,,,,,,,,,,,,,
LEC_20240127_G2 Esports|GiantX,LEC,2024,2024-01-27,G2 Esports,GiantX,G2 Esports,GiantX,1-0,1,0,1,G2 Esports|GiantX,4.0,https://www.oddsportal.com/esports/league-of-legends/league-of-legends-lec-2024/results/#/page/4/,27 Jan 2024 - Winter - Stage 1,2024-01-27,GIANTX,G2 Esports,GiantX,G2 Esports,0-1,0.0,1.0,4.51,1.22,0.212914,0.787086,GiantX,G2 Esports,False,BO1,0.212914,0.787086,0.787086,True
LEC_20240128_Fnatic|G2 Esports,LEC,2024,2024-01-28,Fnatic,G2 Esports,G2 Esports,Fnatic,1-0,1,0,1,Fnatic|G2 Esports,3.0,https://www.oddsportal.com/esports/league-of-legends/league-of-legends-lec-2024/results/#/page/3/,28 Jan 2024 - Winter - Stage 1,2024-01-28,Fnatic,G2 Esports,Fnatic,G2 Esports,0-1,0.0,1.0,2.86,1.45,0.336427,0.663573,Fnatic,G2 Esports,True,BO1,0.336427,0.663573,0.336427,True
LEC_20240128_GiantX|Movistar KOI,LEC,2024,2024-01-28,GiantX,MAD Lions KOI,GiantX,MAD Lions KOI,1-0,1,0,1,GiantX|Movistar KOI,3.0,https://www.oddsportal.com/esports/league-of-legends/league-of-legends-lec-2024/results/#/page/3/,28 Jan 2024 - Winter - Stage 1,2024-01-28,Movistar KOI,GIANTX,Movistar KOI,GiantX,0-1,0.0,1.0,1.5,2.4,0.615385,0.384615,Movistar KOI,GiantX,False,BO1,0.615385,0.38461500000000004,0.38461500000000004,True
LEC_20240128_Karmine Corp|SK Gaming,LEC,2024,2024-01-28,Karmine Corp,SK Gaming,Karmine Corp,SK Gaming,1-0,1,0,1,Karmine Corp|SK Gaming,3.0,https://www.oddsportal.com/esports/league-of-legends/league-of-legends-lec-2024/results/#/page/3/,28 Jan 2024 - Winter - Stage 1,2024-01-28,SK Gaming,Karmine Corp,SK Gaming,Karmine Corp,0-1,0.0,1.0,1.36,3.1,0.695067,0.304933,SK Gaming,Karmine Corp,False,BO1,0.695067,0.304933,0.304933,True
LEC_20240129_Karmine Corp|Team BDS,LEC,2024,2024-01-29,Team BDS,Karmine Corp,Karmine Corp,Team BDS,1-0,1,0,1,Karmine Corp|Team BDS,,,,,,,,,,,,,,,,,,,,,,,
LEC_20240129_Fnatic|Heretics,LEC,2024,2024-01-29,Fnatic,Team Heretics,Fnatic,Team Heretics,1-0,1,0,1,Fnatic|Heretics,3.0,https://www.oddsportal.com/esports/league-of-legends/league-of-legends-lec-2024/results/#/page/3/,29 Jan 2024 - Winter - Stage 1,2024-01-29,Fnatic,Heretics,Fnatic,Heretics,1-0,1.0,0.0,1.58,2.45,0.60794,0.39206,Fnatic,Heretics,True,BO1,0.60794,0.39205999999999996,0.60794,True
LEC_20240129_G2 Esports|SK Gaming,LEC,2024,2024-01-29,SK Gaming,G2 Esports,G2 Esports,SK Gaming,1-0,1,0,1,G2 Esports|SK Gaming,3.0,https://www.oddsportal.com/esports/league-of-legends/league-of-legends-lec-2024/results/#/page/3/,29 Jan 2024 - Winter - Stage 1,2024-01-29,SK Gaming,G2 Esports,SK Gaming,G2 Esports,0-1,0.0,1.0,3.57,1.32,0.269939,0.730061,SK Gaming,G2 Esports,True,BO1,0.269939,0.7300610000000001,0.269939,True
LEC_20240129_Movistar KOI|Vitality,LEC,2024,2024-01-29,Team Vitality,MAD Lions KOI,MAD Lions KOI,Team Vitality,1-0,1,0,1,Movistar KOI|Vitality,3.0,https://www.oddsportal.com/esports/league-of-legends/league-of-legends-lec-2024/results/#/page/3/,29 Jan 2024 - Winter - Stage 1,2024-01-29,Vitality,Movistar KOI,Vitality,Movistar KOI,0-1,0.0,1.0,2.0,1.85,0.480519,0.519481,Vitality,Movistar KOI,True,BO1,0.480519,0.5194810000000001,0.480519,True
LEC_20250926_Fnatic|Karmine Corp,LEC,2025,2025-09-26,Karmine Corp,Fnatic,Fnatic,Karmine Corp,2-0,2,0,2,Fnatic|Karmine Corp,1.0,https://www.oddsportal.com/esports/league-of-legends/league-of-legends-lec-2025/results/,26 Sep 2025 - Summer - Stage 2,2025-09-26,Fnatic,Karmine Corp,Fnatic,Karmine Corp,3-1,3.0,1.0,2.5,1.85,0.425287,0.574713,Fnatic,Karmine Corp,False,BO5,0.4599825043550275,0.5400174956449725,0.5400174956449725,False
LEC_20250927_Fnatic|Movistar KOI,LEC,2025,2025-09-27,Movistar KOI,Fnatic,Movistar KOI,Fnatic,3-1,3,1,4,Fnatic|Movistar KOI,1.0,https://www.oddsportal.com/esports/league-of-legends/league-of-legends-lec-2025/results/,27 Sep 2025 - Summer - Stage 2,2025-09-27,Movistar KOI,Fnatic,Movistar KOI,Fnatic,3-1,3.0,1.0,1.99,2.08,0.511057,0.488943,Movistar KOI,Fnatic,True,BO5,0.5058976136568886,0.49410238634311143,0.5058976136568886,True
LEC_20250928_G2 Esports|Movistar KOI,LEC,2025,2025-09-28,Movistar KOI,G2 Esports,G2 Esports,Movistar KOI,3-0,3,0,3,G2 Esports|Movistar KOI,1.0,https://www.oddsportal.com/esports/league-of-legends/league-of-legends-lec-2025/results/,28 Sep 2025 - Summer - Stage 2,2025-09-28,G2 Esports,Movistar KOI,G2 Esports,Movistar KOI,3-0,3.0,0.0,1.48,2.72,0.647619,0.352381,G2 Esports,Movistar KOI,False,BO5,0.5800895101638974,0.4199104898361026,0.4199104898361026,True
LEC_20260207_Fnatic|Heretics,LEC,2026,2026-02-07,Team Heretics,Fnatic,Team Heretics,Fnatic,1-0,1,0,1,Fnatic|Heretics,2.0,https://www.oddsportal.com/esports/league-of-legends/league-of-legends-lec/results/#/page/2/,07 Feb 2026 - Winter Season,2026-02-07 00:00:00,Heretics,Fnatic,Heretics,Fnatic,1-0,1.0,0.0,2.98,1.45,0.327314,0.672686,Heretics,Fnatic,True,BO1,0.327314,0.672686,0.327314,True
LEC_20260208_Los Ratones|Vitality,LEC,2026,2026-02-08,Los Ratones,Team Vitality,Team Vitality,Los Ratones,1-0,1,0,1,Los Ratones|Vitality,2.0,https://www.oddsportal.com/esports/league-of-legends/league-of-legends-lec/results/#/page/2/,08 Feb 2026 - Winter Season,2026-02-08 00:00:00,Vitality,Los Ratones,Vitality,Los Ratones,1-0,1.0,0.0,1.66,2.3,0.580808,0.419192,Vitality,Los Ratones,False,BO1,0.580808,0.419192,0.419192,True
LEC_20260208_GiantX|Karmine Corp Blue,LEC,2026,2026-02-08,GiantX,Karmine Corp Blue,Karmine Corp Blue,GiantX,1-0,1,0,1,GiantX|Karmine Corp Blue,2.0,https://www.oddsportal.com/esports/league-of-legends/league-of-legends-lec/results/#/page/2/,08 Feb 2026 - Winter Season,2026-02-08 00:00:00,Karmine Corp Blue,GIANTX,Karmine Corp Blue,GiantX,1-0,1.0,0.0,6.5,1.12,0.146982,0.853018,Karmine Corp Blue,GiantX,False,BO1,0.146982,0.853018,0.853018,True
LEC_20260208_Movistar KOI|Natus Vincere,LEC,2026,2026-02-08,Movistar KOI,Natus Vincere,Movistar KOI,Natus Vincere,1-0,1,0,1,Movistar KOI|Natus Vincere,2.0,https://www.oddsportal.com/esports/league-of-legends/league-of-legends-lec/results/#/page/2/,08 Feb 2026 - Winter Season,2026-02-08 00:00:00,Natus Vincere,Movistar KOI,Natus Vincere,Movistar KOI,0-1,0.0,1.0,2.25,1.72,0.433249,0.566751,Natus Vincere,Movistar KOI,False,BO1,0.433249,0.566751,0.566751,True
LEC_20260208_Heretics|Karmine Corp,LEC,2026,2026-02-08,Team Heretics,Karmine Corp,Team Heretics,Karmine Corp,1-0,1,0,1,Heretics|Karmine Corp,2.0,https://www.oddsportal.com/esports/league-of-legends/league-of-legends-lec/results/#/page/2/,08 Feb 2026 - Winter Season,2026-02-08 00:00:00,Heretics,Karmine Corp,Heretics,Karmine Corp,1-0,1.0,0.0,3.5,1.3,0.270833,0.729167,Heretics,Karmine Corp,True,BO1,0.270833,0.729167,0.270833,True
LEC_20260208_Fnatic|G2 Esports,LEC,2026,2026-02-08,G2 Esports,Fnatic,G2 Esports,Fnatic,1-0,1,0,1,Fnatic|G2 Esports,2.0,https://www.oddsportal.com/esports/league-of-legends/league-of-legends-lec/results/#/page/2/,08 Feb 2026 - Winter Season,2026-02-08 00:00:00,Fnatic,G2 Esports,Fnatic,G2 Esports,0-1,0.0,1.0,2.6,1.55,0.373494,0.626506,Fnatic,G2 Esports,False,BO1,0.373494,0.626506,0.626506,True
LEC_20260216_Fnatic|Natus Vincere,LEC,2026,2026-02-16,Natus Vincere,Fnatic,Natus Vincere,Fnatic,1-1,1,1,2,Fnatic|Natus Vincere,2.0,https://www.oddsportal.com/esports/league-of-legends/league-of-legends-lec/results/#/page/2/,16 Feb 2026 - Winter - Play Offs,2026-02-16 00:00:00,Natus Vincere,Fnatic,Natus Vincere,Fnatic,2-0,2.0,0.0,2.0,1.88,0.484536,0.515464,Natus Vincere,Fnatic,True,BO3,0.48968920511161185,0.5103107948883882,0.48968920511161185,True
LEC_20260216_Movistar KOI|Vitality,LEC,2026,2026-02-16,Movistar KOI,Team Vitality,Movistar KOI,Team Vitality,2-0,2,0,2,Movistar KOI|Vitality,2.0,https://www.oddsportal.com/esports/league-of-legends/league-of-legends-lec/results/#/page/2/,16 Feb 2026 - Winter - Play Offs,2026-02-16 00:00:00,Vitality,Movistar KOI,Vitality,Movistar KOI,0-2,0.0,2.0,2.56,1.64,0.390476,0.609524,Vitality,Movistar KOI,False,BO3,0.4264535756831703,0.5735464243168297,0.5735464243168297,True
LEC_20260217_G2 Esports|Heretics,LEC,2026,2026-02-17,Team Heretics,G2 Esports,Team Heretics,G2 Esports,1-1,1,1,2,G2 Esports|Heretics,2.0,https://www.oddsportal.com/esports/league-of-legends/league-of-legends-lec/results/#/page/2/,17 Feb 2026 - Winter - Play Offs,2026-02-17 00:00:00,Heretics,G2 Esports,Heretics,G2 Esports,0-2,0.0,2.0,5.0,1.28,0.203822,0.796178,Heretics,G2 Esports,True,BO3,0.2902427762375252,0.7097572237624747,0.2902427762375252,True
LEC_20260217_GiantX|Karmine Corp,LEC,2026,2026-02-17,Karmine Corp,GiantX,Karmine Corp,GiantX,1-1,1,1,2,GiantX|Karmine Corp,2.0,https://www.oddsportal.com/esports/league-of-legends/league-of-legends-lec/results/#/page/2/,17 Feb 2026 - Winter - Play Offs,2026-02-17 00:00:00,Karmine Corp,GIANTX,Karmine Corp,GiantX,2-0,2.0,0.0,1.3,3.8,0.745098,0.254902,Karmine Corp,GiantX,True,BO3,0.6699427132119974,0.3300572867880026,0.6699427132119974,True
LEC_20260220_Movistar KOI|Natus Vincere,LEC,2026,2026-02-20,Movistar KOI,Natus Vincere,Movistar KOI,Natus Vincere,2-0,2,0,2,Movistar KOI|Natus Vincere,2.0,https://www.oddsportal.com/esports/league-of-legends/league-of-legends-lec/results/#/page/2/,20 Feb 2026 - Winter - Play Offs,2026-02-20 00:00:00,Natus Vincere,Movistar KOI,Natus Vincere,Movistar KOI,0-2,0.0,2.0,2.44,1.65,0.403423,0.596577,Natus Vincere,Movistar KOI,False,BO3,0.43525343300683034,0.5647465669931697,0.5647465669931697,True
LEC_20260220_G2 Esports|Karmine Corp,LEC,2026,2026-02-20,G2 Esports,Karmine Corp,G2 Esports,Karmine Corp,2-0,2,0,2,G2 Esports|Karmine Corp,2.0,https://www.oddsportal.com/esports/league-of-legends/league-of-legends-lec/results/#/page/2/,20 Feb 2026 - Winter - Play Offs,2026-02-20 00:00:00,Karmine Corp,G2 Esports,Karmine Corp,G2 Esports,0-2,0.0,2.0,1.75,2.12,0.547804,0.452196,Karmine Corp,G2 Esports,False,BO3,0.5319126672604644,0.4680873327395356,0.4680873327395356,True
LEC_20260207_Karmine Corp Blue|Shifters,LEC,2026,2026-02-07,Karmine Corp Blue,Shifters,Shifters,Karmine Corp Blue,1-0,1,0,1,Karmine Corp Blue|Shifters,,,,,,,,,,,,,,,,,,,,,,,
LEC_20260207_Los Ratones|SK Gaming,LEC,2026,2026-02-07,SK Gaming,Los Ratones,Los Ratones,SK Gaming,1-0,1,0,1,Los Ratones|SK Gaming,2.0,https://www.oddsportal.com/esports/league-of-legends/league-of-legends-lec/results/#/page/2/,07 Feb 2026 - Winter Season,2026-02-07 00:00:00,SK Gaming,Los Ratones,SK Gaming,Los Ratones,0-1,0.0,1.0,1.99,1.88,0.485788,0.514212,SK Gaming,Los Ratones,True,BO1,0.485788,0.514212,0.485788,True
LEC_20260207_G2 Esports|Natus Vincere,LEC,2026,2026-02-07,G2 Esports,Natus Vincere,Natus Vincere,G2 Esports,1-0,1,0,1,G2 Esports|Natus Vincere,2.0,https://www.oddsportal.com/esports/league-of-legends/league-of-legends-lec/results/#/page/2/,07 Feb 2026 - Winter Season,2026-02-07 00:00:00,Natus Vincere,G2 Esports,Natus Vincere,G2 Esports,1-0,1.0,0.0,2.9,1.64,0.361233,0.638767,Natus Vincere,G2 Esports,False,BO1,0.361233,0.638767,0.638767,True
LEC_20260207_Movistar KOI|Vitality,LEC,2026,2026-02-07,Movistar KOI,Team Vitality,Team Vitality,Movistar KOI,1-0,1,0,1,Movistar KOI|Vitality,2.0,https://www.oddsportal.com/esports/league-of-legends/league-of-legends-lec/results/#/page/2/,07 Feb 2026 - Winter Season,2026-02-07 00:00:00,Vitality,Movistar KOI,Vitality,Movistar KOI,1-0,1.0,0.0,2.4,1.64,0.405941,0.594059,Vitality,Movistar KOI,False,BO1,0.405941,0.594059,0.594059,True
LEC_20260207_GiantX|Karmine Corp,LEC,2026,2026-02-07,Karmine Corp,GiantX,Karmine Corp,GiantX,1-0,1,0,1,GiantX|Karmine Corp,2.0,https://www.oddsportal.com/esports/league-of-legends/league-of-legends-lec/results/#/page/2/,07 Feb 2026 - Winter Season,2026-02-07 00:00:00,Karmine Corp,GIANTX,Karmine Corp,GiantX,1-0,1.0,0.0,1.55,2.6,0.626506,0.373494,Karmine Corp,GiantX,True,BO1,0.626506,0.373494,0.626506,True
LEC_20260208_SK Gaming|Shifters,LEC,2026,2026-02-08,Shifters,SK Gaming,Shifters,SK Gaming,1-0,1,0,1,SK Gaming|Shifters,2.0,https://www.oddsportal.com/esports/league-of-legends/league-of-legends-lec/results/#/page/2/,08 Feb 2026 - Winter Season,2026-02-08 00:00:00,SK Gaming,Shifters,SK Gaming,Shifters,0-1,0.0,1.0,2.1,1.91,0.476309,0.523691,SK Gaming,Shifters,False,BO1,0.476309,0.523691,0.523691,True
LEC_20260221_GiantX|Heretics,LEC,2026,2026-02-21,GiantX,Team Heretics,GiantX,Team Heretics,2-1,2,1,3,GiantX|Heretics,2.0,https://www.oddsportal.com/esports/league-of-legends/league-of-legends-lec/results/#/page/2/,21 Feb 2026 - Winter - Play Offs,2026-02-21 00:00:00,Heretics,GIANTX,Heretics,GiantX,1-2,1.0,2.0,2.75,1.58,0.364896,0.635104,Heretics,GiantX,False,BO3,0.4089233647282319,0.5910766352717681,0.5910766352717681,True
LEC_20260221_Fnatic|Vitality,LEC,2026,2026-02-21,Team Vitality,Fnatic,Team Vitality,Fnatic,2-0,2,0,2,Fnatic|Vitality,2.0,https://www.oddsportal.com/esports/league-of-legends/league-of-legends-lec/results/#/page/2/,21 Feb 2026 - Winter - Play Offs,2026-02-21 00:00:00,Fnatic,Vitality,Fnatic,Vitality,0-2,0.0,2.0,2.26,1.65,0.421995,0.578005,Fnatic,Vitality,False,BO3,0.44780709512478184,0.5521929048752181,0.5521929048752181,True
LEC_20260222_GiantX|Natus Vincere,LEC,2026,2026-02-22,Natus Vincere,GiantX,Natus Vincere,GiantX,2-1,2,1,3,GiantX|Natus Vincere,2.0,https://www.oddsportal.com/esports/league-of-legends/league-of-legends-lec/results/#/page/2/,22 Feb 2026 - Winter - Play Offs,2026-02-22 00:00:00,Natus Vincere,GIANTX,Natus Vincere,GiantX,1-2,1.0,2.0,1.78,2.12,0.54359,0.45641,Natus Vincere,GiantX,True,BO3,0.5290928319540871,0.4709071680459129,0.5290928319540871,True
LEC_20260222_Karmine Corp|Vitality,LEC,2026,2026-02-22,Team Vitality,Karmine Corp,Karmine Corp,Team Vitality,2-1,2,1,3,Karmine Corp|Vitality,1.0,https://www.oddsportal.com/esports/league-of-legends/league-of-legends-lec/results/,22 Feb 2026 - Winter - Play Offs,2026-02-22 00:00:00,Karmine Corp,Vitality,Karmine Corp,Vitality,2-1,2.0,1.0,1.3,3.5,0.729167,0.270833,Karmine Corp,Vitality,False,BO3,0.6580411975632956,0.3419588024367044,0.3419588024367044,True
LEC_20260223_G2 Esports|Movistar KOI,LEC,2026,2026-02-23,G2 Esports,Movistar KOI,G2 Esports,Movistar KOI,3-0,3,0,3,G2 Esports|Movistar KOI,1.0,https://www.oddsportal.com/esports/league-of-legends/league-of-legends-lec/results/,23 Feb 2026 - Winter - Play Offs,2026-02-23 00:00:00,Movistar KOI,G2 Esports,Movistar KOI,G2 Esports,0-3,0.0,3.0,2.41,1.62,0.401985,0.598015,Movistar KOI,G2 Esports,False,BO5,0.4473371525974353,0.5526628474025648,0.5526628474025648,True
LEC_20260227_GiantX|Karmine Corp,LEC,2026,2026-02-27,GiantX,Karmine Corp,Karmine Corp,GiantX,3-0,3,0,3,GiantX|Karmine Corp,1.0,https://www.oddsportal.com/esports/league-of-legends/league-of-legends-lec/results/,27 Feb 2026 - Winter - Play Offs,2026-02-27 00:00:00,Karmine Corp,GIANTX,Karmine Corp,GiantX,3-0,3.0,0.0,1.18,5.0,0.809061,0.190939,Karmine Corp,GiantX,False,BO5,0.6797095777907167,0.3202904222092833,0.3202904222092833,True
LEC_20260228_Karmine Corp|Movistar KOI,LEC,2026,2026-02-28,Movistar KOI,Karmine Corp,Karmine Corp,Movistar KOI,3-2,3,2,5,Karmine Corp|Movistar KOI,1.0,https://www.oddsportal.com/esports/league-of-legends/league-of-legends-lec/results/,28 Feb 2026 - Winter - Play Offs,2026-02-28 00:00:00,Karmine Corp,Movistar KOI,Karmine Corp,Movistar KOI,3-2,3.0,2.0,1.62,2.6,0.616114,0.383886,Karmine Corp,Movistar KOI,False,BO5,0.562577874115474,0.437422125884526,0.437422125884526,True
LEC_20260301_G2 Esports|Karmine Corp,LEC,2026,2026-03-01,G2 Esports,Karmine Corp,G2 Esports,Karmine Corp,3-2,3,2,5,G2 Esports|Karmine Corp,1.0,https://www.oddsportal.com/esports/league-of-legends/league-of-legends-lec/results/,01 Mar 2026 - Winter - Play Offs,2026-03-01 00:00:00,G2 Esports,Karmine Corp,G2 Esports,Karmine Corp,3-2,3.0,2.0,1.57,2.66,0.628842,0.371158,G2 Esports,Karmine Corp,True,BO5,0.5696099656206633,0.43039003437933665,0.5696099656206633,True
LEC_20260328_Karmine Corp|Vitality,LEC,2026,2026-03-28,Team Vitality,Karmine Corp,Karmine Corp,Team Vitality,2-1,2,1,3,Karmine Corp|Vitality,1.0,https://www.oddsportal.com/esports/league-of-legends/league-of-legends-lec/results/,28 Mar 2026 - Spring Season,2026-03-28 00:00:00,Karmine Corp,Vitality,Karmine Corp,Vitality,2-1,2.0,1.0,1.28,3.8,0.748031,0.251969,Karmine Corp,Vitality,False,BO3,0.6721572190135627,0.32784278098643727,0.32784278098643727,True
LEC_20260328_Movistar KOI|Natus Vincere,LEC,2026,2026-03-28,Movistar KOI,Natus Vincere,Natus Vincere,Movistar KOI,2-1,2,1,3,Movistar KOI|Natus Vincere,1.0,https://www.oddsportal.com/esports/league-of-legends/league-of-legends-lec/results/,28 Mar 2026 - Spring Season,2026-03-28 00:00:00,Natus Vincere,Movistar KOI,Natus Vincere,Movistar KOI,2-1,2.0,1.0,2.9,1.42,0.328704,0.671296,Natus Vincere,Movistar KOI,False,BO3,0.3837055851621719,0.6162944148378281,0.6162944148378281,True
LEC_20260329_Fnatic|Movistar KOI,LEC,2026,2026-03-29,Movistar KOI,Fnatic,Movistar KOI,Fnatic,2-0,2,0,2,Fnatic|Movistar KOI,1.0,https://www.oddsportal.com/esports/league-of-legends/league-of-legends-lec/results/,29 Mar 2026 - Spring Season,2026-03-29 00:00:00,Movistar KOI,Fnatic,Movistar KOI,Fnatic,2-0,2.0,0.0,1.3,4.04,0.756554,0.243446,Movistar KOI,Fnatic,True,BO3,0.678636643972566,0.32136335602743404,0.678636643972566,True
LEC_20260330_Natus Vincere|SK Gaming,LEC,2026,2026-03-30,SK Gaming,Natus Vincere,Natus Vincere,SK Gaming,2-1,2,1,3,Natus Vincere|SK Gaming,1.0,https://www.oddsportal.com/esports/league-of-legends/league-of-legends-lec/results/,30 Mar 2026 - Spring Season,2026-03-30 00:00:00,Natus Vincere,SK Gaming,Natus Vincere,SK Gaming,2-1,2.0,1.0,1.22,5.2,0.809969,0.190031,Natus Vincere,SK Gaming,False,BO3,0.7210469984184522,0.2789530015815478,0.2789530015815478,True
LEC_20260330_Heretics|Vitality,LEC,2026,2026-03-30,Team Vitality,Team Heretics,Team Vitality,Team Heretics,2-0,2,0,2,Heretics|Vitality,,,,,,,,,,,,,,,,,,,,,,,
LEC_20260328_Fnatic|GiantX,LEC,2026,2026-03-28,GiantX,Fnatic,GiantX,Fnatic,2-1,2,1,3,Fnatic|GiantX,1.0,https://www.oddsportal.com/esports/league-of-legends/league-of-legends-lec/results/,28 Mar 2026 - Spring Season,2026-03-28 00:00:00,GIANTX,Fnatic,GiantX,Fnatic,2-1,2.0,1.0,1.75,2.25,0.5625,0.4375,GiantX,Fnatic,True,BO3,0.5417637933482431,0.4582362066517569,0.5417637933482431,True
LEC_20260329_Heretics|SK Gaming,LEC,2026,2026-03-29,Team Heretics,SK Gaming,SK Gaming,Team Heretics,3-0,3,0,3,Heretics|SK Gaming,1.0,https://www.oddsportal.com/esports/league-of-legends/league-of-legends-lec/results/,29 Mar 2026 - Spring Season,2026-03-29 00:00:00,SK Gaming,Heretics,SK Gaming,Heretics,1-2,1.0,2.0,2.71,1.5,0.356295,0.643705,SK Gaming,Heretics,False,BO3,0.4029789779769958,0.5970210220230042,0.5970210220230042,True
LEC_20260418_GiantX|Natus Vincere,LEC,2026,2026-04-18,Natus Vincere,GiantX,Natus Vincere,GiantX,2-1,2,1,3,GiantX|Natus Vincere,1.0,https://www.oddsportal.com/esports/league-of-legends/league-of-legends-lec/results/,18 Apr 2026 - Spring Season,2026-04-18 00:00:00,GIANTX,Natus Vincere,GiantX,Natus Vincere,1-2,1.0,2.0,1.85,2.05,0.525641,0.474359,GiantX,Natus Vincere,False,BO3,0.5171006677290332,0.4828993322709668,0.4828993322709668,True
LEC_20260418_G2 Esports|SK Gaming,LEC,2026,2026-04-18,SK Gaming,G2 Esports,SK Gaming,G2 Esports,1-1,1,1,2,G2 Esports|SK Gaming,1.0,https://www.oddsportal.com/esports/league-of-legends/league-of-legends-lec/results/,18 Apr 2026 - Spring Season,2026-04-18 00:00:00,G2 Esports,SK Gaming,G2 Esports,SK Gaming,2-0,2.0,0.0,1.11,8.0,0.878156,0.121844,G2 Esports,SK Gaming,False,BO3,0.7820073676956698,0.2179926323043302,0.2179926323043302,True
LEC_20260419_GiantX|Vitality,LEC,2026,2026-04-19,Team Vitality,GiantX,Team Vitality,GiantX,2-0,2,0,2,GiantX|Vitality,1.0,https://www.oddsportal.com/esports/league-of-legends/league-of-legends-lec/results/,19 Apr 2026 - Spring Season,2026-04-19 00:00:00,Vitality,GIANTX,Vitality,GiantX,2-0,2.0,0.0,1.58,2.42,0.605,0.395,Vitality,GiantX,True,BO3,0.5704665385689863,0.4295334614310137,0.5704665385689863,True
LEC_20260420_G2 Esports|Shifters,LEC,2026,2026-04-20,G2 Esports,Shifters,G2 Esports,Shifters,2-0,2,0,2,G2 Esports|Shifters,1.0,https://www.oddsportal.com/esports/league-of-legends/league-of-legends-lec/results/,20 Apr 2026 - Spring Season,2026-04-20 00:00:00,Shifters,G2 Esports,Shifters,G2 Esports,0-2,0.0,2.0,8.0,1.1,0.120879,0.879121,Shifters,G2 Esports,False,BO3,0.2170476937317538,0.7829523062682462,0.7829523062682462,True
LEC_20260420_Karmine Corp|SK Gaming,LEC,2026,2026-04-20,SK Gaming,Karmine Corp,Karmine Corp,SK Gaming,2-0,2,0,2,Karmine Corp|SK Gaming,1.0,https://www.oddsportal.com/esports/league-of-legends/league-of-legends-lec/results/,20 Apr 2026 - Spring Season,2026-04-20 00:00:00,SK Gaming,Karmine Corp,SK Gaming,Karmine Corp,0-2,0.0,2.0,7.0,1.14,0.140049,0.859951,SK Gaming,Karmine Corp,True,BO3,0.23530556862309226,0.7646944313769077,0.23530556862309226,True
LCK_20260424_BNK FEARX|KT Rolster,LCK,2026,2026-04-24,BNK FEARX,KT Rolster,KT Rolster,BNK FEARX,2-0,2,0,2,BNK FEARX|KT Rolster,1.0,https://www.oddsportal.com/esports/league-of-legends/league-of-legends-lck/results/,24 Apr 2026 - First stage,2026-04-24 00:00:00,FearX,KT Rolster,BNK FEARX,KT Rolster,0-2,0.0,2.0,3.62,1.32,0.267206,0.732794,BNK FEARX,KT Rolster,True,BO3,0.33926729339622047,0.6607327066037796,0.33926729339622047,True
LCK_20260424_Hanwha Life Esports|KRX,LCK,2026,2026-04-24,Kiwoom DRX,Hanwha Life Esports,Kiwoom DRX,Hanwha Life Esports,1-1,1,1,2,Hanwha Life Esports|KRX,1.0,https://www.oddsportal.com/esports/league-of-legends/league-of-legends-lck/results/,24 Apr 2026 - First stage,2026-04-24 00:00:00,Hanwha Life,KRX,Hanwha Life Esports,KRX,2-0,2.0,0.0,1.1,8.35,0.883598,0.116402,Hanwha Life Esports,KRX,False,BO3,0.7873758745826637,0.21262412541733633,0.21262412541733633,True
LEC_20260424_Karmine Corp|Natus Vincere,LEC,2026,2026-04-24,Natus Vincere,Karmine Corp,Karmine Corp,Natus Vincere,2-0,2,0,2,Karmine Corp|Natus Vincere,1.0,https://www.oddsportal.com/esports/league-of-legends/league-of-legends-lec/results/,24 Apr 2026 - Spring Season,2026-04-24 00:00:00,Natus Vincere,Karmine Corp,Natus Vincere,Karmine Corp,0-2,0.0,2.0,3.45,1.45,0.295918,0.704082,Natus Vincere,Karmine Corp,True,BO3,0.3603109945147456,0.6396890054852544,0.3603109945147456,True
LCK_20260425_DN SOOPers|Dplus Kia,LCK,2026,2026-04-25,Dplus Kia,DN SOOPers,Dplus Kia,DN SOOPers,2-0,2,0,2,DN SOOPers|Dplus Kia,1.0,https://www.oddsportal.com/esports/league-of-legends/league-of-legends-lck/results/,25 Apr 2026 - First stage,2026-04-25 00:00:00,Dplus Kia,DN SOOPers,Dplus Kia,DN SOOPers,2-0,2.0,0.0,1.17,5.0,0.810373,0.189627,Dplus Kia,DN SOOPers,True,BO3,0.7213818832269723,0.2786181167730277,0.7213818832269723,True
LEC_20260425_Fnatic|Natus Vincere,LEC,2026,2026-04-25,Natus Vincere,Fnatic,Natus Vincere,Fnatic,2-1,2,1,3,Fnatic|Natus Vincere,1.0,https://www.oddsportal.com/esports/league-of-legends/league-of-legends-lec/results/,25 Apr 2026 - Spring Season,2026-04-25 00:00:00,Fnatic,Natus Vincere,Fnatic,Natus Vincere,1-2,1.0,2.0,3.54,1.42,0.28629,0.71371,Fnatic,Natus Vincere,False,BO3,0.3533187986277921,0.6466812013722079,0.6466812013722079,True
LEC_20260425_Karmine Corp|Shifters,LEC,2026,2026-04-25,Karmine Corp,Shifters,Karmine Corp,Shifters,3-0,3,0,3,Karmine Corp|Shifters,1.0,https://www.oddsportal.com/esports/league-of-legends/league-of-legends-lec/results/,25 Apr 2026 - Spring Season,2026-04-25 00:00:00,Karmine Corp,Shifters,Karmine Corp,Shifters,2-1,2.0,1.0,1.1,8.4,0.884211,0.115789,Karmine Corp,Shifters,True,BO3,0.787986775195028,0.21201322480497198,0.787986775195028,True
LCK_20260426_Gen.G|Nongshim RedForce,LCK,2026,2026-04-26,Nongshim RedForce,Gen.G,Gen.G,Nongshim RedForce,2-0,2,0,2,Gen.G|Nongshim RedForce,1.0,https://www.oddsportal.com/esports/league-of-legends/league-of-legends-lck/results/,26 Apr 2026 - First stage,2026-04-26 00:00:00,Nongshim RedForce,Gen.G,Nongshim RedForce,Gen.G,0-2,0.0,2.0,5.59,1.17,0.173077,0.826923,Nongshim RedForce,Gen.G,True,BO3,0.2646757812139732,0.7353242187860267,0.2646757812139732,True
LEC_20260426_Natus Vincere|Shifters,LEC,2026,2026-04-26,Natus Vincere,Shifters,Natus Vincere,Shifters,2-1,2,1,3,Natus Vincere|Shifters,1.0,https://www.oddsportal.com/esports/league-of-legends/league-of-legends-lec/results/,26 Apr 2026 - Spring Season,2026-04-26 00:00:00,Natus Vincere,Shifters,Natus Vincere,Shifters,2-1,2.0,1.0,1.24,4.4,0.780142,0.219858,Natus Vincere,Shifters,True,BO3,0.6969469274487986,0.3030530725512014,0.6969469274487986,True
LEC_20260426_Fnatic|Karmine Corp,LEC,2026,2026-04-26,Karmine Corp,Fnatic,Fnatic,Karmine Corp,2-1,2,1,3,Fnatic|Karmine Corp,1.0,https://www.oddsportal.com/esports/league-of-legends/league-of-legends-lec/results/,26 Apr 2026 - Spring Season,2026-04-26 00:00:00,Karmine Corp,Fnatic,Karmine Corp,Fnatic,2-1,2.0,1.0,1.2,5.4,0.818182,0.181818,Karmine Corp,Fnatic,True,BO3,0.7279046511690139,0.2720953488309861,0.7279046511690139,True
EWC_20260428_Galions|Natus Vincere,EWC,2026,2026-04-28,Galions,Natus Vincere,Galions,Natus Vincere,1-1,1,1,2,Galions|Natus Vincere,1.0,https://www.oddsportal.com/esports/league-of-legends/league-of-legends-esports-world-cup/results/,28 Apr 2026 - Qualification,2026-04-28 00:00:00,Natus Vincere,Galions,Natus Vincere,Galions,2-0,2.0,0.0,1.08,7.8,0.878378,0.121622,Natus Vincere,Galions,False,BO3,0.7822244903411452,0.21777550965885484,0.21777550965885484,True
EWC_20260428_Solary|Vitality,EWC,2026,2026-04-28,Solary,Team Vitality,Team Vitality,Solary,3-0,3,0,3,Solary|Vitality,,,,,,,,,,,,,,,,,,,,,,,
EWC_20260428_Fnatic|Shifters,EWC,2026,2026-04-28,Fnatic,Shifters,Fnatic,Shifters,3-0,3,0,3,Fnatic|Shifters,1.0,https://www.oddsportal.com/esports/league-of-legends/league-of-legends-esports-world-cup/results/,28 Apr 2026 - Qualification,2026-04-28 00:00:00,Fnatic,Shifters,Fnatic,Shifters,2-1,2.0,1.0,1.37,3.1,0.693512,0.306488,Fnatic,Shifters,True,BO3,0.6320802182925195,0.3679197817074805,0.6320802182925195,True
LCK_20260429_Nongshim RedForce|T1,LCK,2026,2026-04-29,Nongshim RedForce,T1,Nongshim RedForce,T1,1-1,1,1,2,Nongshim RedForce|T1,1.0,https://www.oddsportal.com/esports/league-of-legends/league-of-legends-lck/results/,29 Apr 2026 - First stage,2026-04-29 00:00:00,Nongshim RedForce,T1,Nongshim RedForce,T1,0-2,0.0,2.0,3.95,1.29,0.246183,0.753817,Nongshim RedForce,T1,True,BO3,0.3234514527442646,0.6765485472557353,0.3234514527442646,True
LCK_20260429_Hanwha Life Esports|KT Rolster,LCK,2026,2026-04-29,KT Rolster,Hanwha Life Esports,KT Rolster,Hanwha Life Esports,1-1,1,1,2,Hanwha Life Esports|KT Rolster,1.0,https://www.oddsportal.com/esports/league-of-legends/league-of-legends-lck/results/,29 Apr 2026 - First stage,2026-04-29 00:00:00,KT Rolster,Hanwha Life,KT Rolster,Hanwha Life Esports,0-2,0.0,2.0,2.25,1.68,0.427481,0.572519,KT Rolster,Hanwha Life Esports,True,BO3,0.451501905764118,0.548498094235882,0.451501905764118,True
EWC_20260429_GiantX|Natus Vincere,EWC,2026,2026-04-29,Natus Vincere,GiantX,Natus Vincere,GiantX,2-0,2,0,2,GiantX|Natus Vincere,1.0,https://www.oddsportal.com/esports/league-of-legends/league-of-legends-esports-world-cup/results/,29 Apr 2026 - Qualification,2026-04-29 00:00:00,GIANTX,Natus Vincere,GiantX,Natus Vincere,0-2,0.0,2.0,2.26,1.64,0.420513,0.579487,GiantX,Natus Vincere,False,BO3,0.44680799885075423,0.5531920011492457,0.5531920011492457,True
EWC_20260429_Fnatic|G2 Esports,EWC,2026,2026-04-29,Fnatic,G2 Esports,Fnatic,G2 Esports,1-1,1,1,2,Fnatic|G2 Esports,1.0,https://www.oddsportal.com/esports/league-of-legends/league-of-legends-esports-world-cup/results/,29 Apr 2026 - Qualification,2026-04-29 00:00:00,G2 Esports,Fnatic,G2 Esports,Fnatic,2-0,2.0,0.0,1.22,4.6,0.790378,0.209622,G2 Esports,Fnatic,False,BO3,0.7050867566287313,0.2949132433712687,0.2949132433712687,True
EWC_20260429_Karmine Corp|SK Gaming,EWC,2026,2026-04-29,SK Gaming,Karmine Corp,Karmine Corp,SK Gaming,2-0,2,0,2,Karmine Corp|SK Gaming,1.0,https://www.oddsportal.com/esports/league-of-legends/league-of-legends-esports-world-cup/results/,29 Apr 2026 - Qualification,2026-04-29 00:00:00,Karmine Corp,SK Gaming,Karmine Corp,SK Gaming,2-0,2.0,0.0,1.01,9.0,0.899101,0.100899,Karmine Corp,SK Gaming,False,BO3,0.8032500855865098,0.1967499144134902,0.1967499144134902,True
EWC_20260429_Movistar KOI|Vitality,EWC,2026,2026-04-29,Movistar KOI,Team Vitality,Team Vitality,Movistar KOI,2-1,2,1,3,Movistar KOI|Vitality,1.0,https://www.oddsportal.com/esports/league-of-legends/league-of-legends-esports-world-cup/results/,29 Apr 2026 - Qualification,2026-04-29 00:00:00,Movistar KOI,Vitality,Movistar KOI,Vitality,2-1,2.0,1.0,1.26,3.2,0.717489,0.282511,Movistar KOI,Vitality,True,BO3,0.649442695372958,0.35055730462704204,0.649442695372958,True
LEC_20260419_Heretics|Movistar KOI,LEC,2026,2026-04-19,Movistar KOI,Team Heretics,Movistar KOI,Team Heretics,2-0,2,0,2,Heretics|Movistar KOI,1.0,https://www.oddsportal.com/esports/league-of-legends/league-of-legends-lec/results/,19 Apr 2026 - Spring Season,2026-04-19 00:00:00,Heretics,Movistar KOI,Heretics,Movistar KOI,0-2,0.0,2.0,6.3,1.15,0.154362,0.845638,Heretics,Movistar KOI,False,BO3,0.24831799713986377,0.7516820028601362,0.7516820028601362,True
LCK_20260423_Dplus Kia|HANJIN BRION,LCK,2026,2026-04-23,HANJIN BRION,Dplus Kia,HANJIN BRION,Dplus Kia,1-1,1,1,2,Dplus Kia|HANJIN BRION,1.0,https://www.oddsportal.com/esports/league-of-legends/league-of-legends-lck/results/,23 Apr 2026 - First stage,2026-04-23 00:00:00,OKSavingsBank Brion,Dplus Kia,HANJIN BRION,Dplus Kia,0-2,0.0,2.0,5.38,1.17,0.178626,0.821374,HANJIN BRION,Dplus Kia,True,BO3,0.26940089993159994,0.7305991000684,0.26940089993159994,True
LCK_20260423_DN SOOPers|Gen.G,LCK,2026,2026-04-23,DN SOOPers,Gen.G,DN SOOPers,Gen.G,1-1,1,1,2,DN SOOPers|Gen.G,1.0,https://www.oddsportal.com/esports/league-of-legends/league-of-legends-lck/results/,23 Apr 2026 - First stage,2026-04-23 00:00:00,Gen.G,DN SOOPers,Gen.G,DN SOOPers,2-0,2.0,0.0,1.08,10.8,0.909091,0.090909,Gen.G,DN SOOPers,False,BO3,0.8140102245173586,0.1859897754826414,0.1859897754826414,True
LEC_20260424_Fnatic|Shifters,LEC,2026,2026-04-24,Shifters,Fnatic,Fnatic,Shifters,2-0,2,0,2,Fnatic|Shifters,1.0,https://www.oddsportal.com/esports/league-of-legends/league-of-legends-lec/results/,24 Apr 2026 - Spring Season,2026-04-24 00:00:00,Shifters,Fnatic,Shifters,Fnatic,0-2,0.0,2.0,2.71,1.53,0.360849,0.639151,Shifters,Fnatic,True,BO3,0.40612980274949595,0.593870197250504,0.40612980274949595,True
EWC_20260430_Shifters|Vitality,EWC,2026,2026-04-30,Team Vitality,Shifters,Shifters,Team Vitality,2-0,2,0,2,Shifters|Vitality,,,,,,,,,,,,,,,,,,,,,,,
EWC_20260430_Galions|SK Gaming,EWC,2026,2026-04-30,Galions,SK Gaming,Galions,SK Gaming,2-0,2,0,2,Galions|SK Gaming,1.0,https://www.oddsportal.com/esports/league-of-legends/league-of-legends-esports-world-cup/results/,30 Apr 2026 - Qualification,2026-04-30 00:00:00,SK Gaming,Galions,SK Gaming,Galions,0-2,0.0,2.0,3.8,2.64,0.409938,0.590062,SK Gaming,Galions,False,BO3,0.43966582773523294,0.560334172264767,0.560334172264767,True
EWC_20260430_Fnatic|Solary,EWC,2026,2026-04-30,Solary,Fnatic,Solary,Fnatic,2-0,2,0,2,Fnatic|Solary,1.0,https://www.oddsportal.com/esports/league-of-legends/league-of-legends-esports-world-cup/results/,30 Apr 2026 - Qualification,2026-04-30 00:00:00,Fnatic,Solary,Fnatic,Solary,0-2,0.0,2.0,1.58,2.5,0.612745,0.387255,Fnatic,Solary,False,BO3,0.5757427103480193,0.42425728965198073,0.42425728965198073,True
EWC_20260430_GiantX|Heretics,EWC,2026,2026-04-30,Team Heretics,GiantX,GiantX,Team Heretics,2-0,2,0,2,GiantX|Heretics,1.0,https://www.oddsportal.com/esports/league-of-legends/league-of-legends-esports-world-cup/results/,30 Apr 2026 - Qualification,2026-04-30 00:00:00,GIANTX,Heretics,GiantX,Heretics,2-0,2.0,0.0,1.29,3.65,0.738866,0.261134,GiantX,Heretics,False,BO3,0.6652620865884795,0.3347379134115205,0.3347379134115205,True
LEC_20260523_G2 Esports|Karmine Corp,LEC,2026,2026-05-23,G2 Esports,Karmine Corp,G2 Esports,Karmine Corp,3-1,3,1,4,G2 Esports|Karmine Corp,,,,,,,,,,,,,,,,,,,,,,,
LEC_20260525_G2 Esports|Movistar KOI,LEC,2026,2026-05-25,Movistar KOI,G2 Esports,Movistar KOI,G2 Esports,4-1,4,1,5,G2 Esports|Movistar KOI,,,,,,,,,,,,,,,,,,,,,,,
LEC_20260530_Karmine Corp|Natus Vincere,LEC,2026,2026-05-30,Natus Vincere,Karmine Corp,Karmine Corp,Natus Vincere,3-1,3,1,4,Karmine Corp|Natus Vincere,,,,,,,,,,,,,,,,,,,,,,,
LEC_20260531_GiantX|Vitality,LEC,2026,2026-05-31,Team Vitality,GiantX,GiantX,Team Vitality,3-0,3,0,3,GiantX|Vitality,,,,,,,,,,,,,,,,,,,,,,,
LEC_20260524_Movistar KOI|Vitality,LEC,2026,2026-05-24,Movistar KOI,Team Vitality,Movistar KOI,Team Vitality,3-0,3,0,3,Movistar KOI|Vitality,,,,,,,,,,,,,,,,,,,,,,,
LEC_20240330_SK Gaming|Vitality,LEC,2024,2024-03-30,Team Vitality,SK Gaming,SK Gaming,Team Vitality,2-1,2,1,3,SK Gaming|Vitality,2.0,https://www.oddsportal.com/esports/league-of-legends/league-of-legends-lec-2024/results/#/page/2/,30 Mar 2024 - Spring - Stage 2,2024-03-30,Vitality,SK Gaming,Vitality,SK Gaming,2-1,2.0,1.0,1.58,2.45,0.60794,0.39206,Vitality,SK Gaming,True,BO3,0.5724674194687841,0.4275325805312159,0.5724674194687841,True
LEC_20240331_G2 Esports|Movistar KOI,LEC,2024,2024-03-31,G2 Esports,MAD Lions KOI,G2 Esports,MAD Lions KOI,1-1,1,1,2,G2 Esports|Movistar KOI,2.0,https://www.oddsportal.com/esports/league-of-legends/league-of-legends-lec-2024/results/#/page/2/,31 Mar 2024 - Spring - Stage 2,2024-03-31,G2 Esports,Movistar KOI,G2 Esports,Movistar KOI,2-0,2.0,0.0,1.31,4.0,0.753296,0.246704,G2 Esports,Movistar KOI,True,BO3,0.6761518679554587,0.3238481320445413,0.6761518679554587,True
LEC_20240401_Team BDS|Vitality,LEC,2024,2024-04-01,Team Vitality,Team BDS,Team Vitality,Team BDS,2-1,2,1,3,Team BDS|Vitality,,,,,,,,,,,,,,,,,,,,,,,
LEC_20240401_Fnatic|G2 Esports,LEC,2024,2024-04-01,Fnatic,G2 Esports,Fnatic,G2 Esports,1-1,1,1,2,Fnatic|G2 Esports,2.0,https://www.oddsportal.com/esports/league-of-legends/league-of-legends-lec-2024/results/#/page/2/,01 Apr 2024 - Spring - Stage 2,2024-04-01,Fnatic,G2 Esports,Fnatic,G2 Esports,0-2,0.0,2.0,2.82,1.43,0.336471,0.663529,Fnatic,G2 Esports,True,BO3,0.3891652928338659,0.6108347071661341,0.3891652928338659,True
LEC_20240402_Heretics|SK Gaming,LEC,2024,2024-04-02,Team Heretics,SK Gaming,SK Gaming,Team Heretics,3-0,3,0,3,Heretics|SK Gaming,2.0,https://www.oddsportal.com/esports/league-of-legends/league-of-legends-lec-2024/results/#/page/2/,02 Apr 2024 - Spring - Stage 2,2024-04-02,SK Gaming,Heretics,SK Gaming,Heretics,1-2,1.0,2.0,2.27,1.72,0.431078,0.568922,SK Gaming,Heretics,False,BO3,0.4539215535631707,0.5460784464368293,0.5460784464368293,True
LEC_20240402_GiantX|Movistar KOI,LEC,2024,2024-04-02,GiantX,MAD Lions KOI,GiantX,MAD Lions KOI,2-1,2,1,3,GiantX|Movistar KOI,2.0,https://www.oddsportal.com/esports/league-of-legends/league-of-legends-lec-2024/results/#/page/2/,02 Apr 2024 - Spring - Stage 2,2024-04-02,GIANTX,Movistar KOI,GiantX,Movistar KOI,1-2,1.0,2.0,3.07,1.4,0.313199,0.686801,GiantX,Movistar KOI,True,BO3,0.37271649093361603,0.627283509066384,0.37271649093361603,True
LEC_20240406_Fnatic|Heretics,LEC,2024,2024-04-06,Fnatic,Team Heretics,Team Heretics,Fnatic,2-1,2,1,3,Fnatic|Heretics,2.0,https://www.oddsportal.com/esports/league-of-legends/league-of-legends-lec-2024/results/#/page/2/,06 Apr 2024 - Spring - Stage 2,2024-04-06,Fnatic,Heretics,Fnatic,Heretics,2-1,2.0,1.0,1.31,3.57,0.731557,0.268443,Fnatic,Heretics,True,BO3,0.6598136017094454,0.34018639829055464,0.6598136017094454,True
LEC_20240406_Movistar KOI|Vitality,LEC,2024,2024-04-06,Team Vitality,MAD Lions KOI,Team Vitality,MAD Lions KOI,2-0,2,0,2,Movistar KOI|Vitality,2.0,https://www.oddsportal.com/esports/league-of-legends/league-of-legends-lec-2024/results/#/page/2/,06 Apr 2024 - Spring - Stage 2,2024-04-06,Vitality,Movistar KOI,Vitality,Movistar KOI,2-0,2.0,0.0,2.17,1.85,0.460199,0.539801,Vitality,Movistar KOI,True,BO3,0.47344102112601494,0.5265589788739851,0.47344102112601494,True
LEC_20240407_G2 Esports|Team BDS,LEC,2024,2024-04-07,G2 Esports,Team BDS,G2 Esports,Team BDS,3-1,3,1,4,G2 Esports|Team BDS,,,,,,,,,,,,,,,,,,,,,,,
LEC_20240408_Fnatic|Vitality,LEC,2024,2024-04-08,Fnatic,Team Vitality,Fnatic,Team Vitality,2-2,2,2,4,Fnatic|Vitality,2.0,https://www.oddsportal.com/esports/league-of-legends/league-of-legends-lec-2024/results/#/page/2/,08 Apr 2024 - Spring - Stage 2,2024-04-08,Vitality,Fnatic,Vitality,Fnatic,1-3,1.0,3.0,2.86,1.5,0.344037,0.655963,Vitality,Fnatic,False,BO5,0.41520809049585056,0.5847919095041494,0.5847919095041494,True
LEC_20240330_Fnatic|GiantX,LEC,2024,2024-03-30,Fnatic,GiantX,Fnatic,GiantX,2-0,2,0,2,Fnatic|GiantX,2.0,https://www.oddsportal.com/esports/league-of-legends/league-of-legends-lec-2024/results/#/page/2/,30 Mar 2024 - Spring - Stage 2,2024-03-30,Fnatic,GIANTX,Fnatic,GiantX,2-0,2.0,0.0,1.17,6.19,0.841033,0.158967,Fnatic,GiantX,True,BO3,0.7475925915717192,0.2524074084282808,0.7475925915717192,True
LEC_20240331_Heretics|Team BDS,LEC,2024,2024-03-31,Team Heretics,Team BDS,Team BDS,Team Heretics,2-0,2,0,2,Heretics|Team BDS,,,,,,,,,,,,,,,,,,,,,,,
LEC_20240413_Fnatic|Team BDS,LEC,2024,2024-04-13,Team BDS,Fnatic,Team BDS,Fnatic,4-1,4,1,5,Fnatic|Team BDS,,,,,,,,,,,,,,,,,,,,,,,
LEC_20240414_Fnatic|G2 Esports,LEC,2024,2024-04-14,G2 Esports,Fnatic,Fnatic,G2 Esports,3-1,3,1,4,Fnatic|G2 Esports,2.0,https://www.oddsportal.com/esports/league-of-legends/league-of-legends-lec-2024/results/#/page/2/,14 Apr 2024 - Spring - Stage 2,2024-04-14,G2 Esports,Fnatic,G2 Esports,Fnatic,3-1,3.0,1.0,1.2,5.08,0.808917,0.191083,G2 Esports,Fnatic,True,BO5,0.6796083187130316,0.3203916812869684,0.6796083187130316,True
LEC_20240622_Fnatic|Movistar KOI,LEC,2024,2024-06-22,MAD Lions KOI,Fnatic,Fnatic,MAD Lions KOI,1-0,1,0,1,Fnatic|Movistar KOI,1.0,https://www.oddsportal.com/esports/league-of-legends/league-of-legends-lec-2024/results/,22 Jun 2024 - Summer - Stage 1,2024-06-22,Movistar KOI,Fnatic,Movistar KOI,Fnatic,0-1,0.0,1.0,2.8,1.51,0.350348,0.649652,Movistar KOI,Fnatic,True,BO1,0.350348,0.649652,0.350348,True
LEC_20240622_Rogue|Team BDS,LEC,2024,2024-06-22,Team BDS,Rogue,Team BDS,Rogue,1-0,1,0,1,Rogue|Team BDS,,,,,,,,,,,,,,,,,,,,,,,
LEC_20240622_Heretics|SK Gaming,LEC,2024,2024-06-22,Team Heretics,SK Gaming,SK Gaming,Team Heretics,1-0,1,0,1,Heretics|SK Gaming,1.0,https://www.oddsportal.com/esports/league-of-legends/league-of-legends-lec-2024/results/,22 Jun 2024 - Summer - Stage 1,2024-06-22,Heretics,SK Gaming,Heretics,SK Gaming,0-1,0.0,1.0,2.75,1.58,0.364896,0.635104,Heretics,SK Gaming,True,BO1,0.364896,0.635104,0.364896,True
LEC_20240622_GiantX|Vitality,LEC,2024,2024-06-22,Team Vitality,GiantX,GiantX,Team Vitality,1-0,1,0,1,GiantX|Vitality,1.0,https://www.oddsportal.com/esports/league-of-legends/league-of-legends-lec-2024/results/,22 Jun 2024 - Summer - Stage 1,2024-06-22,Vitality,GIANTX,Vitality,GiantX,0-1,0.0,1.0,1.57,2.5,0.614251,0.385749,Vitality,GiantX,True,BO1,0.614251,0.385749,0.614251,True
LEC_20240622_G2 Esports|Karmine Corp,LEC,2024,2024-06-22,G2 Esports,Karmine Corp,G2 Esports,Karmine Corp,1-0,1,0,1,G2 Esports|Karmine Corp,1.0,https://www.oddsportal.com/esports/league-of-legends/league-of-legends-lec-2024/results/,22 Jun 2024 - Summer - Stage 1,2024-06-22,G2 Esports,Karmine Corp,G2 Esports,Karmine Corp,1-0,1.0,0.0,1.3,4.0,0.754717,0.245283,G2 Esports,Karmine Corp,True,BO1,0.754717,0.24528300000000003,0.754717,True
LEC_20240623_Heretics|Rogue,LEC,2024,2024-06-23,Rogue,Team Heretics,Rogue,Team Heretics,1-0,1,0,1,Heretics|Rogue,,,,,,,,,,,,,,,,,,,,,,,
LEC_20240623_Karmine Corp|Vitality,LEC,2024,2024-06-23,Karmine Corp,Team Vitality,Karmine Corp,Team Vitality,1-0,1,0,1,Karmine Corp|Vitality,1.0,https://www.oddsportal.com/esports/league-of-legends/league-of-legends-lec-2024/results/,23 Jun 2024 - Summer - Stage 1,2024-06-23,Karmine Corp,Vitality,Karmine Corp,Vitality,1-0,1.0,0.0,2.19,1.67,0.432642,0.567358,Karmine Corp,Vitality,True,BO1,0.432642,0.567358,0.432642,True
LEC_20240623_GiantX|Team BDS,LEC,2024,2024-06-23,GiantX,Team BDS,Team BDS,GiantX,1-0,1,0,1,GiantX|Team BDS,,,,,,,,,,,,,,,,,,,,,,,
LEC_20240623_Fnatic|G2 Esports,LEC,2024,2024-06-23,Fnatic,G2 Esports,G2 Esports,Fnatic,1-0,1,0,1,Fnatic|G2 Esports,1.0,https://www.oddsportal.com/esports/league-of-legends/league-of-legends-lec-2024/results/,23 Jun 2024 - Summer - Stage 1,2024-06-23,Fnatic,G2 Esports,Fnatic,G2 Esports,0-1,0.0,1.0,2.5,1.51,0.376559,0.623441,Fnatic,G2 Esports,True,BO1,0.376559,0.623441,0.376559,True
LEC_20240623_Movistar KOI|SK Gaming,LEC,2024,2024-06-23,SK Gaming,MAD Lions KOI,SK Gaming,MAD Lions KOI,1-0,1,0,1,Movistar KOI|SK Gaming,1.0,https://www.oddsportal.com/esports/league-of-legends/league-of-legends-lec-2024/results/,23 Jun 2024 - Summer - Stage 1,2024-06-23,SK Gaming,Movistar KOI,SK Gaming,Movistar KOI,1-0,1.0,0.0,1.55,2.36,0.603581,0.396419,SK Gaming,Movistar KOI,True,BO1,0.603581,0.39641899999999997,0.603581,True
LEC_20240629_GiantX|Rogue,LEC,2024,2024-06-29,Rogue,GiantX,GiantX,Rogue,1-0,1,0,1,GiantX|Rogue,1.0,https://www.oddsportal.com/esports/league-of-legends/league-of-legends-lec-2024/results/,29 Jun 2024 - Summer - Stage 1,2024-06-29,Rogue,GIANTX,Rogue,GiantX,0-1,0.0,1.0,2.05,1.8,0.467532,0.532468,Rogue,GiantX,True,BO1,0.467532,0.5324679999999999,0.467532,True
LEC_20240629_G2 Esports|Vitality,LEC,2024,2024-06-29,G2 Esports,Team Vitality,G2 Esports,Team Vitality,1-0,1,0,1,G2 Esports|Vitality,1.0,https://www.oddsportal.com/esports/league-of-legends/league-of-legends-lec-2024/results/,29 Jun 2024 - Summer - Stage 1,2024-06-29,G2 Esports,Vitality,G2 Esports,Vitality,1-0,1.0,0.0,1.15,5.63,0.830383,0.169617,G2 Esports,Vitality,True,BO1,0.830383,0.16961700000000002,0.830383,True
LEC_20240629_Karmine Corp|SK Gaming,LEC,2024,2024-06-29,SK Gaming,Karmine Corp,SK Gaming,Karmine Corp,1-0,1,0,1,Karmine Corp|SK Gaming,1.0,https://www.oddsportal.com/esports/league-of-legends/league-of-legends-lec-2024/results/,29 Jun 2024 - Summer - Stage 1,2024-06-29,SK Gaming,Karmine Corp,SK Gaming,Karmine Corp,1-0,1.0,0.0,1.44,2.8,0.660377,0.339623,SK Gaming,Karmine Corp,True,BO1,0.660377,0.339623,0.660377,True
LEC_20240630_SK Gaming|Vitality,LEC,2024,2024-06-30,Team Vitality,SK Gaming,SK Gaming,Team Vitality,1-0,1,0,1,SK Gaming|Vitality,1.0,https://www.oddsportal.com/esports/league-of-legends/league-of-legends-lec-2024/results/,30 Jun 2024 - Summer - Stage 1,2024-06-30,Vitality,SK Gaming,Vitality,SK Gaming,0-1,0.0,1.0,2.75,1.5,0.352941,0.647059,Vitality,SK Gaming,True,BO1,0.352941,0.647059,0.352941,True
LEC_20240630_Fnatic|Team BDS,LEC,2024,2024-06-30,Team BDS,Fnatic,Team BDS,Fnatic,1-0,1,0,1,Fnatic|Team BDS,,,,,,,,,,,,,,,,,,,,,,,
LEC_20240630_Movistar KOI|Rogue,LEC,2024,2024-06-30,MAD Lions KOI,Rogue,MAD Lions KOI,Rogue,2-0,2,0,2,Movistar KOI|Rogue,1.0,https://www.oddsportal.com/esports/league-of-legends/league-of-legends-lec-2024/results/,30 Jun 2024 - Summer - Stage 1,2024-06-30,Movistar KOI,Rogue,Movistar KOI,Rogue,1-0,1.0,0.0,1.55,2.3,0.597403,0.402597,Movistar KOI,Rogue,True,BO1,0.597403,0.402597,0.597403,False
LEC_20240630_Movistar KOI|Vitality,LEC,2024,2024-06-30,MAD Lions KOI,Team Vitality,MAD Lions KOI,Team Vitality,1-0,1,0,1,Movistar KOI|Vitality,1.0,https://www.oddsportal.com/esports/league-of-legends/league-of-legends-lec-2024/results/,30 Jun 2024 - Summer - Stage 1,2024-06-30,Movistar KOI,Vitality,Movistar KOI,Vitality,1-0,1.0,0.0,2.0,1.72,0.462366,0.537634,Movistar KOI,Vitality,True,BO1,0.462366,0.537634,0.462366,True
LEC_20240629_Fnatic|Heretics,LEC,2024,2024-06-29,Fnatic,Team Heretics,Team Heretics,Fnatic,1-0,1,0,1,Fnatic|Heretics,1.0,https://www.oddsportal.com/esports/league-of-legends/league-of-legends-lec-2024/results/,29 Jun 2024 - Summer - Stage 1,2024-06-29,Fnatic,Heretics,Fnatic,Heretics,0-1,0.0,1.0,1.29,3.8,0.746562,0.253438,Fnatic,Heretics,True,BO1,0.746562,0.25343800000000005,0.746562,True
LEC_20240629_Movistar KOI|Team BDS,LEC,2024,2024-06-29,MAD Lions KOI,Team BDS,Team BDS,MAD Lions KOI,1-0,1,0,1,Movistar KOI|Team BDS,,,,,,,,,,,,,,,,,,,,,,,
LEC_20240630_G2 Esports|Heretics,LEC,2024,2024-06-30,Team Heretics,G2 Esports,G2 Esports,Team Heretics,1-0,1,0,1,G2 Esports|Heretics,1.0,https://www.oddsportal.com/esports/league-of-legends/league-of-legends-lec-2024/results/,30 Jun 2024 - Summer - Stage 1,2024-06-30,Heretics,G2 Esports,Heretics,G2 Esports,0-1,0.0,1.0,5.13,1.17,0.185714,0.814286,Heretics,G2 Esports,True,BO1,0.185714,0.8142860000000001,0.185714,True
LEC_20240630_GiantX|Karmine Corp,LEC,2024,2024-06-30,GiantX,Karmine Corp,Karmine Corp,GiantX,1-0,1,0,1,GiantX|Karmine Corp,1.0,https://www.oddsportal.com/esports/league-of-legends/league-of-legends-lec-2024/results/,30 Jun 2024 - Summer - Stage 1,2024-06-30,GIANTX,Karmine Corp,GiantX,Karmine Corp,0-1,0.0,1.0,1.85,1.85,0.5,0.5,GiantX,Karmine Corp,True,BO1,0.5,0.5,0.5,True
LEC_20240810_Fnatic|Team BDS,LEC,2024,2024-08-10,Team BDS,Fnatic,Team BDS,Fnatic,2-1,2,1,3,Fnatic|Team BDS,,,,,,,,,,,,,,,,,,,,,,,
LEC_20240811_G2 Esports|Movistar KOI,LEC,2024,2024-08-11,G2 Esports,MAD Lions KOI,G2 Esports,MAD Lions KOI,3-2,3,2,5,G2 Esports|Movistar KOI,1.0,https://www.oddsportal.com/esports/league-of-legends/league-of-legends-lec-2024/results/,11 Aug 2024 - Grand Final,2024-08-11,G2 Esports,Movistar KOI,G2 Esports,Movistar KOI,2-3,2.0,3.0,1.05,11.9,0.918919,0.081081,G2 Esports,Movistar KOI,True,BO5,0.772651452018145,0.227348547981855,0.772651452018145,True
LEC_20240817_SK Gaming|Team BDS,LEC,2024,2024-08-17,SK Gaming,Team BDS,SK Gaming,Team BDS,2-1,2,1,3,SK Gaming|Team BDS,,,,,,,,,,,,,,,,,,,,,,,
LEC_20240818_G2 Esports|GiantX,LEC,2024,2024-08-18,G2 Esports,GiantX,G2 Esports,GiantX,3-0,3,0,3,G2 Esports|GiantX,1.0,https://www.oddsportal.com/esports/league-of-legends/league-of-legends-lec-2024/results/,18 Aug 2024 - Grand Final,2024-08-18,G2 Esports,GIANTX,G2 Esports,GiantX,3-0,3.0,0.0,1.06,10.6,0.909091,0.090909,G2 Esports,GiantX,True,BO5,0.7623625750745331,0.2376374249254669,0.7623625750745331,True
LEC_20240823_G2 Esports|Team BDS,LEC,2024,2024-08-23,G2 Esports,Team BDS,G2 Esports,Team BDS,3-2,3,2,5,G2 Esports|Team BDS,,,,,,,,,,,,,,,,,,,,,,,
LEC_20240824_Fnatic|Movistar KOI,LEC,2024,2024-08-24,MAD Lions KOI,Fnatic,MAD Lions KOI,Fnatic,3-2,3,2,5,Fnatic|Movistar KOI,1.0,https://www.oddsportal.com/esports/league-of-legends/league-of-legends-lec-2024/results/,24 Aug 2024 - Grand Final,2024-08-24,Movistar KOI,Fnatic,Movistar KOI,Fnatic,2-3,2.0,3.0,3.1,1.45,0.318681,0.681319,Movistar KOI,Fnatic,True,BO5,0.4007177429424702,0.5992822570575298,0.4007177429424702,True
LEC_20240831_G2 Esports|Movistar KOI,LEC,2024,2024-08-31,G2 Esports,MAD Lions KOI,G2 Esports,MAD Lions KOI,3-1,3,1,4,G2 Esports|Movistar KOI,1.0,https://www.oddsportal.com/esports/league-of-legends/league-of-legends-lec-2024/results/,31 Aug 2024 - Grand Final,2024-08-31,Movistar KOI,G2 Esports,Movistar KOI,G2 Esports,1-3,1.0,3.0,4.0,1.29,0.243856,0.756144,Movistar KOI,G2 Esports,False,BO5,0.35555429785373893,0.6444457021462611,0.6444457021462611,True
LEC_20240901_Fnatic|G2 Esports,LEC,2024,2024-09-01,Fnatic,G2 Esports,Fnatic,G2 Esports,3-1,3,1,4,Fnatic|G2 Esports,1.0,https://www.oddsportal.com/esports/league-of-legends/league-of-legends-lec-2024/results/,01 Sep 2024 - Grand Final,2024-09-01,Fnatic,G2 Esports,Fnatic,G2 Esports,1-3,1.0,3.0,3.27,1.38,0.296774,0.703226,Fnatic,G2 Esports,True,BO5,0.3879143328261918,0.6120856671738082,0.3879143328261918,True
LEC_20250405_Karmine Corp|Team BDS,LEC,2025,2025-04-05,Team BDS,Karmine Corp,Team BDS,Karmine Corp,1-1,1,1,2,Karmine Corp|Team BDS,,,,,,,,,,,,,,,,,,,,,,,
LEC_20250405_G2 Esports|Heretics,LEC,2025,2025-04-05,G2 Esports,Team Heretics,G2 Esports,Team Heretics,1-1,1,1,2,G2 Esports|Heretics,2.0,https://www.oddsportal.com/esports/league-of-legends/league-of-legends-lec-2025/results/#/page/2/,05 Apr 2025 - Spring - Stage 1,2025-04-05,Heretics,G2 Esports,Heretics,G2 Esports,0-2,0.0,2.0,6.46,1.1,0.145503,0.854497,Heretics,G2 Esports,False,BO3,0.24032057725241737,0.7596794227475826,0.7596794227475826,True
LEC_20250406_SK Gaming|Team BDS,LEC,2025,2025-04-06,Team BDS,SK Gaming,Team BDS,SK Gaming,2-0,2,0,2,SK Gaming|Team BDS,,,,,,,,,,,,,,,,,,,,,,,
LEC_20250406_Fnatic|Karmine Corp,LEC,2025,2025-04-06,Karmine Corp,Fnatic,Karmine Corp,Fnatic,2-1,2,1,3,Fnatic|Karmine Corp,2.0,https://www.oddsportal.com/esports/league-of-legends/league-of-legends-lec-2025/results/#/page/2/,06 Apr 2025 - Spring - Stage 1,2025-04-06,Fnatic,Karmine Corp,Fnatic,Karmine Corp,2-1,2.0,1.0,2.51,1.7,0.4038,0.5962,Fnatic,Karmine Corp,False,BO3,0.43550903550545067,0.5644909644945493,0.5644909644945493,True
LEC_20250407_GiantX|Rogue,LEC,2025,2025-04-07,GiantX,Rogue,GiantX,Rogue,1-1,1,1,2,GiantX|Rogue,2.0,https://www.oddsportal.com/esports/league-of-legends/league-of-legends-lec-2025/results/#/page/2/,07 Apr 2025 - Spring - Stage 1,2025-04-07,Rogue,GIANTX,Rogue,GiantX,0-2,0.0,2.0,2.42,1.56,0.39196,0.60804,Rogue,GiantX,False,BO3,0.4274644820355621,0.5725355179644379,0.5725355179644379,True
LEC_20250407_Heretics|Movistar KOI,LEC,2025,2025-04-07,Movistar KOI,Team Heretics,Movistar KOI,Team Heretics,1-1,1,1,2,Heretics|Movistar KOI,2.0,https://www.oddsportal.com/esports/league-of-legends/league-of-legends-lec-2025/results/#/page/2/,07 Apr 2025 - Spring - Stage 1,2025-04-07,Heretics,Movistar KOI,Heretics,Movistar KOI,0-2,0.0,2.0,3.8,1.35,0.262136,0.737864,Heretics,Movistar KOI,False,BO3,0.3354874238023886,0.6645125761976114,0.6645125761976114,True
LEC_20250412_Heretics|Team BDS,LEC,2025,2025-04-12,Team Heretics,Team BDS,Team Heretics,Team BDS,3-0,3,0,3,Heretics|Team BDS,,,,,,,,,,,,,,,,,,,,,,,
LEC_20250412_Karmine Corp|SK Gaming,LEC,2025,2025-04-12,Karmine Corp,SK Gaming,Karmine Corp,SK Gaming,1-1,1,1,2,Karmine Corp|SK Gaming,,,,,,,,,,,,,,,,,,,,,,,
LEC_20250413_Fnatic|Vitality,LEC,2025,2025-04-13,Team Vitality,Fnatic,Team Vitality,Fnatic,1-1,1,1,2,Fnatic|Vitality,2.0,https://www.oddsportal.com/esports/league-of-legends/league-of-legends-lec-2025/results/#/page/2/,13 Apr 2025 - Spring - Stage 1,2025-04-13,Vitality,Fnatic,Vitality,Fnatic,0-2,0.0,2.0,6.4,1.17,0.154557,0.845443,Vitality,Fnatic,True,BO3,0.24849207322460695,0.751507926775393,0.24849207322460695,True
LEC_20250413_Movistar KOI|Team BDS,LEC,2025,2025-04-13,Team BDS,Movistar KOI,Team BDS,Movistar KOI,1-1,1,1,2,Movistar KOI|Team BDS,,,,,,,,,,,,,,,,,,,,,,,
LEC_20250414_GiantX|SK Gaming,LEC,2025,2025-04-14,GiantX,SK Gaming,SK Gaming,GiantX,2-0,2,0,2,GiantX|SK Gaming,2.0,https://www.oddsportal.com/esports/league-of-legends/league-of-legends-lec-2025/results/#/page/2/,14 Apr 2025 - Spring - Stage 1,2025-04-14,GIANTX,SK Gaming,GiantX,SK Gaming,0-2,0.0,2.0,1.56,2.42,0.60804,0.39196,GiantX,SK Gaming,True,BO3,0.5725355179644379,0.4274644820355621,0.5725355179644379,True
LEC_20250405_Rogue|Vitality,LEC,2025,2025-04-05,Rogue,Team Vitality,Rogue,Team Vitality,2-0,2,0,2,Rogue|Vitality,,,,,,,,,,,,,,,,,,,,,,,
LEC_20250412_G2 Esports|Rogue,LEC,2025,2025-04-12,Rogue,G2 Esports,Rogue,G2 Esports,1-1,1,1,2,G2 Esports|Rogue,2.0,https://www.oddsportal.com/esports/league-of-legends/league-of-legends-lec-2025/results/#/page/2/,12 Apr 2025 - Spring - Stage 1,2025-04-12,G2 Esports,Rogue,G2 Esports,Rogue,2-0,2.0,0.0,1.05,8.0,0.883978,0.116022,G2 Esports,Rogue,False,BO3,0.7877544218539148,0.21224557814608525,0.21224557814608525,True
LEC_20250414_Heretics|Karmine Corp,LEC,2025,2025-04-14,Team Heretics,Karmine Corp,Team Heretics,Karmine Corp,2-1,2,1,3,Heretics|Karmine Corp,2.0,https://www.oddsportal.com/esports/league-of-legends/league-of-legends-lec-2025/results/#/page/2/,14 Apr 2025 - Spring - Stage 1,2025-04-14,Heretics,Karmine Corp,Heretics,Karmine Corp,1-2,1.0,2.0,7.53,1.1,0.127462,0.872538,Heretics,Karmine Corp,True,BO3,0.22343651993398161,0.7765634800660184,0.22343651993398161,True
LEC_20250524_Fnatic|G2 Esports,LEC,2025,2025-05-24,Fnatic,G2 Esports,Fnatic,G2 Esports,2-2,2,2,4,Fnatic|G2 Esports,1.0,https://www.oddsportal.com/esports/league-of-legends/league-of-legends-lec-2025/results/,24 May 2025 - Spring - Stage 2,2025-05-24,Fnatic,G2 Esports,Fnatic,G2 Esports,1-3,1.0,3.0,1.78,2.09,0.540052,0.459948,Fnatic,G2 Esports,True,BO5,0.5213871395096105,0.47861286049038954,0.5213871395096105,True
LEC_20250525_Karmine Corp|Movistar KOI,LEC,2025,2025-05-25,Karmine Corp,Movistar KOI,Karmine Corp,Movistar KOI,4-1,4,1,5,Karmine Corp|Movistar KOI,1.0,https://www.oddsportal.com/esports/league-of-legends/league-of-legends-lec-2025/results/,25 May 2025 - Spring - Stage 2,2025-05-25,Karmine Corp,Movistar KOI,Karmine Corp,Movistar KOI,2-3,2.0,3.0,1.35,3.3,0.709677,0.290323,Karmine Corp,Movistar KOI,True,BO5,0.6159138990867249,0.3840861009132751,0.6159138990867249,True
LEC_20250526_G2 Esports|Movistar KOI,LEC,2025,2025-05-26,Movistar KOI,G2 Esports,Movistar KOI,G2 Esports,2-2,2,2,4,G2 Esports|Movistar KOI,1.0,https://www.oddsportal.com/esports/league-of-legends/league-of-legends-lec-2025/results/,26 May 2025 - Spring - Stage 2,2025-05-26,Movistar KOI,G2 Esports,Movistar KOI,G2 Esports,1-3,1.0,3.0,2.72,1.49,0.353919,0.646081,Movistar KOI,G2 Esports,True,BO5,0.42077403667863167,0.5792259633213683,0.42077403667863167,True
LEC_20250531_Fnatic|GiantX,LEC,2025,2025-05-31,Fnatic,GiantX,Fnatic,GiantX,3-1,3,1,4,Fnatic|GiantX,1.0,https://www.oddsportal.com/esports/league-of-legends/league-of-legends-lec-2025/results/,31 May 2025 - Spring - Stage 2,2025-05-31,Fnatic,GIANTX,Fnatic,GiantX,3-1,3.0,1.0,1.15,6.15,0.842466,0.157534,Fnatic,GiantX,True,BO5,0.7042261545665661,0.2957738454334339,0.7042261545665661,True
LEC_20250601_Heretics|Karmine Corp,LEC,2025,2025-06-01,Karmine Corp,Team Heretics,Karmine Corp,Team Heretics,3-1,3,1,4,Heretics|Karmine Corp,1.0,https://www.oddsportal.com/esports/league-of-legends/league-of-legends-lec-2025/results/,01 Jun 2025 - Spring - Stage 2,2025-06-01,Karmine Corp,Heretics,Karmine Corp,Heretics,3-1,3.0,1.0,1.08,9.0,0.892857,0.107143,Karmine Corp,Heretics,True,BO5,0.7465916416453651,0.25340835835463493,0.7465916416453651,True
LEC_20250602_Fnatic|Karmine Corp,LEC,2025,2025-06-02,Karmine Corp,Fnatic,Fnatic,Karmine Corp,2-1,2,1,3,Fnatic|Karmine Corp,1.0,https://www.oddsportal.com/esports/league-of-legends/league-of-legends-lec-2025/results/,02 Jun 2025 - Spring - Stage 2,2025-06-02,Fnatic,Karmine Corp,Fnatic,Karmine Corp,0-3,0.0,3.0,2.1,1.79,0.460154,0.539846,Fnatic,Karmine Corp,False,BO5,0.47872312821515783,0.5212768717848422,0.5212768717848422,True
LEC_20250607_Karmine Corp|Movistar KOI,LEC,2025,2025-06-07,Movistar KOI,Karmine Corp,Movistar KOI,Karmine Corp,3-2,3,2,5,Karmine Corp|Movistar KOI,1.0,https://www.oddsportal.com/esports/league-of-legends/league-of-legends-lec-2025/results/,07 Jun 2025 - Spring - Stage 2,2025-06-07,Movistar KOI,Karmine Corp,Movistar KOI,Karmine Corp,3-2,3.0,2.0,3.65,1.35,0.27,0.73,Movistar KOI,Karmine Corp,True,BO5,0.371829197387867,0.628170802612133,0.371829197387867,True
LEC_20250608_G2 Esports|Movistar KOI,LEC,2025,2025-06-08,G2 Esports,Movistar KOI,G2 Esports,Movistar KOI,2-2,2,2,4,G2 Esports|Movistar KOI,1.0,https://www.oddsportal.com/esports/league-of-legends/league-of-legends-lec-2025/results/,08 Jun 2025 - Spring - Stage 2,2025-06-08,G2 Esports,Movistar KOI,G2 Esports,Movistar KOI,1-3,1.0,3.0,1.45,2.94,0.669704,0.330296,G2 Esports,Movistar KOI,True,BO5,0.5926047252975267,0.4073952747024733,0.5926047252975267,True
LEC_20240113_Rogue|SK Gaming,LEC,2024,2024-01-13,Rogue,SK Gaming,SK Gaming,Rogue,1-0,1,0,1,Rogue|SK Gaming,4.0,https://www.oddsportal.com/esports/league-of-legends/league-of-legends-lec-2024/results/#/page/4/,13 Jan 2024 - Winter - Stage 1,2024-01-13,SK Gaming,Rogue,SK Gaming,Rogue,1-0,1.0,0.0,2.07,1.79,0.463731,0.536269,SK Gaming,Rogue,False,BO1,0.463731,0.536269,0.536269,True
LEC_20240113_GiantX|Vitality,LEC,2024,2024-01-13,Team Vitality,GiantX,GiantX,Team Vitality,1-0,1,0,1,GiantX|Vitality,4.0,https://www.oddsportal.com/esports/league-of-legends/league-of-legends-lec-2024/results/#/page/4/,13 Jan 2024 - Winter - Stage 1,2024-01-13,GIANTX,Vitality,GiantX,Vitality,1-0,1.0,0.0,2.07,1.8,0.465116,0.534884,GiantX,Vitality,False,BO1,0.465116,0.534884,0.534884,True
LEC_20240114_GiantX|Team BDS,LEC,2024,2024-01-14,GiantX,Team BDS,Team BDS,GiantX,1-0,1,0,1,GiantX|Team BDS,,,,,,,,,,,,,,,,,,,,,,,
EWC_20250716_CTBC Flying Oyster|Hanwha Life Esports,EWC,2025,2025-07-16,Hanwha Life Esports,CTBC Flying Oyster,Hanwha Life Esports,CTBC Flying Oyster,1-0,1,0,1,CTBC Flying Oyster|Hanwha Life Esports,,,,,,,,,,,,,,,,,,,,,,,
EWC_20250716_GAM Esports|Movistar KOI,EWC,2025,2025-07-16,Movistar KOI,GAM Esports,Movistar KOI,GAM Esports,1-0,1,0,1,GAM Esports|Movistar KOI,,,,,,,,,,,,,,,,,,,,,,,
EWC_20250716_FURIA|G2 Esports,EWC,2025,2025-07-16,G2 Esports,FURIA,G2 Esports,FURIA,1-0,1,0,1,FURIA|G2 Esports,,,,,,,,,,,,,,,,,,,,,,,
EWC_20250716_Cloud9|FlyQuest,EWC,2025,2025-07-16,FlyQuest,Cloud9,FlyQuest,Cloud9,1-0,1,0,1,Cloud9|FlyQuest,,,,,,,,,,,,,,,,,,,,,,,
EWC_20250716_Hanwha Life Esports|Movistar KOI,EWC,2025,2025-07-16,Hanwha Life Esports,Movistar KOI,Hanwha Life Esports,Movistar KOI,1-0,1,0,1,Hanwha Life Esports|Movistar KOI,,,,,,,,,,,,,,,,,,,,,,,
EWC_20250716_FlyQuest|G2 Esports,EWC,2025,2025-07-16,FlyQuest,G2 Esports,G2 Esports,FlyQuest,1-0,1,0,1,FlyQuest|G2 Esports,,,,,,,,,,,,,,,,,,,,,,,
EWC_20250716_CTBC Flying Oyster|GAM Esports,EWC,2025,2025-07-16,GAM Esports,CTBC Flying Oyster,CTBC Flying Oyster,GAM Esports,1-0,1,0,1,CTBC Flying Oyster|GAM Esports,,,,,,,,,,,,,,,,,,,,,,,
LEC_20240114_G2 Esports|Karmine Corp,LEC,2024,2024-01-14,G2 Esports,Karmine Corp,G2 Esports,Karmine Corp,1-0,1,0,1,G2 Esports|Karmine Corp,4.0,https://www.oddsportal.com/esports/league-of-legends/league-of-legends-lec-2024/results/#/page/4/,14 Jan 2024 - Winter - Stage 1,2024-01-14,G2 Esports,Karmine Corp,G2 Esports,Karmine Corp,1-0,1.0,0.0,1.29,3.3,0.718954,0.281046,G2 Esports,Karmine Corp,True,BO1,0.718954,0.281046,0.718954,True
EWC_20250717_Anyone's Legend|Hanwha Life Esports,EWC,2025,2025-07-17,Anyone's Legend,Hanwha Life Esports,Anyone's Legend,Hanwha Life Esports,3-0,3,0,3,Anyone's Legend|Hanwha Life Esports,,,,,,,,,,,,,,,,,,,,,,,
EWC_20250717_Bilibili Gaming|G2 Esports,EWC,2025,2025-07-17,G2 Esports,Bilibili Gaming,Bilibili Gaming,G2 Esports,2-1,2,1,3,Bilibili Gaming|G2 Esports,,,,,,,,,,,,,,,,,,,,,,,
EWC_20250718_Movistar KOI|T1,EWC,2025,2025-07-18,T1,Movistar KOI,T1,Movistar KOI,3-0,3,0,3,Movistar KOI|T1,,,,,,,,,,,,,,,,,,,,,,,
EWC_20250719_Anyone's Legend|T1,EWC,2025,2025-07-19,Anyone's Legend,T1,Anyone's Legend,T1,1-1,1,1,2,Anyone's Legend|T1,,,,,,,,,,,,,,,,,,,,,,,
EWC_20250720_G2 Esports|T1,EWC,2025,2025-07-20,T1,G2 Esports,T1,G2 Esports,1-1,1,1,2,G2 Esports|T1,,,,,,,,,,,,,,,,,,,,,,,
EWC_20250720_Anyone's Legend|Gen.G,EWC,2025,2025-07-20,Gen.G,Anyone's Legend,Gen.G,Anyone's Legend,3-2,3,2,5,Anyone's Legend|Gen.G,,,,,,,,,,,,,,,,,,,,,,,
LEC_20240114_Heretics|Rogue,LEC,2024,2024-01-14,Rogue,Team Heretics,Team Heretics,Rogue,1-0,1,0,1,Heretics|Rogue,,,,,,,,,,,,,,,,,,,,,,,
LEC_20240115_GiantX|Heretics,LEC,2024,2024-01-15,Team Heretics,GiantX,Team Heretics,GiantX,1-0,1,0,1,GiantX|Heretics,4.0,https://www.oddsportal.com/esports/league-of-legends/league-of-legends-lec-2024/results/#/page/4/,15 Jan 2024 - Winter - Stage 1,2024-01-15,GIANTX,Heretics,GiantX,Heretics,0-1,0.0,1.0,1.87,1.98,0.514286,0.485714,GiantX,Heretics,False,BO1,0.514286,0.485714,0.485714,True
EWC_20250716_Cloud9|FURIA,EWC,2025,2025-07-16,Cloud9,FURIA,FURIA,Cloud9,1-0,1,0,1,Cloud9|FURIA,,,,,,,,,,,,,,,,,,,,,,,
EWC_20250717_CTBC Flying Oyster|Movistar KOI,EWC,2025,2025-07-17,Movistar KOI,CTBC Flying Oyster,Movistar KOI,CTBC Flying Oyster,1-0,1,0,1,CTBC Flying Oyster|Movistar KOI,,,,,,,,,,,,,,,,,,,,,,,
EWC_20250717_FURIA|FlyQuest,EWC,2025,2025-07-17,FlyQuest,FURIA,FlyQuest,FURIA,1-0,1,0,1,FURIA|FlyQuest,,,,,,,,,,,,,,,,,,,,,,,
EWC_20250718_FlyQuest|Gen.G,EWC,2025,2025-07-18,FlyQuest,Gen.G,FlyQuest,Gen.G,1-1,1,1,2,FlyQuest|Gen.G,,,,,,,,,,,,,,,,,,,,,,,
LEC_20240115_Fnatic|SK Gaming,LEC,2024,2024-01-15,SK Gaming,Fnatic,SK Gaming,Fnatic,1-0,1,0,1,Fnatic|SK Gaming,4.0,https://www.oddsportal.com/esports/league-of-legends/league-of-legends-lec-2024/results/#/page/4/,15 Jan 2024 - Winter - Stage 1,2024-01-15,Fnatic,SK Gaming,Fnatic,SK Gaming,0-1,0.0,1.0,1.54,2.56,0.62439,0.37561,Fnatic,SK Gaming,False,BO1,0.62439,0.37561,0.37561,True
EWC_20250719_G2 Esports|Gen.G,EWC,2025,2025-07-19,G2 Esports,Gen.G,G2 Esports,Gen.G,2-1,2,1,3,G2 Esports|Gen.G,,,,,,,,,,,,,,,,,,,,,,,
LEC_20250816_Heretics|SK Gaming,LEC,2025,2025-08-16,Team Heretics,SK Gaming,Team Heretics,SK Gaming,2-1,2,1,3,Heretics|SK Gaming,1.0,https://www.oddsportal.com/esports/league-of-legends/league-of-legends-lec-2025/results/,16 Aug 2025 - Summer - Stage 1,2025-08-16,Heretics,SK Gaming,Heretics,SK Gaming,1-2,1.0,2.0,1.3,3.7,0.74,0.26,Heretics,SK Gaming,True,BO3,0.666111342143225,0.333888657856775,0.666111342143225,True
LEC_20250817_Natus Vincere|Vitality,LEC,2025,2025-08-17,Team Vitality,Natus Vincere,Team Vitality,Natus Vincere,1-1,1,1,2,Natus Vincere|Vitality,1.0,https://www.oddsportal.com/esports/league-of-legends/league-of-legends-lec-2025/results/,17 Aug 2025 - Summer - Stage 1,2025-08-17,Vitality,Natus Vincere,Vitality,Natus Vincere,2-0,2.0,0.0,1.35,3.25,0.706522,0.293478,Vitality,Natus Vincere,True,BO3,0.6414552844044206,0.35854471559557943,0.6414552844044206,True
LEC_20250817_Fnatic|G2 Esports,LEC,2025,2025-08-17,Fnatic,G2 Esports,G2 Esports,Fnatic,2-0,2,0,2,Fnatic|G2 Esports,1.0,https://www.oddsportal.com/esports/league-of-legends/league-of-legends-lec-2025/results/,17 Aug 2025 - Summer - Stage 1,2025-08-17,Fnatic,G2 Esports,Fnatic,G2 Esports,0-2,0.0,2.0,2.3,1.8,0.439024,0.560976,Fnatic,G2 Esports,True,BO3,0.4592591703354853,0.5407408296645146,0.4592591703354853,True
LEC_20250816_Movistar KOI|Natus Vincere,LEC,2025,2025-08-16,Movistar KOI,Natus Vincere,Movistar KOI,Natus Vincere,1-1,1,1,2,Movistar KOI|Natus Vincere,1.0,https://www.oddsportal.com/esports/league-of-legends/league-of-legends-lec-2025/results/,16 Aug 2025 - Summer - Stage 1,2025-08-16,Movistar KOI,Natus Vincere,Movistar KOI,Natus Vincere,2-0,2.0,0.0,1.09,8.0,0.880088,0.119912,Movistar KOI,Natus Vincere,True,BO3,0.7839021954305718,0.21609780456942818,0.7839021954305718,True
LEC_20250818_Karmine Corp|Vitality,LEC,2025,2025-08-18,Karmine Corp,Team Vitality,Team Vitality,Karmine Corp,2-1,2,1,3,Karmine Corp|Vitality,1.0,https://www.oddsportal.com/esports/league-of-legends/league-of-legends-lec-2025/results/,18 Aug 2025 - Summer - Stage 1,2025-08-18,Karmine Corp,Vitality,Karmine Corp,Vitality,1-2,1.0,2.0,1.15,6.4,0.847682,0.152318,Karmine Corp,Vitality,True,BO3,0.7535116301575148,0.24648836984248523,0.7535116301575148,True
LEC_20250818_G2 Esports|Team BDS,LEC,2025,2025-08-18,G2 Esports,Team BDS,G2 Esports,Team BDS,2-0,2,0,2,G2 Esports|Team BDS,,,,,,,,,,,,,,,,,,,,,,,
LEC_20250825_G2 Esports|SK Gaming,LEC,2025,2025-08-25,SK Gaming,G2 Esports,SK Gaming,G2 Esports,1-1,1,1,2,G2 Esports|SK Gaming,1.0,https://www.oddsportal.com/esports/league-of-legends/league-of-legends-lec-2025/results/,25 Aug 2025 - Summer - Stage 1,2025-08-25,SK Gaming,G2 Esports,SK Gaming,G2 Esports,0-2,0.0,2.0,9.0,1.08,0.107143,0.892857,SK Gaming,G2 Esports,True,BO3,0.20325417452895203,0.796745825471048,0.20325417452895203,True
LEC_20250825_Heretics|Team BDS,LEC,2025,2025-08-25,Team BDS,Team Heretics,Team Heretics,Team BDS,2-1,2,1,3,Heretics|Team BDS,,,,,,,,,,,,,,,,,,,,,,,
LEC_20250826_Movistar KOI|Vitality,LEC,2025,2025-08-26,Team Vitality,Movistar KOI,Team Vitality,Movistar KOI,1-1,1,1,2,Movistar KOI|Vitality,1.0,https://www.oddsportal.com/esports/league-of-legends/league-of-legends-lec-2025/results/,26 Aug 2025 - Summer - Stage 1,2025-08-26,Vitality,Movistar KOI,Vitality,Movistar KOI,0-2,0.0,2.0,3.72,1.42,0.276265,0.723735,Vitality,Movistar KOI,True,BO3,0.3459708855663077,0.6540291144336923,0.3459708855663077,True
LEC_20250826_GiantX|Natus Vincere,LEC,2025,2025-08-26,Natus Vincere,GiantX,GiantX,Natus Vincere,2-0,2,0,2,GiantX|Natus Vincere,1.0,https://www.oddsportal.com/esports/league-of-legends/league-of-legends-lec-2025/results/,26 Aug 2025 - Summer - Stage 1,2025-08-26,Natus Vincere,GIANTX,Natus Vincere,GiantX,0-2,0.0,2.0,5.0,1.17,0.189627,0.810373,Natus Vincere,GiantX,True,BO3,0.27861811677302756,0.7213818832269725,0.27861811677302756,True
LEC_20240113_G2 Esports|Team BDS,LEC,2024,2024-01-13,Team BDS,G2 Esports,G2 Esports,Team BDS,1-0,1,0,1,G2 Esports|Team BDS,,,,,,,,,,,,,,,,,,,,,,,
LEC_20240113_Fnatic|Karmine Corp,LEC,2024,2024-01-13,Karmine Corp,Fnatic,Fnatic,Karmine Corp,1-0,1,0,1,Fnatic|Karmine Corp,4.0,https://www.oddsportal.com/esports/league-of-legends/league-of-legends-lec-2024/results/#/page/4/,13 Jan 2024 - Winter - Stage 1,2024-01-13,Fnatic,Karmine Corp,Fnatic,Karmine Corp,1-0,1.0,0.0,1.63,2.34,0.589421,0.410579,Fnatic,Karmine Corp,False,BO1,0.589421,0.410579,0.410579,True
LEC_20240113_Heretics|Movistar KOI,LEC,2024,2024-01-13,MAD Lions KOI,Team Heretics,MAD Lions KOI,Team Heretics,1-0,1,0,1,Heretics|Movistar KOI,4.0,https://www.oddsportal.com/esports/league-of-legends/league-of-legends-lec-2024/results/#/page/4/,13 Jan 2024 - Winter - Stage 1,2024-01-13,Movistar KOI,Heretics,Movistar KOI,Heretics,1-0,1.0,0.0,2.56,1.54,0.37561,0.62439,Movistar KOI,Heretics,True,BO1,0.37561,0.62439,0.37561,True
LEC_20240114_Movistar KOI|SK Gaming,LEC,2024,2024-01-14,MAD Lions KOI,SK Gaming,SK Gaming,MAD Lions KOI,1-0,1,0,1,Movistar KOI|SK Gaming,4.0,https://www.oddsportal.com/esports/league-of-legends/league-of-legends-lec-2024/results/#/page/4/,14 Jan 2024 - Winter - Stage 1,2024-01-14,Movistar KOI,SK Gaming,Movistar KOI,SK Gaming,0-1,0.0,1.0,1.92,1.83,0.488,0.512,Movistar KOI,SK Gaming,True,BO1,0.488,0.512,0.488,True
LEC_20240114_Fnatic|Vitality,LEC,2024,2024-01-14,Fnatic,Team Vitality,Fnatic,Team Vitality,1-0,1,0,1,Fnatic|Vitality,4.0,https://www.oddsportal.com/esports/league-of-legends/league-of-legends-lec-2024/results/#/page/4/,14 Jan 2024 - Winter - Stage 1,2024-01-14,Fnatic,Vitality,Fnatic,Vitality,1-0,1.0,0.0,1.44,2.7,0.652174,0.347826,Fnatic,Vitality,True,BO1,0.652174,0.34782599999999997,0.652174,True
LEC_20240115_Team BDS|Vitality,LEC,2024,2024-01-15,Team Vitality,Team BDS,Team BDS,Team Vitality,1-0,1,0,1,Team BDS|Vitality,,,,,,,,,,,,,,,,,,,,,,,
LEC_20240115_G2 Esports|Rogue,LEC,2024,2024-01-15,G2 Esports,Rogue,Rogue,G2 Esports,1-0,1,0,1,G2 Esports|Rogue,4.0,https://www.oddsportal.com/esports/league-of-legends/league-of-legends-lec-2024/results/#/page/4/,15 Jan 2024 - Winter - Stage 1,2024-01-15,G2 Esports,Rogue,G2 Esports,Rogue,0-1,0.0,1.0,1.18,5.08,0.811502,0.188498,G2 Esports,Rogue,True,BO1,0.811502,0.18849800000000005,0.811502,True
LEC_20240115_Karmine Corp|Movistar KOI,LEC,2024,2024-01-15,Karmine Corp,MAD Lions KOI,MAD Lions KOI,Karmine Corp,1-0,1,0,1,Karmine Corp|Movistar KOI,4.0,https://www.oddsportal.com/esports/league-of-legends/league-of-legends-lec-2024/results/#/page/4/,15 Jan 2024 - Winter - Stage 1,2024-01-15,Karmine Corp,Movistar KOI,Karmine Corp,Movistar KOI,0-1,0.0,1.0,1.67,2.27,0.576142,0.423858,Karmine Corp,Movistar KOI,True,BO1,0.576142,0.42385799999999996,0.576142,True
LEC_20260117_GiantX|Shifters,LEC,2026,2026-01-17,GiantX,Shifters,GiantX,Shifters,1-0,1,0,1,GiantX|Shifters,3.0,https://www.oddsportal.com/esports/league-of-legends/league-of-legends-lec/results/#/page/3/,17 Jan 2026 - Winter Season,2026-01-17 00:00:00,Shifters,GIANTX,Shifters,GiantX,0-1,0.0,1.0,2.6,1.55,0.373494,0.626506,Shifters,GiantX,False,BO1,0.373494,0.626506,0.626506,True
LEC_20260117_Karmine Corp|Karmine Corp Blue,LEC,2026,2026-01-17,Karmine Corp,Karmine Corp Blue,Karmine Corp,Karmine Corp Blue,1-0,1,0,1,Karmine Corp|Karmine Corp Blue,3.0,https://www.oddsportal.com/esports/league-of-legends/league-of-legends-lec/results/#/page/3/,17 Jan 2026 - Winter Season,2026-01-17 00:00:00,Karmine Corp Blue,Karmine Corp,Karmine Corp Blue,Karmine Corp,0-1,0.0,1.0,8.0,1.1,0.120879,0.879121,Karmine Corp Blue,Karmine Corp,False,BO1,0.120879,0.879121,0.879121,True
LEC_20260117_G2 Esports|Movistar KOI,LEC,2026,2026-01-17,G2 Esports,Movistar KOI,Movistar KOI,G2 Esports,1-0,1,0,1,G2 Esports|Movistar KOI,3.0,https://www.oddsportal.com/esports/league-of-legends/league-of-legends-lec/results/#/page/3/,17 Jan 2026 - Winter Season,2026-01-17 00:00:00,Movistar KOI,G2 Esports,Movistar KOI,G2 Esports,1-0,1.0,0.0,2.5,1.58,0.387255,0.612745,Movistar KOI,G2 Esports,False,BO1,0.387255,0.612745,0.612745,True
LEC_20260118_Heretics|Shifters,LEC,2026,2026-01-18,Team Heretics,Shifters,Shifters,Team Heretics,1-0,1,0,1,Heretics|Shifters,,,,,,,,,,,,,,,,,,,,,,,
LEC_20260118_Karmine Corp Blue|Los Ratones,LEC,2026,2026-01-18,Los Ratones,Karmine Corp Blue,Karmine Corp Blue,Los Ratones,1-0,1,0,1,Karmine Corp Blue|Los Ratones,3.0,https://www.oddsportal.com/esports/league-of-legends/league-of-legends-lec/results/#/page/3/,18 Jan 2026 - Winter Season,2026-01-18 00:00:00,Los Ratones,Karmine Corp Blue,Los Ratones,Karmine Corp Blue,0-1,0.0,1.0,1.7,2.36,0.581281,0.418719,Los Ratones,Karmine Corp Blue,True,BO1,0.581281,0.41871899999999995,0.581281,True
LEC_20260118_Fnatic|SK Gaming,LEC,2026,2026-01-18,Fnatic,SK Gaming,SK Gaming,Fnatic,1-0,1,0,1,Fnatic|SK Gaming,3.0,https://www.oddsportal.com/esports/league-of-legends/league-of-legends-lec/results/#/page/3/,18 Jan 2026 - Winter Season,2026-01-18 00:00:00,SK Gaming,Fnatic,SK Gaming,Fnatic,1-0,1.0,0.0,3.4,1.32,0.279661,0.720339,SK Gaming,Fnatic,False,BO1,0.279661,0.7203390000000001,0.7203390000000001,True
LEC_20260119_Fnatic|Natus Vincere,LEC,2026,2026-01-19,Natus Vincere,Fnatic,Fnatic,Natus Vincere,1-0,1,0,1,Fnatic|Natus Vincere,3.0,https://www.oddsportal.com/esports/league-of-legends/league-of-legends-lec/results/#/page/3/,19 Jan 2026 - Winter Season,2026-01-19 00:00:00,Natus Vincere,Fnatic,Natus Vincere,Fnatic,0-1,0.0,1.0,2.24,1.77,0.441397,0.558603,Natus Vincere,Fnatic,True,BO1,0.441397,0.558603,0.441397,True
LEC_20260119_GiantX|Heretics,LEC,2026,2026-01-19,Team Heretics,GiantX,Team Heretics,GiantX,1-0,1,0,1,GiantX|Heretics,3.0,https://www.oddsportal.com/esports/league-of-legends/league-of-legends-lec/results/#/page/3/,19 Jan 2026 - Winter Season,2026-01-19 00:00:00,Heretics,GIANTX,Heretics,GiantX,1-0,1.0,0.0,2.94,1.48,0.334842,0.665158,Heretics,GiantX,True,BO1,0.334842,0.665158,0.334842,True
LEC_20260117_Fnatic|Los Ratones,LEC,2026,2026-01-17,Fnatic,Los Ratones,Fnatic,Los Ratones,1-0,1,0,1,Fnatic|Los Ratones,3.0,https://www.oddsportal.com/esports/league-of-legends/league-of-legends-lec/results/#/page/3/,17 Jan 2026 - Winter Season,2026-01-17 00:00:00,Los Ratones,Fnatic,Los Ratones,Fnatic,0-1,0.0,1.0,3.38,1.35,0.285412,0.714588,Los Ratones,Fnatic,False,BO1,0.285412,0.714588,0.714588,True
LEC_20260117_Heretics|Natus Vincere,LEC,2026,2026-01-17,Team Heretics,Natus Vincere,Natus Vincere,Team Heretics,1-0,1,0,1,Heretics|Natus Vincere,3.0,https://www.oddsportal.com/esports/league-of-legends/league-of-legends-lec/results/#/page/3/,17 Jan 2026 - Winter Season,2026-01-17 00:00:00,Heretics,Natus Vincere,Heretics,Natus Vincere,0-1,0.0,1.0,2.0,1.82,0.47644,0.52356,Heretics,Natus Vincere,True,BO1,0.47644,0.52356,0.47644,True
LEC_20260117_SK Gaming|Vitality,LEC,2026,2026-01-17,SK Gaming,Team Vitality,Team Vitality,SK Gaming,1-0,1,0,1,SK Gaming|Vitality,3.0,https://www.oddsportal.com/esports/league-of-legends/league-of-legends-lec/results/#/page/3/,17 Jan 2026 - Winter Season,2026-01-17 00:00:00,Vitality,SK Gaming,Vitality,SK Gaming,1-0,1.0,0.0,1.58,2.5,0.612745,0.387255,Vitality,SK Gaming,False,BO1,0.612745,0.387255,0.387255,True
LEC_20260118_Natus Vincere|Vitality,LEC,2026,2026-01-18,Team Vitality,Natus Vincere,Natus Vincere,Team Vitality,1-0,1,0,1,Natus Vincere|Vitality,3.0,https://www.oddsportal.com/esports/league-of-legends/league-of-legends-lec/results/#/page/3/,18 Jan 2026 - Winter Season,2026-01-18 00:00:00,Vitality,Natus Vincere,Vitality,Natus Vincere,0-1,0.0,1.0,1.7,2.22,0.566327,0.433673,Vitality,Natus Vincere,True,BO1,0.566327,0.433673,0.566327,True
LEC_20260118_G2 Esports|GiantX,LEC,2026,2026-01-18,G2 Esports,GiantX,GiantX,G2 Esports,1-0,1,0,1,G2 Esports|GiantX,3.0,https://www.oddsportal.com/esports/league-of-legends/league-of-legends-lec/results/#/page/3/,18 Jan 2026 - Winter Season,2026-01-18 00:00:00,G2 Esports,GIANTX,G2 Esports,GiantX,0-1,0.0,1.0,1.4,3.2,0.695652,0.304348,G2 Esports,GiantX,True,BO1,0.695652,0.30434799999999995,0.695652,True
LEC_20260118_Karmine Corp|Movistar KOI,LEC,2026,2026-01-18,Karmine Corp,Movistar KOI,Movistar KOI,Karmine Corp,1-0,1,0,1,Karmine Corp|Movistar KOI,3.0,https://www.oddsportal.com/esports/league-of-legends/league-of-legends-lec/results/#/page/3/,18 Jan 2026 - Winter Season,2026-01-18 00:00:00,Movistar KOI,Karmine Corp,Movistar KOI,Karmine Corp,1-0,1.0,0.0,1.88,2.0,0.515464,0.484536,Movistar KOI,Karmine Corp,False,BO1,0.515464,0.48453599999999997,0.48453599999999997,True
LEC_20260119_Karmine Corp Blue|Vitality,LEC,2026,2026-01-19,Karmine Corp Blue,Team Vitality,Team Vitality,Karmine Corp Blue,1-0,1,0,1,Karmine Corp Blue|Vitality,,,,,,,,,,,,,,,,,,,,,,,
LEC_20260119_Movistar KOI|Shifters,LEC,2026,2026-01-19,Shifters,Movistar KOI,Shifters,Movistar KOI,1-0,1,0,1,Movistar KOI|Shifters,3.0,https://www.oddsportal.com/esports/league-of-legends/league-of-legends-lec/results/#/page/3/,19 Jan 2026 - Winter Season,2026-01-19 00:00:00,Shifters,Movistar KOI,Shifters,Movistar KOI,1-0,1.0,0.0,3.15,1.42,0.310722,0.689278,Shifters,Movistar KOI,True,BO1,0.310722,0.6892780000000001,0.310722,True
LEC_20260119_Karmine Corp|Los Ratones,LEC,2026,2026-01-19,Los Ratones,Karmine Corp,Karmine Corp,Los Ratones,1-0,1,0,1,Karmine Corp|Los Ratones,3.0,https://www.oddsportal.com/esports/league-of-legends/league-of-legends-lec/results/#/page/3/,19 Jan 2026 - Winter Season,2026-01-19 00:00:00,Los Ratones,Karmine Corp,Los Ratones,Karmine Corp,0-1,0.0,1.0,4.3,1.26,0.226619,0.773381,Los Ratones,Karmine Corp,True,BO1,0.226619,0.773381,0.226619,True
LEC_20260119_G2 Esports|SK Gaming,LEC,2026,2026-01-19,G2 Esports,SK Gaming,G2 Esports,SK Gaming,1-0,1,0,1,G2 Esports|SK Gaming,3.0,https://www.oddsportal.com/esports/league-of-legends/league-of-legends-lec/results/#/page/3/,19 Jan 2026 - Winter Season,2026-01-19 00:00:00,SK Gaming,G2 Esports,SK Gaming,G2 Esports,0-1,0.0,1.0,3.5,1.32,0.273859,0.726141,SK Gaming,G2 Esports,False,BO1,0.273859,0.7261409999999999,0.7261409999999999,True
LEC_20240712_Movistar KOI|Team BDS,LEC,2024,2024-07-12,Team BDS,MAD Lions KOI,Team BDS,MAD Lions KOI,2-1,2,1,3,Movistar KOI|Team BDS,,,,,,,,,,,,,,,,,,,,,,,
LEC_20240712_Heretics|SK Gaming,LEC,2024,2024-07-12,SK Gaming,Team Heretics,SK Gaming,Team Heretics,1-1,1,1,2,Heretics|SK Gaming,1.0,https://www.oddsportal.com/esports/league-of-legends/league-of-legends-lec-2024/results/,12 Jul 2024 - Summer - Stage 2,2024-07-12,SK Gaming,Heretics,SK Gaming,Heretics,2-0,2.0,0.0,1.25,3.96,0.760077,0.239923,SK Gaming,Heretics,True,BO3,0.6813349643523033,0.31866503564769666,0.6813349643523033,True
LEC_20240713_Fnatic|GiantX,LEC,2024,2024-07-13,Fnatic,GiantX,GiantX,Fnatic,2-1,2,1,3,Fnatic|GiantX,1.0,https://www.oddsportal.com/esports/league-of-legends/league-of-legends-lec-2024/results/,13 Jul 2024 - Summer - Stage 2,2024-07-13,Fnatic,GIANTX,Fnatic,GiantX,2-1,2.0,1.0,1.2,4.47,0.78836,0.21164,Fnatic,GiantX,True,BO3,0.7034718637332565,0.29652813626674346,0.7034718637332565,True
LEC_20240713_G2 Esports|Karmine Corp,LEC,2024,2024-07-13,G2 Esports,Karmine Corp,G2 Esports,Karmine Corp,1-1,1,1,2,G2 Esports|Karmine Corp,1.0,https://www.oddsportal.com/esports/league-of-legends/league-of-legends-lec-2024/results/,13 Jul 2024 - Summer - Stage 2,2024-07-13,G2 Esports,Karmine Corp,G2 Esports,Karmine Corp,2-0,2.0,0.0,1.1,6.66,0.858247,0.141753,G2 Esports,Karmine Corp,True,BO3,0.7631197403730637,0.23688025962693626,0.7631197403730637,True
LEC_20240714_Fnatic|SK Gaming,LEC,2024,2024-07-14,SK Gaming,Fnatic,Fnatic,SK Gaming,2-0,2,0,2,Fnatic|SK Gaming,1.0,https://www.oddsportal.com/esports/league-of-legends/league-of-legends-lec-2024/results/,14 Jul 2024 - Summer - Stage 2,2024-07-14,SK Gaming,Fnatic,SK Gaming,Fnatic,0-2,0.0,2.0,1.67,2.24,0.57289,0.42711,SK Gaming,Fnatic,True,BO3,0.5487477888771377,0.4512522111228623,0.5487477888771377,True
LEC_20240714_G2 Esports|Team BDS,LEC,2024,2024-07-14,G2 Esports,Team BDS,G2 Esports,Team BDS,2-0,2,0,2,G2 Esports|Team BDS,,,,,,,,,,,,,,,,,,,,,,,
LEC_20240721_GiantX|Heretics,LEC,2024,2024-07-21,Team Heretics,GiantX,Team Heretics,GiantX,2-1,2,1,3,GiantX|Heretics,1.0,https://www.oddsportal.com/esports/league-of-legends/league-of-legends-lec-2024/results/,21 Jul 2024 - Summer - Stage 2,2024-07-21,Heretics,GIANTX,Heretics,GiantX,1-2,1.0,2.0,1.65,2.56,0.608076,0.391924,Heretics,GiantX,True,BO3,0.5725600340956701,0.42743996590432987,0.5725600340956701,True
LEC_20240722_Fnatic|G2 Esports,LEC,2024,2024-07-22,G2 Esports,Fnatic,G2 Esports,Fnatic,4-1,4,1,5,Fnatic|G2 Esports,1.0,https://www.oddsportal.com/esports/league-of-legends/league-of-legends-lec-2024/results/,22 Jul 2024 - Summer - Stage 2,2024-07-22,Fnatic,G2 Esports,Fnatic,G2 Esports,3-2,3.0,2.0,3.72,1.3,0.258964,0.741036,Fnatic,G2 Esports,False,BO5,0.3650348505159652,0.6349651494840348,0.6349651494840348,True
LEC_20240721_Karmine Corp|Movistar KOI,LEC,2024,2024-07-21,Karmine Corp,MAD Lions KOI,Karmine Corp,MAD Lions KOI,1-1,1,1,2,Karmine Corp|Movistar KOI,1.0,https://www.oddsportal.com/esports/league-of-legends/league-of-legends-lec-2024/results/,21 Jul 2024 - Summer - Stage 2,2024-07-21,Movistar KOI,Karmine Corp,Movistar KOI,Karmine Corp,0-2,0.0,2.0,1.72,2.0,0.537634,0.462366,Movistar KOI,Karmine Corp,False,BO3,0.5251104439982458,0.4748895560017542,0.4748895560017542,True
LEC_20240723_GiantX|Team BDS,LEC,2024,2024-07-23,Team BDS,GiantX,Team BDS,GiantX,3-0,3,0,3,GiantX|Team BDS,,,,,,,,,,,,,,,,,,,,,,,
LEC_20240723_Karmine Corp|SK Gaming,LEC,2024,2024-07-23,SK Gaming,Karmine Corp,SK Gaming,Karmine Corp,2-1,2,1,3,Karmine Corp|SK Gaming,1.0,https://www.oddsportal.com/esports/league-of-legends/league-of-legends-lec-2024/results/,23 Jul 2024 - Summer - Stage 2,2024-07-23,SK Gaming,Karmine Corp,SK Gaming,Karmine Corp,1-2,1.0,2.0,1.44,2.99,0.674944,0.325056,SK Gaming,Karmine Corp,True,BO3,0.6188687878087552,0.3811312121912448,0.6188687878087552,True
LEC_20240726_Karmine Corp|Team BDS,LEC,2024,2024-07-26,Team BDS,Karmine Corp,Team BDS,Karmine Corp,3-2,3,2,5,Karmine Corp|Team BDS,,,,,,,,,,,,,,,,,,,,,,,
LEC_20240727_G2 Esports|Team BDS,LEC,2024,2024-07-27,G2 Esports,Team BDS,G2 Esports,Team BDS,2-2,2,2,4,G2 Esports|Team BDS,,,,,,,,,,,,,,,,,,,,,,,
LEC_20240728_Fnatic|G2 Esports,LEC,2024,2024-07-28,Fnatic,G2 Esports,G2 Esports,Fnatic,3-0,3,0,3,Fnatic|G2 Esports,1.0,https://www.oddsportal.com/esports/league-of-legends/league-of-legends-lec-2024/results/,28 Jul 2024 - Summer - Stage 2,2024-07-28,Fnatic,G2 Esports,Fnatic,G2 Esports,0-3,0.0,3.0,2.7,1.5,0.357143,0.642857,Fnatic,G2 Esports,True,BO5,0.4225811010586227,0.5774188989413773,0.4225811010586227,True
LEC_20250118_GiantX|SK Gaming,LEC,2025,2025-01-18,GiantX,SK Gaming,GiantX,SK Gaming,1-0,1,0,1,GiantX|SK Gaming,3.0,https://www.oddsportal.com/esports/league-of-legends/league-of-legends-lec-2025/results/#/page/3/,18 Jan 2025 - Winter - Stage 1,2025-01-18,GIANTX,SK Gaming,GiantX,SK Gaming,1-0,1.0,0.0,1.67,2.27,0.576142,0.423858,GiantX,SK Gaming,True,BO1,0.576142,0.42385799999999996,0.576142,True
LEC_20250118_G2 Esports|Karmine Corp,LEC,2025,2025-01-18,Karmine Corp,G2 Esports,Karmine Corp,G2 Esports,1-0,1,0,1,G2 Esports|Karmine Corp,3.0,https://www.oddsportal.com/esports/league-of-legends/league-of-legends-lec-2025/results/#/page/3/,18 Jan 2025 - Winter - Stage 1,2025-01-18,Karmine Corp,G2 Esports,Karmine Corp,G2 Esports,1-0,1.0,0.0,2.56,1.54,0.37561,0.62439,Karmine Corp,G2 Esports,True,BO1,0.37561,0.62439,0.37561,True
LEC_20250119_GiantX|Rogue,LEC,2025,2025-01-19,Rogue,GiantX,GiantX,Rogue,1-0,1,0,1,GiantX|Rogue,3.0,https://www.oddsportal.com/esports/league-of-legends/league-of-legends-lec-2025/results/#/page/3/,19 Jan 2025 - Winter - Stage 1,2025-01-19,Rogue,GIANTX,Rogue,GiantX,0-1,0.0,1.0,2.86,1.5,0.344037,0.655963,Rogue,GiantX,True,BO1,0.344037,0.6559630000000001,0.344037,True
LEC_20250119_Karmine Corp|Movistar KOI,LEC,2025,2025-01-19,Movistar KOI,Karmine Corp,Karmine Corp,Movistar KOI,1-0,1,0,1,Karmine Corp|Movistar KOI,3.0,https://www.oddsportal.com/esports/league-of-legends/league-of-legends-lec-2025/results/#/page/3/,19 Jan 2025 - Winter - Stage 1,2025-01-19,Movistar KOI,Karmine Corp,Movistar KOI,Karmine Corp,0-1,0.0,1.0,1.92,1.92,0.5,0.5,Movistar KOI,Karmine Corp,True,BO1,0.5,0.5,0.5,True
LEC_20250120_Rogue|Team BDS,LEC,2025,2025-01-20,Team BDS,Rogue,Team BDS,Rogue,1-0,1,0,1,Rogue|Team BDS,,,,,,,,,,,,,,,,,,,,,,,
LEC_20250120_G2 Esports|SK Gaming,LEC,2025,2025-01-20,G2 Esports,SK Gaming,G2 Esports,SK Gaming,1-0,1,0,1,G2 Esports|SK Gaming,3.0,https://www.oddsportal.com/esports/league-of-legends/league-of-legends-lec-2025/results/#/page/3/,20 Jan 2025 - Winter - Stage 1,2025-01-20,G2 Esports,SK Gaming,G2 Esports,SK Gaming,1-0,1.0,0.0,1.28,3.89,0.752418,0.247582,G2 Esports,SK Gaming,True,BO1,0.752418,0.24758199999999997,0.752418,True
LEC_20250118_Heretics|Rogue,LEC,2025,2025-01-18,Team Heretics,Rogue,Rogue,Team Heretics,1-0,1,0,1,Heretics|Rogue,,,,,,,,,,,,,,,,,,,,,,,
LEC_20250118_Team BDS|Vitality,LEC,2025,2025-01-18,Team Vitality,Team BDS,Team Vitality,Team BDS,1-0,1,0,1,Team BDS|Vitality,,,,,,,,,,,,,,,,,,,,,,,
LEC_20250118_Fnatic|Movistar KOI,LEC,2025,2025-01-18,Movistar KOI,Fnatic,Movistar KOI,Fnatic,1-0,1,0,1,Fnatic|Movistar KOI,3.0,https://www.oddsportal.com/esports/league-of-legends/league-of-legends-lec-2025/results/#/page/3/,18 Jan 2025 - Winter - Stage 1,2025-01-18,Movistar KOI,Fnatic,Movistar KOI,Fnatic,1-0,1.0,0.0,2.2,1.58,0.417989,0.582011,Movistar KOI,Fnatic,True,BO1,0.417989,0.5820110000000001,0.417989,True
LEC_20250119_Heretics|SK Gaming,LEC,2025,2025-01-19,Team Heretics,SK Gaming,Team Heretics,SK Gaming,1-0,1,0,1,Heretics|SK Gaming,3.0,https://www.oddsportal.com/esports/league-of-legends/league-of-legends-lec-2025/results/#/page/3/,19 Jan 2025 - Winter - Stage 1,2025-01-19,Heretics,SK Gaming,Heretics,SK Gaming,1-0,1.0,0.0,2.34,1.63,0.410579,0.589421,Heretics,SK Gaming,True,BO1,0.410579,0.589421,0.410579,True
LEC_20250119_G2 Esports|Team BDS,LEC,2025,2025-01-19,G2 Esports,Team BDS,Team BDS,G2 Esports,1-0,1,0,1,G2 Esports|Team BDS,,,,,,,,,,,,,,,,,,,,,,,
LEC_20250119_Fnatic|Vitality,LEC,2025,2025-01-19,Fnatic,Team Vitality,Fnatic,Team Vitality,1-0,1,0,1,Fnatic|Vitality,3.0,https://www.oddsportal.com/esports/league-of-legends/league-of-legends-lec-2025/results/#/page/3/,19 Jan 2025 - Winter - Stage 1,2025-01-19,Fnatic,Vitality,Fnatic,Vitality,1-0,1.0,0.0,1.4,3.07,0.686801,0.313199,Fnatic,Vitality,True,BO1,0.686801,0.313199,0.686801,True
LEC_20250120_Fnatic|Heretics,LEC,2025,2025-01-20,Team Heretics,Fnatic,Fnatic,Team Heretics,1-0,1,0,1,Fnatic|Heretics,3.0,https://www.oddsportal.com/esports/league-of-legends/league-of-legends-lec-2025/results/#/page/3/,20 Jan 2025 - Winter - Stage 1,2025-01-20,Heretics,Fnatic,Heretics,Fnatic,0-1,0.0,1.0,3.3,1.35,0.290323,0.709677,Heretics,Fnatic,True,BO1,0.290323,0.709677,0.290323,True
LEC_20250120_Movistar KOI|Vitality,LEC,2025,2025-01-20,Movistar KOI,Team Vitality,Movistar KOI,Team Vitality,1-0,1,0,1,Movistar KOI|Vitality,3.0,https://www.oddsportal.com/esports/league-of-legends/league-of-legends-lec-2025/results/#/page/3/,20 Jan 2025 - Winter - Stage 1,2025-01-20,Movistar KOI,Vitality,Movistar KOI,Vitality,1-0,1.0,0.0,1.49,2.71,0.645238,0.354762,Movistar KOI,Vitality,True,BO1,0.645238,0.354762,0.645238,True
LEC_20250120_GiantX|Karmine Corp,LEC,2025,2025-01-20,GiantX,Karmine Corp,GiantX,Karmine Corp,1-0,1,0,1,GiantX|Karmine Corp,3.0,https://www.oddsportal.com/esports/league-of-legends/league-of-legends-lec-2025/results/#/page/3/,20 Jan 2025 - Winter - Stage 1,2025-01-20,GIANTX,Karmine Corp,GiantX,Karmine Corp,1-0,1.0,0.0,2.45,1.58,0.39206,0.60794,GiantX,Karmine Corp,True,BO1,0.39206,0.6079399999999999,0.39206,True
