gameid,league,date,time_min,gold_diff,xp_diff,cs_diff,kill_diff,prior_p_blue,blue_wins
LOLTMNT03_337058,LCK,2026-01-14T08:13:43+00:00,10,1979.0,1580.0,47.0,2,0.365001829752667,1
LOLTMNT03_337058,LCK,2026-01-14T08:13:43+00:00,15,514.0,1888.0,57.0,0,0.365001829752667,1
LOLTMNT03_337058,LCK,2026-01-14T08:13:43+00:00,20,4409.0,6065.0,85.0,5,0.365001829752667,1
LOLTMNT03_337058,LCK,2026-01-14T08:13:43+00:00,25,5395.0,6739.0,110.0,5,0.365001829752667,1
LOLTMNT03_337069,LCK,2026-01-14T09:06:16+00:00,10,-73.0,438.0,25.0,-1,0.427556585820108,0
LOLTMNT03_337069,LCK,2026-01-14T09:06:16+00:00,15,-1720.0,-456.0,-4.0,-2,0.427556585820108,0
LOLTMNT03_337069,LCK,2026-01-14T09:06:16+00:00,20,-4793.0,-2125.0,-44.0,-3,0.427556585820108,0
LOLTMNT03_337069,LCK,2026-01-14T09:06:16+00:00,25,-9969.0,-8536.0,-87.0,-8,0.427556585820108,0
LOLTMNT03_337081,LCK,2026-01-14T09:54:54+00:00,10,2301.0,547.0,21.0,3,0.721295339943288,1
LOLTMNT03_337081,LCK,2026-01-14T09:54:54+00:00,15,562.0,-717.0,28.0,0,0.721295339943288,1
LOLTMNT03_337081,LCK,2026-01-14T09:54:54+00:00,20,1067.0,-1803.0,23.0,-1,0.721295339943288,1
LOLTMNT03_337081,LCK,2026-01-14T09:54:54+00:00,25,114.0,-2189.0,28.0,-2,0.721295339943288,1
LOLTMNT03_337109,LCK,2026-01-14T11:22:18+00:00,10,2220.0,1425.0,30.0,2,0.789180126068389,1
LOLTMNT03_337109,LCK,2026-01-14T11:22:18+00:00,15,4255.0,3108.0,63.0,4,0.789180126068389,1
LOLTMNT03_337109,LCK,2026-01-14T11:22:18+00:00,20,7854.0,5198.0,94.0,8,0.789180126068389,1
LOLTMNT03_337109,LCK,2026-01-14T11:22:18+00:00,25,9330.0,8700.0,150.0,7,0.789180126068389,1
LOLTMNT03_336084,LCK,2026-01-14T12:11:18+00:00,10,2267.0,2014.0,30.0,3,0.802086157806149,1
LOLTMNT03_336084,LCK,2026-01-14T12:11:18+00:00,15,5438.0,5109.0,69.0,8,0.802086157806149,1
LOLTMNT03_336084,LCK,2026-01-14T12:11:18+00:00,20,7104.0,5036.0,77.0,9,0.802086157806149,1
LOLTMNT03_336084,LCK,2026-01-14T12:11:18+00:00,25,14323.0,14591.0,118.0,17,0.802086157806149,1
LOLTMNT03_336244,LCK,2026-01-15T08:05:23+00:00,10,953.0,1116.0,10.0,1,0.12504320668667,0
LOLTMNT03_336244,LCK,2026-01-15T08:05:23+00:00,15,369.0,463.0,13.0,0,0.12504320668667,0
LOLTMNT03_336244,LCK,2026-01-15T08:05:23+00:00,20,-4636.0,-4015.0,-27.0,-5,0.12504320668667,0
LOLTMNT03_336244,LCK,2026-01-15T08:05:23+00:00,25,-2405.0,1083.0,-47.0,-3,0.12504320668667,0
LOLTMNT03_336246,LCK,2026-01-15T08:56:47+00:00,10,1905.0,368.0,39.0,2,0.928810180485767,1
LOLTMNT03_336246,LCK,2026-01-15T08:56:47+00:00,15,5562.0,3494.0,73.0,8,0.928810180485767,1
LOLTMNT03_336246,LCK,2026-01-15T08:56:47+00:00,20,11261.0,8505.0,124.0,16,0.928810180485767,1
LOLTMNT03_336246,LCK,2026-01-15T08:56:47+00:00,25,18727.0,18445.0,167.0,29,0.928810180485767,1
LOLTMNT03_337298,LCK,2026-01-15T10:15:24+00:00,10,285.0,651.0,15.0,-1,0.49753165407704,0
LOLTMNT03_337298,LCK,2026-01-15T10:15:24+00:00,15,78.0,1016.0,29.0,-2,0.49753165407704,0
LOLTMNT03_337298,LCK,2026-01-15T10:15:24+00:00,20,1513.0,3005.0,26.0,0,0.49753165407704,0
LOLTMNT03_337298,LCK,2026-01-15T10:15:24+00:00,25,-2930.0,727.0,23.0,-6,0.49753165407704,0
LOLTMNT03_337304,LCK,2026-01-15T11:14:42+00:00,10,2387.0,1780.0,32.0,3,0.662267519591025,1
LOLTMNT03_337304,LCK,2026-01-15T11:14:42+00:00,15,1243.0,761.0,28.0,1,0.662267519591025,1
LOLTMNT03_337304,LCK,2026-01-15T11:14:42+00:00,20,1984.0,300.0,5.0,2,0.662267519591025,1
LOLTMNT03_337304,LCK,2026-01-15T11:14:42+00:00,25,4184.0,1189.0,50.0,2,0.662267519591025,1
LOLTMNT03_336495,LCK,2026-01-16T08:05:40+00:00,10,-1179.0,264.0,13.0,-2,0.749271908966052,1
LOLTMNT03_336495,LCK,2026-01-16T08:05:40+00:00,15,559.0,1242.0,34.0,0,0.749271908966052,1
LOLTMNT03_336495,LCK,2026-01-16T08:05:40+00:00,20,5691.0,5460.0,70.0,5,0.749271908966052,1
LOLTMNT03_336495,LCK,2026-01-16T08:05:40+00:00,25,11211.0,13243.0,109.0,14,0.749271908966052,1
LOLTMNT03_336502,LCK,2026-01-16T08:53:11+00:00,10,1135.0,1925.0,59.0,0,0.762668803184266,1
LOLTMNT03_336502,LCK,2026-01-16T08:53:11+00:00,15,1003.0,1658.0,85.0,-2,0.762668803184266,1
LOLTMNT03_336502,LCK,2026-01-16T08:53:11+00:00,20,3235.0,3401.0,118.0,-1,0.762668803184266,1
LOLTMNT03_336502,LCK,2026-01-16T08:53:11+00:00,25,11419.0,11769.0,154.0,6,0.762668803184266,1
LOLTMNT03_337590,LCK,2026-01-16T10:08:16+00:00,10,4.0,-180.0,-8.0,0,0.552940488342621,0
LOLTMNT03_337590,LCK,2026-01-16T10:08:16+00:00,15,1320.0,1448.0,4.0,1,0.552940488342621,0
LOLTMNT03_337590,LCK,2026-01-16T10:08:16+00:00,20,661.0,905.0,3.0,0,0.552940488342621,0
LOLTMNT03_337590,LCK,2026-01-16T10:08:16+00:00,25,1137.0,1817.0,0.0,0,0.552940488342621,0
LOLTMNT03_336511,LCK,2026-01-16T11:07:37+00:00,10,-272.0,-277.0,26.0,-2,0.606917980729216,0
LOLTMNT03_336511,LCK,2026-01-16T11:07:37+00:00,15,-1892.0,-1737.0,3.0,-4,0.606917980729216,0
LOLTMNT03_336511,LCK,2026-01-16T11:07:37+00:00,20,-3691.0,-2296.0,-4.0,-6,0.606917980729216,0
LOLTMNT03_336511,LCK,2026-01-16T11:07:37+00:00,25,-10108.0,-11820.0,-75.0,-12,0.606917980729216,0
LOLTMNT03_337603,LCK,2026-01-16T11:56:34+00:00,10,1155.0,1338.0,9.0,1,0.563480306697161,1
LOLTMNT03_337603,LCK,2026-01-16T11:56:34+00:00,15,4458.0,3768.0,19.0,6,0.563480306697161,1
LOLTMNT03_337603,LCK,2026-01-16T11:56:34+00:00,20,8269.0,6015.0,42.0,10,0.563480306697161,1
LOLTMNT03_337603,LCK,2026-01-16T11:56:34+00:00,25,14553.0,13316.0,82.0,17,0.563480306697161,1
LOLTMNT03_336667,LCK,2026-01-17T08:05:53+00:00,10,-620.0,124.0,21.0,-1,0.821038723462444,1
LOLTMNT03_336667,LCK,2026-01-17T08:05:53+00:00,15,-2917.0,-3633.0,-28.0,-5,0.821038723462444,1
LOLTMNT03_336667,LCK,2026-01-17T08:05:53+00:00,20,-2587.0,-4981.0,-40.0,-7,0.821038723462444,1
LOLTMNT03_336667,LCK,2026-01-17T08:05:53+00:00,25,-2532.0,-5280.0,-57.0,-7,0.821038723462444,1
LOLTMNT03_337754,LCK,2026-01-17T09:01:27+00:00,10,767.0,-163.0,-15.0,1,0.827000327808397,0
LOLTMNT03_337754,LCK,2026-01-17T09:01:27+00:00,15,335.0,-470.0,-21.0,1,0.827000327808397,0
LOLTMNT03_337754,LCK,2026-01-17T09:01:27+00:00,20,-165.0,-642.0,-35.0,2,0.827000327808397,0
LOLTMNT03_337754,LCK,2026-01-17T09:01:27+00:00,25,-11987.0,-15832.0,-95.0,-10,0.827000327808397,0
LOLTMNT03_337756,LCK,2026-01-17T09:47:06+00:00,10,601.0,196.0,10.0,0,0.297360433509373,0
LOLTMNT03_337756,LCK,2026-01-17T09:47:06+00:00,15,1001.0,520.0,6.0,1,0.297360433509373,0
LOLTMNT03_337756,LCK,2026-01-17T09:47:06+00:00,20,-241.0,-1505.0,-6.0,-1,0.297360433509373,0
LOLTMNT03_337756,LCK,2026-01-17T09:47:06+00:00,25,-239.0,-2285.0,-5.0,-1,0.297360433509373,0
LOLTMNT03_336695,LCK,2026-01-17T11:10:45+00:00,10,-740.0,-30.0,-5.0,0,0.300528462045644,0
LOLTMNT03_336695,LCK,2026-01-17T11:10:45+00:00,15,-3163.0,-1832.0,-30.0,-2,0.300528462045644,0
LOLTMNT03_336695,LCK,2026-01-17T11:10:45+00:00,20,-3363.0,-1529.0,-41.0,0,0.300528462045644,0
LOLTMNT03_336695,LCK,2026-01-17T11:10:45+00:00,25,-8474.0,-9313.0,-87.0,-5,0.300528462045644,0
LOLTMNT03_337782,LCK,2026-01-17T12:05:01+00:00,10,788.0,-199.0,-28.0,3,0.800750892629437,1
LOLTMNT03_337782,LCK,2026-01-17T12:05:01+00:00,15,2891.0,2467.0,-2.0,5,0.800750892629437,1
LOLTMNT03_337782,LCK,2026-01-17T12:05:01+00:00,20,7762.0,6932.0,55.0,8,0.800750892629437,1
LOLTMNT03_337782,LCK,2026-01-17T12:05:01+00:00,25,11573.0,12861.0,95.0,11,0.800750892629437,1
LOLTMNT06_164200,LEC,2026-01-17T16:08:02+00:00,10,-241.0,124.0,-6.0,0,0.560714505844201,1
LOLTMNT06_164200,LEC,2026-01-17T16:08:02+00:00,15,320.0,813.0,0.0,1,0.560714505844201,1
LOLTMNT06_164200,LEC,2026-01-17T16:08:02+00:00,20,681.0,2411.0,5.0,2,0.560714505844201,1
LOLTMNT06_164200,LEC,2026-01-17T16:08:02+00:00,25,4912.0,6897.0,32.0,5,0.560714505844201,1
LOLTMNT06_163223,LEC,2026-01-17T17:06:08+00:00,10,-443.0,504.0,13.0,-1,0.669738547515809,1
LOLTMNT06_163223,LEC,2026-01-17T17:06:08+00:00,15,-296.0,-459.0,20.0,-2,0.669738547515809,1
LOLTMNT06_163223,LEC,2026-01-17T17:06:08+00:00,20,-2885.0,-4448.0,-11.0,-4,0.669738547515809,1
LOLTMNT06_163223,LEC,2026-01-17T17:06:08+00:00,25,3115.0,1254.0,30.0,1,0.669738547515809,1
LOLTMNT06_164218,LEC,2026-01-17T18:08:00+00:00,10,-1392.0,-700.0,-1.0,-2,0.572866928064471,0
LOLTMNT06_164218,LEC,2026-01-17T18:08:00+00:00,15,-3535.0,-2761.0,-38.0,-3,0.572866928064471,0
LOLTMNT06_164218,LEC,2026-01-17T18:08:00+00:00,20,-6698.0,-6045.0,-69.0,-6,0.572866928064471,0
LOLTMNT06_164218,LEC,2026-01-17T18:08:00+00:00,25,-8005.0,-7457.0,-71.0,-8,0.572866928064471,0
LOLTMNT06_164234,LEC,2026-01-17T19:07:52+00:00,10,-353.0,-1322.0,-10.0,0,0.447281888255662,0
LOLTMNT06_164234,LEC,2026-01-17T19:07:52+00:00,15,-944.0,143.0,6.0,0,0.447281888255662,0
LOLTMNT06_164234,LEC,2026-01-17T19:07:52+00:00,20,-682.0,-376.0,-13.0,1,0.447281888255662,0
LOLTMNT06_164234,LEC,2026-01-17T19:07:52+00:00,25,-1091.0,-2055.0,33.0,-1,0.447281888255662,0
LOLTMNT06_163258,LEC,2026-01-17T20:06:09+00:00,10,-179.0,-423.0,-22.0,-1,0.769626639731131,1
LOLTMNT06_163258,LEC,2026-01-17T20:06:09+00:00,15,727.0,506.0,-11.0,0,0.769626639731131,1
LOLTMNT06_163258,LEC,2026-01-17T20:06:09+00:00,20,2033.0,858.0,-25.0,0,0.769626639731131,1
LOLTMNT06_163258,LEC,2026-01-17T20:06:09+00:00,25,4797.0,4144.0,-3.0,2,0.769626639731131,1
LOLTMNT06_163282,LEC,2026-01-17T21:08:03+00:00,10,445.0,-449.0,-26.0,2,0.721020399699269,0
LOLTMNT06_163282,LEC,2026-01-17T21:08:03+00:00,15,-891.0,-535.0,-33.0,2,0.721020399699269,0
LOLTMNT06_163282,LEC,2026-01-17T21:08:03+00:00,20,-4211.0,-3883.0,-62.0,-1,0.721020399699269,0
LOLTMNT06_163282,LEC,2026-01-17T21:08:03+00:00,25,-8387.0,-10358.0,-102.0,-4,0.721020399699269,0
LOLTMNT03_336834,LCK,2026-01-18T08:05:24+00:00,10,1410.0,1872.0,17.0,2,0.864759102945723,0
LOLTMNT03_336834,LCK,2026-01-18T08:05:24+00:00,15,2655.0,2862.0,37.0,4,0.864759102945723,0
LOLTMNT03_336834,LCK,2026-01-18T08:05:24+00:00,20,2378.0,3031.0,43.0,5,0.864759102945723,0
LOLTMNT03_336834,LCK,2026-01-18T08:05:24+00:00,25,1141.0,481.0,29.0,5,0.864759102945723,0
LOLTMNT03_336842,LCK,2026-01-18T08:58:36+00:00,10,-1562.0,-2086.0,-28.0,-3,0.242641404262592,1
LOLTMNT03_336842,LCK,2026-01-18T08:58:36+00:00,15,1067.0,770.0,-14.0,-1,0.242641404262592,1
LOLTMNT03_336842,LCK,2026-01-18T08:58:36+00:00,20,4276.0,3566.0,16.0,3,0.242641404262592,1
LOLTMNT03_336842,LCK,2026-01-18T08:58:36+00:00,25,4686.0,1702.0,25.0,3,0.242641404262592,1
LOLTMNT03_337890,LCK,2026-01-18T10:20:18+00:00,10,770.0,1445.0,30.0,1,0.914159134329617,1
LOLTMNT03_337890,LCK,2026-01-18T10:20:18+00:00,15,4244.0,2706.0,33.0,7,0.914159134329617,1
LOLTMNT03_337890,LCK,2026-01-18T10:20:18+00:00,20,1363.0,-1133.0,34.0,4,0.914159134329617,1
LOLTMNT03_337890,LCK,2026-01-18T10:20:18+00:00,25,550.0,382.0,40.0,3,0.914159134329617,1
LOLTMNT03_337894,LCK,2026-01-18T11:12:18+00:00,10,-1573.0,-1207.0,-11.0,-3,0.915482320656806,0
LOLTMNT03_337894,LCK,2026-01-18T11:12:18+00:00,15,90.0,457.0,-5.0,-2,0.915482320656806,0
LOLTMNT03_337894,LCK,2026-01-18T11:12:18+00:00,20,-657.0,-209.0,-9.0,-1,0.915482320656806,0
LOLTMNT03_337894,LCK,2026-01-18T11:12:18+00:00,25,-1368.0,-127.0,-10.0,-5,0.915482320656806,0
LOLTMNT03_336867,LCK,2026-01-18T12:05:41+00:00,10,-382.0,295.0,-4.0,-1,0.16783691900213,0
LOLTMNT03_336867,LCK,2026-01-18T12:05:41+00:00,15,-536.0,-571.0,-12.0,-2,0.16783691900213,0
LOLTMNT03_336867,LCK,2026-01-18T12:05:41+00:00,20,-2458.0,-1127.0,-25.0,-4,0.16783691900213,0
LOLTMNT03_336867,LCK,2026-01-18T12:05:41+00:00,25,-5534.0,-6134.0,-23.0,-8,0.16783691900213,0
LOLTMNT06_163319,LEC,2026-01-18T17:13:41+00:00,10,-1264.0,-1551.0,-26.0,-2,0.645813441759401,0
LOLTMNT06_163319,LEC,2026-01-18T17:13:41+00:00,15,-2834.0,-4345.0,-44.0,-5,0.645813441759401,0
LOLTMNT06_163319,LEC,2026-01-18T17:13:41+00:00,20,-3351.0,-2413.0,-52.0,-5,0.645813441759401,0
LOLTMNT06_163319,LEC,2026-01-18T17:13:41+00:00,25,-592.0,1060.0,-56.0,-2,0.645813441759401,0
LOLTMNT06_164300,LEC,2026-01-18T18:16:21+00:00,10,-338.0,-1266.0,-24.0,0,0.695766383417184,0
LOLTMNT06_164300,LEC,2026-01-18T18:16:21+00:00,15,-707.0,-1104.0,-7.0,0,0.695766383417184,0
LOLTMNT06_164300,LEC,2026-01-18T18:16:21+00:00,20,-3447.0,-4337.0,-19.0,-5,0.695766383417184,0
LOLTMNT06_164300,LEC,2026-01-18T18:16:21+00:00,25,-5212.0,-7173.0,-21.0,-7,0.695766383417184,0
LOLTMNT06_163332,LEC,2026-01-18T19:11:12+00:00,10,-587.0,-821.0,-25.0,0,0.753320707369898,0
LOLTMNT06_163332,LEC,2026-01-18T19:11:12+00:00,15,-4659.0,-4944.0,-69.0,-4,0.753320707369898,0
LOLTMNT06_163332,LEC,2026-01-18T19:11:12+00:00,20,-6081.0,-4621.0,-62.0,-5,0.753320707369898,0
LOLTMNT06_163332,LEC,2026-01-18T19:11:12+00:00,25,-10733.0,-11607.0,-85.0,-13,0.753320707369898,0
LOLTMNT06_164317,LEC,2026-01-18T20:04:44+00:00,10,-665.0,-363.0,-2.0,0,0.787050127207857,0
LOLTMNT06_164317,LEC,2026-01-18T20:04:44+00:00,15,-1287.0,-1067.0,-1.0,-1,0.787050127207857,0
LOLTMNT06_164317,LEC,2026-01-18T20:04:44+00:00,20,-854.0,-358.0,-3.0,-1,0.787050127207857,0
LOLTMNT06_164317,LEC,2026-01-18T20:04:44+00:00,25,-320.0,83.0,-38.0,0,0.787050127207857,0
LOLTMNT06_164335,LEC,2026-01-18T21:10:16+00:00,10,1038.0,354.0,11.0,1,0.5957654429443,0
LOLTMNT06_164335,LEC,2026-01-18T21:10:16+00:00,15,1017.0,1530.0,20.0,1,0.5957654429443,0
LOLTMNT06_164335,LEC,2026-01-18T21:10:16+00:00,20,-2113.0,-1828.0,-5.0,-3,0.5957654429443,0
LOLTMNT06_164335,LEC,2026-01-18T21:10:16+00:00,25,-1296.0,-3298.0,-27.0,-2,0.5957654429443,0
LOLTMNT06_163405,LEC,2026-01-19T16:09:18+00:00,10,1229.0,965.0,25.0,1,0.516734038899427,0
LOLTMNT06_163405,LEC,2026-01-19T16:09:18+00:00,15,933.0,995.0,26.0,0,0.516734038899427,0
LOLTMNT06_163405,LEC,2026-01-19T16:09:18+00:00,20,4391.0,3122.0,44.0,2,0.516734038899427,0
LOLTMNT06_163405,LEC,2026-01-19T16:09:18+00:00,25,7489.0,5738.0,51.0,3,0.516734038899427,0
LOLTMNT06_163424,LEC,2026-01-19T18:14:25+00:00,10,227.0,338.0,-2.0,1,0.443399326336171,1
LOLTMNT06_163424,LEC,2026-01-19T18:14:25+00:00,15,550.0,1100.0,17.0,0,0.443399326336171,1
LOLTMNT06_163424,LEC,2026-01-19T18:14:25+00:00,20,2155.0,1523.0,9.0,1,0.443399326336171,1
LOLTMNT06_163424,LEC,2026-01-19T18:14:25+00:00,25,2520.0,2255.0,38.0,2,0.443399326336171,1
LOLTMNT06_164458,LEC,2026-01-19T19:30:22+00:00,10,1234.0,-268.0,-17.0,3,0.370724768772005,1
LOLTMNT06_164458,LEC,2026-01-19T19:30:22+00:00,15,2923.0,2068.0,1.0,6,0.370724768772005,1
LOLTMNT06_164458,LEC,2026-01-19T19:30:22+00:00,20,5741.0,3909.0,-3.0,10,0.370724768772005,1
LOLTMNT06_164458,LEC,2026-01-19T19:30:22+00:00,25,7050.0,10879.0,-29.0,13,0.370724768772005,1
LOLTMNT06_164476,LEC,2026-01-19T20:23:44+00:00,10,-1230.0,339.0,25.0,-3,0.508243846691889,0
LOLTMNT06_164476,LEC,2026-01-19T20:23:44+00:00,15,-2628.0,-1413.0,-2.0,-4,0.508243846691889,0
LOLTMNT06_164476,LEC,2026-01-19T20:23:44+00:00,20,-215.0,1540.0,9.0,-1,0.508243846691889,0
LOLTMNT06_164476,LEC,2026-01-19T20:23:44+00:00,25,1028.0,2308.0,22.0,0,0.508243846691889,0
LOLTMNT06_164483,LEC,2026-01-19T21:46:20+00:00,10,3456.0,2776.0,52.0,4,0.846947175665517,1
LOLTMNT06_164483,LEC,2026-01-19T21:46:20+00:00,15,6715.0,4706.0,84.0,9,0.846947175665517,1
LOLTMNT06_164483,LEC,2026-01-19T21:46:20+00:00,20,9238.0,6839.0,124.0,11,0.846947175665517,1
LOLTMNT06_164483,LEC,2026-01-19T21:46:20+00:00,25,15795.0,14871.0,173.0,15,0.846947175665517,1
LOLTMNT03_338494,LCK,2026-01-21T08:05:24+00:00,10,-241.0,260.0,3.0,0,0.72166094525526,1
LOLTMNT03_338494,LCK,2026-01-21T08:05:24+00:00,15,-843.0,-397.0,-9.0,0,0.72166094525526,1
LOLTMNT03_338494,LCK,2026-01-21T08:05:24+00:00,20,-3196.0,1541.0,8.0,-2,0.72166094525526,1
LOLTMNT03_338494,LCK,2026-01-21T08:05:24+00:00,25,-2963.0,1058.0,-13.0,-1,0.72166094525526,1
LOLTMNT03_339373,LCK,2026-01-21T09:07:05+00:00,10,222.0,-474.0,15.0,-1,0.740094392403385,0
LOLTMNT03_339373,LCK,2026-01-21T09:07:05+00:00,15,-1702.0,-1556.0,1.0,-3,0.740094392403385,0
LOLTMNT03_339373,LCK,2026-01-21T09:07:05+00:00,20,-2506.0,-3284.0,-25.0,-3,0.740094392403385,0
LOLTMNT03_338498,LCK,2026-01-21T09:52:46+00:00,10,84.0,925.0,-16.0,2,0.715365471923723,1
LOLTMNT03_338498,LCK,2026-01-21T09:52:46+00:00,15,2017.0,1499.0,-32.0,5,0.715365471923723,1
LOLTMNT03_338498,LCK,2026-01-21T09:52:46+00:00,20,5113.0,4103.0,-29.0,10,0.715365471923723,1
LOLTMNT03_338498,LCK,2026-01-21T09:52:46+00:00,25,10701.0,14825.0,6.0,17,0.715365471923723,1
LOLTMNT03_338517,LCK,2026-01-21T11:14:52+00:00,10,-1471.0,-967.0,-10.0,-2,0.640712954194333,0
LOLTMNT03_338517,LCK,2026-01-21T11:14:52+00:00,15,-1996.0,-2221.0,-2.0,-3,0.640712954194333,0
LOLTMNT03_338517,LCK,2026-01-21T11:14:52+00:00,20,-3191.0,-2423.0,-16.0,-3,0.640712954194333,0
LOLTMNT03_338517,LCK,2026-01-21T11:14:52+00:00,25,-4634.0,-3128.0,-19.0,-4,0.640712954194333,0
LOLTMNT03_338532,LCK,2026-01-21T12:06:46+00:00,10,264.0,726.0,-9.0,0,0.531345242532778,0
LOLTMNT03_338532,LCK,2026-01-21T12:06:46+00:00,15,-1470.0,-1002.0,-4.0,-4,0.531345242532778,0
LOLTMNT03_338532,LCK,2026-01-21T12:06:46+00:00,20,-1599.0,-1870.0,-27.0,-4,0.531345242532778,0
LOLTMNT03_338532,LCK,2026-01-21T12:06:46+00:00,25,-3654.0,-6522.0,-65.0,-6,0.531345242532778,0
LOLTMNT03_338544,LCK,2026-01-21T13:00:21+00:00,10,222.0,1492.0,43.0,-3,0.635891568542704,1
LOLTMNT03_338544,LCK,2026-01-21T13:00:21+00:00,15,760.0,532.0,67.0,-4,0.635891568542704,1
LOLTMNT03_338544,LCK,2026-01-21T13:00:21+00:00,20,645.0,1256.0,93.0,-6,0.635891568542704,1
LOLTMNT03_338544,LCK,2026-01-21T13:00:21+00:00,25,8675.0,6811.0,83.0,0,0.635891568542704,1
LOLTMNT03_339583,LCK,2026-01-22T08:05:25+00:00,10,697.0,319.0,23.0,0,0.900410812888168,1
LOLTMNT03_339583,LCK,2026-01-22T08:05:25+00:00,15,2088.0,1231.0,49.0,0,0.900410812888168,1
LOLTMNT03_339583,LCK,2026-01-22T08:05:25+00:00,20,4622.0,3393.0,97.0,-1,0.900410812888168,1
LOLTMNT03_339583,LCK,2026-01-22T08:05:25+00:00,25,5960.0,4545.0,129.0,0,0.900410812888168,1
LOLTMNT03_339592,LCK,2026-01-22T09:06:13+00:00,10,-735.0,-840.0,-17.0,0,0.904121784368281,0
LOLTMNT03_339592,LCK,2026-01-22T09:06:13+00:00,15,-2865.0,-2415.0,-24.0,-3,0.904121784368281,0
LOLTMNT03_339592,LCK,2026-01-22T09:06:13+00:00,20,-2818.0,-3035.0,-37.0,-4,0.904121784368281,0
LOLTMNT03_339592,LCK,2026-01-22T09:06:13+00:00,25,-894.0,-567.0,-36.0,-2,0.904121784368281,0
LOLTMNT03_339605,LCK,2026-01-22T10:02:22+00:00,10,-744.0,-507.0,-28.0,0,0.183939619889009,0
LOLTMNT03_339605,LCK,2026-01-22T10:02:22+00:00,15,-1487.0,-1098.0,-31.0,0,0.183939619889009,0
LOLTMNT03_339605,LCK,2026-01-22T10:02:22+00:00,20,-5842.0,-3468.0,-51.0,-5,0.183939619889009,0
LOLTMNT03_339605,LCK,2026-01-22T10:02:22+00:00,25,-5382.0,-1294.0,-66.0,-4,0.183939619889009,0
LOLTMNT03_339627,LCK,2026-01-22T11:14:53+00:00,10,-5.0,-355.0,4.0,-1,0.854568324699363,1
LOLTMNT03_339627,LCK,2026-01-22T11:14:53+00:00,15,-2117.0,-3150.0,-19.0,-4,0.854568324699363,1
LOLTMNT03_339627,LCK,2026-01-22T11:14:53+00:00,20,-595.0,-1827.0,0.0,-3,0.854568324699363,1
LOLTMNT03_339627,LCK,2026-01-22T11:14:53+00:00,25,-450.0,966.0,0.0,-5,0.854568324699363,1
LOLTMNT03_340003,LCK,2026-01-22T12:11:59+00:00,10,-894.0,-554.0,3.0,-1,0.862650261582801,1
LOLTMNT03_340003,LCK,2026-01-22T12:11:59+00:00,15,-1148.0,-1171.0,-13.0,0,0.862650261582801,1
LOLTMNT03_340003,LCK,2026-01-22T12:11:59+00:00,20,-1486.0,-799.0,-14.0,2,0.862650261582801,1
LOLTMNT03_340003,LCK,2026-01-22T12:11:59+00:00,25,1968.0,7549.0,37.0,7,0.862650261582801,1
LOLTMNT03_341143,LCK,2026-01-23T08:04:55+00:00,10,415.0,329.0,-12.0,1,0.75442609641232,1
LOLTMNT03_341143,LCK,2026-01-23T08:04:55+00:00,15,1942.0,2127.0,21.0,2,0.75442609641232,1
LOLTMNT03_341143,LCK,2026-01-23T08:04:55+00:00,20,3039.0,1202.0,10.0,3,0.75442609641232,1
LOLTMNT03_341143,LCK,2026-01-23T08:04:55+00:00,25,3833.0,3307.0,52.0,2,0.75442609641232,1
LOLTMNT03_341150,LCK,2026-01-23T09:00:11+00:00,10,-717.0,-264.0,27.0,-2,0.78147372355984,1
LOLTMNT03_341150,LCK,2026-01-23T09:00:11+00:00,15,-317.0,153.0,50.0,-4,0.78147372355984,1
LOLTMNT03_341150,LCK,2026-01-23T09:00:11+00:00,20,-3751.0,-2324.0,36.0,-9,0.78147372355984,1
LOLTMNT03_341150,LCK,2026-01-23T09:00:11+00:00,25,-8410.0,-9002.0,-12.0,-14,0.78147372355984,1
LOLTMNT03_340138,LCK,2026-01-23T10:33:19+00:00,10,-837.0,135.0,0.0,-1,0.417183708077733,1
LOLTMNT03_340138,LCK,2026-01-23T10:33:19+00:00,15,-4528.0,-3179.0,-28.0,-6,0.417183708077733,1
LOLTMNT03_340138,LCK,2026-01-23T10:33:19+00:00,20,-3373.0,-1611.0,-34.0,-3,0.417183708077733,1
LOLTMNT03_340138,LCK,2026-01-23T10:33:19+00:00,25,-139.0,4716.0,-44.0,0,0.417183708077733,1
LOLTMNT03_340145,LCK,2026-01-23T11:24:18+00:00,10,-460.0,-113.0,-11.0,0,0.449002135488295,0
LOLTMNT03_340145,LCK,2026-01-23T11:24:18+00:00,15,567.0,64.0,-23.0,2,0.449002135488295,0
LOLTMNT03_340145,LCK,2026-01-23T11:24:18+00:00,20,-866.0,-1650.0,-38.0,0,0.449002135488295,0
LOLTMNT03_340145,LCK,2026-01-23T11:24:18+00:00,25,1200.0,826.0,-32.0,2,0.449002135488295,0
LOLTMNT03_341173,LCK,2026-01-23T12:21:14+00:00,10,261.0,-167.0,20.0,0,0.70315772694271,0
LOLTMNT03_341173,LCK,2026-01-23T12:21:14+00:00,15,-1091.0,-2033.0,14.0,-3,0.70315772694271,0
LOLTMNT03_341173,LCK,2026-01-23T12:21:14+00:00,20,-2642.0,-3727.0,-14.0,-5,0.70315772694271,0
LOLTMNT03_341173,LCK,2026-01-23T12:21:14+00:00,25,-4151.0,-7102.0,-10.0,-7,0.70315772694271,0
LOLTMNT03_341253,LCK,2026-01-24T08:04:56+00:00,10,761.0,293.0,10.0,1,0.272830169917875,0
LOLTMNT03_341253,LCK,2026-01-24T08:04:56+00:00,15,722.0,935.0,26.0,2,0.272830169917875,0
LOLTMNT03_341253,LCK,2026-01-24T08:04:56+00:00,20,-2361.0,-2433.0,-13.0,-1,0.272830169917875,0
LOLTMNT03_341253,LCK,2026-01-24T08:04:56+00:00,25,-3503.0,-5661.0,2.0,-3,0.272830169917875,0
LOLTMNT03_340232,LCK,2026-01-24T09:04:12+00:00,10,-309.0,64.0,-1.0,0,0.265039886226564,1
LOLTMNT03_340232,LCK,2026-01-24T09:04:12+00:00,15,903.0,1483.0,22.0,1,0.265039886226564,1
LOLTMNT03_340232,LCK,2026-01-24T09:04:12+00:00,20,2402.0,2873.0,36.0,2,0.265039886226564,1
LOLTMNT03_340232,LCK,2026-01-24T09:04:12+00:00,25,598.0,2581.0,24.0,0,0.265039886226564,1
LOLTMNT03_341276,LCK,2026-01-24T10:06:14+00:00,10,-546.0,-370.0,-6.0,0,0.297147492624157,0
LOLTMNT03_341276,LCK,2026-01-24T10:06:14+00:00,15,-2798.0,-1720.0,-1.0,-2,0.297147492624157,0
LOLTMNT03_341276,LCK,2026-01-24T10:06:14+00:00,20,-4647.0,-1207.0,-9.0,-3,0.297147492624157,0
LOLTMNT03_341276,LCK,2026-01-24T10:06:14+00:00,25,-5250.0,-2193.0,-9.0,-3,0.297147492624157,0
LOLTMNT03_341342,LCK,2026-01-24T11:24:48+00:00,10,140.0,-436.0,4.0,0,0.271288867778548,0
LOLTMNT03_341342,LCK,2026-01-24T11:24:48+00:00,15,-329.0,-33.0,27.0,-1,0.271288867778548,0
LOLTMNT03_341342,LCK,2026-01-24T11:24:48+00:00,20,-2316.0,-2595.0,5.0,-3,0.271288867778548,0
LOLTMNT03_341342,LCK,2026-01-24T11:24:48+00:00,25,-4708.0,-4123.0,-8.0,-5,0.271288867778548,0
LOLTMNT03_341348,LCK,2026-01-24T12:21:19+00:00,10,2107.0,1050.0,14.0,4,0.834250226433501,1
LOLTMNT03_341348,LCK,2026-01-24T12:21:19+00:00,15,1462.0,616.0,23.0,2,0.834250226433501,1
LOLTMNT03_341348,LCK,2026-01-24T12:21:19+00:00,20,4343.0,2842.0,41.0,4,0.834250226433501,1
LOLTMNT03_341348,LCK,2026-01-24T12:21:19+00:00,25,7257.0,4260.0,54.0,7,0.834250226433501,1
LOLTMNT04_149111,LEC,2026-01-24T15:51:32+00:00,10,749.0,734.0,24.0,0,0.575270989514091,1
LOLTMNT04_149111,LEC,2026-01-24T15:51:32+00:00,15,3118.0,2375.0,47.0,1,0.575270989514091,1
LOLTMNT04_149111,LEC,2026-01-24T15:51:32+00:00,20,4801.0,2703.0,32.0,4,0.575270989514091,1
LOLTMNT04_149111,LEC,2026-01-24T15:51:32+00:00,25,13500.0,12307.0,92.0,9,0.575270989514091,1
LOLTMNT04_149122,LEC,2026-01-24T16:36:30+00:00,10,-1467.0,-164.0,3.0,-3,0.684335956016395,1
LOLTMNT04_149122,LEC,2026-01-24T16:36:30+00:00,15,621.0,1169.0,2.0,0,0.684335956016395,1
LOLTMNT04_149122,LEC,2026-01-24T16:36:30+00:00,20,759.0,1103.0,58.0,-4,0.684335956016395,1
LOLTMNT04_149122,LEC,2026-01-24T16:36:30+00:00,25,1067.0,1007.0,48.0,-4,0.684335956016395,1
LOLTMNT04_149143,LEC,2026-01-24T18:28:43+00:00,10,2287.0,1031.0,26.0,2,0.788535972477789,1
LOLTMNT04_149143,LEC,2026-01-24T18:28:43+00:00,15,5998.0,4958.0,78.0,8,0.788535972477789,1
LOLTMNT04_149143,LEC,2026-01-24T18:28:43+00:00,20,7378.0,5986.0,108.0,9,0.788535972477789,1
LOLTMNT04_149143,LEC,2026-01-24T18:28:43+00:00,25,10205.0,9315.0,165.0,12,0.788535972477789,1
LOLTMNT04_150134,LEC,2026-01-24T19:21:26+00:00,10,-692.0,-389.0,7.0,-3,0.339692515841229,0
LOLTMNT04_150134,LEC,2026-01-24T19:21:26+00:00,15,-2246.0,-2872.0,-13.0,-5,0.339692515841229,0
LOLTMNT04_150134,LEC,2026-01-24T19:21:26+00:00,20,-3925.0,-3374.0,-9.0,-8,0.339692515841229,0
LOLTMNT04_150134,LEC,2026-01-24T19:21:26+00:00,25,-3826.0,-2988.0,-9.0,-9,0.339692515841229,0
LOLTMNT04_149159,LEC,2026-01-24T20:19:05+00:00,10,184.0,-551.0,-17.0,1,0.51524196688744,0
LOLTMNT04_149159,LEC,2026-01-24T20:19:05+00:00,15,-1438.0,-2852.0,-15.0,-2,0.51524196688744,0
LOLTMNT04_149159,LEC,2026-01-24T20:19:05+00:00,20,-2410.0,-3700.0,-34.0,-2,0.51524196688744,0
LOLTMNT04_149159,LEC,2026-01-24T20:19:05+00:00,25,-2534.0,-3315.0,-28.0,-3,0.51524196688744,0
LOLTMNT01_325708,LCS,2026-01-24T21:24:34+00:00,10,884.0,336.0,-20.0,2,0.4263752117022124,0
LOLTMNT01_325708,LCS,2026-01-24T21:24:34+00:00,15,156.0,-153.0,-19.0,1,0.4263752117022124,0
LOLTMNT01_325708,LCS,2026-01-24T21:24:34+00:00,20,690.0,-1644.0,-26.0,0,0.4263752117022124,0
LOLTMNT01_325708,LCS,2026-01-24T21:24:34+00:00,25,1731.0,-997.0,-41.0,2,0.4263752117022124,0
LOLTMNT01_325721,LCS,2026-01-24T22:19:00+00:00,10,2703.0,1571.0,53.0,3,0.5736247882977876,1
LOLTMNT01_325721,LCS,2026-01-24T22:19:00+00:00,15,2194.0,1234.0,69.0,2,0.5736247882977876,1
LOLTMNT01_325721,LCS,2026-01-24T22:19:00+00:00,20,4010.0,1617.0,52.0,4,0.5736247882977876,1
LOLTMNT01_325721,LCS,2026-01-24T22:19:00+00:00,25,7549.0,6811.0,47.0,9,0.5736247882977876,1
LOLTMNT01_325749,LCS,2026-01-24T23:14:34+00:00,10,-852.0,-1298.0,-14.0,-1,0.4548317991409684,0
LOLTMNT01_325749,LCS,2026-01-24T23:14:34+00:00,15,489.0,-1646.0,-21.0,0,0.4548317991409684,0
LOLTMNT01_325749,LCS,2026-01-24T23:14:34+00:00,20,-1647.0,-4994.0,-52.0,-1,0.4548317991409684,0
LOLTMNT01_325749,LCS,2026-01-24T23:14:34+00:00,25,1027.0,-1229.0,-43.0,1,0.4548317991409684,0
LOLTMNT01_325761,LCS,2026-01-25T00:22:15+00:00,10,9.0,344.0,51.0,-2,0.5451682008590316,0
LOLTMNT01_325761,LCS,2026-01-25T00:22:15+00:00,15,103.0,467.0,53.0,-2,0.5451682008590316,0
LOLTMNT01_325761,LCS,2026-01-25T00:22:15+00:00,20,-1276.0,-2154.0,43.0,-5,0.5451682008590316,0
LOLTMNT01_325761,LCS,2026-01-25T00:22:15+00:00,25,-1482.0,-1081.0,25.0,-6,0.5451682008590316,0
LOLTMNT01_324691,LCS,2026-01-25T01:17:06+00:00,10,1238.0,168.0,24.0,1,0.4548317991409684,1
LOLTMNT01_324691,LCS,2026-01-25T01:17:06+00:00,15,610.0,289.0,34.0,-1,0.4548317991409684,1
LOLTMNT01_324691,LCS,2026-01-25T01:17:06+00:00,20,2588.0,2227.0,57.0,0,0.4548317991409684,1
LOLTMNT01_324691,LCS,2026-01-25T01:17:06+00:00,25,4219.0,2565.0,80.0,1,0.4548317991409684,1
LOLTMNT03_341399,LCK,2026-01-25T08:05:39+00:00,10,-975.0,-905.0,-25.0,-1,0.298809419764228,0
LOLTMNT03_341399,LCK,2026-01-25T08:05:39+00:00,15,-1143.0,117.0,-16.0,-2,0.298809419764228,0
LOLTMNT03_341399,LCK,2026-01-25T08:05:39+00:00,20,-34.0,386.0,-25.0,0,0.298809419764228,0
LOLTMNT03_341399,LCK,2026-01-25T08:05:39+00:00,25,-346.0,387.0,-34.0,1,0.298809419764228,0
LOLTMNT03_340339,LCK,2026-01-25T09:06:56+00:00,10,-986.0,-1497.0,31.0,-3,0.816772392490354,0
LOLTMNT03_340339,LCK,2026-01-25T09:06:56+00:00,15,-1508.0,-2148.0,20.0,-5,0.816772392490354,0
LOLTMNT03_340339,LCK,2026-01-25T09:06:56+00:00,20,-2079.0,-2436.0,34.0,-6,0.816772392490354,0
LOLTMNT03_340339,LCK,2026-01-25T09:06:56+00:00,25,-620.0,484.0,74.0,-6,0.816772392490354,0
LOLTMNT03_340341,LCK,2026-01-25T10:12:05+00:00,10,364.0,86.0,20.0,-1,0.318529374808593,0
LOLTMNT03_340341,LCK,2026-01-25T10:12:05+00:00,15,894.0,1646.0,31.0,0,0.318529374808593,0
LOLTMNT03_340341,LCK,2026-01-25T10:12:05+00:00,20,-2532.0,-3447.0,-13.0,-3,0.318529374808593,0
LOLTMNT03_340341,LCK,2026-01-25T10:12:05+00:00,25,-1382.0,-2730.0,-11.0,-3,0.318529374808593,0
LOLTMNT03_341439,LCK,2026-01-25T11:28:02+00:00,10,-538.0,-99.0,5.0,-1,0.317270731902559,1
LOLTMNT03_341439,LCK,2026-01-25T11:28:02+00:00,15,-688.0,-68.0,-26.0,0,0.317270731902559,1
LOLTMNT03_341439,LCK,2026-01-25T11:28:02+00:00,20,214.0,567.0,-32.0,1,0.317270731902559,1
LOLTMNT03_341439,LCK,2026-01-25T11:28:02+00:00,25,-340.0,-1674.0,-28.0,2,0.317270731902559,1
LOLTMNT03_341446,LCK,2026-01-25T12:29:52+00:00,10,994.0,321.0,6.0,1,0.325551548588312,0
LOLTMNT03_341446,LCK,2026-01-25T12:29:52+00:00,15,3026.0,2809.0,25.0,6,0.325551548588312,0
LOLTMNT03_341446,LCK,2026-01-25T12:29:52+00:00,20,3630.0,4617.0,50.0,5,0.325551548588312,0
LOLTMNT03_341446,LCK,2026-01-25T12:29:52+00:00,25,4359.0,7473.0,73.0,5,0.325551548588312,0
LOLTMNT03_341450,LCK,2026-01-25T13:39:08+00:00,10,-380.0,-455.0,13.0,-1,0.797277374920008,1
LOLTMNT03_341450,LCK,2026-01-25T13:39:08+00:00,15,1301.0,1509.0,20.0,3,0.797277374920008,1
LOLTMNT03_341450,LCK,2026-01-25T13:39:08+00:00,20,612.0,1289.0,36.0,3,0.797277374920008,1
LOLTMNT03_341450,LCK,2026-01-25T13:39:08+00:00,25,2741.0,2374.0,46.0,4,0.797277374920008,1
LOLTMNT04_150214,LEC,2026-01-25T16:45:10+00:00,10,-89.0,-558.0,-22.0,1,0.477107652702806,0
LOLTMNT04_150214,LEC,2026-01-25T16:45:10+00:00,15,-1055.0,-26.0,-18.0,1,0.477107652702806,0
LOLTMNT04_150214,LEC,2026-01-25T16:45:10+00:00,20,-5517.0,-4500.0,-51.0,-4,0.477107652702806,0
LOLTMNT04_150214,LEC,2026-01-25T16:45:10+00:00,25,-6171.0,-7659.0,-63.0,-6,0.477107652702806,0
LOLTMNT04_149225,LEC,2026-01-25T17:41:52+00:00,10,1789.0,1002.0,27.0,2,0.534111010156141,0
LOLTMNT04_149225,LEC,2026-01-25T17:41:52+00:00,15,2965.0,2353.0,64.0,2,0.534111010156141,0
LOLTMNT04_149225,LEC,2026-01-25T17:41:52+00:00,20,2001.0,1673.0,56.0,0,0.534111010156141,0
LOLTMNT04_149225,LEC,2026-01-25T17:41:52+00:00,25,-194.0,-4534.0,26.0,-1,0.534111010156141,0
LOLTMNT04_150239,LEC,2026-01-25T18:34:50+00:00,10,-1264.0,-950.0,-20.0,-2,0.319519712946161,0
LOLTMNT04_150239,LEC,2026-01-25T18:34:50+00:00,15,-4081.0,-3402.0,-58.0,-3,0.319519712946161,0
LOLTMNT04_150239,LEC,2026-01-25T18:34:50+00:00,20,-10730.0,-8905.0,-105.0,-10,0.319519712946161,0
LOLTMNT04_150239,LEC,2026-01-25T18:34:50+00:00,25,-16836.0,-13074.0,-136.0,-16,0.319519712946161,0
LOLTMNT04_149245,LEC,2026-01-25T19:22:26+00:00,10,670.0,1051.0,11.0,2,0.664093532707178,1
LOLTMNT04_149245,LEC,2026-01-25T19:22:26+00:00,15,-170.0,973.0,29.0,1,0.664093532707178,1
LOLTMNT04_149245,LEC,2026-01-25T19:22:26+00:00,20,2236.0,930.0,54.0,1,0.664093532707178,1
LOLTMNT04_149245,LEC,2026-01-25T19:22:26+00:00,25,4186.0,1867.0,47.0,4,0.664093532707178,1
LOLTMNT04_149251,LEC,2026-01-25T20:13:39+00:00,10,-900.0,-1682.0,-13.0,-1,0.66574600146407,0
LOLTMNT04_149251,LEC,2026-01-25T20:13:39+00:00,15,-974.0,-1849.0,2.0,-2,0.66574600146407,0
LOLTMNT04_149251,LEC,2026-01-25T20:13:39+00:00,20,-2650.0,-3097.0,21.0,-4,0.66574600146407,0
LOLTMNT04_149251,LEC,2026-01-25T20:13:39+00:00,25,-5731.0,-6565.0,14.0,-7,0.66574600146407,0
LOLTMNT01_324980,LCS,2026-01-25T23:15:54+00:00,10,1096.0,1324.0,32.0,0,0.766271798911063,1
LOLTMNT01_324980,LCS,2026-01-25T23:15:54+00:00,15,3634.0,3735.0,47.0,2,0.766271798911063,1
LOLTMNT01_324980,LCS,2026-01-25T23:15:54+00:00,20,8802.0,6750.0,55.0,7,0.766271798911063,1
LOLTMNT01_324980,LCS,2026-01-25T23:15:54+00:00,25,9617.0,7243.0,87.0,7,0.766271798911063,1
LOLTMNT01_324984,LCS,2026-01-26T00:04:23+00:00,10,514.0,744.0,11.0,0,0.766271798911063,1
LOLTMNT01_324984,LCS,2026-01-26T00:04:23+00:00,15,2438.0,1458.0,25.0,1,0.766271798911063,1
LOLTMNT01_324984,LCS,2026-01-26T00:04:23+00:00,20,-810.0,-1156.0,8.0,-3,0.766271798911063,1
LOLTMNT01_324984,LCS,2026-01-26T00:04:23+00:00,25,-1102.0,-2051.0,-27.0,-2,0.766271798911063,1
LOLTMNT04_150288,LEC,2026-01-26T15:56:02+00:00,10,3827.0,3076.0,65.0,5,0.618360113491987,1
LOLTMNT04_150288,LEC,2026-01-26T15:56:02+00:00,15,8808.0,7566.0,104.0,10,0.618360113491987,1
LOLTMNT04_150288,LEC,2026-01-26T15:56:02+00:00,20,8275.0,5728.0,100.0,8,0.618360113491987,1
LOLTMNT04_150288,LEC,2026-01-26T15:56:02+00:00,25,16125.0,15710.0,116.0,19,0.618360113491987,1
LOLTMNT04_149293,LEC,2026-01-26T16:40:33+00:00,10,1776.0,1915.0,38.0,1,0.46017843190244,0
LOLTMNT04_149293,LEC,2026-01-26T16:40:33+00:00,15,2432.0,2153.0,59.0,0,0.46017843190244,0
LOLTMNT04_149293,LEC,2026-01-26T16:40:33+00:00,20,4619.0,3103.0,53.0,2,0.46017843190244,0
LOLTMNT04_149293,LEC,2026-01-26T16:40:33+00:00,25,6993.0,3097.0,49.0,5,0.46017843190244,0
LOLTMNT04_149305,LEC,2026-01-26T17:39:01+00:00,10,1037.0,477.0,6.0,1,0.427284359236818,0
LOLTMNT04_149305,LEC,2026-01-26T17:39:01+00:00,15,207.0,-1166.0,-6.0,0,0.427284359236818,0
LOLTMNT04_149305,LEC,2026-01-26T17:39:01+00:00,20,-3071.0,-4987.0,-17.0,-7,0.427284359236818,0
LOLTMNT04_149305,LEC,2026-01-26T17:39:01+00:00,25,-6474.0,-9085.0,-25.0,-10,0.427284359236818,0
LOLTMNT04_149323,LEC,2026-01-26T18:30:36+00:00,10,242.0,530.0,12.0,-1,0.831125150103532,1
LOLTMNT04_149323,LEC,2026-01-26T18:30:36+00:00,15,1348.0,1034.0,41.0,-2,0.831125150103532,1
LOLTMNT04_149323,LEC,2026-01-26T18:30:36+00:00,20,3291.0,2635.0,28.0,0,0.831125150103532,1
LOLTMNT04_149323,LEC,2026-01-26T18:30:36+00:00,25,8479.0,7994.0,77.0,6,0.831125150103532,1
LOLTMNT04_150332,LEC,2026-01-26T19:21:50+00:00,10,-7.0,125.0,-14.0,0,0.343989429177964,0
LOLTMNT04_150332,LEC,2026-01-26T19:21:50+00:00,15,219.0,1423.0,-9.0,1,0.343989429177964,0
LOLTMNT04_150332,LEC,2026-01-26T19:21:50+00:00,20,-5108.0,-5616.0,-58.0,-6,0.343989429177964,0
LOLTMNT04_150332,LEC,2026-01-26T19:21:50+00:00,25,-7604.0,-8049.0,-74.0,-6,0.343989429177964,0
LOLTMNT04_150342,LEC,2026-01-26T20:10:44+00:00,10,-1346.0,17.0,13.0,-2,0.690491873964054,0
LOLTMNT04_150342,LEC,2026-01-26T20:10:44+00:00,15,-4379.0,-2522.0,-22.0,-3,0.690491873964054,0
LOLTMNT04_150342,LEC,2026-01-26T20:10:44+00:00,20,-4326.0,-970.0,13.0,-3,0.690491873964054,0
LOLTMNT04_150342,LEC,2026-01-26T20:10:44+00:00,25,-2950.0,475.0,11.0,-2,0.690491873964054,0
LOLTMNT01_326821,LCK,2026-01-28T08:04:54+00:00,10,872.0,973.0,1.0,2,0.637984862452098,1
LOLTMNT01_326821,LCK,2026-01-28T08:04:54+00:00,15,1569.0,2562.0,-8.0,4,0.637984862452098,1
LOLTMNT01_326821,LCK,2026-01-28T08:04:54+00:00,20,1798.0,2789.0,-20.0,5,0.637984862452098,1
LOLTMNT01_326821,LCK,2026-01-28T08:04:54+00:00,25,2204.0,4118.0,-39.0,6,0.637984862452098,1
LOLTMNT01_326837,LCK,2026-01-28T09:03:47+00:00,10,-1086.0,-369.0,8.0,-2,0.658120640823565,0
LOLTMNT01_326837,LCK,2026-01-28T09:03:47+00:00,15,-1111.0,-473.0,8.0,-2,0.658120640823565,0
LOLTMNT01_326837,LCK,2026-01-28T09:03:47+00:00,20,-2723.0,-805.0,8.0,-5,0.658120640823565,0
LOLTMNT01_326837,LCK,2026-01-28T09:03:47+00:00,25,-4547.0,-5584.0,37.0,-10,0.658120640823565,0
LOLTMNT01_327784,LCK,2026-01-28T09:59:21+00:00,10,754.0,-640.0,30.0,-1,0.507501262863979,1
LOLTMNT01_327784,LCK,2026-01-28T09:59:21+00:00,15,3133.0,1988.0,59.0,3,0.507501262863979,1
LOLTMNT01_327784,LCK,2026-01-28T09:59:21+00:00,20,6224.0,471.0,52.0,6,0.507501262863979,1
LOLTMNT01_327784,LCK,2026-01-28T09:59:21+00:00,25,3887.0,223.0,66.0,4,0.507501262863979,1
LOLTMNT01_327799,LCK,2026-01-28T10:54:21+00:00,10,854.0,424.0,29.0,0,0.534041971262473,0
LOLTMNT01_327799,LCK,2026-01-28T10:54:21+00:00,15,2516.0,787.0,49.0,1,0.534041971262473,0
LOLTMNT01_327799,LCK,2026-01-28T10:54:21+00:00,20,-2046.0,-3920.0,0.0,-3,0.534041971262473,0
LOLTMNT01_327799,LCK,2026-01-28T10:54:21+00:00,25,-939.0,1991.0,13.0,-1,0.534041971262473,0
LOLTMNT01_326904,LCK,2026-01-28T11:49:42+00:00,10,0.0,-18.0,0.0,0,0.629424745109884,1
LOLTMNT01_326904,LCK,2026-01-28T11:49:42+00:00,15,-1628.0,-941.0,-23.0,-1,0.629424745109884,1
LOLTMNT01_326904,LCK,2026-01-28T11:49:42+00:00,20,-2185.0,-2409.0,-42.0,-1,0.629424745109884,1
LOLTMNT01_326904,LCK,2026-01-28T11:49:42+00:00,25,-1334.0,-2158.0,-61.0,-1,0.629424745109884,1
LOLTMNT01_331103,LCK,2026-01-29T08:07:19+00:00,10,-581.0,217.0,5.0,-2,0.656206630218278,1
LOLTMNT01_331103,LCK,2026-01-29T08:07:19+00:00,15,-2195.0,-672.0,-17.0,-3,0.656206630218278,1
LOLTMNT01_331103,LCK,2026-01-29T08:07:19+00:00,20,1539.0,2388.0,14.0,-1,0.656206630218278,1
LOLTMNT01_331103,LCK,2026-01-29T08:07:19+00:00,25,4872.0,4707.0,41.0,2,0.656206630218278,1
LOLTMNT01_332133,LCK,2026-01-29T09:07:12+00:00,10,718.0,707.0,39.0,0,0.671976676644163,1
LOLTMNT01_332133,LCK,2026-01-29T09:07:12+00:00,15,586.0,2015.0,51.0,0,0.671976676644163,1
LOLTMNT01_332133,LCK,2026-01-29T09:07:12+00:00,20,7091.0,6489.0,77.0,6,0.671976676644163,1
LOLTMNT01_332133,LCK,2026-01-29T09:07:12+00:00,25,6309.0,7527.0,45.0,7,0.671976676644163,1
LOLTMNT01_332152,LCK,2026-01-29T09:53:36+00:00,10,-1208.0,-795.0,-6.0,-2,0.739730150799013,0
LOLTMNT01_332152,LCK,2026-01-29T09:53:36+00:00,15,-595.0,1241.0,8.0,0,0.739730150799013,0
LOLTMNT01_332152,LCK,2026-01-29T09:53:36+00:00,20,-3460.0,-1869.0,-16.0,-4,0.739730150799013,0
LOLTMNT01_332152,LCK,2026-01-29T09:53:36+00:00,25,-6877.0,-5151.0,-53.0,-7,0.739730150799013,0
LOLTMNT01_332170,LCK,2026-01-29T10:47:32+00:00,10,-641.0,-534.0,16.0,-2,0.419628238731868,0
LOLTMNT01_332170,LCK,2026-01-29T10:47:32+00:00,15,90.0,71.0,5.0,0,0.419628238731868,0
LOLTMNT01_332170,LCK,2026-01-29T10:47:32+00:00,20,2838.0,3675.0,29.0,4,0.419628238731868,0
LOLTMNT01_332170,LCK,2026-01-29T10:47:32+00:00,25,-1247.0,-2485.0,3.0,2,0.419628238731868,0
LOLTMNT01_331607,LCK,2026-01-30T08:05:48+00:00,10,-1015.0,-81.0,26.0,-1,0.714263089921244,0
LOLTMNT01_331607,LCK,2026-01-30T08:05:48+00:00,15,-2230.0,-548.0,7.0,-2,0.714263089921244,0
LOLTMNT01_331607,LCK,2026-01-30T08:05:48+00:00,20,-3246.0,-3124.0,-17.0,-4,0.714263089921244,0
LOLTMNT01_331607,LCK,2026-01-30T08:05:48+00:00,25,-9647.0,-12806.0,-32.0,-11,0.714263089921244,0
LOLTMNT01_332667,LCK,2026-01-30T08:56:59+00:00,10,692.0,86.0,-3.0,2,0.474363676379627,1
LOLTMNT01_332667,LCK,2026-01-30T08:56:59+00:00,15,1323.0,373.0,11.0,2,0.474363676379627,1
LOLTMNT01_332667,LCK,2026-01-30T08:56:59+00:00,20,1199.0,363.0,4.0,3,0.474363676379627,1
LOLTMNT01_332667,LCK,2026-01-30T08:56:59+00:00,25,521.0,560.0,29.0,1,0.474363676379627,1
LOLTMNT01_331640,LCK,2026-01-30T09:57:18+00:00,10,-664.0,-1287.0,-41.0,0,0.507536066286209,0
LOLTMNT01_331640,LCK,2026-01-30T09:57:18+00:00,15,-2792.0,-2985.0,-49.0,-4,0.507536066286209,0
LOLTMNT01_331640,LCK,2026-01-30T09:57:18+00:00,20,-3975.0,-3609.0,-53.0,-3,0.507536066286209,0
LOLTMNT01_331640,LCK,2026-01-30T09:57:18+00:00,25,-7757.0,-11391.0,-92.0,-8,0.507536066286209,0
LOLTMNT01_331650,LCK,2026-01-30T10:47:33+00:00,10,-1216.0,-75.0,-4.0,-1,0.65274144452836,1
LOLTMNT01_331650,LCK,2026-01-30T10:47:33+00:00,15,3010.0,2522.0,8.0,4,0.65274144452836,1
LOLTMNT01_331650,LCK,2026-01-30T10:47:33+00:00,20,2527.0,3383.0,22.0,5,0.65274144452836,1
LOLTMNT01_331650,LCK,2026-01-30T10:47:33+00:00,25,4412.0,3042.0,51.0,6,0.65274144452836,1
LOLTMNT01_332727,LCK,2026-01-30T11:49:42+00:00,10,-46.0,144.0,-20.0,1,0.675447171965133,0
LOLTMNT01_332727,LCK,2026-01-30T11:49:42+00:00,15,-438.0,260.0,-25.0,1,0.675447171965133,0
LOLTMNT01_332727,LCK,2026-01-30T11:49:42+00:00,20,-2341.0,-347.0,-40.0,0,0.675447171965133,0
LOLTMNT01_332727,LCK,2026-01-30T11:49:42+00:00,25,-7139.0,-7428.0,-50.0,-6,0.675447171965133,0
LOLTMNT01_334295,LCK,2026-01-31T08:17:53+00:00,10,-570.0,537.0,29.0,-3,0.344876132281656,0
LOLTMNT01_334295,LCK,2026-01-31T08:17:53+00:00,15,-1235.0,1098.0,27.0,-3,0.344876132281656,0
LOLTMNT01_334295,LCK,2026-01-31T08:17:53+00:00,20,-2814.0,-40.0,-10.0,-2,0.344876132281656,0
LOLTMNT01_334295,LCK,2026-01-31T08:17:53+00:00,25,-2556.0,-425.0,-22.0,-1,0.344876132281656,0
LOLTMNT01_334313,LCK,2026-01-31T09:15:38+00:00,10,-833.0,-765.0,-5.0,-1,0.77920801440567,1
LOLTMNT01_334313,LCK,2026-01-31T09:15:38+00:00,15,-1418.0,-1024.0,-23.0,-1,0.77920801440567,1
LOLTMNT01_334313,LCK,2026-01-31T09:15:38+00:00,20,4769.0,3506.0,4.0,6,0.77920801440567,1
LOLTMNT01_334313,LCK,2026-01-31T09:15:38+00:00,25,14352.0,15046.0,33.0,18,0.77920801440567,1
LOLTMNT01_333373,LCK,2026-01-31T10:06:58+00:00,10,638.0,183.0,-12.0,1,0.789565128812075,1
LOLTMNT01_333373,LCK,2026-01-31T10:06:58+00:00,15,933.0,425.0,-11.0,3,0.789565128812075,1
LOLTMNT01_333373,LCK,2026-01-31T10:06:58+00:00,20,3568.0,2424.0,-7.0,7,0.789565128812075,1
LOLTMNT01_333373,LCK,2026-01-31T10:06:58+00:00,25,5208.0,3981.0,36.0,7,0.789565128812075,1
LOLTMNT04_152292,LEC,2026-01-31T15:51:21+00:00,10,187.0,246.0,16.0,0,0.628016953677255,0
LOLTMNT04_152292,LEC,2026-01-31T15:51:21+00:00,15,-302.0,963.0,34.0,-1,0.628016953677255,0
LOLTMNT04_152292,LEC,2026-01-31T15:51:21+00:00,20,-2879.0,-3351.0,18.0,-3,0.628016953677255,0
LOLTMNT04_152292,LEC,2026-01-31T15:51:21+00:00,25,-4610.0,-4426.0,-13.0,-4,0.628016953677255,0
LOLTMNT04_152324,LEC,2026-01-31T16:52:38+00:00,10,-24.0,-14.0,-2.0,0,0.699592444763917,1
LOLTMNT04_152324,LEC,2026-01-31T16:52:38+00:00,15,1661.0,1308.0,7.0,2,0.699592444763917,1
LOLTMNT04_152324,LEC,2026-01-31T16:52:38+00:00,20,1336.0,2345.0,2.0,4,0.699592444763917,1
LOLTMNT04_152324,LEC,2026-01-31T16:52:38+00:00,25,580.0,1092.0,14.0,3,0.699592444763917,1
LOLTMNT04_151290,LEC,2026-01-31T17:45:57+00:00,10,-1260.0,-1090.0,-24.0,-1,0.726574809351345,0
LOLTMNT04_151290,LEC,2026-01-31T17:45:57+00:00,15,-1906.0,-1378.0,-33.0,0,0.726574809351345,0
LOLTMNT04_151290,LEC,2026-01-31T17:45:57+00:00,20,-3778.0,-3274.0,-47.0,-1,0.726574809351345,0
LOLTMNT04_151290,LEC,2026-01-31T17:45:57+00:00,25,-3867.0,-2772.0,-43.0,-1,0.726574809351345,0
LOLTMNT04_151303,LEC,2026-01-31T18:41:14+00:00,10,688.0,539.0,-14.0,2,0.844659569979897,1
LOLTMNT04_151303,LEC,2026-01-31T18:41:14+00:00,15,-1181.0,-494.0,-23.0,-1,0.844659569979897,1
LOLTMNT04_151303,LEC,2026-01-31T18:41:14+00:00,20,-1628.0,-1441.0,-44.0,-1,0.844659569979897,1
LOLTMNT04_151303,LEC,2026-01-31T18:41:14+00:00,25,-2098.0,-2764.0,-29.0,-4,0.844659569979897,1
LOLTMNT04_152357,LEC,2026-01-31T19:37:04+00:00,10,1475.0,634.0,15.0,1,0.398830484196702,1
LOLTMNT04_152357,LEC,2026-01-31T19:37:04+00:00,15,1937.0,521.0,14.0,1,0.398830484196702,1
LOLTMNT04_152357,LEC,2026-01-31T19:37:04+00:00,20,4362.0,4474.0,32.0,3,0.398830484196702,1
LOLTMNT04_152357,LEC,2026-01-31T19:37:04+00:00,25,5964.0,4766.0,39.0,5,0.398830484196702,1
LOLTMNT04_152368,LEC,2026-01-31T20:32:16+00:00,10,-1697.0,-550.0,-13.0,-2,0.489692522198351,1
LOLTMNT04_152368,LEC,2026-01-31T20:32:16+00:00,15,-1363.0,-1254.0,-29.0,-1,0.489692522198351,1
LOLTMNT04_152368,LEC,2026-01-31T20:32:16+00:00,20,-844.0,-1110.0,-11.0,-1,0.489692522198351,1
LOLTMNT04_152368,LEC,2026-01-31T20:32:16+00:00,25,-1931.0,-3313.0,-47.0,-1,0.489692522198351,1
LOLTMNT01_334729,LCS,2026-01-31T21:07:01+00:00,10,-990.0,-766.0,-12.0,-1,0.407758898524618,0
LOLTMNT01_334729,LCS,2026-01-31T21:07:01+00:00,15,-1280.0,-1305.0,-40.0,0,0.407758898524618,0
LOLTMNT01_334729,LCS,2026-01-31T21:07:01+00:00,20,-845.0,295.0,-32.0,1,0.407758898524618,0
LOLTMNT01_334729,LCS,2026-01-31T21:07:01+00:00,25,817.0,1957.0,-22.0,3,0.407758898524618,0
LOLTMNT01_333860,LCS,2026-01-31T22:10:44+00:00,10,-880.0,-880.0,13.0,-1,0.592241101475382,1
LOLTMNT01_333860,LCS,2026-01-31T22:10:44+00:00,15,887.0,1144.0,14.0,3,0.592241101475382,1
LOLTMNT01_333860,LCS,2026-01-31T22:10:44+00:00,20,3965.0,4775.0,65.0,5,0.592241101475382,1
LOLTMNT01_333860,LCS,2026-01-31T22:10:44+00:00,25,4209.0,6363.0,53.0,5,0.592241101475382,1
LOLTMNT01_334794,LCS,2026-01-31T23:09:01+00:00,10,-17.0,411.0,-4.0,0,0.4236894954193387,0
LOLTMNT01_334794,LCS,2026-01-31T23:09:01+00:00,15,778.0,826.0,-37.0,2,0.4236894954193387,0
LOLTMNT01_334794,LCS,2026-01-31T23:09:01+00:00,20,-3518.0,-2850.0,-19.0,-5,0.4236894954193387,0
LOLTMNT01_334794,LCS,2026-01-31T23:09:01+00:00,25,-6221.0,-7410.0,-73.0,-6,0.4236894954193387,0
LOLTMNT01_334841,LCS,2026-02-01T00:06:03+00:00,10,509.0,-414.0,15.0,-1,0.5763105045806612,1
LOLTMNT01_334841,LCS,2026-02-01T00:06:03+00:00,15,508.0,555.0,8.0,0,0.5763105045806612,1
LOLTMNT01_334841,LCS,2026-02-01T00:06:03+00:00,20,4786.0,4233.0,27.0,5,0.5763105045806612,1
LOLTMNT01_334841,LCS,2026-02-01T00:06:03+00:00,25,10911.0,12463.0,52.0,12,0.5763105045806612,1
LOLTMNT01_336016,LCK,2026-02-01T08:08:08+00:00,10,-998.0,-725.0,-5.0,-3,0.751475510119087,1
LOLTMNT01_336016,LCK,2026-02-01T08:08:08+00:00,15,-1029.0,-390.0,-15.0,-3,0.751475510119087,1
LOLTMNT01_336016,LCK,2026-02-01T08:08:08+00:00,20,3197.0,2853.0,21.0,1,0.751475510119087,1
LOLTMNT01_336016,LCK,2026-02-01T08:08:08+00:00,25,3733.0,6190.0,38.0,1,0.751475510119087,1
LOLTMNT01_336021,LCK,2026-02-01T09:10:50+00:00,10,1301.0,1200.0,-10.0,2,0.763542937668072,1
LOLTMNT01_336021,LCK,2026-02-01T09:10:50+00:00,15,-769.0,-1075.0,-41.0,0,0.763542937668072,1
LOLTMNT01_336021,LCK,2026-02-01T09:10:50+00:00,20,1253.0,635.0,-42.0,4,0.763542937668072,1
LOLTMNT01_336021,LCK,2026-02-01T09:10:50+00:00,25,-582.0,-1533.0,-14.0,-1,0.763542937668072,1
LOLTMNT01_335069,LCK,2026-02-01T10:09:06+00:00,10,-1109.0,-371.0,-18.0,-1,0.774903828411593,1
LOLTMNT01_335069,LCK,2026-02-01T10:09:06+00:00,15,523.0,1579.0,-6.0,1,0.774903828411593,1
LOLTMNT01_335069,LCK,2026-02-01T10:09:06+00:00,20,636.0,1525.0,5.0,1,0.774903828411593,1
LOLTMNT01_335069,LCK,2026-02-01T10:09:06+00:00,25,1443.0,2526.0,7.0,3,0.774903828411593,1
LOLTMNT04_151377,LEC,2026-02-01T15:53:22+00:00,10,-190.0,-173.0,-24.0,1,0.494080230641509,0
LOLTMNT04_151377,LEC,2026-02-01T15:53:22+00:00,15,-1941.0,218.0,-38.0,2,0.494080230641509,0
LOLTMNT04_151377,LEC,2026-02-01T15:53:22+00:00,20,-2094.0,26.0,-63.0,3,0.494080230641509,0
LOLTMNT04_151377,LEC,2026-02-01T15:53:22+00:00,25,-3106.0,-915.0,-100.0,3,0.494080230641509,0
LOLTMNT04_152447,LEC,2026-02-01T17:56:18+00:00,10,-52.0,-281.0,14.0,0,0.633757526063494,0
LOLTMNT04_152447,LEC,2026-02-01T17:56:18+00:00,15,749.0,600.0,18.0,0,0.633757526063494,0
LOLTMNT04_152447,LEC,2026-02-01T17:56:18+00:00,20,2123.0,783.0,27.0,1,0.633757526063494,0
LOLTMNT04_152447,LEC,2026-02-01T17:56:18+00:00,25,-3591.0,-5516.0,35.0,-5,0.633757526063494,0
LOLTMNT04_152461,LEC,2026-02-01T18:52:52+00:00,10,642.0,-122.0,-10.0,2,0.360996915748709,0
LOLTMNT04_152461,LEC,2026-02-01T18:52:52+00:00,15,-1224.0,-733.0,-36.0,1,0.360996915748709,0
LOLTMNT04_152461,LEC,2026-02-01T18:52:52+00:00,20,-1932.0,-290.0,-21.0,0,0.360996915748709,0
LOLTMNT04_152461,LEC,2026-02-01T18:52:52+00:00,25,-4367.0,-100.0,-49.0,-4,0.360996915748709,0
LOLTMNT04_151435,LEC,2026-02-01T19:48:43+00:00,10,-823.0,-817.0,-15.0,-1,0.528956302461881,0
LOLTMNT04_151435,LEC,2026-02-01T19:48:43+00:00,15,-3560.0,-4294.0,-64.0,-4,0.528956302461881,0
LOLTMNT04_151435,LEC,2026-02-01T19:48:43+00:00,20,-5711.0,-5038.0,-91.0,-4,0.528956302461881,0
LOLTMNT04_151435,LEC,2026-02-01T19:48:43+00:00,25,-9071.0,-8110.0,-89.0,-7,0.528956302461881,0
LOLTMNT04_151443,LEC,2026-02-01T20:39:58+00:00,10,608.0,-456.0,1.0,1,0.713776950056196,0
LOLTMNT04_151443,LEC,2026-02-01T20:39:58+00:00,15,1018.0,598.0,9.0,2,0.713776950056196,0
LOLTMNT04_151443,LEC,2026-02-01T20:39:58+00:00,20,-1080.0,-762.0,-19.0,1,0.713776950056196,0
LOLTMNT04_151443,LEC,2026-02-01T20:39:58+00:00,25,-1751.0,538.0,-14.0,1,0.713776950056196,0
LOLTMNT01_336316,LCS,2026-02-01T23:44:52+00:00,10,-191.0,-133.0,14.0,-1,0.5618183186455099,1
LOLTMNT01_336316,LCS,2026-02-01T23:44:52+00:00,15,-211.0,-756.0,3.0,-1,0.5618183186455099,1
LOLTMNT01_336316,LCS,2026-02-01T23:44:52+00:00,20,228.0,-1239.0,-7.0,-1,0.5618183186455099,1
LOLTMNT01_336316,LCS,2026-02-01T23:44:52+00:00,25,4211.0,1515.0,-5.0,2,0.5618183186455099,1
LOLTMNT01_335433,LCS,2026-02-02T00:35:19+00:00,10,2076.0,1148.0,43.0,1,0.5618183186455099,1
LOLTMNT01_335433,LCS,2026-02-02T00:35:19+00:00,15,5951.0,5112.0,47.0,7,0.5618183186455099,1
LOLTMNT01_335433,LCS,2026-02-02T00:35:19+00:00,20,7823.0,5936.0,77.0,7,0.5618183186455099,1
LOLTMNT01_335433,LCS,2026-02-02T00:35:19+00:00,25,13122.0,14224.0,99.0,14,0.5618183186455099,1
LOLTMNT04_152497,LEC,2026-02-02T15:51:50+00:00,10,90.0,119.0,-9.0,1,0.340622198249411,0
LOLTMNT04_152497,LEC,2026-02-02T15:51:50+00:00,15,498.0,976.0,4.0,1,0.340622198249411,0
LOLTMNT04_152497,LEC,2026-02-02T15:51:50+00:00,20,588.0,1033.0,10.0,0,0.340622198249411,0
LOLTMNT04_152497,LEC,2026-02-02T15:51:50+00:00,25,-1626.0,-1546.0,-15.0,-1,0.340622198249411,0
LOLTMNT04_152504,LEC,2026-02-02T16:44:48+00:00,10,477.0,-157.0,18.0,0,0.519443685083254,0
LOLTMNT04_152504,LEC,2026-02-02T16:44:48+00:00,15,11.0,-648.0,5.0,0,0.519443685083254,0
LOLTMNT04_152504,LEC,2026-02-02T16:44:48+00:00,20,4838.0,6161.0,64.0,5,0.519443685083254,0
LOLTMNT04_152504,LEC,2026-02-02T16:44:48+00:00,25,5318.0,5017.0,76.0,4,0.519443685083254,0
LOLTMNT04_151516,LEC,2026-02-02T17:41:28+00:00,10,-615.0,-1085.0,-11.0,-1,0.617049965353436,0
LOLTMNT04_151516,LEC,2026-02-02T17:41:28+00:00,15,-1128.0,-2413.0,-22.0,-2,0.617049965353436,0
LOLTMNT04_151516,LEC,2026-02-02T17:41:28+00:00,20,-4362.0,-5532.0,-24.0,-5,0.617049965353436,0
LOLTMNT04_151516,LEC,2026-02-02T17:41:28+00:00,25,-9046.0,-14039.0,-44.0,-11,0.617049965353436,0
LOLTMNT04_151542,LEC,2026-02-02T18:40:18+00:00,10,865.0,1473.0,45.0,2,0.746324420779924,1
LOLTMNT04_151542,LEC,2026-02-02T18:40:18+00:00,15,1274.0,1446.0,44.0,3,0.746324420779924,1
LOLTMNT04_151542,LEC,2026-02-02T18:40:18+00:00,20,2303.0,3137.0,47.0,5,0.746324420779924,1
LOLTMNT04_151542,LEC,2026-02-02T18:40:18+00:00,25,1157.0,3243.0,36.0,4,0.746324420779924,1
LOLTMNT04_152550,LEC,2026-02-02T19:41:46+00:00,10,-189.0,-431.0,1.0,0,0.389532943099152,1
LOLTMNT04_152550,LEC,2026-02-02T19:41:46+00:00,15,3789.0,4751.0,52.0,5,0.389532943099152,1
LOLTMNT04_152550,LEC,2026-02-02T19:41:46+00:00,20,5615.0,3653.0,31.0,6,0.389532943099152,1
LOLTMNT04_152550,LEC,2026-02-02T19:41:46+00:00,25,5455.0,2406.0,10.0,6,0.389532943099152,1
LOLTMNT04_152561,LEC,2026-02-02T20:52:06+00:00,10,1136.0,836.0,37.0,1,0.765148168616384,1
LOLTMNT04_152561,LEC,2026-02-02T20:52:06+00:00,15,3027.0,1624.0,42.0,4,0.765148168616384,1
LOLTMNT04_152561,LEC,2026-02-02T20:52:06+00:00,20,8627.0,7942.0,115.0,9,0.765148168616384,1
LOLTMNT04_152561,LEC,2026-02-02T20:52:06+00:00,25,8716.0,7891.0,108.0,9,0.765148168616384,1
LOLTMNT01_338397,LCK,2026-02-06T08:05:10+00:00,10,-1980.0,-811.0,-3.0,-3,0.49360312460622,0
LOLTMNT01_338397,LCK,2026-02-06T08:05:10+00:00,15,-4514.0,-2364.0,-30.0,-5,0.49360312460622,0
LOLTMNT01_338397,LCK,2026-02-06T08:05:10+00:00,20,-7760.0,-4601.0,-77.0,-8,0.49360312460622,0
LOLTMNT01_338397,LCK,2026-02-06T08:05:10+00:00,25,-17877.0,-17182.0,-150.0,-20,0.49360312460622,0
LOLTMNT01_338416,LCK,2026-02-06T08:50:09+00:00,10,-1019.0,-1705.0,-31.0,0,0.668977611272779,0
LOLTMNT01_338416,LCK,2026-02-06T08:50:09+00:00,15,-1124.0,-3279.0,-67.0,1,0.668977611272779,0
LOLTMNT01_338416,LCK,2026-02-06T08:50:09+00:00,20,-1892.0,-2612.0,-64.0,0,0.668977611272779,0
LOLTMNT01_338416,LCK,2026-02-06T08:50:09+00:00,25,-1183.0,-158.0,-90.0,3,0.668977611272779,0
LOLTMNT01_338422,LCK,2026-02-06T09:45:35+00:00,10,-266.0,-132.0,3.0,0,0.495142049115339,0
LOLTMNT01_338422,LCK,2026-02-06T09:45:35+00:00,15,-64.0,-534.0,4.0,0,0.495142049115339,0
LOLTMNT01_338422,LCK,2026-02-06T09:45:35+00:00,20,-947.0,-844.0,5.0,0,0.495142049115339,0
LOLTMNT01_338422,LCK,2026-02-06T09:45:35+00:00,25,-3164.0,-922.0,-3.0,-3,0.495142049115339,0
LOLTMNT01_338447,LCK,2026-02-06T10:59:51+00:00,10,-1061.0,-582.0,-21.0,-1,0.49143183837046,1
LOLTMNT01_338447,LCK,2026-02-06T10:59:51+00:00,15,-1728.0,-750.0,-33.0,0,0.49143183837046,1
LOLTMNT01_338447,LCK,2026-02-06T10:59:51+00:00,20,-2503.0,-1008.0,-31.0,0,0.49143183837046,1
LOLTMNT01_338447,LCK,2026-02-06T10:59:51+00:00,25,-3679.0,-1539.0,-39.0,0,0.49143183837046,1
LOLTMNT01_338459,LCK,2026-02-06T12:11:32+00:00,10,570.0,1011.0,43.0,1,0.520779701588592,1
LOLTMNT01_338459,LCK,2026-02-06T12:11:32+00:00,15,292.0,1242.0,34.0,1,0.520779701588592,1
LOLTMNT01_338459,LCK,2026-02-06T12:11:32+00:00,20,345.0,2594.0,44.0,1,0.520779701588592,1
LOLTMNT01_338459,LCK,2026-02-06T12:11:32+00:00,25,3153.0,4984.0,41.0,4,0.520779701588592,1
LOLTMNT01_338589,LCK,2026-02-07T08:07:00+00:00,10,3362.0,2659.0,45.0,6,0.759250293930384,1
LOLTMNT01_338589,LCK,2026-02-07T08:07:00+00:00,15,7024.0,5959.0,88.0,11,0.759250293930384,1
LOLTMNT01_338589,LCK,2026-02-07T08:07:00+00:00,20,15630.0,13321.0,163.0,19,0.759250293930384,1
LOLTMNT01_338589,LCK,2026-02-07T08:07:00+00:00,25,17935.0,16216.0,139.0,27,0.759250293930384,1
LOLTMNT01_338603,LCK,2026-02-07T08:55:19+00:00,10,2901.0,1356.0,28.0,5,0.768064333058894,1
LOLTMNT01_338603,LCK,2026-02-07T08:55:19+00:00,15,3757.0,2178.0,60.0,5,0.768064333058894,1
LOLTMNT01_338603,LCK,2026-02-07T08:55:19+00:00,20,6989.0,5844.0,57.0,9,0.768064333058894,1
LOLTMNT01_338603,LCK,2026-02-07T08:55:19+00:00,25,9987.0,9547.0,96.0,11,0.768064333058894,1
LOLTMNT01_338625,LCK,2026-02-07T10:09:22+00:00,10,-1230.0,-363.0,8.0,-4,0.610122137557097,0
LOLTMNT01_338625,LCK,2026-02-07T10:09:22+00:00,15,-1102.0,-969.0,-2.0,-4,0.610122137557097,0
LOLTMNT01_338625,LCK,2026-02-07T10:09:22+00:00,20,-2295.0,-515.0,-5.0,-5,0.610122137557097,0
LOLTMNT01_338625,LCK,2026-02-07T10:09:22+00:00,25,-8863.0,-11694.0,-83.0,-13,0.610122137557097,0
LOLTMNT01_337768,LCK,2026-02-07T11:00:32+00:00,10,1144.0,386.0,-20.0,3,0.559844329487674,0
LOLTMNT01_337768,LCK,2026-02-07T11:00:32+00:00,15,901.0,1589.0,27.0,2,0.559844329487674,0
LOLTMNT01_337768,LCK,2026-02-07T11:00:32+00:00,20,2056.0,1849.0,46.0,2,0.559844329487674,0
LOLTMNT01_337768,LCK,2026-02-07T11:00:32+00:00,25,-4856.0,-8203.0,42.0,-6,0.559844329487674,0
LOLTMNT01_338644,LCK,2026-02-07T11:54:25+00:00,10,-101.0,-157.0,43.0,-3,0.607354335773936,1
LOLTMNT01_338644,LCK,2026-02-07T11:54:25+00:00,15,-856.0,-610.0,37.0,-3,0.607354335773936,1
LOLTMNT01_338644,LCK,2026-02-07T11:54:25+00:00,20,1972.0,873.0,26.0,0,0.607354335773936,1
LOLTMNT01_338644,LCK,2026-02-07T11:54:25+00:00,25,2877.0,4503.0,42.0,0,0.607354335773936,1
LOLTMNT05_175070,LEC,2026-02-07T15:52:29+00:00,10,-832.0,621.0,16.0,-2,0.434985887236126,1
LOLTMNT05_175070,LEC,2026-02-07T15:52:29+00:00,15,515.0,2946.0,38.0,0,0.434985887236126,1
LOLTMNT05_175070,LEC,2026-02-07T15:52:29+00:00,20,170.0,1727.0,6.0,1,0.434985887236126,1
LOLTMNT05_175070,LEC,2026-02-07T15:52:29+00:00,25,-1577.0,-1536.0,-4.0,-2,0.434985887236126,1
LOLTMNT05_176056,LEC,2026-02-07T17:38:18+00:00,10,1148.0,27.0,-1.0,1,0.429763094819255,0
LOLTMNT05_176056,LEC,2026-02-07T17:38:18+00:00,15,2070.0,1993.0,-13.0,3,0.429763094819255,0
LOLTMNT05_176056,LEC,2026-02-07T17:38:18+00:00,20,912.0,-306.0,-27.0,2,0.429763094819255,0
LOLTMNT05_176056,LEC,2026-02-07T17:38:18+00:00,25,877.0,-692.0,-36.0,2,0.429763094819255,0
LOLTMNT05_176064,LEC,2026-02-07T18:34:46+00:00,10,-831.0,979.0,13.0,-1,0.723167111621007,0
LOLTMNT05_176064,LEC,2026-02-07T18:34:46+00:00,15,-503.0,1732.0,31.0,-1,0.723167111621007,0
LOLTMNT05_176064,LEC,2026-02-07T18:34:46+00:00,20,-2189.0,1741.0,30.0,-3,0.723167111621007,0
LOLTMNT05_176064,LEC,2026-02-07T18:34:46+00:00,25,-5986.0,-4633.0,1.0,-7,0.723167111621007,0
LOLTMNT05_176078,LEC,2026-02-07T19:24:22+00:00,10,9.0,264.0,1.0,-2,0.653135532915335,0
LOLTMNT05_176078,LEC,2026-02-07T19:24:22+00:00,15,-2696.0,-3094.0,0.0,-8,0.653135532915335,0
LOLTMNT05_176078,LEC,2026-02-07T19:24:22+00:00,20,-3854.0,-3050.0,-6.0,-9,0.653135532915335,0
LOLTMNT05_176078,LEC,2026-02-07T19:24:22+00:00,25,-3539.0,-817.0,1.0,-9,0.653135532915335,0
LOLTMNT05_176087,LEC,2026-02-07T20:20:50+00:00,10,275.0,-1012.0,-30.0,2,0.6820566761875,1
LOLTMNT05_176087,LEC,2026-02-07T20:20:50+00:00,15,1981.0,984.0,-16.0,4,0.6820566761875,1
LOLTMNT05_176087,LEC,2026-02-07T20:20:50+00:00,20,2557.0,478.0,-30.0,4,0.6820566761875,1
LOLTMNT05_176087,LEC,2026-02-07T20:20:50+00:00,25,5567.0,5364.0,-44.0,7,0.6820566761875,1
LOLTMNT02_349059,LCS,2026-02-07T21:11:32+00:00,10,-862.0,-1463.0,-33.0,0,0.3640317396804493,0
LOLTMNT02_349059,LCS,2026-02-07T21:11:32+00:00,15,-1467.0,-2022.0,-33.0,-1,0.3640317396804493,0
LOLTMNT02_349059,LCS,2026-02-07T21:11:32+00:00,20,-3364.0,-2290.0,-36.0,-2,0.3640317396804493,0
LOLTMNT02_349059,LCS,2026-02-07T21:11:32+00:00,25,-10343.0,-13328.0,-89.0,-9,0.3640317396804493,0
LOLTMNT02_350044,LCS,2026-02-07T22:04:16+00:00,10,305.0,1339.0,54.0,-3,0.6359682603195507,0
LOLTMNT02_350044,LCS,2026-02-07T22:04:16+00:00,15,1210.0,1490.0,75.0,-2,0.6359682603195507,0
LOLTMNT02_350044,LCS,2026-02-07T22:04:16+00:00,20,571.0,-463.0,49.0,-3,0.6359682603195507,0
LOLTMNT02_350044,LCS,2026-02-07T22:04:16+00:00,25,-1050.0,-2787.0,46.0,-5,0.6359682603195507,0
LOLTMNT02_350063,LCS,2026-02-07T23:13:38+00:00,10,479.0,-348.0,-22.0,2,0.3640317396804493,1
LOLTMNT02_350063,LCS,2026-02-07T23:13:38+00:00,15,-302.0,-588.0,-34.0,1,0.3640317396804493,1
LOLTMNT02_350063,LCS,2026-02-07T23:13:38+00:00,20,1314.0,1008.0,-17.0,3,0.3640317396804493,1
LOLTMNT02_350063,LCS,2026-02-07T23:13:38+00:00,25,1516.0,896.0,-14.0,3,0.3640317396804493,1
LOLTMNT01_359784,LCK,2026-04-09T08:06:21+00:00,10,-5.0,79.0,24.0,-1,0.550422454738657,0
LOLTMNT01_359784,LCK,2026-04-09T08:06:21+00:00,15,-495.0,-516.0,31.0,-2,0.550422454738657,0
LOLTMNT01_359784,LCK,2026-04-09T08:06:21+00:00,20,-886.0,-2974.0,15.0,-5,0.550422454738657,0
LOLTMNT01_359784,LCK,2026-04-09T08:06:21+00:00,25,-8245.0,-10712.0,-24.0,-12,0.550422454738657,0
LOLTMNT01_359808,LCK,2026-04-09T09:00:11+00:00,10,419.0,550.0,-13.0,2,0.609979117344866,0
LOLTMNT01_359808,LCK,2026-04-09T09:00:11+00:00,15,3361.0,2780.0,16.0,5,0.609979117344866,0
LOLTMNT01_359808,LCK,2026-04-09T09:00:11+00:00,20,4936.0,3396.0,49.0,5,0.609979117344866,0
LOLTMNT01_359808,LCK,2026-04-09T09:00:11+00:00,25,3755.0,3588.0,62.0,4,0.609979117344866,0
LOLTMNT01_359829,LCK,2026-04-09T10:10:03+00:00,10,894.0,-239.0,12.0,1,0.556750115742294,1
LOLTMNT01_359829,LCK,2026-04-09T10:10:03+00:00,15,1334.0,300.0,26.0,1,0.556750115742294,1
LOLTMNT01_359829,LCK,2026-04-09T10:10:03+00:00,20,3878.0,2106.0,13.0,4,0.556750115742294,1
LOLTMNT01_359829,LCK,2026-04-09T10:10:03+00:00,25,2457.0,1458.0,11.0,3,0.556750115742294,1
LOLTMNT01_359892,LCK,2026-04-09T11:25:00+00:00,10,1751.0,1069.0,22.0,3,0.452027216104216,0
LOLTMNT01_359892,LCK,2026-04-09T11:25:00+00:00,15,641.0,-452.0,28.0,0,0.452027216104216,0
LOLTMNT01_359892,LCK,2026-04-09T11:25:00+00:00,20,-1920.0,-4859.0,5.0,-5,0.452027216104216,0
LOLTMNT01_359892,LCK,2026-04-09T11:25:00+00:00,25,229.0,-1383.0,-17.0,-4,0.452027216104216,0
LOLTMNT01_359914,LCK,2026-04-09T12:25:37+00:00,10,-598.0,181.0,35.0,-1,0.69998456113945,1
LOLTMNT01_359914,LCK,2026-04-09T12:25:37+00:00,15,3394.0,2898.0,60.0,5,0.69998456113945,1
LOLTMNT01_359914,LCK,2026-04-09T12:25:37+00:00,20,4612.0,5026.0,92.0,7,0.69998456113945,1
LOLTMNT01_359914,LCK,2026-04-09T12:25:37+00:00,25,3187.0,3188.0,79.0,7,0.69998456113945,1
LOLTMNT01_360022,LCK,2026-04-08T08:06:29+00:00,10,903.0,359.0,28.0,0,0.697423647430652,1
LOLTMNT01_360022,LCK,2026-04-08T08:06:29+00:00,15,2733.0,1564.0,40.0,3,0.697423647430652,1
LOLTMNT01_360022,LCK,2026-04-08T08:06:29+00:00,20,4510.0,2264.0,44.0,4,0.697423647430652,1
LOLTMNT01_360022,LCK,2026-04-08T08:06:29+00:00,25,3082.0,-432.0,14.0,3,0.697423647430652,1
LOLTMNT01_360035,LCK,2026-04-08T09:04:42+00:00,10,2075.0,-326.0,4.0,3,0.713325459525883,1
LOLTMNT01_360035,LCK,2026-04-08T09:04:42+00:00,15,3461.0,443.0,18.0,4,0.713325459525883,1
LOLTMNT01_360035,LCK,2026-04-08T09:04:42+00:00,20,4648.0,237.0,34.0,3,0.713325459525883,1
LOLTMNT01_360035,LCK,2026-04-08T09:04:42+00:00,25,6568.0,5287.0,23.0,5,0.713325459525883,1
LOLTMNT01_360054,LCK,2026-04-08T10:19:02+00:00,10,315.0,1437.0,4.0,1,0.717014020586834,1
LOLTMNT01_360054,LCK,2026-04-08T10:19:02+00:00,15,-1483.0,683.0,-10.0,-1,0.717014020586834,1
LOLTMNT01_360054,LCK,2026-04-08T10:19:02+00:00,20,1088.0,4026.0,10.0,2,0.717014020586834,1
LOLTMNT01_360054,LCK,2026-04-08T10:19:02+00:00,25,5736.0,11940.0,25.0,7,0.717014020586834,1
LOLTMNT01_360067,LCK,2026-04-08T11:07:42+00:00,10,2009.0,1484.0,41.0,2,0.727530650171379,1
LOLTMNT01_360067,LCK,2026-04-08T11:07:42+00:00,15,2059.0,1411.0,48.0,1,0.727530650171379,1
LOLTMNT01_360067,LCK,2026-04-08T11:07:42+00:00,20,5746.0,4414.0,87.0,3,0.727530650171379,1
LOLTMNT01_360067,LCK,2026-04-08T11:07:42+00:00,25,11484.0,12467.0,124.0,8,0.727530650171379,1
LOLTMNT01_361274,LCK,2026-04-10T09:00:46+00:00,10,-42.0,-64.0,7.0,-1,0.7310599974145532,1
LOLTMNT01_361274,LCK,2026-04-10T09:00:46+00:00,15,-639.0,-481.0,13.0,-3,0.7310599974145532,1
LOLTMNT01_361274,LCK,2026-04-10T09:00:46+00:00,20,-1361.0,-1824.0,4.0,-5,0.7310599974145532,1
LOLTMNT01_361274,LCK,2026-04-10T09:00:46+00:00,25,6362.0,5701.0,38.0,3,0.7310599974145532,1
LOLTMNT01_361313,LCK,2026-04-10T10:57:44+00:00,10,1198.0,-146.0,-4.0,1,0.78580510969456,0
LOLTMNT01_361313,LCK,2026-04-10T10:57:44+00:00,15,2323.0,743.0,-5.0,1,0.78580510969456,0
LOLTMNT01_361313,LCK,2026-04-10T10:57:44+00:00,20,1581.0,571.0,17.0,-1,0.78580510969456,0
LOLTMNT01_361313,LCK,2026-04-10T10:57:44+00:00,25,-3524.0,-6461.0,-17.0,-6,0.78580510969456,0
LOLTMNT01_361350,LCK,2026-04-10T11:46:50+00:00,10,750.0,-163.0,-19.0,2,0.357817932873738,0
LOLTMNT01_361350,LCK,2026-04-10T11:46:50+00:00,15,-2690.0,-3459.0,-69.0,-2,0.357817932873738,0
LOLTMNT01_361350,LCK,2026-04-10T11:46:50+00:00,20,-6948.0,-6820.0,-119.0,-6,0.357817932873738,0
LOLTMNT01_361912,LCK,2026-04-11T10:14:53+00:00,10,7.0,423.0,20.0,-1,0.234486913058801,1
LOLTMNT01_361912,LCK,2026-04-11T10:14:53+00:00,15,208.0,424.0,26.0,-1,0.234486913058801,1
LOLTMNT01_361912,LCK,2026-04-11T10:14:53+00:00,20,-1294.0,-3025.0,-18.0,-2,0.234486913058801,1
LOLTMNT01_361912,LCK,2026-04-11T10:14:53+00:00,25,1750.0,771.0,-11.0,1,0.234486913058801,1
LOLTMNT01_361920,LCK,2026-04-11T11:07:33+00:00,10,-1176.0,-634.0,-23.0,-1,0.836363707319957,0
LOLTMNT01_361920,LCK,2026-04-11T11:07:33+00:00,15,-656.0,-900.0,-17.0,-1,0.836363707319957,0
LOLTMNT01_361920,LCK,2026-04-11T11:07:33+00:00,20,-195.0,935.0,-3.0,0,0.836363707319957,0
LOLTMNT01_361920,LCK,2026-04-11T11:07:33+00:00,25,-1080.0,-1616.0,-23.0,-1,0.836363707319957,0
LOLTMNT01_362027,LCK,2026-04-10T08:09:34+00:00,10,-882.0,-928.0,-7.0,-1,0.321596246061143,0
LOLTMNT01_362027,LCK,2026-04-10T08:09:34+00:00,15,-3032.0,-2515.0,-27.0,-4,0.321596246061143,0
LOLTMNT01_362027,LCK,2026-04-10T08:09:34+00:00,20,-2231.0,-1871.0,-30.0,-3,0.321596246061143,0
LOLTMNT01_362027,LCK,2026-04-10T08:09:34+00:00,25,-6492.0,-9880.0,-59.0,-9,0.321596246061143,0
LOLTMNT01_362622,LCK,2026-04-11T08:06:17+00:00,10,-1405.0,791.0,19.0,-2,0.455297767663384,1
LOLTMNT01_362622,LCK,2026-04-11T08:06:17+00:00,15,-2929.0,-674.0,-9.0,-3,0.455297767663384,1
LOLTMNT01_362622,LCK,2026-04-11T08:06:17+00:00,20,-1858.0,956.0,-13.0,-2,0.455297767663384,1
LOLTMNT01_362622,LCK,2026-04-11T08:06:17+00:00,25,-999.0,-1116.0,-25.0,1,0.455297767663384,1
LOLTMNT01_362650,LCK,2026-04-11T08:59:12+00:00,10,-19.0,947.0,20.0,0,0.484673911626616,1
LOLTMNT01_362650,LCK,2026-04-11T08:59:12+00:00,15,1144.0,1826.0,30.0,1,0.484673911626616,1
LOLTMNT01_362650,LCK,2026-04-11T08:59:12+00:00,20,-397.0,837.0,47.0,-1,0.484673911626616,1
LOLTMNT01_362650,LCK,2026-04-11T08:59:12+00:00,25,4158.0,7572.0,70.0,2,0.484673911626616,1
LOLTMNT01_362898,LCS,2026-04-11T20:08:26+00:00,10,1799.0,1364.0,3.0,2,0.6141020342295513,1
LOLTMNT01_362898,LCS,2026-04-11T20:08:26+00:00,15,3230.0,2394.0,-7.0,4,0.6141020342295513,1
LOLTMNT01_362898,LCS,2026-04-11T20:08:26+00:00,20,10782.0,8633.0,11.0,15,0.6141020342295513,1
LOLTMNT01_362898,LCS,2026-04-11T20:08:26+00:00,25,17074.0,16216.0,28.0,23,0.6141020342295513,1
LOLTMNT01_362920,LCS,2026-04-11T21:54:03+00:00,10,-203.0,-118.0,-8.0,0,0.649442695372958,0
LOLTMNT01_362920,LCS,2026-04-11T21:54:03+00:00,15,51.0,518.0,-3.0,0,0.649442695372958,0
LOLTMNT01_362920,LCS,2026-04-11T21:54:03+00:00,20,-1885.0,-2871.0,-46.0,-2,0.649442695372958,0
LOLTMNT01_362920,LCS,2026-04-11T21:54:03+00:00,25,-3032.0,-7733.0,-52.0,-3,0.649442695372958,0
LOLTMNT01_362925,LCS,2026-04-11T22:44:28+00:00,10,-2525.0,-2334.0,-44.0,-3,0.350557304627042,0
LOLTMNT01_362925,LCS,2026-04-11T22:44:28+00:00,15,-1905.0,-620.0,-32.0,-2,0.350557304627042,0
LOLTMNT01_362925,LCS,2026-04-11T22:44:28+00:00,20,-1933.0,-459.0,-57.0,0,0.350557304627042,0
LOLTMNT01_362925,LCS,2026-04-11T22:44:28+00:00,25,-3153.0,-1399.0,-96.0,0,0.350557304627042,0
LOLTMNT01_363148,LCS,2026-04-11T20:55:34+00:00,10,439.0,-147.0,27.0,0,0.6141020342295513,1
LOLTMNT01_363148,LCS,2026-04-11T20:55:34+00:00,15,1528.0,-235.0,41.0,0,0.6141020342295513,1
LOLTMNT01_363148,LCS,2026-04-11T20:55:34+00:00,20,-500.0,-1263.0,49.0,-3,0.6141020342295513,1
LOLTMNT01_363148,LCS,2026-04-11T20:55:34+00:00,25,700.0,-526.0,51.0,-3,0.6141020342295513,1
LOLTMNT01_363170,LCS,2026-04-11T23:40:13+00:00,10,602.0,652.0,-1.0,1,0.649442695372958,1
LOLTMNT01_363170,LCS,2026-04-11T23:40:13+00:00,15,2903.0,3019.0,19.0,3,0.649442695372958,1
LOLTMNT01_363170,LCS,2026-04-11T23:40:13+00:00,20,7178.0,4805.0,45.0,6,0.649442695372958,1
LOLTMNT01_363170,LCS,2026-04-11T23:40:13+00:00,25,5906.0,4634.0,38.0,6,0.649442695372958,1
LOLTMNT01_363354,LCK,2026-04-12T08:56:52+00:00,10,-386.0,-1.0,4.0,-2,0.621898092535772,1
LOLTMNT01_363354,LCK,2026-04-12T08:56:52+00:00,15,-988.0,-189.0,-7.0,-3,0.621898092535772,1
LOLTMNT01_363354,LCK,2026-04-12T08:56:52+00:00,20,2058.0,1726.0,6.0,-1,0.621898092535772,1
LOLTMNT01_363354,LCK,2026-04-12T08:56:52+00:00,25,7457.0,6447.0,22.0,3,0.621898092535772,1
LOLTMNT01_363607,LCS,2026-04-12T22:36:30+00:00,10,164.0,174.0,21.0,0,0.6996881877869797,0
LOLTMNT01_363607,LCS,2026-04-12T22:36:30+00:00,15,78.0,1208.0,49.0,0,0.6996881877869797,0
LOLTMNT01_363607,LCS,2026-04-12T22:36:30+00:00,20,1667.0,2909.0,55.0,2,0.6996881877869797,0
LOLTMNT01_363607,LCS,2026-04-12T22:36:30+00:00,25,2754.0,891.0,62.0,2,0.6996881877869797,0
LOLTMNT01_364097,LCK,2026-04-12T08:05:05+00:00,10,760.0,1187.0,19.0,1,0.595858012935957,1
LOLTMNT01_364097,LCK,2026-04-12T08:05:05+00:00,15,3827.0,3681.0,38.0,5,0.595858012935957,1
LOLTMNT01_364097,LCK,2026-04-12T08:05:05+00:00,20,4433.0,844.0,-8.0,5,0.595858012935957,1
LOLTMNT01_364097,LCK,2026-04-12T08:05:05+00:00,25,1911.0,-3557.0,1.0,3,0.595858012935957,1
LOLTMNT01_364137,LCK,2026-04-12T10:09:24+00:00,10,2293.0,2359.0,21.0,3,0.780711625078784,1
LOLTMNT01_364137,LCK,2026-04-12T10:09:24+00:00,15,4575.0,4069.0,53.0,6,0.780711625078784,1
LOLTMNT01_364137,LCK,2026-04-12T10:09:24+00:00,20,5988.0,5436.0,60.0,9,0.780711625078784,1
LOLTMNT01_364137,LCK,2026-04-12T10:09:24+00:00,25,10696.0,12751.0,53.0,17,0.780711625078784,1
LOLTMNT01_364149,LCK,2026-04-12T10:55:22+00:00,10,-76.0,-256.0,-25.0,1,0.792040744509755,1
LOLTMNT01_364149,LCK,2026-04-12T10:55:22+00:00,15,2155.0,1985.0,1.0,5,0.792040744509755,1
LOLTMNT01_364149,LCK,2026-04-12T10:55:22+00:00,20,4344.0,4828.0,45.0,7,0.792040744509755,1
LOLTMNT01_364149,LCK,2026-04-12T10:55:22+00:00,25,3605.0,4641.0,51.0,6,0.792040744509755,1
LOLTMNT01_364361,LCS,2026-04-12T21:46:22+00:00,10,-558.0,238.0,21.0,-1,0.6996881877869797,1
LOLTMNT01_364361,LCS,2026-04-12T21:46:22+00:00,15,-243.0,75.0,9.0,-1,0.6996881877869797,1
LOLTMNT01_364361,LCS,2026-04-12T21:46:22+00:00,20,1975.0,2340.0,40.0,1,0.6996881877869797,1
LOLTMNT01_364361,LCS,2026-04-12T21:46:22+00:00,25,2108.0,1610.0,44.0,0,0.6996881877869797,1
LOLTMNT01_364374,LCS,2026-04-12T23:30:01+00:00,10,-35.0,624.0,20.0,-1,0.3003118122130203,0
LOLTMNT01_364374,LCS,2026-04-12T23:30:01+00:00,15,-520.0,20.0,20.0,-1,0.3003118122130203,0
LOLTMNT01_364374,LCS,2026-04-12T23:30:01+00:00,20,-2507.0,-1537.0,-11.0,-2,0.3003118122130203,0
LOLTMNT01_364374,LCS,2026-04-12T23:30:01+00:00,25,-1983.0,-3501.0,-11.0,-1,0.3003118122130203,0
LOLTMNT01_365317,EWC,2026-04-14T19:56:18+00:00,10,-506.0,-92.0,-5.0,0,0.4981586583424682,1
LOLTMNT01_365317,EWC,2026-04-14T19:56:18+00:00,15,-37.0,1318.0,17.0,1,0.4981586583424682,1
LOLTMNT01_365317,EWC,2026-04-14T19:56:18+00:00,20,-1974.0,-122.0,-33.0,2,0.4981586583424682,1
LOLTMNT01_365317,EWC,2026-04-14T19:56:18+00:00,25,-3349.0,2309.0,-31.0,-1,0.4981586583424682,1
LOLTMNT01_365358,EWC,2026-04-14T21:57:02+00:00,10,1994.0,939.0,15.0,4,0.5018413416575318,0
LOLTMNT01_365358,EWC,2026-04-14T21:57:02+00:00,15,2797.0,743.0,29.0,5,0.5018413416575318,0
LOLTMNT01_365358,EWC,2026-04-14T21:57:02+00:00,20,1444.0,-2562.0,55.0,2,0.5018413416575318,0
LOLTMNT01_365358,EWC,2026-04-14T21:57:02+00:00,25,-1984.0,-7084.0,77.0,-2,0.5018413416575318,0
LOLTMNT01_365645,EWC,2026-04-15T19:04:00+00:00,10,1251.0,1416.0,13.0,2,0.7549961706739057,1
LOLTMNT01_365645,EWC,2026-04-15T19:04:00+00:00,15,2978.0,2249.0,24.0,3,0.7549961706739057,1
LOLTMNT01_365645,EWC,2026-04-15T19:04:00+00:00,20,3253.0,2175.0,16.0,2,0.7549961706739057,1
LOLTMNT01_365645,EWC,2026-04-15T19:04:00+00:00,25,3703.0,3934.0,55.0,-1,0.7549961706739057,1
LOLTMNT01_365660,EWC,2026-04-15T19:56:19+00:00,10,-284.0,-35.0,3.0,0,0.248824822391505,0
LOLTMNT01_365660,EWC,2026-04-15T19:56:19+00:00,15,-1132.0,-963.0,-3.0,-2,0.248824822391505,0
LOLTMNT01_365660,EWC,2026-04-15T19:56:19+00:00,20,-2381.0,-2305.0,-15.0,-4,0.248824822391505,0
LOLTMNT01_365660,EWC,2026-04-15T19:56:19+00:00,25,-3940.0,-4450.0,-33.0,-6,0.248824822391505,0
LOLTMNT01_365666,EWC,2026-04-15T20:48:59+00:00,10,1329.0,-163.0,1.0,5,0.751175177608495,1
LOLTMNT01_365666,EWC,2026-04-15T20:48:59+00:00,15,2838.0,2372.0,-4.0,10,0.751175177608495,1
LOLTMNT01_365666,EWC,2026-04-15T20:48:59+00:00,20,189.0,-797.0,-35.0,7,0.751175177608495,1
LOLTMNT01_365666,EWC,2026-04-15T20:48:59+00:00,25,-2664.0,-456.0,8.0,7,0.751175177608495,1
LOLTMNT01_365803,LCK,2026-04-16T09:01:02+00:00,10,2024.0,1705.0,65.0,1,0.920215355189547,1
LOLTMNT01_365803,LCK,2026-04-16T09:01:02+00:00,15,2450.0,1712.0,100.0,0,0.920215355189547,1
LOLTMNT01_365803,LCK,2026-04-16T09:01:02+00:00,20,5723.0,4422.0,130.0,2,0.920215355189547,1
LOLTMNT01_365803,LCK,2026-04-16T09:01:02+00:00,25,9774.0,9858.0,171.0,4,0.920215355189547,1
LOLTMNT01_365830,LCK,2026-04-16T11:03:24+00:00,10,-163.0,847.0,16.0,-1,0.822666357379901,1
LOLTMNT01_365830,LCK,2026-04-16T11:03:24+00:00,15,190.0,-702.0,19.0,-3,0.822666357379901,1
LOLTMNT01_365830,LCK,2026-04-16T11:03:24+00:00,20,1151.0,-702.0,21.0,-5,0.822666357379901,1
LOLTMNT01_365830,LCK,2026-04-16T11:03:24+00:00,25,1723.0,-1798.0,32.0,-3,0.822666357379901,1
LOLTMNT01_365961,EWC,2026-04-16T18:09:19+00:00,10,-705.0,-518.0,-35.0,0,0.3296048851489312,0
LOLTMNT01_365961,EWC,2026-04-16T18:09:19+00:00,15,-2707.0,-1892.0,-36.0,-3,0.3296048851489312,0
LOLTMNT01_365961,EWC,2026-04-16T18:09:19+00:00,20,-2544.0,-2797.0,-34.0,-3,0.3296048851489312,0
LOLTMNT01_365961,EWC,2026-04-16T18:09:19+00:00,25,-2697.0,-7036.0,-28.0,-4,0.3296048851489312,0
LOLTMNT01_365986,EWC,2026-04-16T20:49:21+00:00,10,2421.0,1662.0,-9.0,5,0.5396873479597095,1
LOLTMNT01_365986,EWC,2026-04-16T20:49:21+00:00,15,5785.0,2959.0,12.0,7,0.5396873479597095,1
LOLTMNT01_365986,EWC,2026-04-16T20:49:21+00:00,20,10695.0,7233.0,22.0,14,0.5396873479597095,1
LOLTMNT01_365986,EWC,2026-04-16T20:49:21+00:00,25,14381.0,13272.0,66.0,19,0.5396873479597095,1
LOLTMNT01_366087,EWC,2026-04-14T20:55:07+00:00,10,-1236.0,-648.0,-21.0,-2,0.4981586583424682,0
LOLTMNT01_366087,EWC,2026-04-14T20:55:07+00:00,15,369.0,1952.0,-29.0,3,0.4981586583424682,0
LOLTMNT01_366087,EWC,2026-04-14T20:55:07+00:00,20,3461.0,5512.0,1.0,5,0.4981586583424682,0
LOLTMNT01_366087,EWC,2026-04-14T20:55:07+00:00,25,1591.0,3416.0,-35.0,4,0.4981586583424682,0
LOLTMNT01_366395,EWC,2026-04-15T18:07:29+00:00,10,-1541.0,-468.0,7.0,-3,0.2450038293260943,0
LOLTMNT01_366395,EWC,2026-04-15T18:07:29+00:00,15,-1556.0,-434.0,-10.0,-2,0.2450038293260943,0
LOLTMNT01_366395,EWC,2026-04-15T18:07:29+00:00,20,-3047.0,-848.0,-22.0,-2,0.2450038293260943,0
LOLTMNT01_366395,EWC,2026-04-15T18:07:29+00:00,25,193.0,3430.0,-43.0,1,0.2450038293260943,0
LOLTMNT01_366570,LCK,2026-04-16T08:07:45+00:00,10,2111.0,188.0,26.0,2,0.138009406545296,0
LOLTMNT01_366570,LCK,2026-04-16T08:07:45+00:00,15,4040.0,1172.0,39.0,3,0.138009406545296,0
LOLTMNT01_366570,LCK,2026-04-16T08:07:45+00:00,20,2252.0,-1024.0,14.0,1,0.138009406545296,0
LOLTMNT01_366570,LCK,2026-04-16T08:07:45+00:00,25,913.0,-3369.0,-10.0,-1,0.138009406545296,0
LOLTMNT01_366617,LCK,2026-04-16T10:19:53+00:00,10,-2961.0,-2020.0,-45.0,-5,0.292717153206541,0
LOLTMNT01_366617,LCK,2026-04-16T10:19:53+00:00,15,-6639.0,-5196.0,-75.0,-9,0.292717153206541,0
LOLTMNT01_366617,LCK,2026-04-16T10:19:53+00:00,20,-12277.0,-9458.0,-123.0,-15,0.292717153206541,0
LOLTMNT01_366750,EWC,2026-04-16T19:04:10+00:00,10,2207.0,900.0,35.0,1,0.6703951148510687,1
LOLTMNT01_366750,EWC,2026-04-16T19:04:10+00:00,15,4696.0,2868.0,61.0,4,0.6703951148510687,1
LOLTMNT01_366750,EWC,2026-04-16T19:04:10+00:00,20,6297.0,2576.0,81.0,5,0.6703951148510687,1
LOLTMNT01_366750,EWC,2026-04-16T19:04:10+00:00,25,11714.0,10063.0,96.0,13,0.6703951148510687,1
LOLTMNT01_366756,EWC,2026-04-16T19:56:52+00:00,10,-1479.0,-1406.0,-6.0,-2,0.4603126520402905,0
LOLTMNT01_366756,EWC,2026-04-16T19:56:52+00:00,15,-1663.0,-1021.0,-15.0,-3,0.4603126520402905,0
LOLTMNT01_366756,EWC,2026-04-16T19:56:52+00:00,20,-3060.0,-1583.0,-36.0,-2,0.4603126520402905,0
LOLTMNT01_366756,EWC,2026-04-16T19:56:52+00:00,25,-9666.0,-9405.0,-72.0,-8,0.4603126520402905,0
LOLTMNT01_366902,LCK,2026-04-17T12:07:48+00:00,10,3086.0,1840.0,9.0,5,0.716403838302151,0
LOLTMNT01_366902,LCK,2026-04-17T12:07:48+00:00,15,2672.0,97.0,-9.0,4,0.716403838302151,0
LOLTMNT01_366902,LCK,2026-04-17T12:07:48+00:00,20,3390.0,163.0,22.0,4,0.716403838302151,0
LOLTMNT01_366902,LCK,2026-04-17T12:07:48+00:00,25,2814.0,584.0,47.0,4,0.716403838302151,0
LOLTMNT01_367097,LCK,2026-04-17T08:09:20+00:00,10,1400.0,2062.0,9.0,4,0.67333221362689,1
LOLTMNT01_367097,LCK,2026-04-17T08:09:20+00:00,15,3662.0,2627.0,16.0,6,0.67333221362689,1
LOLTMNT01_367097,LCK,2026-04-17T08:09:20+00:00,20,7579.0,5757.0,28.0,9,0.67333221362689,1
LOLTMNT01_367097,LCK,2026-04-17T08:09:20+00:00,25,10811.0,9856.0,6.0,13,0.67333221362689,1
LOLTMNT01_367103,LCK,2026-04-17T08:56:00+00:00,10,-932.0,-1645.0,-34.0,0,0.691378834022177,1
LOLTMNT01_367103,LCK,2026-04-17T08:56:00+00:00,15,-522.0,-1169.0,-33.0,1,0.691378834022177,1
LOLTMNT01_367103,LCK,2026-04-17T08:56:00+00:00,20,-2866.0,-3927.0,-53.0,-1,0.691378834022177,1
LOLTMNT01_367103,LCK,2026-04-17T08:56:00+00:00,25,1408.0,3609.0,-39.0,3,0.691378834022177,1
LOLTMNT01_367128,LCK,2026-04-17T10:18:08+00:00,10,-614.0,313.0,-6.0,-1,0.722075382145096,0
LOLTMNT01_367128,LCK,2026-04-17T10:18:08+00:00,15,-2841.0,-385.0,-3.0,-4,0.722075382145096,0
LOLTMNT01_367128,LCK,2026-04-17T10:18:08+00:00,20,-2363.0,-682.0,27.0,-5,0.722075382145096,0
LOLTMNT01_367128,LCK,2026-04-17T10:18:08+00:00,25,-3695.0,-3629.0,7.0,-5,0.722075382145096,0
LOLTMNT01_367136,LCK,2026-04-17T11:14:57+00:00,10,-1047.0,-8.0,-17.0,0,0.434719295297759,0
LOLTMNT01_367136,LCK,2026-04-17T11:14:57+00:00,15,-1372.0,267.0,-3.0,-1,0.434719295297759,0
LOLTMNT01_367136,LCK,2026-04-17T11:14:57+00:00,20,-2004.0,458.0,-7.0,-2,0.434719295297759,0
LOLTMNT01_367136,LCK,2026-04-17T11:14:57+00:00,25,-4853.0,-6358.0,-6.0,-6,0.434719295297759,0
LOLTMNT01_367338,LCK,2026-04-18T11:10:20+00:00,10,1467.0,1267.0,30.0,2,0.765786881331763,1
LOLTMNT01_367338,LCK,2026-04-18T11:10:20+00:00,15,2530.0,1186.0,36.0,3,0.765786881331763,1
LOLTMNT01_367338,LCK,2026-04-18T11:10:20+00:00,20,5421.0,3262.0,78.0,4,0.765786881331763,1
LOLTMNT01_367338,LCK,2026-04-18T11:10:20+00:00,25,8677.0,8634.0,117.0,5,0.765786881331763,1
LOLTMNT01_367468,LCK,2026-04-19T09:06:05+00:00,10,-1033.0,469.0,2.0,-2,0.703689246423099,1
LOLTMNT01_367468,LCK,2026-04-19T09:06:05+00:00,15,66.0,2069.0,50.0,-2,0.703689246423099,1
LOLTMNT01_367468,LCK,2026-04-19T09:06:05+00:00,20,348.0,1112.0,28.0,-1,0.703689246423099,1
LOLTMNT01_367468,LCK,2026-04-19T09:06:05+00:00,25,1329.0,849.0,43.0,0,0.703689246423099,1
LOLTMNT01_368128,LCK,2026-04-18T08:07:24+00:00,10,212.0,293.0,-6.0,0,0.720026490165557,0
LOLTMNT01_368128,LCK,2026-04-18T08:07:24+00:00,15,-1968.0,-1642.0,-12.0,-4,0.720026490165557,0
LOLTMNT01_368128,LCK,2026-04-18T08:07:24+00:00,20,-6543.0,-6696.0,-39.0,-11,0.720026490165557,0
LOLTMNT01_368128,LCK,2026-04-18T08:07:24+00:00,25,-7954.0,-7426.0,0.0,-13,0.720026490165557,0
LOLTMNT01_368133,LCK,2026-04-18T09:00:18+00:00,10,-307.0,-353.0,-29.0,1,0.436094058235816,1
LOLTMNT01_368133,LCK,2026-04-18T09:00:18+00:00,15,401.0,-201.0,-30.0,3,0.436094058235816,1
LOLTMNT01_368133,LCK,2026-04-18T09:00:18+00:00,20,1705.0,873.0,-32.0,5,0.436094058235816,1
LOLTMNT01_368133,LCK,2026-04-18T09:00:18+00:00,25,1695.0,1627.0,-38.0,6,0.436094058235816,1
LOLTMNT01_368165,LCK,2026-04-18T10:19:42+00:00,10,-532.0,-119.0,2.0,0,0.365218873002887,0
LOLTMNT01_368165,LCK,2026-04-18T10:19:42+00:00,15,-3376.0,-2299.0,-48.0,-2,0.365218873002887,0
LOLTMNT01_368165,LCK,2026-04-18T10:19:42+00:00,20,-4802.0,-3100.0,-60.0,-2,0.365218873002887,0
LOLTMNT01_368165,LCK,2026-04-18T10:19:42+00:00,25,-6483.0,-3719.0,-94.0,-2,0.365218873002887,0
LOLTMNT01_368322,LCK,2026-04-19T08:06:04+00:00,10,113.0,275.0,-6.0,1,0.392097678396992,1
LOLTMNT01_368322,LCK,2026-04-19T08:06:04+00:00,15,950.0,426.0,-26.0,4,0.392097678396992,1
LOLTMNT01_368322,LCK,2026-04-19T08:06:04+00:00,20,1382.0,1467.0,-35.0,6,0.392097678396992,1
LOLTMNT01_368322,LCK,2026-04-19T08:06:04+00:00,25,2547.0,4737.0,-18.0,10,0.392097678396992,1
LOLTMNT01_368343,LCK,2026-04-19T10:01:26+00:00,10,-10.0,-946.0,-1.0,0,0.408588587132354,0
LOLTMNT01_368343,LCK,2026-04-19T10:01:26+00:00,15,-158.0,-494.0,-19.0,1,0.408588587132354,0
LOLTMNT01_368343,LCK,2026-04-19T10:01:26+00:00,20,781.0,1153.0,-40.0,5,0.408588587132354,0
LOLTMNT01_368343,LCK,2026-04-19T10:01:26+00:00,25,-4640.0,-6765.0,-64.0,1,0.408588587132354,0
LOLTMNT01_368366,LCK,2026-04-19T11:23:50+00:00,10,1548.0,884.0,21.0,1,0.86503699019313,1
LOLTMNT01_368366,LCK,2026-04-19T11:23:50+00:00,15,2818.0,2105.0,42.0,1,0.86503699019313,1
LOLTMNT01_368366,LCK,2026-04-19T11:23:50+00:00,20,4054.0,3195.0,31.0,3,0.86503699019313,1
LOLTMNT01_368366,LCK,2026-04-19T11:23:50+00:00,25,7868.0,3941.0,57.0,5,0.86503699019313,1
LOLTMNT01_368375,LCK,2026-04-19T12:15:21+00:00,10,40.0,-549.0,18.0,-1,0.870294161083011,1
LOLTMNT01_368375,LCK,2026-04-19T12:15:21+00:00,15,1440.0,317.0,40.0,0,0.870294161083011,1
LOLTMNT01_368375,LCK,2026-04-19T12:15:21+00:00,20,2263.0,186.0,41.0,0,0.870294161083011,1
LOLTMNT01_368375,LCK,2026-04-19T12:15:21+00:00,25,3805.0,1859.0,72.0,1,0.870294161083011,1
LOLTMNT01_371869,LCS,2026-05-03T20:08:44+00:00,10,69.0,1115.0,25.0,-1,0.5862000053977645,1
LOLTMNT01_371869,LCS,2026-05-03T20:08:44+00:00,15,-553.0,-87.0,16.0,-2,0.5862000053977645,1
LOLTMNT01_371869,LCS,2026-05-03T20:08:44+00:00,20,-1347.0,-1298.0,-15.0,-1,0.5862000053977645,1
LOLTMNT01_371869,LCS,2026-05-03T20:08:44+00:00,25,1358.0,3210.0,10.0,1,0.5862000053977645,1
LOLTMNT01_372225,LCS,2026-05-02T20:10:20+00:00,10,90.0,-371.0,-8.0,0,0.1749131143179219,0
LOLTMNT01_372225,LCS,2026-05-02T20:10:20+00:00,15,1074.0,-94.0,2.0,1,0.1749131143179219,0
LOLTMNT01_372225,LCS,2026-05-02T20:10:20+00:00,20,1808.0,-610.0,-10.0,1,0.1749131143179219,0
LOLTMNT01_372225,LCS,2026-05-02T20:10:20+00:00,25,-946.0,-3783.0,-32.0,-2,0.1749131143179219,0
LOLTMNT01_372247,LCS,2026-05-02T21:02:28+00:00,10,1961.0,1576.0,62.0,1,0.8250868856820781,0
LOLTMNT01_372247,LCS,2026-05-02T21:02:28+00:00,15,2445.0,1924.0,78.0,1,0.8250868856820781,0
LOLTMNT01_372247,LCS,2026-05-02T21:02:28+00:00,20,4161.0,2793.0,104.0,2,0.8250868856820781,0
LOLTMNT01_372247,LCS,2026-05-02T21:02:28+00:00,25,5009.0,4570.0,93.0,2,0.8250868856820781,0
LOLTMNT01_372285,LCS,2026-05-02T21:55:51+00:00,10,-275.0,269.0,-15.0,0,0.1749131143179219,0
LOLTMNT01_372285,LCS,2026-05-02T21:55:51+00:00,15,-2126.0,-1273.0,-28.0,-3,0.1749131143179219,0
LOLTMNT01_372285,LCS,2026-05-02T21:55:51+00:00,20,-3220.0,-1497.0,-44.0,-2,0.1749131143179219,0
LOLTMNT01_372285,LCS,2026-05-02T21:55:51+00:00,25,-5327.0,-7384.0,-74.0,-2,0.1749131143179219,0
LOLTMNT01_372303,LCS,2026-05-02T22:47:57+00:00,10,1223.0,581.0,43.0,1,0.2216051667157874,0
LOLTMNT01_372303,LCS,2026-05-02T22:47:57+00:00,15,1471.0,1256.0,65.0,0,0.2216051667157874,0
LOLTMNT01_372303,LCS,2026-05-02T22:47:57+00:00,20,3109.0,2377.0,95.0,0,0.2216051667157874,0
LOLTMNT01_372303,LCS,2026-05-02T22:47:57+00:00,25,-3658.0,-3999.0,55.0,-8,0.2216051667157874,0
LOLTMNT01_372312,LCS,2026-05-02T23:35:43+00:00,10,168.0,397.0,6.0,0,0.7783948332842126,1
LOLTMNT01_372312,LCS,2026-05-02T23:35:43+00:00,15,262.0,1678.0,15.0,2,0.7783948332842126,1
LOLTMNT01_372312,LCS,2026-05-02T23:35:43+00:00,20,-2075.0,-1087.0,10.0,-1,0.7783948332842126,1
LOLTMNT01_372312,LCS,2026-05-02T23:35:43+00:00,25,3590.0,9664.0,39.0,5,0.7783948332842126,1
LOLTMNT01_372786,LCS,2026-05-03T21:04:01+00:00,10,784.0,-76.0,-1.0,2,0.5862000053977645,1
LOLTMNT01_372786,LCS,2026-05-03T21:04:01+00:00,15,1180.0,1026.0,11.0,1,0.5862000053977645,1
LOLTMNT01_372786,LCS,2026-05-03T21:04:01+00:00,20,836.0,-159.0,-15.0,1,0.5862000053977645,1
LOLTMNT01_372786,LCS,2026-05-03T21:04:01+00:00,25,-786.0,-1969.0,-21.0,0,0.5862000053977645,1
LOLTMNT01_372948,EWC,2026-05-04T07:16:19+00:00,10,-987.0,-1066.0,-7.0,-1,0.589322204393654,1
LOLTMNT01_372948,EWC,2026-05-04T07:16:19+00:00,15,-3747.0,-1867.0,-35.0,-3,0.589322204393654,1
LOLTMNT01_372948,EWC,2026-05-04T07:16:19+00:00,20,1945.0,4234.0,-21.0,6,0.589322204393654,1
LOLTMNT01_372948,EWC,2026-05-04T07:16:19+00:00,25,1920.0,3325.0,-58.0,7,0.589322204393654,1
LOLTMNT01_373058,EWC,2026-05-04T08:16:56+00:00,10,-510.0,-695.0,-13.0,-1,0.589322204393654,0
LOLTMNT01_373058,EWC,2026-05-04T08:16:56+00:00,15,749.0,-909.0,-19.0,1,0.589322204393654,0
LOLTMNT01_373058,EWC,2026-05-04T08:16:56+00:00,20,1261.0,2.0,-18.0,2,0.589322204393654,0
LOLTMNT01_373058,EWC,2026-05-04T08:16:56+00:00,25,-7154.0,-10745.0,-45.0,-7,0.589322204393654,0
LOLTMNT01_373082,EWC,2026-05-04T09:05:30+00:00,10,234.0,-370.0,-4.0,-1,0.589322204393654,0
LOLTMNT01_373082,EWC,2026-05-04T09:05:30+00:00,15,-2383.0,-1502.0,-21.0,-3,0.589322204393654,0
LOLTMNT01_373082,EWC,2026-05-04T09:05:30+00:00,20,-4844.0,-2344.0,-23.0,-4,0.589322204393654,0
LOLTMNT01_373082,EWC,2026-05-04T09:05:30+00:00,25,-8106.0,-5968.0,-48.0,-6,0.589322204393654,0
LOLTMNT01_373144,EWC,2026-05-04T11:06:46+00:00,10,2638.0,1157.0,25.0,4,0.3419588024367044,1
LOLTMNT01_373144,EWC,2026-05-04T11:06:46+00:00,15,3620.0,1842.0,47.0,4,0.3419588024367044,1
LOLTMNT01_373144,EWC,2026-05-04T11:06:46+00:00,20,5525.0,3435.0,50.0,6,0.3419588024367044,1
LOLTMNT01_373144,EWC,2026-05-04T11:06:46+00:00,25,4284.0,3984.0,57.0,6,0.3419588024367044,1
LOLTMNT01_373179,EWC,2026-05-04T12:23:10+00:00,10,-984.0,-2097.0,-29.0,0,0.2434408008585433,0
LOLTMNT01_373179,EWC,2026-05-04T12:23:10+00:00,15,-3507.0,-3577.0,-37.0,-4,0.2434408008585433,0
LOLTMNT01_373179,EWC,2026-05-04T12:23:10+00:00,20,-6369.0,-6646.0,-61.0,-9,0.2434408008585433,0
LOLTMNT01_373542,EWC,2026-05-05T08:05:39+00:00,10,1334.0,1356.0,-4.0,3,0.1904771245313952,0
LOLTMNT01_373542,EWC,2026-05-05T08:05:39+00:00,15,778.0,1354.0,-4.0,2,0.1904771245313952,0
LOLTMNT01_373542,EWC,2026-05-05T08:05:39+00:00,20,524.0,526.0,-2.0,1,0.1904771245313952,0
LOLTMNT01_373542,EWC,2026-05-05T08:05:39+00:00,25,-7250.0,-9223.0,-39.0,-8,0.1904771245313952,0
LOLTMNT01_373567,EWC,2026-05-05T08:56:18+00:00,10,548.0,112.0,10.0,0,0.8095228754686048,1
LOLTMNT01_373567,EWC,2026-05-05T08:56:18+00:00,15,853.0,1447.0,27.0,0,0.8095228754686048,1
LOLTMNT01_373567,EWC,2026-05-05T08:56:18+00:00,20,3554.0,3823.0,30.0,4,0.8095228754686048,1
LOLTMNT01_373567,EWC,2026-05-05T08:56:18+00:00,25,3337.0,7692.0,25.0,5,0.8095228754686048,1
LOLTMNT01_373637,EWC,2026-05-05T10:52:00+00:00,10,2072.0,1171.0,40.0,2,0.6414552844044206,1
LOLTMNT01_373637,EWC,2026-05-05T10:52:00+00:00,15,3233.0,2410.0,46.0,4,0.6414552844044206,1
LOLTMNT01_373637,EWC,2026-05-05T10:52:00+00:00,20,3990.0,1578.0,71.0,3,0.6414552844044206,1
LOLTMNT01_373637,EWC,2026-05-05T10:52:00+00:00,25,2010.0,1831.0,68.0,-1,0.6414552844044206,1
LOLTMNT01_374008,EWC,2026-05-04T10:12:08+00:00,10,81.0,1566.0,25.0,-2,0.3419588024367044,1
LOLTMNT01_374008,EWC,2026-05-04T10:12:08+00:00,15,3226.0,3207.0,53.0,1,0.3419588024367044,1
LOLTMNT01_374008,EWC,2026-05-04T10:12:08+00:00,20,6555.0,5819.0,64.0,7,0.3419588024367044,1
LOLTMNT01_374008,EWC,2026-05-04T10:12:08+00:00,25,10524.0,8148.0,56.0,8,0.3419588024367044,1
LOLTMNT01_374095,EWC,2026-05-04T13:09:41+00:00,10,717.0,1033.0,-8.0,0,0.7565591991414566,1
LOLTMNT01_374095,EWC,2026-05-04T13:09:41+00:00,15,5651.0,5457.0,20.0,8,0.7565591991414566,1
LOLTMNT01_374095,EWC,2026-05-04T13:09:41+00:00,20,5976.0,6020.0,61.0,8,0.7565591991414566,1
LOLTMNT01_374095,EWC,2026-05-04T13:09:41+00:00,25,9067.0,9501.0,84.0,9,0.7565591991414566,1
LOLTMNT01_374517,EWC,2026-05-05T10:00:16+00:00,10,1288.0,219.0,32.0,1,0.6414552844044206,1
LOLTMNT01_374517,EWC,2026-05-05T10:00:16+00:00,15,4134.0,1865.0,70.0,3,0.6414552844044206,1
LOLTMNT01_374517,EWC,2026-05-05T10:00:16+00:00,20,4070.0,804.0,80.0,2,0.6414552844044206,1
LOLTMNT01_374517,EWC,2026-05-05T10:00:16+00:00,25,5536.0,3589.0,90.0,6,0.6414552844044206,1
LOLTMNT01_375534,LCK,2026-05-06T08:06:15+00:00,10,141.0,-368.0,-12.0,0,0.169295449650456,0
LOLTMNT01_375534,LCK,2026-05-06T08:06:15+00:00,15,-472.0,-756.0,-5.0,-2,0.169295449650456,0
LOLTMNT01_375534,LCK,2026-05-06T08:06:15+00:00,20,650.0,-11.0,-15.0,0,0.169295449650456,0
LOLTMNT01_375534,LCK,2026-05-06T08:06:15+00:00,25,1367.0,-3476.0,-26.0,0,0.169295449650456,0
LOLTMNT01_375573,LCK,2026-05-06T09:11:56+00:00,10,1230.0,-194.0,1.0,3,0.90078390775984,1
LOLTMNT01_375573,LCK,2026-05-06T09:11:56+00:00,15,1882.0,1330.0,13.0,5,0.90078390775984,1
LOLTMNT01_375573,LCK,2026-05-06T09:11:56+00:00,20,740.0,-48.0,18.0,4,0.90078390775984,1
LOLTMNT01_375573,LCK,2026-05-06T09:11:56+00:00,25,3842.0,6282.0,52.0,7,0.90078390775984,1
LOLTMNT01_376550,LCK,2026-05-06T10:34:43+00:00,10,-566.0,-365.0,-7.0,0,0.165610613211155,0
LOLTMNT01_376550,LCK,2026-05-06T10:34:43+00:00,15,-1383.0,-1798.0,-13.0,-2,0.165610613211155,0
LOLTMNT01_376550,LCK,2026-05-06T10:34:43+00:00,20,-7074.0,-7854.0,-62.0,-7,0.165610613211155,0
LOLTMNT01_376550,LCK,2026-05-06T10:34:43+00:00,25,-9333.0,-10261.0,-77.0,-11,0.165610613211155,0
LOLTMNT01_376585,LCK,2026-05-06T11:22:02+00:00,10,315.0,538.0,-10.0,-1,0.901589736827561,1
LOLTMNT01_376585,LCK,2026-05-06T11:22:02+00:00,15,780.0,645.0,-14.0,-1,0.901589736827561,1
LOLTMNT01_376585,LCK,2026-05-06T11:22:02+00:00,20,2372.0,-282.0,-10.0,-1,0.901589736827561,1
LOLTMNT01_376585,LCK,2026-05-06T11:22:02+00:00,25,1979.0,-1168.0,-14.0,-1,0.901589736827561,1
LOLTMNT01_377874,LCK,2026-05-08T11:32:42+00:00,10,1253.0,1064.0,18.0,2,0.917179734778198,1
LOLTMNT01_377874,LCK,2026-05-08T11:32:42+00:00,15,1855.0,1627.0,33.0,3,0.917179734778198,1
LOLTMNT01_377874,LCK,2026-05-08T11:32:42+00:00,20,5253.0,3686.0,53.0,5,0.917179734778198,1
LOLTMNT01_377874,LCK,2026-05-08T11:32:42+00:00,25,9752.0,11062.0,90.0,9,0.917179734778198,1
LOLTMNT01_378089,LCK,2026-05-07T08:07:34+00:00,10,-860.0,-413.0,30.0,-2,0.505540482926067,1
LOLTMNT01_378089,LCK,2026-05-07T08:07:34+00:00,15,-1028.0,-1715.0,-7.0,0,0.505540482926067,1
LOLTMNT01_378089,LCK,2026-05-07T08:07:34+00:00,20,-1576.0,-2385.0,-6.0,-1,0.505540482926067,1
LOLTMNT01_378089,LCK,2026-05-07T08:07:34+00:00,25,-1908.0,-1004.0,5.0,-1,0.505540482926067,1
LOLTMNT01_378106,LCK,2026-05-07T09:01:55+00:00,10,-1855.0,-1009.0,-28.0,-1,0.532069245913873,1
LOLTMNT01_378106,LCK,2026-05-07T09:01:55+00:00,15,-4201.0,-3280.0,-79.0,-1,0.532069245913873,1
LOLTMNT01_378106,LCK,2026-05-07T09:01:55+00:00,20,-5569.0,-4387.0,-92.0,-4,0.532069245913873,1
LOLTMNT01_378106,LCK,2026-05-07T09:01:55+00:00,25,-6209.0,-8527.0,-107.0,-5,0.532069245913873,1
LOLTMNT01_378144,LCK,2026-05-07T10:30:17+00:00,10,-542.0,426.0,-2.0,-1,0.775252549295304,0
LOLTMNT01_378144,LCK,2026-05-07T10:30:17+00:00,15,-2762.0,-1330.0,-20.0,-4,0.775252549295304,0
LOLTMNT01_378144,LCK,2026-05-07T10:30:17+00:00,20,-6269.0,-3469.0,-52.0,-6,0.775252549295304,0
LOLTMNT01_378144,LCK,2026-05-07T10:30:17+00:00,25,-6169.0,-6031.0,-68.0,-7,0.775252549295304,0
LOLTMNT01_378170,LCK,2026-05-07T11:22:31+00:00,10,-145.0,93.0,14.0,-1,0.371106635166538,1
LOLTMNT01_378170,LCK,2026-05-07T11:22:31+00:00,15,267.0,-930.0,-6.0,-1,0.371106635166538,1
LOLTMNT01_378170,LCK,2026-05-07T11:22:31+00:00,20,-2999.0,-2568.0,-5.0,-6,0.371106635166538,1
LOLTMNT01_378170,LCK,2026-05-07T11:22:31+00:00,25,-2781.0,-2634.0,-27.0,-5,0.371106635166538,1
LOLTMNT01_378734,LCK,2026-05-08T08:05:48+00:00,10,472.0,621.0,9.0,0,0.885347413070278,1
LOLTMNT01_378734,LCK,2026-05-08T08:05:48+00:00,15,1040.0,-66.0,-8.0,1,0.885347413070278,1
LOLTMNT01_378734,LCK,2026-05-08T08:05:48+00:00,20,4187.0,3999.0,37.0,6,0.885347413070278,1
LOLTMNT01_378734,LCK,2026-05-08T08:05:48+00:00,25,12033.0,12341.0,79.0,12,0.885347413070278,1
LOLTMNT01_378764,LCK,2026-05-08T08:52:21+00:00,10,3095.0,1999.0,37.0,4,0.888249990144202,1
LOLTMNT01_378764,LCK,2026-05-08T08:52:21+00:00,15,6271.0,4525.0,73.0,6,0.888249990144202,1
LOLTMNT01_378764,LCK,2026-05-08T08:52:21+00:00,20,9969.0,6849.0,96.0,8,0.888249990144202,1
LOLTMNT01_378764,LCK,2026-05-08T08:52:21+00:00,25,14562.0,10572.0,88.0,14,0.888249990144202,1
LOLTMNT01_378900,LCK,2026-05-08T10:40:52+00:00,10,1892.0,1380.0,19.0,3,0.915789724295029,1
LOLTMNT01_378900,LCK,2026-05-08T10:40:52+00:00,15,4431.0,4710.0,37.0,8,0.915789724295029,1
LOLTMNT01_378900,LCK,2026-05-08T10:40:52+00:00,20,9566.0,8043.0,48.0,13,0.915789724295029,1
LOLTMNT01_378900,LCK,2026-05-08T10:40:52+00:00,25,12988.0,12560.0,32.0,19,0.915789724295029,1
LOLTMNT01_379647,LCK,2026-05-09T10:15:45+00:00,10,822.0,871.0,36.0,0,0.482625417832386,1
LOLTMNT01_379647,LCK,2026-05-09T10:15:45+00:00,15,1102.0,1952.0,28.0,2,0.482625417832386,1
LOLTMNT01_379647,LCK,2026-05-09T10:15:45+00:00,20,1540.0,1698.0,25.0,2,0.482625417832386,1
LOLTMNT01_379647,LCK,2026-05-09T10:15:45+00:00,25,2637.0,3522.0,19.0,3,0.482625417832386,1
LOLTMNT01_379961,LCS,2026-05-09T20:08:09+00:00,10,-2073.0,-1145.0,-30.0,-3,0.349444484923397,0
LOLTMNT01_379961,LCS,2026-05-09T20:08:09+00:00,15,-1345.0,-722.0,-41.0,-1,0.349444484923397,0
LOLTMNT01_379961,LCS,2026-05-09T20:08:09+00:00,20,-1984.0,-1010.0,-60.0,-1,0.349444484923397,0
LOLTMNT01_379961,LCS,2026-05-09T20:08:09+00:00,25,-1647.0,-1724.0,-37.0,-1,0.349444484923397,0
LOLTMNT01_379978,LCS,2026-05-09T21:05:30+00:00,10,-1057.0,-782.0,23.0,-2,0.349444484923397,0
LOLTMNT01_379978,LCS,2026-05-09T21:05:30+00:00,15,-609.0,-45.0,23.0,-1,0.349444484923397,0
LOLTMNT01_379978,LCS,2026-05-09T21:05:30+00:00,20,-325.0,-1751.0,0.0,-1,0.349444484923397,0
LOLTMNT01_379978,LCS,2026-05-09T21:05:30+00:00,25,848.0,-413.0,-3.0,1,0.349444484923397,0
LOLTMNT01_379997,LCS,2026-05-09T22:43:18+00:00,10,-842.0,-257.0,-11.0,-2,0.6350681363112308,1
LOLTMNT01_379997,LCS,2026-05-09T22:43:18+00:00,15,-526.0,71.0,0.0,-2,0.6350681363112308,1
LOLTMNT01_379997,LCS,2026-05-09T22:43:18+00:00,20,31.0,441.0,-21.0,1,0.6350681363112308,1
LOLTMNT01_379997,LCS,2026-05-09T22:43:18+00:00,25,818.0,1808.0,-36.0,0,0.6350681363112308,1
LOLTMNT01_380497,LCK,2026-05-09T08:06:41+00:00,10,-138.0,-612.0,13.0,-1,0.676003148084843,0
LOLTMNT01_380497,LCK,2026-05-09T08:06:41+00:00,15,-1627.0,-2534.0,-2.0,-4,0.676003148084843,0
LOLTMNT01_380497,LCK,2026-05-09T08:06:41+00:00,20,-4740.0,-4805.0,-24.0,-6,0.676003148084843,0
LOLTMNT01_380497,LCK,2026-05-09T08:06:41+00:00,25,-6080.0,-7742.0,-24.0,-8,0.676003148084843,0
LOLTMNT01_380553,LCK,2026-05-09T08:59:58+00:00,10,435.0,-381.0,0.0,1,0.646135816599967,0
LOLTMNT01_380553,LCK,2026-05-09T08:59:58+00:00,15,-2411.0,-3311.0,-35.0,-2,0.646135816599967,0
LOLTMNT01_380553,LCK,2026-05-09T08:59:58+00:00,20,-3177.0,-1951.0,-34.0,-2,0.646135816599967,0
LOLTMNT01_380553,LCK,2026-05-09T08:59:58+00:00,25,-4101.0,-1461.0,-36.0,-2,0.646135816599967,0
LOLTMNT01_380657,LCK,2026-05-09T11:12:58+00:00,10,960.0,234.0,21.0,0,0.512282890661956,1
LOLTMNT01_380657,LCK,2026-05-09T11:12:58+00:00,15,20.0,979.0,42.0,-2,0.512282890661956,1
LOLTMNT01_380657,LCK,2026-05-09T11:12:58+00:00,20,1424.0,1209.0,17.0,0,0.512282890661956,1
LOLTMNT01_380657,LCK,2026-05-09T11:12:58+00:00,25,3207.0,5223.0,20.0,0,0.512282890661956,1
LOLTMNT01_380953,LCS,2026-05-09T22:00:36+00:00,10,-570.0,254.0,-5.0,-1,0.3649318636887692,0
LOLTMNT01_380953,LCS,2026-05-09T22:00:36+00:00,15,-965.0,-496.0,-22.0,-1,0.3649318636887692,0
LOLTMNT01_380953,LCS,2026-05-09T22:00:36+00:00,20,-3174.0,-2106.0,-42.0,-3,0.3649318636887692,0
LOLTMNT01_380953,LCS,2026-05-09T22:00:36+00:00,25,-9416.0,-12719.0,-65.0,-10,0.3649318636887692,0
LOLTMNT01_382057,LCK,2026-05-10T08:09:29+00:00,10,-3.0,-397.0,12.0,-2,0.71317826985218,1
LOLTMNT01_382057,LCK,2026-05-10T08:09:29+00:00,15,712.0,-18.0,13.0,-3,0.71317826985218,1
LOLTMNT01_382057,LCK,2026-05-10T08:09:29+00:00,20,4232.0,2952.0,-1.0,2,0.71317826985218,1
LOLTMNT01_382057,LCK,2026-05-10T08:09:29+00:00,25,8313.0,11035.0,27.0,5,0.71317826985218,1
LOLTMNT01_382071,LCK,2026-05-10T08:58:19+00:00,10,-404.0,175.0,26.0,-2,0.727633019071276,1
LOLTMNT01_382071,LCK,2026-05-10T08:58:19+00:00,15,-204.0,664.0,47.0,-2,0.727633019071276,1
LOLTMNT01_382071,LCK,2026-05-10T08:58:19+00:00,20,423.0,709.0,45.0,-2,0.727633019071276,1
LOLTMNT01_382071,LCK,2026-05-10T08:58:19+00:00,25,-1568.0,-679.0,25.0,-3,0.727633019071276,1
LOLTMNT01_382136,LCK,2026-05-10T10:31:52+00:00,10,1216.0,258.0,4.0,3,0.161161354600049,1
LOLTMNT01_382136,LCK,2026-05-10T10:31:52+00:00,15,-724.0,-1655.0,-3.0,0,0.161161354600049,1
LOLTMNT01_382136,LCK,2026-05-10T10:31:52+00:00,20,2236.0,2195.0,12.0,3,0.161161354600049,1
LOLTMNT01_382136,LCK,2026-05-10T10:31:52+00:00,25,4417.0,5770.0,17.0,7,0.161161354600049,1
LOLTMNT01_382172,LCK,2026-05-10T11:20:52+00:00,10,-2083.0,-991.0,-8.0,-5,0.188780665834295,0
LOLTMNT01_382172,LCK,2026-05-10T11:20:52+00:00,15,-4700.0,-5101.0,-69.0,-8,0.188780665834295,0
LOLTMNT01_382172,LCK,2026-05-10T11:20:52+00:00,20,-9832.0,-9110.0,-109.0,-14,0.188780665834295,0
LOLTMNT01_382172,LCK,2026-05-10T11:20:52+00:00,25,-15043.0,-14442.0,-114.0,-18,0.188780665834295,0
LOLTMNT01_382190,LCK,2026-05-10T12:06:37+00:00,10,1807.0,-43.0,13.0,2,0.888529346118303,1
LOLTMNT01_382190,LCK,2026-05-10T12:06:37+00:00,15,1521.0,-316.0,30.0,0,0.888529346118303,1
LOLTMNT01_382190,LCK,2026-05-10T12:06:37+00:00,20,2693.0,266.0,32.0,2,0.888529346118303,1
LOLTMNT01_382190,LCK,2026-05-10T12:06:37+00:00,25,5373.0,2545.0,51.0,3,0.888529346118303,1
LOLTMNT01_382416,LCS,2026-05-10T20:07:16+00:00,10,227.0,357.0,17.0,0,0.3890755460094383,1
LOLTMNT01_382416,LCS,2026-05-10T20:07:16+00:00,15,148.0,980.0,14.0,0,0.3890755460094383,1
LOLTMNT01_382416,LCS,2026-05-10T20:07:16+00:00,20,-608.0,4.0,-3.0,0,0.3890755460094383,1
LOLTMNT01_382416,LCS,2026-05-10T20:07:16+00:00,25,-1345.0,1370.0,-36.0,-2,0.3890755460094383,1
LOLTMNT01_382428,LCS,2026-05-10T21:06:20+00:00,10,291.0,59.0,-8.0,1,0.3890755460094383,0
LOLTMNT01_382428,LCS,2026-05-10T21:06:20+00:00,15,1648.0,1125.0,21.0,3,0.3890755460094383,0
LOLTMNT01_382428,LCS,2026-05-10T21:06:20+00:00,20,2270.0,2447.0,10.0,5,0.3890755460094383,0
LOLTMNT01_382428,LCS,2026-05-10T21:06:20+00:00,25,316.0,607.0,-20.0,5,0.3890755460094383,0
LOLTMNT01_382435,LCS,2026-05-10T22:02:15+00:00,10,1555.0,-197.0,-13.0,3,0.6109244539905617,1
LOLTMNT01_382435,LCS,2026-05-10T22:02:15+00:00,15,2303.0,-344.0,-12.0,3,0.6109244539905617,1
LOLTMNT01_382435,LCS,2026-05-10T22:02:15+00:00,20,2661.0,-2220.0,16.0,0,0.6109244539905617,1
LOLTMNT01_382435,LCS,2026-05-10T22:02:15+00:00,25,5704.0,1116.0,34.0,3,0.6109244539905617,1
LOLTMNT01_382446,LCS,2026-05-10T22:54:27+00:00,10,-1257.0,-114.0,-20.0,-1,0.4874660412180491,0
LOLTMNT01_382446,LCS,2026-05-10T22:54:27+00:00,15,-3053.0,-1970.0,-52.0,-2,0.4874660412180491,0
LOLTMNT01_382446,LCS,2026-05-10T22:54:27+00:00,20,-5122.0,-2373.0,-56.0,-3,0.4874660412180491,0
LOLTMNT01_382446,LCS,2026-05-10T22:54:27+00:00,25,-5903.0,-4176.0,-74.0,-3,0.4874660412180491,0
LOLTMNT01_382451,LCS,2026-05-10T23:47:40+00:00,10,-267.0,-424.0,3.0,0,0.5125339587819508,0
LOLTMNT01_382451,LCS,2026-05-10T23:47:40+00:00,15,204.0,-23.0,6.0,1,0.5125339587819508,0
LOLTMNT01_382451,LCS,2026-05-10T23:47:40+00:00,20,287.0,-332.0,13.0,0,0.5125339587819508,0
LOLTMNT01_382451,LCS,2026-05-10T23:47:40+00:00,25,1361.0,1668.0,15.0,0,0.5125339587819508,0
LOLTMNT01_382460,LCS,2026-05-11T00:44:19+00:00,10,609.0,468.0,-5.0,1,0.4874660412180491,0
LOLTMNT01_382460,LCS,2026-05-11T00:44:19+00:00,15,770.0,-156.0,-21.0,2,0.4874660412180491,0
LOLTMNT01_382460,LCS,2026-05-11T00:44:19+00:00,20,656.0,-1289.0,-53.0,3,0.4874660412180491,0
LOLTMNT01_382460,LCS,2026-05-11T00:44:19+00:00,25,-3988.0,-8604.0,-75.0,-1,0.4874660412180491,0
LOLTMNT01_383118,EWC,2026-05-12T08:07:34+00:00,10,2982.0,1124.0,24.0,7,0.7021576242060441,1
LOLTMNT01_383118,EWC,2026-05-12T08:07:34+00:00,15,6002.0,4077.0,66.0,10,0.7021576242060441,1
LOLTMNT01_383118,EWC,2026-05-12T08:07:34+00:00,20,9367.0,5843.0,22.0,15,0.7021576242060441,1
LOLTMNT01_383118,EWC,2026-05-12T08:07:34+00:00,25,15893.0,13952.0,72.0,21,0.7021576242060441,1
LOLTMNT01_383157,EWC,2026-05-12T08:54:02+00:00,10,-515.0,213.0,-14.0,1,0.2978423757939559,0
LOLTMNT01_383157,EWC,2026-05-12T08:54:02+00:00,15,-2589.0,-2036.0,-38.0,-3,0.2978423757939559,0
LOLTMNT01_383157,EWC,2026-05-12T08:54:02+00:00,20,-3389.0,-4955.0,-66.0,-3,0.2978423757939559,0
LOLTMNT01_383157,EWC,2026-05-12T08:54:02+00:00,25,-7098.0,-6881.0,-53.0,-7,0.2978423757939559,0
LOLTMNT01_383241,EWC,2026-05-12T10:51:54+00:00,10,350.0,-307.0,10.0,-1,0.6721572190135627,0
LOLTMNT01_383241,EWC,2026-05-12T10:51:54+00:00,15,-3849.0,-3897.0,-40.0,-5,0.6721572190135627,0
LOLTMNT01_383241,EWC,2026-05-12T10:51:54+00:00,20,-6838.0,-7747.0,-63.0,-9,0.6721572190135627,0
LOLTMNT01_383241,EWC,2026-05-12T10:51:54+00:00,25,-12489.0,-16635.0,-124.0,-15,0.6721572190135627,0
LOLTMNT01_383765,LCK,2026-05-13T08:53:32+00:00,10,-788.0,-1767.0,-10.0,-2,0.197051277881091,0
LOLTMNT01_383765,LCK,2026-05-13T08:53:32+00:00,15,-1102.0,-2597.0,-33.0,-2,0.197051277881091,0
LOLTMNT01_383765,LCK,2026-05-13T08:53:32+00:00,20,225.0,-2238.0,-67.0,2,0.197051277881091,0
LOLTMNT01_383765,LCK,2026-05-13T08:53:32+00:00,25,-501.0,-2148.0,-76.0,2,0.197051277881091,0
LOLTMNT01_383870,LCK,2026-05-13T11:00:26+00:00,10,706.0,452.0,26.0,1,0.837104553324178,1
LOLTMNT01_383870,LCK,2026-05-13T11:00:26+00:00,15,1901.0,2274.0,76.0,1,0.837104553324178,1
LOLTMNT01_383870,LCK,2026-05-13T11:00:26+00:00,20,4867.0,3498.0,90.0,2,0.837104553324178,1
LOLTMNT01_383870,LCK,2026-05-13T11:00:26+00:00,25,7521.0,5510.0,118.0,2,0.837104553324178,1
LOLTMNT01_384215,EWC,2026-05-12T10:01:36+00:00,10,471.0,264.0,35.0,-1,0.6721572190135627,1
LOLTMNT01_384215,EWC,2026-05-12T10:01:36+00:00,15,2711.0,1343.0,61.0,2,0.6721572190135627,1
LOLTMNT01_384215,EWC,2026-05-12T10:01:36+00:00,20,3694.0,2865.0,90.0,2,0.6721572190135627,1
LOLTMNT01_384215,EWC,2026-05-12T10:01:36+00:00,25,13232.0,10627.0,132.0,9,0.6721572190135627,1
LOLTMNT01_384266,EWC,2026-05-12T11:38:04+00:00,10,1202.0,1501.0,59.0,0,0.3278427809864372,1
LOLTMNT01_384266,EWC,2026-05-12T11:38:04+00:00,15,4326.0,6257.0,109.0,5,0.3278427809864372,1
LOLTMNT01_384266,EWC,2026-05-12T11:38:04+00:00,20,5343.0,5362.0,112.0,6,0.3278427809864372,1
LOLTMNT01_384266,EWC,2026-05-12T11:38:04+00:00,25,4482.0,1960.0,124.0,6,0.3278427809864372,1
LOLTMNT01_384714,LCK,2026-05-13T08:06:21+00:00,10,307.0,566.0,39.0,-1,0.875437123030472,1
LOLTMNT01_384714,LCK,2026-05-13T08:06:21+00:00,15,2468.0,2400.0,52.0,2,0.875437123030472,1
LOLTMNT01_384714,LCK,2026-05-13T08:06:21+00:00,20,5866.0,6699.0,77.0,6,0.875437123030472,1
LOLTMNT01_384714,LCK,2026-05-13T08:06:21+00:00,25,13613.0,14968.0,119.0,16,0.875437123030472,1
LOLTMNT01_384771,LCK,2026-05-13T10:12:11+00:00,10,2468.0,916.0,39.0,3,0.829727054839634,1
LOLTMNT01_384771,LCK,2026-05-13T10:12:11+00:00,15,5504.0,3008.0,60.0,6,0.829727054839634,1
LOLTMNT01_384771,LCK,2026-05-13T10:12:11+00:00,20,8357.0,3966.0,61.0,9,0.829727054839634,1
LOLTMNT01_384771,LCK,2026-05-13T10:12:11+00:00,25,13695.0,9467.0,79.0,14,0.829727054839634,1
LOLTMNT01_387134,LCK,2026-05-14T08:07:03+00:00,10,948.0,332.0,-2.0,1,0.235515227317782,0
LOLTMNT01_387134,LCK,2026-05-14T08:07:03+00:00,15,740.0,537.0,-4.0,1,0.235515227317782,0
LOLTMNT01_387134,LCK,2026-05-14T08:07:03+00:00,20,-1051.0,-2293.0,-8.0,-2,0.235515227317782,0
LOLTMNT01_387134,LCK,2026-05-14T08:07:03+00:00,25,-1379.0,-4192.0,-31.0,-2,0.235515227317782,0
LOLTMNT01_387204,LCK,2026-05-14T10:15:56+00:00,10,-1732.0,-693.0,-27.0,-2,0.337950624128116,0
LOLTMNT01_387204,LCK,2026-05-14T10:15:56+00:00,15,-4739.0,-3349.0,-57.0,-6,0.337950624128116,0
LOLTMNT01_387204,LCK,2026-05-14T10:15:56+00:00,20,-10663.0,-8058.0,-114.0,-12,0.337950624128116,0
LOLTMNT01_387204,LCK,2026-05-14T10:15:56+00:00,25,-16321.0,-15875.0,-113.0,-20,0.337950624128116,0
LOLTMNT01_387218,LCK,2026-05-14T11:00:58+00:00,10,-841.0,-1155.0,-9.0,-2,0.790867916852582,0
LOLTMNT01_387218,LCK,2026-05-14T11:00:58+00:00,15,-2252.0,-3286.0,-44.0,-3,0.790867916852582,0
LOLTMNT01_387218,LCK,2026-05-14T11:00:58+00:00,20,-3966.0,-4490.0,-42.0,-6,0.790867916852582,0
LOLTMNT01_387218,LCK,2026-05-14T11:00:58+00:00,25,-4770.0,-8089.0,-69.0,-7,0.790867916852582,0
LOLTMNT01_387340,EWC,2026-05-14T15:11:58+00:00,10,-19.0,314.0,-24.0,0,0.5347780861687199,1
LOLTMNT01_387340,EWC,2026-05-14T15:11:58+00:00,15,-1570.0,291.0,-30.0,-1,0.5347780861687199,1
LOLTMNT01_387340,EWC,2026-05-14T15:11:58+00:00,20,2084.0,2958.0,-38.0,3,0.5347780861687199,1
LOLTMNT01_387340,EWC,2026-05-14T15:11:58+00:00,25,5611.0,7795.0,-38.0,5,0.5347780861687199,1
LOLTMNT01_387607,LCK,2026-05-15T09:08:46+00:00,10,104.0,645.0,32.0,0,0.711131676634866,1
LOLTMNT01_387607,LCK,2026-05-15T09:08:46+00:00,15,-1531.0,-423.0,35.0,-2,0.711131676634866,1
LOLTMNT01_387607,LCK,2026-05-15T09:08:46+00:00,20,-618.0,2895.0,46.0,-1,0.711131676634866,1
LOLTMNT01_387607,LCK,2026-05-15T09:08:46+00:00,25,7656.0,10572.0,66.0,7,0.711131676634866,1
LOLTMNT01_387661,LCK,2026-05-15T11:12:17+00:00,10,-945.0,-868.0,10.0,-2,0.429882882296319,0
LOLTMNT01_387661,LCK,2026-05-15T11:12:17+00:00,15,-1707.0,-960.0,16.0,-3,0.429882882296319,0
LOLTMNT01_387661,LCK,2026-05-15T11:12:17+00:00,20,-3856.0,-2993.0,7.0,-6,0.429882882296319,0
LOLTMNT01_387661,LCK,2026-05-15T11:12:17+00:00,25,-10077.0,-9557.0,-46.0,-11,0.429882882296319,0
LOLTMNT01_387874,LCK,2026-05-16T08:05:55+00:00,10,2171.0,2107.0,25.0,4,0.662075660332496,1
LOLTMNT01_387874,LCK,2026-05-16T08:05:55+00:00,15,1514.0,2594.0,42.0,3,0.662075660332496,1
LOLTMNT01_387874,LCK,2026-05-16T08:05:55+00:00,20,3273.0,5080.0,52.0,6,0.662075660332496,1
LOLTMNT01_387874,LCK,2026-05-16T08:05:55+00:00,25,6089.0,11461.0,45.0,12,0.662075660332496,1
LOLTMNT01_387878,LCK,2026-05-16T08:57:28+00:00,10,980.0,385.0,-1.0,1,0.45587836929157,1
LOLTMNT01_387878,LCK,2026-05-16T08:57:28+00:00,15,1114.0,162.0,-24.0,2,0.45587836929157,1
LOLTMNT01_387878,LCK,2026-05-16T08:57:28+00:00,20,-616.0,-2168.0,-28.0,-2,0.45587836929157,1
LOLTMNT01_387878,LCK,2026-05-16T08:57:28+00:00,25,-4054.0,-7318.0,-24.0,-6,0.45587836929157,1
LOLTMNT01_387885,LCK,2026-05-16T10:10:31+00:00,10,2142.0,734.0,36.0,3,0.482832883716747,1
LOLTMNT01_387885,LCK,2026-05-16T10:10:31+00:00,15,3934.0,2659.0,43.0,5,0.482832883716747,1
LOLTMNT01_387885,LCK,2026-05-16T10:10:31+00:00,20,9511.0,8387.0,69.0,14,0.482832883716747,1
LOLTMNT01_387885,LCK,2026-05-16T10:10:31+00:00,25,5953.0,6209.0,91.0,12,0.482832883716747,1
LOLTMNT01_387927,LCK,2026-05-16T11:30:05+00:00,10,-2440.0,-1131.0,-20.0,-3,0.703899503168262,1
LOLTMNT01_387927,LCK,2026-05-16T11:30:05+00:00,15,-2689.0,-1869.0,-26.0,-2,0.703899503168262,1
LOLTMNT01_387927,LCK,2026-05-16T11:30:05+00:00,20,-444.0,4211.0,-6.0,4,0.703899503168262,1
LOLTMNT01_387927,LCK,2026-05-16T11:30:05+00:00,25,813.0,3459.0,-6.0,7,0.703899503168262,1
LOLTMNT01_387933,LCK,2026-05-16T12:25:03+00:00,10,-1229.0,-896.0,17.0,-3,0.716307110444753,1
LOLTMNT01_387933,LCK,2026-05-16T12:25:03+00:00,15,-2319.0,-1835.0,14.0,-5,0.716307110444753,1
LOLTMNT01_387933,LCK,2026-05-16T12:25:03+00:00,20,-1815.0,-1256.0,23.0,-5,0.716307110444753,1
LOLTMNT01_387933,LCK,2026-05-16T12:25:03+00:00,25,-1518.0,466.0,34.0,-6,0.716307110444753,1
LOLTMNT01_388121,LCK,2026-05-14T09:00:54+00:00,10,-187.0,20.0,8.0,0,0.226845754780575,0
LOLTMNT01_388121,LCK,2026-05-14T09:00:54+00:00,15,-1257.0,-760.0,-12.0,-1,0.226845754780575,0
LOLTMNT01_388121,LCK,2026-05-14T09:00:54+00:00,20,151.0,-517.0,3.0,-2,0.226845754780575,0
LOLTMNT01_388121,LCK,2026-05-14T09:00:54+00:00,25,-2277.0,-4598.0,-43.0,-4,0.226845754780575,0
LOLTMNT01_388206,LCK,2026-05-14T11:54:30+00:00,10,-168.0,-889.0,-1.0,-1,0.348887716412874,0
LOLTMNT01_388206,LCK,2026-05-14T11:54:30+00:00,15,246.0,-405.0,29.0,-3,0.348887716412874,0
LOLTMNT01_388206,LCK,2026-05-14T11:54:30+00:00,20,-566.0,-148.0,28.0,-3,0.348887716412874,0
LOLTMNT01_388206,LCK,2026-05-14T11:54:30+00:00,25,-1140.0,472.0,14.0,-4,0.348887716412874,0
LOLTMNT01_388295,EWC,2026-05-14T16:01:48+00:00,10,-900.0,-243.0,15.0,-3,0.5347780861687199,1
LOLTMNT01_388295,EWC,2026-05-14T16:01:48+00:00,15,-840.0,550.0,-1.0,-2,0.5347780861687199,1
LOLTMNT01_388295,EWC,2026-05-14T16:01:48+00:00,20,-755.0,1587.0,37.0,-2,0.5347780861687199,1
LOLTMNT01_388295,EWC,2026-05-14T16:01:48+00:00,25,1304.0,4995.0,69.0,0,0.5347780861687199,1
LOLTMNT01_388455,LCK,2026-05-15T08:07:51+00:00,10,895.0,515.0,27.0,0,0.694998576456491,1
LOLTMNT01_388455,LCK,2026-05-15T08:07:51+00:00,15,382.0,970.0,23.0,-1,0.694998576456491,1
LOLTMNT01_388455,LCK,2026-05-15T08:07:51+00:00,20,-1749.0,995.0,-27.0,0,0.694998576456491,1
LOLTMNT01_388455,LCK,2026-05-15T08:07:51+00:00,25,3762.0,6168.0,-50.0,4,0.694998576456491,1
LOLTMNT01_388537,LCK,2026-05-15T10:22:39+00:00,10,1892.0,1027.0,13.0,3,0.684099981824448,1
LOLTMNT01_388537,LCK,2026-05-15T10:22:39+00:00,15,4309.0,3120.0,33.0,6,0.684099981824448,1
LOLTMNT01_388537,LCK,2026-05-15T10:22:39+00:00,20,5652.0,4042.0,30.0,9,0.684099981824448,1
LOLTMNT01_388537,LCK,2026-05-15T10:22:39+00:00,25,11536.0,13723.0,71.0,15,0.684099981824448,1
LOLTMNT01_389120,LCK,2026-05-17T11:06:33+00:00,10,1389.0,743.0,0.0,3,0.595381922901151,1
LOLTMNT01_389120,LCK,2026-05-17T11:06:33+00:00,15,1469.0,649.0,0.0,4,0.595381922901151,1
LOLTMNT01_389120,LCK,2026-05-17T11:06:33+00:00,20,-2156.0,-2965.0,-7.0,-1,0.595381922901151,1
LOLTMNT01_389120,LCK,2026-05-17T11:06:33+00:00,25,-3467.0,-1158.0,-9.0,-2,0.595381922901151,1
LOLTMNT01_389127,LCK,2026-05-17T13:04:35+00:00,10,-70.0,126.0,-26.0,1,0.557053528279054,1
LOLTMNT01_389127,LCK,2026-05-17T13:04:35+00:00,15,-835.0,183.0,-11.0,0,0.557053528279054,1
LOLTMNT01_389127,LCK,2026-05-17T13:04:35+00:00,20,-2648.0,-1544.0,-38.0,-2,0.557053528279054,1
LOLTMNT01_389127,LCK,2026-05-17T13:04:35+00:00,25,1652.0,3714.0,-31.0,1,0.557053528279054,1
LOLTMNT01_390036,LCK,2026-05-17T08:05:58+00:00,10,1638.0,658.0,7.0,2,0.343276719823757,1
LOLTMNT01_390036,LCK,2026-05-17T08:05:58+00:00,15,1523.0,122.0,5.0,1,0.343276719823757,1
LOLTMNT01_390036,LCK,2026-05-17T08:05:58+00:00,20,411.0,-919.0,12.0,0,0.343276719823757,1
LOLTMNT01_390036,LCK,2026-05-17T08:05:58+00:00,25,3037.0,5650.0,15.0,6,0.343276719823757,1
LOLTMNT01_390048,LCK,2026-05-17T08:58:43+00:00,10,-1009.0,-834.0,-26.0,-1,0.377369273486954,0
LOLTMNT01_390048,LCK,2026-05-17T08:58:43+00:00,15,-3369.0,-2764.0,-71.0,-3,0.377369273486954,0
LOLTMNT01_390048,LCK,2026-05-17T08:58:43+00:00,20,-9069.0,-6385.0,-113.0,-6,0.377369273486954,0
LOLTMNT01_390048,LCK,2026-05-17T08:58:43+00:00,25,-13994.0,-9787.0,-113.0,-12,0.377369273486954,0
LOLTMNT01_390055,LCK,2026-05-17T09:48:07+00:00,10,2589.0,2242.0,17.0,5,0.365401503991116,1
LOLTMNT01_390055,LCK,2026-05-17T09:48:07+00:00,15,4433.0,3430.0,36.0,7,0.365401503991116,1
LOLTMNT01_390055,LCK,2026-05-17T09:48:07+00:00,20,6441.0,3552.0,40.0,8,0.365401503991116,1
LOLTMNT01_390055,LCK,2026-05-17T09:48:07+00:00,25,2795.0,1064.0,17.0,6,0.365401503991116,1
LOLTMNT01_390098,LCK,2026-05-17T12:10:36+00:00,10,513.0,-849.0,-12.0,1,0.613466874544002,0
LOLTMNT01_390098,LCK,2026-05-17T12:10:36+00:00,15,6.0,-1688.0,-31.0,1,0.613466874544002,0
LOLTMNT01_390098,LCK,2026-05-17T12:10:36+00:00,20,-4232.0,-4708.0,-28.0,-4,0.613466874544002,0
LOLTMNT01_390098,LCK,2026-05-17T12:10:36+00:00,25,-5033.0,-6228.0,-63.0,-4,0.613466874544002,0
LOLTMNT02_349404,LCS,2026-02-08T23:03:59+00:00,10,-729.0,-507.0,-17.0,0,0.3069435038327396,0
LOLTMNT02_349404,LCS,2026-02-08T23:03:59+00:00,15,-2536.0,-3384.0,-41.0,-2,0.3069435038327396,0
LOLTMNT02_349404,LCS,2026-02-08T23:03:59+00:00,20,-6340.0,-4971.0,-57.0,-5,0.3069435038327396,0
LOLTMNT02_349404,LCS,2026-02-08T23:03:59+00:00,25,-13091.0,-8593.0,-117.0,-8,0.3069435038327396,0
LOLTMNT02_349408,LCS,2026-02-08T23:52:40+00:00,10,-749.0,-78.0,-12.0,0,0.6930564961672604,0
LOLTMNT02_349408,LCS,2026-02-08T23:52:40+00:00,15,-12.0,642.0,6.0,1,0.6930564961672604,0
LOLTMNT02_349408,LCS,2026-02-08T23:52:40+00:00,20,-887.0,724.0,4.0,0,0.6930564961672604,0
LOLTMNT02_349408,LCS,2026-02-08T23:52:40+00:00,25,-167.0,3586.0,-18.0,0,0.6930564961672604,0
LOLTMNT02_349412,LCS,2026-02-09T00:51:15+00:00,10,2926.0,1408.0,51.0,3,0.6930564961672604,1
LOLTMNT02_349412,LCS,2026-02-09T00:51:15+00:00,15,5694.0,3981.0,78.0,7,0.6930564961672604,1
LOLTMNT02_349412,LCS,2026-02-09T00:51:15+00:00,20,11230.0,7954.0,100.0,14,0.6930564961672604,1
LOLTMNT02_349412,LCS,2026-02-09T00:51:15+00:00,25,17753.0,14533.0,137.0,21,0.6930564961672604,1
LOLTMNT02_349426,LCS,2026-02-09T01:41:45+00:00,10,-270.0,834.0,4.0,0,0.660377,1
LOLTMNT02_349426,LCS,2026-02-09T01:41:45+00:00,15,-695.0,306.0,-6.0,0,0.660377,1
LOLTMNT02_349426,LCS,2026-02-09T01:41:45+00:00,20,-95.0,415.0,-3.0,1,0.660377,1
LOLTMNT02_349426,LCS,2026-02-09T01:41:45+00:00,25,3493.0,7021.0,-13.0,6,0.660377,1
LOLTMNT02_350380,LCS,2026-02-08T21:11:28+00:00,10,-866.0,-598.0,8.0,-3,0.5960847759408903,0
LOLTMNT02_350380,LCS,2026-02-08T21:11:28+00:00,15,2010.0,1359.0,20.0,-1,0.5960847759408903,0
LOLTMNT02_350380,LCS,2026-02-08T21:11:28+00:00,20,2403.0,401.0,25.0,-2,0.5960847759408903,0
LOLTMNT02_350380,LCS,2026-02-08T21:11:28+00:00,25,-131.0,-806.0,53.0,-6,0.5960847759408903,0
LOLTMNT02_350384,LCS,2026-02-08T22:13:29+00:00,10,250.0,132.0,4.0,0,0.4039152240591097,1
LOLTMNT02_350384,LCS,2026-02-08T22:13:29+00:00,15,1022.0,-522.0,-10.0,2,0.4039152240591097,1
LOLTMNT02_350384,LCS,2026-02-08T22:13:29+00:00,20,5589.0,4530.0,12.0,8,0.4039152240591097,1
LOLTMNT02_350384,LCS,2026-02-08T22:13:29+00:00,25,6774.0,4913.0,16.0,11,0.4039152240591097,1
LOLTMNT02_351385,LCK,2026-02-12T08:55:20+00:00,10,-960.0,-219.0,0.0,-1,0.526706013604436,0
LOLTMNT02_351385,LCK,2026-02-12T08:55:20+00:00,15,-3150.0,-756.0,23.0,-5,0.526706013604436,0
LOLTMNT02_351385,LCK,2026-02-12T08:55:20+00:00,20,-4051.0,-2344.0,14.0,-6,0.526706013604436,0
LOLTMNT02_351385,LCK,2026-02-12T08:55:20+00:00,25,-3597.0,-1555.0,18.0,-4,0.526706013604436,0
LOLTMNT02_351402,LCK,2026-02-12T09:56:42+00:00,10,167.0,-352.0,-7.0,0,0.636103086838512,1
LOLTMNT02_351402,LCK,2026-02-12T09:56:42+00:00,15,1441.0,224.0,-3.0,0,0.636103086838512,1
LOLTMNT02_351402,LCK,2026-02-12T09:56:42+00:00,20,4495.0,2165.0,26.0,2,0.636103086838512,1
LOLTMNT02_351402,LCK,2026-02-12T09:56:42+00:00,25,9881.0,10202.0,34.0,9,0.636103086838512,1
LOLTMNT02_351807,LCK,2026-02-13T10:06:25+00:00,10,405.0,383.0,28.0,0,0.743555281116152,0
LOLTMNT02_351807,LCK,2026-02-13T10:06:25+00:00,15,-315.0,-813.0,36.0,-1,0.743555281116152,0
LOLTMNT02_351807,LCK,2026-02-13T10:06:25+00:00,20,889.0,87.0,40.0,1,0.743555281116152,0
LOLTMNT02_351807,LCK,2026-02-13T10:06:25+00:00,25,4403.0,2884.0,61.0,3,0.743555281116152,0
LOLTMNT02_351868,LCK,2026-02-13T12:01:25+00:00,10,-653.0,-1243.0,-5.0,-1,0.73237629507108,1
LOLTMNT02_351868,LCK,2026-02-13T12:01:25+00:00,15,627.0,-1087.0,-5.0,0,0.73237629507108,1
LOLTMNT02_351868,LCK,2026-02-13T12:01:25+00:00,20,288.0,-1867.0,-6.0,0,0.73237629507108,1
LOLTMNT02_351868,LCK,2026-02-13T12:01:25+00:00,25,4352.0,4857.0,41.0,3,0.73237629507108,1
LOLTMNT02_352362,LCK,2026-02-12T08:04:05+00:00,10,800.0,560.0,-15.0,1,0.494589032623576,1
LOLTMNT02_352362,LCK,2026-02-12T08:04:05+00:00,15,1282.0,140.0,-1.0,0,0.494589032623576,1
LOLTMNT02_352362,LCK,2026-02-12T08:04:05+00:00,20,5940.0,3710.0,6.0,6,0.494589032623576,1
LOLTMNT02_352362,LCK,2026-02-12T08:04:05+00:00,25,9208.0,8005.0,27.0,10,0.494589032623576,1
LOLTMNT02_352407,LCK,2026-02-12T10:48:56+00:00,10,-962.0,-2218.0,-45.0,-1,0.656154969362877,0
LOLTMNT02_352407,LCK,2026-02-12T10:48:56+00:00,15,-1688.0,-1636.0,-54.0,0,0.656154969362877,0
LOLTMNT02_352407,LCK,2026-02-12T10:48:56+00:00,20,-2203.0,-1612.0,-57.0,0,0.656154969362877,0
LOLTMNT02_352407,LCK,2026-02-12T10:48:56+00:00,25,-174.0,3390.0,-38.0,2,0.656154969362877,0
LOLTMNT02_352429,LCK,2026-02-12T11:41:51+00:00,10,-743.0,-1185.0,-27.0,-2,0.505309430574375,0
LOLTMNT02_352429,LCK,2026-02-12T11:41:51+00:00,15,-2240.0,-2759.0,-40.0,-4,0.505309430574375,0
LOLTMNT02_352429,LCK,2026-02-12T11:41:51+00:00,20,-4030.0,-3233.0,-61.0,-4,0.505309430574375,0
LOLTMNT02_352429,LCK,2026-02-12T11:41:51+00:00,25,-3655.0,-2412.0,-77.0,-4,0.505309430574375,0
LOLTMNT02_352782,LCK,2026-02-13T08:06:47+00:00,10,63.0,419.0,22.0,0,0.752144701815083,0
LOLTMNT02_352782,LCK,2026-02-13T08:06:47+00:00,15,1453.0,2383.0,50.0,2,0.752144701815083,0
LOLTMNT02_352782,LCK,2026-02-13T08:06:47+00:00,20,-1017.0,21.0,82.0,-2,0.752144701815083,0
LOLTMNT02_352782,LCK,2026-02-13T08:06:47+00:00,25,-4089.0,-9999.0,43.0,-6,0.752144701815083,0
LOLTMNT02_352790,LCK,2026-02-13T09:03:09+00:00,10,2407.0,2414.0,68.0,2,0.726233737704591,1
LOLTMNT02_352790,LCK,2026-02-13T09:03:09+00:00,15,4785.0,3656.0,89.0,3,0.726233737704591,1
LOLTMNT02_352790,LCK,2026-02-13T09:03:09+00:00,20,6923.0,4178.0,109.0,4,0.726233737704591,1
LOLTMNT02_352790,LCK,2026-02-13T09:03:09+00:00,25,4426.0,2939.0,100.0,3,0.726233737704591,1
LOLTMNT02_352851,LCK,2026-02-13T11:11:59+00:00,10,2175.0,2369.0,45.0,3,0.717901613249291,1
LOLTMNT02_352851,LCK,2026-02-13T11:11:59+00:00,15,442.0,1755.0,42.0,1,0.717901613249291,1
LOLTMNT02_352851,LCK,2026-02-13T11:11:59+00:00,20,5843.0,5285.0,87.0,4,0.717901613249291,1
LOLTMNT02_352851,LCK,2026-02-13T11:11:59+00:00,25,10362.0,11821.0,117.0,7,0.717901613249291,1
LOLTMNT02_353283,LCK,2026-02-14T10:10:21+00:00,10,-627.0,130.0,6.0,-1,0.247636799821859,0
LOLTMNT02_353283,LCK,2026-02-14T10:10:21+00:00,15,-2710.0,-1606.0,-25.0,-2,0.247636799821859,0
LOLTMNT02_353283,LCK,2026-02-14T10:10:21+00:00,20,-5989.0,-4569.0,-75.0,-4,0.247636799821859,0
LOLTMNT02_353283,LCK,2026-02-14T10:10:21+00:00,25,-9999.0,-12271.0,-114.0,-6,0.247636799821859,0
LOLTMNT02_353312,LCK,2026-02-14T11:05:18+00:00,10,114.0,1059.0,24.0,0,0.847931211094842,1
LOLTMNT02_353312,LCK,2026-02-14T11:05:18+00:00,15,1050.0,596.0,18.0,1,0.847931211094842,1
LOLTMNT02_353312,LCK,2026-02-14T11:05:18+00:00,20,1749.0,-176.0,10.0,0,0.847931211094842,1
LOLTMNT02_353312,LCK,2026-02-14T11:05:18+00:00,25,731.0,-3017.0,9.0,-2,0.847931211094842,1
LOLTMNT02_353493,LCS,2026-02-14T22:05:04+00:00,10,425.0,175.0,22.0,-1,0.5405821414860918,1
LOLTMNT02_353493,LCS,2026-02-14T22:05:04+00:00,15,1831.0,1597.0,22.0,2,0.5405821414860918,1
LOLTMNT02_353493,LCS,2026-02-14T22:05:04+00:00,20,2574.0,1751.0,14.0,3,0.5405821414860918,1
LOLTMNT02_353493,LCS,2026-02-14T22:05:04+00:00,25,-1279.0,-1727.0,-16.0,1,0.5405821414860918,1
LOLTMNT02_353505,LCS,2026-02-15T00:41:15+00:00,10,1333.0,1684.0,42.0,1,0.5405821414860918,1
LOLTMNT02_353505,LCS,2026-02-15T00:41:15+00:00,15,1481.0,2988.0,89.0,1,0.5405821414860918,1
LOLTMNT02_353505,LCS,2026-02-15T00:41:15+00:00,20,818.0,2491.0,71.0,1,0.5405821414860918,1
LOLTMNT02_353505,LCS,2026-02-15T00:41:15+00:00,25,2323.0,2958.0,87.0,2,0.5405821414860918,1
LOLTMNT02_353559,LCK,2026-02-15T08:05:24+00:00,10,1783.0,1655.0,12.0,2,0.306902602641877,1
LOLTMNT02_353559,LCK,2026-02-15T08:05:24+00:00,15,2874.0,2016.0,24.0,2,0.306902602641877,1
LOLTMNT02_353559,LCK,2026-02-15T08:05:24+00:00,20,-151.0,-2861.0,3.0,-4,0.306902602641877,1
LOLTMNT02_353559,LCK,2026-02-15T08:05:24+00:00,25,1983.0,3782.0,-8.0,-1,0.306902602641877,1
LOLTMNT02_353572,LCK,2026-02-15T09:00:12+00:00,10,222.0,105.0,16.0,-1,0.34012281345784,0
LOLTMNT02_353572,LCK,2026-02-15T09:00:12+00:00,15,544.0,265.0,24.0,-1,0.34012281345784,0
LOLTMNT02_353572,LCK,2026-02-15T09:00:12+00:00,20,1867.0,1569.0,26.0,0,0.34012281345784,0
LOLTMNT02_353572,LCK,2026-02-15T09:00:12+00:00,25,368.0,-1748.0,32.0,-1,0.34012281345784,0
LOLTMNT02_353859,LCS,2026-02-15T22:14:58+00:00,10,14.0,-311.0,0.0,-1,0.635680510523631,1
LOLTMNT02_353859,LCS,2026-02-15T22:14:58+00:00,15,24.0,-546.0,20.0,-3,0.635680510523631,1
LOLTMNT02_353859,LCS,2026-02-15T22:14:58+00:00,20,2332.0,1466.0,52.0,-2,0.635680510523631,1
LOLTMNT02_353859,LCS,2026-02-15T22:14:58+00:00,25,9092.0,8912.0,73.0,4,0.635680510523631,1
LOLTMNT02_353862,LCS,2026-02-15T22:58:30+00:00,10,943.0,-738.0,-17.0,3,0.635680510523631,1
LOLTMNT02_353862,LCS,2026-02-15T22:58:30+00:00,15,-35.0,-1372.0,-22.0,2,0.635680510523631,1
LOLTMNT02_353862,LCS,2026-02-15T22:58:30+00:00,20,818.0,732.0,-16.0,3,0.635680510523631,1
LOLTMNT02_353862,LCS,2026-02-15T22:58:30+00:00,25,7974.0,10587.0,20.0,12,0.635680510523631,1
LOLTMNT02_354256,LCK,2026-02-14T08:07:25+00:00,10,-1872.0,-366.0,-10.0,-2,0.223500663831713,0
LOLTMNT02_354256,LCK,2026-02-14T08:07:25+00:00,15,-4417.0,-1462.0,-20.0,-5,0.223500663831713,0
LOLTMNT02_354256,LCK,2026-02-14T08:07:25+00:00,20,-6941.0,-4490.0,-44.0,-8,0.223500663831713,0
LOLTMNT02_354256,LCK,2026-02-14T08:07:25+00:00,25,-11017.0,-10660.0,-78.0,-13,0.223500663831713,0
LOLTMNT02_354263,LCK,2026-02-14T09:01:24+00:00,10,-1316.0,-653.0,-6.0,-1,0.218258273132094,1
LOLTMNT02_354263,LCK,2026-02-14T09:01:24+00:00,15,340.0,1471.0,-4.0,2,0.218258273132094,1
LOLTMNT02_354263,LCK,2026-02-14T09:01:24+00:00,20,-847.0,964.0,-19.0,2,0.218258273132094,1
LOLTMNT02_354263,LCK,2026-02-14T09:01:24+00:00,25,397.0,3613.0,-7.0,3,0.218258273132094,1
LOLTMNT02_354540,LCS,2026-02-14T21:11:50+00:00,10,-1548.0,-1323.0,-20.0,-2,0.5405821414860918,0
LOLTMNT02_354540,LCS,2026-02-14T21:11:50+00:00,15,-3039.0,-2267.0,-38.0,-4,0.5405821414860918,0
LOLTMNT02_354540,LCS,2026-02-14T21:11:50+00:00,20,-5051.0,-2080.0,-48.0,-4,0.5405821414860918,0
LOLTMNT02_354540,LCS,2026-02-14T21:11:50+00:00,25,-5367.0,-1230.0,-80.0,-5,0.5405821414860918,0
LOLTMNT02_354548,LCS,2026-02-14T22:58:02+00:00,10,976.0,712.0,12.0,2,0.5405821414860918,0
LOLTMNT02_354548,LCS,2026-02-14T22:58:02+00:00,15,1045.0,558.0,16.0,2,0.5405821414860918,0
LOLTMNT02_354548,LCS,2026-02-14T22:58:02+00:00,20,1446.0,2054.0,32.0,2,0.5405821414860918,0
LOLTMNT02_354548,LCS,2026-02-14T22:58:02+00:00,25,4719.0,6468.0,51.0,7,0.5405821414860918,0
LOLTMNT02_354552,LCS,2026-02-14T23:52:02+00:00,10,799.0,132.0,-16.0,2,0.5405821414860918,1
LOLTMNT02_354552,LCS,2026-02-14T23:52:02+00:00,15,2852.0,2217.0,-3.0,5,0.5405821414860918,1
LOLTMNT02_354552,LCS,2026-02-14T23:52:02+00:00,20,4581.0,3560.0,2.0,6,0.5405821414860918,1
LOLTMNT02_354552,LCS,2026-02-14T23:52:02+00:00,25,5071.0,3919.0,13.0,7,0.5405821414860918,1
LOLTMNT02_354619,LCK,2026-02-15T09:56:35+00:00,10,-2340.0,-704.0,-15.0,-3,0.787038077941288,0
LOLTMNT02_354619,LCK,2026-02-15T09:56:35+00:00,15,-4830.0,-2591.0,-56.0,-4,0.787038077941288,0
LOLTMNT02_354619,LCK,2026-02-15T09:56:35+00:00,20,-5436.0,-2239.0,-50.0,-4,0.787038077941288,0
LOLTMNT02_354619,LCK,2026-02-15T09:56:35+00:00,25,-8620.0,-2728.0,-79.0,-10,0.787038077941288,0
LOLTMNT02_354641,LCK,2026-02-15T10:48:53+00:00,10,388.0,719.0,-2.0,0,0.357321630753363,1
LOLTMNT02_354641,LCK,2026-02-15T10:48:53+00:00,15,2851.0,1960.0,-7.0,2,0.357321630753363,1
LOLTMNT02_354641,LCK,2026-02-15T10:48:53+00:00,20,5757.0,5623.0,19.0,5,0.357321630753363,1
LOLTMNT02_354641,LCK,2026-02-15T10:48:53+00:00,25,6007.0,4452.0,-6.0,6,0.357321630753363,1
LOLTMNT02_354876,LCS,2026-02-15T21:09:32+00:00,10,768.0,718.0,33.0,1,0.635680510523631,1
LOLTMNT02_354876,LCS,2026-02-15T21:09:32+00:00,15,3747.0,4158.0,85.0,4,0.635680510523631,1
LOLTMNT02_354876,LCS,2026-02-15T21:09:32+00:00,20,6378.0,5695.0,115.0,6,0.635680510523631,1
LOLTMNT02_354876,LCS,2026-02-15T21:09:32+00:00,25,10619.0,9901.0,144.0,11,0.635680510523631,1
LOLTMNT02_355443,LCK,2026-02-19T09:49:11+00:00,10,966.0,498.0,-2.0,2,0.662308576881654,0
LOLTMNT02_355443,LCK,2026-02-19T09:49:11+00:00,15,1834.0,1007.0,-21.0,5,0.662308576881654,0
LOLTMNT02_355443,LCK,2026-02-19T09:49:11+00:00,20,463.0,-482.0,-33.0,3,0.662308576881654,0
LOLTMNT02_355443,LCK,2026-02-19T09:49:11+00:00,25,-4500.0,-5647.0,-55.0,-1,0.662308576881654,0
LOLTMNT02_355446,LCK,2026-02-19T10:37:09+00:00,10,150.0,-287.0,2.0,-1,0.498808380590908,0
LOLTMNT02_355446,LCK,2026-02-19T10:37:09+00:00,15,383.0,-542.0,-30.0,0,0.498808380590908,0
LOLTMNT02_355446,LCK,2026-02-19T10:37:09+00:00,20,2568.0,-880.0,-34.0,2,0.498808380590908,0
LOLTMNT02_355446,LCK,2026-02-19T10:37:09+00:00,25,2855.0,1778.0,-20.0,4,0.498808380590908,0
LOLTMNT02_355631,LCK,2026-02-20T09:07:24+00:00,10,828.0,925.0,41.0,0,0.662774780487367,1
LOLTMNT02_355631,LCK,2026-02-20T09:07:24+00:00,15,-74.0,1388.0,46.0,-1,0.662774780487367,1
LOLTMNT02_355631,LCK,2026-02-20T09:07:24+00:00,20,2070.0,2619.0,62.0,2,0.662774780487367,1
LOLTMNT02_355631,LCK,2026-02-20T09:07:24+00:00,25,1149.0,-593.0,67.0,1,0.662774780487367,1
LOLTMNT02_355637,LCK,2026-02-20T10:07:12+00:00,10,-151.0,746.0,18.0,-1,0.684764446055065,0
LOLTMNT02_355637,LCK,2026-02-20T10:07:12+00:00,15,102.0,1528.0,41.0,-3,0.684764446055065,0
LOLTMNT02_355637,LCK,2026-02-20T10:07:12+00:00,20,-1947.0,-577.0,38.0,-5,0.684764446055065,0
LOLTMNT02_355637,LCK,2026-02-20T10:07:12+00:00,25,-3777.0,-4838.0,13.0,-5,0.684764446055065,0
LOLTMNT02_355782,LCK,2026-02-21T09:07:41+00:00,10,1368.0,908.0,47.0,0,0.863559301605753,1
LOLTMNT02_355782,LCK,2026-02-21T09:07:41+00:00,15,645.0,1066.0,72.0,-3,0.863559301605753,1
LOLTMNT02_355782,LCK,2026-02-21T09:07:41+00:00,20,1992.0,1210.0,84.0,-3,0.863559301605753,1
LOLTMNT02_355782,LCK,2026-02-21T09:07:41+00:00,25,4011.0,1987.0,84.0,0,0.863559301605753,1
LOLTMNT02_355793,LCK,2026-02-21T10:56:33+00:00,10,2105.0,1082.0,35.0,2,0.847041475358404,1
LOLTMNT02_355793,LCK,2026-02-21T10:56:33+00:00,15,8341.0,4851.0,77.0,8,0.847041475358404,1
LOLTMNT02_355793,LCK,2026-02-21T10:56:33+00:00,20,12138.0,8169.0,120.0,12,0.847041475358404,1
LOLTMNT02_355917,LCK,2026-02-22T11:04:59+00:00,10,-689.0,504.0,35.0,-3,0.353236066877927,1
LOLTMNT02_355917,LCK,2026-02-22T11:04:59+00:00,15,-1438.0,-438.0,29.0,-5,0.353236066877927,1
LOLTMNT02_355917,LCK,2026-02-22T11:04:59+00:00,20,798.0,760.0,24.0,-4,0.353236066877927,1
LOLTMNT02_355917,LCK,2026-02-22T11:04:59+00:00,25,162.0,190.0,18.0,-5,0.353236066877927,1
LOLTMNT02_356392,LCK,2026-02-19T08:06:05+00:00,10,-244.0,567.0,-1.0,0,0.509778226464661,0
LOLTMNT02_356392,LCK,2026-02-19T08:06:05+00:00,15,-2036.0,-1814.0,-4.0,-3,0.509778226464661,0
LOLTMNT02_356392,LCK,2026-02-19T08:06:05+00:00,20,-3977.0,-3351.0,-32.0,-5,0.509778226464661,0
LOLTMNT02_356392,LCK,2026-02-19T08:06:05+00:00,25,-5475.0,-3932.0,-11.0,-9,0.509778226464661,0
LOLTMNT02_356399,LCK,2026-02-19T08:59:02+00:00,10,887.0,1632.0,39.0,1,0.647045174585876,1
LOLTMNT02_356399,LCK,2026-02-19T08:59:02+00:00,15,969.0,1137.0,23.0,1,0.647045174585876,1
LOLTMNT02_356399,LCK,2026-02-19T08:59:02+00:00,20,1787.0,-167.0,0.0,3,0.647045174585876,1
LOLTMNT02_356399,LCK,2026-02-19T08:59:02+00:00,25,4653.0,2388.0,11.0,5,0.647045174585876,1
LOLTMNT02_356582,LCK,2026-02-20T08:06:25+00:00,10,344.0,-231.0,-25.0,2,0.470748811849739,0
LOLTMNT02_356582,LCK,2026-02-20T08:06:25+00:00,15,-561.0,-1678.0,-41.0,1,0.470748811849739,0
LOLTMNT02_356582,LCK,2026-02-20T08:06:25+00:00,20,-2448.0,-3510.0,-86.0,1,0.470748811849739,0
LOLTMNT02_356582,LCK,2026-02-20T08:06:25+00:00,25,-979.0,-1806.0,-83.0,3,0.470748811849739,0
LOLTMNT02_356609,LCK,2026-02-20T11:02:23+00:00,10,1788.0,962.0,14.0,2,0.507610465050502,0
LOLTMNT02_356609,LCK,2026-02-20T11:02:23+00:00,15,645.0,-894.0,-12.0,1,0.507610465050502,0
LOLTMNT02_356609,LCK,2026-02-20T11:02:23+00:00,20,489.0,-1462.0,-17.0,0,0.507610465050502,0
LOLTMNT02_356609,LCK,2026-02-20T11:02:23+00:00,25,-1320.0,-5515.0,-11.0,-2,0.507610465050502,0
LOLTMNT02_356695,LCK,2026-02-21T08:08:52+00:00,10,-325.0,992.0,23.0,-1,0.857653502333491,1
LOLTMNT02_356695,LCK,2026-02-21T08:08:52+00:00,15,560.0,1080.0,5.0,0,0.857653502333491,1
LOLTMNT02_356695,LCK,2026-02-21T08:08:52+00:00,20,1680.0,1490.0,9.0,0,0.857653502333491,1
LOLTMNT02_356695,LCK,2026-02-21T08:08:52+00:00,25,1646.0,855.0,26.0,-1,0.857653502333491,1
LOLTMNT02_356711,LCK,2026-02-21T10:03:38+00:00,10,385.0,935.0,23.0,1,0.867063867498977,0
LOLTMNT02_356711,LCK,2026-02-21T10:03:38+00:00,15,627.0,1549.0,29.0,1,0.867063867498977,0
LOLTMNT02_356711,LCK,2026-02-21T10:03:38+00:00,20,172.0,1622.0,54.0,-1,0.867063867498977,0
LOLTMNT02_356711,LCK,2026-02-21T10:03:38+00:00,25,-1494.0,-2056.0,66.0,-4,0.867063867498977,0
LOLTMNT02_356869,LCK,2026-02-22T08:08:41+00:00,10,685.0,293.0,12.0,0,0.352734158065657,0
LOLTMNT02_356869,LCK,2026-02-22T08:08:41+00:00,15,-280.0,115.0,20.0,-1,0.352734158065657,0
LOLTMNT02_356869,LCK,2026-02-22T08:08:41+00:00,20,-3847.0,-1563.0,30.0,-4,0.352734158065657,0
LOLTMNT02_356869,LCK,2026-02-22T08:08:41+00:00,25,-3837.0,-2638.0,0.0,-5,0.352734158065657,0
LOLTMNT02_356875,LCK,2026-02-22T09:08:21+00:00,10,828.0,-73.0,-17.0,2,0.33847930624325,0
LOLTMNT02_356875,LCK,2026-02-22T09:08:21+00:00,15,-498.0,-130.0,-38.0,0,0.33847930624325,0
LOLTMNT02_356875,LCK,2026-02-22T09:08:21+00:00,20,-2562.0,-2324.0,-62.0,-4,0.33847930624325,0
LOLTMNT02_356875,LCK,2026-02-22T09:08:21+00:00,25,-12003.0,-9946.0,-86.0,-13,0.33847930624325,0
LOLTMNT02_356881,LCK,2026-02-22T10:01:38+00:00,10,1117.0,-246.0,-9.0,0,0.789862943132943,0
LOLTMNT02_356881,LCK,2026-02-22T10:01:38+00:00,15,1781.0,1115.0,-20.0,2,0.789862943132943,0
LOLTMNT02_356881,LCK,2026-02-22T10:01:38+00:00,20,3789.0,856.0,-19.0,2,0.789862943132943,0
LOLTMNT02_356881,LCK,2026-02-22T10:01:38+00:00,25,3283.0,1202.0,-38.0,2,0.789862943132943,0
LOLTMNT02_356890,LCK,2026-02-22T12:02:50+00:00,10,-601.0,41.0,-18.0,0,0.381810365083049,1
LOLTMNT02_356890,LCK,2026-02-22T12:02:50+00:00,15,-802.0,44.0,-24.0,0,0.381810365083049,1
LOLTMNT02_356890,LCK,2026-02-22T12:02:50+00:00,20,930.0,849.0,-23.0,2,0.381810365083049,1
LOLTMNT02_356890,LCK,2026-02-22T12:02:50+00:00,25,1431.0,-1393.0,2.0,1,0.381810365083049,1
LOLTMNT02_360177,LCK,2026-02-28T08:23:00+00:00,10,-1650.0,-725.0,-26.0,-2,0.613381070754352,0
LOLTMNT02_360177,LCK,2026-02-28T08:23:00+00:00,15,-1455.0,-531.0,-25.0,-2,0.613381070754352,0
LOLTMNT02_360177,LCK,2026-02-28T08:23:00+00:00,20,-4341.0,-1764.0,-58.0,-3,0.613381070754352,0
LOLTMNT02_360177,LCK,2026-02-28T08:23:00+00:00,25,-10904.0,-10146.0,-105.0,-7,0.613381070754352,0
LOLTMNT02_360180,LCK,2026-02-28T09:16:16+00:00,10,-824.0,-526.0,-20.0,-2,0.55268641472934,1
LOLTMNT02_360180,LCK,2026-02-28T09:16:16+00:00,15,-733.0,-1604.0,-26.0,-2,0.55268641472934,1
LOLTMNT02_360180,LCK,2026-02-28T09:16:16+00:00,20,1095.0,656.0,-27.0,2,0.55268641472934,1
LOLTMNT02_360180,LCK,2026-02-28T09:16:16+00:00,25,1046.0,1463.0,-53.0,4,0.55268641472934,1
LOLTMNT02_360183,LCK,2026-02-28T10:13:45+00:00,10,976.0,-337.0,-15.0,2,0.576074807095257,1
LOLTMNT02_360183,LCK,2026-02-28T10:13:45+00:00,15,275.0,-253.0,-17.0,1,0.576074807095257,1
LOLTMNT02_360183,LCK,2026-02-28T10:13:45+00:00,20,5428.0,4501.0,7.0,8,0.576074807095257,1
LOLTMNT02_360183,LCK,2026-02-28T10:13:45+00:00,25,6176.0,4739.0,-8.0,10,0.576074807095257,1
LOLTMNT02_360283,LCK,2026-03-01T08:22:46+00:00,10,1682.0,1307.0,15.0,2,0.838619748405415,1
LOLTMNT02_360283,LCK,2026-03-01T08:22:46+00:00,15,545.0,291.0,5.0,1,0.838619748405415,1
LOLTMNT02_360283,LCK,2026-03-01T08:22:46+00:00,20,350.0,-11.0,29.0,0,0.838619748405415,1
LOLTMNT02_360283,LCK,2026-03-01T08:22:46+00:00,25,2285.0,6002.0,60.0,0,0.838619748405415,1
LOLTMNT02_360285,LCK,2026-03-01T09:14:27+00:00,10,-1512.0,109.0,-14.0,-3,0.843270544835578,1
LOLTMNT02_360285,LCK,2026-03-01T09:14:27+00:00,15,-1397.0,95.0,-20.0,-3,0.843270544835578,1
LOLTMNT02_360285,LCK,2026-03-01T09:14:27+00:00,20,2755.0,4098.0,-11.0,2,0.843270544835578,1
LOLTMNT02_360285,LCK,2026-03-01T09:14:27+00:00,25,12090.0,11898.0,31.0,10,0.843270544835578,1
LOLTMNT02_360286,LCK,2026-03-01T10:01:17+00:00,10,880.0,982.0,40.0,0,0.849955189195207,1
LOLTMNT02_360286,LCK,2026-03-01T10:01:17+00:00,15,1923.0,1397.0,58.0,1,0.849955189195207,1
LOLTMNT02_360286,LCK,2026-03-01T10:01:17+00:00,20,2768.0,3660.0,73.0,4,0.849955189195207,1
LOLTMNT02_360286,LCK,2026-03-01T10:01:17+00:00,25,5791.0,7510.0,114.0,7,0.849955189195207,1
LOLTMNT02_374657,LCK,2026-04-01T10:23:34+00:00,10,2078.0,1345.0,56.0,2,0.343582946133122,1
LOLTMNT02_374657,LCK,2026-04-01T10:23:34+00:00,15,3118.0,1759.0,52.0,3,0.343582946133122,1
LOLTMNT02_374657,LCK,2026-04-01T10:23:34+00:00,20,5365.0,3932.0,76.0,5,0.343582946133122,1
LOLTMNT02_374657,LCK,2026-04-01T10:23:34+00:00,25,11816.0,11478.0,68.0,12,0.343582946133122,1
LOLTMNT02_374671,LCK,2026-04-01T11:09:27+00:00,10,1274.0,-585.0,22.0,1,0.376743987824855,1
LOLTMNT02_374671,LCK,2026-04-01T11:09:27+00:00,15,95.0,-1253.0,24.0,0,0.376743987824855,1
LOLTMNT02_374671,LCK,2026-04-01T11:09:27+00:00,20,1836.0,-76.0,4.0,4,0.376743987824855,1
LOLTMNT02_374671,LCK,2026-04-01T11:09:27+00:00,25,1866.0,20.0,22.0,3,0.376743987824855,1
LOLTMNT02_374985,LCK,2026-04-02T08:08:29+00:00,10,2506.0,2506.0,60.0,2,0.389644874579895,1
LOLTMNT02_374985,LCK,2026-04-02T08:08:29+00:00,15,5002.0,3269.0,72.0,3,0.389644874579895,1
LOLTMNT02_374985,LCK,2026-04-02T08:08:29+00:00,20,7645.0,6246.0,109.0,7,0.389644874579895,1
LOLTMNT02_374985,LCK,2026-04-02T08:08:29+00:00,25,6002.0,7134.0,87.0,5,0.389644874579895,1
LOLTMNT02_374997,LCK,2026-04-02T09:03:28+00:00,10,331.0,318.0,-7.0,1,0.415343516786382,1
LOLTMNT02_374997,LCK,2026-04-02T09:03:28+00:00,15,2645.0,3056.0,38.0,3,0.415343516786382,1
LOLTMNT02_374997,LCK,2026-04-02T09:03:28+00:00,20,6557.0,6034.0,33.0,8,0.415343516786382,1
LOLTMNT02_375568,LCK,2026-04-01T08:11:43+00:00,10,-1983.0,-888.0,-12.0,-3,0.2184698612856,0
LOLTMNT02_375568,LCK,2026-04-01T08:11:43+00:00,15,-4929.0,-1904.0,-27.0,-5,0.2184698612856,0
LOLTMNT02_375568,LCK,2026-04-01T08:11:43+00:00,20,-5964.0,-2334.0,-48.0,-5,0.2184698612856,0
LOLTMNT02_375568,LCK,2026-04-01T08:11:43+00:00,25,-8683.0,-3922.0,-65.0,-7,0.2184698612856,0
LOLTMNT02_375577,LCK,2026-04-01T09:05:37+00:00,10,-723.0,534.0,17.0,-3,0.869700130267209,1
LOLTMNT02_375577,LCK,2026-04-01T09:05:37+00:00,15,3094.0,2882.0,28.0,2,0.869700130267209,1
LOLTMNT02_375577,LCK,2026-04-01T09:05:37+00:00,20,7286.0,3876.0,20.0,4,0.869700130267209,1
LOLTMNT02_375577,LCK,2026-04-01T09:05:37+00:00,25,6629.0,5113.0,-4.0,4,0.869700130267209,1
LOLTMNT02_376019,LCK,2026-04-02T10:15:16+00:00,10,-396.0,-886.0,-5.0,-1,0.472899452031667,0
LOLTMNT02_376019,LCK,2026-04-02T10:15:16+00:00,15,-1658.0,-2619.0,-18.0,-2,0.472899452031667,0
LOLTMNT02_376019,LCK,2026-04-02T10:15:16+00:00,20,-522.0,-848.0,5.0,-2,0.472899452031667,0
LOLTMNT02_376019,LCK,2026-04-02T10:15:16+00:00,25,1563.0,-461.0,4.0,-1,0.472899452031667,0
LOLTMNT02_376026,LCK,2026-04-02T11:09:57+00:00,10,967.0,-349.0,7.0,1,0.452502206318895,0
LOLTMNT02_376026,LCK,2026-04-02T11:09:57+00:00,15,1800.0,544.0,-5.0,3,0.452502206318895,0
LOLTMNT02_376026,LCK,2026-04-02T11:09:57+00:00,20,-698.0,-2704.0,-9.0,-3,0.452502206318895,0
LOLTMNT02_376026,LCK,2026-04-02T11:09:57+00:00,25,-4933.0,-6456.0,-41.0,-8,0.452502206318895,0
LOLTMNT02_376203,LCK,2026-04-03T08:58:48+00:00,10,341.0,145.0,34.0,-1,0.824281541775046,1
LOLTMNT02_376203,LCK,2026-04-03T08:58:48+00:00,15,3942.0,3060.0,61.0,5,0.824281541775046,1
LOLTMNT02_376203,LCK,2026-04-03T08:58:48+00:00,20,9290.0,6483.0,90.0,10,0.824281541775046,1
LOLTMNT02_376203,LCK,2026-04-03T08:58:48+00:00,25,11146.0,7236.0,110.0,13,0.824281541775046,1
LOLTMNT02_376207,LCK,2026-04-03T09:48:35+00:00,10,1251.0,322.0,41.0,0,0.829503681843181,0
LOLTMNT02_376207,LCK,2026-04-03T09:48:35+00:00,15,-176.0,-947.0,49.0,-2,0.829503681843181,0
LOLTMNT02_376207,LCK,2026-04-03T09:48:35+00:00,20,-995.0,-2494.0,82.0,-4,0.829503681843181,0
LOLTMNT02_376207,LCK,2026-04-03T09:48:35+00:00,25,-1683.0,-2090.0,115.0,-7,0.829503681843181,0
LOLTMNT02_376241,LCK,2026-04-03T11:10:37+00:00,10,763.0,86.0,0.0,1,0.29361752263291,1
LOLTMNT02_376241,LCK,2026-04-03T11:10:37+00:00,15,1289.0,1700.0,28.0,1,0.29361752263291,1
LOLTMNT02_376241,LCK,2026-04-03T11:10:37+00:00,20,4429.0,4401.0,27.0,6,0.29361752263291,1
LOLTMNT02_376241,LCK,2026-04-03T11:10:37+00:00,25,7442.0,6333.0,14.0,7,0.29361752263291,1
LOLTMNT02_376401,LCK,2026-04-04T08:08:38+00:00,10,-303.0,39.0,8.0,0,0.601282006235831,0
LOLTMNT02_376401,LCK,2026-04-04T08:08:38+00:00,15,-798.0,95.0,0.0,0,0.601282006235831,0
LOLTMNT02_376401,LCK,2026-04-04T08:08:38+00:00,20,-3423.0,-851.0,-6.0,-3,0.601282006235831,0
LOLTMNT02_376401,LCK,2026-04-04T08:08:38+00:00,25,-5435.0,1356.0,-49.0,-6,0.601282006235831,0
LOLTMNT02_376413,LCK,2026-04-04T09:08:12+00:00,10,-2568.0,-983.0,-23.0,-4,0.559697526225883,1
LOLTMNT02_376413,LCK,2026-04-04T09:08:12+00:00,15,30.0,1307.0,-19.0,0,0.559697526225883,1
LOLTMNT02_376413,LCK,2026-04-04T09:08:12+00:00,20,1771.0,2384.0,-30.0,3,0.559697526225883,1
LOLTMNT02_376413,LCK,2026-04-04T09:08:12+00:00,25,1804.0,2838.0,-23.0,2,0.559697526225883,1
LOLTMNT02_376440,LCK,2026-04-04T11:29:13+00:00,10,1903.0,928.0,40.0,2,0.780060288652447,1
LOLTMNT02_376440,LCK,2026-04-04T11:29:13+00:00,15,1266.0,36.0,55.0,0,0.780060288652447,1
LOLTMNT02_376440,LCK,2026-04-04T11:29:13+00:00,20,-217.0,-2335.0,36.0,-3,0.780060288652447,1
LOLTMNT02_376440,LCK,2026-04-04T11:29:13+00:00,25,1340.0,792.0,42.0,-3,0.780060288652447,1
LOLTMNT02_376564,LCK,2026-04-05T10:22:53+00:00,10,505.0,674.0,10.0,0,0.845706383105432,1
LOLTMNT02_376564,LCK,2026-04-05T10:22:53+00:00,15,3675.0,3071.0,22.0,5,0.845706383105432,1
LOLTMNT02_376564,LCK,2026-04-05T10:22:53+00:00,20,2835.0,2444.0,44.0,4,0.845706383105432,1
LOLTMNT02_376564,LCK,2026-04-05T10:22:53+00:00,25,8213.0,9918.0,89.0,10,0.845706383105432,1
LOLTMNT02_376566,LCK,2026-04-05T11:13:31+00:00,10,692.0,79.0,-9.0,1,0.849901735295235,1
LOLTMNT02_376566,LCK,2026-04-05T11:13:31+00:00,15,702.0,-82.0,20.0,-1,0.849901735295235,1
LOLTMNT02_376566,LCK,2026-04-05T11:13:31+00:00,20,3414.0,3304.0,40.0,4,0.849901735295235,1
LOLTMNT02_376566,LCK,2026-04-05T11:13:31+00:00,25,4418.0,3431.0,86.0,2,0.849901735295235,1
LOLTMNT02_377156,LCK,2026-04-03T08:10:24+00:00,10,1089.0,-342.0,32.0,1,0.247177268412448,1
LOLTMNT02_377156,LCK,2026-04-03T08:10:24+00:00,15,1321.0,-392.0,40.0,0,0.247177268412448,1
LOLTMNT02_377156,LCK,2026-04-03T08:10:24+00:00,20,3816.0,-257.0,22.0,2,0.247177268412448,1
LOLTMNT02_377156,LCK,2026-04-03T08:10:24+00:00,25,3085.0,4464.0,19.0,2,0.247177268412448,1
LOLTMNT02_377199,LCK,2026-04-03T12:14:25+00:00,10,940.0,961.0,37.0,0,0.784240454761312,0
LOLTMNT02_377199,LCK,2026-04-03T12:14:25+00:00,15,1569.0,1164.0,51.0,-1,0.784240454761312,0
LOLTMNT02_377199,LCK,2026-04-03T12:14:25+00:00,20,1276.0,126.0,41.0,-2,0.784240454761312,0
LOLTMNT02_377199,LCK,2026-04-03T12:14:25+00:00,25,-2965.0,-7124.0,6.0,-5,0.784240454761312,0
LOLTMNT02_377394,LCK,2026-04-04T10:30:33+00:00,10,459.0,462.0,15.0,0,0.76868630107481,1
LOLTMNT02_377394,LCK,2026-04-04T10:30:33+00:00,15,3266.0,1969.0,65.0,1,0.76868630107481,1
LOLTMNT02_377394,LCK,2026-04-04T10:30:33+00:00,20,6757.0,4107.0,97.0,4,0.76868630107481,1
LOLTMNT02_377394,LCK,2026-04-04T10:30:33+00:00,25,8486.0,2789.0,111.0,5,0.76868630107481,1
LOLTMNT02_377509,LCK,2026-04-05T08:10:33+00:00,10,268.0,-281.0,9.0,-1,0.470344450467277,1
LOLTMNT02_377509,LCK,2026-04-05T08:10:33+00:00,15,-2278.0,-2154.0,6.0,-6,0.470344450467277,1
LOLTMNT02_377509,LCK,2026-04-05T08:10:33+00:00,20,-2570.0,-3674.0,-13.0,-5,0.470344450467277,1
LOLTMNT02_377509,LCK,2026-04-05T08:10:33+00:00,25,-681.0,-2880.0,-26.0,-4,0.470344450467277,1
LOLTMNT02_377512,LCK,2026-04-05T09:04:05+00:00,10,1261.0,178.0,21.0,2,0.504306940659312,1
LOLTMNT02_377512,LCK,2026-04-05T09:04:05+00:00,15,2938.0,2300.0,68.0,2,0.504306940659312,1
LOLTMNT02_377512,LCK,2026-04-05T09:04:05+00:00,20,5645.0,5542.0,77.0,4,0.504306940659312,1
LOLTMNT02_377512,LCK,2026-04-05T09:04:05+00:00,25,4161.0,-84.0,63.0,6,0.504306940659312,1
LOLTMNT02_378878,LCS,2026-04-18T20:49:34+00:00,10,711.0,-22.0,12.0,1,0.7429413628039552,1
LOLTMNT02_378878,LCS,2026-04-18T20:49:34+00:00,15,3383.0,3345.0,38.0,4,0.7429413628039552,1
LOLTMNT02_378878,LCS,2026-04-18T20:49:34+00:00,20,6997.0,6742.0,34.0,8,0.7429413628039552,1
LOLTMNT02_378878,LCS,2026-04-18T20:49:34+00:00,25,11681.0,11643.0,15.0,14,0.7429413628039552,1
LOLTMNT02_378891,LCS,2026-04-18T21:34:17+00:00,10,-883.0,-645.0,-31.0,0,0.4608647489422695,0
LOLTMNT02_378891,LCS,2026-04-18T21:34:17+00:00,15,-1982.0,-51.0,-20.0,-2,0.4608647489422695,0
LOLTMNT02_378891,LCS,2026-04-18T21:34:17+00:00,20,-4443.0,-1171.0,-22.0,-4,0.4608647489422695,0
LOLTMNT02_378891,LCS,2026-04-18T21:34:17+00:00,25,-8034.0,-5467.0,-45.0,-8,0.4608647489422695,0
LOLTMNT02_380889,LCS,2026-04-18T20:07:45+00:00,10,956.0,-276.0,13.0,2,0.7429413628039552,1
LOLTMNT02_380889,LCS,2026-04-18T20:07:45+00:00,15,1184.0,205.0,7.0,3,0.7429413628039552,1
LOLTMNT02_380889,LCS,2026-04-18T20:07:45+00:00,20,4561.0,4466.0,19.0,9,0.7429413628039552,1
LOLTMNT02_380889,LCS,2026-04-18T20:07:45+00:00,25,12846.0,13837.0,59.0,17,0.7429413628039552,1
LOLTMNT02_380912,LCS,2026-04-18T22:25:30+00:00,10,-593.0,-2008.0,-40.0,0,0.5391352510577305,0
LOLTMNT02_380912,LCS,2026-04-18T22:25:30+00:00,15,-2439.0,-4109.0,-58.0,-2,0.5391352510577305,0
LOLTMNT02_380912,LCS,2026-04-18T22:25:30+00:00,20,-4138.0,-5702.0,-89.0,-4,0.5391352510577305,0
LOLTMNT02_380912,LCS,2026-04-18T22:25:30+00:00,25,-2290.0,-7092.0,-85.0,-2,0.5391352510577305,0
LOLTMNT02_380920,LCS,2026-04-18T23:15:41+00:00,10,770.0,-41.0,43.0,-1,0.4608647489422695,0
LOLTMNT02_380920,LCS,2026-04-18T23:15:41+00:00,15,1267.0,327.0,23.0,0,0.4608647489422695,0
LOLTMNT02_380920,LCS,2026-04-18T23:15:41+00:00,20,-1854.0,-4259.0,-10.0,-5,0.4608647489422695,0
LOLTMNT02_380920,LCS,2026-04-18T23:15:41+00:00,25,-6488.0,-11568.0,-30.0,-8,0.4608647489422695,0
LOLTMNT02_381269,LCS,2026-04-19T21:49:48+00:00,10,996.0,-317.0,-9.0,1,0.7547475762094149,1
LOLTMNT02_381269,LCS,2026-04-19T21:49:48+00:00,15,691.0,-236.0,-2.0,-1,0.7547475762094149,1
LOLTMNT02_381269,LCS,2026-04-19T21:49:48+00:00,20,1540.0,-894.0,0.0,-2,0.7547475762094149,1
LOLTMNT02_381269,LCS,2026-04-19T21:49:48+00:00,25,1169.0,-1580.0,13.0,-4,0.7547475762094149,1
LOLTMNT02_382276,LCS,2026-04-19T22:55:00+00:00,10,-83.0,546.0,22.0,-1,0.7547475762094149,0
LOLTMNT02_382276,LCS,2026-04-19T22:55:00+00:00,15,138.0,1850.0,52.0,-2,0.7547475762094149,0
LOLTMNT02_382276,LCS,2026-04-19T22:55:00+00:00,20,552.0,1297.0,40.0,-2,0.7547475762094149,0
LOLTMNT02_382276,LCS,2026-04-19T22:55:00+00:00,25,-1686.0,762.0,33.0,-7,0.7547475762094149,0
LOLTMNT02_382280,LCS,2026-04-19T23:52:55+00:00,10,-849.0,-563.0,-22.0,0,0.245252423790585,0
LOLTMNT02_382280,LCS,2026-04-19T23:52:55+00:00,15,-685.0,529.0,-18.0,0,0.245252423790585,0
LOLTMNT02_382280,LCS,2026-04-19T23:52:55+00:00,20,-1995.0,-454.0,-13.0,-3,0.245252423790585,0
LOLTMNT02_382280,LCS,2026-04-19T23:52:55+00:00,25,-6292.0,-6129.0,-13.0,-8,0.245252423790585,0
LOLTMNT02_383148,EWC,2026-04-21T21:06:40+00:00,10,130.0,195.0,-1.0,1,0.6927283204556923,0
LOLTMNT02_383148,EWC,2026-04-21T21:06:40+00:00,15,-330.0,-974.0,-2.0,0,0.6927283204556923,0
LOLTMNT02_383148,EWC,2026-04-21T21:06:40+00:00,20,-2371.0,-4161.0,-6.0,-1,0.6927283204556923,0
LOLTMNT02_383148,EWC,2026-04-21T21:06:40+00:00,25,-5075.0,-10034.0,-36.0,-2,0.6927283204556923,0
LOLTMNT02_383295,LCK,2026-04-22T09:04:09+00:00,10,-1272.0,-876.0,-43.0,0,0.263007351368557,0
LOLTMNT02_383295,LCK,2026-04-22T09:04:09+00:00,15,-3229.0,-1494.0,-53.0,-2,0.263007351368557,0
LOLTMNT02_383295,LCK,2026-04-22T09:04:09+00:00,20,-4489.0,-3770.0,-66.0,-7,0.263007351368557,0
LOLTMNT02_383295,LCK,2026-04-22T09:04:09+00:00,25,-11294.0,-10558.0,-64.0,-14,0.263007351368557,0
LOLTMNT02_383315,LCK,2026-04-22T10:16:00+00:00,10,2226.0,858.0,25.0,3,0.840783078758121,1
LOLTMNT02_383315,LCK,2026-04-22T10:16:00+00:00,15,2001.0,-1763.0,12.0,2,0.840783078758121,1
LOLTMNT02_383315,LCK,2026-04-22T10:16:00+00:00,20,5191.0,502.0,24.0,6,0.840783078758121,1
LOLTMNT02_383315,LCK,2026-04-22T10:16:00+00:00,25,6507.0,-739.0,40.0,6,0.840783078758121,1
LOLTMNT02_384081,EWC,2026-04-21T20:09:41+00:00,10,247.0,-535.0,25.0,-1,0.6927283204556923,0
LOLTMNT02_384081,EWC,2026-04-21T20:09:41+00:00,15,1378.0,1024.0,74.0,-2,0.6927283204556923,0
LOLTMNT02_384081,EWC,2026-04-21T20:09:41+00:00,20,-616.0,-937.0,31.0,-3,0.6927283204556923,0
LOLTMNT02_384081,EWC,2026-04-21T20:09:41+00:00,25,-38.0,3363.0,39.0,-2,0.6927283204556923,0
LOLTMNT02_384269,LCK,2026-04-22T08:04:37+00:00,10,523.0,236.0,-35.0,2,0.271388080664921,0
LOLTMNT02_384269,LCK,2026-04-22T08:04:37+00:00,15,478.0,633.0,-39.0,3,0.271388080664921,0
LOLTMNT02_384269,LCK,2026-04-22T08:04:37+00:00,20,1755.0,3149.0,-29.0,5,0.271388080664921,0
LOLTMNT02_384269,LCK,2026-04-22T08:04:37+00:00,25,2478.0,4645.0,-18.0,6,0.271388080664921,0
LOLTMNT02_384348,LCK,2026-04-22T11:06:38+00:00,10,174.0,234.0,29.0,-1,0.849942269867445,0
LOLTMNT02_384348,LCK,2026-04-22T11:06:38+00:00,15,67.0,-249.0,17.0,-2,0.849942269867445,0
LOLTMNT02_384348,LCK,2026-04-22T11:06:38+00:00,20,858.0,1622.0,0.0,-1,0.849942269867445,0
LOLTMNT02_384348,LCK,2026-04-22T11:06:38+00:00,25,1317.0,3993.0,5.0,-2,0.849942269867445,0
LOLTMNT02_384385,LCK,2026-04-22T12:05:40+00:00,10,-1528.0,-1231.0,-4.0,-3,0.270698272079252,0
LOLTMNT02_384385,LCK,2026-04-22T12:05:40+00:00,15,-229.0,-1335.0,-9.0,-2,0.270698272079252,0
LOLTMNT02_384385,LCK,2026-04-22T12:05:40+00:00,20,913.0,942.0,6.0,-1,0.270698272079252,0
LOLTMNT02_384385,LCK,2026-04-22T12:05:40+00:00,25,-3847.0,-3746.0,-5.0,-4,0.270698272079252,0
LOLTMNT02_384557,EWC,2026-04-22T18:06:55+00:00,10,834.0,-94.0,-7.0,2,0.5580846230162976,0
LOLTMNT02_384557,EWC,2026-04-22T18:06:55+00:00,15,95.0,-863.0,-5.0,0,0.5580846230162976,0
LOLTMNT02_384557,EWC,2026-04-22T18:06:55+00:00,20,-3445.0,-4203.0,-16.0,-3,0.5580846230162976,0
LOLTMNT02_384576,EWC,2026-04-22T18:53:27+00:00,10,1747.0,684.0,21.0,2,0.4419153769837024,1
LOLTMNT02_384576,EWC,2026-04-22T18:53:27+00:00,15,3258.0,180.0,6.0,4,0.4419153769837024,1
LOLTMNT02_384576,EWC,2026-04-22T18:53:27+00:00,20,5421.0,1952.0,11.0,5,0.4419153769837024,1
LOLTMNT02_384576,EWC,2026-04-22T18:53:27+00:00,25,10081.0,8727.0,41.0,9,0.4419153769837024,1
LOLTMNT02_385198,EWC,2026-04-23T18:09:49+00:00,10,-1516.0,-174.0,1.0,-3,0.4702963898298065,1
LOLTMNT02_385198,EWC,2026-04-23T18:09:49+00:00,15,-1866.0,-1350.0,-28.0,-2,0.4702963898298065,1
LOLTMNT02_385198,EWC,2026-04-23T18:09:49+00:00,20,-1629.0,-806.0,-15.0,-3,0.4702963898298065,1
LOLTMNT02_385198,EWC,2026-04-23T18:09:49+00:00,25,1857.0,1577.0,38.0,1,0.4702963898298065,1
LOLTMNT02_385215,EWC,2026-04-23T19:12:40+00:00,10,-1328.0,-1169.0,-9.0,-1,0.4702963898298065,0
LOLTMNT02_385215,EWC,2026-04-23T19:12:40+00:00,15,-80.0,-340.0,18.0,0,0.4702963898298065,0
LOLTMNT02_385215,EWC,2026-04-23T19:12:40+00:00,20,3117.0,374.0,25.0,2,0.4702963898298065,0
LOLTMNT02_385215,EWC,2026-04-23T19:12:40+00:00,25,-1840.0,-6198.0,28.0,-2,0.4702963898298065,0
LOLTMNT02_385252,EWC,2026-04-23T21:47:37+00:00,10,661.0,-543.0,-16.0,2,0.4868736510886494,1
LOLTMNT02_385252,EWC,2026-04-23T21:47:37+00:00,15,2271.0,177.0,-11.0,5,0.4868736510886494,1
LOLTMNT02_385252,EWC,2026-04-23T21:47:37+00:00,20,4442.0,3816.0,16.0,9,0.4868736510886494,1
LOLTMNT02_385252,EWC,2026-04-23T21:47:37+00:00,25,6858.0,8442.0,26.0,11,0.4868736510886494,1
LOLTMNT02_386195,EWC,2026-04-23T20:04:39+00:00,10,-1335.0,-1288.0,0.0,-2,0.5297036101701935,0
LOLTMNT02_386195,EWC,2026-04-23T20:04:39+00:00,15,-605.0,-119.0,-5.0,0,0.5297036101701935,0
LOLTMNT02_386195,EWC,2026-04-23T20:04:39+00:00,20,-2717.0,-900.0,-15.0,0,0.5297036101701935,0
LOLTMNT02_386195,EWC,2026-04-23T20:04:39+00:00,25,-9163.0,-8030.0,-58.0,-5,0.5297036101701935,0
LOLTMNT02_386212,EWC,2026-04-23T20:58:38+00:00,10,1758.0,1404.0,30.0,3,0.4868736510886494,1
LOLTMNT02_386212,EWC,2026-04-23T20:58:38+00:00,15,649.0,1367.0,15.0,3,0.4868736510886494,1
LOLTMNT02_386212,EWC,2026-04-23T20:58:38+00:00,20,4867.0,5025.0,42.0,7,0.4868736510886494,1
LOLTMNT02_386212,EWC,2026-04-23T20:58:38+00:00,25,8718.0,12442.0,75.0,12,0.4868736510886494,1
LOLTMNT02_388457,LCK,2026-04-25T08:07:29+00:00,10,-629.0,801.0,6.0,0,0.18707778367377,0
LOLTMNT02_388457,LCK,2026-04-25T08:07:29+00:00,15,44.0,910.0,19.0,0,0.18707778367377,0
LOLTMNT02_388457,LCK,2026-04-25T08:07:29+00:00,20,-1743.0,1009.0,-6.0,-1,0.18707778367377,0
LOLTMNT02_388457,LCK,2026-04-25T08:07:29+00:00,25,217.0,4374.0,-14.0,1,0.18707778367377,0
LOLTMNT02_388485,LCK,2026-04-25T09:20:29+00:00,10,1475.0,264.0,10.0,0,0.888650966054418,1
LOLTMNT02_388485,LCK,2026-04-25T09:20:29+00:00,15,1577.0,-905.0,22.0,-2,0.888650966054418,1
LOLTMNT02_388485,LCK,2026-04-25T09:20:29+00:00,20,2628.0,-1412.0,7.0,0,0.888650966054418,1
LOLTMNT02_388485,LCK,2026-04-25T09:20:29+00:00,25,3551.0,200.0,20.0,2,0.888650966054418,1
LOLTMNT02_388989,LCS,2026-04-25T23:00:25+00:00,10,792.0,438.0,22.0,1,0.7747523070012665,1
LOLTMNT02_388989,LCS,2026-04-25T23:00:25+00:00,15,3652.0,3798.0,62.0,5,0.7747523070012665,1
LOLTMNT02_388989,LCS,2026-04-25T23:00:25+00:00,20,9622.0,9920.0,132.0,11,0.7747523070012665,1
LOLTMNT02_389093,LCS,2026-04-25T20:09:02+00:00,10,-650.0,230.0,4.0,-1,0.2975450302831982,0
LOLTMNT02_389093,LCS,2026-04-25T20:09:02+00:00,15,612.0,-198.0,-7.0,2,0.2975450302831982,0
LOLTMNT02_389093,LCS,2026-04-25T20:09:02+00:00,20,-79.0,-1972.0,0.0,0,0.2975450302831982,0
LOLTMNT02_389093,LCS,2026-04-25T20:09:02+00:00,25,-2115.0,-5790.0,4.0,-1,0.2975450302831982,0
LOLTMNT02_389113,LCS,2026-04-25T20:56:15+00:00,10,-1219.0,195.0,-6.0,-1,0.7024549697168018,1
LOLTMNT02_389113,LCS,2026-04-25T20:56:15+00:00,15,-1955.0,-86.0,-11.0,-1,0.7024549697168018,1
LOLTMNT02_389113,LCS,2026-04-25T20:56:15+00:00,20,-592.0,2428.0,-12.0,1,0.7024549697168018,1
LOLTMNT02_389113,LCS,2026-04-25T20:56:15+00:00,25,318.0,2834.0,-34.0,2,0.7024549697168018,1
LOLTMNT02_389144,LCS,2026-04-25T22:08:21+00:00,10,281.0,1469.0,3.0,0,0.2252476929987334,0
LOLTMNT02_389144,LCS,2026-04-25T22:08:21+00:00,15,-1235.0,-960.0,-28.0,-2,0.2252476929987334,0
LOLTMNT02_389144,LCS,2026-04-25T22:08:21+00:00,20,-2218.0,-2598.0,-53.0,-3,0.2252476929987334,0
LOLTMNT02_389144,LCS,2026-04-25T22:08:21+00:00,25,-6590.0,-8832.0,-51.0,-8,0.2252476929987334,0
LOLTMNT02_390173,LCK,2026-04-26T08:06:17+00:00,10,-1874.0,-1425.0,-16.0,-3,0.358391519678046,0
LOLTMNT02_390173,LCK,2026-04-26T08:06:17+00:00,15,-5555.0,-3951.0,-62.0,-7,0.358391519678046,0
LOLTMNT02_390173,LCK,2026-04-26T08:06:17+00:00,20,-7387.0,-3561.0,-90.0,-6,0.358391519678046,0
LOLTMNT02_390189,LCK,2026-04-26T08:50:58+00:00,10,-1516.0,-446.0,-35.0,0,0.338132803563876,0
LOLTMNT02_390189,LCK,2026-04-26T08:50:58+00:00,15,1291.0,3658.0,-19.0,4,0.338132803563876,0
LOLTMNT02_390189,LCK,2026-04-26T08:50:58+00:00,20,2785.0,4047.0,-51.0,8,0.338132803563876,0
LOLTMNT02_390189,LCK,2026-04-26T08:50:58+00:00,25,-1306.0,2753.0,-102.0,7,0.338132803563876,0
LOLTMNT02_390637,LCS,2026-04-26T21:56:04+00:00,10,263.0,-482.0,-6.0,0,0.7830788496700786,1
LOLTMNT02_390637,LCS,2026-04-26T21:56:04+00:00,15,1279.0,687.0,-14.0,2,0.7830788496700786,1
LOLTMNT02_390637,LCS,2026-04-26T21:56:04+00:00,20,4345.0,4744.0,24.0,6,0.7830788496700786,1
LOLTMNT02_390647,LCS,2026-04-26T22:39:07+00:00,10,1615.0,1234.0,35.0,1,0.7830788496700786,0
LOLTMNT02_390647,LCS,2026-04-26T22:39:07+00:00,15,638.0,1258.0,84.0,-4,0.7830788496700786,0
LOLTMNT02_390647,LCS,2026-04-26T22:39:07+00:00,20,2683.0,1991.0,75.0,-2,0.7830788496700786,0
LOLTMNT02_390647,LCS,2026-04-26T22:39:07+00:00,25,801.0,-832.0,75.0,-5,0.7830788496700786,0
LOLTMNT02_390651,LCS,2026-04-26T23:48:02+00:00,10,2182.0,1407.0,19.0,2,0.7830788496700786,1
LOLTMNT02_390651,LCS,2026-04-26T23:48:02+00:00,15,2530.0,1675.0,61.0,-1,0.7830788496700786,1
LOLTMNT02_390651,LCS,2026-04-26T23:48:02+00:00,20,1938.0,903.0,54.0,-2,0.7830788496700786,1
LOLTMNT02_390651,LCS,2026-04-26T23:48:02+00:00,25,6250.0,5613.0,46.0,1,0.7830788496700786,1
LOLTMNT02_391455,EWC,2026-04-28T18:26:35+00:00,10,-1228.0,-1130.0,-27.0,-1,0.5201335484408294,1
LOLTMNT02_391455,EWC,2026-04-28T18:26:35+00:00,15,-879.0,-959.0,-37.0,0,0.5201335484408294,1
LOLTMNT02_391455,EWC,2026-04-28T18:26:35+00:00,20,-2323.0,-4444.0,-68.0,-2,0.5201335484408294,1
LOLTMNT02_391455,EWC,2026-04-28T18:26:35+00:00,25,-3083.0,-4843.0,-75.0,-2,0.5201335484408294,1
LOLTMNT02_391510,EWC,2026-04-28T20:13:19+00:00,10,-724.0,-81.0,10.0,-2,0.6075018129727467,0
LOLTMNT02_391510,EWC,2026-04-28T20:13:19+00:00,15,-4262.0,-1425.0,-5.0,-6,0.6075018129727467,0
LOLTMNT02_391510,EWC,2026-04-28T20:13:19+00:00,20,-6342.0,-3047.0,-11.0,-9,0.6075018129727467,0
LOLTMNT02_391510,EWC,2026-04-28T20:13:19+00:00,25,-9663.0,-8860.0,-20.0,-14,0.6075018129727467,0
LOLTMNT02_391914,EWC,2026-04-29T18:13:35+00:00,10,-758.0,-193.0,-26.0,1,0.5174204926232526,0
LOLTMNT02_391914,EWC,2026-04-29T18:13:35+00:00,15,-3266.0,-1918.0,-33.0,-3,0.5174204926232526,0
LOLTMNT02_391914,EWC,2026-04-29T18:13:35+00:00,20,-1932.0,-59.0,-37.0,1,0.5174204926232526,0
LOLTMNT02_391914,EWC,2026-04-29T18:13:35+00:00,25,-5622.0,-8285.0,-92.0,-1,0.5174204926232526,0
LOLTMNT02_391928,EWC,2026-04-29T19:12:06+00:00,10,862.0,826.0,9.0,2,0.5174204926232526,0
LOLTMNT02_391928,EWC,2026-04-29T19:12:06+00:00,15,-986.0,-838.0,-9.0,-1,0.5174204926232526,0
LOLTMNT02_391928,EWC,2026-04-29T19:12:06+00:00,20,-1023.0,-1660.0,-31.0,0,0.5174204926232526,0
LOLTMNT02_391928,EWC,2026-04-29T19:12:06+00:00,25,32.0,-1095.0,-46.0,3,0.5174204926232526,0
LOLTMNT02_391955,EWC,2026-04-29T20:01:20+00:00,10,-1417.0,-1424.0,-2.0,-3,0.5174204926232526,1
LOLTMNT02_391955,EWC,2026-04-29T20:01:20+00:00,15,-224.0,-358.0,21.0,-2,0.5174204926232526,1
LOLTMNT02_391955,EWC,2026-04-29T20:01:20+00:00,20,-1769.0,-1694.0,5.0,-3,0.5174204926232526,1
LOLTMNT02_391955,EWC,2026-04-29T20:01:20+00:00,25,-160.0,-1086.0,2.0,-1,0.5174204926232526,1
LOLTMNT02_392387,EWC,2026-04-28T18:18:26+00:00,10,-1489.0,299.0,-15.0,-2,0.3924981870272532,1
LOLTMNT02_392387,EWC,2026-04-28T18:18:26+00:00,15,-1959.0,-795.0,-25.0,-3,0.3924981870272532,1
LOLTMNT02_392387,EWC,2026-04-28T18:18:26+00:00,20,-2031.0,-83.0,3.0,-4,0.3924981870272532,1
LOLTMNT02_392387,EWC,2026-04-28T18:18:26+00:00,25,-3927.0,-3116.0,-21.0,-5,0.3924981870272532,1
LOLTMNT02_392405,EWC,2026-04-28T19:17:15+00:00,10,-1604.0,-1332.0,-39.0,-2,0.3924981870272532,0
LOLTMNT02_392405,EWC,2026-04-28T19:17:15+00:00,15,-3146.0,-2962.0,-56.0,-5,0.3924981870272532,0
LOLTMNT02_392405,EWC,2026-04-28T19:17:15+00:00,20,-1812.0,-916.0,-47.0,-2,0.3924981870272532,0
LOLTMNT02_392405,EWC,2026-04-28T19:17:15+00:00,25,-5933.0,-6092.0,-32.0,-8,0.3924981870272532,0
LOLTMNT02_392409,EWC,2026-04-28T19:27:26+00:00,10,-818.0,-947.0,-50.0,2,0.5201335484408294,1
LOLTMNT02_392409,EWC,2026-04-28T19:27:26+00:00,15,-1753.0,-1511.0,-68.0,2,0.5201335484408294,1
LOLTMNT02_392409,EWC,2026-04-28T19:27:26+00:00,20,-3094.0,-978.0,-86.0,2,0.5201335484408294,1
LOLTMNT02_392409,EWC,2026-04-28T19:27:26+00:00,25,697.0,6591.0,-78.0,6,0.5201335484408294,1
LOLTMNT02_392842,EWC,2026-04-29T20:55:34+00:00,10,1469.0,114.0,0.0,2,0.5174204926232526,0
LOLTMNT02_392842,EWC,2026-04-29T20:55:34+00:00,15,2381.0,1325.0,-14.0,4,0.5174204926232526,0
LOLTMNT02_392842,EWC,2026-04-29T20:55:34+00:00,20,328.0,-1993.0,-52.0,2,0.5174204926232526,0
LOLTMNT02_392842,EWC,2026-04-29T20:55:34+00:00,25,3824.0,4597.0,-15.0,5,0.5174204926232526,0
LOLTMNT02_394110,LCK,2026-04-30T08:06:44+00:00,10,1306.0,488.0,31.0,1,0.928318349855244,1
LOLTMNT02_394110,LCK,2026-04-30T08:06:44+00:00,15,3843.0,1551.0,30.0,6,0.928318349855244,1
LOLTMNT02_394110,LCK,2026-04-30T08:06:44+00:00,20,6890.0,4118.0,72.0,8,0.928318349855244,1
LOLTMNT02_394110,LCK,2026-04-30T08:06:44+00:00,25,9997.0,6347.0,82.0,11,0.928318349855244,1
LOLTMNT02_394154,LCK,2026-04-30T11:13:48+00:00,10,-381.0,515.0,-3.0,0,0.41616069808883,0
LOLTMNT02_394154,LCK,2026-04-30T11:13:48+00:00,15,-463.0,476.0,13.0,-1,0.41616069808883,0
LOLTMNT02_394154,LCK,2026-04-30T11:13:48+00:00,20,-1788.0,-2136.0,-10.0,-4,0.41616069808883,0
LOLTMNT02_394154,LCK,2026-04-30T11:13:48+00:00,25,-3806.0,-1319.0,-6.0,-6,0.41616069808883,0
LOLTMNT02_394364,LCK,2026-05-01T08:58:55+00:00,10,-805.0,-146.0,-25.0,0,0.548821618391957,1
LOLTMNT02_394364,LCK,2026-05-01T08:58:55+00:00,15,-678.0,51.0,-30.0,0,0.548821618391957,1
LOLTMNT02_394364,LCK,2026-05-01T08:58:55+00:00,20,2277.0,1527.0,-21.0,3,0.548821618391957,1
LOLTMNT02_394364,LCK,2026-05-01T08:58:55+00:00,25,4926.0,3483.0,16.0,4,0.548821618391957,1
LOLTMNT02_394531,LCK,2026-05-02T09:50:07+00:00,10,-2790.0,-1939.0,-20.0,-3,0.359524456049112,0
LOLTMNT02_394531,LCK,2026-05-02T09:50:07+00:00,15,-2552.0,-2637.0,-38.0,-2,0.359524456049112,0
LOLTMNT02_394531,LCK,2026-05-02T09:50:07+00:00,20,-5921.0,-4877.0,-50.0,-4,0.359524456049112,0
LOLTMNT02_394531,LCK,2026-05-02T09:50:07+00:00,25,-12041.0,-11525.0,-76.0,-7,0.359524456049112,0
LOLTMNT02_394554,LCK,2026-05-02T11:03:54+00:00,10,711.0,26.0,-5.0,2,0.450626332606209,1
LOLTMNT02_394554,LCK,2026-05-02T11:03:54+00:00,15,-478.0,-1160.0,-6.0,1,0.450626332606209,1
LOLTMNT02_394554,LCK,2026-05-02T11:03:54+00:00,20,3494.0,2545.0,-2.0,6,0.450626332606209,1
LOLTMNT02_394554,LCK,2026-05-02T11:03:54+00:00,25,6519.0,8026.0,1.0,12,0.450626332606209,1
LOLTMNT02_395085,LCK,2026-04-30T08:55:13+00:00,10,578.0,275.0,-16.0,3,0.115485893533131,1
LOLTMNT02_395085,LCK,2026-04-30T08:55:13+00:00,15,3887.0,4718.0,0.0,8,0.115485893533131,1
LOLTMNT02_395085,LCK,2026-04-30T08:55:13+00:00,20,4426.0,2781.0,-27.0,8,0.115485893533131,1
LOLTMNT02_395085,LCK,2026-04-30T08:55:13+00:00,25,3624.0,3543.0,-15.0,9,0.115485893533131,1
LOLTMNT02_395093,LCK,2026-04-30T09:47:45+00:00,10,-102.0,237.0,-22.0,1,0.134530352350149,0
LOLTMNT02_395093,LCK,2026-04-30T09:47:45+00:00,15,-794.0,-758.0,-47.0,1,0.134530352350149,0
LOLTMNT02_395093,LCK,2026-04-30T09:47:45+00:00,20,-2433.0,-1834.0,-82.0,0,0.134530352350149,0
LOLTMNT02_395093,LCK,2026-04-30T09:47:45+00:00,25,-4773.0,-3102.0,-104.0,-2,0.134530352350149,0
LOLTMNT02_395149,LCK,2026-04-30T12:08:17+00:00,10,-186.0,-748.0,-26.0,0,0.398322220860164,0
LOLTMNT02_395149,LCK,2026-04-30T12:08:17+00:00,15,-155.0,50.0,-24.0,0,0.398322220860164,0
LOLTMNT02_395149,LCK,2026-04-30T12:08:17+00:00,20,-2795.0,-1539.0,-61.0,-1,0.398322220860164,0
LOLTMNT02_395149,LCK,2026-04-30T12:08:17+00:00,25,-3229.0,-2879.0,-57.0,-3,0.398322220860164,0
LOLTMNT02_395369,LCK,2026-05-01T08:06:11+00:00,10,2012.0,1658.0,16.0,2,0.521759574919449,1
LOLTMNT02_395369,LCK,2026-05-01T08:06:11+00:00,15,2234.0,706.0,7.0,2,0.521759574919449,1
LOLTMNT02_395369,LCK,2026-05-01T08:06:11+00:00,20,4023.0,1997.0,35.0,4,0.521759574919449,1
LOLTMNT02_395369,LCK,2026-05-01T08:06:11+00:00,25,4379.0,2635.0,33.0,4,0.521759574919449,1
LOLTMNT02_395396,LCK,2026-05-01T10:22:34+00:00,10,-431.0,202.0,-6.0,-1,0.603420781494327,1
LOLTMNT02_395396,LCK,2026-05-01T10:22:34+00:00,15,-2095.0,-2371.0,-25.0,-6,0.603420781494327,1
LOLTMNT02_395396,LCK,2026-05-01T10:22:34+00:00,20,-463.0,-359.0,-14.0,-5,0.603420781494327,1
LOLTMNT02_395396,LCK,2026-05-01T10:22:34+00:00,25,-2326.0,-2943.0,-22.0,-8,0.603420781494327,1
LOLTMNT02_395404,LCK,2026-05-01T11:19:40+00:00,10,-552.0,-567.0,-5.0,0,0.624135006751786,0
LOLTMNT02_395404,LCK,2026-05-01T11:19:40+00:00,15,-197.0,662.0,17.0,1,0.624135006751786,0
LOLTMNT02_395404,LCK,2026-05-01T11:19:40+00:00,20,2471.0,2768.0,43.0,3,0.624135006751786,0
LOLTMNT02_395404,LCK,2026-05-01T11:19:40+00:00,25,-1372.0,496.0,12.0,-1,0.624135006751786,0
LOLTMNT02_395414,LCK,2026-05-01T12:17:37+00:00,10,-2046.0,-738.0,-42.0,0,0.545902023904678,0
LOLTMNT02_395414,LCK,2026-05-01T12:17:37+00:00,15,-3625.0,-3422.0,-76.0,-2,0.545902023904678,0
LOLTMNT02_395414,LCK,2026-05-01T12:17:37+00:00,20,-3943.0,-2436.0,-67.0,-2,0.545902023904678,0
LOLTMNT02_395414,LCK,2026-05-01T12:17:37+00:00,25,-5177.0,-4906.0,-90.0,-3,0.545902023904678,0
LOLTMNT02_395585,LCK,2026-05-02T08:06:29+00:00,10,-616.0,-373.0,-16.0,-1,0.343752015803043,0
LOLTMNT02_395585,LCK,2026-05-02T08:06:29+00:00,15,1157.0,-453.0,-13.0,0,0.343752015803043,0
LOLTMNT02_395585,LCK,2026-05-02T08:06:29+00:00,20,625.0,-2297.0,-12.0,-1,0.343752015803043,0
LOLTMNT02_395585,LCK,2026-05-02T08:06:29+00:00,25,-1324.0,-8630.0,-26.0,-3,0.343752015803043,0
LOLTMNT02_395589,LCK,2026-05-02T08:55:15+00:00,10,-591.0,-917.0,-24.0,0,0.779821836689378,0
LOLTMNT02_395589,LCK,2026-05-02T08:55:15+00:00,15,-1096.0,-1648.0,-34.0,0,0.779821836689378,0
LOLTMNT02_395589,LCK,2026-05-02T08:55:15+00:00,20,-3064.0,-3469.0,-49.0,0,0.779821836689378,0
LOLTMNT02_395589,LCK,2026-05-02T08:55:15+00:00,25,-6559.0,-5318.0,-71.0,-2,0.779821836689378,0
LOLTMNT02_395635,LCK,2026-05-02T11:52:31+00:00,10,462.0,903.0,8.0,1,0.479714707051162,1
LOLTMNT02_395635,LCK,2026-05-02T11:52:31+00:00,15,-2.0,493.0,1.0,1,0.479714707051162,1
LOLTMNT02_395635,LCK,2026-05-02T11:52:31+00:00,20,-102.0,772.0,-11.0,3,0.479714707051162,1
LOLTMNT02_395635,LCK,2026-05-02T11:52:31+00:00,25,2213.0,2644.0,-4.0,5,0.479714707051162,1
LOLTMNT02_395698,LCK,2026-05-03T08:05:43+00:00,10,200.0,-456.0,5.0,0,0.841830977027505,0
LOLTMNT02_395698,LCK,2026-05-03T08:05:43+00:00,15,43.0,144.0,4.0,0,0.841830977027505,0
LOLTMNT02_395698,LCK,2026-05-03T08:05:43+00:00,20,-2303.0,-1353.0,4.0,-3,0.841830977027505,0
LOLTMNT02_395698,LCK,2026-05-03T08:05:43+00:00,25,-2311.0,-2268.0,-23.0,-3,0.841830977027505,0
LOLTMNT02_395710,LCK,2026-05-03T09:08:53+00:00,10,-321.0,-136.0,-5.0,-1,0.282718876483933,1
LOLTMNT02_395710,LCK,2026-05-03T09:08:53+00:00,15,-427.0,528.0,26.0,-1,0.282718876483933,1
LOLTMNT02_395710,LCK,2026-05-03T09:08:53+00:00,20,-619.0,-400.0,29.0,-1,0.282718876483933,1
LOLTMNT02_395710,LCK,2026-05-03T09:08:53+00:00,25,-78.0,1239.0,8.0,1,0.282718876483933,1
LOLTMNT02_395739,LCK,2026-05-03T10:24:27+00:00,10,381.0,722.0,15.0,0,0.725442118322322,1
LOLTMNT02_395739,LCK,2026-05-03T10:24:27+00:00,15,-1210.0,-762.0,-2.0,-2,0.725442118322322,1
LOLTMNT02_395739,LCK,2026-05-03T10:24:27+00:00,20,3081.0,3782.0,23.0,3,0.725442118322322,1
LOLTMNT02_395739,LCK,2026-05-03T10:24:27+00:00,25,5025.0,4281.0,13.0,6,0.725442118322322,1
LOLTMNT02_395741,LCK,2026-05-03T11:12:34+00:00,10,4031.0,2687.0,52.0,7,0.739635407861173,1
LOLTMNT02_395741,LCK,2026-05-03T11:12:34+00:00,15,6178.0,3356.0,75.0,8,0.739635407861173,1
LOLTMNT02_395741,LCK,2026-05-03T11:12:34+00:00,20,6916.0,4350.0,100.0,8,0.739635407861173,1
LOLTMNT02_395741,LCK,2026-05-03T11:12:34+00:00,25,8430.0,3673.0,116.0,12,0.739635407861173,1
LOLTMNT02_401971,LCS,2026-05-16T21:09:15+00:00,10,-2426.0,-945.0,-17.0,-5,0.5403616690067408,1
LOLTMNT02_401971,LCS,2026-05-16T21:09:15+00:00,15,-3077.0,-1301.0,-41.0,-4,0.5403616690067408,1
LOLTMNT02_401971,LCS,2026-05-16T21:09:15+00:00,20,-1864.0,-1119.0,-27.0,-2,0.5403616690067408,1
LOLTMNT02_401971,LCS,2026-05-16T21:09:15+00:00,25,2192.0,6096.0,-41.0,3,0.5403616690067408,1
LOLTMNT02_402931,LCS,2026-05-16T20:08:36+00:00,10,1349.0,453.0,-10.0,3,0.5403616690067408,1
LOLTMNT02_402931,LCS,2026-05-16T20:08:36+00:00,15,868.0,201.0,-19.0,2,0.5403616690067408,1
LOLTMNT02_402931,LCS,2026-05-16T20:08:36+00:00,20,2223.0,-513.0,-37.0,3,0.5403616690067408,1
LOLTMNT02_402931,LCS,2026-05-16T20:08:36+00:00,25,3454.0,2947.0,-22.0,4,0.5403616690067408,1
LOLTMNT02_403298,LCS,2026-05-17T20:07:18+00:00,10,-1600.0,-1156.0,-40.0,-1,0.2521600192278522,0
LOLTMNT02_403298,LCS,2026-05-17T20:07:18+00:00,15,-4669.0,-2992.0,-76.0,-2,0.2521600192278522,0
LOLTMNT02_403298,LCS,2026-05-17T20:07:18+00:00,20,-7713.0,-3933.0,-87.0,-4,0.2521600192278522,0
LOLTMNT02_403298,LCS,2026-05-17T20:07:18+00:00,25,-8867.0,-6893.0,-51.0,-6,0.2521600192278522,0
LOLTMNT02_403310,LCS,2026-05-17T20:56:14+00:00,10,842.0,-81.0,17.0,0,0.7478399807721477,1
LOLTMNT02_403310,LCS,2026-05-17T20:56:14+00:00,15,2154.0,1260.0,39.0,0,0.7478399807721477,1
LOLTMNT02_403310,LCS,2026-05-17T20:56:14+00:00,20,6655.0,4772.0,31.0,6,0.7478399807721477,1
LOLTMNT02_403310,LCS,2026-05-17T20:56:14+00:00,25,8573.0,6552.0,28.0,6,0.7478399807721477,1
LOLTMNT02_403485,EWC,2026-05-18T08:06:22+00:00,10,510.0,789.0,23.0,-1,0.6721572190135627,0
LOLTMNT02_403485,EWC,2026-05-18T08:06:22+00:00,15,-1978.0,-1160.0,1.0,-5,0.6721572190135627,0
LOLTMNT02_403485,EWC,2026-05-18T08:06:22+00:00,20,-5096.0,-5894.0,-7.0,-12,0.6721572190135627,0
LOLTMNT02_403485,EWC,2026-05-18T08:06:22+00:00,25,-5495.0,-3547.0,34.0,-12,0.6721572190135627,0
LOLTMNT02_403571,EWC,2026-05-18T11:00:02+00:00,10,-335.0,260.0,-6.0,1,0.3815776851364672,0
LOLTMNT02_403571,EWC,2026-05-18T11:00:02+00:00,15,-1809.0,-260.0,-3.0,0,0.3815776851364672,0
LOLTMNT02_403571,EWC,2026-05-18T11:00:02+00:00,20,-7530.0,-5461.0,-36.0,-7,0.3815776851364672,0
LOLTMNT02_403571,EWC,2026-05-18T11:00:02+00:00,25,-9867.0,-9892.0,-30.0,-12,0.3815776851364672,0
LOLTMNT02_403928,EWC,2026-05-19T08:07:54+00:00,10,-766.0,-1135.0,-9.0,-2,0.2720953488309861,0
LOLTMNT02_403928,EWC,2026-05-19T08:07:54+00:00,15,-381.0,-2191.0,-16.0,-1,0.2720953488309861,0
LOLTMNT02_403928,EWC,2026-05-19T08:07:54+00:00,20,592.0,-2349.0,11.0,-1,0.2720953488309861,0
LOLTMNT02_403928,EWC,2026-05-19T08:07:54+00:00,25,-3908.0,-9136.0,-12.0,-9,0.2720953488309861,0
LOLTMNT02_403982,EWC,2026-05-19T10:03:44+00:00,10,-373.0,-431.0,13.0,0,0.5904162144762507,1
LOLTMNT02_403982,EWC,2026-05-19T10:03:44+00:00,15,-3258.0,-518.0,17.0,-2,0.5904162144762507,1
LOLTMNT02_403982,EWC,2026-05-19T10:03:44+00:00,20,-1000.0,3085.0,25.0,2,0.5904162144762507,1
LOLTMNT02_403982,EWC,2026-05-19T10:03:44+00:00,25,1960.0,6628.0,63.0,6,0.5904162144762507,1
LOLTMNT02_404536,EWC,2026-05-18T09:04:45+00:00,10,1818.0,2249.0,7.0,4,0.3278427809864372,1
LOLTMNT02_404536,EWC,2026-05-18T09:04:45+00:00,15,4310.0,4165.0,35.0,6,0.3278427809864372,1
LOLTMNT02_404536,EWC,2026-05-18T09:04:45+00:00,20,5053.0,5338.0,48.0,8,0.3278427809864372,1
LOLTMNT02_404536,EWC,2026-05-18T09:04:45+00:00,25,6628.0,9787.0,54.0,7,0.3278427809864372,1
LOLTMNT02_404560,EWC,2026-05-18T10:10:03+00:00,10,-1296.0,-1467.0,-24.0,-1,0.3815776851364672,0
LOLTMNT02_404560,EWC,2026-05-18T10:10:03+00:00,15,-2460.0,-891.0,-15.0,-2,0.3815776851364672,0
LOLTMNT02_404560,EWC,2026-05-18T10:10:03+00:00,20,-2374.0,271.0,-30.0,-1,0.3815776851364672,0
LOLTMNT02_404560,EWC,2026-05-18T10:10:03+00:00,25,-4988.0,-4420.0,-67.0,-3,0.3815776851364672,0
LOLTMNT02_404979,EWC,2026-05-19T08:58:20+00:00,10,-595.0,1114.0,33.0,-2,0.7279046511690139,1
LOLTMNT02_404979,EWC,2026-05-19T08:58:20+00:00,15,220.0,1440.0,30.0,-1,0.7279046511690139,1
LOLTMNT02_404979,EWC,2026-05-19T08:58:20+00:00,20,1179.0,1468.0,38.0,-1,0.7279046511690139,1
LOLTMNT02_404979,EWC,2026-05-19T08:58:20+00:00,25,4602.0,6487.0,35.0,4,0.7279046511690139,1
LOLTMNT02_405048,EWC,2026-05-19T11:12:46+00:00,10,-26.0,-940.0,-18.0,0,0.4095837855237493,1
LOLTMNT02_405048,EWC,2026-05-19T11:12:46+00:00,15,-850.0,-1627.0,-27.0,-1,0.4095837855237493,1
LOLTMNT02_405048,EWC,2026-05-19T11:12:46+00:00,20,-3907.0,-2305.0,-33.0,-4,0.4095837855237493,1
LOLTMNT02_405048,EWC,2026-05-19T11:12:46+00:00,25,-2160.0,-2442.0,-13.0,-4,0.4095837855237493,1
LOLTMNT02_406038,EWC,2026-05-19T12:03:18+00:00,10,2835.0,1492.0,26.0,4,0.4095837855237493,1
LOLTMNT02_406038,EWC,2026-05-19T12:03:18+00:00,15,4301.0,2938.0,24.0,5,0.4095837855237493,1
LOLTMNT02_406038,EWC,2026-05-19T12:03:18+00:00,20,6424.0,3945.0,29.0,9,0.4095837855237493,1
LOLTMNT02_406038,EWC,2026-05-19T12:03:18+00:00,25,9350.0,10631.0,57.0,13,0.4095837855237493,1
LOLTMNT04_160242,LEC,2026-05-04T17:01:22+00:00,10,1296.0,1377.0,16.0,2,0.594815197913991,1
LOLTMNT04_160242,LEC,2026-05-04T17:01:22+00:00,15,2452.0,3370.0,58.0,2,0.594815197913991,1
LOLTMNT04_160242,LEC,2026-05-04T17:01:22+00:00,20,3350.0,3769.0,65.0,3,0.594815197913991,1
LOLTMNT04_160242,LEC,2026-05-04T17:01:22+00:00,25,4177.0,5873.0,40.0,4,0.594815197913991,1
LOLTMNT03_344208,LCS,2026-02-20T22:01:48+00:00,10,557.0,519.0,35.0,-1,0.5666835720178341,1
LOLTMNT03_344208,LCS,2026-02-20T22:01:48+00:00,15,683.0,1116.0,38.0,0,0.5666835720178341,1
LOLTMNT03_344208,LCS,2026-02-20T22:01:48+00:00,20,5444.0,5074.0,59.0,5,0.5666835720178341,1
LOLTMNT03_344208,LCS,2026-02-20T22:01:48+00:00,25,12213.0,12874.0,74.0,12,0.5666835720178341,1
LOLTMNT03_344603,LCS,2026-02-22T21:09:24+00:00,10,799.0,939.0,10.0,2,0.2908551086526797,0
LOLTMNT03_344603,LCS,2026-02-22T21:09:24+00:00,15,-1632.0,339.0,5.0,0,0.2908551086526797,0
LOLTMNT03_344603,LCS,2026-02-22T21:09:24+00:00,20,-3588.0,-1169.0,-6.0,-2,0.2908551086526797,0
LOLTMNT03_344603,LCS,2026-02-22T21:09:24+00:00,25,-2841.0,1117.0,-16.0,-1,0.2908551086526797,0
LOLTMNT03_344604,LCS,2026-02-22T23:02:24+00:00,10,895.0,399.0,29.0,0,0.7091448913473203,1
LOLTMNT03_344604,LCS,2026-02-22T23:02:24+00:00,15,2639.0,1566.0,40.0,1,0.7091448913473203,1
LOLTMNT03_344604,LCS,2026-02-22T23:02:24+00:00,20,10215.0,7696.0,88.0,9,0.7091448913473203,1
LOLTMNT03_345132,LCS,2026-02-20T21:09:00+00:00,10,451.0,-613.0,-14.0,1,0.5666835720178341,1
LOLTMNT03_345132,LCS,2026-02-20T21:09:00+00:00,15,-372.0,-1492.0,-11.0,-1,0.5666835720178341,1
LOLTMNT03_345132,LCS,2026-02-20T21:09:00+00:00,20,2083.0,848.0,0.0,0,0.5666835720178341,1
LOLTMNT03_345132,LCS,2026-02-20T21:09:00+00:00,25,4903.0,2715.0,1.0,4,0.5666835720178341,1
LOLTMNT03_345140,LCS,2026-02-20T22:45:31+00:00,10,2367.0,126.0,8.0,3,0.5666835720178341,1
LOLTMNT03_345140,LCS,2026-02-20T22:45:31+00:00,15,-1142.0,-2342.0,2.0,-1,0.5666835720178341,1
LOLTMNT03_345140,LCS,2026-02-20T22:45:31+00:00,20,-657.0,-2933.0,16.0,-4,0.5666835720178341,1
LOLTMNT03_345140,LCS,2026-02-20T22:45:31+00:00,25,1575.0,-387.0,23.0,-1,0.5666835720178341,1
LOLTMNT03_345516,LCS,2026-02-22T22:01:04+00:00,10,128.0,575.0,29.0,-1,0.7091448913473203,1
LOLTMNT03_345516,LCS,2026-02-22T22:01:04+00:00,15,-912.0,384.0,56.0,-4,0.7091448913473203,1
LOLTMNT03_345516,LCS,2026-02-22T22:01:04+00:00,20,795.0,1038.0,59.0,-3,0.7091448913473203,1
LOLTMNT03_345516,LCS,2026-02-22T22:01:04+00:00,25,5154.0,8060.0,76.0,2,0.7091448913473203,1
LOLTMNT03_350273,LCS,2026-02-27T22:07:00+00:00,10,-2054.0,-1706.0,-37.0,-1,0.4889996508441186,0
LOLTMNT03_350273,LCS,2026-02-27T22:07:00+00:00,15,-3378.0,-1904.0,-37.0,-3,0.4889996508441186,0
LOLTMNT03_350273,LCS,2026-02-27T22:07:00+00:00,20,-5765.0,-4548.0,-42.0,-7,0.4889996508441186,0
LOLTMNT03_350273,LCS,2026-02-27T22:07:00+00:00,25,-7585.0,-8772.0,-29.0,-8,0.4889996508441186,0
LOLTMNT03_350449,LCS,2026-02-28T21:09:01+00:00,10,2003.0,664.0,17.0,3,0.6492313861852829,1
LOLTMNT03_350449,LCS,2026-02-28T21:09:01+00:00,15,2912.0,1383.0,41.0,3,0.6492313861852829,1
LOLTMNT03_350449,LCS,2026-02-28T21:09:01+00:00,20,4984.0,1213.0,59.0,3,0.6492313861852829,1
LOLTMNT03_350449,LCS,2026-02-28T21:09:01+00:00,25,5633.0,2140.0,101.0,2,0.6492313861852829,1
LOLTMNT03_350455,LCS,2026-02-28T23:06:24+00:00,10,1257.0,345.0,6.0,0,0.6492313861852829,0
LOLTMNT03_350455,LCS,2026-02-28T23:06:24+00:00,15,2744.0,972.0,9.0,1,0.6492313861852829,0
LOLTMNT03_350455,LCS,2026-02-28T23:06:24+00:00,20,2843.0,512.0,27.0,2,0.6492313861852829,0
LOLTMNT03_350455,LCS,2026-02-28T23:06:24+00:00,25,3270.0,2359.0,63.0,0,0.6492313861852829,0
LOLTMNT03_350458,LCS,2026-03-01T00:00:08+00:00,10,-589.0,-130.0,34.0,-1,0.3507686138147171,0
LOLTMNT03_350458,LCS,2026-03-01T00:00:08+00:00,15,-777.0,-1346.0,15.0,-1,0.3507686138147171,0
LOLTMNT03_350458,LCS,2026-03-01T00:00:08+00:00,20,481.0,580.0,21.0,1,0.3507686138147171,0
LOLTMNT03_350458,LCS,2026-03-01T00:00:08+00:00,25,3432.0,3893.0,16.0,3,0.3507686138147171,0
LOLTMNT03_350640,LCS,2026-03-01T21:16:53+00:00,10,61.0,255.0,21.0,-1,0.3788470224800873,0
LOLTMNT03_350640,LCS,2026-03-01T21:16:53+00:00,15,223.0,829.0,28.0,0,0.3788470224800873,0
LOLTMNT03_350640,LCS,2026-03-01T21:16:53+00:00,20,-1802.0,-505.0,16.0,-2,0.3788470224800873,0
LOLTMNT03_350640,LCS,2026-03-01T21:16:53+00:00,25,41.0,2046.0,6.0,1,0.3788470224800873,0
LOLTMNT03_350644,LCS,2026-03-02T00:22:41+00:00,10,667.0,-535.0,-3.0,1,0.3788470224800873,1
LOLTMNT03_350644,LCS,2026-03-02T00:22:41+00:00,15,1819.0,752.0,-4.0,2,0.3788470224800873,1
LOLTMNT03_350644,LCS,2026-03-02T00:22:41+00:00,20,209.0,65.0,-3.0,0,0.3788470224800873,1
LOLTMNT03_350644,LCS,2026-03-02T00:22:41+00:00,25,2448.0,3130.0,-29.0,3,0.3788470224800873,1
LOLTMNT03_351286,LCS,2026-02-27T21:09:38+00:00,10,94.0,422.0,-14.0,0,0.5110003491558813,0
LOLTMNT03_351286,LCS,2026-02-27T21:09:38+00:00,15,240.0,260.0,-42.0,0,0.5110003491558813,0
LOLTMNT03_351286,LCS,2026-02-27T21:09:38+00:00,20,-763.0,-288.0,-32.0,-2,0.5110003491558813,0
LOLTMNT03_351286,LCS,2026-02-27T21:09:38+00:00,25,-1589.0,-1178.0,-40.0,-2,0.5110003491558813,0
LOLTMNT03_351304,LCS,2026-02-27T23:00:10+00:00,10,490.0,582.0,1.0,1,0.5110003491558813,0
LOLTMNT03_351304,LCS,2026-02-27T23:00:10+00:00,15,-1541.0,-2025.0,-12.0,-2,0.5110003491558813,0
LOLTMNT03_351304,LCS,2026-02-27T23:00:10+00:00,20,1000.0,196.0,0.0,0,0.5110003491558813,0
LOLTMNT03_351304,LCS,2026-02-27T23:00:10+00:00,25,2656.0,358.0,-17.0,1,0.5110003491558813,0
LOLTMNT03_351308,LCS,2026-02-27T23:47:08+00:00,10,1433.0,554.0,23.0,1,0.4889996508441186,1
LOLTMNT03_351308,LCS,2026-02-27T23:47:08+00:00,15,2335.0,1893.0,57.0,1,0.4889996508441186,1
LOLTMNT03_351308,LCS,2026-02-27T23:47:08+00:00,20,2081.0,1832.0,65.0,0,0.4889996508441186,1
LOLTMNT03_351308,LCS,2026-02-27T23:47:08+00:00,25,2443.0,2880.0,82.0,0,0.4889996508441186,1
LOLTMNT03_351519,LCS,2026-02-28T21:59:18+00:00,10,2447.0,1495.0,13.0,4,0.6492313861852829,1
LOLTMNT03_351519,LCS,2026-02-28T21:59:18+00:00,15,3269.0,4041.0,37.0,5,0.6492313861852829,1
LOLTMNT03_351519,LCS,2026-02-28T21:59:18+00:00,20,5145.0,4606.0,49.0,6,0.6492313861852829,1
LOLTMNT03_351519,LCS,2026-02-28T21:59:18+00:00,25,5035.0,5720.0,71.0,6,0.6492313861852829,1
LOLTMNT03_351697,LCS,2026-03-01T22:18:14+00:00,10,-1608.0,-1103.0,-12.0,-2,0.6211529775199127,0
LOLTMNT03_351697,LCS,2026-03-01T22:18:14+00:00,15,-2007.0,-1772.0,-26.0,-3,0.6211529775199127,0
LOLTMNT03_351697,LCS,2026-03-01T22:18:14+00:00,20,-2560.0,-1407.0,-13.0,-3,0.6211529775199127,0
LOLTMNT03_351697,LCS,2026-03-01T22:18:14+00:00,25,-3679.0,-4300.0,-37.0,-5,0.6211529775199127,0
LOLTMNT03_351699,LCS,2026-03-01T23:12:40+00:00,10,795.0,1569.0,6.0,2,0.3788470224800873,1
LOLTMNT03_351699,LCS,2026-03-01T23:12:40+00:00,15,1526.0,2057.0,3.0,3,0.3788470224800873,1
LOLTMNT03_351699,LCS,2026-03-01T23:12:40+00:00,20,895.0,954.0,1.0,2,0.3788470224800873,1
LOLTMNT03_351699,LCS,2026-03-01T23:12:40+00:00,25,-224.0,2540.0,-16.0,1,0.3788470224800873,1
LOLTMNT04_155065,LEC,2026-04-04T12:55:30+00:00,10,1011.0,269.0,0.0,1,0.552799726798664,1
LOLTMNT04_155065,LEC,2026-04-04T12:55:30+00:00,15,1024.0,332.0,0.0,1,0.552799726798664,1
LOLTMNT04_155065,LEC,2026-04-04T12:55:30+00:00,20,2266.0,592.0,8.0,1,0.552799726798664,1
LOLTMNT04_155065,LEC,2026-04-04T12:55:30+00:00,25,1928.0,180.0,29.0,0,0.552799726798664,1
LOLTMNT04_155085,LEC,2026-04-04T15:58:13+00:00,10,1493.0,593.0,-3.0,2,0.625001102904509,1
LOLTMNT04_155085,LEC,2026-04-04T15:58:13+00:00,15,1534.0,-247.0,-26.0,3,0.625001102904509,1
LOLTMNT04_155085,LEC,2026-04-04T15:58:13+00:00,20,5592.0,2692.0,0.0,6,0.625001102904509,1
LOLTMNT04_155085,LEC,2026-04-04T15:58:13+00:00,25,8633.0,5787.0,-10.0,8,0.625001102904509,1
LOLTMNT04_155087,LEC,2026-04-04T16:50:20+00:00,10,526.0,252.0,16.0,0,0.656401346921446,1
LOLTMNT04_155087,LEC,2026-04-04T16:50:20+00:00,15,554.0,-763.0,27.0,-1,0.656401346921446,1
LOLTMNT04_155087,LEC,2026-04-04T16:50:20+00:00,20,-1151.0,-2432.0,14.0,-2,0.656401346921446,1
LOLTMNT04_155087,LEC,2026-04-04T16:50:20+00:00,25,-2468.0,-7060.0,2.0,-3,0.656401346921446,1
LOLTMNT04_155098,LEC,2026-04-05T15:07:26+00:00,10,496.0,191.0,-23.0,2,0.631132803840035,1
LOLTMNT04_155098,LEC,2026-04-05T15:07:26+00:00,15,2726.0,2735.0,-8.0,5,0.631132803840035,1
LOLTMNT04_155098,LEC,2026-04-05T15:07:26+00:00,20,3344.0,4244.0,7.0,6,0.631132803840035,1
LOLTMNT04_155098,LEC,2026-04-05T15:07:26+00:00,25,2305.0,4723.0,7.0,6,0.631132803840035,1
LOLTMNT04_155108,LEC,2026-04-05T17:01:55+00:00,10,1898.0,1346.0,33.0,2,0.838366085959885,1
LOLTMNT04_155108,LEC,2026-04-05T17:01:55+00:00,15,1603.0,1871.0,45.0,2,0.838366085959885,1
LOLTMNT04_155108,LEC,2026-04-05T17:01:55+00:00,20,3710.0,3352.0,76.0,3,0.838366085959885,1
LOLTMNT04_155108,LEC,2026-04-05T17:01:55+00:00,25,10624.0,9672.0,80.0,8,0.838366085959885,1
LOLTMNT04_155109,LEC,2026-04-05T17:46:19+00:00,10,-608.0,451.0,-8.0,-1,0.843006121644191,0
LOLTMNT04_155109,LEC,2026-04-05T17:46:19+00:00,15,-2724.0,-1020.0,0.0,-4,0.843006121644191,0
LOLTMNT04_155109,LEC,2026-04-05T17:46:19+00:00,20,-3242.0,-2825.0,-11.0,-7,0.843006121644191,0
LOLTMNT04_155109,LEC,2026-04-05T17:46:19+00:00,25,-7918.0,-7922.0,-43.0,-14,0.843006121644191,0
LOLTMNT04_155110,LEC,2026-04-05T18:36:23+00:00,10,-1186.0,-407.0,-7.0,-2,0.820942818822994,0
LOLTMNT04_155110,LEC,2026-04-05T18:36:23+00:00,15,-3772.0,-2434.0,-15.0,-7,0.820942818822994,0
LOLTMNT04_155110,LEC,2026-04-05T18:36:23+00:00,20,-6058.0,-3608.0,-37.0,-8,0.820942818822994,0
LOLTMNT04_155110,LEC,2026-04-05T18:36:23+00:00,25,-9304.0,-8895.0,-63.0,-11,0.820942818822994,0
LOLTMNT04_155128,LEC,2026-04-06T15:56:22+00:00,10,1201.0,1341.0,26.0,1,0.679590020099419,0
LOLTMNT04_155128,LEC,2026-04-06T15:56:22+00:00,15,-452.0,660.0,30.0,-1,0.679590020099419,0
LOLTMNT04_155128,LEC,2026-04-06T15:56:22+00:00,20,-2154.0,-1586.0,5.0,-3,0.679590020099419,0
LOLTMNT04_155128,LEC,2026-04-06T15:56:22+00:00,25,-7467.0,-7204.0,-9.0,-7,0.679590020099419,0
LOLTMNT04_155130,LEC,2026-04-06T16:53:56+00:00,10,735.0,362.0,14.0,0,0.65123843915815,1
LOLTMNT04_155130,LEC,2026-04-06T16:53:56+00:00,15,1712.0,1052.0,0.0,2,0.65123843915815,1
LOLTMNT04_155130,LEC,2026-04-06T16:53:56+00:00,20,5038.0,3628.0,14.0,4,0.65123843915815,1
LOLTMNT04_155130,LEC,2026-04-06T16:53:56+00:00,25,7975.0,7563.0,48.0,4,0.65123843915815,1
LOLTMNT04_155137,LEC,2026-04-06T18:39:06+00:00,10,1419.0,514.0,18.0,1,0.558366458913911,0
LOLTMNT04_155137,LEC,2026-04-06T18:39:06+00:00,15,1505.0,608.0,6.0,2,0.558366458913911,0
LOLTMNT04_155137,LEC,2026-04-06T18:39:06+00:00,20,-88.0,-2219.0,-8.0,0,0.558366458913911,0
LOLTMNT04_155137,LEC,2026-04-06T18:39:06+00:00,25,-829.0,-2138.0,-1.0,-1,0.558366458913911,0
LOLTMNT04_155498,LEC,2026-04-11T14:00:25+00:00,10,1378.0,702.0,5.0,2,0.372070483374355,1
LOLTMNT04_155498,LEC,2026-04-11T14:00:25+00:00,15,517.0,701.0,-9.0,2,0.372070483374355,1
LOLTMNT04_155498,LEC,2026-04-11T14:00:25+00:00,20,226.0,-975.0,-18.0,1,0.372070483374355,1
LOLTMNT04_155498,LEC,2026-04-11T14:00:25+00:00,25,-3381.0,-4107.0,-25.0,-3,0.372070483374355,1
LOLTMNT04_155503,LEC,2026-04-11T16:09:20+00:00,10,-55.0,-551.0,13.0,-1,0.729140481835822,0
LOLTMNT04_155503,LEC,2026-04-11T16:09:20+00:00,15,-1223.0,-1289.0,0.0,-2,0.729140481835822,0
LOLTMNT04_155503,LEC,2026-04-11T16:09:20+00:00,20,-1578.0,-2001.0,-8.0,-2,0.729140481835822,0
LOLTMNT04_155503,LEC,2026-04-11T16:09:20+00:00,25,-1735.0,-3558.0,-20.0,-2,0.729140481835822,0
LOLTMNT04_155512,LEC,2026-04-11T17:05:50+00:00,10,-649.0,-1624.0,-18.0,-1,0.344883872907712,0
LOLTMNT04_155512,LEC,2026-04-11T17:05:50+00:00,15,-621.0,-1769.0,-8.0,-2,0.344883872907712,0
LOLTMNT04_155512,LEC,2026-04-11T17:05:50+00:00,20,-771.0,-2471.0,-34.0,-1,0.344883872907712,0
LOLTMNT04_155512,LEC,2026-04-11T17:05:50+00:00,25,-1866.0,-3052.0,-41.0,-1,0.344883872907712,0
LOLTMNT04_155520,LEC,2026-04-11T18:08:42+00:00,10,-1326.0,357.0,29.0,-3,0.789465494843938,1
LOLTMNT04_155520,LEC,2026-04-11T18:08:42+00:00,15,-187.0,616.0,54.0,-3,0.789465494843938,1
LOLTMNT04_155520,LEC,2026-04-11T18:08:42+00:00,20,-3768.0,-1533.0,27.0,-5,0.789465494843938,1
LOLTMNT04_155520,LEC,2026-04-11T18:08:42+00:00,25,804.0,4336.0,75.0,-1,0.789465494843938,1
LOLTMNT04_155609,LEC,2026-04-12T18:35:08+00:00,10,-2068.0,-2259.0,-49.0,-2,0.336861600134031,0
LOLTMNT04_155609,LEC,2026-04-12T18:35:08+00:00,15,-6192.0,-5266.0,-72.0,-7,0.336861600134031,0
LOLTMNT04_155609,LEC,2026-04-12T18:35:08+00:00,20,-8871.0,-7670.0,-111.0,-11,0.336861600134031,0
LOLTMNT04_156054,LEC,2026-04-04T12:10:23+00:00,10,-172.0,301.0,19.0,-1,0.526023136621961,1
LOLTMNT04_156054,LEC,2026-04-04T12:10:23+00:00,15,1013.0,1508.0,14.0,1,0.526023136621961,1
LOLTMNT04_156054,LEC,2026-04-04T12:10:23+00:00,20,3581.0,3404.0,35.0,2,0.526023136621961,1
LOLTMNT04_156054,LEC,2026-04-04T12:10:23+00:00,25,11386.0,12321.0,51.0,10,0.526023136621961,1
LOLTMNT04_156068,LEC,2026-04-04T14:05:07+00:00,10,-682.0,181.0,14.0,-1,0.868493942331112,1
LOLTMNT04_156068,LEC,2026-04-04T14:05:07+00:00,15,-908.0,-73.0,29.0,-2,0.868493942331112,1
LOLTMNT04_156068,LEC,2026-04-04T14:05:07+00:00,20,267.0,1579.0,50.0,-1,0.868493942331112,1
LOLTMNT04_156068,LEC,2026-04-04T14:05:07+00:00,25,4362.0,5063.0,78.0,1,0.868493942331112,1
LOLTMNT04_156070,LEC,2026-04-04T15:03:54+00:00,10,423.0,755.0,15.0,1,0.871585305119097,1
LOLTMNT04_156070,LEC,2026-04-04T15:03:54+00:00,15,754.0,739.0,22.0,0,0.871585305119097,1
LOLTMNT04_156070,LEC,2026-04-04T15:03:54+00:00,20,1902.0,1311.0,24.0,0,0.871585305119097,1
LOLTMNT04_156070,LEC,2026-04-04T15:03:54+00:00,25,7963.0,7501.0,52.0,3,0.871585305119097,1
LOLTMNT04_156104,LEC,2026-04-05T16:03:43+00:00,10,706.0,75.0,9.0,1,0.660334048995777,1
LOLTMNT04_156104,LEC,2026-04-05T16:03:43+00:00,15,-3.0,386.0,41.0,-1,0.660334048995777,1
LOLTMNT04_156104,LEC,2026-04-05T16:03:43+00:00,20,-1557.0,-3115.0,32.0,-2,0.660334048995777,1
LOLTMNT04_156104,LEC,2026-04-05T16:03:43+00:00,25,1908.0,4785.0,27.0,3,0.660334048995777,1
LOLTMNT04_156150,LEC,2026-04-06T15:10:07+00:00,10,1120.0,1697.0,21.0,2,0.662692515846149,1
LOLTMNT04_156150,LEC,2026-04-06T15:10:07+00:00,15,3767.0,3472.0,43.0,5,0.662692515846149,1
LOLTMNT04_156150,LEC,2026-04-06T15:10:07+00:00,20,4892.0,3303.0,74.0,3,0.662692515846149,1
LOLTMNT04_156150,LEC,2026-04-06T15:10:07+00:00,25,8110.0,9336.0,92.0,6,0.662692515846149,1
LOLTMNT04_156161,LEC,2026-04-06T17:48:19+00:00,10,-2479.0,-1969.0,-28.0,-4,0.612772429630696,0
LOLTMNT04_156161,LEC,2026-04-06T17:48:19+00:00,15,-3712.0,-1994.0,-36.0,-6,0.612772429630696,0
LOLTMNT04_156161,LEC,2026-04-06T17:48:19+00:00,20,-6188.0,-4533.0,-60.0,-7,0.612772429630696,0
LOLTMNT04_156161,LEC,2026-04-06T17:48:19+00:00,25,-8974.0,-8026.0,-60.0,-9,0.612772429630696,0
LOLTMNT04_156164,LEC,2026-04-06T19:32:40+00:00,10,1317.0,465.0,27.0,2,0.609397433583036,0
LOLTMNT04_156164,LEC,2026-04-06T19:32:40+00:00,15,1727.0,785.0,44.0,1,0.609397433583036,0
LOLTMNT04_156164,LEC,2026-04-06T19:32:40+00:00,20,3156.0,1141.0,40.0,2,0.609397433583036,0
LOLTMNT04_156164,LEC,2026-04-06T19:32:40+00:00,25,2884.0,1445.0,34.0,2,0.609397433583036,0
LOLTMNT04_156536,LEC,2026-04-11T12:08:41+00:00,10,-2127.0,-1017.0,-15.0,-2,0.621125159757915,1
LOLTMNT04_156536,LEC,2026-04-11T12:08:41+00:00,15,-846.0,-744.0,-17.0,-1,0.621125159757915,1
LOLTMNT04_156536,LEC,2026-04-11T12:08:41+00:00,20,-663.0,236.0,-16.0,1,0.621125159757915,1
LOLTMNT04_156536,LEC,2026-04-11T12:08:41+00:00,25,1886.0,1227.0,5.0,2,0.621125159757915,1
LOLTMNT04_156545,LEC,2026-04-11T12:59:32+00:00,10,2640.0,110.0,-17.0,6,0.732050223113362,1
LOLTMNT04_156545,LEC,2026-04-11T12:59:32+00:00,15,1706.0,-244.0,-7.0,5,0.732050223113362,1
LOLTMNT04_156545,LEC,2026-04-11T12:59:32+00:00,20,4674.0,2679.0,21.0,7,0.732050223113362,1
LOLTMNT04_156545,LEC,2026-04-11T12:59:32+00:00,25,9504.0,8750.0,56.0,14,0.732050223113362,1
LOLTMNT04_156560,LEC,2026-04-11T15:14:30+00:00,10,430.0,-852.0,-37.0,2,0.416930854247408,0
LOLTMNT04_156560,LEC,2026-04-11T15:14:30+00:00,15,-1604.0,-2722.0,-53.0,0,0.416930854247408,0
LOLTMNT04_156560,LEC,2026-04-11T15:14:30+00:00,20,-2287.0,-1746.0,-35.0,1,0.416930854247408,0
LOLTMNT04_156560,LEC,2026-04-11T15:14:30+00:00,25,-5044.0,-7523.0,-43.0,-3,0.416930854247408,0
LOLTMNT04_156641,LEC,2026-04-12T17:50:27+00:00,10,27.0,-480.0,-23.0,1,0.356652972822706,0
LOLTMNT04_156641,LEC,2026-04-12T17:50:27+00:00,15,-2763.0,-1718.0,-15.0,-3,0.356652972822706,0
LOLTMNT04_156641,LEC,2026-04-12T17:50:27+00:00,20,-8938.0,-6823.0,-66.0,-9,0.356652972822706,0
LOLTMNT04_156669,LEC,2026-04-13T15:06:40+00:00,10,959.0,346.0,34.0,0,0.418198811539834,1
LOLTMNT04_156669,LEC,2026-04-13T15:06:40+00:00,15,-57.0,12.0,43.0,-2,0.418198811539834,1
LOLTMNT04_156669,LEC,2026-04-13T15:06:40+00:00,20,317.0,-328.0,35.0,-1,0.418198811539834,1
LOLTMNT04_156669,LEC,2026-04-13T15:06:40+00:00,25,516.0,2409.0,38.0,1,0.418198811539834,1
LOLTMNT04_156674,LEC,2026-04-13T16:23:12+00:00,10,41.0,396.0,-5.0,-1,0.452879222462975,1
LOLTMNT04_156674,LEC,2026-04-13T16:23:12+00:00,15,-1647.0,-879.0,-18.0,-4,0.452879222462975,1
LOLTMNT04_156674,LEC,2026-04-13T16:23:12+00:00,20,-17.0,-203.0,-26.0,-3,0.452879222462975,1
LOLTMNT04_156674,LEC,2026-04-13T16:23:12+00:00,25,451.0,-1045.0,-27.0,-3,0.452879222462975,1
LOLTMNT04_156685,LEC,2026-04-13T17:26:16+00:00,10,-1260.0,-64.0,-10.0,-1,0.693064648146812,1
LOLTMNT04_156685,LEC,2026-04-13T17:26:16+00:00,15,-632.0,-289.0,-24.0,1,0.693064648146812,1
LOLTMNT04_156685,LEC,2026-04-13T17:26:16+00:00,20,-4922.0,-4074.0,-52.0,-4,0.693064648146812,1
LOLTMNT04_156685,LEC,2026-04-13T17:26:16+00:00,25,-6344.0,-2805.0,-53.0,-4,0.693064648146812,1
LOLTMNT04_156690,LEC,2026-04-13T18:19:48+00:00,10,-515.0,-391.0,26.0,-4,0.319363407801835,0
LOLTMNT04_156690,LEC,2026-04-13T18:19:48+00:00,15,-939.0,-1701.0,31.0,-6,0.319363407801835,0
LOLTMNT04_156690,LEC,2026-04-13T18:19:48+00:00,20,-3548.0,-3912.0,-1.0,-8,0.319363407801835,0
LOLTMNT04_156690,LEC,2026-04-13T18:19:48+00:00,25,-3042.0,-2394.0,-42.0,-7,0.319363407801835,0
LOLTMNT04_159184,LEC,2026-05-02T15:08:13+00:00,10,-1851.0,-906.0,-39.0,-1,0.463736848979068,0
LOLTMNT04_159184,LEC,2026-05-02T15:08:13+00:00,15,-2203.0,57.0,-27.0,0,0.463736848979068,0
LOLTMNT04_159184,LEC,2026-05-02T15:08:13+00:00,20,-3546.0,-268.0,-33.0,-1,0.463736848979068,0
LOLTMNT04_159184,LEC,2026-05-02T15:08:13+00:00,25,-3361.0,362.0,-26.0,0,0.463736848979068,0
LOLTMNT04_159194,LEC,2026-05-02T16:58:51+00:00,10,-1418.0,-285.0,5.0,-2,0.34384559317854,0
LOLTMNT04_159194,LEC,2026-05-02T16:58:51+00:00,15,-670.0,456.0,-19.0,1,0.34384559317854,0
LOLTMNT04_159194,LEC,2026-05-02T16:58:51+00:00,20,-4344.0,-2769.0,-42.0,-3,0.34384559317854,0
LOLTMNT04_159194,LEC,2026-05-02T16:58:51+00:00,25,-6278.0,-2335.0,-43.0,-4,0.34384559317854,0
LOLTMNT04_159202,LEC,2026-05-02T17:50:11+00:00,10,-831.0,-1259.0,-14.0,-1,0.330228708704766,1
LOLTMNT04_159202,LEC,2026-05-02T17:50:11+00:00,15,1419.0,634.0,12.0,2,0.330228708704766,1
LOLTMNT04_159202,LEC,2026-05-02T17:50:11+00:00,20,-171.0,-242.0,32.0,-2,0.330228708704766,1
LOLTMNT04_159202,LEC,2026-05-02T17:50:11+00:00,25,5649.0,8963.0,32.0,3,0.330228708704766,1
LOLTMNT04_159260,LEC,2026-05-03T17:08:21+00:00,10,401.0,-200.0,-8.0,0,0.40001175507723,0
LOLTMNT04_159260,LEC,2026-05-03T17:08:21+00:00,15,2231.0,1750.0,20.0,2,0.40001175507723,0
LOLTMNT04_159260,LEC,2026-05-03T17:08:21+00:00,20,2295.0,-412.0,4.0,1,0.40001175507723,0
LOLTMNT04_159260,LEC,2026-05-03T17:08:21+00:00,25,-323.0,-2518.0,18.0,-2,0.40001175507723,0
LOLTMNT04_159264,LEC,2026-05-03T17:57:56+00:00,10,1053.0,936.0,31.0,1,0.73839855673977,1
LOLTMNT04_159264,LEC,2026-05-03T17:57:56+00:00,15,377.0,-346.0,28.0,-1,0.73839855673977,1
LOLTMNT04_159264,LEC,2026-05-03T17:57:56+00:00,20,2427.0,160.0,25.0,2,0.73839855673977,1
LOLTMNT04_159264,LEC,2026-05-03T17:57:56+00:00,25,3656.0,5438.0,40.0,3,0.73839855673977,1
LOLTMNT04_159286,LEC,2026-05-04T15:08:12+00:00,10,213.0,241.0,4.0,0,0.592861932793189,0
LOLTMNT04_159286,LEC,2026-05-04T15:08:12+00:00,15,1305.0,1348.0,13.0,1,0.592861932793189,0
LOLTMNT04_159286,LEC,2026-05-04T15:08:12+00:00,20,2123.0,2484.0,4.0,3,0.592861932793189,0
LOLTMNT04_159286,LEC,2026-05-04T15:08:12+00:00,25,-2409.0,-6346.0,-23.0,-1,0.592861932793189,0
LOLTMNT04_159287,LEC,2026-05-04T16:03:08+00:00,10,-2724.0,-1069.0,-5.0,-3,0.577092483788137,0
LOLTMNT04_159287,LEC,2026-05-04T16:03:08+00:00,15,-2479.0,-1256.0,-13.0,-3,0.577092483788137,0
LOLTMNT04_159287,LEC,2026-05-04T16:03:08+00:00,20,-3800.0,-585.0,-32.0,-2,0.577092483788137,0
LOLTMNT04_159287,LEC,2026-05-04T16:03:08+00:00,25,-4186.0,-1758.0,-39.0,-1,0.577092483788137,0
LOLTMNT04_159298,LEC,2026-05-04T17:58:25+00:00,10,-1465.0,-1236.0,-26.0,-1,0.734260663641799,0
LOLTMNT04_159298,LEC,2026-05-04T17:58:25+00:00,15,-1058.0,-941.0,-38.0,1,0.734260663641799,0
LOLTMNT04_159298,LEC,2026-05-04T17:58:25+00:00,20,-1925.0,-2180.0,-41.0,0,0.734260663641799,0
LOLTMNT04_159298,LEC,2026-05-04T17:58:25+00:00,25,10.0,-268.0,-48.0,2,0.734260663641799,0
LOLTMNT04_159302,LEC,2026-05-04T18:54:20+00:00,10,-1869.0,-768.0,-9.0,-3,0.615453403151455,1
LOLTMNT04_159302,LEC,2026-05-04T18:54:20+00:00,15,-2782.0,-1279.0,-16.0,-4,0.615453403151455,1
LOLTMNT04_159302,LEC,2026-05-04T18:54:20+00:00,20,-283.0,2966.0,-15.0,0,0.615453403151455,1
LOLTMNT04_159302,LEC,2026-05-04T18:54:20+00:00,25,739.0,3584.0,-15.0,0,0.615453403151455,1
LOLTMNT04_159303,LEC,2026-05-04T19:47:06+00:00,10,-2335.0,-1553.0,11.0,-5,0.694201512850332,1
LOLTMNT04_159303,LEC,2026-05-04T19:47:06+00:00,15,-2420.0,-1367.0,7.0,-5,0.694201512850332,1
LOLTMNT04_159303,LEC,2026-05-04T19:47:06+00:00,20,-1378.0,-64.0,24.0,-5,0.694201512850332,1
LOLTMNT04_159303,LEC,2026-05-04T19:47:06+00:00,25,-760.0,1194.0,-7.0,-4,0.694201512850332,1
LOLTMNT04_160146,LEC,2026-05-02T15:57:13+00:00,10,-356.0,-404.0,-37.0,1,0.688918615843165,1
LOLTMNT04_160146,LEC,2026-05-02T15:57:13+00:00,15,604.0,1670.0,-19.0,2,0.688918615843165,1
LOLTMNT04_160146,LEC,2026-05-02T15:57:13+00:00,20,-1317.0,-1017.0,-46.0,-1,0.688918615843165,1
LOLTMNT04_160146,LEC,2026-05-02T15:57:13+00:00,25,-1047.0,532.0,-28.0,0,0.688918615843165,1
LOLTMNT04_160164,LEC,2026-05-02T18:34:28+00:00,10,-1956.0,-1016.0,-45.0,-1,0.751553277136703,1
LOLTMNT04_160164,LEC,2026-05-02T18:34:28+00:00,15,-653.0,-671.0,-56.0,1,0.751553277136703,1
LOLTMNT04_160164,LEC,2026-05-02T18:34:28+00:00,20,695.0,1106.0,-58.0,3,0.751553277136703,1
LOLTMNT04_160164,LEC,2026-05-02T18:34:28+00:00,25,4254.0,6039.0,-64.0,8,0.751553277136703,1
LOLTMNT04_161335,LEC,2026-05-08T16:15:39+00:00,10,475.0,1339.0,48.0,-1,0.695931193588499,1
LOLTMNT04_161335,LEC,2026-05-08T16:15:39+00:00,15,-812.0,511.0,32.0,-3,0.695931193588499,1
LOLTMNT04_161335,LEC,2026-05-08T16:15:39+00:00,20,-325.0,1360.0,30.0,-3,0.695931193588499,1
LOLTMNT04_161335,LEC,2026-05-08T16:15:39+00:00,25,3549.0,8635.0,59.0,0,0.695931193588499,1
LOLTMNT04_161346,LEC,2026-05-08T17:24:09+00:00,10,1250.0,391.0,-15.0,3,0.714074606082845,1
LOLTMNT04_161346,LEC,2026-05-08T17:24:09+00:00,15,4067.0,2963.0,4.0,8,0.714074606082845,1
LOLTMNT04_161346,LEC,2026-05-08T17:24:09+00:00,20,242.0,-392.0,-1.0,3,0.714074606082845,1
LOLTMNT04_161346,LEC,2026-05-08T17:24:09+00:00,25,1579.0,4640.0,17.0,6,0.714074606082845,1
LOLTMNT04_161451,LEC,2026-05-09T14:14:24+00:00,10,-3376.0,-2439.0,-47.0,-5,0.242944541733592,0
LOLTMNT04_161451,LEC,2026-05-09T14:14:24+00:00,15,-5570.0,-4404.0,-57.0,-7,0.242944541733592,0
LOLTMNT04_161451,LEC,2026-05-09T14:14:24+00:00,20,-7230.0,-6304.0,-74.0,-8,0.242944541733592,0
LOLTMNT04_161451,LEC,2026-05-09T14:14:24+00:00,25,-10489.0,-11262.0,-87.0,-12,0.242944541733592,0
LOLTMNT04_161471,LEC,2026-05-09T17:37:14+00:00,10,-2723.0,-1568.0,-6.0,-5,0.641914153117763,0
LOLTMNT04_161471,LEC,2026-05-09T17:37:14+00:00,15,-5528.0,-5074.0,-44.0,-7,0.641914153117763,0
LOLTMNT04_161471,LEC,2026-05-09T17:37:14+00:00,20,-8127.0,-8115.0,-62.0,-11,0.641914153117763,0
LOLTMNT04_161471,LEC,2026-05-09T17:37:14+00:00,25,-12547.0,-12340.0,-106.0,-15,0.641914153117763,0
LOLTMNT04_161482,LEC,2026-05-09T18:26:50+00:00,10,-68.0,-460.0,4.0,1,0.520760022164179,0
LOLTMNT04_161482,LEC,2026-05-09T18:26:50+00:00,15,-2481.0,-3640.0,-14.0,-3,0.520760022164179,0
LOLTMNT04_161482,LEC,2026-05-09T18:26:50+00:00,20,-1491.0,-401.0,-2.0,-1,0.520760022164179,0
LOLTMNT04_161482,LEC,2026-05-09T18:26:50+00:00,25,-1692.0,-1485.0,19.0,-2,0.520760022164179,0
LOLTMNT04_161556,LEC,2026-05-10T15:17:18+00:00,10,583.0,29.0,37.0,-1,0.790547963537144,0
LOLTMNT04_161556,LEC,2026-05-10T15:17:18+00:00,15,1683.0,1527.0,52.0,0,0.790547963537144,0
LOLTMNT04_161556,LEC,2026-05-10T15:17:18+00:00,20,2290.0,1709.0,88.0,-2,0.790547963537144,0
LOLTMNT04_161556,LEC,2026-05-10T15:17:18+00:00,25,6581.0,7259.0,133.0,3,0.790547963537144,0
LOLTMNT04_161575,LEC,2026-05-10T17:41:45+00:00,10,-2851.0,-1997.0,-33.0,-3,0.394659764589835,0
LOLTMNT04_161575,LEC,2026-05-10T17:41:45+00:00,15,-1695.0,-1776.0,-45.0,-2,0.394659764589835,0
LOLTMNT04_161575,LEC,2026-05-10T17:41:45+00:00,20,448.0,58.0,-33.0,1,0.394659764589835,0
LOLTMNT04_161575,LEC,2026-05-10T17:41:45+00:00,25,99.0,-54.0,-19.0,0,0.394659764589835,0
LOLTMNT04_162255,LEC,2026-05-08T14:13:17+00:00,10,215.0,360.0,13.0,-1,0.663807782182012,1
LOLTMNT04_162255,LEC,2026-05-08T14:13:17+00:00,15,735.0,1185.0,28.0,0,0.663807782182012,1
LOLTMNT04_162255,LEC,2026-05-08T14:13:17+00:00,20,5124.0,3311.0,29.0,4,0.663807782182012,1
LOLTMNT04_162255,LEC,2026-05-08T14:13:17+00:00,25,8913.0,5848.0,26.0,8,0.663807782182012,1
LOLTMNT04_162268,LEC,2026-05-08T15:06:42+00:00,10,-1559.0,219.0,7.0,-4,0.682479035247798,1
LOLTMNT04_162268,LEC,2026-05-08T15:06:42+00:00,15,38.0,2249.0,26.0,-1,0.682479035247798,1
LOLTMNT04_162268,LEC,2026-05-08T15:06:42+00:00,20,-1023.0,647.0,39.0,-4,0.682479035247798,1
LOLTMNT04_162268,LEC,2026-05-08T15:06:42+00:00,25,1599.0,3068.0,49.0,-1,0.682479035247798,1
LOLTMNT04_162397,LEC,2026-05-09T15:15:42+00:00,10,-182.0,126.0,-2.0,0,0.852120926819399,1
LOLTMNT04_162397,LEC,2026-05-09T15:15:42+00:00,15,1509.0,1722.0,29.0,1,0.852120926819399,1
LOLTMNT04_162397,LEC,2026-05-09T15:15:42+00:00,20,1929.0,3061.0,41.0,1,0.852120926819399,1
LOLTMNT04_162397,LEC,2026-05-09T15:15:42+00:00,25,6140.0,6390.0,64.0,5,0.852120926819399,1
LOLTMNT04_162417,LEC,2026-05-09T16:32:21+00:00,10,644.0,11.0,11.0,1,0.621111012061335,1
LOLTMNT04_162417,LEC,2026-05-09T16:32:21+00:00,15,991.0,1460.0,17.0,4,0.621111012061335,1
LOLTMNT04_162417,LEC,2026-05-09T16:32:21+00:00,20,-461.0,-654.0,-21.0,3,0.621111012061335,1
LOLTMNT04_162417,LEC,2026-05-09T16:32:21+00:00,25,-79.0,-1430.0,-67.0,4,0.621111012061335,1
LOLTMNT04_162485,LEC,2026-05-10T13:12:38+00:00,10,1661.0,945.0,12.0,3,0.335630549694419,0
LOLTMNT04_162485,LEC,2026-05-10T13:12:38+00:00,15,1684.0,530.0,19.0,3,0.335630549694419,0
LOLTMNT04_162485,LEC,2026-05-10T13:12:38+00:00,20,2776.0,1138.0,22.0,3,0.335630549694419,0
LOLTMNT04_162485,LEC,2026-05-10T13:12:38+00:00,25,742.0,-293.0,21.0,1,0.335630549694419,0
LOLTMNT04_162494,LEC,2026-05-10T14:09:54+00:00,10,-111.0,1021.0,31.0,-2,0.7333294192101991,0
LOLTMNT04_162494,LEC,2026-05-10T14:09:54+00:00,15,-1002.0,-1375.0,24.0,-5,0.7333294192101991,0
LOLTMNT04_162494,LEC,2026-05-10T14:09:54+00:00,20,561.0,934.0,52.0,-4,0.7333294192101991,0
LOLTMNT04_162494,LEC,2026-05-10T14:09:54+00:00,25,-2233.0,-3991.0,54.0,-6,0.7333294192101991,0
LOLTMNT04_162542,LEC,2026-05-10T16:29:07+00:00,10,698.0,720.0,20.0,0,0.758247818216368,0
LOLTMNT04_162542,LEC,2026-05-10T16:29:07+00:00,15,1686.0,2591.0,29.0,0,0.758247818216368,0
LOLTMNT04_162542,LEC,2026-05-10T16:29:07+00:00,20,-1070.0,-1596.0,1.0,-5,0.758247818216368,0
LOLTMNT04_162542,LEC,2026-05-10T16:29:07+00:00,25,143.0,1810.0,0.0,-4,0.758247818216368,0
LOLTMNT04_162551,LEC,2026-05-10T18:37:55+00:00,10,2229.0,2126.0,45.0,2,0.745091037038143,0
LOLTMNT04_162551,LEC,2026-05-10T18:37:55+00:00,15,2964.0,2803.0,50.0,2,0.745091037038143,0
LOLTMNT04_162551,LEC,2026-05-10T18:37:55+00:00,20,1386.0,-424.0,36.0,-2,0.745091037038143,0
LOLTMNT04_162551,LEC,2026-05-10T18:37:55+00:00,25,2147.0,-1600.0,55.0,-2,0.745091037038143,0
LOLTMNT04_163053,EWC,2026-05-14T15:03:11+00:00,10,-1329.0,-1770.0,-24.0,-1,0.3127143841466754,0
LOLTMNT04_163053,EWC,2026-05-14T15:03:11+00:00,15,-1399.0,-2407.0,-40.0,-1,0.3127143841466754,0
LOLTMNT04_163053,EWC,2026-05-14T15:03:11+00:00,20,-787.0,-2798.0,-23.0,-1,0.3127143841466754,0
LOLTMNT04_163053,EWC,2026-05-14T15:03:11+00:00,25,-403.0,-999.0,13.0,-1,0.3127143841466754,0
LOLTMNT04_163072,EWC,2026-05-14T16:55:23+00:00,10,-1144.0,207.0,4.0,-2,0.5070177941631959,0
LOLTMNT04_163072,EWC,2026-05-14T16:55:23+00:00,15,-567.0,345.0,-3.0,-1,0.5070177941631959,0
LOLTMNT04_163072,EWC,2026-05-14T16:55:23+00:00,20,-2085.0,-709.0,0.0,-3,0.5070177941631959,0
LOLTMNT04_163072,EWC,2026-05-14T16:55:23+00:00,25,-2852.0,-1619.0,-9.0,-3,0.5070177941631959,0
LOLTMNT04_163079,EWC,2026-05-14T17:48:42+00:00,10,-477.0,348.0,-11.0,0,0.5070177941631959,0
LOLTMNT04_163079,EWC,2026-05-14T17:48:42+00:00,15,223.0,1533.0,6.0,0,0.5070177941631959,0
LOLTMNT04_163079,EWC,2026-05-14T17:48:42+00:00,20,-1141.0,424.0,8.0,-1,0.5070177941631959,0
LOLTMNT04_163079,EWC,2026-05-14T17:48:42+00:00,25,-3474.0,-691.0,9.0,-6,0.5070177941631959,0
LOLTMNT04_163229,EWC,2026-05-15T15:03:14+00:00,10,-1022.0,-141.0,4.0,-1,0.3880597595628754,0
LOLTMNT04_163229,EWC,2026-05-15T15:03:14+00:00,15,-1863.0,-1577.0,0.0,-2,0.3880597595628754,0
LOLTMNT04_163229,EWC,2026-05-15T15:03:14+00:00,20,-2755.0,-657.0,25.0,-2,0.3880597595628754,0
LOLTMNT04_163229,EWC,2026-05-15T15:03:14+00:00,25,-3091.0,-4638.0,42.0,-3,0.3880597595628754,0
LOLTMNT04_163273,EWC,2026-05-15T17:41:57+00:00,10,-82.0,1391.0,10.0,1,0.6851469694375826,1
LOLTMNT04_163273,EWC,2026-05-15T17:41:57+00:00,15,3807.0,3279.0,39.0,4,0.6851469694375826,1
LOLTMNT04_163273,EWC,2026-05-15T17:41:57+00:00,20,7916.0,6199.0,68.0,7,0.6851469694375826,1
LOLTMNT04_163273,EWC,2026-05-15T17:41:57+00:00,25,7933.0,8710.0,46.0,7,0.6851469694375826,1
LOLTMNT04_163357,EWC,2026-05-17T15:05:16+00:00,10,422.0,400.0,21.0,-1,0.4633489224412771,1
LOLTMNT04_163357,EWC,2026-05-17T15:05:16+00:00,15,1687.0,1437.0,32.0,1,0.4633489224412771,1
LOLTMNT04_163357,EWC,2026-05-17T15:05:16+00:00,20,5576.0,4141.0,43.0,4,0.4633489224412771,1
LOLTMNT04_163357,EWC,2026-05-17T15:05:16+00:00,25,7296.0,10478.0,43.0,7,0.4633489224412771,1
LOLTMNT04_164045,EWC,2026-05-14T15:59:31+00:00,10,687.0,-68.0,-6.0,-1,0.6872856158533246,1
LOLTMNT04_164045,EWC,2026-05-14T15:59:31+00:00,15,2612.0,845.0,-17.0,2,0.6872856158533246,1
LOLTMNT04_164045,EWC,2026-05-14T15:59:31+00:00,20,5328.0,1770.0,-15.0,3,0.6872856158533246,1
LOLTMNT04_164045,EWC,2026-05-14T15:59:31+00:00,25,7212.0,3543.0,-38.0,6,0.6872856158533246,1
LOLTMNT04_164243,EWC,2026-05-15T15:53:55+00:00,10,-230.0,-281.0,10.0,-1,0.6119402404371246,0
LOLTMNT04_164243,EWC,2026-05-15T15:53:55+00:00,15,-392.0,-1656.0,10.0,-2,0.6119402404371246,0
LOLTMNT04_164243,EWC,2026-05-15T15:53:55+00:00,20,-3619.0,-4198.0,-24.0,-7,0.6119402404371246,0
LOLTMNT04_164243,EWC,2026-05-15T15:53:55+00:00,25,-4485.0,-7922.0,-39.0,-8,0.6119402404371246,0
LOLTMNT04_164277,EWC,2026-05-15T16:44:25+00:00,10,-1508.0,-909.0,-10.0,-3,0.3880597595628754,0
LOLTMNT04_164277,EWC,2026-05-15T16:44:25+00:00,15,-1092.0,-2219.0,-16.0,-4,0.3880597595628754,0
LOLTMNT04_164277,EWC,2026-05-15T16:44:25+00:00,20,-2095.0,-1919.0,-6.0,-6,0.3880597595628754,0
LOLTMNT04_164277,EWC,2026-05-15T16:44:25+00:00,25,-2761.0,-1924.0,-8.0,-6,0.3880597595628754,0
LOLTMNT04_164286,EWC,2026-05-15T18:31:58+00:00,10,436.0,473.0,7.0,0,0.6851469694375826,1
LOLTMNT04_164286,EWC,2026-05-15T18:31:58+00:00,15,2752.0,546.0,-9.0,3,0.6851469694375826,1
LOLTMNT04_164286,EWC,2026-05-15T18:31:58+00:00,20,3072.0,-1173.0,-45.0,4,0.6851469694375826,1
LOLTMNT04_164286,EWC,2026-05-15T18:31:58+00:00,25,6513.0,3347.0,-24.0,11,0.6851469694375826,1
LOLTMNT04_164335,EWC,2026-05-16T15:02:11+00:00,10,115.0,-398.0,-9.0,1,0.4073592443006487,0
LOLTMNT04_164335,EWC,2026-05-16T15:02:11+00:00,15,-2053.0,-3135.0,-20.0,-1,0.4073592443006487,0
LOLTMNT04_164335,EWC,2026-05-16T15:02:11+00:00,20,-4390.0,-3950.0,8.0,-4,0.4073592443006487,0
LOLTMNT04_164335,EWC,2026-05-16T15:02:11+00:00,25,-6761.0,-8423.0,-1.0,-8,0.4073592443006487,0
LOLTMNT04_164336,EWC,2026-05-16T15:05:30+00:00,10,-74.0,-366.0,-8.0,0,0.6119402404371248,1
LOLTMNT04_164336,EWC,2026-05-16T15:05:30+00:00,15,-686.0,-1074.0,-27.0,0,0.6119402404371248,1
LOLTMNT04_164336,EWC,2026-05-16T15:05:30+00:00,20,1838.0,1399.0,-33.0,4,0.6119402404371248,1
LOLTMNT04_164336,EWC,2026-05-16T15:05:30+00:00,25,3943.0,7443.0,-15.0,8,0.6119402404371248,1
LOLTMNT04_164339,EWC,2026-05-16T15:52:13+00:00,10,358.0,1547.0,25.0,-1,0.5926407556993513,1
LOLTMNT04_164339,EWC,2026-05-16T15:52:13+00:00,15,-2627.0,-994.0,7.0,-7,0.5926407556993513,1
LOLTMNT04_164339,EWC,2026-05-16T15:52:13+00:00,20,-4062.0,-1654.0,22.0,-10,0.5926407556993513,1
LOLTMNT04_164339,EWC,2026-05-16T15:52:13+00:00,25,-1517.0,4897.0,54.0,-7,0.5926407556993513,1
LOLTMNT04_164341,EWC,2026-05-16T15:59:05+00:00,10,-2269.0,-511.0,4.0,-4,0.6119402404371248,1
LOLTMNT04_164341,EWC,2026-05-16T15:59:05+00:00,15,-2738.0,-2658.0,-38.0,-5,0.6119402404371248,1
LOLTMNT04_164341,EWC,2026-05-16T15:59:05+00:00,20,-1196.0,-3363.0,-36.0,-3,0.6119402404371248,1
LOLTMNT04_164341,EWC,2026-05-16T15:59:05+00:00,25,-996.0,253.0,-36.0,-4,0.6119402404371248,1
LOLTMNT04_164344,EWC,2026-05-16T16:49:59+00:00,10,2932.0,1539.0,35.0,6,0.5926407556993513,1
LOLTMNT04_164344,EWC,2026-05-16T16:49:59+00:00,15,3873.0,3296.0,74.0,8,0.5926407556993513,1
LOLTMNT04_164344,EWC,2026-05-16T16:49:59+00:00,20,5835.0,3982.0,72.0,11,0.5926407556993513,1
LOLTMNT04_164379,EWC,2026-05-17T15:54:01+00:00,10,-57.0,-165.0,-9.0,2,0.4633489224412771,0
LOLTMNT04_164379,EWC,2026-05-17T15:54:01+00:00,15,-2613.0,-2418.0,-27.0,-1,0.4633489224412771,0
LOLTMNT04_164379,EWC,2026-05-17T15:54:01+00:00,20,-7757.0,-7248.0,-48.0,-9,0.4633489224412771,0
LOLTMNT04_164379,EWC,2026-05-17T15:54:01+00:00,25,-8441.0,-11006.0,-77.0,-9,0.4633489224412771,0
LOLTMNT04_164419,EWC,2026-05-17T16:50:59+00:00,10,1091.0,-1.0,13.0,2,0.5366510775587229,1
LOLTMNT04_164419,EWC,2026-05-17T16:50:59+00:00,15,1595.0,168.0,41.0,1,0.5366510775587229,1
LOLTMNT04_164419,EWC,2026-05-17T16:50:59+00:00,20,3590.0,3841.0,69.0,3,0.5366510775587229,1
LOLTMNT04_164419,EWC,2026-05-17T16:50:59+00:00,25,136.0,656.0,42.0,0,0.5366510775587229,1
LOLTMNT04_164423,EWC,2026-05-17T17:47:12+00:00,10,-470.0,1167.0,0.0,-1,0.5366510775587229,1
LOLTMNT04_164423,EWC,2026-05-17T17:47:12+00:00,15,-97.0,1821.0,13.0,0,0.5366510775587229,1
LOLTMNT04_164423,EWC,2026-05-17T17:47:12+00:00,20,1185.0,1796.0,-16.0,3,0.5366510775587229,1
LOLTMNT04_164423,EWC,2026-05-17T17:47:12+00:00,25,3417.0,4698.0,2.0,6,0.5366510775587229,1
LOLTMNT05_175147,LEC,2026-02-08T15:53:10+00:00,10,-78.0,364.0,8.0,-1,0.598610348292352,0
LOLTMNT05_175147,LEC,2026-02-08T15:53:10+00:00,15,2994.0,2371.0,31.0,0,0.598610348292352,0
LOLTMNT05_175147,LEC,2026-02-08T15:53:10+00:00,20,3755.0,1189.0,3.0,1,0.598610348292352,0
LOLTMNT05_175147,LEC,2026-02-08T15:53:10+00:00,25,1417.0,-3519.0,-16.0,0,0.598610348292352,0
LOLTMNT05_175164,LEC,2026-02-08T16:47:25+00:00,10,1667.0,1352.0,20.0,2,0.775781898202774,0
LOLTMNT05_175164,LEC,2026-02-08T16:47:25+00:00,15,2142.0,513.0,26.0,1,0.775781898202774,0
LOLTMNT05_175164,LEC,2026-02-08T16:47:25+00:00,20,2622.0,877.0,20.0,3,0.775781898202774,0
LOLTMNT05_175164,LEC,2026-02-08T16:47:25+00:00,25,643.0,-3527.0,33.0,-1,0.775781898202774,0
LOLTMNT05_175193,LEC,2026-02-08T18:36:43+00:00,10,-383.0,-436.0,-16.0,1,0.710102221715812,1
LOLTMNT05_175193,LEC,2026-02-08T18:36:43+00:00,15,-27.0,627.0,-5.0,1,0.710102221715812,1
LOLTMNT05_175193,LEC,2026-02-08T18:36:43+00:00,20,1128.0,1303.0,6.0,2,0.710102221715812,1
LOLTMNT05_175193,LEC,2026-02-08T18:36:43+00:00,25,4389.0,5008.0,37.0,4,0.710102221715812,1
LOLTMNT05_175206,LEC,2026-02-08T19:34:09+00:00,10,958.0,-503.0,-41.0,4,0.395321325826468,1
LOLTMNT05_175206,LEC,2026-02-08T19:34:09+00:00,15,1862.0,1234.0,-51.0,7,0.395321325826468,1
LOLTMNT05_175206,LEC,2026-02-08T19:34:09+00:00,20,654.0,2342.0,-24.0,6,0.395321325826468,1
LOLTMNT05_175206,LEC,2026-02-08T19:34:09+00:00,25,1728.0,5170.0,-49.0,7,0.395321325826468,1
LOLTMNT05_175214,LEC,2026-02-08T20:26:52+00:00,10,2102.0,2348.0,38.0,3,0.724237543580561,1
LOLTMNT05_175214,LEC,2026-02-08T20:26:52+00:00,15,3200.0,3985.0,59.0,4,0.724237543580561,1
LOLTMNT05_175214,LEC,2026-02-08T20:26:52+00:00,20,3395.0,3161.0,63.0,3,0.724237543580561,1
LOLTMNT05_175214,LEC,2026-02-08T20:26:52+00:00,25,7572.0,7746.0,80.0,9,0.724237543580561,1
LOLTMNT05_175676,LEC,2026-02-16T16:50:26+00:00,10,233.0,-746.0,-8.0,1,0.531377101616177,0
LOLTMNT05_175676,LEC,2026-02-16T16:50:26+00:00,15,-262.0,-2393.0,-35.0,0,0.531377101616177,0
LOLTMNT05_175676,LEC,2026-02-16T16:50:26+00:00,20,-314.0,-3311.0,-71.0,1,0.531377101616177,0
LOLTMNT05_175676,LEC,2026-02-16T16:50:26+00:00,25,-4532.0,-10077.0,-99.0,-2,0.531377101616177,0
LOLTMNT05_175701,LEC,2026-02-16T19:21:38+00:00,10,-374.0,240.0,10.0,0,0.606531172581143,1
LOLTMNT05_175701,LEC,2026-02-16T19:21:38+00:00,15,308.0,571.0,14.0,1,0.606531172581143,1
LOLTMNT05_175701,LEC,2026-02-16T19:21:38+00:00,20,3656.0,3312.0,44.0,4,0.606531172581143,1
LOLTMNT05_175701,LEC,2026-02-16T19:21:38+00:00,25,8956.0,13241.0,77.0,8,0.606531172581143,1
LOLTMNT05_175735,LEC,2026-02-17T15:54:08+00:00,10,-2411.0,210.0,0.0,-4,0.259833078201486,0
LOLTMNT05_175735,LEC,2026-02-17T15:54:08+00:00,15,-4226.0,-484.0,-31.0,-6,0.259833078201486,0
LOLTMNT05_175735,LEC,2026-02-17T15:54:08+00:00,20,-6754.0,-3686.0,-58.0,-8,0.259833078201486,0
LOLTMNT05_175735,LEC,2026-02-17T15:54:08+00:00,25,-15112.0,-13287.0,-127.0,-14,0.259833078201486,0
LOLTMNT05_175753,LEC,2026-02-17T17:26:37+00:00,10,1294.0,1057.0,34.0,1,0.672615926908448,1
LOLTMNT05_175753,LEC,2026-02-17T17:26:37+00:00,15,2361.0,1613.0,34.0,2,0.672615926908448,1
LOLTMNT05_175753,LEC,2026-02-17T17:26:37+00:00,20,3102.0,1894.0,32.0,3,0.672615926908448,1
LOLTMNT05_175753,LEC,2026-02-17T17:26:37+00:00,25,5095.0,4164.0,46.0,4,0.672615926908448,1
LOLTMNT05_175960,LEC,2026-02-20T16:46:56+00:00,10,-635.0,-1612.0,-35.0,0,0.70774150246988,1
LOLTMNT05_175960,LEC,2026-02-20T16:46:56+00:00,15,-1672.0,-2387.0,-36.0,0,0.70774150246988,1
LOLTMNT05_175960,LEC,2026-02-20T16:46:56+00:00,20,558.0,1216.0,-10.0,4,0.70774150246988,1
LOLTMNT05_175960,LEC,2026-02-20T16:46:56+00:00,25,-714.0,67.0,-26.0,4,0.70774150246988,1
LOLTMNT05_175986,LEC,2026-02-20T18:50:14+00:00,10,912.0,-178.0,12.0,1,0.619417863904684,1
LOLTMNT05_175986,LEC,2026-02-20T18:50:14+00:00,15,3793.0,1731.0,40.0,4,0.619417863904684,1
LOLTMNT05_175986,LEC,2026-02-20T18:50:14+00:00,20,3728.0,2735.0,50.0,5,0.619417863904684,1
LOLTMNT05_175986,LEC,2026-02-20T18:50:14+00:00,25,6021.0,5694.0,76.0,6,0.619417863904684,1
LOLTMNT05_176168,LEC,2026-02-08T17:38:57+00:00,10,-637.0,-507.0,4.0,-1,0.586460864189583,1
LOLTMNT05_176168,LEC,2026-02-08T17:38:57+00:00,15,1151.0,642.0,5.0,1,0.586460864189583,1
LOLTMNT05_176168,LEC,2026-02-08T17:38:57+00:00,20,3446.0,1957.0,-13.0,5,0.586460864189583,1
LOLTMNT05_176168,LEC,2026-02-08T17:38:57+00:00,25,2146.0,1823.0,-48.0,5,0.586460864189583,1
LOLTMNT05_176683,LEC,2026-02-16T15:58:59+00:00,10,1191.0,724.0,10.0,2,0.520178327783677,1
LOLTMNT05_176683,LEC,2026-02-16T15:58:59+00:00,15,2385.0,2526.0,23.0,5,0.520178327783677,1
LOLTMNT05_176683,LEC,2026-02-16T15:58:59+00:00,20,2300.0,2562.0,41.0,5,0.520178327783677,1
LOLTMNT05_176683,LEC,2026-02-16T15:58:59+00:00,25,3829.0,5950.0,56.0,7,0.520178327783677,1
LOLTMNT05_176711,LEC,2026-02-16T17:46:04+00:00,10,-921.0,-167.0,-3.0,-2,0.585737946921053,1
LOLTMNT05_176711,LEC,2026-02-16T17:46:04+00:00,15,-609.0,-418.0,-3.0,-1,0.585737946921053,1
LOLTMNT05_176711,LEC,2026-02-16T17:46:04+00:00,20,798.0,-193.0,-5.0,0,0.585737946921053,1
LOLTMNT05_176711,LEC,2026-02-16T17:46:04+00:00,25,-5496.0,-7219.0,-44.0,-4,0.585737946921053,1
LOLTMNT05_176751,LEC,2026-02-17T16:38:49+00:00,10,302.0,19.0,0.0,1,0.798908760158206,1
LOLTMNT05_176751,LEC,2026-02-17T16:38:49+00:00,15,-934.0,571.0,25.0,-1,0.798908760158206,1
LOLTMNT05_176751,LEC,2026-02-17T16:38:49+00:00,20,3590.0,4297.0,62.0,3,0.798908760158206,1
LOLTMNT05_176751,LEC,2026-02-17T16:38:49+00:00,25,7887.0,9716.0,89.0,7,0.798908760158206,1
LOLTMNT05_176774,LEC,2026-02-17T18:19:36+00:00,10,-428.0,-382.0,-17.0,-1,0.364728756297709,0
LOLTMNT05_176774,LEC,2026-02-17T18:19:36+00:00,15,-875.0,-625.0,-19.0,-1,0.364728756297709,0
LOLTMNT05_176774,LEC,2026-02-17T18:19:36+00:00,20,-2278.0,-1710.0,-41.0,-2,0.364728756297709,0
LOLTMNT05_176774,LEC,2026-02-17T18:19:36+00:00,25,-5904.0,-8048.0,-67.0,-5,0.364728756297709,0
LOLTMNT05_176983,LEC,2026-02-20T15:53:01+00:00,10,911.0,548.0,15.0,1,0.6921582672022,1
LOLTMNT05_176983,LEC,2026-02-20T15:53:01+00:00,15,1149.0,243.0,1.0,2,0.6921582672022,1
LOLTMNT05_176983,LEC,2026-02-20T15:53:01+00:00,20,2984.0,237.0,3.0,4,0.6921582672022,1
LOLTMNT05_176983,LEC,2026-02-20T15:53:01+00:00,25,4555.0,3977.0,16.0,8,0.6921582672022,1
LOLTMNT05_176994,LEC,2026-02-20T17:49:11+00:00,10,2259.0,1954.0,41.0,1,0.597273146799981,1
LOLTMNT05_176994,LEC,2026-02-20T17:49:11+00:00,15,2363.0,666.0,39.0,1,0.597273146799981,1
LOLTMNT05_176994,LEC,2026-02-20T17:49:11+00:00,20,4320.0,-243.0,39.0,2,0.597273146799981,1
LOLTMNT05_176994,LEC,2026-02-20T17:49:11+00:00,25,6485.0,4435.0,32.0,6,0.597273146799981,1
LOLTMNT05_177016,LEC,2026-02-21T15:52:26+00:00,10,474.0,658.0,-4.0,1,0.576908489298762,1
LOLTMNT05_177016,LEC,2026-02-21T15:52:26+00:00,15,-24.0,400.0,-14.0,0,0.576908489298762,1
LOLTMNT05_177016,LEC,2026-02-21T15:52:26+00:00,20,-268.0,-588.0,-27.0,0,0.576908489298762,1
LOLTMNT05_177016,LEC,2026-02-21T15:52:26+00:00,25,1666.0,3217.0,-24.0,4,0.576908489298762,1
LOLTMNT05_177019,LEC,2026-02-21T17:51:35+00:00,10,1628.0,1045.0,14.0,2,0.571210725040645,1
LOLTMNT05_177019,LEC,2026-02-21T17:51:35+00:00,15,2711.0,1357.0,26.0,2,0.571210725040645,1
LOLTMNT05_177019,LEC,2026-02-21T17:51:35+00:00,20,3798.0,2758.0,59.0,2,0.571210725040645,1
LOLTMNT05_177019,LEC,2026-02-21T17:51:35+00:00,25,7172.0,3959.0,23.0,4,0.571210725040645,1
LOLTMNT05_177030,LEC,2026-02-21T18:44:19+00:00,10,1421.0,1341.0,37.0,1,0.445589901957235,1
LOLTMNT05_177030,LEC,2026-02-21T18:44:19+00:00,15,2775.0,2404.0,84.0,-1,0.445589901957235,1
LOLTMNT05_177030,LEC,2026-02-21T18:44:19+00:00,20,3282.0,3678.0,109.0,0,0.445589901957235,1
LOLTMNT05_177030,LEC,2026-02-21T18:44:19+00:00,25,4739.0,4637.0,116.0,0,0.445589901957235,1
LOLTMNT05_177049,LEC,2026-02-22T15:53:15+00:00,10,1425.0,649.0,3.0,2,0.44014740180042,1
LOLTMNT05_177049,LEC,2026-02-22T15:53:15+00:00,15,2924.0,2726.0,50.0,2,0.44014740180042,1
LOLTMNT05_177049,LEC,2026-02-22T15:53:15+00:00,20,4731.0,3755.0,67.0,2,0.44014740180042,1
LOLTMNT05_177049,LEC,2026-02-22T15:53:15+00:00,25,6354.0,4262.0,84.0,3,0.44014740180042,1
LOLTMNT05_177060,LEC,2026-02-22T18:41:27+00:00,10,861.0,138.0,3.0,1,0.424913955117865,1
LOLTMNT05_177060,LEC,2026-02-22T18:41:27+00:00,15,-1063.0,-1702.0,-8.0,-1,0.424913955117865,1
LOLTMNT05_177060,LEC,2026-02-22T18:41:27+00:00,20,245.0,-2434.0,-29.0,-1,0.424913955117865,1
LOLTMNT05_177060,LEC,2026-02-22T18:41:27+00:00,25,3034.0,5411.0,17.0,0,0.424913955117865,1
LOLTMNT05_177061,LEC,2026-02-22T20:35:48+00:00,10,-721.0,-1865.0,-21.0,-1,0.433274023697552,0
LOLTMNT05_177061,LEC,2026-02-22T20:35:48+00:00,15,-7117.0,-6622.0,-68.0,-9,0.433274023697552,0
LOLTMNT05_177061,LEC,2026-02-22T20:35:48+00:00,20,-8474.0,-7782.0,-78.0,-10,0.433274023697552,0
LOLTMNT05_177061,LEC,2026-02-22T20:35:48+00:00,25,-15935.0,-12666.0,-131.0,-15,0.433274023697552,0
LOLTMNT05_177077,LEC,2026-02-23T17:40:36+00:00,10,-937.0,-650.0,-24.0,-1,0.69410437795256,1
LOLTMNT05_177077,LEC,2026-02-23T17:40:36+00:00,15,-2254.0,-238.0,2.0,-4,0.69410437795256,1
LOLTMNT05_177077,LEC,2026-02-23T17:40:36+00:00,20,1326.0,1941.0,-6.0,1,0.69410437795256,1
LOLTMNT05_177077,LEC,2026-02-23T17:40:36+00:00,25,3099.0,84.0,-9.0,2,0.69410437795256,1
LOLTMNT05_178010,LEC,2026-02-21T16:43:34+00:00,10,255.0,-203.0,-19.0,1,0.602262592877631,0
LOLTMNT05_178010,LEC,2026-02-21T16:43:34+00:00,15,-64.0,-301.0,-9.0,0,0.602262592877631,0
LOLTMNT05_178010,LEC,2026-02-21T16:43:34+00:00,20,173.0,1662.0,1.0,1,0.602262592877631,0
LOLTMNT05_178010,LEC,2026-02-21T16:43:34+00:00,25,3451.0,3252.0,28.0,8,0.602262592877631,0
LOLTMNT05_178014,LEC,2026-02-21T19:42:25+00:00,10,182.0,403.0,7.0,0,0.483367664972615,1
LOLTMNT05_178014,LEC,2026-02-21T19:42:25+00:00,15,1815.0,1465.0,34.0,0,0.483367664972615,1
LOLTMNT05_178014,LEC,2026-02-21T19:42:25+00:00,20,4293.0,795.0,63.0,1,0.483367664972615,1
LOLTMNT05_178014,LEC,2026-02-21T19:42:25+00:00,25,6614.0,6284.0,66.0,2,0.483367664972615,1
LOLTMNT05_178021,LEC,2026-02-22T16:48:38+00:00,10,-1135.0,-230.0,19.0,-3,0.51935980519509,0
LOLTMNT05_178021,LEC,2026-02-22T16:48:38+00:00,15,1492.0,2164.0,33.0,1,0.51935980519509,0
LOLTMNT05_178021,LEC,2026-02-22T16:48:38+00:00,20,3396.0,2323.0,45.0,0,0.51935980519509,0
LOLTMNT05_178021,LEC,2026-02-22T16:48:38+00:00,25,116.0,-3563.0,29.0,-2,0.51935980519509,0
LOLTMNT05_178023,LEC,2026-02-22T17:38:52+00:00,10,1423.0,298.0,-2.0,3,0.582170075309163,1
LOLTMNT05_178023,LEC,2026-02-22T17:38:52+00:00,15,2159.0,2634.0,28.0,3,0.582170075309163,1
LOLTMNT05_178023,LEC,2026-02-22T17:38:52+00:00,20,3798.0,3399.0,53.0,3,0.582170075309163,1
LOLTMNT05_178023,LEC,2026-02-22T17:38:52+00:00,25,1238.0,-389.0,34.0,0,0.582170075309163,1
LOLTMNT05_178032,LEC,2026-02-22T19:39:32+00:00,10,-1294.0,-104.0,-13.0,-2,0.460825196323078,0
LOLTMNT05_178032,LEC,2026-02-22T19:39:32+00:00,15,839.0,1041.0,-26.0,1,0.460825196323078,0
LOLTMNT05_178032,LEC,2026-02-22T19:39:32+00:00,20,1275.0,2048.0,0.0,1,0.460825196323078,0
LOLTMNT05_178032,LEC,2026-02-22T19:39:32+00:00,25,-712.0,-2983.0,-15.0,-2,0.460825196323078,0
LOLTMNT05_178056,LEC,2026-02-23T15:56:51+00:00,10,-611.0,598.0,3.0,-1,0.669215703744118,1
LOLTMNT05_178056,LEC,2026-02-23T15:56:51+00:00,15,-76.0,39.0,4.0,-1,0.669215703744118,1
LOLTMNT05_178056,LEC,2026-02-23T15:56:51+00:00,20,169.0,873.0,3.0,0,0.669215703744118,1
LOLTMNT05_178056,LEC,2026-02-23T15:56:51+00:00,25,2647.0,5581.0,9.0,2,0.669215703744118,1
LOLTMNT05_178057,LEC,2026-02-23T16:52:39+00:00,10,13.0,1781.0,13.0,-1,0.682045085809019,1
LOLTMNT05_178057,LEC,2026-02-23T16:52:39+00:00,15,2880.0,3426.0,13.0,5,0.682045085809019,1
LOLTMNT05_178057,LEC,2026-02-23T16:52:39+00:00,20,3746.0,2223.0,23.0,4,0.682045085809019,1
LOLTMNT05_178057,LEC,2026-02-23T16:52:39+00:00,25,8808.0,11751.0,79.0,10,0.682045085809019,1
LOLTMNT05_179080,LEC,2026-02-27T18:09:35+00:00,10,442.0,683.0,20.0,0,0.35085396175155,0
LOLTMNT05_179080,LEC,2026-02-27T18:09:35+00:00,15,1226.0,993.0,42.0,0,0.35085396175155,0
LOLTMNT05_179080,LEC,2026-02-27T18:09:35+00:00,20,2736.0,3448.0,36.0,2,0.35085396175155,0
LOLTMNT05_179080,LEC,2026-02-27T18:09:35+00:00,25,-353.0,2925.0,28.0,-2,0.35085396175155,0
LOLTMNT05_179108,LEC,2026-02-28T16:20:06+00:00,10,-2130.0,-1521.0,-26.0,-3,0.454458636358929,1
LOLTMNT05_179108,LEC,2026-02-28T16:20:06+00:00,15,-822.0,-243.0,-20.0,-2,0.454458636358929,1
LOLTMNT05_179108,LEC,2026-02-28T16:20:06+00:00,20,598.0,829.0,1.0,-2,0.454458636358929,1
LOLTMNT05_179108,LEC,2026-02-28T16:20:06+00:00,25,1592.0,2251.0,32.0,-1,0.454458636358929,1
LOLTMNT05_179109,LEC,2026-02-28T19:01:45+00:00,10,-934.0,-1620.0,-34.0,-1,0.491395144299869,0
LOLTMNT05_179109,LEC,2026-02-28T19:01:45+00:00,15,161.0,-1528.0,-24.0,-1,0.491395144299869,0
LOLTMNT05_179109,LEC,2026-02-28T19:01:45+00:00,20,-1649.0,-4071.0,-86.0,-2,0.491395144299869,0
LOLTMNT05_179109,LEC,2026-02-28T19:01:45+00:00,25,-3708.0,-6641.0,-63.0,-3,0.491395144299869,0
LOLTMNT05_179123,LEC,2026-03-01T18:20:14+00:00,10,881.0,422.0,-26.0,5,0.676176134341842,0
LOLTMNT05_179123,LEC,2026-03-01T18:20:14+00:00,15,-978.0,-1111.0,-44.0,3,0.676176134341842,0
LOLTMNT05_179123,LEC,2026-03-01T18:20:14+00:00,20,-3073.0,-3026.0,-34.0,0,0.676176134341842,0
LOLTMNT05_179123,LEC,2026-03-01T18:20:14+00:00,25,-5273.0,-5533.0,-42.0,-2,0.676176134341842,0
LOLTMNT05_179124,LEC,2026-03-01T19:15:05+00:00,10,1198.0,989.0,26.0,1,0.64883710595027,0
LOLTMNT05_179124,LEC,2026-03-01T19:15:05+00:00,15,2810.0,3119.0,47.0,2,0.64883710595027,0
LOLTMNT05_179124,LEC,2026-03-01T19:15:05+00:00,20,4614.0,3998.0,29.0,4,0.64883710595027,0
LOLTMNT05_179124,LEC,2026-03-01T19:15:05+00:00,25,3936.0,5918.0,54.0,3,0.64883710595027,0
LOLTMNT05_179126,LEC,2026-03-01T20:19:40+00:00,10,896.0,823.0,22.0,2,0.621622447428302,1
LOLTMNT05_179126,LEC,2026-03-01T20:19:40+00:00,15,3154.0,2354.0,41.0,5,0.621622447428302,1
LOLTMNT05_179126,LEC,2026-03-01T20:19:40+00:00,20,3962.0,1895.0,42.0,5,0.621622447428302,1
LOLTMNT05_179126,LEC,2026-03-01T20:19:40+00:00,25,2745.0,4439.0,49.0,3,0.621622447428302,1
LOLTMNT05_180071,LEC,2026-02-27T16:21:14+00:00,10,-596.0,-647.0,-11.0,0,0.381829797702968,0
LOLTMNT05_180071,LEC,2026-02-27T16:21:14+00:00,15,180.0,729.0,23.0,1,0.381829797702968,0
LOLTMNT05_180071,LEC,2026-02-27T16:21:14+00:00,20,-1428.0,-3078.0,-5.0,-2,0.381829797702968,0
LOLTMNT05_180071,LEC,2026-02-27T16:21:14+00:00,25,-5110.0,-6517.0,-13.0,-7,0.381829797702968,0
LOLTMNT05_180072,LEC,2026-02-27T17:16:06+00:00,10,-2441.0,-1801.0,-38.0,-3,0.365687282722816,0
LOLTMNT05_180072,LEC,2026-02-27T17:16:06+00:00,15,-4939.0,-3681.0,-53.0,-6,0.365687282722816,0
LOLTMNT05_180072,LEC,2026-02-27T17:16:06+00:00,20,-3967.0,-4463.0,-54.0,-6,0.365687282722816,0
LOLTMNT05_180072,LEC,2026-02-27T17:16:06+00:00,25,-4452.0,-5235.0,-81.0,-6,0.365687282722816,0
LOLTMNT05_180085,LEC,2026-02-28T17:19:02+00:00,10,-2652.0,-1480.0,-11.0,-5,0.487032836825953,0
LOLTMNT05_180085,LEC,2026-02-28T17:19:02+00:00,15,-5095.0,-2837.0,-32.0,-7,0.487032836825953,0
LOLTMNT05_180085,LEC,2026-02-28T17:19:02+00:00,20,-8444.0,-6947.0,-59.0,-10,0.487032836825953,0
LOLTMNT05_180085,LEC,2026-02-28T17:19:02+00:00,25,-14246.0,-14109.0,-92.0,-14,0.487032836825953,0
LOLTMNT05_180086,LEC,2026-02-28T18:09:20+00:00,10,-858.0,-271.0,-3.0,-3,0.468276889007398,1
LOLTMNT05_180086,LEC,2026-02-28T18:09:20+00:00,15,2782.0,2392.0,4.0,2,0.468276889007398,1
LOLTMNT05_180086,LEC,2026-02-28T18:09:20+00:00,20,4913.0,2864.0,21.0,3,0.468276889007398,1
LOLTMNT05_180086,LEC,2026-02-28T18:09:20+00:00,25,7817.0,8227.0,52.0,5,0.468276889007398,1
LOLTMNT05_180087,LEC,2026-02-28T19:59:59+00:00,10,-3752.0,-2727.0,-55.0,-5,0.463736509778979,0
LOLTMNT05_180087,LEC,2026-02-28T19:59:59+00:00,15,-5208.0,-4203.0,-75.0,-6,0.463736509778979,0
LOLTMNT05_180087,LEC,2026-02-28T19:59:59+00:00,20,-7741.0,-6019.0,-110.0,-7,0.463736509778979,0
LOLTMNT05_180087,LEC,2026-02-28T19:59:59+00:00,25,-17999.0,-15079.0,-147.0,-16,0.463736509778979,0
LOLTMNT05_180114,LEC,2026-03-01T16:19:58+00:00,10,-295.0,-67.0,19.0,-1,0.633707070920748,1
LOLTMNT05_180114,LEC,2026-03-01T16:19:58+00:00,15,879.0,2055.0,27.0,1,0.633707070920748,1
LOLTMNT05_180114,LEC,2026-03-01T16:19:58+00:00,20,787.0,1445.0,14.0,2,0.633707070920748,1
LOLTMNT05_180114,LEC,2026-03-01T16:19:58+00:00,25,2347.0,1886.0,9.0,3,0.633707070920748,1
LOLTMNT05_180115,LEC,2026-03-01T17:23:48+00:00,10,406.0,798.0,1.0,1,0.653591060436835,1
LOLTMNT05_180115,LEC,2026-03-01T17:23:48+00:00,15,246.0,976.0,-1.0,2,0.653591060436835,1
LOLTMNT05_180115,LEC,2026-03-01T17:23:48+00:00,20,2424.0,2823.0,21.0,4,0.653591060436835,1
LOLTMNT05_180115,LEC,2026-03-01T17:23:48+00:00,25,3274.0,4383.0,19.0,5,0.653591060436835,1
LOLTMNT05_183065,LEC,2026-03-28T15:53:30+00:00,10,2128.0,1540.0,8.0,3,0.430540209301753,1
LOLTMNT05_183065,LEC,2026-03-28T15:53:30+00:00,15,4392.0,3138.0,36.0,4,0.430540209301753,1
LOLTMNT05_183065,LEC,2026-03-28T15:53:30+00:00,20,5130.0,1507.0,15.0,4,0.430540209301753,1
LOLTMNT05_183065,LEC,2026-03-28T15:53:30+00:00,25,7903.0,5808.0,37.0,6,0.430540209301753,1
LOLTMNT05_183066,LEC,2026-03-28T16:44:59+00:00,10,407.0,53.0,16.0,-1,0.462300877368701,0
LOLTMNT05_183066,LEC,2026-03-28T16:44:59+00:00,15,2989.0,1042.0,4.0,2,0.462300877368701,0
LOLTMNT05_183066,LEC,2026-03-28T16:44:59+00:00,20,3524.0,684.0,-11.0,2,0.462300877368701,0
LOLTMNT05_183066,LEC,2026-03-28T16:44:59+00:00,25,2181.0,-396.0,-27.0,1,0.462300877368701,0
LOLTMNT05_183084,LEC,2026-03-28T19:01:25+00:00,10,1007.0,91.0,5.0,2,0.733836905038031,0
LOLTMNT05_183084,LEC,2026-03-28T19:01:25+00:00,15,2085.0,1446.0,33.0,2,0.733836905038031,0
LOLTMNT05_183084,LEC,2026-03-28T19:01:25+00:00,20,-469.0,-447.0,53.0,-2,0.733836905038031,0
LOLTMNT05_183084,LEC,2026-03-28T19:01:25+00:00,25,-1441.0,-3864.0,40.0,-2,0.733836905038031,0
LOLTMNT05_183085,LEC,2026-03-28T19:59:01+00:00,10,1137.0,-75.0,19.0,1,0.68401086299914,1
LOLTMNT05_183085,LEC,2026-03-28T19:59:01+00:00,15,2300.0,254.0,36.0,1,0.68401086299914,1
LOLTMNT05_183085,LEC,2026-03-28T19:59:01+00:00,20,4406.0,2611.0,41.0,4,0.68401086299914,1
LOLTMNT05_183085,LEC,2026-03-28T19:59:01+00:00,25,11377.0,10410.0,76.0,10,0.68401086299914,1
LOLTMNT05_183138,LEC,2026-03-29T17:57:57+00:00,10,1007.0,2343.0,35.0,1,0.660737479702521,1
LOLTMNT05_183138,LEC,2026-03-29T17:57:57+00:00,15,2387.0,4814.0,66.0,3,0.660737479702521,1
LOLTMNT05_183138,LEC,2026-03-29T17:57:57+00:00,20,6226.0,6708.0,107.0,7,0.660737479702521,1
LOLTMNT05_183138,LEC,2026-03-29T17:57:57+00:00,25,6830.0,8067.0,116.0,9,0.660737479702521,1
LOLTMNT05_183148,LEC,2026-03-29T18:50:24+00:00,10,146.0,929.0,23.0,0,0.68284794093832,1
LOLTMNT05_183148,LEC,2026-03-29T18:50:24+00:00,15,-440.0,-31.0,32.0,0,0.68284794093832,1
LOLTMNT05_183148,LEC,2026-03-29T18:50:24+00:00,20,2084.0,865.0,37.0,1,0.68284794093832,1
LOLTMNT05_183148,LEC,2026-03-29T18:50:24+00:00,25,6699.0,7104.0,59.0,4,0.68284794093832,1
LOLTMNT05_183165,LEC,2026-03-30T16:02:51+00:00,10,-935.0,77.0,9.0,-1,0.460012231588701,0
LOLTMNT05_183165,LEC,2026-03-30T16:02:51+00:00,15,-3321.0,-3187.0,6.0,-6,0.460012231588701,0
LOLTMNT05_183165,LEC,2026-03-30T16:02:51+00:00,20,-5186.0,-4358.0,-19.0,-7,0.460012231588701,0
LOLTMNT05_183165,LEC,2026-03-30T16:02:51+00:00,25,-4158.0,-6166.0,-28.0,-7,0.460012231588701,0
LOLTMNT05_184082,LEC,2026-03-28T13:10:54+00:00,10,1375.0,1158.0,3.0,3,0.491297042649721,1
LOLTMNT05_184082,LEC,2026-03-28T13:10:54+00:00,15,2079.0,2422.0,29.0,6,0.491297042649721,1
LOLTMNT05_184082,LEC,2026-03-28T13:10:54+00:00,20,1288.0,1770.0,24.0,5,0.491297042649721,1
LOLTMNT05_184082,LEC,2026-03-28T13:10:54+00:00,25,1591.0,1650.0,44.0,5,0.491297042649721,1
LOLTMNT05_184084,LEC,2026-03-28T13:59:09+00:00,10,-1446.0,-440.0,-10.0,-2,0.526796655916385,0
LOLTMNT05_184084,LEC,2026-03-28T13:59:09+00:00,15,-2412.0,1558.0,5.0,-1,0.526796655916385,0
LOLTMNT05_184084,LEC,2026-03-28T13:59:09+00:00,20,-3170.0,-363.0,-10.0,-2,0.526796655916385,0
LOLTMNT05_184084,LEC,2026-03-28T13:59:09+00:00,25,-4427.0,-1459.0,-29.0,-2,0.526796655916385,0
LOLTMNT05_184086,LEC,2026-03-28T14:52:52+00:00,10,23.0,413.0,40.0,-1,0.499084307647366,1
LOLTMNT05_184086,LEC,2026-03-28T14:52:52+00:00,15,1416.0,1981.0,78.0,0,0.499084307647366,1
LOLTMNT05_184086,LEC,2026-03-28T14:52:52+00:00,20,2386.0,2916.0,93.0,0,0.499084307647366,1
LOLTMNT05_184086,LEC,2026-03-28T14:52:52+00:00,25,2362.0,4054.0,85.0,1,0.499084307647366,1
LOLTMNT05_184096,LEC,2026-03-28T18:03:08+00:00,10,534.0,593.0,-11.0,1,0.441077940227732,0
LOLTMNT05_184096,LEC,2026-03-28T18:03:08+00:00,15,-1220.0,-1045.0,-26.0,0,0.441077940227732,0
LOLTMNT05_184096,LEC,2026-03-28T18:03:08+00:00,20,-1956.0,-1934.0,-50.0,-1,0.441077940227732,0
LOLTMNT05_184096,LEC,2026-03-28T18:03:08+00:00,25,-7170.0,-8436.0,-101.0,-7,0.441077940227732,0
LOLTMNT05_184106,LEC,2026-03-28T20:48:34+00:00,10,935.0,1284.0,3.0,3,0.70434880928112,0
LOLTMNT05_184106,LEC,2026-03-28T20:48:34+00:00,15,-1665.0,-1669.0,-1.0,-2,0.70434880928112,0
LOLTMNT05_184106,LEC,2026-03-28T20:48:34+00:00,20,105.0,212.0,9.0,0,0.70434880928112,0
LOLTMNT05_184106,LEC,2026-03-28T20:48:34+00:00,25,3291.0,7000.0,35.0,3,0.70434880928112,0
LOLTMNT05_184124,LEC,2026-03-29T15:07:54+00:00,10,1316.0,442.0,8.0,2,0.665368691386103,0
LOLTMNT05_184124,LEC,2026-03-29T15:07:54+00:00,15,3899.0,2374.0,49.0,3,0.665368691386103,0
LOLTMNT05_184124,LEC,2026-03-29T15:07:54+00:00,20,4878.0,4306.0,59.0,4,0.665368691386103,0
LOLTMNT05_184124,LEC,2026-03-29T15:07:54+00:00,25,4905.0,3339.0,77.0,4,0.665368691386103,0
LOLTMNT05_184135,LEC,2026-03-29T16:05:57+00:00,10,-284.0,-888.0,4.0,0,0.497742856663327,0
LOLTMNT05_184135,LEC,2026-03-29T16:05:57+00:00,15,-956.0,-122.0,-4.0,0,0.497742856663327,0
LOLTMNT05_184135,LEC,2026-03-29T16:05:57+00:00,20,-2989.0,-2185.0,-13.0,-4,0.497742856663327,0
LOLTMNT05_184135,LEC,2026-03-29T16:05:57+00:00,25,-7261.0,-3409.0,-43.0,-8,0.497742856663327,0
LOLTMNT05_184139,LEC,2026-03-29T17:00:07+00:00,10,-4212.0,-3856.0,-44.0,-8,0.478160577193095,0
LOLTMNT05_184139,LEC,2026-03-29T17:00:07+00:00,15,-5697.0,-5112.0,-66.0,-10,0.478160577193095,0
LOLTMNT05_184139,LEC,2026-03-29T17:00:07+00:00,20,-8196.0,-8405.0,-75.0,-13,0.478160577193095,0
LOLTMNT05_184139,LEC,2026-03-29T17:00:07+00:00,25,-8622.0,-10238.0,-58.0,-14,0.478160577193095,0
LOLTMNT05_184178,LEC,2026-03-30T15:08:27+00:00,10,216.0,-407.0,-29.0,1,0.429599592465366,1
LOLTMNT05_184178,LEC,2026-03-30T15:08:27+00:00,15,-1858.0,-1885.0,-41.0,-1,0.429599592465366,1
LOLTMNT05_184178,LEC,2026-03-30T15:08:27+00:00,20,-1827.0,-2084.0,-70.0,1,0.429599592465366,1
LOLTMNT05_184178,LEC,2026-03-30T15:08:27+00:00,25,3396.0,3975.0,-63.0,6,0.429599592465366,1
LOLTMNT05_184193,LEC,2026-03-30T17:18:47+00:00,10,-843.0,-1911.0,-47.0,0,0.408019463171899,0
LOLTMNT05_184193,LEC,2026-03-30T17:18:47+00:00,15,-2019.0,-2310.0,-66.0,0,0.408019463171899,0
LOLTMNT05_184193,LEC,2026-03-30T17:18:47+00:00,20,-6316.0,-4840.0,-79.0,-4,0.408019463171899,0
LOLTMNT05_184193,LEC,2026-03-30T17:18:47+00:00,25,-9223.0,-8709.0,-93.0,-8,0.408019463171899,0
LOLTMNT05_185066,LEC,2026-04-18T15:07:28+00:00,10,-525.0,499.0,11.0,-1,0.474968946415431,0
LOLTMNT05_185066,LEC,2026-04-18T15:07:28+00:00,15,-2566.0,-622.0,-14.0,-3,0.474968946415431,0
LOLTMNT05_185066,LEC,2026-04-18T15:07:28+00:00,20,-4971.0,-1589.0,-3.0,-8,0.474968946415431,0
LOLTMNT05_185066,LEC,2026-04-18T15:07:28+00:00,25,-8976.0,-8050.0,-15.0,-13,0.474968946415431,0
LOLTMNT05_185069,LEC,2026-04-18T16:00:49+00:00,10,337.0,560.0,-18.0,2,0.449437111845053,1
LOLTMNT05_185069,LEC,2026-04-18T16:00:49+00:00,15,1566.0,1673.0,-28.0,6,0.449437111845053,1
LOLTMNT05_185069,LEC,2026-04-18T16:00:49+00:00,20,4096.0,2622.0,-12.0,7,0.449437111845053,1
LOLTMNT05_185069,LEC,2026-04-18T16:00:49+00:00,25,6788.0,5277.0,36.0,10,0.449437111845053,1
LOLTMNT05_185072,LEC,2026-04-18T16:53:20+00:00,10,350.0,199.0,-10.0,1,0.494969273248097,1
LOLTMNT05_185072,LEC,2026-04-18T16:53:20+00:00,15,1542.0,474.0,-19.0,3,0.494969273248097,1
LOLTMNT05_185072,LEC,2026-04-18T16:53:20+00:00,20,3706.0,2693.0,1.0,6,0.494969273248097,1
LOLTMNT05_185072,LEC,2026-04-18T16:53:20+00:00,25,5080.0,3654.0,21.0,8,0.494969273248097,1
LOLTMNT05_185085,LEC,2026-04-18T17:51:56+00:00,10,1126.0,965.0,-16.0,2,0.21698679660163,0
LOLTMNT05_185085,LEC,2026-04-18T17:51:56+00:00,15,598.0,542.0,-37.0,3,0.21698679660163,0
LOLTMNT05_185085,LEC,2026-04-18T17:51:56+00:00,20,-135.0,-1318.0,-26.0,1,0.21698679660163,0
LOLTMNT05_185085,LEC,2026-04-18T17:51:56+00:00,25,-4457.0,-7375.0,-41.0,-4,0.21698679660163,0
LOLTMNT05_185104,LEC,2026-04-19T15:08:47+00:00,10,1761.0,742.0,38.0,2,0.610087864292558,1
LOLTMNT05_185104,LEC,2026-04-19T15:08:47+00:00,15,2071.0,667.0,57.0,1,0.610087864292558,1
LOLTMNT05_185104,LEC,2026-04-19T15:08:47+00:00,20,1082.0,-2191.0,29.0,-3,0.610087864292558,1
LOLTMNT05_185104,LEC,2026-04-19T15:08:47+00:00,25,1133.0,-1376.0,30.0,-2,0.610087864292558,1
LOLTMNT05_185133,LEC,2026-04-20T16:07:09+00:00,10,205.0,111.0,-2.0,1,0.89105949742716,1
LOLTMNT05_185133,LEC,2026-04-20T16:07:09+00:00,15,3482.0,3639.0,31.0,5,0.89105949742716,1
LOLTMNT05_185133,LEC,2026-04-20T16:07:09+00:00,20,2188.0,1496.0,50.0,2,0.89105949742716,1
LOLTMNT05_185133,LEC,2026-04-20T16:07:09+00:00,25,2431.0,2416.0,86.0,2,0.89105949742716,1
LOLTMNT05_185144,LEC,2026-04-20T17:18:17+00:00,10,-614.0,-1428.0,6.0,-2,0.277601764766168,0
LOLTMNT05_185144,LEC,2026-04-20T17:18:17+00:00,15,-1911.0,-2370.0,0.0,-4,0.277601764766168,0
LOLTMNT05_185144,LEC,2026-04-20T17:18:17+00:00,20,-4314.0,-3605.0,-5.0,-7,0.277601764766168,0
LOLTMNT05_185144,LEC,2026-04-20T17:18:17+00:00,25,-12157.0,-14447.0,-57.0,-15,0.277601764766168,0
LOLTMNT05_185146,LEC,2026-04-20T18:01:52+00:00,10,-519.0,-910.0,-25.0,0,0.26006365406607,0
LOLTMNT05_185146,LEC,2026-04-20T18:01:52+00:00,15,-3274.0,-3060.0,-53.0,-3,0.26006365406607,0
LOLTMNT05_185146,LEC,2026-04-20T18:01:52+00:00,20,-4118.0,-4144.0,-57.0,-4,0.26006365406607,0
LOLTMNT05_185146,LEC,2026-04-20T18:01:52+00:00,25,-4320.0,-5336.0,-56.0,-5,0.26006365406607,0
LOLTMNT05_185400,LCK,2026-04-24T08:07:08+00:00,10,-1809.0,-987.0,-11.0,-3,0.407523115192221,0
LOLTMNT05_185400,LCK,2026-04-24T08:07:08+00:00,15,-2798.0,-1460.0,-39.0,-4,0.407523115192221,0
LOLTMNT05_185400,LCK,2026-04-24T08:07:08+00:00,20,-3578.0,-1914.0,-26.0,-5,0.407523115192221,0
LOLTMNT05_185400,LCK,2026-04-24T08:07:08+00:00,25,-203.0,2127.0,15.0,-3,0.407523115192221,0
LOLTMNT05_185401,LCK,2026-04-24T09:15:07+00:00,10,-2009.0,-444.0,-24.0,-3,0.393083982567922,0
LOLTMNT05_185401,LCK,2026-04-24T09:15:07+00:00,15,-6289.0,-4011.0,-55.0,-8,0.393083982567922,0
LOLTMNT05_185401,LCK,2026-04-24T09:15:07+00:00,20,-3658.0,-1156.0,-50.0,-7,0.393083982567922,0
LOLTMNT05_185401,LCK,2026-04-24T09:15:07+00:00,25,-1771.0,1224.0,-50.0,-5,0.393083982567922,0
LOLTMNT05_185414,LCK,2026-04-24T11:29:42+00:00,10,-205.0,-11.0,30.0,-2,0.896420896307063,1
LOLTMNT05_185414,LCK,2026-04-24T11:29:42+00:00,15,851.0,951.0,85.0,-3,0.896420896307063,1
LOLTMNT05_185414,LCK,2026-04-24T11:29:42+00:00,20,5688.0,2372.0,93.0,1,0.896420896307063,1
LOLTMNT05_185414,LCK,2026-04-24T11:29:42+00:00,25,9487.0,5875.0,82.0,3,0.896420896307063,1
LOLTMNT05_185468,LEC,2026-04-24T17:45:31+00:00,10,1176.0,624.0,-2.0,3,0.3603109945147456,0
LOLTMNT05_185468,LEC,2026-04-24T17:45:31+00:00,15,1449.0,1127.0,6.0,2,0.3603109945147456,0
LOLTMNT05_185468,LEC,2026-04-24T17:45:31+00:00,20,-214.0,-777.0,-1.0,0,0.3603109945147456,0
LOLTMNT05_185468,LEC,2026-04-24T17:45:31+00:00,25,-4981.0,-5094.0,-15.0,-6,0.3603109945147456,0
LOLTMNT05_185471,LEC,2026-04-24T18:49:39+00:00,10,199.0,1067.0,-17.0,1,0.329819399165019,0
LOLTMNT05_185471,LEC,2026-04-24T18:49:39+00:00,15,1124.0,1021.0,-22.0,2,0.329819399165019,0
LOLTMNT05_185471,LEC,2026-04-24T18:49:39+00:00,20,749.0,1049.0,-25.0,2,0.329819399165019,0
LOLTMNT05_185471,LEC,2026-04-24T18:49:39+00:00,25,378.0,204.0,-42.0,2,0.329819399165019,0
LOLTMNT05_185498,LCK,2026-04-25T10:52:42+00:00,10,1516.0,51.0,-24.0,3,0.783142429110999,1
LOLTMNT05_185498,LCK,2026-04-25T10:52:42+00:00,15,3828.0,2078.0,-2.0,5,0.783142429110999,1
LOLTMNT05_185498,LCK,2026-04-25T10:52:42+00:00,20,6246.0,3686.0,19.0,6,0.783142429110999,1
LOLTMNT05_185498,LCK,2026-04-25T10:52:42+00:00,25,7192.0,6159.0,31.0,6,0.783142429110999,1
LOLTMNT05_185506,LCK,2026-04-25T11:43:02+00:00,10,237.0,345.0,9.0,0,0.7911831956817,1
LOLTMNT05_185506,LCK,2026-04-25T11:43:02+00:00,15,-211.0,121.0,13.0,0,0.7911831956817,1
LOLTMNT05_185506,LCK,2026-04-25T11:43:02+00:00,20,3105.0,3738.0,40.0,4,0.7911831956817,1
LOLTMNT05_185506,LCK,2026-04-25T11:43:02+00:00,25,4081.0,3381.0,65.0,3,0.7911831956817,1
LOLTMNT05_185529,LEC,2026-04-25T17:25:47+00:00,10,105.0,1287.0,39.0,-1,0.618193539793541,1
LOLTMNT05_185529,LEC,2026-04-25T17:25:47+00:00,15,-240.0,1230.0,54.0,-3,0.618193539793541,1
LOLTMNT05_185529,LEC,2026-04-25T17:25:47+00:00,20,-719.0,37.0,38.0,-3,0.618193539793541,1
LOLTMNT05_185529,LEC,2026-04-25T17:25:47+00:00,25,2617.0,5341.0,54.0,0,0.618193539793541,1
LOLTMNT05_185539,LEC,2026-04-25T18:46:53+00:00,10,1307.0,2144.0,22.0,2,0.831171204704378,1
LOLTMNT05_185539,LEC,2026-04-25T18:46:53+00:00,15,3519.0,4183.0,45.0,5,0.831171204704378,1
LOLTMNT05_185539,LEC,2026-04-25T18:46:53+00:00,20,8672.0,8060.0,86.0,9,0.831171204704378,1
LOLTMNT05_185539,LEC,2026-04-25T18:46:53+00:00,25,9731.0,10889.0,89.0,11,0.831171204704378,1
LOLTMNT05_185540,LEC,2026-04-25T20:46:35+00:00,10,-887.0,370.0,-14.0,-1,0.839556195705793,1
LOLTMNT05_185540,LEC,2026-04-25T20:46:35+00:00,15,-308.0,92.0,-20.0,-1,0.839556195705793,1
LOLTMNT05_185540,LEC,2026-04-25T20:46:35+00:00,20,3060.0,2385.0,-13.0,4,0.839556195705793,1
LOLTMNT05_185540,LEC,2026-04-25T20:46:35+00:00,25,2700.0,1480.0,-24.0,4,0.839556195705793,1
LOLTMNT05_185559,LCK,2026-04-26T10:15:14+00:00,10,-430.0,288.0,8.0,-1,0.198626968105934,0
LOLTMNT05_185559,LCK,2026-04-26T10:15:14+00:00,15,-908.0,-330.0,11.0,-3,0.198626968105934,0
LOLTMNT05_185559,LCK,2026-04-26T10:15:14+00:00,20,-411.0,-1436.0,19.0,-6,0.198626968105934,0
LOLTMNT05_185559,LCK,2026-04-26T10:15:14+00:00,25,-5515.0,-9159.0,-17.0,-10,0.198626968105934,0
LOLTMNT05_185563,LCK,2026-04-26T11:09:55+00:00,10,-2167.0,-588.0,-43.0,0,0.194681903039076,0
LOLTMNT05_185563,LCK,2026-04-26T11:09:55+00:00,15,-3841.0,-1330.0,-53.0,-1,0.194681903039076,0
LOLTMNT05_185563,LCK,2026-04-26T11:09:55+00:00,20,-6648.0,-2903.0,-96.0,-2,0.194681903039076,0
LOLTMNT05_185563,LCK,2026-04-26T11:09:55+00:00,25,-12456.0,-12286.0,-167.0,-8,0.194681903039076,0
LOLTMNT05_185596,LEC,2026-04-26T15:15:52+00:00,10,71.0,-291.0,-22.0,1,0.6969469274487986,1
LOLTMNT05_185596,LEC,2026-04-26T15:15:52+00:00,15,1877.0,1356.0,-1.0,4,0.6969469274487986,1
LOLTMNT05_185596,LEC,2026-04-26T15:15:52+00:00,20,982.0,-765.0,19.0,1,0.6969469274487986,1
LOLTMNT05_185596,LEC,2026-04-26T15:15:52+00:00,25,1391.0,2164.0,30.0,0,0.6969469274487986,1
LOLTMNT05_185599,LEC,2026-04-26T16:25:18+00:00,10,-1375.0,-1027.0,-32.0,-1,0.728193054263021,0
LOLTMNT05_185599,LEC,2026-04-26T16:25:18+00:00,15,-2058.0,-562.0,-31.0,-2,0.728193054263021,0
LOLTMNT05_185599,LEC,2026-04-26T16:25:18+00:00,20,-8338.0,-5549.0,-47.0,-9,0.728193054263021,0
LOLTMNT05_185599,LEC,2026-04-26T16:25:18+00:00,25,-8776.0,-6477.0,-39.0,-9,0.728193054263021,0
LOLTMNT05_185611,LEC,2026-04-26T18:35:23+00:00,10,-1413.0,658.0,15.0,-4,0.730540769814646,0
LOLTMNT05_185611,LEC,2026-04-26T18:35:23+00:00,15,-3576.0,-1468.0,12.0,-7,0.730540769814646,0
LOLTMNT05_185611,LEC,2026-04-26T18:35:23+00:00,20,-3473.0,-1901.0,0.0,-9,0.730540769814646,0
LOLTMNT05_185611,LEC,2026-04-26T18:35:23+00:00,25,-1487.0,-2191.0,7.0,-8,0.730540769814646,0
LOLTMNT05_185612,LEC,2026-04-26T19:35:08+00:00,10,-1716.0,47.0,-1.0,-4,0.700095526891253,1
LOLTMNT05_185612,LEC,2026-04-26T19:35:08+00:00,15,-1796.0,-309.0,8.0,-4,0.700095526891253,1
LOLTMNT05_185612,LEC,2026-04-26T19:35:08+00:00,20,-1523.0,-464.0,26.0,-6,0.700095526891253,1
LOLTMNT05_185612,LEC,2026-04-26T19:35:08+00:00,25,2281.0,6306.0,91.0,-5,0.700095526891253,1
LOLTMNT05_185613,LEC,2026-04-26T20:41:34+00:00,10,-551.0,-7.0,-4.0,0,0.411066396572592,0
LOLTMNT05_185613,LEC,2026-04-26T20:41:34+00:00,15,-1862.0,-1048.0,-34.0,0,0.411066396572592,0
LOLTMNT05_185613,LEC,2026-04-26T20:41:34+00:00,20,-3487.0,-2957.0,-59.0,-1,0.411066396572592,0
LOLTMNT05_185613,LEC,2026-04-26T20:41:34+00:00,25,-6811.0,-7356.0,-65.0,-5,0.411066396572592,0
LOLTMNT05_185683,EWC,2026-04-28T15:51:19+00:00,10,-2031.0,-273.0,-12.0,-4,0.7822244903411452,1
LOLTMNT05_185683,EWC,2026-04-28T15:51:19+00:00,15,724.0,3132.0,14.0,0,0.7822244903411452,1
LOLTMNT05_185683,EWC,2026-04-28T15:51:19+00:00,20,764.0,4949.0,7.0,0,0.7822244903411452,1
LOLTMNT05_185683,EWC,2026-04-28T15:51:19+00:00,25,-1964.0,-1160.0,-19.0,-2,0.7822244903411452,1
LOLTMNT05_185700,EWC,2026-04-28T17:16:54+00:00,10,-919.0,-390.0,7.0,-1,0.6320802182925195,1
LOLTMNT05_185700,EWC,2026-04-28T17:16:54+00:00,15,-2734.0,-3244.0,-34.0,-2,0.6320802182925195,1
LOLTMNT05_185700,EWC,2026-04-28T17:16:54+00:00,20,-2098.0,-1819.0,-27.0,-1,0.6320802182925195,1
LOLTMNT05_185700,EWC,2026-04-28T17:16:54+00:00,25,2729.0,5056.0,-29.0,7,0.6320802182925195,1
LOLTMNT05_185757,LCK,2026-04-29T08:05:12+00:00,10,-1080.0,-559.0,-16.0,-1,0.292221815362772,0
LOLTMNT05_185757,LCK,2026-04-29T08:05:12+00:00,15,-2612.0,-1731.0,-25.0,-3,0.292221815362772,0
LOLTMNT05_185757,LCK,2026-04-29T08:05:12+00:00,20,-4787.0,-4018.0,-39.0,-6,0.292221815362772,0
LOLTMNT05_185757,LCK,2026-04-29T08:05:12+00:00,25,-9075.0,-9415.0,-86.0,-10,0.292221815362772,0
LOLTMNT05_185758,LCK,2026-04-29T08:56:14+00:00,10,618.0,-428.0,15.0,0,0.820154890873974,1
LOLTMNT05_185758,LCK,2026-04-29T08:56:14+00:00,15,2044.0,-211.0,-2.0,2,0.820154890873974,1
LOLTMNT05_185758,LCK,2026-04-29T08:56:14+00:00,20,5807.0,2507.0,17.0,5,0.820154890873974,1
LOLTMNT05_185758,LCK,2026-04-29T08:56:14+00:00,25,7475.0,5116.0,30.0,6,0.820154890873974,1
LOLTMNT05_185774,LCK,2026-04-29T10:15:19+00:00,10,-6.0,-443.0,9.0,0,0.430341983391372,0
LOLTMNT05_185774,LCK,2026-04-29T10:15:19+00:00,15,-626.0,-2259.0,-4.0,-1,0.430341983391372,0
LOLTMNT05_185774,LCK,2026-04-29T10:15:19+00:00,20,-873.0,-2285.0,-11.0,-1,0.430341983391372,0
LOLTMNT05_185774,LCK,2026-04-29T10:15:19+00:00,25,-2861.0,-5407.0,-9.0,-3,0.430341983391372,0
LOLTMNT05_185776,LCK,2026-04-29T11:07:22+00:00,10,1432.0,1062.0,-13.0,4,0.71765159631243,1
LOLTMNT05_185776,LCK,2026-04-29T11:07:22+00:00,15,3026.0,594.0,6.0,4,0.71765159631243,1
LOLTMNT05_185776,LCK,2026-04-29T11:07:22+00:00,20,5236.0,1922.0,0.0,7,0.71765159631243,1
LOLTMNT05_185776,LCK,2026-04-29T11:07:22+00:00,25,6798.0,2813.0,47.0,8,0.71765159631243,1
LOLTMNT05_185795,EWC,2026-04-29T15:01:23+00:00,10,-372.0,-84.0,7.0,-1,0.5531920011492457,1
LOLTMNT05_185795,EWC,2026-04-29T15:01:23+00:00,15,975.0,-130.0,5.0,2,0.5531920011492457,1
LOLTMNT05_185795,EWC,2026-04-29T15:01:23+00:00,20,1468.0,-1922.0,-6.0,2,0.5531920011492457,1
LOLTMNT05_185795,EWC,2026-04-29T15:01:23+00:00,25,4940.0,6826.0,21.0,6,0.5531920011492457,1
LOLTMNT05_185804,EWC,2026-04-29T15:52:17+00:00,10,-1115.0,182.0,-2.0,-2,0.7050867566287313,1
LOLTMNT05_185804,EWC,2026-04-29T15:52:17+00:00,15,-1584.0,108.0,-22.0,-2,0.7050867566287313,1
LOLTMNT05_185804,EWC,2026-04-29T15:52:17+00:00,20,-913.0,-1516.0,-29.0,-2,0.7050867566287313,1
LOLTMNT05_185804,EWC,2026-04-29T15:52:17+00:00,25,779.0,5289.0,-27.0,0,0.7050867566287313,1
LOLTMNT05_185805,EWC,2026-04-29T16:02:27+00:00,10,2419.0,1035.0,20.0,3,0.5531920011492457,1
LOLTMNT05_185805,EWC,2026-04-29T16:02:27+00:00,15,2035.0,-966.0,-13.0,1,0.5531920011492457,1
LOLTMNT05_185805,EWC,2026-04-29T16:02:27+00:00,20,3950.0,1759.0,-3.0,4,0.5531920011492457,1
LOLTMNT05_185805,EWC,2026-04-29T16:02:27+00:00,25,10775.0,9709.0,36.0,10,0.5531920011492457,1
LOLTMNT05_185811,EWC,2026-04-29T16:53:51+00:00,10,-215.0,-395.0,14.0,-1,0.1967499144134902,0
LOLTMNT05_185811,EWC,2026-04-29T16:53:51+00:00,15,-510.0,-1321.0,-6.0,-1,0.1967499144134902,0
LOLTMNT05_185811,EWC,2026-04-29T16:53:51+00:00,20,-4859.0,-3813.0,-1.0,-5,0.1967499144134902,0
LOLTMNT05_185811,EWC,2026-04-29T16:53:51+00:00,25,-6185.0,-5687.0,-16.0,-7,0.1967499144134902,0
LOLTMNT05_185812,EWC,2026-04-29T16:56:07+00:00,10,678.0,-614.0,-27.0,1,0.649442695372958,1
LOLTMNT05_185812,EWC,2026-04-29T16:56:07+00:00,15,2295.0,-591.0,-7.0,0,0.649442695372958,1
LOLTMNT05_185812,EWC,2026-04-29T16:56:07+00:00,20,3023.0,129.0,-17.0,1,0.649442695372958,1
LOLTMNT05_185812,EWC,2026-04-29T16:56:07+00:00,25,5297.0,2383.0,4.0,4,0.649442695372958,1
LOLTMNT05_186054,LEC,2026-04-18T18:51:00+00:00,10,546.0,454.0,-9.0,1,0.871001079869285,1
LOLTMNT05_186054,LEC,2026-04-18T18:51:00+00:00,15,1768.0,2414.0,14.0,4,0.871001079869285,1
LOLTMNT05_186054,LEC,2026-04-18T18:51:00+00:00,20,1340.0,2607.0,14.0,3,0.871001079869285,1
LOLTMNT05_186054,LEC,2026-04-18T18:51:00+00:00,25,4820.0,4958.0,-21.0,6,0.871001079869285,1
LOLTMNT05_186068,LEC,2026-04-19T16:01:53+00:00,10,930.0,1061.0,16.0,1,0.639219517430272,1
LOLTMNT05_186068,LEC,2026-04-19T16:01:53+00:00,15,3125.0,1670.0,33.0,2,0.639219517430272,1
LOLTMNT05_186068,LEC,2026-04-19T16:01:53+00:00,20,4145.0,1536.0,64.0,1,0.639219517430272,1
LOLTMNT05_186068,LEC,2026-04-19T16:01:53+00:00,25,8456.0,7101.0,88.0,4,0.639219517430272,1
LOLTMNT05_186082,LEC,2026-04-19T16:58:43+00:00,10,1634.0,1101.0,50.0,0,0.727867283037962,1
LOLTMNT05_186082,LEC,2026-04-19T16:58:43+00:00,15,3766.0,2528.0,82.0,1,0.727867283037962,1
LOLTMNT05_186082,LEC,2026-04-19T16:58:43+00:00,20,5209.0,2729.0,82.0,2,0.727867283037962,1
LOLTMNT05_186082,LEC,2026-04-19T16:58:43+00:00,25,5905.0,2021.0,107.0,1,0.727867283037962,1
LOLTMNT05_186083,LEC,2026-04-19T17:50:34+00:00,10,1339.0,1186.0,46.0,0,0.749004333236446,1
LOLTMNT05_186083,LEC,2026-04-19T17:50:34+00:00,15,-332.0,-1106.0,22.0,-3,0.749004333236446,1
LOLTMNT05_186083,LEC,2026-04-19T17:50:34+00:00,20,2782.0,2544.0,30.0,-1,0.749004333236446,1
LOLTMNT05_186083,LEC,2026-04-19T17:50:34+00:00,25,6535.0,5229.0,100.0,-1,0.749004333236446,1
LOLTMNT05_186098,LEC,2026-04-20T15:08:33+00:00,10,510.0,652.0,19.0,0,0.838309863899066,1
LOLTMNT05_186098,LEC,2026-04-20T15:08:33+00:00,15,261.0,430.0,38.0,-1,0.838309863899066,1
LOLTMNT05_186098,LEC,2026-04-20T15:08:33+00:00,20,-1336.0,-738.0,32.0,-3,0.838309863899066,1
LOLTMNT05_186098,LEC,2026-04-20T15:08:33+00:00,25,-2429.0,-1902.0,75.0,-5,0.838309863899066,1
LOLTMNT05_186248,LCK,2026-04-23T08:05:27+00:00,10,-495.0,127.0,3.0,0,0.326644240442988,0
LOLTMNT05_186248,LCK,2026-04-23T08:05:27+00:00,15,-155.0,1456.0,21.0,0,0.326644240442988,0
LOLTMNT05_186248,LCK,2026-04-23T08:05:27+00:00,20,-31.0,2234.0,-11.0,1,0.326644240442988,0
LOLTMNT05_186248,LCK,2026-04-23T08:05:27+00:00,25,94.0,3225.0,1.0,0,0.326644240442988,0
LOLTMNT05_186249,LCK,2026-04-23T09:03:37+00:00,10,4129.0,2540.0,67.0,4,0.798674028569139,1
LOLTMNT05_186249,LCK,2026-04-23T09:03:37+00:00,15,7115.0,3316.0,79.0,6,0.798674028569139,1
LOLTMNT05_186249,LCK,2026-04-23T09:03:37+00:00,20,12807.0,7753.0,134.0,12,0.798674028569139,1
LOLTMNT05_186249,LCK,2026-04-23T09:03:37+00:00,25,15167.0,6876.0,139.0,12,0.798674028569139,1
LOLTMNT05_186273,LCK,2026-04-23T10:15:14+00:00,10,-926.0,-510.0,-8.0,-2,0.14284717578029,0
LOLTMNT05_186273,LCK,2026-04-23T10:15:14+00:00,15,-728.0,-511.0,-8.0,-1,0.14284717578029,0
LOLTMNT05_186273,LCK,2026-04-23T10:15:14+00:00,20,-1570.0,-730.0,-12.0,-1,0.14284717578029,0
LOLTMNT05_186273,LCK,2026-04-23T10:15:14+00:00,25,-5435.0,-1132.0,-12.0,-3,0.14284717578029,0
LOLTMNT05_186277,LCK,2026-04-23T11:13:51+00:00,10,1500.0,1477.0,29.0,2,0.91695696546251,1
LOLTMNT05_186277,LCK,2026-04-23T11:13:51+00:00,15,1725.0,-259.0,18.0,1,0.91695696546251,1
LOLTMNT05_186277,LCK,2026-04-23T11:13:51+00:00,20,2886.0,1233.0,42.0,2,0.91695696546251,1
LOLTMNT05_186277,LCK,2026-04-23T11:13:51+00:00,25,9843.0,9818.0,73.0,9,0.91695696546251,1
LOLTMNT05_186436,LCK,2026-04-24T10:32:53+00:00,10,225.0,626.0,-8.0,0,0.176221620553699,0
LOLTMNT05_186436,LCK,2026-04-24T10:32:53+00:00,15,-755.0,-712.0,-27.0,-1,0.176221620553699,0
LOLTMNT05_186436,LCK,2026-04-24T10:32:53+00:00,20,-2511.0,-390.0,-21.0,-3,0.176221620553699,0
LOLTMNT05_186436,LCK,2026-04-24T10:32:53+00:00,25,-1974.0,-2150.0,21.0,-3,0.176221620553699,0
LOLTMNT05_186470,LEC,2026-04-24T15:13:43+00:00,10,-605.0,-1306.0,-14.0,-2,0.468707283065832,0
LOLTMNT05_186470,LEC,2026-04-24T15:13:43+00:00,15,2577.0,739.0,3.0,2,0.468707283065832,0
LOLTMNT05_186470,LEC,2026-04-24T15:13:43+00:00,20,3556.0,1340.0,15.0,2,0.468707283065832,0
LOLTMNT05_186470,LEC,2026-04-24T15:13:43+00:00,25,2030.0,-8.0,12.0,1,0.468707283065832,0
LOLTMNT05_186480,LEC,2026-04-24T16:30:41+00:00,10,378.0,49.0,3.0,-1,0.447181862173357,0
LOLTMNT05_186480,LEC,2026-04-24T16:30:41+00:00,15,1764.0,35.0,16.0,-1,0.447181862173357,0
LOLTMNT05_186480,LEC,2026-04-24T16:30:41+00:00,20,2579.0,1437.0,29.0,-1,0.447181862173357,0
LOLTMNT05_186480,LEC,2026-04-24T16:30:41+00:00,25,167.0,-297.0,18.0,-3,0.447181862173357,0
LOLTMNT05_186550,LEC,2026-04-25T15:17:05+00:00,10,637.0,708.0,8.0,0,0.641554089306379,0
LOLTMNT05_186550,LEC,2026-04-25T15:17:05+00:00,15,1817.0,1905.0,18.0,0,0.641554089306379,0
LOLTMNT05_186550,LEC,2026-04-25T15:17:05+00:00,20,1725.0,516.0,-10.0,0,0.641554089306379,0
LOLTMNT05_186550,LEC,2026-04-25T15:17:05+00:00,25,5125.0,5995.0,-2.0,4,0.641554089306379,0
LOLTMNT05_186551,LEC,2026-04-25T16:20:19+00:00,10,948.0,1549.0,34.0,0,0.58180905738289,1
LOLTMNT05_186551,LEC,2026-04-25T16:20:19+00:00,15,2039.0,2408.0,34.0,1,0.58180905738289,1
LOLTMNT05_186551,LEC,2026-04-25T16:20:19+00:00,20,3054.0,2325.0,42.0,1,0.58180905738289,1
LOLTMNT05_186551,LEC,2026-04-25T16:20:19+00:00,25,7403.0,7211.0,52.0,5,0.58180905738289,1
LOLTMNT05_186562,LEC,2026-04-25T19:39:22+00:00,10,319.0,687.0,25.0,-1,0.185677570776364,1
LOLTMNT05_186562,LEC,2026-04-25T19:39:22+00:00,15,1119.0,-507.0,18.0,-1,0.185677570776364,1
LOLTMNT05_186562,LEC,2026-04-25T19:39:22+00:00,20,1829.0,484.0,9.0,-1,0.185677570776364,1
LOLTMNT05_186562,LEC,2026-04-25T19:39:22+00:00,25,2990.0,5242.0,16.0,-1,0.185677570776364,1
LOLTMNT05_186617,LEC,2026-04-26T17:21:11+00:00,10,994.0,62.0,-21.0,2,0.70618184084954,1
LOLTMNT05_186617,LEC,2026-04-26T17:21:11+00:00,15,3308.0,1755.0,0.0,4,0.70618184084954,1
LOLTMNT05_186617,LEC,2026-04-26T17:21:11+00:00,20,6029.0,4285.0,30.0,5,0.70618184084954,1
LOLTMNT05_186617,LEC,2026-04-26T17:21:11+00:00,25,6802.0,5824.0,42.0,6,0.70618184084954,1
LOLTMNT05_186701,EWC,2026-04-28T15:02:09+00:00,10,41.0,-843.0,-17.0,1,0.2177755096588548,0
LOLTMNT05_186701,EWC,2026-04-28T15:02:09+00:00,15,-1801.0,-3074.0,-24.0,-2,0.2177755096588548,0
LOLTMNT05_186701,EWC,2026-04-28T15:02:09+00:00,20,-5420.0,-5740.0,-44.0,-5,0.2177755096588548,0
LOLTMNT05_186701,EWC,2026-04-28T15:02:09+00:00,25,-8645.0,-11345.0,-67.0,-9,0.2177755096588548,0
LOLTMNT05_186703,EWC,2026-04-28T15:16:33+00:00,10,232.0,1111.0,3.0,0,0.6320802182925195,1
LOLTMNT05_186703,EWC,2026-04-28T15:16:33+00:00,15,1379.0,2563.0,-1.0,2,0.6320802182925195,1
LOLTMNT05_186703,EWC,2026-04-28T15:16:33+00:00,20,3323.0,2714.0,16.0,3,0.6320802182925195,1
LOLTMNT05_186703,EWC,2026-04-28T15:16:33+00:00,25,7373.0,6062.0,45.0,6,0.6320802182925195,1
LOLTMNT05_186726,EWC,2026-04-28T16:07:46+00:00,10,945.0,1452.0,33.0,0,0.3679197817074805,1
LOLTMNT05_186726,EWC,2026-04-28T16:07:46+00:00,15,2293.0,2045.0,48.0,0,0.3679197817074805,1
LOLTMNT05_186726,EWC,2026-04-28T16:07:46+00:00,20,4554.0,5256.0,46.0,2,0.3679197817074805,1
LOLTMNT05_186726,EWC,2026-04-28T16:07:46+00:00,25,5834.0,4783.0,44.0,3,0.3679197817074805,1
LOLTMNT05_186793,EWC,2026-04-29T15:03:39+00:00,10,-252.0,-395.0,-21.0,1,0.2949132433712687,0
LOLTMNT05_186793,EWC,2026-04-29T15:03:39+00:00,15,-1066.0,-1711.0,-32.0,0,0.2949132433712687,0
LOLTMNT05_186793,EWC,2026-04-29T15:03:39+00:00,20,-4571.0,-4520.0,-100.0,-3,0.2949132433712687,0
LOLTMNT05_186793,EWC,2026-04-29T15:03:39+00:00,25,-6071.0,-7265.0,-86.0,-4,0.2949132433712687,0
LOLTMNT05_186818,EWC,2026-04-29T17:45:50+00:00,10,-377.0,-1188.0,-37.0,1,0.1967499144134902,0
LOLTMNT05_186818,EWC,2026-04-29T17:45:50+00:00,15,-198.0,-1565.0,-46.0,2,0.1967499144134902,0
LOLTMNT05_186818,EWC,2026-04-29T17:45:50+00:00,20,-2235.0,-2332.0,-65.0,2,0.1967499144134902,0
LOLTMNT05_186818,EWC,2026-04-29T17:45:50+00:00,25,-185.0,203.0,-83.0,5,0.1967499144134902,0
LOLTMNT05_186819,EWC,2026-04-29T17:48:26+00:00,10,414.0,475.0,1.0,0,0.649442695372958,0
LOLTMNT05_186819,EWC,2026-04-29T17:48:26+00:00,15,-751.0,-1026.0,-19.0,-2,0.649442695372958,0
LOLTMNT05_186819,EWC,2026-04-29T17:48:26+00:00,20,-581.0,-1518.0,-4.0,-3,0.649442695372958,0
LOLTMNT05_186819,EWC,2026-04-29T17:48:26+00:00,25,-1251.0,1850.0,-6.0,-5,0.649442695372958,0
LOLTMNT05_186823,EWC,2026-04-29T18:43:41+00:00,10,2480.0,1089.0,20.0,3,0.350557304627042,0
LOLTMNT05_186823,EWC,2026-04-29T18:43:41+00:00,15,4468.0,1807.0,47.0,3,0.350557304627042,0
LOLTMNT05_186823,EWC,2026-04-29T18:43:41+00:00,20,4348.0,316.0,50.0,2,0.350557304627042,0
LOLTMNT05_186823,EWC,2026-04-29T18:43:41+00:00,25,7535.0,1685.0,91.0,3,0.350557304627042,0
LOLTMNT05_187042,EWC,2026-04-30T15:04:33+00:00,10,2356.0,1999.0,32.0,3,0.560334172264767,1
LOLTMNT05_187042,EWC,2026-04-30T15:04:33+00:00,15,6343.0,4985.0,41.0,10,0.560334172264767,1
LOLTMNT05_187042,EWC,2026-04-30T15:04:33+00:00,20,11215.0,9770.0,80.0,15,0.560334172264767,1
LOLTMNT05_187052,EWC,2026-04-30T15:46:19+00:00,10,1019.0,-74.0,11.0,1,0.560334172264767,1
LOLTMNT05_187052,EWC,2026-04-30T15:46:19+00:00,15,1697.0,-1051.0,5.0,1,0.560334172264767,1
LOLTMNT05_187052,EWC,2026-04-30T15:46:19+00:00,20,898.0,-103.0,1.0,1,0.560334172264767,1
LOLTMNT05_187052,EWC,2026-04-30T15:46:19+00:00,25,5314.0,5086.0,9.0,4,0.560334172264767,1
LOLTMNT05_187067,EWC,2026-04-30T16:48:08+00:00,10,-332.0,-532.0,11.0,-1,0.4242572896519807,1
LOLTMNT05_187067,EWC,2026-04-30T16:48:08+00:00,15,1159.0,3013.0,57.0,-1,0.4242572896519807,1
LOLTMNT05_187067,EWC,2026-04-30T16:48:08+00:00,20,-39.0,931.0,24.0,-1,0.4242572896519807,1
LOLTMNT05_187067,EWC,2026-04-30T16:48:08+00:00,25,-2904.0,-1628.0,2.0,-4,0.4242572896519807,1
LOLTMNT05_187088,EWC,2026-04-30T17:52:05+00:00,10,-178.0,-324.0,13.0,-2,0.4242572896519807,1
LOLTMNT05_187088,EWC,2026-04-30T17:52:05+00:00,15,254.0,-184.0,27.0,-2,0.4242572896519807,1
LOLTMNT05_187088,EWC,2026-04-30T17:52:05+00:00,20,1062.0,-2655.0,-14.0,1,0.4242572896519807,1
LOLTMNT05_187088,EWC,2026-04-30T17:52:05+00:00,25,2292.0,2435.0,0.0,1,0.4242572896519807,1
LOLTMNT05_187089,EWC,2026-04-30T18:01:57+00:00,10,-915.0,-11.0,46.0,-4,0.3347379134115205,0
LOLTMNT05_187089,EWC,2026-04-30T18:01:57+00:00,15,-854.0,-62.0,54.0,-3,0.3347379134115205,0
LOLTMNT05_187089,EWC,2026-04-30T18:01:57+00:00,20,-2493.0,-1001.0,31.0,-4,0.3347379134115205,0
LOLTMNT05_187089,EWC,2026-04-30T18:01:57+00:00,25,-9261.0,-7495.0,4.0,-9,0.3347379134115205,0
LOLTMNT05_188051,EWC,2026-04-30T17:05:14+00:00,10,683.0,414.0,-5.0,1,0.3347379134115205,0
LOLTMNT05_188051,EWC,2026-04-30T17:05:14+00:00,15,-630.0,-702.0,-32.0,0,0.3347379134115205,0
LOLTMNT05_188051,EWC,2026-04-30T17:05:14+00:00,20,-1386.0,-1295.0,-44.0,0,0.3347379134115205,0
LOLTMNT05_188051,EWC,2026-04-30T17:05:14+00:00,25,-1090.0,-1926.0,-26.0,0,0.3347379134115205,0
