league,page_num,source_url,date_header,match_date,year,team1_raw,team2_raw,team1,team2,series_score,score1,score2,odd1_decimal,odd2_decimal,implied_prob1_vigfree,implied_prob2_vigfree
LCK,1,https://www.oddsportal.com/esports/league-of-legends/league-of-legends-lck-2024/results/,14 Sep 2024 - Regional Finals,2024-09-14,2024,T1,KT Rolster,T1,KT Rolster,3-2,3,2,1.36,3.27,0.706263,0.293737
LCK,1,https://www.oddsportal.com/esports/league-of-legends/league-of-legends-lck-2024/results/,13 Sep 2024 - Regional Finals,2024-09-13,2024,KT Rolster,FearX,KT Rolster,BNK FEARX,3-0,3,0,1.3,3.58,0.733607,0.266393
LCK,1,https://www.oddsportal.com/esports/league-of-legends/league-of-legends-lck-2024/results/,12 Sep 2024 - Regional Finals,2024-09-12,2024,T1,Dplus Kia,T1,Dplus Kia,2-3,2,3,1.29,4.33,0.770463,0.229537
LCK,1,https://www.oddsportal.com/esports/league-of-legends/league-of-legends-lck-2024/results/,08 Sep 2024 - Summer - Play offs,2024-09-08,2024,Gen.G,Hanwha Life,Gen.G,Hanwha Life Esports,2-3,2,3,1.15,4.8,0.806723,0.193277
LCK,1,https://www.oddsportal.com/esports/league-of-legends/league-of-legends-lck-2024/results/,07 Sep 2024 - Summer - Play offs,2024-09-07,2024,Hanwha Life,T1,Hanwha Life Esports,T1,3-1,3,1,1.57,2.5,0.614251,0.385749
LCK,1,https://www.oddsportal.com/esports/league-of-legends/league-of-legends-lck-2024/results/,01 Sep 2024 - Summer - Play offs,2024-09-01,2024,Dplus Kia,T1,Dplus Kia,T1,1-3,1,3,2.5,1.61,0.391727,0.608273
LCK,1,https://www.oddsportal.com/esports/league-of-legends/league-of-legends-lck-2024/results/,31 Aug 2024 - Summer - Play offs,2024-08-31,2024,Gen.G,Hanwha Life,Gen.G,Hanwha Life Esports,3-1,3,1,1.22,4.51,0.787086,0.212914
LCK,1,https://www.oddsportal.com/esports/league-of-legends/league-of-legends-lck-2024/results/,29 Aug 2024 - Summer - Play offs,2024-08-29,2024,Hanwha Life,T1,Hanwha Life Esports,T1,3-0,3,0,1.72,2.27,0.568922,0.431078
LCK,1,https://www.oddsportal.com/esports/league-of-legends/league-of-legends-lck-2024/results/,28 Aug 2024 - Summer - Play offs,2024-08-28,2024,Gen.G,Dplus Kia,Gen.G,Dplus Kia,3-0,3,0,1.13,6.64,0.854569,0.145431
LCK,1,https://www.oddsportal.com/esports/league-of-legends/league-of-legends-lck-2024/results/,24 Aug 2024 - Summer - Play offs,2024-08-24,2024,T1,KT Rolster,T1,KT Rolster,3-1,3,1,1.31,3.57,0.731557,0.268443
LCK,1,https://www.oddsportal.com/esports/league-of-legends/league-of-legends-lck-2024/results/,23 Aug 2024 - Summer - Play offs,2024-08-23,2024,Dplus Kia,FearX,Dplus Kia,BNK FEARX,3-1,3,1,1.15,6.15,0.842466,0.157534
LCK,1,https://www.oddsportal.com/esports/league-of-legends/league-of-legends-lck-2024/results/,18 Aug 2024 - Summer Season,2024-08-18,2024,Hanwha Life,Gen.G,Hanwha Life Esports,Gen.G,0-2,0,2,3.1,1.4,0.311111,0.688889
LCK,1,https://www.oddsportal.com/esports/league-of-legends/league-of-legends-lck-2024/results/,18 Aug 2024 - Summer Season,2024-08-18,2024,Nongshim RedForce,OKSavingsBank Brion,Nongshim RedForce,HANJIN BRION,2-0,2,0,1.5,2.71,0.643705,0.356295
LCK,1,https://www.oddsportal.com/esports/league-of-legends/league-of-legends-lck-2024/results/,17 Aug 2024 - Summer Season,2024-08-17,2024,T1,FearX,T1,BNK FEARX,2-0,2,0,1.29,4.51,0.777586,0.222414
LCK,1,https://www.oddsportal.com/esports/league-of-legends/league-of-legends-lck-2024/results/,17 Aug 2024 - Summer Season,2024-08-17,2024,Dplus Kia,KT Rolster,Dplus Kia,KT Rolster,2-0,2,0,1.48,2.86,0.658986,0.341014
LCK,1,https://www.oddsportal.com/esports/league-of-legends/league-of-legends-lck-2024/results/,16 Aug 2024 - Summer Season,2024-08-16,2024,Gen.G,Nongshim RedForce,Gen.G,Nongshim RedForce,2-0,2,0,1.02,17.0,0.943396,0.056604
LCK,1,https://www.oddsportal.com/esports/league-of-legends/league-of-legends-lck-2024/results/,16 Aug 2024 - Summer Season,2024-08-16,2024,KRX,DN SOOPers,KRX,DN SOOPers,2-1,2,1,4.2,1.24,0.227941,0.772059
LCK,1,https://www.oddsportal.com/esports/league-of-legends/league-of-legends-lck-2024/results/,15 Aug 2024 - Summer Season,2024-08-15,2024,OKSavingsBank Brion,Dplus Kia,HANJIN BRION,Dplus Kia,0-2,0,2,9.0,1.06,0.105368,0.894632
LCK,1,https://www.oddsportal.com/esports/league-of-legends/league-of-legends-lck-2024/results/,15 Aug 2024 - Summer Season,2024-08-15,2024,Hanwha Life,FearX,Hanwha Life Esports,BNK FEARX,2-0,2,0,1.14,6.15,0.843621,0.156379
LCK,1,https://www.oddsportal.com/esports/league-of-legends/league-of-legends-lck-2024/results/,14 Aug 2024 - Summer Season,2024-08-14,2024,DN SOOPers,T1,DN SOOPers,T1,1-2,1,2,3.87,1.26,0.245614,0.754386
LCK,1,https://www.oddsportal.com/esports/league-of-legends/league-of-legends-lck-2024/results/,14 Aug 2024 - Summer Season,2024-08-14,2024,KT Rolster,KRX,KT Rolster,KRX,2-0,2,0,1.14,6.15,0.843621,0.156379
LCK,1,https://www.oddsportal.com/esports/league-of-legends/league-of-legends-lck-2024/results/,11 Aug 2024 - Summer Season,2024-08-11,2024,OKSavingsBank Brion,T1,HANJIN BRION,T1,0-2,0,2,6.5,1.1,0.144737,0.855263
LCK,1,https://www.oddsportal.com/esports/league-of-legends/league-of-legends-lck-2024/results/,11 Aug 2024 - Summer Season,2024-08-11,2024,Nongshim RedForce,Dplus Kia,Nongshim RedForce,Dplus Kia,1-2,1,2,7.95,1.09,0.120575,0.879425
LCK,1,https://www.oddsportal.com/esports/league-of-legends/league-of-legends-lck-2024/results/,10 Aug 2024 - Summer Season,2024-08-10,2024,Hanwha Life,KRX,Hanwha Life Esports,KRX,2-0,2,0,1.02,12.0,0.921659,0.078341
LCK,1,https://www.oddsportal.com/esports/league-of-legends/league-of-legends-lck-2024/results/,10 Aug 2024 - Summer Season,2024-08-10,2024,FearX,DN SOOPers,BNK FEARX,DN SOOPers,2-1,2,1,1.73,2.07,0.544737,0.455263
LCK,1,https://www.oddsportal.com/esports/league-of-legends/league-of-legends-lck-2024/results/,09 Aug 2024 - Summer Season,2024-08-09,2024,Nongshim RedForce,T1,Nongshim RedForce,T1,2-0,2,0,7.95,1.09,0.120575,0.879425
LCK,1,https://www.oddsportal.com/esports/league-of-legends/league-of-legends-lck-2024/results/,09 Aug 2024 - Summer Season,2024-08-09,2024,Gen.G,KT Rolster,Gen.G,KT Rolster,1-2,1,2,1.05,8.5,0.890052,0.109948
LCK,1,https://www.oddsportal.com/esports/league-of-legends/league-of-legends-lck-2024/results/,08 Aug 2024 - Summer Season,2024-08-08,2024,Dplus Kia,FearX,Dplus Kia,BNK FEARX,2-1,2,1,1.31,3.8,0.74364,0.25636
LCK,1,https://www.oddsportal.com/esports/league-of-legends/league-of-legends-lck-2024/results/,08 Aug 2024 - Summer Season,2024-08-08,2024,Hanwha Life,OKSavingsBank Brion,Hanwha Life Esports,HANJIN BRION,2-0,2,0,1.05,11.0,0.912863,0.087137
LCK,1,https://www.oddsportal.com/esports/league-of-legends/league-of-legends-lck-2024/results/,07 Aug 2024 - Summer Season,2024-08-07,2024,DN SOOPers,KT Rolster,DN SOOPers,KT Rolster,2-0,2,0,2.88,1.45,0.334873,0.665127
LCK,1,https://www.oddsportal.com/esports/league-of-legends/league-of-legends-lck-2024/results/,07 Aug 2024 - Summer Season,2024-08-07,2024,KRX,Gen.G,KRX,Gen.G,0-2,0,2,19.0,1.01,0.050475,0.949525
LCK,1,https://www.oddsportal.com/esports/league-of-legends/league-of-legends-lck-2024/results/,04 Aug 2024 - Summer Season,2024-08-04,2024,DN SOOPers,Nongshim RedForce,DN SOOPers,Nongshim RedForce,2-0,2,0,1.33,3.47,0.722917,0.277083
LCK,1,https://www.oddsportal.com/esports/league-of-legends/league-of-legends-lck-2024/results/,04 Aug 2024 - Summer Season,2024-08-04,2024,OKSavingsBank Brion,KT Rolster,HANJIN BRION,KT Rolster,2-0,2,0,10.6,1.06,0.090909,0.909091
LCK,1,https://www.oddsportal.com/esports/league-of-legends/league-of-legends-lck-2024/results/,03 Aug 2024 - Summer Season,2024-08-03,2024,FearX,KRX,BNK FEARX,KRX,2-0,2,0,1.31,3.57,0.731557,0.268443
LCK,1,https://www.oddsportal.com/esports/league-of-legends/league-of-legends-lck-2024/results/,03 Aug 2024 - Summer Season,2024-08-03,2024,Dplus Kia,KT Rolster,Dplus Kia,KT Rolster,2-0,2,0,1.48,2.86,0.658986,0.341014
LCK,1,https://www.oddsportal.com/esports/league-of-legends/league-of-legends-lck-2024/results/,03 Aug 2024 - Summer Season,2024-08-03,2024,T1,Gen.G,T1,Gen.G,0-2,0,2,3.57,1.31,0.268443,0.731557
LCK,1,https://www.oddsportal.com/esports/league-of-legends/league-of-legends-lck-2024/results/,02 Aug 2024 - Summer Season,2024-08-02,2024,Dplus Kia,DN SOOPers,Dplus Kia,DN SOOPers,2-1,2,1,1.16,5.3,0.820433,0.179567
LCK,1,https://www.oddsportal.com/esports/league-of-legends/league-of-legends-lck-2024/results/,02 Aug 2024 - Summer Season,2024-08-02,2024,Nongshim RedForce,Hanwha Life,Nongshim RedForce,Hanwha Life Esports,0-2,0,2,11.9,1.04,0.080371,0.919629
LCK,1,https://www.oddsportal.com/esports/league-of-legends/league-of-legends-lck-2024/results/,01 Aug 2024 - Summer Season,2024-08-01,2024,FearX,Gen.G,BNK FEARX,Gen.G,0-2,0,2,13.5,1.03,0.070888,0.929112
LCK,1,https://www.oddsportal.com/esports/league-of-legends/league-of-legends-lck-2024/results/,01 Aug 2024 - Summer Season,2024-08-01,2024,KRX,OKSavingsBank Brion,KRX,HANJIN BRION,2-0,2,0,1.79,2.1,0.539846,0.460154
LCK,1,https://www.oddsportal.com/esports/league-of-legends/league-of-legends-lck-2024/results/,31 Jul 2024 - Summer Season,2024-07-31,2024,KT Rolster,Hanwha Life,KT Rolster,Hanwha Life Esports,2-1,2,1,5.0,1.18,0.190939,0.809061
LCK,1,https://www.oddsportal.com/esports/league-of-legends/league-of-legends-lck-2024/results/,31 Jul 2024 - Summer Season,2024-07-31,2024,T1,Dplus Kia,T1,Dplus Kia,2-1,2,1,1.62,2.42,0.59901,0.40099
LCK,1,https://www.oddsportal.com/esports/league-of-legends/league-of-legends-lck-2024/results/,28 Jul 2024 - Summer Season,2024-07-28,2024,KT Rolster,Nongshim RedForce,KT Rolster,Nongshim RedForce,2-1,2,1,1.17,5.63,0.827941,0.172059
LCK,1,https://www.oddsportal.com/esports/league-of-legends/league-of-legends-lck-2024/results/,28 Jul 2024 - Summer Season,2024-07-28,2024,KRX,T1,KRX,T1,0-2,0,2,10.6,1.06,0.090909,0.909091
LCK,1,https://www.oddsportal.com/esports/league-of-legends/league-of-legends-lck-2024/results/,27 Jul 2024 - Summer Season,2024-07-27,2024,Gen.G,DN SOOPers,Gen.G,DN SOOPers,2-0,2,0,1.03,10.0,0.906618,0.093382
LCK,1,https://www.oddsportal.com/esports/league-of-legends/league-of-legends-lck-2024/results/,27 Jul 2024 - Summer Season,2024-07-27,2024,Hanwha Life,Dplus Kia,Hanwha Life Esports,Dplus Kia,2-1,2,1,1.49,2.71,0.645238,0.354762
LCK,1,https://www.oddsportal.com/esports/league-of-legends/league-of-legends-lck-2024/results/,26 Jul 2024 - Summer Season,2024-07-26,2024,KT Rolster,T1,KT Rolster,T1,1-2,1,2,2.7,1.5,0.357143,0.642857
LCK,1,https://www.oddsportal.com/esports/league-of-legends/league-of-legends-lck-2024/results/,26 Jul 2024 - Summer Season,2024-07-26,2024,FearX,OKSavingsBank Brion,BNK FEARX,HANJIN BRION,2-0,2,0,1.31,3.8,0.74364,0.25636
LCK,1,https://www.oddsportal.com/esports/league-of-legends/league-of-legends-lck-2024/results/,25 Jul 2024 - Summer Season,2024-07-25,2024,Dplus Kia,KRX,Dplus Kia,KRX,2-0,2,0,1.05,8.58,0.890966,0.109034
LCK,1,https://www.oddsportal.com/esports/league-of-legends/league-of-legends-lck-2024/results/,25 Jul 2024 - Summer Season,2024-07-25,2024,DN SOOPers,Hanwha Life,DN SOOPers,Hanwha Life Esports,0-2,0,2,7.1,1.11,0.135201,0.864799
LCK,1,https://www.oddsportal.com/esports/league-of-legends/league-of-legends-lck-2024/results/,24 Jul 2024 - Summer Season,2024-07-24,2024,OKSavingsBank Brion,Gen.G,HANJIN BRION,Gen.G,0-2,0,2,19.0,1.01,0.050475,0.949525
LCK,2,https://www.oddsportal.com/esports/league-of-legends/league-of-legends-lck-2024/results/#/page/2/,24 Jul 2024 - Summer Season,2024-07-24,2024,FearX,Nongshim RedForce,BNK FEARX,Nongshim RedForce,2-0,2,0,1.5,2.71,0.643705,0.356295
LCK,2,https://www.oddsportal.com/esports/league-of-legends/league-of-legends-lck-2024/results/#/page/2/,21 Jul 2024 - Summer Season,2024-07-21,2024,KRX,Nongshim RedForce,KRX,Nongshim RedForce,0-2,0,2,2.0,1.72,0.462366,0.537634
LCK,2,https://www.oddsportal.com/esports/league-of-legends/league-of-legends-lck-2024/results/#/page/2/,21 Jul 2024 - Summer Season,2024-07-21,2024,KT Rolster,FearX,KT Rolster,BNK FEARX,1-2,1,2,1.22,4.51,0.787086,0.212914
LCK,2,https://www.oddsportal.com/esports/league-of-legends/league-of-legends-lck-2024/results/#/page/2/,20 Jul 2024 - Summer Season,2024-07-20,2024,Gen.G,Dplus Kia,Gen.G,Dplus Kia,2-1,2,1,1.22,5.15,0.808477,0.191523
LCK,2,https://www.oddsportal.com/esports/league-of-legends/league-of-legends-lck-2024/results/#/page/2/,20 Jul 2024 - Summer Season,2024-07-20,2024,T1,Hanwha Life,T1,Hanwha Life Esports,0-2,0,2,1.92,1.95,0.503876,0.496124
LCK,2,https://www.oddsportal.com/esports/league-of-legends/league-of-legends-lck-2024/results/#/page/2/,19 Jul 2024 - Summer Season,2024-07-19,2024,DN SOOPers,OKSavingsBank Brion,DN SOOPers,HANJIN BRION,1-2,1,2,1.15,5.59,0.829377,0.170623
LCK,2,https://www.oddsportal.com/esports/league-of-legends/league-of-legends-lck-2024/results/#/page/2/,19 Jul 2024 - Summer Season,2024-07-19,2024,KRX,KT Rolster,KRX,KT Rolster,0-2,0,2,6.15,1.14,0.156379,0.843621
LCK,2,https://www.oddsportal.com/esports/league-of-legends/league-of-legends-lck-2024/results/#/page/2/,18 Jul 2024 - Summer Season,2024-07-18,2024,Nongshim RedForce,Gen.G,Nongshim RedForce,Gen.G,0-2,0,2,19.0,1.01,0.050475,0.949525
LCK,2,https://www.oddsportal.com/esports/league-of-legends/league-of-legends-lck-2024/results/#/page/2/,18 Jul 2024 - Summer Season,2024-07-18,2024,FearX,T1,BNK FEARX,T1,2-1,2,1,9.45,1.07,0.101711,0.898289
LCK,2,https://www.oddsportal.com/esports/league-of-legends/league-of-legends-lck-2024/results/#/page/2/,17 Jul 2024 - Summer Season,2024-07-17,2024,Hanwha Life,DN SOOPers,Hanwha Life Esports,DN SOOPers,2-0,2,0,1.22,4.8,0.797342,0.202658
LCK,2,https://www.oddsportal.com/esports/league-of-legends/league-of-legends-lck-2024/results/#/page/2/,17 Jul 2024 - Summer Season,2024-07-17,2024,Dplus Kia,OKSavingsBank Brion,Dplus Kia,HANJIN BRION,2-0,2,0,1.03,13.5,0.929112,0.070888
LCK,2,https://www.oddsportal.com/esports/league-of-legends/league-of-legends-lck-2024/results/#/page/2/,14 Jul 2024 - Summer Season,2024-07-14,2024,FearX,Hanwha Life,BNK FEARX,Hanwha Life Esports,0-2,0,2,9.45,1.07,0.101711,0.898289
LCK,2,https://www.oddsportal.com/esports/league-of-legends/league-of-legends-lck-2024/results/#/page/2/,14 Jul 2024 - Summer Season,2024-07-14,2024,DN SOOPers,KRX,DN SOOPers,KRX,2-0,2,0,1.29,4.2,0.765027,0.234973
LCK,2,https://www.oddsportal.com/esports/league-of-legends/league-of-legends-lck-2024/results/#/page/2/,13 Jul 2024 - Summer Season,2024-07-13,2024,Nongshim RedForce,OKSavingsBank Brion,Nongshim RedForce,HANJIN BRION,2-0,2,0,1.79,2.07,0.536269,0.463731
LCK,2,https://www.oddsportal.com/esports/league-of-legends/league-of-legends-lck-2024/results/#/page/2/,13 Jul 2024 - Summer Season,2024-07-13,2024,Gen.G,Dplus Kia,Gen.G,Dplus Kia,2-0,2,0,1.17,5.63,0.827941,0.172059
LCK,2,https://www.oddsportal.com/esports/league-of-legends/league-of-legends-lck-2024/results/#/page/2/,12 Jul 2024 - Summer Season,2024-07-12,2024,T1,Hanwha Life,T1,Hanwha Life Esports,1-2,1,2,1.62,2.43,0.6,0.4
LCK,2,https://www.oddsportal.com/esports/league-of-legends/league-of-legends-lck-2024/results/#/page/2/,12 Jul 2024 - Summer Season,2024-07-12,2024,FearX,KT Rolster,BNK FEARX,KT Rolster,0-2,0,2,3.8,1.31,0.25636,0.74364
LCK,2,https://www.oddsportal.com/esports/league-of-legends/league-of-legends-lck-2024/results/#/page/2/,11 Jul 2024 - Summer Season,2024-07-11,2024,DN SOOPers,Gen.G,DN SOOPers,Gen.G,0-2,0,2,8.58,1.07,0.110881,0.889119
LCK,2,https://www.oddsportal.com/esports/league-of-legends/league-of-legends-lck-2024/results/#/page/2/,11 Jul 2024 - Summer Season,2024-07-11,2024,Dplus Kia,KRX,Dplus Kia,KRX,2-0,2,0,1.09,7.95,0.879425,0.120575
LCK,2,https://www.oddsportal.com/esports/league-of-legends/league-of-legends-lck-2024/results/#/page/2/,10 Jul 2024 - Summer Season,2024-07-10,2024,Nongshim RedForce,KT Rolster,Nongshim RedForce,KT Rolster,0-2,0,2,4.0,1.2,0.230769,0.769231
LCK,2,https://www.oddsportal.com/esports/league-of-legends/league-of-legends-lck-2024/results/#/page/2/,10 Jul 2024 - Summer Season,2024-07-10,2024,T1,OKSavingsBank Brion,T1,HANJIN BRION,2-1,2,1,1.02,15.5,0.938257,0.061743
LCK,2,https://www.oddsportal.com/esports/league-of-legends/league-of-legends-lck-2024/results/#/page/2/,30 Jun 2024 - Summer Season,2024-06-30,2024,DN SOOPers,Dplus Kia,DN SOOPers,Dplus Kia,1-2,1,2,2.8,1.5,0.348837,0.651163
LCK,2,https://www.oddsportal.com/esports/league-of-legends/league-of-legends-lck-2024/results/#/page/2/,30 Jun 2024 - Summer Season,2024-06-30,2024,FearX,OKSavingsBank Brion,BNK FEARX,HANJIN BRION,2-0,2,0,1.5,2.68,0.641148,0.358852
LCK,2,https://www.oddsportal.com/esports/league-of-legends/league-of-legends-lck-2024/results/#/page/2/,29 Jun 2024 - Summer Season,2024-06-29,2024,Nongshim RedForce,Hanwha Life,Nongshim RedForce,Hanwha Life Esports,0-2,0,2,9.45,1.07,0.101711,0.898289
LCK,2,https://www.oddsportal.com/esports/league-of-legends/league-of-legends-lck-2024/results/#/page/2/,29 Jun 2024 - Summer Season,2024-06-29,2024,T1,KT Rolster,T1,KT Rolster,1-2,1,2,1.13,5.8,0.836941,0.163059
LCK,2,https://www.oddsportal.com/esports/league-of-legends/league-of-legends-lck-2024/results/#/page/2/,28 Jun 2024 - Summer Season,2024-06-28,2024,Gen.G,KRX,Gen.G,KRX,2-0,2,0,1.01,19.0,0.949525,0.050475
LCK,2,https://www.oddsportal.com/esports/league-of-legends/league-of-legends-lck-2024/results/#/page/2/,28 Jun 2024 - Summer Season,2024-06-28,2024,FearX,DN SOOPers,BNK FEARX,DN SOOPers,0-2,0,2,3.58,1.33,0.270876,0.729124
LCK,2,https://www.oddsportal.com/esports/league-of-legends/league-of-legends-lck-2024/results/#/page/2/,27 Jun 2024 - Summer Season,2024-06-27,2024,KT Rolster,OKSavingsBank Brion,KT Rolster,HANJIN BRION,2-1,2,1,1.18,5.63,0.826725,0.173275
LCK,2,https://www.oddsportal.com/esports/league-of-legends/league-of-legends-lck-2024/results/#/page/2/,27 Jun 2024 - Summer Season,2024-06-27,2024,Dplus Kia,Nongshim RedForce,Dplus Kia,Nongshim RedForce,2-0,2,0,1.08,9.45,0.897436,0.102564
LCK,2,https://www.oddsportal.com/esports/league-of-legends/league-of-legends-lck-2024/results/#/page/2/,26 Jun 2024 - Summer Season,2024-06-26,2024,Gen.G,Hanwha Life,Gen.G,Hanwha Life Esports,2-0,2,0,1.22,4.51,0.787086,0.212914
LCK,2,https://www.oddsportal.com/esports/league-of-legends/league-of-legends-lck-2024/results/#/page/2/,26 Jun 2024 - Summer Season,2024-06-26,2024,T1,KRX,T1,KRX,2-0,2,0,1.04,11.9,0.919629,0.080371
LCK,2,https://www.oddsportal.com/esports/league-of-legends/league-of-legends-lck-2024/results/#/page/2/,23 Jun 2024 - Summer Season,2024-06-23,2024,KT Rolster,Hanwha Life,KT Rolster,Hanwha Life Esports,0-2,0,2,2.93,1.43,0.327982,0.672018
LCK,2,https://www.oddsportal.com/esports/league-of-legends/league-of-legends-lck-2024/results/#/page/2/,23 Jun 2024 - Summer Season,2024-06-23,2024,Gen.G,OKSavingsBank Brion,Gen.G,HANJIN BRION,2-0,2,0,1.01,19.0,0.949525,0.050475
LCK,2,https://www.oddsportal.com/esports/league-of-legends/league-of-legends-lck-2024/results/#/page/2/,22 Jun 2024 - Summer Season,2024-06-22,2024,FearX,Dplus Kia,BNK FEARX,Dplus Kia,0-2,0,2,5.63,1.16,0.170839,0.829161
LCK,2,https://www.oddsportal.com/esports/league-of-legends/league-of-legends-lck-2024/results/#/page/2/,22 Jun 2024 - Summer Season,2024-06-22,2024,Nongshim RedForce,KRX,Nongshim RedForce,KRX,2-1,2,1,2.5,1.62,0.393204,0.606796
LCK,2,https://www.oddsportal.com/esports/league-of-legends/league-of-legends-lck-2024/results/#/page/2/,21 Jun 2024 - Summer Season,2024-06-21,2024,T1,DN SOOPers,T1,DN SOOPers,2-1,2,1,1.15,5.76,0.833575,0.166425
LCK,2,https://www.oddsportal.com/esports/league-of-legends/league-of-legends-lck-2024/results/#/page/2/,21 Jun 2024 - Summer Season,2024-06-21,2024,Hanwha Life,OKSavingsBank Brion,Hanwha Life Esports,HANJIN BRION,2-0,2,0,1.07,9.45,0.898289,0.101711
LCK,2,https://www.oddsportal.com/esports/league-of-legends/league-of-legends-lck-2024/results/#/page/2/,20 Jun 2024 - Summer Season,2024-06-20,2024,FearX,KRX,BNK FEARX,KRX,0-2,0,2,1.58,2.38,0.60101,0.39899
LCK,2,https://www.oddsportal.com/esports/league-of-legends/league-of-legends-lck-2024/results/#/page/2/,20 Jun 2024 - Summer Season,2024-06-20,2024,KT Rolster,Gen.G,KT Rolster,Gen.G,0-2,0,2,7.95,1.09,0.120575,0.879425
LCK,2,https://www.oddsportal.com/esports/league-of-legends/league-of-legends-lck-2024/results/#/page/2/,19 Jun 2024 - Summer Season,2024-06-19,2024,T1,Dplus Kia,T1,Dplus Kia,2-0,2,0,1.52,2.71,0.640662,0.359338
LCK,2,https://www.oddsportal.com/esports/league-of-legends/league-of-legends-lck-2024/results/#/page/2/,19 Jun 2024 - Summer Season,2024-06-19,2024,Nongshim RedForce,DN SOOPers,Nongshim RedForce,DN SOOPers,0-2,0,2,4.2,1.33,0.240506,0.759494
LCK,2,https://www.oddsportal.com/esports/league-of-legends/league-of-legends-lck-2024/results/#/page/2/,16 Jun 2024 - Summer Season,2024-06-16,2024,T1,Gen.G,T1,Gen.G,0-2,0,2,2.82,1.43,0.336471,0.663529
LCK,2,https://www.oddsportal.com/esports/league-of-legends/league-of-legends-lck-2024/results/#/page/2/,16 Jun 2024 - Summer Season,2024-06-16,2024,Hanwha Life,KRX,Hanwha Life Esports,KRX,2-1,2,1,1.04,13.5,0.928473,0.071527
LCK,2,https://www.oddsportal.com/esports/league-of-legends/league-of-legends-lck-2024/results/#/page/2/,15 Jun 2024 - Summer Season,2024-06-15,2024,KT Rolster,Dplus Kia,KT Rolster,Dplus Kia,1-2,1,2,2.71,1.5,0.356295,0.643705
LCK,2,https://www.oddsportal.com/esports/league-of-legends/league-of-legends-lck-2024/results/#/page/2/,15 Jun 2024 - Summer Season,2024-06-15,2024,DN SOOPers,OKSavingsBank Brion,DN SOOPers,HANJIN BRION,2-1,2,1,1.25,4.2,0.770642,0.229358
LCK,2,https://www.oddsportal.com/esports/league-of-legends/league-of-legends-lck-2024/results/#/page/2/,14 Jun 2024 - Summer Season,2024-06-14,2024,T1,Nongshim RedForce,T1,Nongshim RedForce,2-0,2,0,1.03,13.5,0.929112,0.070888
LCK,2,https://www.oddsportal.com/esports/league-of-legends/league-of-legends-lck-2024/results/#/page/2/,14 Jun 2024 - Summer Season,2024-06-14,2024,FearX,Gen.G,BNK FEARX,Gen.G,0-2,0,2,13.5,1.03,0.070888,0.929112
LCK,2,https://www.oddsportal.com/esports/league-of-legends/league-of-legends-lck-2024/results/#/page/2/,13 Jun 2024 - Summer Season,2024-06-13,2024,OKSavingsBank Brion,KRX,HANJIN BRION,KRX,1-2,1,2,2.34,1.63,0.410579,0.589421
LCK,2,https://www.oddsportal.com/esports/league-of-legends/league-of-legends-lck-2024/results/#/page/2/,13 Jun 2024 - Summer Season,2024-06-13,2024,DN SOOPers,KT Rolster,DN SOOPers,KT Rolster,2-0,2,0,5.08,1.25,0.197472,0.802528
LCK,2,https://www.oddsportal.com/esports/league-of-legends/league-of-legends-lck-2024/results/#/page/2/,12 Jun 2024 - Summer Season,2024-06-12,2024,Nongshim RedForce,FearX,Nongshim RedForce,BNK FEARX,1-2,1,2,2.3,1.55,0.402597,0.597403
LCK,3,https://www.oddsportal.com/esports/league-of-legends/league-of-legends-lck-2024/results/#/page/3/,12 Jun 2024 - Summer Season,2024-06-12,2024,Hanwha Life,Dplus Kia,Hanwha Life Esports,Dplus Kia,1-2,1,2,1.33,3.47,0.722917,0.277083
LCK,3,https://www.oddsportal.com/esports/league-of-legends/league-of-legends-lck-2024/results/#/page/3/,14 Apr 2024 - Spring - Play Offs,2024-04-14,2024,Gen.G,T1,Gen.G,T1,3-2,3,2,1.58,2.4,0.603015,0.396985
LCK,3,https://www.oddsportal.com/esports/league-of-legends/league-of-legends-lck-2024/results/#/page/3/,13 Apr 2024 - Spring - Play Offs,2024-04-13,2024,Hanwha Life,T1,Hanwha Life Esports,T1,1-3,1,3,1.95,1.73,0.470109,0.529891
LCK,3,https://www.oddsportal.com/esports/league-of-legends/league-of-legends-lck-2024/results/#/page/3/,07 Apr 2024 - Spring - Play Offs,2024-04-07,2024,Dplus Kia,T1,Dplus Kia,T1,0-3,0,3,3.23,1.36,0.296296,0.703704
LCK,3,https://www.oddsportal.com/esports/league-of-legends/league-of-legends-lck-2024/results/#/page/3/,06 Apr 2024 - Spring - Play Offs,2024-04-06,2024,Gen.G,Hanwha Life,Gen.G,Hanwha Life Esports,3-1,3,1,1.45,2.63,0.644608,0.355392
LCK,3,https://www.oddsportal.com/esports/league-of-legends/league-of-legends-lck-2024/results/#/page/3/,04 Apr 2024 - Spring - Play Offs,2024-04-04,2024,T1,Hanwha Life,T1,Hanwha Life Esports,0-3,0,3,1.5,2.71,0.643705,0.356295
LCK,3,https://www.oddsportal.com/esports/league-of-legends/league-of-legends-lck-2024/results/#/page/3/,03 Apr 2024 - Spring - Play Offs,2024-04-03,2024,Gen.G,Dplus Kia,Gen.G,Dplus Kia,3-2,3,2,1.09,7.95,0.879425,0.120575
LCK,3,https://www.oddsportal.com/esports/league-of-legends/league-of-legends-lck-2024/results/#/page/3/,31 Mar 2024 - Spring - Play Offs,2024-03-31,2024,KT Rolster,Dplus Kia,KT Rolster,Dplus Kia,2-3,2,3,1.62,2.45,0.601966,0.398034
LCK,3,https://www.oddsportal.com/esports/league-of-legends/league-of-legends-lck-2024/results/#/page/3/,30 Mar 2024 - Spring - Play Offs,2024-03-30,2024,Hanwha Life,DN SOOPers,Hanwha Life Esports,DN SOOPers,3-0,3,0,1.03,14.6,0.934101,0.065899
LCK,3,https://www.oddsportal.com/esports/league-of-legends/league-of-legends-lck-2024/results/#/page/3/,24 Mar 2024 - Spring Season,2024-03-24,2024,KT Rolster,DN SOOPers,KT Rolster,DN SOOPers,2-0,2,0,1.32,4.2,0.76087,0.23913
LCK,3,https://www.oddsportal.com/esports/league-of-legends/league-of-legends-lck-2024/results/#/page/3/,24 Mar 2024 - Spring Season,2024-03-24,2024,FearX,OKSavingsBank Brion,BNK FEARX,HANJIN BRION,2-0,2,0,1.35,3.57,0.72561,0.27439
LCK,3,https://www.oddsportal.com/esports/league-of-legends/league-of-legends-lck-2024/results/#/page/3/,23 Mar 2024 - Spring Season,2024-03-23,2024,KRX,T1,KRX,T1,0-2,0,2,17.0,1.02,0.056604,0.943396
LCK,3,https://www.oddsportal.com/esports/league-of-legends/league-of-legends-lck-2024/results/#/page/3/,23 Mar 2024 - Spring Season,2024-03-23,2024,Hanwha Life,Dplus Kia,Hanwha Life Esports,Dplus Kia,2-0,2,0,1.33,3.47,0.722917,0.277083
LCK,3,https://www.oddsportal.com/esports/league-of-legends/league-of-legends-lck-2024/results/#/page/3/,22 Mar 2024 - Spring Season,2024-03-22,2024,Nongshim RedForce,FearX,Nongshim RedForce,BNK FEARX,2-1,2,1,2.82,1.44,0.338028,0.661972
LCK,3,https://www.oddsportal.com/esports/league-of-legends/league-of-legends-lck-2024/results/#/page/3/,22 Mar 2024 - Spring Season,2024-03-22,2024,Gen.G,OKSavingsBank Brion,Gen.G,HANJIN BRION,2-0,2,0,1.01,18.0,0.94687,0.05313
LCK,3,https://www.oddsportal.com/esports/league-of-legends/league-of-legends-lck-2024/results/#/page/3/,21 Mar 2024 - Spring Season,2024-03-21,2024,Dplus Kia,DN SOOPers,Dplus Kia,DN SOOPers,0-2,0,2,1.22,5.08,0.806349,0.193651
LCK,3,https://www.oddsportal.com/esports/league-of-legends/league-of-legends-lck-2024/results/#/page/3/,21 Mar 2024 - Spring Season,2024-03-21,2024,KT Rolster,Hanwha Life,KT Rolster,Hanwha Life Esports,1-2,1,2,3.1,1.4,0.311111,0.688889
LCK,3,https://www.oddsportal.com/esports/league-of-legends/league-of-legends-lck-2024/results/#/page/3/,20 Mar 2024 - Spring Season,2024-03-20,2024,Nongshim RedForce,T1,Nongshim RedForce,T1,0-2,0,2,15.5,1.02,0.061743,0.938257
LCK,3,https://www.oddsportal.com/esports/league-of-legends/league-of-legends-lck-2024/results/#/page/3/,20 Mar 2024 - Spring Season,2024-03-20,2024,KRX,Gen.G,KRX,Gen.G,0-2,0,2,19.0,1.02,0.050949,0.949051
LCK,3,https://www.oddsportal.com/esports/league-of-legends/league-of-legends-lck-2024/results/#/page/3/,17 Mar 2024 - Spring Season,2024-03-17,2024,Dplus Kia,Gen.G,Dplus Kia,Gen.G,1-2,1,2,5.0,1.14,0.185668,0.814332
LCK,3,https://www.oddsportal.com/esports/league-of-legends/league-of-legends-lck-2024/results/#/page/3/,17 Mar 2024 - Spring Season,2024-03-17,2024,OKSavingsBank Brion,Nongshim RedForce,HANJIN BRION,Nongshim RedForce,1-2,1,2,2.1,1.79,0.460154,0.539846
LCK,3,https://www.oddsportal.com/esports/league-of-legends/league-of-legends-lck-2024/results/#/page/3/,16 Mar 2024 - Spring Season,2024-03-16,2024,KT Rolster,KRX,KT Rolster,KRX,2-1,2,1,1.12,7.1,0.863747,0.136253
LCK,3,https://www.oddsportal.com/esports/league-of-legends/league-of-legends-lck-2024/results/#/page/3/,16 Mar 2024 - Spring Season,2024-03-16,2024,FearX,DN SOOPers,BNK FEARX,DN SOOPers,2-1,2,1,2.34,1.65,0.413534,0.586466
LCK,3,https://www.oddsportal.com/esports/league-of-legends/league-of-legends-lck-2024/results/#/page/3/,15 Mar 2024 - Spring Season,2024-03-15,2024,T1,Hanwha Life,T1,Hanwha Life Esports,1-2,1,2,1.3,3.54,0.731405,0.268595
LCK,3,https://www.oddsportal.com/esports/league-of-legends/league-of-legends-lck-2024/results/#/page/3/,15 Mar 2024 - Spring Season,2024-03-15,2024,Gen.G,Nongshim RedForce,Gen.G,Nongshim RedForce,2-0,2,0,1.01,19.0,0.949525,0.050475
LCK,3,https://www.oddsportal.com/esports/league-of-legends/league-of-legends-lck-2024/results/#/page/3/,14 Mar 2024 - Spring Season,2024-03-14,2024,OKSavingsBank Brion,KT Rolster,HANJIN BRION,KT Rolster,0-2,0,2,7.1,1.11,0.135201,0.864799
LCK,3,https://www.oddsportal.com/esports/league-of-legends/league-of-legends-lck-2024/results/#/page/3/,14 Mar 2024 - Spring Season,2024-03-14,2024,FearX,KRX,BNK FEARX,KRX,2-0,2,0,1.63,2.34,0.589421,0.410579
LCK,3,https://www.oddsportal.com/esports/league-of-legends/league-of-legends-lck-2024/results/#/page/3/,13 Mar 2024 - Spring Season,2024-03-13,2024,Dplus Kia,T1,Dplus Kia,T1,0-2,0,2,5.08,1.2,0.191083,0.808917
LCK,3,https://www.oddsportal.com/esports/league-of-legends/league-of-legends-lck-2024/results/#/page/3/,13 Mar 2024 - Spring Season,2024-03-13,2024,Hanwha Life,DN SOOPers,Hanwha Life Esports,DN SOOPers,2-1,2,1,1.09,7.95,0.879425,0.120575
LCK,3,https://www.oddsportal.com/esports/league-of-legends/league-of-legends-lck-2024/results/#/page/3/,09 Mar 2024 - Spring Season,2024-03-09,2024,DN SOOPers,KRX,DN SOOPers,KRX,0-2,0,2,1.4,3.07,0.686801,0.313199
LCK,3,https://www.oddsportal.com/esports/league-of-legends/league-of-legends-lck-2024/results/#/page/3/,09 Mar 2024 - Spring Season,2024-03-09,2024,T1,Gen.G,T1,Gen.G,0-2,0,2,1.79,2.07,0.536269,0.463731
LCK,3,https://www.oddsportal.com/esports/league-of-legends/league-of-legends-lck-2024/results/#/page/3/,01 Mar 2024 - Spring Season,2024-03-01,2024,Gen.G,KT Rolster,Gen.G,KT Rolster,2-0,2,0,1.31,3.57,0.731557,0.268443
LCK,3,https://www.oddsportal.com/esports/league-of-legends/league-of-legends-lck-2024/results/#/page/3/,01 Mar 2024 - Spring Season,2024-03-01,2024,Hanwha Life,FearX,Hanwha Life Esports,BNK FEARX,2-1,2,1,1.07,9.45,0.898289,0.101711
LCK,3,https://www.oddsportal.com/esports/league-of-legends/league-of-legends-lck-2024/results/#/page/3/,29 Feb 2024 - Spring Season,2024-02-29,2024,Dplus Kia,OKSavingsBank Brion,Dplus Kia,HANJIN BRION,2-0,2,0,1.1,5.75,0.839416,0.160584
LCK,3,https://www.oddsportal.com/esports/league-of-legends/league-of-legends-lck-2024/results/#/page/3/,28 Feb 2024 - Spring Season,2024-02-28,2024,T1,FearX,T1,BNK FEARX,2-0,2,0,1.04,11.9,0.919629,0.080371
LCK,3,https://www.oddsportal.com/esports/league-of-legends/league-of-legends-lck-2024/results/#/page/3/,28 Feb 2024 - Spring Season,2024-02-28,2024,DN SOOPers,Gen.G,DN SOOPers,Gen.G,0-2,0,2,7.95,1.09,0.120575,0.879425
LCK,4,https://www.oddsportal.com/esports/league-of-legends/league-of-legends-lck-2024/results/#/page/4/,25 Feb 2024 - Spring Season,2024-02-25,2024,KRX,Dplus Kia,KRX,Dplus Kia,1-2,1,2,7.95,1.1,0.121547,0.878453
LCK,4,https://www.oddsportal.com/esports/league-of-legends/league-of-legends-lck-2024/results/#/page/4/,24 Feb 2024 - Spring Season,2024-02-24,2024,Gen.G,FearX,Gen.G,BNK FEARX,2-0,2,0,1.04,11.8,0.919003,0.080997
LCK,4,https://www.oddsportal.com/esports/league-of-legends/league-of-legends-lck-2024/results/#/page/4/,24 Feb 2024 - Spring Season,2024-02-24,2024,T1,KT Rolster,T1,KT Rolster,2-0,2,0,1.18,5.08,0.811502,0.188498
LCK,4,https://www.oddsportal.com/esports/league-of-legends/league-of-legends-lck-2024/results/#/page/4/,23 Feb 2024 - Spring Season,2024-02-23,2024,Hanwha Life,Nongshim RedForce,Hanwha Life Esports,Nongshim RedForce,2-0,2,0,1.06,9.0,0.894632,0.105368
LCK,4,https://www.oddsportal.com/esports/league-of-legends/league-of-legends-lck-2024/results/#/page/4/,23 Feb 2024 - Spring Season,2024-02-23,2024,DN SOOPers,OKSavingsBank Brion,DN SOOPers,HANJIN BRION,1-2,1,2,1.14,6.3,0.846774,0.153226
LCK,4,https://www.oddsportal.com/esports/league-of-legends/league-of-legends-lck-2024/results/#/page/4/,22 Feb 2024 - Spring Season,2024-02-22,2024,Gen.G,KRX,Gen.G,KRX,2-0,2,0,1.02,13.5,0.929752,0.070248
LCK,4,https://www.oddsportal.com/esports/league-of-legends/league-of-legends-lck-2024/results/#/page/4/,22 Feb 2024 - Spring Season,2024-02-22,2024,Dplus Kia,FearX,Dplus Kia,BNK FEARX,2-0,2,0,1.2,5.08,0.808917,0.191083
LCK,4,https://www.oddsportal.com/esports/league-of-legends/league-of-legends-lck-2024/results/#/page/4/,21 Feb 2024 - Spring Season,2024-02-21,2024,Hanwha Life,KT Rolster,Hanwha Life Esports,KT Rolster,2-0,2,0,1.67,2.1,0.557029,0.442971
LCK,4,https://www.oddsportal.com/esports/league-of-legends/league-of-legends-lck-2024/results/#/page/4/,21 Feb 2024 - Spring Season,2024-02-21,2024,T1,Nongshim RedForce,T1,Nongshim RedForce,2-1,2,1,1.01,19.0,0.949525,0.050475
LCK,4,https://www.oddsportal.com/esports/league-of-legends/league-of-legends-lck-2024/results/#/page/4/,18 Feb 2024 - Spring Season,2024-02-18,2024,Nongshim RedForce,OKSavingsBank Brion,Nongshim RedForce,HANJIN BRION,2-0,2,0,1.58,2.5,0.612745,0.387255
LCK,4,https://www.oddsportal.com/esports/league-of-legends/league-of-legends-lck-2024/results/#/page/4/,18 Feb 2024 - Spring Season,2024-02-18,2024,FearX,T1,BNK FEARX,T1,0-2,0,2,15.5,1.04,0.062878,0.937122
LCK,4,https://www.oddsportal.com/esports/league-of-legends/league-of-legends-lck-2024/results/#/page/4/,17 Feb 2024 - Spring Season,2024-02-17,2024,Dplus Kia,KRX,Dplus Kia,KRX,2-0,2,0,1.14,6.15,0.843621,0.156379
LCK,4,https://www.oddsportal.com/esports/league-of-legends/league-of-legends-lck-2024/results/#/page/4/,17 Feb 2024 - Spring Season,2024-02-17,2024,Gen.G,Hanwha Life,Gen.G,Hanwha Life Esports,2-0,2,0,1.48,2.86,0.658986,0.341014
LCK,4,https://www.oddsportal.com/esports/league-of-legends/league-of-legends-lck-2024/results/#/page/4/,16 Feb 2024 - Spring Season,2024-02-16,2024,DN SOOPers,FearX,DN SOOPers,BNK FEARX,2-1,2,1,1.48,3.04,0.672566,0.327434
LCK,4,https://www.oddsportal.com/esports/league-of-legends/league-of-legends-lck-2024/results/#/page/4/,16 Feb 2024 - Spring Season,2024-02-16,2024,Nongshim RedForce,KT Rolster,Nongshim RedForce,KT Rolster,0-2,0,2,6.15,1.14,0.156379,0.843621
LCK,4,https://www.oddsportal.com/esports/league-of-legends/league-of-legends-lck-2024/results/#/page/4/,15 Feb 2024 - Spring Season,2024-02-15,2024,Hanwha Life,OKSavingsBank Brion,Hanwha Life Esports,HANJIN BRION,2-0,2,0,1.05,11.9,0.918919,0.081081
LCK,4,https://www.oddsportal.com/esports/league-of-legends/league-of-legends-lck-2024/results/#/page/4/,15 Feb 2024 - Spring Season,2024-02-15,2024,T1,Dplus Kia,T1,Dplus Kia,2-0,2,0,1.15,6.15,0.842466,0.157534
LCK,4,https://www.oddsportal.com/esports/league-of-legends/league-of-legends-lck-2024/results/#/page/4/,14 Feb 2024 - Spring Season,2024-02-14,2024,KRX,DN SOOPers,KRX,DN SOOPers,0-2,0,2,3.54,1.4,0.283401,0.716599
LCK,4,https://www.oddsportal.com/esports/league-of-legends/league-of-legends-lck-2024/results/#/page/4/,14 Feb 2024 - Spring Season,2024-02-14,2024,KT Rolster,Gen.G,KT Rolster,Gen.G,2-0,2,0,5.3,1.16,0.179567,0.820433
LCK,4,https://www.oddsportal.com/esports/league-of-legends/league-of-legends-lck-2024/results/#/page/4/,04 Feb 2024 - Spring Season,2024-02-04,2024,FearX,Gen.G,BNK FEARX,Gen.G,0-2,0,2,9.0,1.04,0.103586,0.896414
LCK,4,https://www.oddsportal.com/esports/league-of-legends/league-of-legends-lck-2024/results/#/page/4/,04 Feb 2024 - Spring Season,2024-02-04,2024,Nongshim RedForce,Hanwha Life,Nongshim RedForce,Hanwha Life Esports,1-2,1,2,15.5,1.03,0.062311,0.937689
LCK,4,https://www.oddsportal.com/esports/league-of-legends/league-of-legends-lck-2024/results/#/page/4/,03 Feb 2024 - Spring Season,2024-02-03,2024,OKSavingsBank Brion,T1,HANJIN BRION,T1,0-2,0,2,18.0,1.03,0.054125,0.945875
LCK,4,https://www.oddsportal.com/esports/league-of-legends/league-of-legends-lck-2024/results/#/page/4/,03 Feb 2024 - Spring Season,2024-02-03,2024,KRX,KT Rolster,KRX,KT Rolster,1-2,1,2,5.63,1.16,0.170839,0.829161
LCK,4,https://www.oddsportal.com/esports/league-of-legends/league-of-legends-lck-2024/results/#/page/4/,02 Feb 2024 - Spring Season,2024-02-02,2024,Dplus Kia,Hanwha Life,Dplus Kia,Hanwha Life Esports,0-2,0,2,2.42,1.57,0.393484,0.606516
LCK,4,https://www.oddsportal.com/esports/league-of-legends/league-of-legends-lck-2024/results/#/page/4/,02 Feb 2024 - Spring Season,2024-02-02,2024,Gen.G,DN SOOPers,Gen.G,DN SOOPers,2-0,2,0,1.06,9.95,0.903724,0.096276
LCK,4,https://www.oddsportal.com/esports/league-of-legends/league-of-legends-lck-2024/results/#/page/4/,01 Feb 2024 - Spring Season,2024-02-01,2024,FearX,Nongshim RedForce,BNK FEARX,Nongshim RedForce,2-1,2,1,1.38,3.04,0.687783,0.312217
LCK,4,https://www.oddsportal.com/esports/league-of-legends/league-of-legends-lck-2024/results/#/page/4/,01 Feb 2024 - Spring Season,2024-02-01,2024,T1,KRX,T1,KRX,2-0,2,0,1.01,19.0,0.949525,0.050475
LCK,4,https://www.oddsportal.com/esports/league-of-legends/league-of-legends-lck-2024/results/#/page/4/,31 Jan 2024 - Spring Season,2024-01-31,2024,KT Rolster,OKSavingsBank Brion,KT Rolster,HANJIN BRION,2-0,2,0,1.18,5.63,0.826725,0.173275
LCK,4,https://www.oddsportal.com/esports/league-of-legends/league-of-legends-lck-2024/results/#/page/4/,31 Jan 2024 - Spring Season,2024-01-31,2024,DN SOOPers,Dplus Kia,DN SOOPers,Dplus Kia,2-0,2,0,5.63,1.16,0.170839,0.829161
LCK,4,https://www.oddsportal.com/esports/league-of-legends/league-of-legends-lck-2024/results/#/page/4/,28 Jan 2024 - Spring Season,2024-01-28,2024,Hanwha Life,T1,Hanwha Life Esports,T1,0-2,0,2,2.7,1.5,0.357143,0.642857
LCK,4,https://www.oddsportal.com/esports/league-of-legends/league-of-legends-lck-2024/results/#/page/4/,28 Jan 2024 - Spring Season,2024-01-28,2024,KRX,OKSavingsBank Brion,KRX,HANJIN BRION,2-1,2,1,1.72,2.17,0.557841,0.442159
LCK,4,https://www.oddsportal.com/esports/league-of-legends/league-of-legends-lck-2024/results/#/page/4/,27 Jan 2024 - Spring Season,2024-01-27,2024,Nongshim RedForce,DN SOOPers,Nongshim RedForce,DN SOOPers,0-2,0,2,2.34,1.63,0.410579,0.589421
LCK,4,https://www.oddsportal.com/esports/league-of-legends/league-of-legends-lck-2024/results/#/page/4/,27 Jan 2024 - Spring Season,2024-01-27,2024,Gen.G,Dplus Kia,Gen.G,Dplus Kia,2-1,2,1,1.24,4.2,0.772059,0.227941
LCK,4,https://www.oddsportal.com/esports/league-of-legends/league-of-legends-lck-2024/results/#/page/4/,26 Jan 2024 - Spring Season,2024-01-26,2024,KRX,FearX,KRX,BNK FEARX,1-2,1,2,2.17,1.72,0.442159,0.557841
LCK,4,https://www.oddsportal.com/esports/league-of-legends/league-of-legends-lck-2024/results/#/page/4/,26 Jan 2024 - Spring Season,2024-01-26,2024,KT Rolster,T1,KT Rolster,T1,1-2,1,2,5.08,1.2,0.191083,0.808917
LCK,4,https://www.oddsportal.com/esports/league-of-legends/league-of-legends-lck-2024/results/#/page/4/,25 Jan 2024 - Spring Season,2024-01-25,2024,OKSavingsBank Brion,Gen.G,HANJIN BRION,Gen.G,0-2,0,2,15.5,1.03,0.062311,0.937689
LCK,4,https://www.oddsportal.com/esports/league-of-legends/league-of-legends-lck-2024/results/#/page/4/,25 Jan 2024 - Spring Season,2024-01-25,2024,Dplus Kia,Nongshim RedForce,Dplus Kia,Nongshim RedForce,2-0,2,0,1.1,7.95,0.878453,0.121547
LCK,4,https://www.oddsportal.com/esports/league-of-legends/league-of-legends-lck-2024/results/#/page/4/,24 Jan 2024 - Spring Season,2024-01-24,2024,DN SOOPers,KT Rolster,DN SOOPers,KT Rolster,2-1,2,1,6.15,1.14,0.156379,0.843621
LCK,4,https://www.oddsportal.com/esports/league-of-legends/league-of-legends-lck-2024/results/#/page/4/,24 Jan 2024 - Spring Season,2024-01-24,2024,FearX,Hanwha Life,BNK FEARX,Hanwha Life Esports,0-2,0,2,9.45,1.08,0.102564,0.897436
LCK,4,https://www.oddsportal.com/esports/league-of-legends/league-of-legends-lck-2024/results/#/page/4/,21 Jan 2024 - Spring Season,2024-01-21,2024,Dplus Kia,KT Rolster,Dplus Kia,KT Rolster,1-2,1,2,1.72,2.3,0.572139,0.427861
LCK,4,https://www.oddsportal.com/esports/league-of-legends/league-of-legends-lck-2024/results/#/page/4/,21 Jan 2024 - Spring Season,2024-01-21,2024,DN SOOPers,Hanwha Life,DN SOOPers,Hanwha Life Esports,0-2,0,2,9.45,1.1,0.104265,0.895735
LCK,4,https://www.oddsportal.com/esports/league-of-legends/league-of-legends-lck-2024/results/#/page/4/,20 Jan 2024 - Spring Season,2024-01-20,2024,Nongshim RedForce,Gen.G,Nongshim RedForce,Gen.G,0-2,0,2,13.5,1.03,0.070888,0.929112
LCK,4,https://www.oddsportal.com/esports/league-of-legends/league-of-legends-lck-2024/results/#/page/4/,20 Jan 2024 - Spring Season,2024-01-20,2024,OKSavingsBank Brion,FearX,HANJIN BRION,BNK FEARX,0-2,0,2,2.17,1.72,0.442159,0.557841
LCK,4,https://www.oddsportal.com/esports/league-of-legends/league-of-legends-lck-2024/results/#/page/4/,19 Jan 2024 - Spring Season,2024-01-19,2024,T1,DN SOOPers,T1,DN SOOPers,2-0,2,0,1.06,10.6,0.909091,0.090909
LCK,4,https://www.oddsportal.com/esports/league-of-legends/league-of-legends-lck-2024/results/#/page/4/,19 Jan 2024 - Spring Season,2024-01-19,2024,Hanwha Life,KRX,Hanwha Life Esports,KRX,2-0,2,0,1.07,9.45,0.898289,0.101711
LCK,4,https://www.oddsportal.com/esports/league-of-legends/league-of-legends-lck-2024/results/#/page/4/,18 Jan 2024 - Spring Season,2024-01-18,2024,KT Rolster,FearX,KT Rolster,BNK FEARX,2-0,2,0,1.26,4.1,0.764925,0.235075
LCK,4,https://www.oddsportal.com/esports/league-of-legends/league-of-legends-lck-2024/results/#/page/4/,18 Jan 2024 - Spring Season,2024-01-18,2024,OKSavingsBank Brion,Dplus Kia,HANJIN BRION,Dplus Kia,0-2,0,2,6.15,1.14,0.156379,0.843621
LCK,4,https://www.oddsportal.com/esports/league-of-legends/league-of-legends-lck-2024/results/#/page/4/,17 Jan 2024 - Spring Season,2024-01-17,2024,Gen.G,T1,Gen.G,T1,2-1,2,1,2.35,1.62,0.40806,0.59194
LCK,4,https://www.oddsportal.com/esports/league-of-legends/league-of-legends-lck-2024/results/#/page/4/,17 Jan 2024 - Spring Season,2024-01-17,2024,KRX,Nongshim RedForce,KRX,Nongshim RedForce,0-2,0,2,1.58,2.45,0.60794,0.39206
LCK,1,https://www.oddsportal.com/esports/league-of-legends/league-of-legends-lck-2025/results/,28 Sep 2025 - Regional Finals,2025-09-28,2025,Gen.G,Hanwha Life,Gen.G,Hanwha Life Esports,3-1,3,1,1.43,2.9,0.669746,0.330254
LCK,1,https://www.oddsportal.com/esports/league-of-legends/league-of-legends-lck-2025/results/,27 Sep 2025 - Regional Finals,2025-09-27,2025,Gen.G,KT Rolster,Gen.G,KT Rolster,3-0,3,0,1.13,6.54,0.852673,0.147327
LCK,1,https://www.oddsportal.com/esports/league-of-legends/league-of-legends-lck-2025/results/,21 Sep 2025 - Regional Finals,2025-09-21,2025,T1,Gen.G,T1,Gen.G,2-3,2,3,3.3,1.41,0.299363,0.700637
LCK,1,https://www.oddsportal.com/esports/league-of-legends/league-of-legends-lck-2025/results/,20 Sep 2025 - Regional Finals,2025-09-20,2025,KT Rolster,Hanwha Life,KT Rolster,Hanwha Life Esports,0-3,0,3,3.77,1.35,0.263672,0.736328
LCK,1,https://www.oddsportal.com/esports/league-of-legends/league-of-legends-lck-2025/results/,18 Sep 2025 - Regional Finals,2025-09-18,2025,Dplus Kia,T1,Dplus Kia,T1,1-3,1,3,3.95,1.33,0.251894,0.748106
LCK,1,https://www.oddsportal.com/esports/league-of-legends/league-of-legends-lck-2025/results/,17 Sep 2025 - Regional Finals,2025-09-17,2025,Dplus Kia,FearX,Dplus Kia,BNK FEARX,3-1,3,1,1.45,3.05,0.677778,0.322222
LCK,1,https://www.oddsportal.com/esports/league-of-legends/league-of-legends-lck-2025/results/,14 Sep 2025 - Regional Finals,2025-09-14,2025,Hanwha Life,T1,Hanwha Life Esports,T1,3-0,3,0,2.9,1.46,0.334862,0.665138
LCK,1,https://www.oddsportal.com/esports/league-of-legends/league-of-legends-lck-2025/results/,13 Sep 2025 - Regional Finals,2025-09-13,2025,Gen.G,KT Rolster,Gen.G,KT Rolster,2-3,2,3,1.07,11.0,0.91135,0.08865
LCK,1,https://www.oddsportal.com/esports/league-of-legends/league-of-legends-lck-2025/results/,11 Sep 2025 - Regional Finals,2025-09-11,2025,FearX,KT Rolster,BNK FEARX,KT Rolster,1-3,1,3,2.86,1.5,0.344037,0.655963
LCK,1,https://www.oddsportal.com/esports/league-of-legends/league-of-legends-lck-2025/results/,10 Sep 2025 - Regional Finals,2025-09-10,2025,Dplus Kia,T1,Dplus Kia,T1,2-3,2,3,7.6,1.12,0.12844,0.87156
LCK,1,https://www.oddsportal.com/esports/league-of-legends/league-of-legends-lck-2025/results/,07 Sep 2025 - Qualifying Finals,2025-09-07,2025,Nongshim RedForce,Dplus Kia,Nongshim RedForce,Dplus Kia,0-3,0,3,3.2,1.39,0.302832,0.697168
LCK,1,https://www.oddsportal.com/esports/league-of-legends/league-of-legends-lck-2025/results/,06 Sep 2025 - Qualifying Finals,2025-09-06,2025,Dplus Kia,OKSavingsBank Brion,Dplus Kia,HANJIN BRION,3-1,3,1,1.32,5.0,0.791139,0.208861
LCK,1,https://www.oddsportal.com/esports/league-of-legends/league-of-legends-lck-2025/results/,05 Sep 2025 - Qualifying Finals,2025-09-05,2025,Nongshim RedForce,FearX,Nongshim RedForce,BNK FEARX,1-3,1,3,2.11,1.92,0.476427,0.523573
LCK,1,https://www.oddsportal.com/esports/league-of-legends/league-of-legends-lck-2025/results/,04 Sep 2025 - Qualifying Finals,2025-09-04,2025,Dplus Kia,FearX,Dplus Kia,BNK FEARX,2-3,2,3,1.3,4.28,0.767025,0.232975
LCK,1,https://www.oddsportal.com/esports/league-of-legends/league-of-legends-lck-2025/results/,03 Sep 2025 - Qualifying Finals,2025-09-03,2025,Nongshim RedForce,OKSavingsBank Brion,Nongshim RedForce,HANJIN BRION,3-2,3,2,1.45,3.2,0.688172,0.311828
LCK,1,https://www.oddsportal.com/esports/league-of-legends/league-of-legends-lck-2025/results/,31 Aug 2025 - Second stage,2025-08-31,2025,KRX,OKSavingsBank Brion,KRX,HANJIN BRION,1-2,1,2,2.1,1.85,0.468354,0.531646
LCK,1,https://www.oddsportal.com/esports/league-of-legends/league-of-legends-lck-2025/results/,31 Aug 2025 - Second stage,2025-08-31,2025,Nongshim RedForce,KT Rolster,Nongshim RedForce,KT Rolster,0-2,0,2,3.52,1.4,0.284553,0.715447
LCK,1,https://www.oddsportal.com/esports/league-of-legends/league-of-legends-lck-2025/results/,30 Aug 2025 - Second stage,2025-08-30,2025,DN SOOPers,Dplus Kia,DN SOOPers,Dplus Kia,1-2,1,2,7.38,1.13,0.132785,0.867215
LCK,1,https://www.oddsportal.com/esports/league-of-legends/league-of-legends-lck-2025/results/,30 Aug 2025 - Second stage,2025-08-30,2025,T1,Gen.G,T1,Gen.G,1-2,1,2,2.72,1.55,0.362998,0.637002
LCK,1,https://www.oddsportal.com/esports/league-of-legends/league-of-legends-lck-2025/results/,29 Aug 2025 - Second stage,2025-08-29,2025,Hanwha Life,Nongshim RedForce,Hanwha Life Esports,Nongshim RedForce,2-0,2,0,1.12,7.8,0.874439,0.125561
LCK,1,https://www.oddsportal.com/esports/league-of-legends/league-of-legends-lck-2025/results/,29 Aug 2025 - Second stage,2025-08-29,2025,FearX,KRX,BNK FEARX,KRX,2-1,2,1,1.62,2.5,0.606796,0.393204
LCK,1,https://www.oddsportal.com/esports/league-of-legends/league-of-legends-lck-2025/results/,28 Aug 2025 - Second stage,2025-08-28,2025,Gen.G,KT Rolster,Gen.G,KT Rolster,2-0,2,0,1.11,7.38,0.869258,0.130742
LCK,1,https://www.oddsportal.com/esports/league-of-legends/league-of-legends-lck-2025/results/,28 Aug 2025 - Second stage,2025-08-28,2025,KT Rolster,Hanwha Life,KT Rolster,Hanwha Life Esports,1-2,1,2,5.8,1.17,0.167862,0.832138
LCK,1,https://www.oddsportal.com/esports/league-of-legends/league-of-legends-lck-2025/results/,28 Aug 2025 - Second stage,2025-08-28,2025,Dplus Kia,OKSavingsBank Brion,Dplus Kia,HANJIN BRION,2-0,2,0,1.43,3.25,0.694444,0.305556
LCK,1,https://www.oddsportal.com/esports/league-of-legends/league-of-legends-lck-2025/results/,27 Aug 2025 - Second stage,2025-08-27,2025,DN SOOPers,FearX,DN SOOPers,BNK FEARX,0-2,0,2,3.2,1.42,0.307359,0.692641
LCK,1,https://www.oddsportal.com/esports/league-of-legends/league-of-legends-lck-2025/results/,27 Aug 2025 - Second stage,2025-08-27,2025,T1,Hanwha Life,T1,Hanwha Life Esports,2-1,2,1,1.62,2.9,0.641593,0.358407
LCK,1,https://www.oddsportal.com/esports/league-of-legends/league-of-legends-lck-2025/results/,24 Aug 2025 - Second stage,2025-08-24,2025,KT Rolster,T1,KT Rolster,T1,2-0,2,0,8.3,1.1,0.117021,0.882979
LCK,1,https://www.oddsportal.com/esports/league-of-legends/league-of-legends-lck-2025/results/,24 Aug 2025 - Second stage,2025-08-24,2025,FearX,Dplus Kia,BNK FEARX,Dplus Kia,0-2,0,2,2.46,1.59,0.392593,0.607407
LCK,1,https://www.oddsportal.com/esports/league-of-legends/league-of-legends-lck-2025/results/,23 Aug 2025 - Second stage,2025-08-23,2025,OKSavingsBank Brion,DN SOOPers,HANJIN BRION,DN SOOPers,1-2,1,2,1.45,3.1,0.681319,0.318681
LCK,1,https://www.oddsportal.com/esports/league-of-legends/league-of-legends-lck-2025/results/,23 Aug 2025 - Second stage,2025-08-23,2025,Hanwha Life,Gen.G,Hanwha Life Esports,Gen.G,1-2,1,2,4.3,1.25,0.225225,0.774775
LCK,1,https://www.oddsportal.com/esports/league-of-legends/league-of-legends-lck-2025/results/,22 Aug 2025 - Second stage,2025-08-22,2025,Dplus Kia,KRX,Dplus Kia,KRX,2-1,2,1,1.32,3.8,0.742188,0.257812
LCK,1,https://www.oddsportal.com/esports/league-of-legends/league-of-legends-lck-2025/results/,22 Aug 2025 - Second stage,2025-08-22,2025,Nongshim RedForce,T1,Nongshim RedForce,T1,1-2,1,2,17.0,1.04,0.05765,0.94235
LCK,1,https://www.oddsportal.com/esports/league-of-legends/league-of-legends-lck-2025/results/,21 Aug 2025 - Second stage,2025-08-21,2025,OKSavingsBank Brion,FearX,HANJIN BRION,BNK FEARX,1-2,1,2,2.11,1.78,0.457584,0.542416
LCK,1,https://www.oddsportal.com/esports/league-of-legends/league-of-legends-lck-2025/results/,21 Aug 2025 - Second stage,2025-08-21,2025,KT Rolster,Hanwha Life,KT Rolster,Hanwha Life Esports,1-2,1,2,5.8,1.17,0.167862,0.832138
LCK,1,https://www.oddsportal.com/esports/league-of-legends/league-of-legends-lck-2025/results/,20 Aug 2025 - Second stage,2025-08-20,2025,Gen.G,Nongshim RedForce,Gen.G,Nongshim RedForce,2-0,2,0,1.03,19.0,0.948577,0.051423
LCK,1,https://www.oddsportal.com/esports/league-of-legends/league-of-legends-lck-2025/results/,20 Aug 2025 - Second stage,2025-08-20,2025,KRX,DN SOOPers,KRX,DN SOOPers,2-0,2,0,1.6,2.72,0.62963,0.37037
LCK,1,https://www.oddsportal.com/esports/league-of-legends/league-of-legends-lck-2025/results/,17 Aug 2025 - Second stage,2025-08-17,2025,OKSavingsBank Brion,Dplus Kia,HANJIN BRION,Dplus Kia,2-0,2,0,3.25,1.34,0.291939,0.708061
LCK,1,https://www.oddsportal.com/esports/league-of-legends/league-of-legends-lck-2025/results/,17 Aug 2025 - Second stage,2025-08-17,2025,Hanwha Life,Gen.G,Hanwha Life Esports,Gen.G,1-2,1,2,5.0,1.18,0.190939,0.809061
LCK,1,https://www.oddsportal.com/esports/league-of-legends/league-of-legends-lck-2025/results/,16 Aug 2025 - Second stage,2025-08-16,2025,KRX,FearX,KRX,BNK FEARX,2-1,2,1,2.8,1.55,0.356322,0.643678
LCK,1,https://www.oddsportal.com/esports/league-of-legends/league-of-legends-lck-2025/results/,16 Aug 2025 - Second stage,2025-08-16,2025,Nongshim RedForce,KT Rolster,Nongshim RedForce,KT Rolster,1-2,1,2,2.8,1.45,0.341176,0.658824
LCK,1,https://www.oddsportal.com/esports/league-of-legends/league-of-legends-lck-2025/results/,15 Aug 2025 - Second stage,2025-08-15,2025,Hanwha Life,T1,Hanwha Life Esports,T1,0-2,0,2,2.9,1.42,0.328704,0.671296
LCK,1,https://www.oddsportal.com/esports/league-of-legends/league-of-legends-lck-2025/results/,15 Aug 2025 - Second stage,2025-08-15,2025,OKSavingsBank Brion,DN SOOPers,HANJIN BRION,DN SOOPers,1-2,1,2,1.31,3.6,0.733198,0.266802
LCK,1,https://www.oddsportal.com/esports/league-of-legends/league-of-legends-lck-2025/results/,14 Aug 2025 - Second stage,2025-08-14,2025,Dplus Kia,KRX,Dplus Kia,KRX,2-0,2,0,1.3,3.6,0.734694,0.265306
LCK,1,https://www.oddsportal.com/esports/league-of-legends/league-of-legends-lck-2025/results/,14 Aug 2025 - Second stage,2025-08-14,2025,Gen.G,Nongshim RedForce,Gen.G,Nongshim RedForce,2-0,2,0,1.03,13.0,0.926586,0.073414
LCK,1,https://www.oddsportal.com/esports/league-of-legends/league-of-legends-lck-2025/results/,13 Aug 2025 - Second stage,2025-08-13,2025,FearX,DN SOOPers,BNK FEARX,DN SOOPers,2-1,2,1,1.28,4.7,0.785953,0.214047
LCK,1,https://www.oddsportal.com/esports/league-of-legends/league-of-legends-lck-2025/results/,13 Aug 2025 - Second stage,2025-08-13,2025,T1,KT Rolster,T1,KT Rolster,2-0,2,0,1.12,6.4,0.851064,0.148936
LCK,1,https://www.oddsportal.com/esports/league-of-legends/league-of-legends-lck-2025/results/,10 Aug 2025 - Second stage,2025-08-10,2025,DN SOOPers,Dplus Kia,DN SOOPers,Dplus Kia,0-2,0,2,8.3,1.2,0.126316,0.873684
LCK,1,https://www.oddsportal.com/esports/league-of-legends/league-of-legends-lck-2025/results/,10 Aug 2025 - Second stage,2025-08-10,2025,KT Rolster,Gen.G,KT Rolster,Gen.G,0-2,0,2,8.4,1.09,0.114858,0.885142
LCK,1,https://www.oddsportal.com/esports/league-of-legends/league-of-legends-lck-2025/results/,09 Aug 2025 - Second stage,2025-08-09,2025,Nongshim RedForce,T1,Nongshim RedForce,T1,0-2,0,2,7.2,1.14,0.136691,0.863309
LCK,1,https://www.oddsportal.com/esports/league-of-legends/league-of-legends-lck-2025/results/,09 Aug 2025 - Second stage,2025-08-09,2025,KRX,OKSavingsBank Brion,KRX,HANJIN BRION,1-2,1,2,2.36,1.73,0.422983,0.577017
LCK,1,https://www.oddsportal.com/esports/league-of-legends/league-of-legends-lck-2025/results/,08 Aug 2025 - Second stage,2025-08-08,2025,KT Rolster,Hanwha Life,KT Rolster,Hanwha Life Esports,0-2,0,2,3.8,1.31,0.25636,0.74364
LCK,2,https://www.oddsportal.com/esports/league-of-legends/league-of-legends-lck-2025/results/#/page/2/,08 Aug 2025 - Second stage,2025-08-08,2025,FearX,Dplus Kia,BNK FEARX,Dplus Kia,2-0,2,0,3.52,1.33,0.274227,0.725773
LCK,2,https://www.oddsportal.com/esports/league-of-legends/league-of-legends-lck-2025/results/#/page/2/,07 Aug 2025 - Second stage,2025-08-07,2025,Gen.G,T1,Gen.G,T1,2-1,2,1,1.55,2.5,0.617284,0.382716
LCK,2,https://www.oddsportal.com/esports/league-of-legends/league-of-legends-lck-2025/results/#/page/2/,07 Aug 2025 - Second stage,2025-08-07,2025,KRX,DN SOOPers,KRX,DN SOOPers,1-2,1,2,1.5,3.5,0.7,0.3
LCK,2,https://www.oddsportal.com/esports/league-of-legends/league-of-legends-lck-2025/results/#/page/2/,06 Aug 2025 - Second stage,2025-08-06,2025,OKSavingsBank Brion,FearX,HANJIN BRION,BNK FEARX,0-2,0,2,1.87,2.0,0.516796,0.483204
LCK,2,https://www.oddsportal.com/esports/league-of-legends/league-of-legends-lck-2025/results/#/page/2/,06 Aug 2025 - Second stage,2025-08-06,2025,Hanwha Life,Nongshim RedForce,Hanwha Life Esports,Nongshim RedForce,2-0,2,0,1.09,8.3,0.883919,0.116081
LCK,2,https://www.oddsportal.com/esports/league-of-legends/league-of-legends-lck-2025/results/#/page/2/,03 Aug 2025 - Second stage,2025-08-03,2025,Nongshim RedForce,Gen.G,Nongshim RedForce,Gen.G,0-2,0,2,14.6,1.06,0.067688,0.932312
LCK,2,https://www.oddsportal.com/esports/league-of-legends/league-of-legends-lck-2025/results/#/page/2/,03 Aug 2025 - Second stage,2025-08-03,2025,DN SOOPers,OKSavingsBank Brion,DN SOOPers,HANJIN BRION,0-2,0,2,3.8,1.32,0.257812,0.742188
LCK,2,https://www.oddsportal.com/esports/league-of-legends/league-of-legends-lck-2025/results/#/page/2/,02 Aug 2025 - Second stage,2025-08-02,2025,FearX,KRX,BNK FEARX,KRX,1-2,1,2,1.75,2.35,0.573171,0.426829
LCK,2,https://www.oddsportal.com/esports/league-of-legends/league-of-legends-lck-2025/results/#/page/2/,02 Aug 2025 - Second stage,2025-08-02,2025,T1,Hanwha Life,T1,Hanwha Life Esports,2-0,2,0,1.65,2.72,0.622426,0.377574
LCK,2,https://www.oddsportal.com/esports/league-of-legends/league-of-legends-lck-2025/results/#/page/2/,01 Aug 2025 - Second stage,2025-08-01,2025,Dplus Kia,DN SOOPers,Dplus Kia,DN SOOPers,2-0,2,0,1.15,6.46,0.848883,0.151117
LCK,2,https://www.oddsportal.com/esports/league-of-legends/league-of-legends-lck-2025/results/#/page/2/,01 Aug 2025 - Second stage,2025-08-01,2025,Gen.G,KT Rolster,Gen.G,KT Rolster,2-0,2,0,1.1,8.3,0.882979,0.117021
LCK,2,https://www.oddsportal.com/esports/league-of-legends/league-of-legends-lck-2025/results/#/page/2/,31 Jul 2025 - Second stage,2025-07-31,2025,Nongshim RedForce,Hanwha Life,Nongshim RedForce,Hanwha Life Esports,0-2,0,2,5.4,2.5,0.316456,0.683544
LCK,2,https://www.oddsportal.com/esports/league-of-legends/league-of-legends-lck-2025/results/#/page/2/,31 Jul 2025 - Second stage,2025-07-31,2025,FearX,OKSavingsBank Brion,BNK FEARX,HANJIN BRION,2-0,2,0,2.39,1.75,0.422705,0.577295
LCK,2,https://www.oddsportal.com/esports/league-of-legends/league-of-legends-lck-2025/results/#/page/2/,30 Jul 2025 - Second stage,2025-07-30,2025,KT Rolster,T1,KT Rolster,T1,0-2,0,2,3.5,3.0,0.461538,0.538462
LCK,2,https://www.oddsportal.com/esports/league-of-legends/league-of-legends-lck-2025/results/#/page/2/,30 Jul 2025 - Second stage,2025-07-30,2025,KRX,Dplus Kia,KRX,Dplus Kia,1-2,1,2,3.63,1.31,0.265182,0.734818
LCK,2,https://www.oddsportal.com/esports/league-of-legends/league-of-legends-lck-2025/results/#/page/2/,27 Jul 2025 - Second stage,2025-07-27,2025,T1,Nongshim RedForce,T1,Nongshim RedForce,2-0,2,0,1.15,6.36,0.846871,0.153129
LCK,2,https://www.oddsportal.com/esports/league-of-legends/league-of-legends-lck-2025/results/#/page/2/,27 Jul 2025 - Second stage,2025-07-27,2025,DN SOOPers,KRX,DN SOOPers,KRX,1-2,1,2,3.52,1.45,0.291751,0.708249
LCK,2,https://www.oddsportal.com/esports/league-of-legends/league-of-legends-lck-2025/results/#/page/2/,26 Jul 2025 - Second stage,2025-07-26,2025,Hanwha Life,KT Rolster,Hanwha Life Esports,KT Rolster,2-0,2,0,1.4,3.1,0.688889,0.311111
LCK,2,https://www.oddsportal.com/esports/league-of-legends/league-of-legends-lck-2025/results/#/page/2/,26 Jul 2025 - Second stage,2025-07-26,2025,Dplus Kia,FearX,Dplus Kia,BNK FEARX,2-0,2,0,1.4,3.1,0.688889,0.311111
LCK,2,https://www.oddsportal.com/esports/league-of-legends/league-of-legends-lck-2025/results/#/page/2/,25 Jul 2025 - Second stage,2025-07-25,2025,OKSavingsBank Brion,KRX,HANJIN BRION,KRX,2-1,2,1,1.85,2.18,0.540943,0.459057
LCK,2,https://www.oddsportal.com/esports/league-of-legends/league-of-legends-lck-2025/results/#/page/2/,25 Jul 2025 - Second stage,2025-07-25,2025,T1,Gen.G,T1,Gen.G,2-1,2,1,3.38,1.4,0.292887,0.707113
LCK,2,https://www.oddsportal.com/esports/league-of-legends/league-of-legends-lck-2025/results/#/page/2/,24 Jul 2025 - Second stage,2025-07-24,2025,KT Rolster,Nongshim RedForce,KT Rolster,Nongshim RedForce,2-0,2,0,1.5,2.8,0.651163,0.348837
LCK,2,https://www.oddsportal.com/esports/league-of-legends/league-of-legends-lck-2025/results/#/page/2/,24 Jul 2025 - Second stage,2025-07-24,2025,DN SOOPers,FearX,DN SOOPers,BNK FEARX,0-2,0,2,2.88,1.52,0.345455,0.654545
LCK,2,https://www.oddsportal.com/esports/league-of-legends/league-of-legends-lck-2025/results/#/page/2/,23 Jul 2025 - Second stage,2025-07-23,2025,Gen.G,Hanwha Life,Gen.G,Hanwha Life Esports,2-0,2,0,1.45,3.25,0.691489,0.308511
LCK,2,https://www.oddsportal.com/esports/league-of-legends/league-of-legends-lck-2025/results/#/page/2/,23 Jul 2025 - Second stage,2025-07-23,2025,Dplus Kia,OKSavingsBank Brion,Dplus Kia,HANJIN BRION,1-2,1,2,1.32,4.3,0.765125,0.234875
LCK,2,https://www.oddsportal.com/esports/league-of-legends/league-of-legends-lck-2025/results/#/page/2/,15 Jun 2025 - Qualification - Play Offs,2025-06-15,2025,Hanwha Life,T1,Hanwha Life Esports,T1,0-3,0,3,1.45,3.23,0.690171,0.309829
LCK,2,https://www.oddsportal.com/esports/league-of-legends/league-of-legends-lck-2025/results/#/page/2/,14 Jun 2025 - Qualification - Play Offs,2025-06-14,2025,T1,KT Rolster,T1,KT Rolster,3-1,3,1,1.65,2.26,0.578005,0.421995
LCK,2,https://www.oddsportal.com/esports/league-of-legends/league-of-legends-lck-2025/results/#/page/2/,13 Jun 2025 - Qualification - Play Offs,2025-06-13,2025,Gen.G,Hanwha Life,Gen.G,Hanwha Life Esports,3-2,3,2,1.4,3.38,0.707113,0.292887
LCK,2,https://www.oddsportal.com/esports/league-of-legends/league-of-legends-lck-2025/results/#/page/2/,08 Jun 2025 - Qualification - Play Offs,2025-06-08,2025,KT Rolster,Nongshim RedForce,KT Rolster,Nongshim RedForce,3-0,3,0,1.5,2.64,0.637681,0.362319
LCK,2,https://www.oddsportal.com/esports/league-of-legends/league-of-legends-lck-2025/results/#/page/2/,07 Jun 2025 - Qualification - Play Offs,2025-06-07,2025,KT Rolster,Dplus Kia,KT Rolster,Dplus Kia,3-0,3,0,1.82,4.0,0.687285,0.312715
LCK,2,https://www.oddsportal.com/esports/league-of-legends/league-of-legends-lck-2025/results/#/page/2/,04 Jun 2025 - First stage,2025-06-04,2025,Dplus Kia,KT Rolster,Dplus Kia,KT Rolster,1-2,1,2,1.75,2.29,0.566832,0.433168
LCK,2,https://www.oddsportal.com/esports/league-of-legends/league-of-legends-lck-2025/results/#/page/2/,01 Jun 2025 - First stage,2025-06-01,2025,Dplus Kia,Nongshim RedForce,Dplus Kia,Nongshim RedForce,2-1,2,1,1.61,2.35,0.593434,0.406566
LCK,2,https://www.oddsportal.com/esports/league-of-legends/league-of-legends-lck-2025/results/#/page/2/,01 Jun 2025 - First stage,2025-06-01,2025,Hanwha Life,FearX,Hanwha Life Esports,BNK FEARX,2-0,2,0,1.1,9.0,0.891089,0.108911
LCK,2,https://www.oddsportal.com/esports/league-of-legends/league-of-legends-lck-2025/results/#/page/2/,31 May 2025 - First stage,2025-05-31,2025,OKSavingsBank Brion,Gen.G,HANJIN BRION,Gen.G,0-2,0,2,11.3,1.06,0.085761,0.914239
LCK,2,https://www.oddsportal.com/esports/league-of-legends/league-of-legends-lck-2025/results/#/page/2/,31 May 2025 - First stage,2025-05-31,2025,KT Rolster,KRX,KT Rolster,KRX,2-0,2,0,1.26,4.33,0.774597,0.225403
LCK,2,https://www.oddsportal.com/esports/league-of-legends/league-of-legends-lck-2025/results/#/page/2/,30 May 2025 - First stage,2025-05-30,2025,Dplus Kia,DN SOOPers,Dplus Kia,DN SOOPers,2-1,2,1,1.1,8.3,0.882979,0.117021
LCK,2,https://www.oddsportal.com/esports/league-of-legends/league-of-legends-lck-2025/results/#/page/2/,30 May 2025 - First stage,2025-05-30,2025,Nongshim RedForce,T1,Nongshim RedForce,T1,2-0,2,0,5.22,1.32,0.201835,0.798165
LCK,2,https://www.oddsportal.com/esports/league-of-legends/league-of-legends-lck-2025/results/#/page/2/,29 May 2025 - First stage,2025-05-29,2025,KT Rolster,Gen.G,KT Rolster,Gen.G,1-2,1,2,8.5,1.11,0.115505,0.884495
LCK,2,https://www.oddsportal.com/esports/league-of-legends/league-of-legends-lck-2025/results/#/page/2/,29 May 2025 - First stage,2025-05-29,2025,KRX,OKSavingsBank Brion,KRX,HANJIN BRION,2-1,2,1,2.46,1.65,0.40146,0.59854
LCK,2,https://www.oddsportal.com/esports/league-of-legends/league-of-legends-lck-2025/results/#/page/2/,28 May 2025 - First stage,2025-05-28,2025,T1,Hanwha Life,T1,Hanwha Life Esports,0-2,0,2,2.4,1.65,0.407407,0.592593
LCK,2,https://www.oddsportal.com/esports/league-of-legends/league-of-legends-lck-2025/results/#/page/2/,28 May 2025 - First stage,2025-05-28,2025,FearX,DN SOOPers,BNK FEARX,DN SOOPers,2-1,2,1,1.42,3.1,0.685841,0.314159
LCK,2,https://www.oddsportal.com/esports/league-of-legends/league-of-legends-lck-2025/results/#/page/2/,25 May 2025 - First stage,2025-05-25,2025,FearX,KT Rolster,BNK FEARX,KT Rolster,1-2,1,2,3.52,1.33,0.274227,0.725773
LCK,2,https://www.oddsportal.com/esports/league-of-legends/league-of-legends-lck-2025/results/#/page/2/,25 May 2025 - First stage,2025-05-25,2025,OKSavingsBank Brion,Nongshim RedForce,HANJIN BRION,Nongshim RedForce,1-2,1,2,2.9,1.55,0.348315,0.651685
LCK,2,https://www.oddsportal.com/esports/league-of-legends/league-of-legends-lck-2025/results/#/page/2/,24 May 2025 - First stage,2025-05-24,2025,DN SOOPers,T1,DN SOOPers,T1,0-2,0,2,10.0,1.04,0.094203,0.905797
LCK,2,https://www.oddsportal.com/esports/league-of-legends/league-of-legends-lck-2025/results/#/page/2/,24 May 2025 - First stage,2025-05-24,2025,Hanwha Life,Dplus Kia,Hanwha Life Esports,Dplus Kia,1-2,1,2,1.2,5.63,0.824305,0.175695
LCK,2,https://www.oddsportal.com/esports/league-of-legends/league-of-legends-lck-2025/results/#/page/2/,23 May 2025 - First stage,2025-05-23,2025,Nongshim RedForce,KT Rolster,Nongshim RedForce,KT Rolster,1-2,1,2,2.08,1.85,0.470738,0.529262
LCK,2,https://www.oddsportal.com/esports/league-of-legends/league-of-legends-lck-2025/results/#/page/2/,23 May 2025 - First stage,2025-05-23,2025,Gen.G,KRX,Gen.G,KRX,2-0,2,0,1.02,19.0,0.949051,0.050949
LCK,2,https://www.oddsportal.com/esports/league-of-legends/league-of-legends-lck-2025/results/#/page/2/,22 May 2025 - First stage,2025-05-22,2025,T1,FearX,T1,BNK FEARX,2-0,2,0,1.15,5.3,0.821705,0.178295
LCK,2,https://www.oddsportal.com/esports/league-of-legends/league-of-legends-lck-2025/results/#/page/2/,22 May 2025 - First stage,2025-05-22,2025,OKSavingsBank Brion,Dplus Kia,HANJIN BRION,Dplus Kia,2-0,2,0,4.62,1.25,0.212947,0.787053
LCK,2,https://www.oddsportal.com/esports/league-of-legends/league-of-legends-lck-2025/results/#/page/2/,21 May 2025 - First stage,2025-05-21,2025,DN SOOPers,KRX,DN SOOPers,KRX,0-2,0,2,2.35,1.65,0.4125,0.5875
LCK,3,https://www.oddsportal.com/esports/league-of-legends/league-of-legends-lck-2025/results/#/page/3/,21 May 2025 - First stage,2025-05-21,2025,Gen.G,Hanwha Life,Gen.G,Hanwha Life Esports,2-1,2,1,1.45,3.1,0.681319,0.318681
LCK,3,https://www.oddsportal.com/esports/league-of-legends/league-of-legends-lck-2025/results/#/page/3/,18 May 2025 - First stage,2025-05-18,2025,Gen.G,T1,Gen.G,T1,2-0,2,0,1.38,3.2,0.69869,0.30131
LCK,3,https://www.oddsportal.com/esports/league-of-legends/league-of-legends-lck-2025/results/#/page/3/,18 May 2025 - First stage,2025-05-18,2025,Hanwha Life,DN SOOPers,Hanwha Life Esports,DN SOOPers,2-0,2,0,1.03,14.6,0.934101,0.065899
LCK,3,https://www.oddsportal.com/esports/league-of-legends/league-of-legends-lck-2025/results/#/page/3/,17 May 2025 - First stage,2025-05-17,2025,KT Rolster,OKSavingsBank Brion,KT Rolster,HANJIN BRION,2-1,2,1,1.35,2.94,0.685315,0.314685
LCK,3,https://www.oddsportal.com/esports/league-of-legends/league-of-legends-lck-2025/results/#/page/3/,17 May 2025 - First stage,2025-05-17,2025,KRX,Nongshim RedForce,KRX,Nongshim RedForce,1-2,1,2,3.52,1.45,0.291751,0.708249
LCK,3,https://www.oddsportal.com/esports/league-of-legends/league-of-legends-lck-2025/results/#/page/3/,16 May 2025 - First stage,2025-05-16,2025,DN SOOPers,Gen.G,DN SOOPers,Gen.G,0-2,0,2,14.5,1.02,0.065722,0.934278
LCK,3,https://www.oddsportal.com/esports/league-of-legends/league-of-legends-lck-2025/results/#/page/3/,16 May 2025 - First stage,2025-05-16,2025,Dplus Kia,FearX,Dplus Kia,BNK FEARX,2-0,2,0,1.45,3.66,0.716243,0.283757
LCK,3,https://www.oddsportal.com/esports/league-of-legends/league-of-legends-lck-2025/results/#/page/3/,15 May 2025 - First stage,2025-05-15,2025,T1,OKSavingsBank Brion,T1,HANJIN BRION,2-1,2,1,1.36,6.3,0.822454,0.177546
LCK,3,https://www.oddsportal.com/esports/league-of-legends/league-of-legends-lck-2025/results/#/page/3/,15 May 2025 - First stage,2025-05-15,2025,KT Rolster,Hanwha Life,KT Rolster,Hanwha Life Esports,2-1,2,1,7.38,1.11,0.130742,0.869258
LCK,3,https://www.oddsportal.com/esports/league-of-legends/league-of-legends-lck-2025/results/#/page/3/,14 May 2025 - First stage,2025-05-14,2025,KRX,Dplus Kia,KRX,Dplus Kia,1-2,1,2,4.3,1.24,0.223827,0.776173
LCK,3,https://www.oddsportal.com/esports/league-of-legends/league-of-legends-lck-2025/results/#/page/3/,14 May 2025 - First stage,2025-05-14,2025,FearX,Nongshim RedForce,BNK FEARX,Nongshim RedForce,1-2,1,2,2.18,1.73,0.442455,0.557545
LCK,3,https://www.oddsportal.com/esports/league-of-legends/league-of-legends-lck-2025/results/#/page/3/,11 May 2025 - First stage,2025-05-11,2025,Hanwha Life,KRX,Hanwha Life Esports,KRX,2-0,2,0,1.04,12.7,0.924309,0.075691
LCK,3,https://www.oddsportal.com/esports/league-of-legends/league-of-legends-lck-2025/results/#/page/3/,11 May 2025 - First stage,2025-05-11,2025,Nongshim RedForce,DN SOOPers,Nongshim RedForce,DN SOOPers,1-2,1,2,1.2,5.8,0.828571,0.171429
LCK,3,https://www.oddsportal.com/esports/league-of-legends/league-of-legends-lck-2025/results/#/page/3/,10 May 2025 - First stage,2025-05-10,2025,Gen.G,FearX,Gen.G,BNK FEARX,2-0,2,0,1.06,10.0,0.904159,0.095841
LCK,3,https://www.oddsportal.com/esports/league-of-legends/league-of-legends-lck-2025/results/#/page/3/,10 May 2025 - First stage,2025-05-10,2025,Dplus Kia,T1,Dplus Kia,T1,0-2,0,2,2.72,1.5,0.35545,0.64455
LCK,3,https://www.oddsportal.com/esports/league-of-legends/league-of-legends-lck-2025/results/#/page/3/,09 May 2025 - First stage,2025-05-09,2025,OKSavingsBank Brion,Hanwha Life,HANJIN BRION,Hanwha Life Esports,0-2,0,2,11.8,1.03,0.080281,0.919719
LCK,3,https://www.oddsportal.com/esports/league-of-legends/league-of-legends-lck-2025/results/#/page/3/,09 May 2025 - First stage,2025-05-09,2025,DN SOOPers,KT Rolster,DN SOOPers,KT Rolster,0-2,0,2,4.3,1.3,0.232143,0.767857
LCK,3,https://www.oddsportal.com/esports/league-of-legends/league-of-legends-lck-2025/results/#/page/3/,08 May 2025 - First stage,2025-05-08,2025,Nongshim RedForce,Gen.G,Nongshim RedForce,Gen.G,0-2,0,2,7.34,1.09,0.1293,0.8707
LCK,3,https://www.oddsportal.com/esports/league-of-legends/league-of-legends-lck-2025/results/#/page/3/,08 May 2025 - First stage,2025-05-08,2025,T1,KRX,T1,KRX,2-0,2,0,1.1,8.3,0.882979,0.117021
LCK,3,https://www.oddsportal.com/esports/league-of-legends/league-of-legends-lck-2025/results/#/page/3/,07 May 2025 - First stage,2025-05-07,2025,Dplus Kia,KT Rolster,Dplus Kia,KT Rolster,0-2,0,2,1.3,4.3,0.767857,0.232143
LCK,3,https://www.oddsportal.com/esports/league-of-legends/league-of-legends-lck-2025/results/#/page/3/,07 May 2025 - First stage,2025-05-07,2025,FearX,OKSavingsBank Brion,BNK FEARX,HANJIN BRION,2-1,2,1,1.8,2.1,0.538462,0.461538
LCK,3,https://www.oddsportal.com/esports/league-of-legends/league-of-legends-lck-2025/results/#/page/3/,04 May 2025 - First stage,2025-05-04,2025,DN SOOPers,OKSavingsBank Brion,DN SOOPers,HANJIN BRION,1-2,1,2,3.04,1.42,0.318386,0.681614
LCK,3,https://www.oddsportal.com/esports/league-of-legends/league-of-legends-lck-2025/results/#/page/3/,04 May 2025 - First stage,2025-05-04,2025,KT Rolster,T1,KT Rolster,T1,0-2,0,2,5.22,1.18,0.184375,0.815625
LCK,3,https://www.oddsportal.com/esports/league-of-legends/league-of-legends-lck-2025/results/#/page/3/,03 May 2025 - First stage,2025-05-03,2025,KRX,FearX,KRX,BNK FEARX,2-0,2,0,2.7,1.55,0.364706,0.635294
LCK,3,https://www.oddsportal.com/esports/league-of-legends/league-of-legends-lck-2025/results/#/page/3/,03 May 2025 - First stage,2025-05-03,2025,Gen.G,Dplus Kia,Gen.G,Dplus Kia,2-0,2,0,1.2,5.8,0.828571,0.171429
LCK,3,https://www.oddsportal.com/esports/league-of-legends/league-of-legends-lck-2025/results/#/page/3/,02 May 2025 - First stage,2025-05-02,2025,Hanwha Life,Nongshim RedForce,Hanwha Life Esports,Nongshim RedForce,2-0,2,0,1.13,6.59,0.853627,0.146373
LCK,3,https://www.oddsportal.com/esports/league-of-legends/league-of-legends-lck-2025/results/#/page/3/,02 May 2025 - First stage,2025-05-02,2025,T1,DN SOOPers,T1,DN SOOPers,2-0,2,0,1.1,9.95,0.900452,0.099548
LCK,3,https://www.oddsportal.com/esports/league-of-legends/league-of-legends-lck-2025/results/#/page/3/,01 May 2025 - First stage,2025-05-01,2025,OKSavingsBank Brion,KRX,HANJIN BRION,KRX,1-2,1,2,1.64,2.35,0.588972,0.411028
LCK,3,https://www.oddsportal.com/esports/league-of-legends/league-of-legends-lck-2025/results/#/page/3/,01 May 2025 - First stage,2025-05-01,2025,Gen.G,KT Rolster,Gen.G,KT Rolster,2-0,2,0,1.05,12.6,0.923077,0.076923
LCK,3,https://www.oddsportal.com/esports/league-of-legends/league-of-legends-lck-2025/results/#/page/3/,30 Apr 2025 - First stage,2025-04-30,2025,FearX,Hanwha Life,BNK FEARX,Hanwha Life Esports,0-2,0,2,9.95,1.08,0.097915,0.902085
LCK,3,https://www.oddsportal.com/esports/league-of-legends/league-of-legends-lck-2025/results/#/page/3/,30 Apr 2025 - First stage,2025-04-30,2025,Nongshim RedForce,Dplus Kia,Nongshim RedForce,Dplus Kia,2-1,2,1,3.63,1.32,0.266667,0.733333
LCK,3,https://www.oddsportal.com/esports/league-of-legends/league-of-legends-lck-2025/results/#/page/3/,27 Apr 2025 - First stage,2025-04-27,2025,Dplus Kia,Hanwha Life,Dplus Kia,Hanwha Life Esports,1-2,1,2,2.88,1.45,0.334873,0.665127
LCK,3,https://www.oddsportal.com/esports/league-of-legends/league-of-legends-lck-2025/results/#/page/3/,27 Apr 2025 - First stage,2025-04-27,2025,OKSavingsBank Brion,T1,HANJIN BRION,T1,2-1,2,1,6.36,1.14,0.152,0.848
LCK,3,https://www.oddsportal.com/esports/league-of-legends/league-of-legends-lck-2025/results/#/page/3/,26 Apr 2025 - First stage,2025-04-26,2025,KRX,Gen.G,KRX,Gen.G,0-2,0,2,11.3,1.1,0.08871,0.91129
LCK,3,https://www.oddsportal.com/esports/league-of-legends/league-of-legends-lck-2025/results/#/page/3/,26 Apr 2025 - First stage,2025-04-26,2025,DN SOOPers,FearX,DN SOOPers,BNK FEARX,1-2,1,2,3.1,1.4,0.311111,0.688889
LCK,3,https://www.oddsportal.com/esports/league-of-legends/league-of-legends-lck-2025/results/#/page/3/,25 Apr 2025 - First stage,2025-04-25,2025,T1,Dplus Kia,T1,Dplus Kia,2-1,2,1,2.11,1.87,0.469849,0.530151
LCK,3,https://www.oddsportal.com/esports/league-of-legends/league-of-legends-lck-2025/results/#/page/3/,25 Apr 2025 - First stage,2025-04-25,2025,KT Rolster,Nongshim RedForce,KT Rolster,Nongshim RedForce,0-2,0,2,2.46,1.62,0.397059,0.602941
LCK,3,https://www.oddsportal.com/esports/league-of-legends/league-of-legends-lck-2025/results/#/page/3/,24 Apr 2025 - First stage,2025-04-24,2025,Hanwha Life,OKSavingsBank Brion,Hanwha Life Esports,HANJIN BRION,2-0,2,0,1.06,11.3,0.914239,0.085761
LCK,3,https://www.oddsportal.com/esports/league-of-legends/league-of-legends-lck-2025/results/#/page/3/,24 Apr 2025 - First stage,2025-04-24,2025,Gen.G,DN SOOPers,Gen.G,DN SOOPers,2-0,2,0,1.02,17.0,0.943396,0.056604
LCK,3,https://www.oddsportal.com/esports/league-of-legends/league-of-legends-lck-2025/results/#/page/3/,23 Apr 2025 - First stage,2025-04-23,2025,Nongshim RedForce,FearX,Nongshim RedForce,BNK FEARX,2-0,2,0,1.78,2.05,0.535248,0.464752
LCK,3,https://www.oddsportal.com/esports/league-of-legends/league-of-legends-lck-2025/results/#/page/3/,23 Apr 2025 - First stage,2025-04-23,2025,KRX,KT Rolster,KRX,KT Rolster,0-2,0,2,2.4,1.7,0.414634,0.585366
LCK,3,https://www.oddsportal.com/esports/league-of-legends/league-of-legends-lck-2025/results/#/page/3/,20 Apr 2025 - First stage,2025-04-20,2025,KT Rolster,DN SOOPers,KT Rolster,DN SOOPers,2-0,2,0,1.65,2.32,0.584383,0.415617
LCK,3,https://www.oddsportal.com/esports/league-of-legends/league-of-legends-lck-2025/results/#/page/3/,20 Apr 2025 - First stage,2025-04-20,2025,Dplus Kia,KRX,Dplus Kia,KRX,2-1,2,1,1.1,9.95,0.900452,0.099548
LCK,3,https://www.oddsportal.com/esports/league-of-legends/league-of-legends-lck-2025/results/#/page/3/,19 Apr 2025 - First stage,2025-04-19,2025,Nongshim RedForce,Hanwha Life,Nongshim RedForce,Hanwha Life Esports,0-2,0,2,6.59,1.13,0.146373,0.853627
LCK,3,https://www.oddsportal.com/esports/league-of-legends/league-of-legends-lck-2025/results/#/page/3/,19 Apr 2025 - First stage,2025-04-19,2025,Gen.G,OKSavingsBank Brion,Gen.G,HANJIN BRION,2-0,2,0,1.06,10.4,0.907504,0.092496
LCK,3,https://www.oddsportal.com/esports/league-of-legends/league-of-legends-lck-2025/results/#/page/3/,18 Apr 2025 - First stage,2025-04-18,2025,DN SOOPers,Dplus Kia,DN SOOPers,Dplus Kia,0-2,0,2,5.8,1.12,0.16185,0.83815
LCK,3,https://www.oddsportal.com/esports/league-of-legends/league-of-legends-lck-2025/results/#/page/3/,18 Apr 2025 - First stage,2025-04-18,2025,FearX,T1,BNK FEARX,T1,2-1,2,1,6.36,1.14,0.152,0.848
LCK,3,https://www.oddsportal.com/esports/league-of-legends/league-of-legends-lck-2025/results/#/page/3/,17 Apr 2025 - First stage,2025-04-17,2025,OKSavingsBank Brion,KT Rolster,HANJIN BRION,KT Rolster,2-1,2,1,2.72,1.52,0.358491,0.641509
LCK,3,https://www.oddsportal.com/esports/league-of-legends/league-of-legends-lck-2025/results/#/page/3/,17 Apr 2025 - First stage,2025-04-17,2025,KRX,Hanwha Life,KRX,Hanwha Life Esports,0-2,0,2,14.6,1.06,0.067688,0.932312
LCK,4,https://www.oddsportal.com/esports/league-of-legends/league-of-legends-lck-2025/results/#/page/4/,16 Apr 2025 - First stage,2025-04-16,2025,T1,Nongshim RedForce,T1,Nongshim RedForce,2-1,2,1,1.22,5.8,0.826211,0.173789
LCK,4,https://www.oddsportal.com/esports/league-of-legends/league-of-legends-lck-2025/results/#/page/4/,13 Apr 2025 - First stage,2025-04-13,2025,Nongshim RedForce,KRX,Nongshim RedForce,KRX,2-1,2,1,1.45,3.1,0.681319,0.318681
LCK,4,https://www.oddsportal.com/esports/league-of-legends/league-of-legends-lck-2025/results/#/page/4/,13 Apr 2025 - First stage,2025-04-13,2025,Dplus Kia,Gen.G,Dplus Kia,Gen.G,1-2,1,2,4.3,1.3,0.232143,0.767857
LCK,4,https://www.oddsportal.com/esports/league-of-legends/league-of-legends-lck-2025/results/#/page/4/,12 Apr 2025 - First stage,2025-04-12,2025,KT Rolster,FearX,KT Rolster,BNK FEARX,2-1,2,1,1.5,2.5,0.625,0.375
LCK,4,https://www.oddsportal.com/esports/league-of-legends/league-of-legends-lck-2025/results/#/page/4/,12 Apr 2025 - First stage,2025-04-12,2025,Hanwha Life,T1,Hanwha Life Esports,T1,2-0,2,0,1.93,1.93,0.5,0.5
LCK,4,https://www.oddsportal.com/esports/league-of-legends/league-of-legends-lck-2025/results/#/page/4/,11 Apr 2025 - First stage,2025-04-11,2025,Gen.G,Nongshim RedForce,Gen.G,Nongshim RedForce,2-0,2,0,1.15,6.07,0.84072,0.15928
LCK,4,https://www.oddsportal.com/esports/league-of-legends/league-of-legends-lck-2025/results/#/page/4/,11 Apr 2025 - First stage,2025-04-11,2025,OKSavingsBank Brion,DN SOOPers,HANJIN BRION,DN SOOPers,2-1,2,1,1.98,1.93,0.493606,0.506394
LCK,4,https://www.oddsportal.com/esports/league-of-legends/league-of-legends-lck-2025/results/#/page/4/,10 Apr 2025 - First stage,2025-04-10,2025,T1,KT Rolster,T1,KT Rolster,2-0,2,0,1.18,5.3,0.817901,0.182099
LCK,4,https://www.oddsportal.com/esports/league-of-legends/league-of-legends-lck-2025/results/#/page/4/,10 Apr 2025 - First stage,2025-04-10,2025,FearX,KRX,BNK FEARX,KRX,2-0,2,0,2.75,1.58,0.364896,0.635104
LCK,4,https://www.oddsportal.com/esports/league-of-legends/league-of-legends-lck-2025/results/#/page/4/,09 Apr 2025 - First stage,2025-04-09,2025,Dplus Kia,OKSavingsBank Brion,Dplus Kia,HANJIN BRION,2-0,2,0,1.16,5.8,0.833333,0.166667
LCK,4,https://www.oddsportal.com/esports/league-of-legends/league-of-legends-lck-2025/results/#/page/4/,09 Apr 2025 - First stage,2025-04-09,2025,DN SOOPers,Hanwha Life,DN SOOPers,Hanwha Life Esports,1-2,1,2,12.7,1.06,0.077035,0.922965
LCK,4,https://www.oddsportal.com/esports/league-of-legends/league-of-legends-lck-2025/results/#/page/4/,06 Apr 2025 - First stage,2025-04-06,2025,T1,Gen.G,T1,Gen.G,1-2,1,2,2.55,1.57,0.381068,0.618932
LCK,4,https://www.oddsportal.com/esports/league-of-legends/league-of-legends-lck-2025/results/#/page/4/,06 Apr 2025 - First stage,2025-04-06,2025,KT Rolster,Dplus Kia,KT Rolster,Dplus Kia,0-2,0,2,3.63,1.31,0.265182,0.734818
LCK,4,https://www.oddsportal.com/esports/league-of-legends/league-of-legends-lck-2025/results/#/page/4/,05 Apr 2025 - First stage,2025-04-05,2025,DN SOOPers,Nongshim RedForce,DN SOOPers,Nongshim RedForce,0-2,0,2,5.22,1.2,0.186916,0.813084
LCK,4,https://www.oddsportal.com/esports/league-of-legends/league-of-legends-lck-2025/results/#/page/4/,05 Apr 2025 - First stage,2025-04-05,2025,OKSavingsBank Brion,FearX,HANJIN BRION,BNK FEARX,1-2,1,2,1.8,2.08,0.536082,0.463918
LCK,4,https://www.oddsportal.com/esports/league-of-legends/league-of-legends-lck-2025/results/#/page/4/,04 Apr 2025 - First stage,2025-04-04,2025,KRX,T1,KRX,T1,0-2,0,2,6.6,1.08,0.140625,0.859375
LCK,4,https://www.oddsportal.com/esports/league-of-legends/league-of-legends-lck-2025/results/#/page/4/,04 Apr 2025 - First stage,2025-04-04,2025,Hanwha Life,KT Rolster,Hanwha Life Esports,KT Rolster,2-1,2,1,1.1,7.34,0.869668,0.130332
LCK,4,https://www.oddsportal.com/esports/league-of-legends/league-of-legends-lck-2025/results/#/page/4/,03 Apr 2025 - First stage,2025-04-03,2025,FearX,Dplus Kia,BNK FEARX,Dplus Kia,1-2,1,2,7.38,1.12,0.131765,0.868235
LCK,4,https://www.oddsportal.com/esports/league-of-legends/league-of-legends-lck-2025/results/#/page/4/,03 Apr 2025 - First stage,2025-04-03,2025,Nongshim RedForce,OKSavingsBank Brion,Nongshim RedForce,HANJIN BRION,2-0,2,0,1.33,3.52,0.725773,0.274227
LCK,4,https://www.oddsportal.com/esports/league-of-legends/league-of-legends-lck-2025/results/#/page/4/,02 Apr 2025 - First stage,2025-04-02,2025,KRX,DN SOOPers,KRX,DN SOOPers,2-0,2,0,1.7,2.24,0.568528,0.431472
LCK,4,https://www.oddsportal.com/esports/league-of-legends/league-of-legends-lck-2025/results/#/page/4/,02 Apr 2025 - First stage,2025-04-02,2025,Hanwha Life,Gen.G,Hanwha Life Esports,Gen.G,0-2,0,2,1.72,2.29,0.571072,0.428928
LCK,4,https://www.oddsportal.com/esports/league-of-legends/league-of-legends-lck-2025/results/#/page/4/,23 Feb 2025 - Preliminary - Play Offs,2025-02-23,2025,Hanwha Life,Gen.G,Hanwha Life Esports,Gen.G,3-2,3,2,2.0,1.9,0.487179,0.512821
LCK,4,https://www.oddsportal.com/esports/league-of-legends/league-of-legends-lck-2025/results/#/page/4/,22 Feb 2025 - Preliminary - Play Offs,2025-02-22,2025,Dplus Kia,Gen.G,Dplus Kia,Gen.G,0-3,0,3,1.92,1.82,0.486631,0.513369
LCK,4,https://www.oddsportal.com/esports/league-of-legends/league-of-legends-lck-2025/results/#/page/4/,20 Feb 2025 - Preliminary - Play Offs,2025-02-20,2025,Nongshim RedForce,Gen.G,Nongshim RedForce,Gen.G,2-3,2,3,7.0,1.1,0.135802,0.864198
LCK,4,https://www.oddsportal.com/esports/league-of-legends/league-of-legends-lck-2025/results/#/page/4/,19 Feb 2025 - Preliminary - Play Offs,2025-02-19,2025,Dplus Kia,Hanwha Life,Dplus Kia,Hanwha Life Esports,2-3,2,3,2.3,1.64,0.416244,0.583756
LCK,4,https://www.oddsportal.com/esports/league-of-legends/league-of-legends-lck-2025/results/#/page/4/,16 Feb 2025 - Preliminary - Play Offs,2025-02-16,2025,Gen.G,Hanwha Life,Gen.G,Hanwha Life Esports,2-3,2,3,1.6,2.36,0.59596,0.40404
LCK,4,https://www.oddsportal.com/esports/league-of-legends/league-of-legends-lck-2025/results/#/page/4/,15 Feb 2025 - Preliminary - Play Offs,2025-02-15,2025,Dplus Kia,Nongshim RedForce,Dplus Kia,Nongshim RedForce,3-1,3,1,1.17,5.44,0.822995,0.177005
LCK,4,https://www.oddsportal.com/esports/league-of-legends/league-of-legends-lck-2025/results/#/page/4/,13 Feb 2025 - Preliminary - Play Offs,2025-02-13,2025,T1,Hanwha Life,T1,Hanwha Life Esports,2-3,2,3,1.62,2.63,0.618824,0.381176
LCK,4,https://www.oddsportal.com/esports/league-of-legends/league-of-legends-lck-2025/results/#/page/4/,12 Feb 2025 - Preliminary - Play Offs,2025-02-12,2025,KT Rolster,Nongshim RedForce,KT Rolster,Nongshim RedForce,0-3,0,3,1.52,2.63,0.633735,0.366265
LCK,4,https://www.oddsportal.com/esports/league-of-legends/league-of-legends-lck-2025/results/#/page/4/,09 Feb 2025 - Preliminary - Play Offs,2025-02-09,2025,Nongshim RedForce,KRX,Nongshim RedForce,KRX,3-1,3,1,2.19,1.64,0.428198,0.571802
LCK,4,https://www.oddsportal.com/esports/league-of-legends/league-of-legends-lck-2025/results/#/page/4/,08 Feb 2025 - Preliminary - Play Offs,2025-02-08,2025,Hanwha Life,KRX,Hanwha Life Esports,KRX,2-0,2,0,1.13,5.8,0.836941,0.163059
LCK,4,https://www.oddsportal.com/esports/league-of-legends/league-of-legends-lck-2025/results/#/page/4/,08 Feb 2025 - Preliminary - Play Offs,2025-02-08,2025,T1,Nongshim RedForce,T1,Nongshim RedForce,2-0,2,0,1.09,7.34,0.8707,0.1293
LCK,4,https://www.oddsportal.com/esports/league-of-legends/league-of-legends-lck-2025/results/#/page/4/,07 Feb 2025 - Preliminary - Play Offs,2025-02-07,2025,Nongshim RedForce,OKSavingsBank Brion,Nongshim RedForce,HANJIN BRION,2-0,2,0,1.62,2.46,0.602941,0.397059
LCK,4,https://www.oddsportal.com/esports/league-of-legends/league-of-legends-lck-2025/results/#/page/4/,07 Feb 2025 - Preliminary - Play Offs,2025-02-07,2025,KRX,DN SOOPers,KRX,DN SOOPers,2-0,2,0,1.8,2.16,0.545455,0.454545
LCK,4,https://www.oddsportal.com/esports/league-of-legends/league-of-legends-lck-2025/results/#/page/4/,02 Feb 2025 - Preliminary,2025-02-02,2025,Nongshim RedForce,FearX,Nongshim RedForce,BNK FEARX,2-0,2,0,1.73,2.3,0.57072,0.42928
LCK,4,https://www.oddsportal.com/esports/league-of-legends/league-of-legends-lck-2025/results/#/page/4/,01 Feb 2025 - Preliminary,2025-02-01,2025,OKSavingsBank Brion,Dplus Kia,HANJIN BRION,Dplus Kia,1-2,1,2,5.5,1.15,0.172932,0.827068
LCK,4,https://www.oddsportal.com/esports/league-of-legends/league-of-legends-lck-2025/results/#/page/4/,01 Feb 2025 - Preliminary,2025-02-01,2025,T1,Gen.G,T1,Gen.G,2-1,2,1,2.8,1.41,0.334917,0.665083
LCK,4,https://www.oddsportal.com/esports/league-of-legends/league-of-legends-lck-2025/results/#/page/4/,31 Jan 2025 - Preliminary,2025-01-31,2025,KRX,Hanwha Life,KRX,Hanwha Life Esports,0-2,0,2,5.8,1.14,0.164265,0.835735
LCK,4,https://www.oddsportal.com/esports/league-of-legends/league-of-legends-lck-2025/results/#/page/4/,31 Jan 2025 - Preliminary,2025-01-31,2025,DN SOOPers,KT Rolster,DN SOOPers,KT Rolster,1-2,1,2,3.38,1.4,0.292887,0.707113
LCK,4,https://www.oddsportal.com/esports/league-of-legends/league-of-legends-lck-2025/results/#/page/4/,26 Jan 2025 - Preliminary,2025-01-26,2025,KT Rolster,OKSavingsBank Brion,KT Rolster,HANJIN BRION,2-0,2,0,1.42,2.87,0.668998,0.331002
LCK,4,https://www.oddsportal.com/esports/league-of-legends/league-of-legends-lck-2025/results/#/page/4/,26 Jan 2025 - Preliminary,2025-01-26,2025,T1,Nongshim RedForce,T1,Nongshim RedForce,2-0,2,0,1.14,5.5,0.828313,0.171687
LCK,4,https://www.oddsportal.com/esports/league-of-legends/league-of-legends-lck-2025/results/#/page/4/,25 Jan 2025 - Preliminary,2025-01-25,2025,Gen.G,DN SOOPers,Gen.G,DN SOOPers,2-0,2,0,1.08,7.0,0.866337,0.133663
LCK,4,https://www.oddsportal.com/esports/league-of-legends/league-of-legends-lck-2025/results/#/page/4/,25 Jan 2025 - Preliminary,2025-01-25,2025,Hanwha Life,Dplus Kia,Hanwha Life Esports,Dplus Kia,1-2,1,2,1.54,2.7,0.636792,0.363208
LCK,4,https://www.oddsportal.com/esports/league-of-legends/league-of-legends-lck-2025/results/#/page/4/,24 Jan 2025 - Preliminary,2025-01-24,2025,T1,KT Rolster,T1,KT Rolster,2-1,2,1,1.38,3.0,0.684932,0.315068
LCK,4,https://www.oddsportal.com/esports/league-of-legends/league-of-legends-lck-2025/results/#/page/4/,24 Jan 2025 - Preliminary,2025-01-24,2025,KRX,FearX,KRX,BNK FEARX,2-1,2,1,2.24,1.62,0.419689,0.580311
LCK,4,https://www.oddsportal.com/esports/league-of-legends/league-of-legends-lck-2025/results/#/page/4/,23 Jan 2025 - Preliminary,2025-01-23,2025,Hanwha Life,Nongshim RedForce,Hanwha Life Esports,Nongshim RedForce,2-0,2,0,1.06,8.0,0.883002,0.116998
LCK,4,https://www.oddsportal.com/esports/league-of-legends/league-of-legends-lck-2025/results/#/page/4/,23 Jan 2025 - Preliminary,2025-01-23,2025,OKSavingsBank Brion,Gen.G,HANJIN BRION,Gen.G,2-0,2,0,11.0,1.03,0.085619,0.914381
LCK,4,https://www.oddsportal.com/esports/league-of-legends/league-of-legends-lck-2025/results/#/page/4/,22 Jan 2025 - Preliminary,2025-01-22,2025,DN SOOPers,KRX,DN SOOPers,KRX,1-2,1,2,1.36,3.1,0.695067,0.304933
LCK,4,https://www.oddsportal.com/esports/league-of-legends/league-of-legends-lck-2025/results/#/page/4/,22 Jan 2025 - Preliminary,2025-01-22,2025,Dplus Kia,FearX,Dplus Kia,BNK FEARX,2-1,2,1,1.1,6.5,0.855263,0.144737
LCK,4,https://www.oddsportal.com/esports/league-of-legends/league-of-legends-lck-2025/results/#/page/4/,19 Jan 2025 - Preliminary,2025-01-19,2025,FearX,Gen.G,BNK FEARX,Gen.G,0-2,0,2,13.6,1.04,0.071038,0.928962
LCK,5,https://www.oddsportal.com/esports/league-of-legends/league-of-legends-lck-2025/results/#/page/5/,19 Jan 2025 - Preliminary,2025-01-19,2025,KT Rolster,Hanwha Life,KT Rolster,Hanwha Life Esports,0-2,0,2,5.0,1.17,0.189627,0.810373
LCK,5,https://www.oddsportal.com/esports/league-of-legends/league-of-legends-lck-2025/results/#/page/5/,18 Jan 2025 - Preliminary,2025-01-18,2025,KRX,T1,KRX,T1,0-2,0,2,8.5,1.06,0.110879,0.889121
LCK,5,https://www.oddsportal.com/esports/league-of-legends/league-of-legends-lck-2025/results/#/page/5/,18 Jan 2025 - Preliminary,2025-01-18,2025,Dplus Kia,DN SOOPers,Dplus Kia,DN SOOPers,2-0,2,0,1.33,3.4,0.718816,0.281184
LCK,5,https://www.oddsportal.com/esports/league-of-legends/league-of-legends-lck-2025/results/#/page/5/,17 Jan 2025 - Preliminary,2025-01-17,2025,Nongshim RedForce,OKSavingsBank Brion,Nongshim RedForce,HANJIN BRION,2-0,2,0,1.52,2.55,0.626536,0.373464
LCK,5,https://www.oddsportal.com/esports/league-of-legends/league-of-legends-lck-2025/results/#/page/5/,17 Jan 2025 - Preliminary,2025-01-17,2025,Gen.G,Hanwha Life,Gen.G,Hanwha Life Esports,2-0,2,0,1.58,2.36,0.598985,0.401015
LCK,5,https://www.oddsportal.com/esports/league-of-legends/league-of-legends-lck-2025/results/#/page/5/,16 Jan 2025 - Preliminary,2025-01-16,2025,Dplus Kia,T1,Dplus Kia,T1,2-1,2,1,3.1,1.32,0.298643,0.701357
LCK,5,https://www.oddsportal.com/esports/league-of-legends/league-of-legends-lck-2025/results/#/page/5/,16 Jan 2025 - Preliminary,2025-01-16,2025,FearX,KT Rolster,BNK FEARX,KT Rolster,1-2,1,2,4.47,1.22,0.214411,0.785589
LCK,5,https://www.oddsportal.com/esports/league-of-legends/league-of-legends-lck-2025/results/#/page/5/,15 Jan 2025 - Preliminary,2025-01-15,2025,DN SOOPers,Nongshim RedForce,DN SOOPers,Nongshim RedForce,2-1,2,1,1.52,2.63,0.633735,0.366265
LCK,5,https://www.oddsportal.com/esports/league-of-legends/league-of-legends-lck-2025/results/#/page/5/,15 Jan 2025 - Preliminary,2025-01-15,2025,OKSavingsBank Brion,KRX,HANJIN BRION,KRX,1-2,1,2,1.62,2.24,0.580311,0.419689
LCK,1,https://www.oddsportal.com/esports/league-of-legends/league-of-legends-lck/results/,17 May 2026 - First stage,2026-05-17 00:00:00,2026,KRX,OKSavingsBank Brion,KRX,HANJIN BRION,2-1,2,1,3.1,1.42,0.314159,0.685841
LCK,1,https://www.oddsportal.com/esports/league-of-legends/league-of-legends-lck/results/,17 May 2026 - First stage,2026-05-17 00:00:00,2026,Hanwha Life,KT Rolster,Hanwha Life Esports,KT Rolster,1-2,1,2,1.31,4.1,0.757856,0.242144
LCK,1,https://www.oddsportal.com/esports/league-of-legends/league-of-legends-lck/results/,16 May 2026 - First stage,2026-05-16 00:00:00,2026,FearX,Nongshim RedForce,BNK FEARX,Nongshim RedForce,2-0,2,0,1.5,2.7,0.642857,0.357143
LCK,1,https://www.oddsportal.com/esports/league-of-legends/league-of-legends-lck/results/,16 May 2026 - First stage,2026-05-16 00:00:00,2026,Gen.G,T1,Gen.G,T1,1-2,1,2,1.5,2.6,0.634146,0.365854
LCK,1,https://www.oddsportal.com/esports/league-of-legends/league-of-legends-lck/results/,15 May 2026 - First stage,2026-05-15 00:00:00,2026,OKSavingsBank Brion,DN SOOPers,HANJIN BRION,DN SOOPers,2-0,2,0,1.3,4.0,0.754717,0.245283
LCK,1,https://www.oddsportal.com/esports/league-of-legends/league-of-legends-lck/results/,15 May 2026 - First stage,2026-05-15 00:00:00,2026,Hanwha Life,Dplus Kia,Hanwha Life Esports,Dplus Kia,2-0,2,0,1.43,2.9,0.669746,0.330254
LCK,1,https://www.oddsportal.com/esports/league-of-legends/league-of-legends-lck/results/,14 May 2026 - First stage,2026-05-14 00:00:00,2026,KRX,KT Rolster,KRX,KT Rolster,1-2,1,2,4.1,1.26,0.235075,0.764925
LCK,1,https://www.oddsportal.com/esports/league-of-legends/league-of-legends-lck/results/,14 May 2026 - First stage,2026-05-14 00:00:00,2026,FearX,Gen.G,BNK FEARX,Gen.G,0-2,0,2,9.0,1.06,0.105368,0.894632
LCK,1,https://www.oddsportal.com/esports/league-of-legends/league-of-legends-lck/results/,13 May 2026 - First stage,2026-05-13 00:00:00,2026,DN SOOPers,Dplus Kia,DN SOOPers,Dplus Kia,0-2,0,2,6.5,1.12,0.146982,0.853018
LCK,1,https://www.oddsportal.com/esports/league-of-legends/league-of-legends-lck/results/,13 May 2026 - First stage,2026-05-13 00:00:00,2026,T1,Nongshim RedForce,T1,Nongshim RedForce,2-0,2,0,1.09,8.0,0.880088,0.119912
LCK,1,https://www.oddsportal.com/esports/league-of-legends/league-of-legends-lck/results/,10 May 2026 - First stage,2026-05-10 00:00:00,2026,KRX,Hanwha Life,KRX,Hanwha Life Esports,1-2,1,2,12.1,1.04,0.079148,0.920852
LCK,1,https://www.oddsportal.com/esports/league-of-legends/league-of-legends-lck/results/,10 May 2026 - First stage,2026-05-10 00:00:00,2026,T1,Dplus Kia,T1,Dplus Kia,2-0,2,0,1.48,2.7,0.645933,0.354067
LCK,1,https://www.oddsportal.com/esports/league-of-legends/league-of-legends-lck/results/,09 May 2026 - First stage,2026-05-09 00:00:00,2026,Nongshim RedForce,OKSavingsBank Brion,Nongshim RedForce,HANJIN BRION,0-2,0,2,1.75,2.36,0.574209,0.425791
LCK,1,https://www.oddsportal.com/esports/league-of-legends/league-of-legends-lck/results/,09 May 2026 - First stage,2026-05-09 00:00:00,2026,KT Rolster,FearX,KT Rolster,BNK FEARX,0-2,0,2,1.37,3.52,0.719836,0.280164
LCK,1,https://www.oddsportal.com/esports/league-of-legends/league-of-legends-lck/results/,08 May 2026 - First stage,2026-05-08 00:00:00,2026,KRX,Gen.G,KRX,Gen.G,0-2,0,2,10.8,1.05,0.088608,0.911392
LCK,1,https://www.oddsportal.com/esports/league-of-legends/league-of-legends-lck/results/,08 May 2026 - First stage,2026-05-08 00:00:00,2026,T1,DN SOOPers,T1,DN SOOPers,2-0,2,0,1.1,7.5,0.872093,0.127907
LCK,1,https://www.oddsportal.com/esports/league-of-legends/league-of-legends-lck/results/,07 May 2026 - First stage,2026-05-07 00:00:00,2026,OKSavingsBank Brion,FearX,HANJIN BRION,BNK FEARX,2-0,2,0,2.82,1.53,0.351724,0.648276
LCK,1,https://www.oddsportal.com/esports/league-of-legends/league-of-legends-lck/results/,07 May 2026 - First stage,2026-05-07 00:00:00,2026,Dplus Kia,KT Rolster,Dplus Kia,KT Rolster,0-2,0,2,1.8,2.05,0.532468,0.467532
LCK,1,https://www.oddsportal.com/esports/league-of-legends/league-of-legends-lck/results/,06 May 2026 - First stage,2026-05-06 00:00:00,2026,Hanwha Life,DN SOOPers,Hanwha Life Esports,DN SOOPers,2-0,2,0,1.05,11.0,0.912863,0.087137
LCK,1,https://www.oddsportal.com/esports/league-of-legends/league-of-legends-lck/results/,06 May 2026 - First stage,2026-05-06 00:00:00,2026,Gen.G,Nongshim RedForce,Gen.G,Nongshim RedForce,2-0,2,0,1.06,9.0,0.894632,0.105368
LCK,1,https://www.oddsportal.com/esports/league-of-legends/league-of-legends-lck/results/,03 May 2026 - First stage,2026-05-03 00:00:00,2026,DN SOOPers,FearX,DN SOOPers,BNK FEARX,0-2,0,2,2.6,1.55,0.373494,0.626506
LCK,1,https://www.oddsportal.com/esports/league-of-legends/league-of-legends-lck/results/,03 May 2026 - First stage,2026-05-03 00:00:00,2026,KT Rolster,OKSavingsBank Brion,KT Rolster,HANJIN BRION,0-2,0,2,1.13,6.8,0.857503,0.142497
LCK,1,https://www.oddsportal.com/esports/league-of-legends/league-of-legends-lck/results/,02 May 2026 - First stage,2026-05-02 00:00:00,2026,KRX,Nongshim RedForce,KRX,Nongshim RedForce,2-0,2,0,3.2,1.38,0.30131,0.69869
LCK,1,https://www.oddsportal.com/esports/league-of-legends/league-of-legends-lck/results/,02 May 2026 - First stage,2026-05-02 00:00:00,2026,Gen.G,Dplus Kia,Gen.G,Dplus Kia,2-1,2,1,1.36,3.45,0.717256,0.282744
LCK,1,https://www.oddsportal.com/esports/league-of-legends/league-of-legends-lck/results/,01 May 2026 - First stage,2026-05-01 00:00:00,2026,Hanwha Life,T1,Hanwha Life Esports,T1,2-1,2,1,1.64,2.43,0.597052,0.402948
LCK,1,https://www.oddsportal.com/esports/league-of-legends/league-of-legends-lck/results/,01 May 2026 - First stage,2026-05-01 00:00:00,2026,DN SOOPers,OKSavingsBank Brion,DN SOOPers,HANJIN BRION,0-2,0,2,1.95,1.88,0.490862,0.509138
LCK,1,https://www.oddsportal.com/esports/league-of-legends/league-of-legends-lck/results/,30 Apr 2026 - First stage,2026-04-30 00:00:00,2026,FearX,Dplus Kia,BNK FEARX,Dplus Kia,0-2,0,2,6.4,1.13,0.150066,0.849934
LCK,1,https://www.oddsportal.com/esports/league-of-legends/league-of-legends-lck/results/,30 Apr 2026 - First stage,2026-04-30 00:00:00,2026,Gen.G,KRX,Gen.G,KRX,2-1,2,1,1.04,14.0,0.930851,0.069149
LCK,1,https://www.oddsportal.com/esports/league-of-legends/league-of-legends-lck/results/,29 Apr 2026 - First stage,2026-04-29 00:00:00,2026,KT Rolster,Hanwha Life,KT Rolster,Hanwha Life Esports,0-2,0,2,2.25,1.68,0.427481,0.572519
LCK,1,https://www.oddsportal.com/esports/league-of-legends/league-of-legends-lck/results/,29 Apr 2026 - First stage,2026-04-29 00:00:00,2026,Nongshim RedForce,T1,Nongshim RedForce,T1,0-2,0,2,3.95,1.29,0.246183,0.753817
LCK,1,https://www.oddsportal.com/esports/league-of-legends/league-of-legends-lck/results/,26 Apr 2026 - First stage,2026-04-26 00:00:00,2026,Nongshim RedForce,Gen.G,Nongshim RedForce,Gen.G,0-2,0,2,5.59,1.17,0.173077,0.826923
LCK,1,https://www.oddsportal.com/esports/league-of-legends/league-of-legends-lck/results/,26 Apr 2026 - First stage,2026-04-26 00:00:00,2026,T1,FearX,T1,BNK FEARX,2-0,2,0,1.35,3.5,0.721649,0.278351
LCK,1,https://www.oddsportal.com/esports/league-of-legends/league-of-legends-lck/results/,25 Apr 2026 - First stage,2026-04-25 00:00:00,2026,Dplus Kia,DN SOOPers,Dplus Kia,DN SOOPers,2-0,2,0,1.17,5.0,0.810373,0.189627
LCK,1,https://www.oddsportal.com/esports/league-of-legends/league-of-legends-lck/results/,25 Apr 2026 - First stage,2026-04-25 00:00:00,2026,T1,OKSavingsBank Brion,T1,HANJIN BRION,2-0,2,0,1.11,7.0,0.863132,0.136868
LCK,1,https://www.oddsportal.com/esports/league-of-legends/league-of-legends-lck/results/,24 Apr 2026 - First stage,2026-04-24 00:00:00,2026,Hanwha Life,KRX,Hanwha Life Esports,KRX,2-0,2,0,1.1,8.35,0.883598,0.116402
LCK,1,https://www.oddsportal.com/esports/league-of-legends/league-of-legends-lck/results/,24 Apr 2026 - First stage,2026-04-24 00:00:00,2026,FearX,KT Rolster,BNK FEARX,KT Rolster,0-2,0,2,3.62,1.32,0.267206,0.732794
LCK,1,https://www.oddsportal.com/esports/league-of-legends/league-of-legends-lck/results/,23 Apr 2026 - First stage,2026-04-23 00:00:00,2026,Gen.G,DN SOOPers,Gen.G,DN SOOPers,2-0,2,0,1.08,10.8,0.909091,0.090909
LCK,1,https://www.oddsportal.com/esports/league-of-legends/league-of-legends-lck/results/,23 Apr 2026 - First stage,2026-04-23 00:00:00,2026,OKSavingsBank Brion,Dplus Kia,HANJIN BRION,Dplus Kia,0-2,0,2,5.38,1.17,0.178626,0.821374
LCK,1,https://www.oddsportal.com/esports/league-of-legends/league-of-legends-lck/results/,22 Apr 2026 - First stage,2026-04-22 00:00:00,2026,Hanwha Life,Nongshim RedForce,Hanwha Life Esports,Nongshim RedForce,2-1,2,1,1.21,4.5,0.788091,0.211909
LCK,1,https://www.oddsportal.com/esports/league-of-legends/league-of-legends-lck/results/,22 Apr 2026 - First stage,2026-04-22 00:00:00,2026,KT Rolster,KRX,KT Rolster,KRX,2-0,2,0,1.1,8.35,0.883598,0.116402
LCK,1,https://www.oddsportal.com/esports/league-of-legends/league-of-legends-lck/results/,19 Apr 2026 - First stage,2026-04-19 00:00:00,2026,KRX,T1,KRX,T1,0-2,0,2,9.0,1.13,0.11155,0.88845
LCK,1,https://www.oddsportal.com/esports/league-of-legends/league-of-legends-lck/results/,19 Apr 2026 - First stage,2026-04-19 00:00:00,2026,OKSavingsBank Brion,Nongshim RedForce,HANJIN BRION,Nongshim RedForce,1-2,1,2,3.36,1.35,0.286624,0.713376
LCK,1,https://www.oddsportal.com/esports/league-of-legends/league-of-legends-lck/results/,18 Apr 2026 - First stage,2026-04-18 00:00:00,2026,DN SOOPers,KT Rolster,DN SOOPers,KT Rolster,0-2,0,2,7.5,1.17,0.134948,0.865052
LCK,1,https://www.oddsportal.com/esports/league-of-legends/league-of-legends-lck/results/,18 Apr 2026 - First stage,2026-04-18 00:00:00,2026,Hanwha Life,Gen.G,Hanwha Life Esports,Gen.G,2-0,2,0,2.99,1.42,0.321995,0.678005
LCK,1,https://www.oddsportal.com/esports/league-of-legends/league-of-legends-lck/results/,17 Apr 2026 - First stage,2026-04-17 00:00:00,2026,Dplus Kia,T1,Dplus Kia,T1,2-1,2,1,2.38,1.6,0.40201,0.59799
LCK,1,https://www.oddsportal.com/esports/league-of-legends/league-of-legends-lck/results/,17 Apr 2026 - First stage,2026-04-17 00:00:00,2026,KRX,FearX,KRX,BNK FEARX,0-2,0,2,2.5,1.58,0.387255,0.612745
LCK,1,https://www.oddsportal.com/esports/league-of-legends/league-of-legends-lck/results/,16 Apr 2026 - First stage,2026-04-16 00:00:00,2026,DN SOOPers,Hanwha Life,DN SOOPers,Hanwha Life Esports,0-2,0,2,5.6,1.15,0.17037,0.82963
LCK,1,https://www.oddsportal.com/esports/league-of-legends/league-of-legends-lck/results/,16 Apr 2026 - First stage,2026-04-16 00:00:00,2026,OKSavingsBank Brion,Gen.G,HANJIN BRION,Gen.G,0-2,0,2,11.0,1.07,0.08865,0.91135
LCK,2,https://www.oddsportal.com/esports/league-of-legends/league-of-legends-lck/results/#/page/2/,12 Apr 2026 - First stage,2026-04-12 00:00:00,2026,OKSavingsBank Brion,KT Rolster,HANJIN BRION,KT Rolster,0-2,0,2,5.5,1.15,0.172932,0.827068
LCK,2,https://www.oddsportal.com/esports/league-of-legends/league-of-legends-lck/results/#/page/2/,12 Apr 2026 - First stage,2026-04-12 00:00:00,2026,FearX,DN SOOPers,BNK FEARX,DN SOOPers,2-0,2,0,1.55,2.6,0.626506,0.373494
LCK,2,https://www.oddsportal.com/esports/league-of-legends/league-of-legends-lck/results/#/page/2/,11 Apr 2026 - First stage,2026-04-11 00:00:00,2026,Dplus Kia,Gen.G,Dplus Kia,Gen.G,2-0,2,0,8.35,1.1,0.116402,0.883598
LCK,2,https://www.oddsportal.com/esports/league-of-legends/league-of-legends-lck/results/#/page/2/,11 Apr 2026 - First stage,2026-04-11 00:00:00,2026,Nongshim RedForce,KRX,Nongshim RedForce,KRX,0-2,0,2,1.36,3.44,0.716667,0.283333
LCK,2,https://www.oddsportal.com/esports/league-of-legends/league-of-legends-lck/results/#/page/2/,10 Apr 2026 - First stage,2026-04-10 00:00:00,2026,Hanwha Life,FearX,Hanwha Life Esports,BNK FEARX,2-1,2,1,1.4,3.15,0.692308,0.307692
LCK,2,https://www.oddsportal.com/esports/league-of-legends/league-of-legends-lck/results/#/page/2/,10 Apr 2026 - First stage,2026-04-10 00:00:00,2026,DN SOOPers,T1,DN SOOPers,T1,0-2,0,2,5.4,1.17,0.178082,0.821918
LCK,2,https://www.oddsportal.com/esports/league-of-legends/league-of-legends-lck/results/#/page/2/,09 Apr 2026 - First stage,2026-04-09 00:00:00,2026,KT Rolster,Nongshim RedForce,KT Rolster,Nongshim RedForce,2-0,2,0,1.43,3.47,0.708163,0.291837
LCK,2,https://www.oddsportal.com/esports/league-of-legends/league-of-legends-lck/results/#/page/2/,09 Apr 2026 - First stage,2026-04-09 00:00:00,2026,OKSavingsBank Brion,KRX,HANJIN BRION,KRX,1-2,1,2,1.78,2.1,0.541237,0.458763
LCK,2,https://www.oddsportal.com/esports/league-of-legends/league-of-legends-lck/results/#/page/2/,08 Apr 2026 - First stage,2026-04-08 00:00:00,2026,T1,Gen.G,T1,Gen.G,0-2,0,2,2.88,1.55,0.349887,0.650113
LCK,2,https://www.oddsportal.com/esports/league-of-legends/league-of-legends-lck/results/#/page/2/,08 Apr 2026 - First stage,2026-04-08 00:00:00,2026,Dplus Kia,Hanwha Life,Dplus Kia,Hanwha Life Esports,0-2,0,2,2.66,1.51,0.36211,0.63789
LCK,2,https://www.oddsportal.com/esports/league-of-legends/league-of-legends-lck/results/#/page/2/,05 Apr 2026 - First stage,2026-04-05 00:00:00,2026,Gen.G,FearX,Gen.G,BNK FEARX,2-0,2,0,1.12,6.3,0.849057,0.150943
LCK,2,https://www.oddsportal.com/esports/league-of-legends/league-of-legends-lck/results/#/page/2/,05 Apr 2026 - First stage,2026-04-05 00:00:00,2026,Nongshim RedForce,DN SOOPers,Nongshim RedForce,DN SOOPers,2-0,2,0,1.7,2.22,0.566327,0.433673
LCK,2,https://www.oddsportal.com/esports/league-of-legends/league-of-legends-lck/results/#/page/2/,04 Apr 2026 - First stage,2026-04-04 00:00:00,2026,KRX,Dplus Kia,KRX,Dplus Kia,0-2,0,2,3.8,1.28,0.251969,0.748031
LCK,2,https://www.oddsportal.com/esports/league-of-legends/league-of-legends-lck/results/#/page/2/,04 Apr 2026 - First stage,2026-04-04 00:00:00,2026,T1,Hanwha Life,T1,Hanwha Life Esports,2-0,2,0,1.98,2.05,0.508685,0.491315
LCK,2,https://www.oddsportal.com/esports/league-of-legends/league-of-legends-lck/results/#/page/2/,03 Apr 2026 - First stage,2026-04-03 00:00:00,2026,FearX,OKSavingsBank Brion,BNK FEARX,HANJIN BRION,0-2,0,2,1.17,5.6,0.827179,0.172821
LCK,2,https://www.oddsportal.com/esports/league-of-legends/league-of-legends-lck/results/#/page/2/,03 Apr 2026 - First stage,2026-04-03 00:00:00,2026,Gen.G,KT Rolster,Gen.G,KT Rolster,1-2,1,2,1.2,6.2,0.837838,0.162162
LCK,2,https://www.oddsportal.com/esports/league-of-legends/league-of-legends-lck/results/#/page/2/,02 Apr 2026 - First stage,2026-04-02 00:00:00,2026,KRX,DN SOOPers,KRX,DN SOOPers,0-2,0,2,2.41,1.61,0.400498,0.599502
LCK,2,https://www.oddsportal.com/esports/league-of-legends/league-of-legends-lck/results/#/page/2/,02 Apr 2026 - First stage,2026-04-02 00:00:00,2026,Dplus Kia,Nongshim RedForce,Dplus Kia,Nongshim RedForce,0-2,0,2,1.31,3.75,0.741107,0.258893
LCK,2,https://www.oddsportal.com/esports/league-of-legends/league-of-legends-lck/results/#/page/2/,01 Apr 2026 - First stage,2026-04-01 00:00:00,2026,T1,KT Rolster,T1,KT Rolster,0-2,0,2,1.19,5.8,0.829757,0.170243
LCK,2,https://www.oddsportal.com/esports/league-of-legends/league-of-legends-lck/results/#/page/2/,01 Apr 2026 - First stage,2026-04-01 00:00:00,2026,Hanwha Life,OKSavingsBank Brion,Hanwha Life Esports,HANJIN BRION,2-0,2,0,1.13,8.4,0.881427,0.118573
LCK,2,https://www.oddsportal.com/esports/league-of-legends/league-of-legends-lck/results/#/page/2/,01 Mar 2026 - Preliminary - Play Offs,2026-03-01 00:00:00,2026,FearX,Gen.G,BNK FEARX,Gen.G,0-3,0,3,7.0,1.14,0.140049,0.859951
LCK,2,https://www.oddsportal.com/esports/league-of-legends/league-of-legends-lck/results/#/page/2/,28 Feb 2026 - Preliminary - Play Offs,2026-02-28 00:00:00,2026,Dplus Kia,FearX,Dplus Kia,BNK FEARX,0-3,0,3,1.85,2.14,0.536341,0.463659
LCK,2,https://www.oddsportal.com/esports/league-of-legends/league-of-legends-lck/results/#/page/2/,22 Feb 2026 - Preliminary - Play Offs,2026-02-22 00:00:00,2026,T1,Dplus Kia,T1,Dplus Kia,2-3,2,3,1.28,3.8,0.748031,0.251969
LCK,2,https://www.oddsportal.com/esports/league-of-legends/league-of-legends-lck/results/#/page/2/,21 Feb 2026 - Preliminary - Play Offs,2026-02-21 00:00:00,2026,Gen.G,FearX,Gen.G,BNK FEARX,3-1,3,1,1.1,10.0,0.900901,0.099099
LCK,2,https://www.oddsportal.com/esports/league-of-legends/league-of-legends-lck/results/#/page/2/,20 Feb 2026 - Preliminary - Play Offs,2026-02-20 00:00:00,2026,Dplus Kia,DN SOOPers,Dplus Kia,DN SOOPers,3-1,3,1,1.32,3.96,0.75,0.25
LCK,2,https://www.oddsportal.com/esports/league-of-legends/league-of-legends-lck/results/#/page/2/,19 Feb 2026 - Preliminary - Play Offs,2026-02-19 00:00:00,2026,DN SOOPers,KRX,DN SOOPers,KRX,3-1,3,1,1.82,2.01,0.524804,0.475196
LCK,2,https://www.oddsportal.com/esports/league-of-legends/league-of-legends-lck/results/#/page/2/,15 Feb 2026 - Preliminary - Play Offs,2026-02-15 00:00:00,2026,T1,FearX,T1,BNK FEARX,1-3,1,3,1.13,6.3,0.847914,0.152086
LCK,2,https://www.oddsportal.com/esports/league-of-legends/league-of-legends-lck/results/#/page/2/,14 Feb 2026 - Preliminary - Play Offs,2026-02-14 00:00:00,2026,Gen.G,Dplus Kia,Gen.G,Dplus Kia,3-1,3,1,1.08,10.0,0.902527,0.097473
LCK,2,https://www.oddsportal.com/esports/league-of-legends/league-of-legends-lck/results/#/page/2/,13 Feb 2026 - Preliminary - Play Offs,2026-02-13 00:00:00,2026,Dplus Kia,KRX,Dplus Kia,KRX,3-2,3,2,1.16,5.62,0.828909,0.171091
LCK,2,https://www.oddsportal.com/esports/league-of-legends/league-of-legends-lck/results/#/page/2/,12 Feb 2026 - Preliminary - Play Offs,2026-02-12 00:00:00,2026,FearX,DN SOOPers,BNK FEARX,DN SOOPers,3-2,3,2,1.3,3.95,0.752381,0.247619
LCK,2,https://www.oddsportal.com/esports/league-of-legends/league-of-legends-lck/results/#/page/2/,08 Feb 2026 - Preliminary Play-in,2026-02-08 00:00:00,2026,Nongshim RedForce,KRX,Nongshim RedForce,KRX,0-3,0,3,1.42,3.0,0.678733,0.321267
LCK,2,https://www.oddsportal.com/esports/league-of-legends/league-of-legends-lck/results/#/page/2/,07 Feb 2026 - Preliminary Play-in,2026-02-07 00:00:00,2026,DN SOOPers,Nongshim RedForce,DN SOOPers,Nongshim RedForce,2-1,2,1,2.7,1.64,0.37788,0.62212
LCK,2,https://www.oddsportal.com/esports/league-of-legends/league-of-legends-lck/results/#/page/2/,07 Feb 2026 - Preliminary Play-in,2026-02-07 00:00:00,2026,KRX,Dplus Kia,KRX,Dplus Kia,0-2,0,2,5.5,1.18,0.176647,0.823353
LCK,2,https://www.oddsportal.com/esports/league-of-legends/league-of-legends-lck/results/#/page/2/,06 Feb 2026 - Preliminary Play-in,2026-02-06 00:00:00,2026,KT Rolster,DN SOOPers,KT Rolster,DN SOOPers,0-2,0,2,1.32,3.5,0.726141,0.273859
LCK,2,https://www.oddsportal.com/esports/league-of-legends/league-of-legends-lck/results/#/page/2/,06 Feb 2026 - Preliminary Play-in,2026-02-06 00:00:00,2026,KRX,OKSavingsBank Brion,KRX,HANJIN BRION,2-1,2,1,1.69,2.25,0.571066,0.428934
LCK,2,https://www.oddsportal.com/esports/league-of-legends/league-of-legends-lck/results/#/page/2/,01 Feb 2026 - Preliminary,2026-02-01 00:00:00,2026,Hanwha Life,Gen.G,Hanwha Life Esports,Gen.G,0-3,0,3,5.5,1.18,0.176647,0.823353
LCK,2,https://www.oddsportal.com/esports/league-of-legends/league-of-legends-lck/results/#/page/2/,31 Jan 2026 - Preliminary,2026-01-31 00:00:00,2026,T1,Dplus Kia,T1,Dplus Kia,3-0,3,0,1.28,4.2,0.766423,0.233577
LCK,2,https://www.oddsportal.com/esports/league-of-legends/league-of-legends-lck/results/#/page/2/,30 Jan 2026 - Preliminary,2026-01-30 00:00:00,2026,Nongshim RedForce,KT Rolster,Nongshim RedForce,KT Rolster,3-2,3,2,2.66,1.51,0.36211,0.63789
LCK,2,https://www.oddsportal.com/esports/league-of-legends/league-of-legends-lck/results/#/page/2/,29 Jan 2026 - Preliminary,2026-01-29 00:00:00,2026,DN SOOPers,FearX,DN SOOPers,BNK FEARX,1-3,1,3,4.1,1.25,0.233645,0.766355
LCK,2,https://www.oddsportal.com/esports/league-of-legends/league-of-legends-lck/results/#/page/2/,28 Jan 2026 - Preliminary,2026-01-28 00:00:00,2026,OKSavingsBank Brion,KRX,HANJIN BRION,KRX,2-3,2,3,2.15,1.74,0.447301,0.552699
LCK,2,https://www.oddsportal.com/esports/league-of-legends/league-of-legends-lck/results/#/page/2/,25 Jan 2026 - Preliminary,2026-01-25 00:00:00,2026,KT Rolster,OKSavingsBank Brion,KT Rolster,HANJIN BRION,2-1,2,1,1.25,4.6,0.786325,0.213675
LCK,2,https://www.oddsportal.com/esports/league-of-legends/league-of-legends-lck/results/#/page/2/,25 Jan 2026 - Preliminary,2026-01-25 00:00:00,2026,T1,FearX,T1,BNK FEARX,2-1,2,1,1.25,4.3,0.774775,0.225225
LCK,2,https://www.oddsportal.com/esports/league-of-legends/league-of-legends-lck/results/#/page/2/,24 Jan 2026 - Preliminary,2026-01-24 00:00:00,2026,Dplus Kia,Gen.G,Dplus Kia,Gen.G,0-2,0,2,4.8,1.22,0.202658,0.797342
LCK,2,https://www.oddsportal.com/esports/league-of-legends/league-of-legends-lck/results/#/page/2/,24 Jan 2026 - Preliminary,2026-01-24 00:00:00,2026,Hanwha Life,DN SOOPers,Hanwha Life Esports,DN SOOPers,2-1,2,1,1.17,6.2,0.841248,0.158752
LCK,2,https://www.oddsportal.com/esports/league-of-legends/league-of-legends-lck/results/#/page/2/,23 Jan 2026 - Preliminary,2026-01-23 00:00:00,2026,Nongshim RedForce,KRX,Nongshim RedForce,KRX,1-2,1,2,1.41,3.0,0.680272,0.319728
LCK,2,https://www.oddsportal.com/esports/league-of-legends/league-of-legends-lck/results/#/page/2/,23 Jan 2026 - Preliminary,2026-01-23 00:00:00,2026,KT Rolster,T1,KT Rolster,T1,0-2,0,2,4.28,1.28,0.230216,0.769784
LCK,2,https://www.oddsportal.com/esports/league-of-legends/league-of-legends-lck/results/#/page/2/,22 Jan 2026 - Preliminary,2026-01-22 00:00:00,2026,FearX,Gen.G,BNK FEARX,Gen.G,0-2,0,2,8.0,1.08,0.118943,0.881057
LCK,2,https://www.oddsportal.com/esports/league-of-legends/league-of-legends-lck/results/#/page/2/,22 Jan 2026 - Preliminary,2026-01-22 00:00:00,2026,OKSavingsBank Brion,Hanwha Life,HANJIN BRION,Hanwha Life Esports,1-2,1,2,9.0,1.07,0.106256,0.893744
LCK,2,https://www.oddsportal.com/esports/league-of-legends/league-of-legends-lck/results/#/page/2/,21 Jan 2026 - Preliminary,2026-01-21 00:00:00,2026,KRX,DN SOOPers,KRX,DN SOOPers,1-2,1,2,1.95,1.9,0.493506,0.506494
LCK,2,https://www.oddsportal.com/esports/league-of-legends/league-of-legends-lck/results/#/page/2/,21 Jan 2026 - Preliminary,2026-01-21 00:00:00,2026,Dplus Kia,Nongshim RedForce,Dplus Kia,Nongshim RedForce,2-1,2,1,1.37,3.25,0.703463,0.296537
LCK,3,https://www.oddsportal.com/esports/league-of-legends/league-of-legends-lck/results/#/page/3/,18 Jan 2026 - Preliminary,2026-01-18 00:00:00,2026,KRX,T1,KRX,T1,1-2,1,2,10.0,1.05,0.095023,0.904977
LCK,3,https://www.oddsportal.com/esports/league-of-legends/league-of-legends-lck/results/#/page/3/,18 Jan 2026 - Preliminary,2026-01-18 00:00:00,2026,Nongshim RedForce,Hanwha Life,Nongshim RedForce,Hanwha Life Esports,2-0,2,0,6.3,1.14,0.153226,0.846774
LCK,3,https://www.oddsportal.com/esports/league-of-legends/league-of-legends-lck/results/#/page/3/,17 Jan 2026 - Preliminary,2026-01-17 00:00:00,2026,Gen.G,KT Rolster,Gen.G,KT Rolster,2-0,2,0,1.17,5.6,0.827179,0.172821
LCK,3,https://www.oddsportal.com/esports/league-of-legends/league-of-legends-lck/results/#/page/3/,17 Jan 2026 - Preliminary,2026-01-17 00:00:00,2026,OKSavingsBank Brion,FearX,HANJIN BRION,BNK FEARX,1-2,1,2,5.5,1.16,0.174174,0.825826
LCK,3,https://www.oddsportal.com/esports/league-of-legends/league-of-legends-lck/results/#/page/3/,16 Jan 2026 - Preliminary,2026-01-16 00:00:00,2026,Hanwha Life,T1,Hanwha Life Esports,T1,1-2,1,2,2.19,1.78,0.448363,0.551637
LCK,3,https://www.oddsportal.com/esports/league-of-legends/league-of-legends-lck/results/#/page/3/,16 Jan 2026 - Preliminary,2026-01-16 00:00:00,2026,DN SOOPers,Dplus Kia,DN SOOPers,Dplus Kia,0-2,0,2,5.0,1.22,0.196141,0.803859
LCK,3,https://www.oddsportal.com/esports/league-of-legends/league-of-legends-lck/results/#/page/3/,15 Jan 2026 - Preliminary,2026-01-15 00:00:00,2026,FearX,Nongshim RedForce,BNK FEARX,Nongshim RedForce,2-0,2,0,1.65,2.38,0.590571,0.409429
LCK,3,https://www.oddsportal.com/esports/league-of-legends/league-of-legends-lck/results/#/page/3/,15 Jan 2026 - Preliminary,2026-01-15 00:00:00,2026,Gen.G,KRX,Gen.G,KRX,2-0,2,0,1.04,12.0,0.920245,0.079755
LCK,3,https://www.oddsportal.com/esports/league-of-legends/league-of-legends-lck/results/#/page/3/,14 Jan 2026 - Preliminary,2026-01-14 00:00:00,2026,Dplus Kia,OKSavingsBank Brion,Dplus Kia,HANJIN BRION,2-0,2,0,1.12,7.5,0.87007,0.12993
LCK,3,https://www.oddsportal.com/esports/league-of-legends/league-of-legends-lck/results/#/page/3/,14 Jan 2026 - Preliminary,2026-01-14 00:00:00,2026,KT Rolster,DN SOOPers,KT Rolster,DN SOOPers,2-1,2,1,1.22,5.0,0.803859,0.196141
LEC,1,https://www.oddsportal.com/esports/league-of-legends/league-of-legends-lec-2024/results/,01 Sep 2024 - Grand Final,2024-09-01,2024,Fnatic,G2 Esports,Fnatic,G2 Esports,1-3,1,3,3.27,1.38,0.296774,0.703226
LEC,1,https://www.oddsportal.com/esports/league-of-legends/league-of-legends-lec-2024/results/,31 Aug 2024 - Grand Final,2024-08-31,2024,Movistar KOI,G2 Esports,Movistar KOI,G2 Esports,1-3,1,3,4.0,1.29,0.243856,0.756144
LEC,1,https://www.oddsportal.com/esports/league-of-legends/league-of-legends-lec-2024/results/,24 Aug 2024 - Grand Final,2024-08-24,2024,Movistar KOI,Fnatic,Movistar KOI,Fnatic,2-3,2,3,3.1,1.45,0.318681,0.681319
LEC,1,https://www.oddsportal.com/esports/league-of-legends/league-of-legends-lec-2024/results/,23 Aug 2024 - Grand Final,2024-08-23,2024,G2 Esports,Shifters,G2 Esports,Shifters,3-2,3,2,1.29,3.8,0.746562,0.253438
LEC,1,https://www.oddsportal.com/esports/league-of-legends/league-of-legends-lec-2024/results/,18 Aug 2024 - Grand Final,2024-08-18,2024,G2 Esports,GIANTX,G2 Esports,GiantX,3-0,3,0,1.06,10.6,0.909091,0.090909
LEC,1,https://www.oddsportal.com/esports/league-of-legends/league-of-legends-lec-2024/results/,17 Aug 2024 - Grand Final,2024-08-17,2024,Shifters,SK Gaming,Shifters,SK Gaming,3-0,3,0,1.83,2.07,0.530769,0.469231
LEC,1,https://www.oddsportal.com/esports/league-of-legends/league-of-legends-lec-2024/results/,11 Aug 2024 - Grand Final,2024-08-11,2024,G2 Esports,Movistar KOI,G2 Esports,Movistar KOI,2-3,2,3,1.05,11.9,0.918919,0.081081
LEC,1,https://www.oddsportal.com/esports/league-of-legends/league-of-legends-lec-2024/results/,10 Aug 2024 - Grand Final,2024-08-10,2024,Fnatic,Shifters,Fnatic,Shifters,3-0,3,0,1.45,2.84,0.662005,0.337995
LEC,1,https://www.oddsportal.com/esports/league-of-legends/league-of-legends-lec-2024/results/,28 Jul 2024 - Summer - Stage 2,2024-07-28,2024,Fnatic,G2 Esports,Fnatic,G2 Esports,0-3,0,3,2.7,1.5,0.357143,0.642857
LEC,1,https://www.oddsportal.com/esports/league-of-legends/league-of-legends-lec-2024/results/,27 Jul 2024 - Summer - Stage 2,2024-07-27,2024,Shifters,G2 Esports,Shifters,G2 Esports,1-3,1,3,4.5,1.22,0.213287,0.786713
LEC,1,https://www.oddsportal.com/esports/league-of-legends/league-of-legends-lec-2024/results/,26 Jul 2024 - Summer - Stage 2,2024-07-26,2024,Shifters,Karmine Corp,Shifters,Karmine Corp,3-2,3,2,1.45,2.7,0.650602,0.349398
LEC,1,https://www.oddsportal.com/esports/league-of-legends/league-of-legends-lec-2024/results/,23 Jul 2024 - Summer - Stage 2,2024-07-23,2024,SK Gaming,Karmine Corp,SK Gaming,Karmine Corp,1-2,1,2,1.44,2.99,0.674944,0.325056
LEC,1,https://www.oddsportal.com/esports/league-of-legends/league-of-legends-lec-2024/results/,23 Jul 2024 - Summer - Stage 2,2024-07-23,2024,Shifters,GIANTX,Shifters,GiantX,2-1,2,1,1.21,4.4,0.784314,0.215686
LEC,1,https://www.oddsportal.com/esports/league-of-legends/league-of-legends-lec-2024/results/,22 Jul 2024 - Summer - Stage 2,2024-07-22,2024,Fnatic,G2 Esports,Fnatic,G2 Esports,3-2,3,2,3.72,1.3,0.258964,0.741036
LEC,1,https://www.oddsportal.com/esports/league-of-legends/league-of-legends-lec-2024/results/,21 Jul 2024 - Summer - Stage 2,2024-07-21,2024,Movistar KOI,Karmine Corp,Movistar KOI,Karmine Corp,0-2,0,2,1.72,2.0,0.537634,0.462366
LEC,1,https://www.oddsportal.com/esports/league-of-legends/league-of-legends-lec-2024/results/,21 Jul 2024 - Summer - Stage 2,2024-07-21,2024,Heretics,GIANTX,Heretics,GiantX,1-2,1,2,1.65,2.56,0.608076,0.391924
LEC,1,https://www.oddsportal.com/esports/league-of-legends/league-of-legends-lec-2024/results/,14 Jul 2024 - Summer - Stage 2,2024-07-14,2024,Shifters,G2 Esports,Shifters,G2 Esports,0-2,0,2,3.54,1.3,0.268595,0.731405
LEC,1,https://www.oddsportal.com/esports/league-of-legends/league-of-legends-lec-2024/results/,14 Jul 2024 - Summer - Stage 2,2024-07-14,2024,SK Gaming,Fnatic,SK Gaming,Fnatic,0-2,0,2,1.67,2.24,0.57289,0.42711
LEC,1,https://www.oddsportal.com/esports/league-of-legends/league-of-legends-lec-2024/results/,13 Jul 2024 - Summer - Stage 2,2024-07-13,2024,G2 Esports,Karmine Corp,G2 Esports,Karmine Corp,2-0,2,0,1.1,6.66,0.858247,0.141753
LEC,1,https://www.oddsportal.com/esports/league-of-legends/league-of-legends-lec-2024/results/,13 Jul 2024 - Summer - Stage 2,2024-07-13,2024,Fnatic,GIANTX,Fnatic,GiantX,2-1,2,1,1.2,4.47,0.78836,0.21164
LEC,1,https://www.oddsportal.com/esports/league-of-legends/league-of-legends-lec-2024/results/,12 Jul 2024 - Summer - Stage 2,2024-07-12,2024,Shifters,Movistar KOI,Shifters,Movistar KOI,2-1,2,1,1.23,3.96,0.763006,0.236994
LEC,1,https://www.oddsportal.com/esports/league-of-legends/league-of-legends-lec-2024/results/,12 Jul 2024 - Summer - Stage 2,2024-07-12,2024,SK Gaming,Heretics,SK Gaming,Heretics,2-0,2,0,1.25,3.96,0.760077,0.239923
LEC,1,https://www.oddsportal.com/esports/league-of-legends/league-of-legends-lec-2024/results/,30 Jun 2024 - Summer - Stage 1,2024-06-30,2024,Movistar KOI,Vitality,Movistar KOI,Vitality,1-0,1,0,2.0,1.72,0.462366,0.537634
LEC,1,https://www.oddsportal.com/esports/league-of-legends/league-of-legends-lec-2024/results/,30 Jun 2024 - Summer - Stage 1,2024-06-30,2024,Movistar KOI,Rogue,Movistar KOI,Rogue,1-0,1,0,1.55,2.3,0.597403,0.402597
LEC,1,https://www.oddsportal.com/esports/league-of-legends/league-of-legends-lec-2024/results/,30 Jun 2024 - Summer - Stage 1,2024-06-30,2024,GIANTX,Karmine Corp,GiantX,Karmine Corp,0-1,0,1,1.85,1.85,0.5,0.5
LEC,1,https://www.oddsportal.com/esports/league-of-legends/league-of-legends-lec-2024/results/,30 Jun 2024 - Summer - Stage 1,2024-06-30,2024,Heretics,G2 Esports,Heretics,G2 Esports,0-1,0,1,5.13,1.17,0.185714,0.814286
LEC,1,https://www.oddsportal.com/esports/league-of-legends/league-of-legends-lec-2024/results/,30 Jun 2024 - Summer - Stage 1,2024-06-30,2024,Shifters,Fnatic,Shifters,Fnatic,1-0,1,0,1.8,1.95,0.52,0.48
LEC,1,https://www.oddsportal.com/esports/league-of-legends/league-of-legends-lec-2024/results/,30 Jun 2024 - Summer - Stage 1,2024-06-30,2024,Vitality,SK Gaming,Vitality,SK Gaming,0-1,0,1,2.75,1.5,0.352941,0.647059
LEC,1,https://www.oddsportal.com/esports/league-of-legends/league-of-legends-lec-2024/results/,29 Jun 2024 - Summer - Stage 1,2024-06-29,2024,Movistar KOI,Shifters,Movistar KOI,Shifters,0-1,0,1,3.47,1.3,0.272537,0.727463
LEC,1,https://www.oddsportal.com/esports/league-of-legends/league-of-legends-lec-2024/results/,29 Jun 2024 - Summer - Stage 1,2024-06-29,2024,SK Gaming,Karmine Corp,SK Gaming,Karmine Corp,1-0,1,0,1.44,2.8,0.660377,0.339623
LEC,1,https://www.oddsportal.com/esports/league-of-legends/league-of-legends-lec-2024/results/,29 Jun 2024 - Summer - Stage 1,2024-06-29,2024,G2 Esports,Vitality,G2 Esports,Vitality,1-0,1,0,1.15,5.63,0.830383,0.169617
LEC,1,https://www.oddsportal.com/esports/league-of-legends/league-of-legends-lec-2024/results/,29 Jun 2024 - Summer - Stage 1,2024-06-29,2024,Rogue,GIANTX,Rogue,GiantX,0-1,0,1,2.05,1.8,0.467532,0.532468
LEC,1,https://www.oddsportal.com/esports/league-of-legends/league-of-legends-lec-2024/results/,29 Jun 2024 - Summer - Stage 1,2024-06-29,2024,G2 Esports,Karmine Corp,G2 Esports,Karmine Corp,1-0,1,0,1.3,4.0,0.754717,0.245283
LEC,1,https://www.oddsportal.com/esports/league-of-legends/league-of-legends-lec-2024/results/,29 Jun 2024 - Summer - Stage 1,2024-06-29,2024,Fnatic,Heretics,Fnatic,Heretics,0-1,0,1,1.29,3.8,0.746562,0.253438
LEC,1,https://www.oddsportal.com/esports/league-of-legends/league-of-legends-lec-2024/results/,23 Jun 2024 - Summer - Stage 1,2024-06-23,2024,Karmine Corp,Vitality,Karmine Corp,Vitality,1-0,1,0,2.19,1.67,0.432642,0.567358
LEC,1,https://www.oddsportal.com/esports/league-of-legends/league-of-legends-lec-2024/results/,23 Jun 2024 - Summer - Stage 1,2024-06-23,2024,SK Gaming,Movistar KOI,SK Gaming,Movistar KOI,1-0,1,0,1.55,2.36,0.603581,0.396419
LEC,1,https://www.oddsportal.com/esports/league-of-legends/league-of-legends-lec-2024/results/,23 Jun 2024 - Summer - Stage 1,2024-06-23,2024,Fnatic,G2 Esports,Fnatic,G2 Esports,0-1,0,1,2.5,1.51,0.376559,0.623441
LEC,1,https://www.oddsportal.com/esports/league-of-legends/league-of-legends-lec-2024/results/,23 Jun 2024 - Summer - Stage 1,2024-06-23,2024,GIANTX,Shifters,GiantX,Shifters,0-1,0,1,2.99,1.38,0.315789,0.684211
LEC,1,https://www.oddsportal.com/esports/league-of-legends/league-of-legends-lec-2024/results/,22 Jun 2024 - Summer - Stage 1,2024-06-22,2024,Movistar KOI,Fnatic,Movistar KOI,Fnatic,0-1,0,1,2.8,1.51,0.350348,0.649652
LEC,1,https://www.oddsportal.com/esports/league-of-legends/league-of-legends-lec-2024/results/,22 Jun 2024 - Summer - Stage 1,2024-06-22,2024,G2 Esports,Karmine Corp,G2 Esports,Karmine Corp,1-0,1,0,1.3,4.0,0.754717,0.245283
LEC,1,https://www.oddsportal.com/esports/league-of-legends/league-of-legends-lec-2024/results/,22 Jun 2024 - Summer - Stage 1,2024-06-22,2024,Vitality,GIANTX,Vitality,GiantX,0-1,0,1,1.57,2.5,0.614251,0.385749
LEC,1,https://www.oddsportal.com/esports/league-of-legends/league-of-legends-lec-2024/results/,22 Jun 2024 - Summer - Stage 1,2024-06-22,2024,Heretics,SK Gaming,Heretics,SK Gaming,0-1,0,1,2.75,1.58,0.364896,0.635104
LEC,1,https://www.oddsportal.com/esports/league-of-legends/league-of-legends-lec-2024/results/,16 Jun 2024 - Summer - Stage 1,2024-06-16,2024,Karmine Corp,Shifters,Karmine Corp,Shifters,0-1,0,1,2.5,1.51,0.376559,0.623441
LEC,1,https://www.oddsportal.com/esports/league-of-legends/league-of-legends-lec-2024/results/,16 Jun 2024 - Summer - Stage 1,2024-06-16,2024,SK Gaming,Fnatic,SK Gaming,Fnatic,0-1,0,1,2.5,1.58,0.387255,0.612745
LEC,1,https://www.oddsportal.com/esports/league-of-legends/league-of-legends-lec-2024/results/,16 Jun 2024 - Summer - Stage 1,2024-06-16,2024,GIANTX,Movistar KOI,GiantX,Movistar KOI,1-0,1,0,2.75,1.45,0.345238,0.654762
LEC,1,https://www.oddsportal.com/esports/league-of-legends/league-of-legends-lec-2024/results/,16 Jun 2024 - Summer - Stage 1,2024-06-16,2024,Rogue,G2 Esports,Rogue,G2 Esports,0-1,0,1,4.28,1.21,0.220401,0.779599
LEC,1,https://www.oddsportal.com/esports/league-of-legends/league-of-legends-lec-2024/results/,15 Jun 2024 - Summer - Stage 1,2024-06-15,2024,G2 Esports,GIANTX,G2 Esports,GiantX,1-0,1,0,1.11,6.15,0.847107,0.152893
LEC,2,https://www.oddsportal.com/esports/league-of-legends/league-of-legends-lec-2024/results/#/page/2/,15 Jun 2024 - Summer - Stage 1,2024-06-15,2024,Heretics,Karmine Corp,Heretics,Karmine Corp,1-0,1,0,1.75,2.0,0.533333,0.466667
LEC,2,https://www.oddsportal.com/esports/league-of-legends/league-of-legends-lec-2024/results/#/page/2/,15 Jun 2024 - Summer - Stage 1,2024-06-15,2024,Movistar KOI,Vitality,Movistar KOI,Vitality,0-1,0,1,1.64,2.19,0.571802,0.428198
LEC,2,https://www.oddsportal.com/esports/league-of-legends/league-of-legends-lec-2024/results/#/page/2/,15 Jun 2024 - Summer - Stage 1,2024-06-15,2024,Fnatic,Rogue,Fnatic,Rogue,1-0,1,0,1.26,3.72,0.746988,0.253012
LEC,2,https://www.oddsportal.com/esports/league-of-legends/league-of-legends-lec-2024/results/#/page/2/,15 Jun 2024 - Summer - Stage 1,2024-06-15,2024,Shifters,SK Gaming,Shifters,SK Gaming,0-1,0,1,1.62,2.5,0.606796,0.393204
LEC,2,https://www.oddsportal.com/esports/league-of-legends/league-of-legends-lec-2024/results/#/page/2/,10 Jun 2024 - Summer - Stage 1,2024-06-10,2024,Heretics,Movistar KOI,Heretics,Movistar KOI,0-1,0,1,1.85,1.85,0.5,0.5
LEC,2,https://www.oddsportal.com/esports/league-of-legends/league-of-legends-lec-2024/results/#/page/2/,10 Jun 2024 - Summer - Stage 1,2024-06-10,2024,Rogue,Karmine Corp,Rogue,Karmine Corp,0-1,0,1,2.2,1.62,0.424084,0.575916
LEC,2,https://www.oddsportal.com/esports/league-of-legends/league-of-legends-lec-2024/results/#/page/2/,10 Jun 2024 - Summer - Stage 1,2024-06-10,2024,Shifters,G2 Esports,Shifters,G2 Esports,1-0,1,0,3.23,1.34,0.293217,0.706783
LEC,2,https://www.oddsportal.com/esports/league-of-legends/league-of-legends-lec-2024/results/#/page/2/,10 Jun 2024 - Summer - Stage 1,2024-06-10,2024,GIANTX,SK Gaming,GiantX,SK Gaming,0-1,0,1,2.5,1.53,0.379653,0.620347
LEC,2,https://www.oddsportal.com/esports/league-of-legends/league-of-legends-lec-2024/results/#/page/2/,10 Jun 2024 - Summer - Stage 1,2024-06-10,2024,Fnatic,Vitality,Fnatic,Vitality,1-0,1,0,1.41,2.8,0.665083,0.334917
LEC,2,https://www.oddsportal.com/esports/league-of-legends/league-of-legends-lec-2024/results/#/page/2/,09 Jun 2024 - Summer - Stage 1,2024-06-09,2024,G2 Esports,SK Gaming,G2 Esports,SK Gaming,0-1,0,1,1.19,4.4,0.78712,0.21288
LEC,2,https://www.oddsportal.com/esports/league-of-legends/league-of-legends-lec-2024/results/#/page/2/,09 Jun 2024 - Summer - Stage 1,2024-06-09,2024,Fnatic,GIANTX,Fnatic,GiantX,1-0,1,0,1.22,4.28,0.778182,0.221818
LEC,2,https://www.oddsportal.com/esports/league-of-legends/league-of-legends-lec-2024/results/#/page/2/,09 Jun 2024 - Summer - Stage 1,2024-06-09,2024,Karmine Corp,Movistar KOI,Karmine Corp,Movistar KOI,1-0,1,0,2.24,1.68,0.428571,0.571429
LEC,2,https://www.oddsportal.com/esports/league-of-legends/league-of-legends-lec-2024/results/#/page/2/,08 Jun 2024 - Summer - Stage 1,2024-06-08,2024,Karmine Corp,Fnatic,Karmine Corp,Fnatic,0-1,0,1,3.0,1.38,0.315068,0.684932
LEC,2,https://www.oddsportal.com/esports/league-of-legends/league-of-legends-lec-2024/results/#/page/2/,08 Jun 2024 - Summer - Stage 1,2024-06-08,2024,Movistar KOI,G2 Esports,Movistar KOI,G2 Esports,0-1,0,1,3.5,1.28,0.267782,0.732218
LEC,2,https://www.oddsportal.com/esports/league-of-legends/league-of-legends-lec-2024/results/#/page/2/,08 Jun 2024 - Summer - Stage 1,2024-06-08,2024,SK Gaming,Rogue,SK Gaming,Rogue,1-0,1,0,1.65,2.19,0.570312,0.429688
LEC,2,https://www.oddsportal.com/esports/league-of-legends/league-of-legends-lec-2024/results/#/page/2/,08 Jun 2024 - Summer - Stage 1,2024-06-08,2024,Heretics,GIANTX,Heretics,GiantX,1-0,1,0,1.41,2.8,0.665083,0.334917
LEC,2,https://www.oddsportal.com/esports/league-of-legends/league-of-legends-lec-2024/results/#/page/2/,14 Apr 2024 - Spring - Stage 2,2024-04-14,2024,G2 Esports,Fnatic,G2 Esports,Fnatic,3-1,3,1,1.2,5.08,0.808917,0.191083
LEC,2,https://www.oddsportal.com/esports/league-of-legends/league-of-legends-lec-2024/results/#/page/2/,13 Apr 2024 - Spring - Stage 2,2024-04-13,2024,Shifters,Fnatic,Shifters,Fnatic,2-3,2,3,2.27,1.75,0.435323,0.564677
LEC,2,https://www.oddsportal.com/esports/league-of-legends/league-of-legends-lec-2024/results/#/page/2/,08 Apr 2024 - Spring - Stage 2,2024-04-08,2024,Vitality,Fnatic,Vitality,Fnatic,1-3,1,3,2.86,1.5,0.344037,0.655963
LEC,2,https://www.oddsportal.com/esports/league-of-legends/league-of-legends-lec-2024/results/#/page/2/,07 Apr 2024 - Spring - Stage 2,2024-04-07,2024,G2 Esports,Shifters,G2 Esports,Shifters,3-1,3,1,1.22,5.08,0.806349,0.193651
LEC,2,https://www.oddsportal.com/esports/league-of-legends/league-of-legends-lec-2024/results/#/page/2/,06 Apr 2024 - Spring - Stage 2,2024-04-06,2024,Vitality,Movistar KOI,Vitality,Movistar KOI,2-0,2,0,2.17,1.85,0.460199,0.539801
LEC,2,https://www.oddsportal.com/esports/league-of-legends/league-of-legends-lec-2024/results/#/page/2/,06 Apr 2024 - Spring - Stage 2,2024-04-06,2024,Fnatic,Heretics,Fnatic,Heretics,2-1,2,1,1.31,3.57,0.731557,0.268443
LEC,2,https://www.oddsportal.com/esports/league-of-legends/league-of-legends-lec-2024/results/#/page/2/,02 Apr 2024 - Spring - Stage 2,2024-04-02,2024,GIANTX,Movistar KOI,GiantX,Movistar KOI,1-2,1,2,3.07,1.4,0.313199,0.686801
LEC,2,https://www.oddsportal.com/esports/league-of-legends/league-of-legends-lec-2024/results/#/page/2/,02 Apr 2024 - Spring - Stage 2,2024-04-02,2024,SK Gaming,Heretics,SK Gaming,Heretics,1-2,1,2,2.27,1.72,0.431078,0.568922
LEC,2,https://www.oddsportal.com/esports/league-of-legends/league-of-legends-lec-2024/results/#/page/2/,01 Apr 2024 - Spring - Stage 2,2024-04-01,2024,Fnatic,G2 Esports,Fnatic,G2 Esports,0-2,0,2,2.82,1.43,0.336471,0.663529
LEC,2,https://www.oddsportal.com/esports/league-of-legends/league-of-legends-lec-2024/results/#/page/2/,31 Mar 2024 - Spring - Stage 2,2024-03-31,2024,G2 Esports,Movistar KOI,G2 Esports,Movistar KOI,2-0,2,0,1.31,4.0,0.753296,0.246704
LEC,2,https://www.oddsportal.com/esports/league-of-legends/league-of-legends-lec-2024/results/#/page/2/,30 Mar 2024 - Spring - Stage 2,2024-03-30,2024,Fnatic,GIANTX,Fnatic,GiantX,2-0,2,0,1.17,6.19,0.841033,0.158967
LEC,2,https://www.oddsportal.com/esports/league-of-legends/league-of-legends-lec-2024/results/#/page/2/,30 Mar 2024 - Spring - Stage 2,2024-03-30,2024,Vitality,SK Gaming,Vitality,SK Gaming,2-1,2,1,1.58,2.45,0.60794,0.39206
LEC,2,https://www.oddsportal.com/esports/league-of-legends/league-of-legends-lec-2024/results/#/page/2/,25 Mar 2024 - Spring - Stage 1,2024-03-25,2024,Karmine Corp,Shifters,Karmine Corp,Shifters,0-1,0,1,2.42,1.57,0.393484,0.606516
LEC,2,https://www.oddsportal.com/esports/league-of-legends/league-of-legends-lec-2024/results/#/page/2/,25 Mar 2024 - Spring - Stage 1,2024-03-25,2024,G2 Esports,Vitality,G2 Esports,Vitality,0-1,0,1,1.24,4.06,0.766038,0.233962
LEC,2,https://www.oddsportal.com/esports/league-of-legends/league-of-legends-lec-2024/results/#/page/2/,25 Mar 2024 - Spring - Stage 1,2024-03-25,2024,Fnatic,Movistar KOI,Fnatic,Movistar KOI,0-1,0,1,1.48,2.68,0.644231,0.355769
LEC,2,https://www.oddsportal.com/esports/league-of-legends/league-of-legends-lec-2024/results/#/page/2/,25 Mar 2024 - Spring - Stage 1,2024-03-25,2024,Rogue,SK Gaming,Rogue,SK Gaming,1-0,1,0,2.53,1.57,0.382927,0.617073
LEC,2,https://www.oddsportal.com/esports/league-of-legends/league-of-legends-lec-2024/results/#/page/2/,25 Mar 2024 - Spring - Stage 1,2024-03-25,2024,Heretics,GIANTX,Heretics,GiantX,0-1,0,1,1.43,2.82,0.663529,0.336471
LEC,2,https://www.oddsportal.com/esports/league-of-legends/league-of-legends-lec-2024/results/#/page/2/,23 Mar 2024 - Spring - Stage 1,2024-03-23,2024,Karmine Corp,Heretics,Karmine Corp,Heretics,0-1,0,1,2.24,1.65,0.424165,0.575835
LEC,2,https://www.oddsportal.com/esports/league-of-legends/league-of-legends-lec-2024/results/#/page/2/,23 Mar 2024 - Spring - Stage 1,2024-03-23,2024,Rogue,G2 Esports,Rogue,G2 Esports,1-0,1,0,4.81,1.18,0.196995,0.803005
LEC,2,https://www.oddsportal.com/esports/league-of-legends/league-of-legends-lec-2024/results/#/page/2/,23 Mar 2024 - Spring - Stage 1,2024-03-23,2024,Shifters,Movistar KOI,Shifters,Movistar KOI,0-1,0,1,1.7,2.2,0.564103,0.435897
LEC,2,https://www.oddsportal.com/esports/league-of-legends/league-of-legends-lec-2024/results/#/page/2/,23 Mar 2024 - Spring - Stage 1,2024-03-23,2024,Vitality,GIANTX,Vitality,GiantX,0-1,0,1,1.5,2.82,0.652778,0.347222
LEC,2,https://www.oddsportal.com/esports/league-of-legends/league-of-legends-lec-2024/results/#/page/2/,23 Mar 2024 - Spring - Stage 1,2024-03-23,2024,SK Gaming,Fnatic,SK Gaming,Fnatic,0-1,0,1,3.04,1.4,0.315315,0.684685
LEC,2,https://www.oddsportal.com/esports/league-of-legends/league-of-legends-lec-2024/results/#/page/2/,22 Mar 2024 - Spring - Stage 1,2024-03-22,2024,Vitality,Karmine Corp,Vitality,Karmine Corp,1-0,1,0,1.65,2.36,0.588529,0.411471
LEC,2,https://www.oddsportal.com/esports/league-of-legends/league-of-legends-lec-2024/results/#/page/2/,22 Mar 2024 - Spring - Stage 1,2024-03-22,2024,Movistar KOI,Heretics,Movistar KOI,Heretics,0-1,0,1,1.8,2.24,0.554455,0.445545
LEC,2,https://www.oddsportal.com/esports/league-of-legends/league-of-legends-lec-2024/results/#/page/2/,22 Mar 2024 - Spring - Stage 1,2024-03-22,2024,G2 Esports,SK Gaming,G2 Esports,SK Gaming,1-0,1,0,1.21,4.38,0.783542,0.216458
LEC,2,https://www.oddsportal.com/esports/league-of-legends/league-of-legends-lec-2024/results/#/page/2/,22 Mar 2024 - Spring - Stage 1,2024-03-22,2024,Shifters,Fnatic,Shifters,Fnatic,1-0,1,0,2.82,1.52,0.35023,0.64977
LEC,2,https://www.oddsportal.com/esports/league-of-legends/league-of-legends-lec-2024/results/#/page/2/,22 Mar 2024 - Spring - Stage 1,2024-03-22,2024,GIANTX,Rogue,GiantX,Rogue,1-0,1,0,2.05,1.77,0.463351,0.536649
LEC,2,https://www.oddsportal.com/esports/league-of-legends/league-of-legends-lec-2024/results/#/page/2/,18 Mar 2024 - Spring - Stage 1,2024-03-18,2024,SK Gaming,Karmine Corp,SK Gaming,Karmine Corp,1-0,1,0,1.85,1.96,0.514436,0.485564
LEC,2,https://www.oddsportal.com/esports/league-of-legends/league-of-legends-lec-2024/results/#/page/2/,18 Mar 2024 - Spring - Stage 1,2024-03-18,2024,Rogue,Movistar KOI,Rogue,Movistar KOI,0-1,0,1,2.68,1.5,0.358852,0.641148
LEC,3,https://www.oddsportal.com/esports/league-of-legends/league-of-legends-lec-2024/results/#/page/3/,18 Mar 2024 - Spring - Stage 1,2024-03-18,2024,G2 Esports,GIANTX,G2 Esports,GiantX,1-0,1,0,1.16,5.3,0.820433,0.179567
LEC,3,https://www.oddsportal.com/esports/league-of-legends/league-of-legends-lec-2024/results/#/page/3/,18 Mar 2024 - Spring - Stage 1,2024-03-18,2024,Vitality,Fnatic,Vitality,Fnatic,0-1,0,1,2.82,1.48,0.344186,0.655814
LEC,3,https://www.oddsportal.com/esports/league-of-legends/league-of-legends-lec-2024/results/#/page/3/,17 Mar 2024 - Spring - Stage 1,2024-03-17,2024,Fnatic,G2 Esports,Fnatic,G2 Esports,1-0,1,0,2.9,1.43,0.330254,0.669746
LEC,3,https://www.oddsportal.com/esports/league-of-legends/league-of-legends-lec-2024/results/#/page/3/,17 Mar 2024 - Spring - Stage 1,2024-03-17,2024,Heretics,SK Gaming,Heretics,SK Gaming,1-0,1,0,2.0,1.9,0.487179,0.512821
LEC,3,https://www.oddsportal.com/esports/league-of-legends/league-of-legends-lec-2024/results/#/page/3/,17 Mar 2024 - Spring - Stage 1,2024-03-17,2024,Movistar KOI,Karmine Corp,Movistar KOI,Karmine Corp,0-1,0,1,1.58,2.42,0.605,0.395
LEC,3,https://www.oddsportal.com/esports/league-of-legends/league-of-legends-lec-2024/results/#/page/3/,17 Mar 2024 - Spring - Stage 1,2024-03-17,2024,GIANTX,Shifters,GiantX,Shifters,0-1,0,1,2.7,1.47,0.352518,0.647482
LEC,3,https://www.oddsportal.com/esports/league-of-legends/league-of-legends-lec-2024/results/#/page/3/,16 Mar 2024 - Spring - Stage 1,2024-03-16,2024,Karmine Corp,Rogue,Karmine Corp,Rogue,0-1,0,1,1.4,3.44,0.710744,0.289256
LEC,3,https://www.oddsportal.com/esports/league-of-legends/league-of-legends-lec-2024/results/#/page/3/,16 Mar 2024 - Spring - Stage 1,2024-03-16,2024,Movistar KOI,Vitality,Movistar KOI,Vitality,0-1,0,1,1.61,2.31,0.589286,0.410714
LEC,3,https://www.oddsportal.com/esports/league-of-legends/league-of-legends-lec-2024/results/#/page/3/,16 Mar 2024 - Spring - Stage 1,2024-03-16,2024,G2 Esports,Heretics,G2 Esports,Heretics,1-0,1,0,1.21,4.38,0.783542,0.216458
LEC,3,https://www.oddsportal.com/esports/league-of-legends/league-of-legends-lec-2024/results/#/page/3/,16 Mar 2024 - Spring - Stage 1,2024-03-16,2024,GIANTX,Fnatic,GiantX,Fnatic,0-1,0,1,3.54,1.3,0.268595,0.731405
LEC,3,https://www.oddsportal.com/esports/league-of-legends/league-of-legends-lec-2024/results/#/page/3/,16 Mar 2024 - Spring - Stage 1,2024-03-16,2024,SK Gaming,Shifters,SK Gaming,Shifters,0-1,0,1,2.05,1.77,0.463351,0.536649
LEC,3,https://www.oddsportal.com/esports/league-of-legends/league-of-legends-lec-2024/results/#/page/3/,11 Mar 2024 - Spring - Stage 1,2024-03-11,2024,G2 Esports,Karmine Corp,G2 Esports,Karmine Corp,1-0,1,0,1.18,4.1,0.776515,0.223485
LEC,3,https://www.oddsportal.com/esports/league-of-legends/league-of-legends-lec-2024/results/#/page/3/,11 Mar 2024 - Spring - Stage 1,2024-03-11,2024,Heretics,Fnatic,Heretics,Fnatic,1-0,1,0,3.1,1.4,0.311111,0.688889
LEC,3,https://www.oddsportal.com/esports/league-of-legends/league-of-legends-lec-2024/results/#/page/3/,11 Mar 2024 - Spring - Stage 1,2024-03-11,2024,GIANTX,Movistar KOI,GiantX,Movistar KOI,1-0,1,0,3.54,1.32,0.271605,0.728395
LEC,3,https://www.oddsportal.com/esports/league-of-legends/league-of-legends-lec-2024/results/#/page/3/,11 Mar 2024 - Spring - Stage 1,2024-03-11,2024,SK Gaming,Vitality,SK Gaming,Vitality,1-0,1,0,1.9,1.9,0.5,0.5
LEC,3,https://www.oddsportal.com/esports/league-of-legends/league-of-legends-lec-2024/results/#/page/3/,10 Mar 2024 - Spring - Stage 1,2024-03-10,2024,Movistar KOI,G2 Esports,Movistar KOI,G2 Esports,0-1,0,1,2.8,1.38,0.330144,0.669856
LEC,3,https://www.oddsportal.com/esports/league-of-legends/league-of-legends-lec-2024/results/#/page/3/,10 Mar 2024 - Spring - Stage 1,2024-03-10,2024,GIANTX,SK Gaming,GiantX,SK Gaming,0-1,0,1,2.15,1.7,0.441558,0.558442
LEC,3,https://www.oddsportal.com/esports/league-of-legends/league-of-legends-lec-2024/results/#/page/3/,10 Mar 2024 - Spring - Stage 1,2024-03-10,2024,Fnatic,Karmine Corp,Fnatic,Karmine Corp,1-0,1,0,1.48,2.82,0.655814,0.344186
LEC,3,https://www.oddsportal.com/esports/league-of-legends/league-of-legends-lec-2024/results/#/page/3/,09 Mar 2024 - Spring - Stage 1,2024-03-09,2024,Movistar KOI,SK Gaming,Movistar KOI,SK Gaming,1-0,1,0,1.52,2.68,0.638095,0.361905
LEC,3,https://www.oddsportal.com/esports/league-of-legends/league-of-legends-lec-2024/results/#/page/3/,09 Mar 2024 - Spring - Stage 1,2024-03-09,2024,Karmine Corp,GIANTX,Karmine Corp,GiantX,1-0,1,0,1.61,2.35,0.593434,0.406566
LEC,3,https://www.oddsportal.com/esports/league-of-legends/league-of-legends-lec-2024/results/#/page/3/,09 Mar 2024 - Spring - Stage 1,2024-03-09,2024,Shifters,G2 Esports,Shifters,G2 Esports,0-1,0,1,3.04,1.38,0.312217,0.687783
LEC,3,https://www.oddsportal.com/esports/league-of-legends/league-of-legends-lec-2024/results/#/page/3/,09 Mar 2024 - Spring - Stage 1,2024-03-09,2024,Fnatic,Rogue,Fnatic,Rogue,1-0,1,0,1.3,3.54,0.731405,0.268595
LEC,3,https://www.oddsportal.com/esports/league-of-legends/league-of-legends-lec-2024/results/#/page/3/,18 Feb 2024 - Winter - Stage 2,2024-02-18,2024,G2 Esports,Movistar KOI,G2 Esports,Movistar KOI,3-1,3,1,1.12,6.77,0.858048,0.141952
LEC,3,https://www.oddsportal.com/esports/league-of-legends/league-of-legends-lec-2024/results/#/page/3/,17 Feb 2024 - Winter - Stage 2,2024-02-17,2024,Shifters,Movistar KOI,Shifters,Movistar KOI,2-3,2,3,3.57,1.38,0.278788,0.721212
LEC,3,https://www.oddsportal.com/esports/league-of-legends/league-of-legends-lec-2024/results/#/page/3/,16 Feb 2024 - Winter - Stage 2,2024-02-16,2024,Movistar KOI,Fnatic,Movistar KOI,Fnatic,3-2,3,2,2.7,1.58,0.369159,0.630841
LEC,3,https://www.oddsportal.com/esports/league-of-legends/league-of-legends-lec-2024/results/#/page/3/,12 Feb 2024 - Winter - Stage 2,2024-02-12,2024,Fnatic,SK Gaming,Fnatic,SK Gaming,2-1,2,1,1.36,3.57,0.724138,0.275862
LEC,3,https://www.oddsportal.com/esports/league-of-legends/league-of-legends-lec-2024/results/#/page/3/,12 Feb 2024 - Winter - Stage 2,2024-02-12,2024,Vitality,Movistar KOI,Vitality,Movistar KOI,0-2,0,2,2.1,1.67,0.442971,0.557029
LEC,3,https://www.oddsportal.com/esports/league-of-legends/league-of-legends-lec-2024/results/#/page/3/,11 Feb 2024 - Winter - Stage 2,2024-02-11,2024,G2 Esports,Shifters,G2 Esports,Shifters,3-0,3,0,1.35,3.48,0.720497,0.279503
LEC,3,https://www.oddsportal.com/esports/league-of-legends/league-of-legends-lec-2024/results/#/page/3/,10 Feb 2024 - Winter - Stage 2,2024-02-10,2024,GIANTX,Movistar KOI,GiantX,Movistar KOI,0-2,0,2,2.15,1.72,0.444444,0.555556
LEC,3,https://www.oddsportal.com/esports/league-of-legends/league-of-legends-lec-2024/results/#/page/3/,10 Feb 2024 - Winter - Stage 2,2024-02-10,2024,Heretics,SK Gaming,Heretics,SK Gaming,1-2,1,2,1.72,2.17,0.557841,0.442159
LEC,3,https://www.oddsportal.com/esports/league-of-legends/league-of-legends-lec-2024/results/#/page/3/,05 Feb 2024 - Winter - Stage 2,2024-02-05,2024,Fnatic,G2 Esports,Fnatic,G2 Esports,1-2,1,2,3.1,1.4,0.311111,0.688889
LEC,3,https://www.oddsportal.com/esports/league-of-legends/league-of-legends-lec-2024/results/#/page/3/,04 Feb 2024 - Winter - Stage 2,2024-02-04,2024,Movistar KOI,Fnatic,Movistar KOI,Fnatic,0-2,0,2,2.45,1.58,0.39206,0.60794
LEC,3,https://www.oddsportal.com/esports/league-of-legends/league-of-legends-lec-2024/results/#/page/3/,04 Feb 2024 - Winter - Stage 2,2024-02-04,2024,SK Gaming,Vitality,SK Gaming,Vitality,0-2,0,2,1.83,2.07,0.530769,0.469231
LEC,3,https://www.oddsportal.com/esports/league-of-legends/league-of-legends-lec-2024/results/#/page/3/,03 Feb 2024 - Winter - Stage 2,2024-02-03,2024,G2 Esports,GIANTX,G2 Esports,GiantX,2-0,2,0,1.1,7.95,0.878453,0.121547
LEC,3,https://www.oddsportal.com/esports/league-of-legends/league-of-legends-lec-2024/results/#/page/3/,29 Jan 2024 - Winter - Stage 1,2024-01-29,2024,Vitality,Movistar KOI,Vitality,Movistar KOI,0-1,0,1,2.0,1.85,0.480519,0.519481
LEC,3,https://www.oddsportal.com/esports/league-of-legends/league-of-legends-lec-2024/results/#/page/3/,29 Jan 2024 - Winter - Stage 1,2024-01-29,2024,SK Gaming,G2 Esports,SK Gaming,G2 Esports,0-1,0,1,3.57,1.32,0.269939,0.730061
LEC,3,https://www.oddsportal.com/esports/league-of-legends/league-of-legends-lec-2024/results/#/page/3/,29 Jan 2024 - Winter - Stage 1,2024-01-29,2024,Fnatic,Heretics,Fnatic,Heretics,1-0,1,0,1.58,2.45,0.60794,0.39206
LEC,3,https://www.oddsportal.com/esports/league-of-legends/league-of-legends-lec-2024/results/#/page/3/,29 Jan 2024 - Winter - Stage 1,2024-01-29,2024,Shifters,Karmine Corp,Shifters,Karmine Corp,0-1,0,1,1.29,3.89,0.750965,0.249035
LEC,3,https://www.oddsportal.com/esports/league-of-legends/league-of-legends-lec-2024/results/#/page/3/,29 Jan 2024 - Winter - Stage 1,2024-01-29,2024,GIANTX,Rogue,GiantX,Rogue,1-0,1,0,1.63,2.34,0.589421,0.410579
LEC,3,https://www.oddsportal.com/esports/league-of-legends/league-of-legends-lec-2024/results/#/page/3/,28 Jan 2024 - Winter - Stage 1,2024-01-28,2024,SK Gaming,Karmine Corp,SK Gaming,Karmine Corp,0-1,0,1,1.36,3.1,0.695067,0.304933
LEC,3,https://www.oddsportal.com/esports/league-of-legends/league-of-legends-lec-2024/results/#/page/3/,28 Jan 2024 - Winter - Stage 1,2024-01-28,2024,Movistar KOI,GIANTX,Movistar KOI,GiantX,0-1,0,1,1.5,2.4,0.615385,0.384615
LEC,3,https://www.oddsportal.com/esports/league-of-legends/league-of-legends-lec-2024/results/#/page/3/,28 Jan 2024 - Winter - Stage 1,2024-01-28,2024,Fnatic,G2 Esports,Fnatic,G2 Esports,0-1,0,1,2.86,1.45,0.336427,0.663573
LEC,4,https://www.oddsportal.com/esports/league-of-legends/league-of-legends-lec-2024/results/#/page/4/,27 Jan 2024 - Winter - Stage 1,2024-01-27,2024,Karmine Corp,Rogue,Karmine Corp,Rogue,0-1,0,1,1.93,1.85,0.489418,0.510582
LEC,4,https://www.oddsportal.com/esports/league-of-legends/league-of-legends-lec-2024/results/#/page/4/,27 Jan 2024 - Winter - Stage 1,2024-01-27,2024,GIANTX,G2 Esports,GiantX,G2 Esports,0-1,0,1,4.51,1.22,0.212914,0.787086
LEC,4,https://www.oddsportal.com/esports/league-of-legends/league-of-legends-lec-2024/results/#/page/4/,27 Jan 2024 - Winter - Stage 1,2024-01-27,2024,Fnatic,Movistar KOI,Fnatic,Movistar KOI,0-1,0,1,1.53,2.5,0.620347,0.379653
LEC,4,https://www.oddsportal.com/esports/league-of-legends/league-of-legends-lec-2024/results/#/page/4/,27 Jan 2024 - Winter - Stage 1,2024-01-27,2024,Vitality,SK Gaming,Vitality,SK Gaming,0-1,0,1,2.07,1.79,0.463731,0.536269
LEC,4,https://www.oddsportal.com/esports/league-of-legends/league-of-legends-lec-2024/results/#/page/4/,22 Jan 2024 - Winter - Stage 1,2024-01-22,2024,Heretics,Karmine Corp,Heretics,Karmine Corp,1-0,1,0,1.57,2.99,0.655702,0.344298
LEC,4,https://www.oddsportal.com/esports/league-of-legends/league-of-legends-lec-2024/results/#/page/4/,22 Jan 2024 - Winter - Stage 1,2024-01-22,2024,Vitality,G2 Esports,Vitality,G2 Esports,1-0,1,0,5.0,1.2,0.193548,0.806452
LEC,4,https://www.oddsportal.com/esports/league-of-legends/league-of-legends-lec-2024/results/#/page/4/,22 Jan 2024 - Winter - Stage 1,2024-01-22,2024,Movistar KOI,Rogue,Movistar KOI,Rogue,1-0,1,0,1.57,2.5,0.614251,0.385749
LEC,4,https://www.oddsportal.com/esports/league-of-legends/league-of-legends-lec-2024/results/#/page/4/,22 Jan 2024 - Winter - Stage 1,2024-01-22,2024,Fnatic,GIANTX,Fnatic,GiantX,1-0,1,0,1.36,3.0,0.688073,0.311927
LEC,4,https://www.oddsportal.com/esports/league-of-legends/league-of-legends-lec-2024/results/#/page/4/,22 Jan 2024 - Winter - Stage 1,2024-01-22,2024,SK Gaming,Shifters,SK Gaming,Shifters,0-1,0,1,2.07,1.8,0.465116,0.534884
LEC,4,https://www.oddsportal.com/esports/league-of-legends/league-of-legends-lec-2024/results/#/page/4/,21 Jan 2024 - Winter - Stage 1,2024-01-21,2024,Vitality,Karmine Corp,Vitality,Karmine Corp,1-0,1,0,2.05,1.85,0.474359,0.525641
LEC,4,https://www.oddsportal.com/esports/league-of-legends/league-of-legends-lec-2024/results/#/page/4/,21 Jan 2024 - Winter - Stage 1,2024-01-21,2024,SK Gaming,GIANTX,SK Gaming,GiantX,1-0,1,0,1.57,2.42,0.606516,0.393484
LEC,4,https://www.oddsportal.com/esports/league-of-legends/league-of-legends-lec-2024/results/#/page/4/,21 Jan 2024 - Winter - Stage 1,2024-01-21,2024,Heretics,G2 Esports,Heretics,G2 Esports,0-1,0,1,3.26,1.35,0.292842,0.707158
LEC,4,https://www.oddsportal.com/esports/league-of-legends/league-of-legends-lec-2024/results/#/page/4/,21 Jan 2024 - Winter - Stage 1,2024-01-21,2024,Fnatic,Rogue,Fnatic,Rogue,1-0,1,0,1.38,3.04,0.687783,0.312217
LEC,4,https://www.oddsportal.com/esports/league-of-legends/league-of-legends-lec-2024/results/#/page/4/,21 Jan 2024 - Winter - Stage 1,2024-01-21,2024,Movistar KOI,Shifters,Movistar KOI,Shifters,0-1,0,1,2.1,1.92,0.477612,0.522388
LEC,4,https://www.oddsportal.com/esports/league-of-legends/league-of-legends-lec-2024/results/#/page/4/,20 Jan 2024 - Winter - Stage 1,2024-01-20,2024,GIANTX,Karmine Corp,GiantX,Karmine Corp,1-0,1,0,2.31,1.62,0.412214,0.587786
LEC,4,https://www.oddsportal.com/esports/league-of-legends/league-of-legends-lec-2024/results/#/page/4/,20 Jan 2024 - Winter - Stage 1,2024-01-20,2024,Fnatic,Shifters,Fnatic,Shifters,0-1,0,1,1.58,2.45,0.60794,0.39206
LEC,4,https://www.oddsportal.com/esports/league-of-legends/league-of-legends-lec-2024/results/#/page/4/,20 Jan 2024 - Winter - Stage 1,2024-01-20,2024,Movistar KOI,G2 Esports,Movistar KOI,G2 Esports,0-1,0,1,3.44,1.31,0.275789,0.724211
LEC,4,https://www.oddsportal.com/esports/league-of-legends/league-of-legends-lec-2024/results/#/page/4/,20 Jan 2024 - Winter - Stage 1,2024-01-20,2024,SK Gaming,Heretics,SK Gaming,Heretics,0-1,0,1,1.62,2.31,0.587786,0.412214
LEC,4,https://www.oddsportal.com/esports/league-of-legends/league-of-legends-lec-2024/results/#/page/4/,15 Jan 2024 - Winter - Stage 1,2024-01-15,2024,Fnatic,SK Gaming,Fnatic,SK Gaming,0-1,0,1,1.54,2.56,0.62439,0.37561
LEC,4,https://www.oddsportal.com/esports/league-of-legends/league-of-legends-lec-2024/results/#/page/4/,15 Jan 2024 - Winter - Stage 1,2024-01-15,2024,Karmine Corp,Movistar KOI,Karmine Corp,Movistar KOI,0-1,0,1,1.67,2.27,0.576142,0.423858
LEC,4,https://www.oddsportal.com/esports/league-of-legends/league-of-legends-lec-2024/results/#/page/4/,15 Jan 2024 - Winter - Stage 1,2024-01-15,2024,GIANTX,Heretics,GiantX,Heretics,0-1,0,1,1.87,1.98,0.514286,0.485714
LEC,4,https://www.oddsportal.com/esports/league-of-legends/league-of-legends-lec-2024/results/#/page/4/,15 Jan 2024 - Winter - Stage 1,2024-01-15,2024,G2 Esports,Rogue,G2 Esports,Rogue,0-1,0,1,1.18,5.08,0.811502,0.188498
LEC,4,https://www.oddsportal.com/esports/league-of-legends/league-of-legends-lec-2024/results/#/page/4/,14 Jan 2024 - Winter - Stage 1,2024-01-14,2024,Fnatic,Vitality,Fnatic,Vitality,1-0,1,0,1.44,2.7,0.652174,0.347826
LEC,4,https://www.oddsportal.com/esports/league-of-legends/league-of-legends-lec-2024/results/#/page/4/,14 Jan 2024 - Winter - Stage 1,2024-01-14,2024,G2 Esports,Karmine Corp,G2 Esports,Karmine Corp,1-0,1,0,1.29,3.3,0.718954,0.281046
LEC,4,https://www.oddsportal.com/esports/league-of-legends/league-of-legends-lec-2024/results/#/page/4/,14 Jan 2024 - Winter - Stage 1,2024-01-14,2024,Movistar KOI,SK Gaming,Movistar KOI,SK Gaming,0-1,0,1,1.92,1.83,0.488,0.512
LEC,4,https://www.oddsportal.com/esports/league-of-legends/league-of-legends-lec-2024/results/#/page/4/,14 Jan 2024 - Winter - Stage 1,2024-01-14,2024,GIANTX,Shifters,GiantX,Shifters,0-1,0,1,1.85,1.8,0.493151,0.506849
LEC,4,https://www.oddsportal.com/esports/league-of-legends/league-of-legends-lec-2024/results/#/page/4/,13 Jan 2024 - Winter - Stage 1,2024-01-13,2024,Movistar KOI,Heretics,Movistar KOI,Heretics,1-0,1,0,2.56,1.54,0.37561,0.62439
LEC,4,https://www.oddsportal.com/esports/league-of-legends/league-of-legends-lec-2024/results/#/page/4/,13 Jan 2024 - Winter - Stage 1,2024-01-13,2024,GIANTX,Vitality,GiantX,Vitality,1-0,1,0,2.07,1.8,0.465116,0.534884
LEC,4,https://www.oddsportal.com/esports/league-of-legends/league-of-legends-lec-2024/results/#/page/4/,13 Jan 2024 - Winter - Stage 1,2024-01-13,2024,Fnatic,Karmine Corp,Fnatic,Karmine Corp,1-0,1,0,1.63,2.34,0.589421,0.410579
LEC,4,https://www.oddsportal.com/esports/league-of-legends/league-of-legends-lec-2024/results/#/page/4/,13 Jan 2024 - Winter - Stage 1,2024-01-13,2024,SK Gaming,Rogue,SK Gaming,Rogue,1-0,1,0,2.07,1.79,0.463731,0.536269
LEC,4,https://www.oddsportal.com/esports/league-of-legends/league-of-legends-lec-2024/results/#/page/4/,13 Jan 2024 - Winter - Stage 1,2024-01-13,2024,G2 Esports,Shifters,G2 Esports,Shifters,1-0,1,0,1.25,4.51,0.782986,0.217014
LEC,1,https://www.oddsportal.com/esports/league-of-legends/league-of-legends-lec-2025/results/,28 Sep 2025 - Summer - Stage 2,2025-09-28,2025,G2 Esports,Movistar KOI,G2 Esports,Movistar KOI,3-0,3,0,1.48,2.72,0.647619,0.352381
LEC,1,https://www.oddsportal.com/esports/league-of-legends/league-of-legends-lec-2025/results/,27 Sep 2025 - Summer - Stage 2,2025-09-27,2025,Movistar KOI,Fnatic,Movistar KOI,Fnatic,3-1,3,1,1.99,2.08,0.511057,0.488943
LEC,1,https://www.oddsportal.com/esports/league-of-legends/league-of-legends-lec-2025/results/,26 Sep 2025 - Summer - Stage 2,2025-09-26,2025,Fnatic,Karmine Corp,Fnatic,Karmine Corp,3-1,3,1,2.5,1.85,0.425287,0.574713
LEC,1,https://www.oddsportal.com/esports/league-of-legends/league-of-legends-lec-2025/results/,15 Sep 2025 - Summer - Stage 2,2025-09-15,2025,GIANTX,Fnatic,GiantX,Fnatic,0-3,0,3,2.6,1.6,0.380952,0.619048
LEC,1,https://www.oddsportal.com/esports/league-of-legends/league-of-legends-lec-2025/results/,14 Sep 2025 - Summer - Stage 2,2025-09-14,2025,Movistar KOI,G2 Esports,Movistar KOI,G2 Esports,1-3,1,3,3.0,1.46,0.327354,0.672646
LEC,1,https://www.oddsportal.com/esports/league-of-legends/league-of-legends-lec-2025/results/,13 Sep 2025 - Summer - Stage 2,2025-09-13,2025,Vitality,Karmine Corp,Vitality,Karmine Corp,1-3,1,3,5.2,1.2,0.1875,0.8125
LEC,1,https://www.oddsportal.com/esports/league-of-legends/league-of-legends-lec-2025/results/,08 Sep 2025 - Summer - Stage 2,2025-09-08,2025,Movistar KOI,Fnatic,Movistar KOI,Fnatic,3-2,3,2,1.88,1.98,0.512953,0.487047
LEC,1,https://www.oddsportal.com/esports/league-of-legends/league-of-legends-lec-2025/results/,07 Sep 2025 - Summer - Stage 2,2025-09-07,2025,G2 Esports,Karmine Corp,G2 Esports,Karmine Corp,3-1,3,1,1.45,2.9,0.666667,0.333333
LEC,1,https://www.oddsportal.com/esports/league-of-legends/league-of-legends-lec-2025/results/,06 Sep 2025 - Summer - Stage 2,2025-09-06,2025,GIANTX,Shifters,GiantX,Shifters,3-0,3,0,1.3,3.86,0.748062,0.251938
LEC,1,https://www.oddsportal.com/esports/league-of-legends/league-of-legends-lec-2025/results/,26 Aug 2025 - Summer - Stage 1,2025-08-26,2025,Natus Vincere,GIANTX,Natus Vincere,GiantX,0-2,0,2,5.0,1.17,0.189627,0.810373
LEC,1,https://www.oddsportal.com/esports/league-of-legends/league-of-legends-lec-2025/results/,26 Aug 2025 - Summer - Stage 1,2025-08-26,2025,Vitality,Movistar KOI,Vitality,Movistar KOI,0-2,0,2,3.72,1.42,0.276265,0.723735
LEC,1,https://www.oddsportal.com/esports/league-of-legends/league-of-legends-lec-2025/results/,25 Aug 2025 - Summer - Stage 1,2025-08-25,2025,SK Gaming,G2 Esports,SK Gaming,G2 Esports,0-2,0,2,9.0,1.08,0.107143,0.892857
LEC,1,https://www.oddsportal.com/esports/league-of-legends/league-of-legends-lec-2025/results/,18 Aug 2025 - Summer - Stage 1,2025-08-18,2025,G2 Esports,Shifters,G2 Esports,Shifters,2-0,2,0,1.09,8.0,0.880088,0.119912
LEC,1,https://www.oddsportal.com/esports/league-of-legends/league-of-legends-lec-2025/results/,18 Aug 2025 - Summer - Stage 1,2025-08-18,2025,Karmine Corp,Vitality,Karmine Corp,Vitality,1-2,1,2,1.15,6.4,0.847682,0.152318
LEC,1,https://www.oddsportal.com/esports/league-of-legends/league-of-legends-lec-2025/results/,17 Aug 2025 - Summer - Stage 1,2025-08-17,2025,Fnatic,G2 Esports,Fnatic,G2 Esports,0-2,0,2,2.3,1.8,0.439024,0.560976
LEC,1,https://www.oddsportal.com/esports/league-of-legends/league-of-legends-lec-2025/results/,17 Aug 2025 - Summer - Stage 1,2025-08-17,2025,Vitality,Natus Vincere,Vitality,Natus Vincere,2-0,2,0,1.35,3.25,0.706522,0.293478
LEC,1,https://www.oddsportal.com/esports/league-of-legends/league-of-legends-lec-2025/results/,16 Aug 2025 - Summer - Stage 1,2025-08-16,2025,Heretics,SK Gaming,Heretics,SK Gaming,1-2,1,2,1.3,3.7,0.74,0.26
LEC,1,https://www.oddsportal.com/esports/league-of-legends/league-of-legends-lec-2025/results/,16 Aug 2025 - Summer - Stage 1,2025-08-16,2025,Movistar KOI,Natus Vincere,Movistar KOI,Natus Vincere,2-0,2,0,1.09,8.0,0.880088,0.119912
LEC,1,https://www.oddsportal.com/esports/league-of-legends/league-of-legends-lec-2025/results/,10 Aug 2025 - Summer - Stage 1,2025-08-10,2025,Karmine Corp,Movistar KOI,Karmine Corp,Movistar KOI,2-1,2,1,1.65,2.99,0.644397,0.355603
LEC,1,https://www.oddsportal.com/esports/league-of-legends/league-of-legends-lec-2025/results/,10 Aug 2025 - Summer - Stage 1,2025-08-10,2025,Fnatic,Shifters,Fnatic,Shifters,2-0,2,0,1.23,7.0,0.850547,0.149453
LEC,1,https://www.oddsportal.com/esports/league-of-legends/league-of-legends-lec-2025/results/,09 Aug 2025 - Summer - Stage 1,2025-08-09,2025,Movistar KOI,GIANTX,Movistar KOI,GiantX,2-1,2,1,1.45,2.88,0.665127,0.334873
LEC,1,https://www.oddsportal.com/esports/league-of-legends/league-of-legends-lec-2025/results/,09 Aug 2025 - Summer - Stage 1,2025-08-09,2025,G2 Esports,Heretics,G2 Esports,Heretics,2-0,2,0,1.12,6.5,0.853018,0.146982
LEC,1,https://www.oddsportal.com/esports/league-of-legends/league-of-legends-lec-2025/results/,04 Aug 2025 - Summer - Stage 1,2025-08-04,2025,GIANTX,Vitality,GiantX,Vitality,2-0,2,0,1.7,2.77,0.619687,0.380313
LEC,1,https://www.oddsportal.com/esports/league-of-legends/league-of-legends-lec-2025/results/,04 Aug 2025 - Summer - Stage 1,2025-08-04,2025,SK Gaming,Fnatic,SK Gaming,Fnatic,0-2,0,2,8.5,1.1,0.114583,0.885417
LEC,1,https://www.oddsportal.com/esports/league-of-legends/league-of-legends-lec-2025/results/,03 Aug 2025 - Summer - Stage 1,2025-08-03,2025,GIANTX,Karmine Corp,GiantX,Karmine Corp,1-2,1,2,4.5,1.2,0.210526,0.789474
LEC,1,https://www.oddsportal.com/esports/league-of-legends/league-of-legends-lec-2025/results/,03 Aug 2025 - Summer - Stage 1,2025-08-03,2025,Shifters,SK Gaming,Shifters,SK Gaming,2-0,2,0,1.55,3.0,0.659341,0.340659
LEC,1,https://www.oddsportal.com/esports/league-of-legends/league-of-legends-lec-2025/results/,02 Aug 2025 - Summer - Stage 1,2025-08-02,2025,Heretics,Fnatic,Heretics,Fnatic,1-2,1,2,6.09,1.17,0.161157,0.838843
LEC,1,https://www.oddsportal.com/esports/league-of-legends/league-of-legends-lec-2025/results/,02 Aug 2025 - Summer - Stage 1,2025-08-02,2025,Natus Vincere,Karmine Corp,Natus Vincere,Karmine Corp,0-2,0,2,9.0,1.04,0.103586,0.896414
LEC,1,https://www.oddsportal.com/esports/league-of-legends/league-of-legends-lec-2025/results/,08 Jun 2025 - Spring - Stage 2,2025-06-08,2025,G2 Esports,Movistar KOI,G2 Esports,Movistar KOI,1-3,1,3,1.45,2.94,0.669704,0.330296
LEC,1,https://www.oddsportal.com/esports/league-of-legends/league-of-legends-lec-2025/results/,07 Jun 2025 - Spring - Stage 2,2025-06-07,2025,Movistar KOI,Karmine Corp,Movistar KOI,Karmine Corp,3-2,3,2,3.65,1.35,0.27,0.73
LEC,1,https://www.oddsportal.com/esports/league-of-legends/league-of-legends-lec-2025/results/,02 Jun 2025 - Spring - Stage 2,2025-06-02,2025,Fnatic,Karmine Corp,Fnatic,Karmine Corp,0-3,0,3,2.1,1.79,0.460154,0.539846
LEC,1,https://www.oddsportal.com/esports/league-of-legends/league-of-legends-lec-2025/results/,01 Jun 2025 - Spring - Stage 2,2025-06-01,2025,Karmine Corp,Heretics,Karmine Corp,Heretics,3-1,3,1,1.08,9.0,0.892857,0.107143
LEC,1,https://www.oddsportal.com/esports/league-of-legends/league-of-legends-lec-2025/results/,31 May 2025 - Spring - Stage 2,2025-05-31,2025,Fnatic,GIANTX,Fnatic,GiantX,3-1,3,1,1.15,6.15,0.842466,0.157534
LEC,1,https://www.oddsportal.com/esports/league-of-legends/league-of-legends-lec-2025/results/,26 May 2025 - Spring - Stage 2,2025-05-26,2025,Movistar KOI,G2 Esports,Movistar KOI,G2 Esports,1-3,1,3,2.72,1.49,0.353919,0.646081
LEC,1,https://www.oddsportal.com/esports/league-of-legends/league-of-legends-lec-2025/results/,25 May 2025 - Spring - Stage 2,2025-05-25,2025,Karmine Corp,Movistar KOI,Karmine Corp,Movistar KOI,2-3,2,3,1.35,3.3,0.709677,0.290323
LEC,1,https://www.oddsportal.com/esports/league-of-legends/league-of-legends-lec-2025/results/,24 May 2025 - Spring - Stage 2,2025-05-24,2025,Fnatic,G2 Esports,Fnatic,G2 Esports,1-3,1,3,1.78,2.09,0.540052,0.459948
LEC,1,https://www.oddsportal.com/esports/league-of-legends/league-of-legends-lec-2025/results/,12 May 2025 - Spring - Stage 1,2025-05-12,2025,Movistar KOI,Rogue,Movistar KOI,Rogue,2-0,2,0,1.1,9.03,0.891412,0.108588
LEC,1,https://www.oddsportal.com/esports/league-of-legends/league-of-legends-lec-2025/results/,12 May 2025 - Spring - Stage 1,2025-05-12,2025,Heretics,GIANTX,Heretics,GiantX,0-2,0,2,2.15,1.7,0.441558,0.558442
LEC,1,https://www.oddsportal.com/esports/league-of-legends/league-of-legends-lec-2025/results/,11 May 2025 - Spring - Stage 1,2025-05-11,2025,Karmine Corp,G2 Esports,Karmine Corp,G2 Esports,2-1,2,1,1.7,2.15,0.558442,0.441558
LEC,1,https://www.oddsportal.com/esports/league-of-legends/league-of-legends-lec-2025/results/,11 May 2025 - Spring - Stage 1,2025-05-11,2025,Vitality,SK Gaming,Vitality,SK Gaming,2-0,2,0,1.61,2.5,0.608273,0.391727
LEC,1,https://www.oddsportal.com/esports/league-of-legends/league-of-legends-lec-2025/results/,10 May 2025 - Spring - Stage 1,2025-05-10,2025,Karmine Corp,Vitality,Karmine Corp,Vitality,2-1,2,1,1.1,6.98,0.863861,0.136139
LEC,1,https://www.oddsportal.com/esports/league-of-legends/league-of-legends-lec-2025/results/,10 May 2025 - Spring - Stage 1,2025-05-10,2025,G2 Esports,SK Gaming,G2 Esports,SK Gaming,2-0,2,0,1.11,6.59,0.855844,0.144156
LEC,1,https://www.oddsportal.com/esports/league-of-legends/league-of-legends-lec-2025/results/,05 May 2025 - Spring - Stage 1,2025-05-05,2025,Movistar KOI,SK Gaming,Movistar KOI,SK Gaming,2-0,2,0,1.17,5.02,0.810985,0.189015
LEC,1,https://www.oddsportal.com/esports/league-of-legends/league-of-legends-lec-2025/results/,05 May 2025 - Spring - Stage 1,2025-05-05,2025,Heretics,Fnatic,Heretics,Fnatic,0-2,0,2,4.83,1.2,0.199005,0.800995
LEC,1,https://www.oddsportal.com/esports/league-of-legends/league-of-legends-lec-2025/results/,04 May 2025 - Spring - Stage 1,2025-05-04,2025,G2 Esports,Vitality,G2 Esports,Vitality,2-0,2,0,1.22,4.38,0.782143,0.217857
LEC,1,https://www.oddsportal.com/esports/league-of-legends/league-of-legends-lec-2025/results/,04 May 2025 - Spring - Stage 1,2025-05-04,2025,Vitality,SK Gaming,Vitality,SK Gaming,2-0,2,0,1.61,2.5,0.608273,0.391727
LEC,1,https://www.oddsportal.com/esports/league-of-legends/league-of-legends-lec-2025/results/,04 May 2025 - Spring - Stage 1,2025-05-04,2025,GIANTX,Shifters,GiantX,Shifters,2-0,2,0,2.31,1.61,0.410714,0.589286
LEC,1,https://www.oddsportal.com/esports/league-of-legends/league-of-legends-lec-2025/results/,03 May 2025 - Spring - Stage 1,2025-05-03,2025,Karmine Corp,Rogue,Karmine Corp,Rogue,2-0,2,0,1.09,7.33,0.870546,0.129454
LEC,2,https://www.oddsportal.com/esports/league-of-legends/league-of-legends-lec-2025/results/#/page/2/,03 May 2025 - Spring - Stage 1,2025-05-03,2025,Fnatic,Shifters,Fnatic,Shifters,2-0,2,0,1.2,4.81,0.800333,0.199667
LEC,2,https://www.oddsportal.com/esports/league-of-legends/league-of-legends-lec-2025/results/#/page/2/,28 Apr 2025 - Spring - Stage 1,2025-04-28,2025,Heretics,SK Gaming,Heretics,SK Gaming,2-0,2,0,1.52,2.68,0.638095,0.361905
LEC,2,https://www.oddsportal.com/esports/league-of-legends/league-of-legends-lec-2025/results/#/page/2/,27 Apr 2025 - Spring - Stage 1,2025-04-27,2025,Movistar KOI,GIANTX,Movistar KOI,GiantX,2-1,2,1,1.32,3.8,0.742188,0.257812
LEC,2,https://www.oddsportal.com/esports/league-of-legends/league-of-legends-lec-2025/results/#/page/2/,27 Apr 2025 - Spring - Stage 1,2025-04-27,2025,G2 Esports,Fnatic,G2 Esports,Fnatic,1-2,1,2,1.92,1.9,0.497382,0.502618
LEC,2,https://www.oddsportal.com/esports/league-of-legends/league-of-legends-lec-2025/results/#/page/2/,26 Apr 2025 - Spring - Stage 1,2025-04-26,2025,Movistar KOI,Fnatic,Movistar KOI,Fnatic,2-1,2,1,3.8,1.32,0.257812,0.742188
LEC,2,https://www.oddsportal.com/esports/league-of-legends/league-of-legends-lec-2025/results/#/page/2/,26 Apr 2025 - Spring - Stage 1,2025-04-26,2025,G2 Esports,GIANTX,G2 Esports,GiantX,1-2,1,2,1.12,6.59,0.854734,0.145266
LEC,2,https://www.oddsportal.com/esports/league-of-legends/league-of-legends-lec-2025/results/#/page/2/,21 Apr 2025 - Spring - Stage 1,2025-04-21,2025,Movistar KOI,Vitality,Movistar KOI,Vitality,0-2,0,2,1.2,5.3,0.815385,0.184615
LEC,2,https://www.oddsportal.com/esports/league-of-legends/league-of-legends-lec-2025/results/#/page/2/,21 Apr 2025 - Spring - Stage 1,2025-04-21,2025,SK Gaming,Rogue,SK Gaming,Rogue,1-2,1,2,1.48,2.66,0.642512,0.357488
LEC,2,https://www.oddsportal.com/esports/league-of-legends/league-of-legends-lec-2025/results/#/page/2/,20 Apr 2025 - Spring - Stage 1,2025-04-20,2025,G2 Esports,Shifters,G2 Esports,Shifters,0-2,0,2,1.15,7.33,0.864387,0.135613
LEC,2,https://www.oddsportal.com/esports/league-of-legends/league-of-legends-lec-2025/results/#/page/2/,19 Apr 2025 - Spring - Stage 1,2025-04-19,2025,GIANTX,Karmine Corp,GiantX,Karmine Corp,1-2,1,2,6.98,1.1,0.136139,0.863861
LEC,2,https://www.oddsportal.com/esports/league-of-legends/league-of-legends-lec-2025/results/#/page/2/,19 Apr 2025 - Spring - Stage 1,2025-04-19,2025,Fnatic,Rogue,Fnatic,Rogue,2-0,2,0,1.09,7.33,0.870546,0.129454
LEC,2,https://www.oddsportal.com/esports/league-of-legends/league-of-legends-lec-2025/results/#/page/2/,14 Apr 2025 - Spring - Stage 1,2025-04-14,2025,Heretics,Karmine Corp,Heretics,Karmine Corp,1-2,1,2,7.53,1.1,0.127462,0.872538
LEC,2,https://www.oddsportal.com/esports/league-of-legends/league-of-legends-lec-2025/results/#/page/2/,14 Apr 2025 - Spring - Stage 1,2025-04-14,2025,GIANTX,SK Gaming,GiantX,SK Gaming,0-2,0,2,1.56,2.42,0.60804,0.39196
LEC,2,https://www.oddsportal.com/esports/league-of-legends/league-of-legends-lec-2025/results/#/page/2/,13 Apr 2025 - Spring - Stage 1,2025-04-13,2025,Movistar KOI,Shifters,Movistar KOI,Shifters,2-0,2,0,1.57,2.42,0.606516,0.393484
LEC,2,https://www.oddsportal.com/esports/league-of-legends/league-of-legends-lec-2025/results/#/page/2/,13 Apr 2025 - Spring - Stage 1,2025-04-13,2025,Vitality,Fnatic,Vitality,Fnatic,0-2,0,2,6.4,1.17,0.154557,0.845443
LEC,2,https://www.oddsportal.com/esports/league-of-legends/league-of-legends-lec-2025/results/#/page/2/,12 Apr 2025 - Spring - Stage 1,2025-04-12,2025,G2 Esports,Rogue,G2 Esports,Rogue,2-0,2,0,1.05,8.0,0.883978,0.116022
LEC,2,https://www.oddsportal.com/esports/league-of-legends/league-of-legends-lec-2025/results/#/page/2/,07 Apr 2025 - Spring - Stage 1,2025-04-07,2025,Heretics,Movistar KOI,Heretics,Movistar KOI,0-2,0,2,3.8,1.35,0.262136,0.737864
LEC,2,https://www.oddsportal.com/esports/league-of-legends/league-of-legends-lec-2025/results/#/page/2/,07 Apr 2025 - Spring - Stage 1,2025-04-07,2025,Rogue,GIANTX,Rogue,GiantX,0-2,0,2,2.42,1.56,0.39196,0.60804
LEC,2,https://www.oddsportal.com/esports/league-of-legends/league-of-legends-lec-2025/results/#/page/2/,06 Apr 2025 - Spring - Stage 1,2025-04-06,2025,Fnatic,Karmine Corp,Fnatic,Karmine Corp,2-1,2,1,2.51,1.7,0.4038,0.5962
LEC,2,https://www.oddsportal.com/esports/league-of-legends/league-of-legends-lec-2025/results/#/page/2/,06 Apr 2025 - Spring - Stage 1,2025-04-06,2025,SK Gaming,Shifters,SK Gaming,Shifters,0-2,0,2,2.29,1.82,0.442822,0.557178
LEC,2,https://www.oddsportal.com/esports/league-of-legends/league-of-legends-lec-2025/results/#/page/2/,05 Apr 2025 - Spring - Stage 1,2025-04-05,2025,Heretics,G2 Esports,Heretics,G2 Esports,0-2,0,2,6.46,1.1,0.145503,0.854497
LEC,2,https://www.oddsportal.com/esports/league-of-legends/league-of-legends-lec-2025/results/#/page/2/,05 Apr 2025 - Spring - Stage 1,2025-04-05,2025,Karmine Corp,Shifters,Karmine Corp,Shifters,2-0,2,0,1.27,3.8,0.749507,0.250493
LEC,2,https://www.oddsportal.com/esports/league-of-legends/league-of-legends-lec-2025/results/#/page/2/,31 Mar 2025 - Spring - Stage 1,2025-03-31,2025,Fnatic,SK Gaming,Fnatic,SK Gaming,0-2,0,2,1.05,10.5,0.909091,0.090909
LEC,2,https://www.oddsportal.com/esports/league-of-legends/league-of-legends-lec-2025/results/#/page/2/,30 Mar 2025 - Spring - Stage 1,2025-03-30,2025,Movistar KOI,Karmine Corp,Movistar KOI,Karmine Corp,1-2,1,2,2.82,1.55,0.354691,0.645309
LEC,2,https://www.oddsportal.com/esports/league-of-legends/league-of-legends-lec-2025/results/#/page/2/,30 Mar 2025 - Spring - Stage 1,2025-03-30,2025,Vitality,GIANTX,Vitality,GiantX,2-0,2,0,2.31,1.65,0.416667,0.583333
LEC,2,https://www.oddsportal.com/esports/league-of-legends/league-of-legends-lec-2025/results/#/page/2/,29 Mar 2025 - Spring - Stage 1,2025-03-29,2025,G2 Esports,Movistar KOI,G2 Esports,Movistar KOI,2-1,2,1,1.35,3.44,0.718163,0.281837
LEC,2,https://www.oddsportal.com/esports/league-of-legends/league-of-legends-lec-2025/results/#/page/2/,29 Mar 2025 - Spring - Stage 1,2025-03-29,2025,Fnatic,GIANTX,Fnatic,GiantX,2-0,2,0,1.17,5.3,0.819165,0.180835
LEC,2,https://www.oddsportal.com/esports/league-of-legends/league-of-legends-lec-2025/results/#/page/2/,02 Mar 2025 - Winter - Stage 2,2025-03-02,2025,G2 Esports,Karmine Corp,G2 Esports,Karmine Corp,0-3,0,3,1.28,3.89,0.752418,0.247582
LEC,2,https://www.oddsportal.com/esports/league-of-legends/league-of-legends-lec-2025/results/#/page/2/,01 Mar 2025 - Winter - Stage 2,2025-03-01,2025,Karmine Corp,Fnatic,Karmine Corp,Fnatic,3-2,3,2,2.27,1.67,0.423858,0.576142
LEC,2,https://www.oddsportal.com/esports/league-of-legends/league-of-legends-lec-2025/results/#/page/2/,28 Feb 2025 - Winter - Stage 2,2025-02-28,2025,Movistar KOI,Fnatic,Movistar KOI,Fnatic,1-3,1,3,2.71,1.49,0.354762,0.645238
LEC,2,https://www.oddsportal.com/esports/league-of-legends/league-of-legends-lec-2025/results/#/page/2/,24 Feb 2025 - Winter - Stage 2,2025-02-24,2025,G2 Esports,Karmine Corp,G2 Esports,Karmine Corp,3-1,3,1,1.55,2.71,0.63615,0.36385
LEC,2,https://www.oddsportal.com/esports/league-of-legends/league-of-legends-lec-2025/results/#/page/2/,23 Feb 2025 - Winter - Stage 2,2025-02-23,2025,Movistar KOI,GIANTX,Movistar KOI,GiantX,2-0,2,0,1.48,2.86,0.658986,0.341014
LEC,2,https://www.oddsportal.com/esports/league-of-legends/league-of-legends-lec-2025/results/#/page/2/,23 Feb 2025 - Winter - Stage 2,2025-02-23,2025,Fnatic,Shifters,Fnatic,Shifters,2-1,2,1,1.15,7.1,0.860606,0.139394
LEC,2,https://www.oddsportal.com/esports/league-of-legends/league-of-legends-lec-2025/results/#/page/2/,22 Feb 2025 - Winter - Stage 2,2025-02-22,2025,Heretics,GIANTX,Heretics,GiantX,1-2,1,2,2.9,1.38,0.32243,0.67757
LEC,2,https://www.oddsportal.com/esports/league-of-legends/league-of-legends-lec-2025/results/#/page/2/,17 Feb 2025 - Winter - Stage 2,2025-02-17,2025,Karmine Corp,Movistar KOI,Karmine Corp,Movistar KOI,2-0,2,0,2.17,1.92,0.469438,0.530562
LEC,2,https://www.oddsportal.com/esports/league-of-legends/league-of-legends-lec-2025/results/#/page/2/,17 Feb 2025 - Winter - Stage 2,2025-02-17,2025,Fnatic,G2 Esports,Fnatic,G2 Esports,0-2,0,2,1.72,2.17,0.557841,0.442159
LEC,2,https://www.oddsportal.com/esports/league-of-legends/league-of-legends-lec-2025/results/#/page/2/,16 Feb 2025 - Winter - Stage 2,2025-02-16,2025,Karmine Corp,Vitality,Karmine Corp,Vitality,2-0,2,0,1.24,4.2,0.772059,0.227941
LEC,2,https://www.oddsportal.com/esports/league-of-legends/league-of-legends-lec-2025/results/#/page/2/,16 Feb 2025 - Winter - Stage 2,2025-02-16,2025,Movistar KOI,Shifters,Movistar KOI,Shifters,2-0,2,0,1.45,3.07,0.679204,0.320796
LEC,2,https://www.oddsportal.com/esports/league-of-legends/league-of-legends-lec-2025/results/#/page/2/,15 Feb 2025 - Winter - Stage 2,2025-02-15,2025,G2 Esports,GIANTX,G2 Esports,GiantX,2-0,2,0,1.22,5.08,0.806349,0.193651
LEC,2,https://www.oddsportal.com/esports/league-of-legends/league-of-legends-lec-2025/results/#/page/2/,15 Feb 2025 - Winter - Stage 2,2025-02-15,2025,Fnatic,Heretics,Fnatic,Heretics,2-0,2,0,1.06,10.6,0.909091,0.090909
LEC,2,https://www.oddsportal.com/esports/league-of-legends/league-of-legends-lec-2025/results/#/page/2/,03 Feb 2025 - Winter - Stage 1,2025-02-03,2025,SK Gaming,Fnatic,SK Gaming,Fnatic,0-1,0,1,5.08,1.18,0.188498,0.811502
LEC,2,https://www.oddsportal.com/esports/league-of-legends/league-of-legends-lec-2025/results/#/page/2/,03 Feb 2025 - Winter - Stage 1,2025-02-03,2025,G2 Esports,Heretics,G2 Esports,Heretics,1-0,1,0,1.22,4.51,0.787086,0.212914
LEC,3,https://www.oddsportal.com/esports/league-of-legends/league-of-legends-lec-2025/results/#/page/3/,03 Feb 2025 - Winter - Stage 1,2025-02-03,2025,Karmine Corp,Shifters,Karmine Corp,Shifters,0-1,0,1,1.4,3.07,0.686801,0.313199
LEC,3,https://www.oddsportal.com/esports/league-of-legends/league-of-legends-lec-2025/results/#/page/3/,03 Feb 2025 - Winter - Stage 1,2025-02-03,2025,Movistar KOI,Rogue,Movistar KOI,Rogue,1-0,1,0,1.25,4.2,0.770642,0.229358
LEC,3,https://www.oddsportal.com/esports/league-of-legends/league-of-legends-lec-2025/results/#/page/3/,03 Feb 2025 - Winter - Stage 1,2025-02-03,2025,Vitality,GIANTX,Vitality,GiantX,1-0,1,0,2.34,1.63,0.410579,0.589421
LEC,3,https://www.oddsportal.com/esports/league-of-legends/league-of-legends-lec-2025/results/#/page/3/,02 Feb 2025 - Winter - Stage 1,2025-02-02,2025,G2 Esports,Movistar KOI,G2 Esports,Movistar KOI,1-0,1,0,1.72,2.17,0.557841,0.442159
LEC,3,https://www.oddsportal.com/esports/league-of-legends/league-of-legends-lec-2025/results/#/page/3/,02 Feb 2025 - Winter - Stage 1,2025-02-02,2025,Fnatic,Karmine Corp,Fnatic,Karmine Corp,1-0,1,0,1.79,2.07,0.536269,0.463731
LEC,3,https://www.oddsportal.com/esports/league-of-legends/league-of-legends-lec-2025/results/#/page/3/,02 Feb 2025 - Winter - Stage 1,2025-02-02,2025,Shifters,GIANTX,Shifters,GiantX,0-1,0,1,2.07,1.79,0.463731,0.536269
LEC,3,https://www.oddsportal.com/esports/league-of-legends/league-of-legends-lec-2025/results/#/page/3/,02 Feb 2025 - Winter - Stage 1,2025-02-02,2025,Rogue,SK Gaming,Rogue,SK Gaming,0-1,0,1,1.72,2.17,0.557841,0.442159
LEC,3,https://www.oddsportal.com/esports/league-of-legends/league-of-legends-lec-2025/results/#/page/3/,01 Feb 2025 - Winter - Stage 1,2025-02-01,2025,Vitality,Karmine Corp,Vitality,Karmine Corp,0-1,0,1,3.1,1.32,0.298643,0.701357
LEC,3,https://www.oddsportal.com/esports/league-of-legends/league-of-legends-lec-2025/results/#/page/3/,01 Feb 2025 - Winter - Stage 1,2025-02-01,2025,Heretics,Movistar KOI,Heretics,Movistar KOI,1-0,1,0,3.3,1.38,0.294872,0.705128
LEC,3,https://www.oddsportal.com/esports/league-of-legends/league-of-legends-lec-2025/results/#/page/3/,01 Feb 2025 - Winter - Stage 1,2025-02-01,2025,Rogue,G2 Esports,Rogue,G2 Esports,0-1,0,1,4.2,1.25,0.229358,0.770642
LEC,3,https://www.oddsportal.com/esports/league-of-legends/league-of-legends-lec-2025/results/#/page/3/,01 Feb 2025 - Winter - Stage 1,2025-02-01,2025,GIANTX,Fnatic,GiantX,Fnatic,0-1,0,1,2.86,1.48,0.341014,0.658986
LEC,3,https://www.oddsportal.com/esports/league-of-legends/league-of-legends-lec-2025/results/#/page/3/,01 Feb 2025 - Winter - Stage 1,2025-02-01,2025,SK Gaming,Shifters,SK Gaming,Shifters,0-1,0,1,3.3,1.38,0.294872,0.705128
LEC,3,https://www.oddsportal.com/esports/league-of-legends/league-of-legends-lec-2025/results/#/page/3/,27 Jan 2025 - Winter - Stage 1,2025-01-27,2025,SK Gaming,Movistar KOI,SK Gaming,Movistar KOI,0-1,0,1,3.4,1.26,0.270386,0.729614
LEC,3,https://www.oddsportal.com/esports/league-of-legends/league-of-legends-lec-2025/results/#/page/3/,27 Jan 2025 - Winter - Stage 1,2025-01-27,2025,Karmine Corp,Heretics,Karmine Corp,Heretics,1-0,1,0,1.26,3.4,0.729614,0.270386
LEC,3,https://www.oddsportal.com/esports/league-of-legends/league-of-legends-lec-2025/results/#/page/3/,27 Jan 2025 - Winter - Stage 1,2025-01-27,2025,G2 Esports,GIANTX,G2 Esports,GiantX,1-0,1,0,1.61,2.38,0.596491,0.403509
LEC,3,https://www.oddsportal.com/esports/league-of-legends/league-of-legends-lec-2025/results/#/page/3/,27 Jan 2025 - Winter - Stage 1,2025-01-27,2025,Fnatic,Shifters,Fnatic,Shifters,1-0,1,0,1.33,3.47,0.722917,0.277083
LEC,3,https://www.oddsportal.com/esports/league-of-legends/league-of-legends-lec-2025/results/#/page/3/,26 Jan 2025 - Winter - Stage 1,2025-01-26,2025,Shifters,Movistar KOI,Shifters,Movistar KOI,0-1,0,1,2.27,1.67,0.423858,0.576142
LEC,3,https://www.oddsportal.com/esports/league-of-legends/league-of-legends-lec-2025/results/#/page/3/,26 Jan 2025 - Winter - Stage 1,2025-01-26,2025,Karmine Corp,Rogue,Karmine Corp,Rogue,1-0,1,0,1.33,3.47,0.722917,0.277083
LEC,3,https://www.oddsportal.com/esports/league-of-legends/league-of-legends-lec-2025/results/#/page/3/,26 Jan 2025 - Winter - Stage 1,2025-01-26,2025,Fnatic,G2 Esports,Fnatic,G2 Esports,1-0,1,0,2.07,1.79,0.463731,0.536269
LEC,3,https://www.oddsportal.com/esports/league-of-legends/league-of-legends-lec-2025/results/#/page/3/,26 Jan 2025 - Winter - Stage 1,2025-01-26,2025,SK Gaming,Vitality,SK Gaming,Vitality,0-1,0,1,1.98,1.87,0.485714,0.514286
LEC,3,https://www.oddsportal.com/esports/league-of-legends/league-of-legends-lec-2025/results/#/page/3/,26 Jan 2025 - Winter - Stage 1,2025-01-26,2025,GIANTX,Heretics,GiantX,Heretics,1-0,1,0,1.5,2.71,0.643705,0.356295
LEC,3,https://www.oddsportal.com/esports/league-of-legends/league-of-legends-lec-2025/results/#/page/3/,25 Jan 2025 - Winter - Stage 1,2025-01-25,2025,Karmine Corp,SK Gaming,Karmine Corp,SK Gaming,1-0,1,0,1.28,3.3,0.720524,0.279476
LEC,3,https://www.oddsportal.com/esports/league-of-legends/league-of-legends-lec-2025/results/#/page/3/,25 Jan 2025 - Winter - Stage 1,2025-01-25,2025,Vitality,G2 Esports,Vitality,G2 Esports,0-1,0,1,3.1,1.32,0.298643,0.701357
LEC,3,https://www.oddsportal.com/esports/league-of-legends/league-of-legends-lec-2025/results/#/page/3/,25 Jan 2025 - Winter - Stage 1,2025-01-25,2025,GIANTX,Movistar KOI,GiantX,Movistar KOI,0-1,0,1,2.07,1.79,0.463731,0.536269
LEC,3,https://www.oddsportal.com/esports/league-of-legends/league-of-legends-lec-2025/results/#/page/3/,25 Jan 2025 - Winter - Stage 1,2025-01-25,2025,Rogue,Fnatic,Rogue,Fnatic,0-1,0,1,3.38,1.32,0.280851,0.719149
LEC,3,https://www.oddsportal.com/esports/league-of-legends/league-of-legends-lec-2025/results/#/page/3/,20 Jan 2025 - Winter - Stage 1,2025-01-20,2025,GIANTX,Karmine Corp,GiantX,Karmine Corp,1-0,1,0,2.45,1.58,0.39206,0.60794
LEC,3,https://www.oddsportal.com/esports/league-of-legends/league-of-legends-lec-2025/results/#/page/3/,20 Jan 2025 - Winter - Stage 1,2025-01-20,2025,G2 Esports,SK Gaming,G2 Esports,SK Gaming,1-0,1,0,1.28,3.89,0.752418,0.247582
LEC,3,https://www.oddsportal.com/esports/league-of-legends/league-of-legends-lec-2025/results/#/page/3/,20 Jan 2025 - Winter - Stage 1,2025-01-20,2025,Movistar KOI,Vitality,Movistar KOI,Vitality,1-0,1,0,1.49,2.71,0.645238,0.354762
LEC,3,https://www.oddsportal.com/esports/league-of-legends/league-of-legends-lec-2025/results/#/page/3/,20 Jan 2025 - Winter - Stage 1,2025-01-20,2025,Heretics,Fnatic,Heretics,Fnatic,0-1,0,1,3.3,1.35,0.290323,0.709677
LEC,3,https://www.oddsportal.com/esports/league-of-legends/league-of-legends-lec-2025/results/#/page/3/,19 Jan 2025 - Winter - Stage 1,2025-01-19,2025,Fnatic,Vitality,Fnatic,Vitality,1-0,1,0,1.4,3.07,0.686801,0.313199
LEC,3,https://www.oddsportal.com/esports/league-of-legends/league-of-legends-lec-2025/results/#/page/3/,19 Jan 2025 - Winter - Stage 1,2025-01-19,2025,G2 Esports,Shifters,G2 Esports,Shifters,0-1,0,1,1.45,2.9,0.666667,0.333333
LEC,3,https://www.oddsportal.com/esports/league-of-legends/league-of-legends-lec-2025/results/#/page/3/,19 Jan 2025 - Winter - Stage 1,2025-01-19,2025,Movistar KOI,Karmine Corp,Movistar KOI,Karmine Corp,0-1,0,1,1.92,1.92,0.5,0.5
LEC,3,https://www.oddsportal.com/esports/league-of-legends/league-of-legends-lec-2025/results/#/page/3/,19 Jan 2025 - Winter - Stage 1,2025-01-19,2025,Rogue,GIANTX,Rogue,GiantX,0-1,0,1,2.86,1.5,0.344037,0.655963
LEC,3,https://www.oddsportal.com/esports/league-of-legends/league-of-legends-lec-2025/results/#/page/3/,19 Jan 2025 - Winter - Stage 1,2025-01-19,2025,Heretics,SK Gaming,Heretics,SK Gaming,1-0,1,0,2.34,1.63,0.410579,0.589421
LEC,3,https://www.oddsportal.com/esports/league-of-legends/league-of-legends-lec-2025/results/#/page/3/,18 Jan 2025 - Winter - Stage 1,2025-01-18,2025,Karmine Corp,G2 Esports,Karmine Corp,G2 Esports,1-0,1,0,2.56,1.54,0.37561,0.62439
LEC,3,https://www.oddsportal.com/esports/league-of-legends/league-of-legends-lec-2025/results/#/page/3/,18 Jan 2025 - Winter - Stage 1,2025-01-18,2025,Movistar KOI,Fnatic,Movistar KOI,Fnatic,1-0,1,0,2.2,1.58,0.417989,0.582011
LEC,3,https://www.oddsportal.com/esports/league-of-legends/league-of-legends-lec-2025/results/#/page/3/,18 Jan 2025 - Winter - Stage 1,2025-01-18,2025,GIANTX,SK Gaming,GiantX,SK Gaming,1-0,1,0,1.67,2.27,0.576142,0.423858
LEC,1,https://www.oddsportal.com/esports/league-of-legends/league-of-legends-lec/results/,10 May 2026 - Spring Season,2026-05-10 00:00:00,2026,G2 Esports,Movistar KOI,G2 Esports,Movistar KOI,1-2,1,2,1.3,3.73,0.741551,0.258449
LEC,1,https://www.oddsportal.com/esports/league-of-legends/league-of-legends-lec/results/,10 May 2026 - Spring Season,2026-05-10 00:00:00,2026,GIANTX,Karmine Corp,GiantX,Karmine Corp,2-1,2,1,5.5,1.17,0.175412,0.824588
LEC,1,https://www.oddsportal.com/esports/league-of-legends/league-of-legends-lec/results/,09 May 2026 - Spring Season,2026-05-09 00:00:00,2026,Movistar KOI,Karmine Corp,Movistar KOI,Karmine Corp,1-2,1,2,2.38,2.0,0.456621,0.543379
LEC,1,https://www.oddsportal.com/esports/league-of-legends/league-of-legends-lec/results/,09 May 2026 - Spring Season,2026-05-09 00:00:00,2026,G2 Esports,GIANTX,G2 Esports,GiantX,2-0,2,0,1.15,7.34,0.864547,0.135453
LEC,1,https://www.oddsportal.com/esports/league-of-legends/league-of-legends-lec/results/,08 May 2026 - Spring Season,2026-05-08 00:00:00,2026,GIANTX,Movistar KOI,GiantX,Movistar KOI,0-2,0,2,3.0,1.43,0.322799,0.677201
LEC,1,https://www.oddsportal.com/esports/league-of-legends/league-of-legends-lec/results/,08 May 2026 - Spring Season,2026-05-08 00:00:00,2026,Karmine Corp,G2 Esports,Karmine Corp,G2 Esports,0-2,0,2,2.3,1.68,0.422111,0.577889
LEC,1,https://www.oddsportal.com/esports/league-of-legends/league-of-legends-lec/results/,04 May 2026 - Spring Season,2026-05-04 00:00:00,2026,Shifters,Movistar KOI,Shifters,Movistar KOI,1-2,1,2,4.4,1.24,0.219858,0.780142
LEC,1,https://www.oddsportal.com/esports/league-of-legends/league-of-legends-lec/results/,04 May 2026 - Spring Season,2026-05-04 00:00:00,2026,Shifters,G2 Esports,Shifters,G2 Esports,0-2,0,2,8.0,1.1,0.120879,0.879121
LEC,1,https://www.oddsportal.com/esports/league-of-legends/league-of-legends-lec/results/,04 May 2026 - Spring Season,2026-05-04 00:00:00,2026,Fnatic,Vitality,Fnatic,Vitality,1-2,1,2,2.9,1.5,0.340909,0.659091
LEC,1,https://www.oddsportal.com/esports/league-of-legends/league-of-legends-lec/results/,03 May 2026 - Spring Season,2026-05-03 00:00:00,2026,Natus Vincere,G2 Esports,Natus Vincere,G2 Esports,0-2,0,2,3.26,1.42,0.303419,0.696581
LEC,1,https://www.oddsportal.com/esports/league-of-legends/league-of-legends-lec/results/,02 May 2026 - Spring Season,2026-05-02 00:00:00,2026,Vitality,SK Gaming,Vitality,SK Gaming,2-1,2,1,1.18,6.3,0.842246,0.157754
LEC,1,https://www.oddsportal.com/esports/league-of-legends/league-of-legends-lec/results/,02 May 2026 - Spring Season,2026-05-02 00:00:00,2026,Fnatic,Heretics,Fnatic,Heretics,2-0,2,0,1.41,3.0,0.680272,0.319728
LEC,1,https://www.oddsportal.com/esports/league-of-legends/league-of-legends-lec/results/,26 Apr 2026 - Spring Season,2026-04-26 00:00:00,2026,Karmine Corp,Fnatic,Karmine Corp,Fnatic,2-1,2,1,1.2,5.4,0.818182,0.181818
LEC,1,https://www.oddsportal.com/esports/league-of-legends/league-of-legends-lec/results/,26 Apr 2026 - Spring Season,2026-04-26 00:00:00,2026,Natus Vincere,Shifters,Natus Vincere,Shifters,2-1,2,1,1.24,4.4,0.780142,0.219858
LEC,1,https://www.oddsportal.com/esports/league-of-legends/league-of-legends-lec/results/,25 Apr 2026 - Spring Season,2026-04-25 00:00:00,2026,Karmine Corp,Shifters,Karmine Corp,Shifters,2-1,2,1,1.1,8.4,0.884211,0.115789
LEC,1,https://www.oddsportal.com/esports/league-of-legends/league-of-legends-lec/results/,25 Apr 2026 - Spring Season,2026-04-25 00:00:00,2026,Fnatic,Natus Vincere,Fnatic,Natus Vincere,1-2,1,2,3.54,1.42,0.28629,0.71371
LEC,1,https://www.oddsportal.com/esports/league-of-legends/league-of-legends-lec/results/,24 Apr 2026 - Spring Season,2026-04-24 00:00:00,2026,Natus Vincere,Karmine Corp,Natus Vincere,Karmine Corp,0-2,0,2,3.45,1.45,0.295918,0.704082
LEC,1,https://www.oddsportal.com/esports/league-of-legends/league-of-legends-lec/results/,24 Apr 2026 - Spring Season,2026-04-24 00:00:00,2026,Shifters,Fnatic,Shifters,Fnatic,0-2,0,2,2.71,1.53,0.360849,0.639151
LEC,1,https://www.oddsportal.com/esports/league-of-legends/league-of-legends-lec/results/,20 Apr 2026 - Spring Season,2026-04-20 00:00:00,2026,SK Gaming,Karmine Corp,SK Gaming,Karmine Corp,0-2,0,2,7.0,1.14,0.140049,0.859951
LEC,1,https://www.oddsportal.com/esports/league-of-legends/league-of-legends-lec/results/,20 Apr 2026 - Spring Season,2026-04-20 00:00:00,2026,Shifters,G2 Esports,Shifters,G2 Esports,0-2,0,2,8.0,1.1,0.120879,0.879121
LEC,1,https://www.oddsportal.com/esports/league-of-legends/league-of-legends-lec/results/,19 Apr 2026 - Spring Season,2026-04-19 00:00:00,2026,Heretics,Movistar KOI,Heretics,Movistar KOI,0-2,0,2,6.3,1.15,0.154362,0.845638
LEC,1,https://www.oddsportal.com/esports/league-of-legends/league-of-legends-lec/results/,19 Apr 2026 - Spring Season,2026-04-19 00:00:00,2026,Vitality,GIANTX,Vitality,GiantX,2-0,2,0,1.58,2.42,0.605,0.395
LEC,1,https://www.oddsportal.com/esports/league-of-legends/league-of-legends-lec/results/,18 Apr 2026 - Spring Season,2026-04-18 00:00:00,2026,G2 Esports,SK Gaming,G2 Esports,SK Gaming,2-0,2,0,1.11,8.0,0.878156,0.121844
LEC,1,https://www.oddsportal.com/esports/league-of-legends/league-of-legends-lec/results/,18 Apr 2026 - Spring Season,2026-04-18 00:00:00,2026,GIANTX,Natus Vincere,GiantX,Natus Vincere,1-2,1,2,1.85,2.05,0.525641,0.474359
LEC,1,https://www.oddsportal.com/esports/league-of-legends/league-of-legends-lec/results/,13 Apr 2026 - Spring Season,2026-04-13 00:00:00,2026,GIANTX,Shifters,GiantX,Shifters,2-0,2,0,1.23,4.4,0.781528,0.218472
LEC,1,https://www.oddsportal.com/esports/league-of-legends/league-of-legends-lec/results/,13 Apr 2026 - Spring Season,2026-04-13 00:00:00,2026,Fnatic,SK Gaming,Fnatic,SK Gaming,0-2,0,2,1.32,3.54,0.728395,0.271605
LEC,1,https://www.oddsportal.com/esports/league-of-legends/league-of-legends-lec/results/,12 Apr 2026 - Spring Season,2026-04-12 00:00:00,2026,Heretics,Karmine Corp,Heretics,Karmine Corp,0-2,0,2,5.93,1.2,0.168303,0.831697
LEC,1,https://www.oddsportal.com/esports/league-of-legends/league-of-legends-lec/results/,11 Apr 2026 - Spring Season,2026-04-11 00:00:00,2026,Movistar KOI,SK Gaming,Movistar KOI,SK Gaming,2-0,2,0,1.18,5.02,0.809677,0.190323
LEC,1,https://www.oddsportal.com/esports/league-of-legends/league-of-legends-lec/results/,11 Apr 2026 - Spring Season,2026-04-11 00:00:00,2026,G2 Esports,Vitality,G2 Esports,Vitality,1-2,1,2,1.5,3.3,0.6875,0.3125
LEC,1,https://www.oddsportal.com/esports/league-of-legends/league-of-legends-lec/results/,11 Apr 2026 - Spring Season,2026-04-11 00:00:00,2026,Heretics,Natus Vincere,Heretics,Natus Vincere,0-2,0,2,2.99,1.45,0.326577,0.673423
LEC,1,https://www.oddsportal.com/esports/league-of-legends/league-of-legends-lec/results/,06 Apr 2026 - Spring Season,2026-04-06 00:00:00,2026,Vitality,Movistar KOI,Vitality,Movistar KOI,2-1,2,1,2.6,1.55,0.373494,0.626506
LEC,1,https://www.oddsportal.com/esports/league-of-legends/league-of-legends-lec/results/,06 Apr 2026 - Spring Season,2026-04-06 00:00:00,2026,GIANTX,Heretics,GiantX,Heretics,2-1,2,1,1.38,3.44,0.713693,0.286307
LEC,1,https://www.oddsportal.com/esports/league-of-legends/league-of-legends-lec/results/,05 Apr 2026 - Spring Season,2026-04-05 00:00:00,2026,Fnatic,G2 Esports,Fnatic,G2 Esports,2-1,2,1,6.8,1.16,0.145729,0.854271
LEC,1,https://www.oddsportal.com/esports/league-of-legends/league-of-legends-lec/results/,05 Apr 2026 - Spring Season,2026-04-05 00:00:00,2026,SK Gaming,GIANTX,SK Gaming,GiantX,0-2,0,2,3.7,1.32,0.262948,0.737052
LEC,1,https://www.oddsportal.com/esports/league-of-legends/league-of-legends-lec/results/,04 Apr 2026 - Spring Season,2026-04-04 00:00:00,2026,Natus Vincere,Vitality,Natus Vincere,Vitality,0-2,0,2,2.2,1.84,0.455446,0.544554
LEC,1,https://www.oddsportal.com/esports/league-of-legends/league-of-legends-lec/results/,04 Apr 2026 - Spring Season,2026-04-04 00:00:00,2026,G2 Esports,Heretics,G2 Esports,Heretics,2-0,2,0,1.11,7.2,0.866426,0.133574
LEC,1,https://www.oddsportal.com/esports/league-of-legends/league-of-legends-lec/results/,04 Apr 2026 - Spring Season,2026-04-04 00:00:00,2026,SK Gaming,Shifters,SK Gaming,Shifters,2-0,2,0,2.35,1.64,0.411028,0.588972
LEC,1,https://www.oddsportal.com/esports/league-of-legends/league-of-legends-lec/results/,30 Mar 2026 - Spring Season,2026-03-30 00:00:00,2026,Natus Vincere,SK Gaming,Natus Vincere,SK Gaming,2-1,2,1,1.22,5.2,0.809969,0.190031
LEC,1,https://www.oddsportal.com/esports/league-of-legends/league-of-legends-lec/results/,29 Mar 2026 - Spring Season,2026-03-29 00:00:00,2026,Movistar KOI,Fnatic,Movistar KOI,Fnatic,2-0,2,0,1.3,4.04,0.756554,0.243446
LEC,1,https://www.oddsportal.com/esports/league-of-legends/league-of-legends-lec/results/,29 Mar 2026 - Spring Season,2026-03-29 00:00:00,2026,SK Gaming,Heretics,SK Gaming,Heretics,1-2,1,2,2.71,1.5,0.356295,0.643705
LEC,1,https://www.oddsportal.com/esports/league-of-legends/league-of-legends-lec/results/,28 Mar 2026 - Spring Season,2026-03-28 00:00:00,2026,Natus Vincere,Movistar KOI,Natus Vincere,Movistar KOI,2-1,2,1,2.9,1.42,0.328704,0.671296
LEC,1,https://www.oddsportal.com/esports/league-of-legends/league-of-legends-lec/results/,28 Mar 2026 - Spring Season,2026-03-28 00:00:00,2026,Karmine Corp,Vitality,Karmine Corp,Vitality,2-1,2,1,1.28,3.8,0.748031,0.251969
LEC,1,https://www.oddsportal.com/esports/league-of-legends/league-of-legends-lec/results/,28 Mar 2026 - Spring Season,2026-03-28 00:00:00,2026,GIANTX,Fnatic,GiantX,Fnatic,2-1,2,1,1.75,2.25,0.5625,0.4375
LEC,1,https://www.oddsportal.com/esports/league-of-legends/league-of-legends-lec/results/,01 Mar 2026 - Winter - Play Offs,2026-03-01 00:00:00,2026,G2 Esports,Karmine Corp,G2 Esports,Karmine Corp,3-2,3,2,1.57,2.66,0.628842,0.371158
LEC,1,https://www.oddsportal.com/esports/league-of-legends/league-of-legends-lec/results/,28 Feb 2026 - Winter - Play Offs,2026-02-28 00:00:00,2026,Karmine Corp,Movistar KOI,Karmine Corp,Movistar KOI,3-2,3,2,1.62,2.6,0.616114,0.383886
LEC,1,https://www.oddsportal.com/esports/league-of-legends/league-of-legends-lec/results/,27 Feb 2026 - Winter - Play Offs,2026-02-27 00:00:00,2026,Karmine Corp,GIANTX,Karmine Corp,GiantX,3-0,3,0,1.18,5.0,0.809061,0.190939
LEC,1,https://www.oddsportal.com/esports/league-of-legends/league-of-legends-lec/results/,23 Feb 2026 - Winter - Play Offs,2026-02-23 00:00:00,2026,Movistar KOI,G2 Esports,Movistar KOI,G2 Esports,0-3,0,3,2.41,1.62,0.401985,0.598015
LEC,1,https://www.oddsportal.com/esports/league-of-legends/league-of-legends-lec/results/,22 Feb 2026 - Winter - Play Offs,2026-02-22 00:00:00,2026,Karmine Corp,Vitality,Karmine Corp,Vitality,2-1,2,1,1.3,3.5,0.729167,0.270833
LEC,2,https://www.oddsportal.com/esports/league-of-legends/league-of-legends-lec/results/#/page/2/,22 Feb 2026 - Winter - Play Offs,2026-02-22 00:00:00,2026,Natus Vincere,GIANTX,Natus Vincere,GiantX,1-2,1,2,1.78,2.12,0.54359,0.45641
LEC,2,https://www.oddsportal.com/esports/league-of-legends/league-of-legends-lec/results/#/page/2/,21 Feb 2026 - Winter - Play Offs,2026-02-21 00:00:00,2026,Fnatic,Vitality,Fnatic,Vitality,0-2,0,2,2.26,1.65,0.421995,0.578005
LEC,2,https://www.oddsportal.com/esports/league-of-legends/league-of-legends-lec/results/#/page/2/,21 Feb 2026 - Winter - Play Offs,2026-02-21 00:00:00,2026,Heretics,GIANTX,Heretics,GiantX,1-2,1,2,2.75,1.58,0.364896,0.635104
LEC,2,https://www.oddsportal.com/esports/league-of-legends/league-of-legends-lec/results/#/page/2/,20 Feb 2026 - Winter - Play Offs,2026-02-20 00:00:00,2026,Karmine Corp,G2 Esports,Karmine Corp,G2 Esports,0-2,0,2,1.75,2.12,0.547804,0.452196
LEC,2,https://www.oddsportal.com/esports/league-of-legends/league-of-legends-lec/results/#/page/2/,20 Feb 2026 - Winter - Play Offs,2026-02-20 00:00:00,2026,Natus Vincere,Movistar KOI,Natus Vincere,Movistar KOI,0-2,0,2,2.44,1.65,0.403423,0.596577
LEC,2,https://www.oddsportal.com/esports/league-of-legends/league-of-legends-lec/results/#/page/2/,17 Feb 2026 - Winter - Play Offs,2026-02-17 00:00:00,2026,Karmine Corp,GIANTX,Karmine Corp,GiantX,2-0,2,0,1.3,3.8,0.745098,0.254902
LEC,2,https://www.oddsportal.com/esports/league-of-legends/league-of-legends-lec/results/#/page/2/,17 Feb 2026 - Winter - Play Offs,2026-02-17 00:00:00,2026,Heretics,G2 Esports,Heretics,G2 Esports,0-2,0,2,5.0,1.28,0.203822,0.796178
LEC,2,https://www.oddsportal.com/esports/league-of-legends/league-of-legends-lec/results/#/page/2/,16 Feb 2026 - Winter - Play Offs,2026-02-16 00:00:00,2026,Vitality,Movistar KOI,Vitality,Movistar KOI,0-2,0,2,2.56,1.64,0.390476,0.609524
LEC,2,https://www.oddsportal.com/esports/league-of-legends/league-of-legends-lec/results/#/page/2/,16 Feb 2026 - Winter - Play Offs,2026-02-16 00:00:00,2026,Natus Vincere,Fnatic,Natus Vincere,Fnatic,2-0,2,0,2.0,1.88,0.484536,0.515464
LEC,2,https://www.oddsportal.com/esports/league-of-legends/league-of-legends-lec/results/#/page/2/,08 Feb 2026 - Winter Season,2026-02-08 00:00:00,2026,Fnatic,G2 Esports,Fnatic,G2 Esports,0-1,0,1,2.6,1.55,0.373494,0.626506
LEC,2,https://www.oddsportal.com/esports/league-of-legends/league-of-legends-lec/results/#/page/2/,08 Feb 2026 - Winter Season,2026-02-08 00:00:00,2026,Heretics,Karmine Corp,Heretics,Karmine Corp,1-0,1,0,3.5,1.3,0.270833,0.729167
LEC,2,https://www.oddsportal.com/esports/league-of-legends/league-of-legends-lec/results/#/page/2/,08 Feb 2026 - Winter Season,2026-02-08 00:00:00,2026,Natus Vincere,Movistar KOI,Natus Vincere,Movistar KOI,0-1,0,1,2.25,1.72,0.433249,0.566751
LEC,2,https://www.oddsportal.com/esports/league-of-legends/league-of-legends-lec/results/#/page/2/,08 Feb 2026 - Winter Season,2026-02-08 00:00:00,2026,SK Gaming,Shifters,SK Gaming,Shifters,0-1,0,1,2.1,1.91,0.476309,0.523691
LEC,2,https://www.oddsportal.com/esports/league-of-legends/league-of-legends-lec/results/#/page/2/,08 Feb 2026 - Winter Season,2026-02-08 00:00:00,2026,Karmine Corp Blue,GIANTX,Karmine Corp Blue,GiantX,1-0,1,0,6.5,1.12,0.146982,0.853018
LEC,2,https://www.oddsportal.com/esports/league-of-legends/league-of-legends-lec/results/#/page/2/,08 Feb 2026 - Winter Season,2026-02-08 00:00:00,2026,Vitality,Los Ratones,Vitality,Los Ratones,1-0,1,0,1.66,2.3,0.580808,0.419192
LEC,2,https://www.oddsportal.com/esports/league-of-legends/league-of-legends-lec/results/#/page/2/,07 Feb 2026 - Winter Season,2026-02-07 00:00:00,2026,Karmine Corp,GIANTX,Karmine Corp,GiantX,1-0,1,0,1.55,2.6,0.626506,0.373494
LEC,2,https://www.oddsportal.com/esports/league-of-legends/league-of-legends-lec/results/#/page/2/,07 Feb 2026 - Winter Season,2026-02-07 00:00:00,2026,Vitality,Movistar KOI,Vitality,Movistar KOI,1-0,1,0,2.4,1.64,0.405941,0.594059
LEC,2,https://www.oddsportal.com/esports/league-of-legends/league-of-legends-lec/results/#/page/2/,07 Feb 2026 - Winter Season,2026-02-07 00:00:00,2026,Natus Vincere,G2 Esports,Natus Vincere,G2 Esports,1-0,1,0,2.9,1.64,0.361233,0.638767
LEC,2,https://www.oddsportal.com/esports/league-of-legends/league-of-legends-lec/results/#/page/2/,07 Feb 2026 - Winter Season,2026-02-07 00:00:00,2026,SK Gaming,Los Ratones,SK Gaming,Los Ratones,0-1,0,1,1.99,1.88,0.485788,0.514212
LEC,2,https://www.oddsportal.com/esports/league-of-legends/league-of-legends-lec/results/#/page/2/,07 Feb 2026 - Winter Season,2026-02-07 00:00:00,2026,Heretics,Fnatic,Heretics,Fnatic,1-0,1,0,2.98,1.45,0.327314,0.672686
LEC,2,https://www.oddsportal.com/esports/league-of-legends/league-of-legends-lec/results/#/page/2/,02 Feb 2026 - Winter Season,2026-02-02 00:00:00,2026,Heretics,Movistar KOI,Heretics,Movistar KOI,1-0,1,0,4.5,1.22,0.213287,0.786713
LEC,2,https://www.oddsportal.com/esports/league-of-legends/league-of-legends-lec/results/#/page/2/,02 Feb 2026 - Winter Season,2026-02-02 00:00:00,2026,Shifters,Karmine Corp,Shifters,Karmine Corp,0-1,0,1,4.4,1.25,0.221239,0.778761
LEC,2,https://www.oddsportal.com/esports/league-of-legends/league-of-legends-lec/results/#/page/2/,02 Feb 2026 - Winter Season,2026-02-02 00:00:00,2026,Vitality,G2 Esports,Vitality,G2 Esports,0-1,0,1,2.6,1.55,0.373494,0.626506
LEC,2,https://www.oddsportal.com/esports/league-of-legends/league-of-legends-lec/results/#/page/2/,02 Feb 2026 - Winter Season,2026-02-02 00:00:00,2026,Natus Vincere,Los Ratones,Natus Vincere,Los Ratones,1-0,1,0,1.6,2.35,0.594937,0.405063
LEC,2,https://www.oddsportal.com/esports/league-of-legends/league-of-legends-lec/results/#/page/2/,02 Feb 2026 - Winter Season,2026-02-02 00:00:00,2026,SK Gaming,GIANTX,SK Gaming,GiantX,0-1,0,1,2.7,1.5,0.357143,0.642857
LEC,2,https://www.oddsportal.com/esports/league-of-legends/league-of-legends-lec/results/#/page/2/,02 Feb 2026 - Winter Season,2026-02-02 00:00:00,2026,Karmine Corp Blue,Fnatic,Karmine Corp Blue,Fnatic,0-1,0,1,5.5,1.17,0.175412,0.824588
LEC,2,https://www.oddsportal.com/esports/league-of-legends/league-of-legends-lec/results/#/page/2/,01 Feb 2026 - Winter Season,2026-02-01 00:00:00,2026,G2 Esports,Los Ratones,G2 Esports,Los Ratones,0-1,0,1,1.3,3.8,0.745098,0.254902
LEC,2,https://www.oddsportal.com/esports/league-of-legends/league-of-legends-lec/results/#/page/2/,01 Feb 2026 - Winter Season,2026-02-01 00:00:00,2026,Karmine Corp,Fnatic,Karmine Corp,Fnatic,1-0,1,0,1.64,2.38,0.59204,0.40796
LEC,2,https://www.oddsportal.com/esports/league-of-legends/league-of-legends-lec/results/#/page/2/,01 Feb 2026 - Winter Season,2026-02-01 00:00:00,2026,SK Gaming,Movistar KOI,SK Gaming,Movistar KOI,0-1,0,1,3.5,1.32,0.273859,0.726141
LEC,2,https://www.oddsportal.com/esports/league-of-legends/league-of-legends-lec/results/#/page/2/,01 Feb 2026 - Winter Season,2026-02-01 00:00:00,2026,GIANTX,Vitality,GiantX,Vitality,0-1,0,1,1.6,2.4,0.6,0.4
LEC,2,https://www.oddsportal.com/esports/league-of-legends/league-of-legends-lec/results/#/page/2/,01 Feb 2026 - Winter Season,2026-02-01 00:00:00,2026,Shifters,Natus Vincere,Shifters,Natus Vincere,0-1,0,1,2.24,1.78,0.442786,0.557214
LEC,2,https://www.oddsportal.com/esports/league-of-legends/league-of-legends-lec/results/#/page/2/,31 Jan 2026 - Winter Season,2026-01-31 00:00:00,2026,Movistar KOI,Los Ratones,Movistar KOI,Los Ratones,0-1,0,1,1.25,4.1,0.766355,0.233645
LEC,2,https://www.oddsportal.com/esports/league-of-legends/league-of-legends-lec/results/#/page/2/,31 Jan 2026 - Winter Season,2026-01-31 00:00:00,2026,Vitality,Karmine Corp,Vitality,Karmine Corp,1-0,1,0,3.4,1.34,0.2827,0.7173
LEC,2,https://www.oddsportal.com/esports/league-of-legends/league-of-legends-lec/results/#/page/2/,31 Jan 2026 - Winter Season,2026-01-31 00:00:00,2026,Karmine Corp Blue,G2 Esports,Karmine Corp Blue,G2 Esports,0-1,0,1,6.8,1.12,0.141414,0.858586
LEC,2,https://www.oddsportal.com/esports/league-of-legends/league-of-legends-lec/results/#/page/2/,31 Jan 2026 - Winter Season,2026-01-31 00:00:00,2026,Shifters,Fnatic,Shifters,Fnatic,1-0,1,0,3.47,1.35,0.280083,0.719917
LEC,2,https://www.oddsportal.com/esports/league-of-legends/league-of-legends-lec/results/#/page/2/,31 Jan 2026 - Winter Season,2026-01-31 00:00:00,2026,Natus Vincere,GIANTX,Natus Vincere,GiantX,0-1,0,1,2.25,1.69,0.428934,0.571066
LEC,2,https://www.oddsportal.com/esports/league-of-legends/league-of-legends-lec/results/#/page/2/,31 Jan 2026 - Winter Season,2026-01-31 00:00:00,2026,Heretics,SK Gaming,Heretics,SK Gaming,0-1,0,1,2.09,1.78,0.459948,0.540052
LEC,2,https://www.oddsportal.com/esports/league-of-legends/league-of-legends-lec/results/#/page/2/,26 Jan 2026 - Winter Season,2026-01-26 00:00:00,2026,Movistar KOI,GIANTX,Movistar KOI,GiantX,0-1,0,1,1.41,2.94,0.675862,0.324138
LEC,2,https://www.oddsportal.com/esports/league-of-legends/league-of-legends-lec/results/#/page/2/,26 Jan 2026 - Winter Season,2026-01-26 00:00:00,2026,Natus Vincere,Karmine Corp,Natus Vincere,Karmine Corp,0-1,0,1,3.23,1.36,0.296296,0.703704
LEC,2,https://www.oddsportal.com/esports/league-of-legends/league-of-legends-lec/results/#/page/2/,26 Jan 2026 - Winter Season,2026-01-26 00:00:00,2026,Heretics,G2 Esports,Heretics,G2 Esports,0-1,0,1,5.5,1.18,0.176647,0.823353
LEC,2,https://www.oddsportal.com/esports/league-of-legends/league-of-legends-lec/results/#/page/2/,26 Jan 2026 - Winter Season,2026-01-26 00:00:00,2026,Vitality,Fnatic,Vitality,Fnatic,0-1,0,1,2.4,1.59,0.398496,0.601504
LEC,2,https://www.oddsportal.com/esports/league-of-legends/league-of-legends-lec/results/#/page/2/,26 Jan 2026 - Winter Season,2026-01-26 00:00:00,2026,Shifters,Los Ratones,Shifters,Los Ratones,0-1,0,1,1.51,2.7,0.64133,0.35867
LEC,2,https://www.oddsportal.com/esports/league-of-legends/league-of-legends-lec/results/#/page/2/,26 Jan 2026 - Winter Season,2026-01-26 00:00:00,2026,SK Gaming,Karmine Corp Blue,SK Gaming,Karmine Corp Blue,1-0,1,0,1.78,2.24,0.557214,0.442786
LEC,2,https://www.oddsportal.com/esports/league-of-legends/league-of-legends-lec/results/#/page/2/,25 Jan 2026 - Winter Season,2026-01-25 00:00:00,2026,G2 Esports,Karmine Corp,G2 Esports,Karmine Corp,0-1,0,1,1.78,2.1,0.541237,0.458763
LEC,2,https://www.oddsportal.com/esports/league-of-legends/league-of-legends-lec/results/#/page/2/,25 Jan 2026 - Winter Season,2026-01-25 00:00:00,2026,Fnatic,GIANTX,Fnatic,GiantX,1-0,1,0,1.85,2.09,0.530457,0.469543
LEC,2,https://www.oddsportal.com/esports/league-of-legends/league-of-legends-lec/results/#/page/2/,25 Jan 2026 - Winter Season,2026-01-25 00:00:00,2026,Karmine Corp Blue,Movistar KOI,Karmine Corp Blue,Movistar KOI,0-1,0,1,7.0,1.13,0.138991,0.861009
LEC,2,https://www.oddsportal.com/esports/league-of-legends/league-of-legends-lec/results/#/page/2/,25 Jan 2026 - Winter Season,2026-01-25 00:00:00,2026,Heretics,Los Ratones,Heretics,Los Ratones,0-1,0,1,1.59,2.5,0.611247,0.388753
LEC,2,https://www.oddsportal.com/esports/league-of-legends/league-of-legends-lec/results/#/page/2/,25 Jan 2026 - Winter Season,2026-01-25 00:00:00,2026,SK Gaming,Natus Vincere,SK Gaming,Natus Vincere,0-1,0,1,2.75,1.55,0.360465,0.639535
LEC,3,https://www.oddsportal.com/esports/league-of-legends/league-of-legends-lec/results/#/page/3/,24 Jan 2026 - Winter Season,2026-01-24 00:00:00,2026,Movistar KOI,Fnatic,Movistar KOI,Fnatic,1-0,1,0,1.58,2.44,0.606965,0.393035
LEC,3,https://www.oddsportal.com/esports/league-of-legends/league-of-legends-lec/results/#/page/3/,24 Jan 2026 - Winter Season,2026-01-24 00:00:00,2026,SK Gaming,Karmine Corp,SK Gaming,Karmine Corp,0-1,0,1,5.0,1.3,0.206349,0.793651
LEC,3,https://www.oddsportal.com/esports/league-of-legends/league-of-legends-lec/results/#/page/3/,24 Jan 2026 - Winter Season,2026-01-24 00:00:00,2026,Shifters,G2 Esports,Shifters,G2 Esports,0-1,0,1,3.3,1.38,0.294872,0.705128
LEC,3,https://www.oddsportal.com/esports/league-of-legends/league-of-legends-lec/results/#/page/3/,24 Jan 2026 - Winter Season,2026-01-24 00:00:00,2026,Natus Vincere,Karmine Corp Blue,Natus Vincere,Karmine Corp Blue,1-0,1,0,1.32,3.96,0.75,0.25
LEC,3,https://www.oddsportal.com/esports/league-of-legends/league-of-legends-lec/results/#/page/3/,24 Jan 2026 - Winter Season,2026-01-24 00:00:00,2026,Los Ratones,GIANTX,Los Ratones,GiantX,0-1,0,1,3.72,1.4,0.273438,0.726562
LEC,3,https://www.oddsportal.com/esports/league-of-legends/league-of-legends-lec/results/#/page/3/,19 Jan 2026 - Winter Season,2026-01-19 00:00:00,2026,SK Gaming,G2 Esports,SK Gaming,G2 Esports,0-1,0,1,3.5,1.32,0.273859,0.726141
LEC,3,https://www.oddsportal.com/esports/league-of-legends/league-of-legends-lec/results/#/page/3/,19 Jan 2026 - Winter Season,2026-01-19 00:00:00,2026,Los Ratones,Karmine Corp,Los Ratones,Karmine Corp,0-1,0,1,4.3,1.26,0.226619,0.773381
LEC,3,https://www.oddsportal.com/esports/league-of-legends/league-of-legends-lec/results/#/page/3/,19 Jan 2026 - Winter Season,2026-01-19 00:00:00,2026,Shifters,Movistar KOI,Shifters,Movistar KOI,1-0,1,0,3.15,1.42,0.310722,0.689278
LEC,3,https://www.oddsportal.com/esports/league-of-legends/league-of-legends-lec/results/#/page/3/,19 Jan 2026 - Winter Season,2026-01-19 00:00:00,2026,Heretics,GIANTX,Heretics,GiantX,1-0,1,0,2.94,1.48,0.334842,0.665158
LEC,3,https://www.oddsportal.com/esports/league-of-legends/league-of-legends-lec/results/#/page/3/,19 Jan 2026 - Winter Season,2026-01-19 00:00:00,2026,Natus Vincere,Fnatic,Natus Vincere,Fnatic,0-1,0,1,2.24,1.77,0.441397,0.558603
LEC,3,https://www.oddsportal.com/esports/league-of-legends/league-of-legends-lec/results/#/page/3/,18 Jan 2026 - Winter Season,2026-01-18 00:00:00,2026,Movistar KOI,Karmine Corp,Movistar KOI,Karmine Corp,1-0,1,0,1.88,2.0,0.515464,0.484536
LEC,3,https://www.oddsportal.com/esports/league-of-legends/league-of-legends-lec/results/#/page/3/,18 Jan 2026 - Winter Season,2026-01-18 00:00:00,2026,G2 Esports,GIANTX,G2 Esports,GiantX,0-1,0,1,1.4,3.2,0.695652,0.304348
LEC,3,https://www.oddsportal.com/esports/league-of-legends/league-of-legends-lec/results/#/page/3/,18 Jan 2026 - Winter Season,2026-01-18 00:00:00,2026,SK Gaming,Fnatic,SK Gaming,Fnatic,1-0,1,0,3.4,1.32,0.279661,0.720339
LEC,3,https://www.oddsportal.com/esports/league-of-legends/league-of-legends-lec/results/#/page/3/,18 Jan 2026 - Winter Season,2026-01-18 00:00:00,2026,Vitality,Natus Vincere,Vitality,Natus Vincere,0-1,0,1,1.7,2.22,0.566327,0.433673
LEC,3,https://www.oddsportal.com/esports/league-of-legends/league-of-legends-lec/results/#/page/3/,18 Jan 2026 - Winter Season,2026-01-18 00:00:00,2026,Los Ratones,Karmine Corp Blue,Los Ratones,Karmine Corp Blue,0-1,0,1,1.7,2.36,0.581281,0.418719
LEC,3,https://www.oddsportal.com/esports/league-of-legends/league-of-legends-lec/results/#/page/3/,17 Jan 2026 - Winter Season,2026-01-17 00:00:00,2026,Movistar KOI,G2 Esports,Movistar KOI,G2 Esports,1-0,1,0,2.5,1.58,0.387255,0.612745
LEC,3,https://www.oddsportal.com/esports/league-of-legends/league-of-legends-lec/results/#/page/3/,17 Jan 2026 - Winter Season,2026-01-17 00:00:00,2026,Karmine Corp Blue,Karmine Corp,Karmine Corp Blue,Karmine Corp,0-1,0,1,8.0,1.1,0.120879,0.879121
LEC,3,https://www.oddsportal.com/esports/league-of-legends/league-of-legends-lec/results/#/page/3/,17 Jan 2026 - Winter Season,2026-01-17 00:00:00,2026,Vitality,SK Gaming,Vitality,SK Gaming,1-0,1,0,1.58,2.5,0.612745,0.387255
LEC,3,https://www.oddsportal.com/esports/league-of-legends/league-of-legends-lec/results/#/page/3/,17 Jan 2026 - Winter Season,2026-01-17 00:00:00,2026,Heretics,Natus Vincere,Heretics,Natus Vincere,0-1,0,1,2.0,1.82,0.47644,0.52356
LEC,3,https://www.oddsportal.com/esports/league-of-legends/league-of-legends-lec/results/#/page/3/,17 Jan 2026 - Winter Season,2026-01-17 00:00:00,2026,Shifters,GIANTX,Shifters,GiantX,0-1,0,1,2.6,1.55,0.373494,0.626506
LEC,3,https://www.oddsportal.com/esports/league-of-legends/league-of-legends-lec/results/#/page/3/,17 Jan 2026 - Winter Season,2026-01-17 00:00:00,2026,Los Ratones,Fnatic,Los Ratones,Fnatic,0-1,0,1,3.38,1.35,0.285412,0.714588
LPL,1,https://www.oddsportal.com/esports/league-of-legends/league-of-legends-lpl-2024/results/,02 Sep 2024 - Regional Finals,2024-09-02,2024,Weibo Gaming,JD Gaming,Weibo Gaming,JD Gaming,3-2,3,2,2.63,1.5,0.363196,0.636804
LPL,1,https://www.oddsportal.com/esports/league-of-legends/league-of-legends-lpl-2024/results/,01 Sep 2024 - Regional Finals,2024-09-01,2024,Ninjas in Pyjamas,JD Gaming,Ninjas in Pyjamas,JD Gaming,2-3,2,3,2.93,1.41,0.324885,0.675115
LPL,1,https://www.oddsportal.com/esports/league-of-legends/league-of-legends-lpl-2024/results/,30 Aug 2024 - Summer - Play offs,2024-08-30,2024,Bilibili Gaming,Weibo Gaming,Bilibili Gaming,Weibo Gaming,3-0,3,0,1.13,5.53,0.83033,0.16967
LPL,1,https://www.oddsportal.com/esports/league-of-legends/league-of-legends-lpl-2024/results/,24 Aug 2024 - Summer - Play offs,2024-08-24,2024,Top Esports,Weibo Gaming,Top Esports,Weibo Gaming,2-3,2,3,1.2,4.33,0.783002,0.216998
LPL,1,https://www.oddsportal.com/esports/league-of-legends/league-of-legends-lpl-2024/results/,22 Aug 2024 - Summer - Play offs,2024-08-22,2024,Weibo Gaming,LNG Esports,Weibo Gaming,LNG Esports,3-2,3,2,2.71,1.5,0.356295,0.643705
LPL,1,https://www.oddsportal.com/esports/league-of-legends/league-of-legends-lpl-2024/results/,21 Aug 2024 - Summer - Play offs,2024-08-21,2024,Bilibili Gaming,Top Esports,Bilibili Gaming,Top Esports,3-1,3,1,1.5,2.71,0.643705,0.356295
LPL,1,https://www.oddsportal.com/esports/league-of-legends/league-of-legends-lpl-2024/results/,18 Aug 2024 - Summer - Play offs,2024-08-18,2024,LNG Esports,Top Esports,LNG Esports,Top Esports,0-3,0,3,2.65,1.55,0.369048,0.630952
LPL,1,https://www.oddsportal.com/esports/league-of-legends/league-of-legends-lpl-2024/results/,17 Aug 2024 - Summer - Play offs,2024-08-17,2024,Bilibili Gaming,Weibo Gaming,Bilibili Gaming,Weibo Gaming,3-0,3,0,1.25,4.0,0.761905,0.238095
LPL,1,https://www.oddsportal.com/esports/league-of-legends/league-of-legends-lpl-2024/results/,16 Aug 2024 - Summer - Play offs,2024-08-16,2024,Top Esports,Anyone's Legend,Top Esports,Anyone's Legend,3-1,3,1,1.15,5.53,0.827844,0.172156
LPL,1,https://www.oddsportal.com/esports/league-of-legends/league-of-legends-lpl-2024/results/,15 Aug 2024 - Summer - Play offs,2024-08-15,2024,Weibo Gaming,Ninjas in Pyjamas,Weibo Gaming,Ninjas in Pyjamas,3-1,3,1,1.57,2.4,0.604534,0.395466
LPL,1,https://www.oddsportal.com/esports/league-of-legends/league-of-legends-lpl-2024/results/,13 Aug 2024 - Summer - Play offs,2024-08-13,2024,Anyone's Legend,FunPlus Phoenix,Anyone's Legend,FunPlus Phoenix,3-1,3,1,1.36,3.23,0.703704,0.296296
LPL,1,https://www.oddsportal.com/esports/league-of-legends/league-of-legends-lpl-2024/results/,12 Aug 2024 - Summer - Play offs,2024-08-12,2024,JD Gaming,Ninjas in Pyjamas,JD Gaming,Ninjas in Pyjamas,2-3,2,3,1.22,4.57,0.789292,0.210708
LPL,1,https://www.oddsportal.com/esports/league-of-legends/league-of-legends-lpl-2024/results/,11 Aug 2024 - Summer - Play offs,2024-08-11,2024,FunPlus Phoenix,TT Gaming,FunPlus Phoenix,TT Gaming,3-2,3,2,1.73,2.16,0.55527,0.44473
LPL,1,https://www.oddsportal.com/esports/league-of-legends/league-of-legends-lpl-2024/results/,05 Aug 2024 - Summer - Stage 3,2024-08-05,2024,Oh My God,TT Gaming,Oh My God,TT Gaming,0-3,0,3,2.18,1.78,0.449495,0.550505
LPL,1,https://www.oddsportal.com/esports/league-of-legends/league-of-legends-lpl-2024/results/,04 Aug 2024 - Summer - Stage 3,2024-08-04,2024,Ninjas in Pyjamas,Rare Atom,Ninjas in Pyjamas,Rare Atom,3-0,3,0,1.57,2.4,0.604534,0.395466
LPL,1,https://www.oddsportal.com/esports/league-of-legends/league-of-legends-lpl-2024/results/,31 Jul 2024 - Summer - Stage 2,2024-07-31,2024,Top Esports,JD Gaming,Top Esports,JD Gaming,2-0,2,0,1.48,2.86,0.658986,0.341014
LPL,1,https://www.oddsportal.com/esports/league-of-legends/league-of-legends-lpl-2024/results/,31 Jul 2024 - Summer - Stage 2,2024-07-31,2024,FunPlus Phoenix,Bilibili Gaming,FunPlus Phoenix,Bilibili Gaming,0-2,0,2,6.15,1.14,0.156379,0.843621
LPL,1,https://www.oddsportal.com/esports/league-of-legends/league-of-legends-lpl-2024/results/,30 Jul 2024 - Summer - Stage 2,2024-07-30,2024,Bilibili Gaming,Anyone's Legend,Bilibili Gaming,Anyone's Legend,2-1,2,1,1.24,4.2,0.772059,0.227941
LPL,1,https://www.oddsportal.com/esports/league-of-legends/league-of-legends-lpl-2024/results/,29 Jul 2024 - Summer - Stage 2,2024-07-29,2024,Rare Atom,Oh My God,Rare Atom,Oh My God,0-2,0,2,1.72,2.05,0.543767,0.456233
LPL,1,https://www.oddsportal.com/esports/league-of-legends/league-of-legends-lpl-2024/results/,29 Jul 2024 - Summer - Stage 2,2024-07-29,2024,TT Gaming,Royal Never Give Up,TT Gaming,Royal Never Give Up,2-0,2,0,1.31,3.57,0.731557,0.268443
LPL,1,https://www.oddsportal.com/esports/league-of-legends/league-of-legends-lpl-2024/results/,28 Jul 2024 - Summer - Stage 2,2024-07-28,2024,Weibo Gaming,FunPlus Phoenix,Weibo Gaming,FunPlus Phoenix,2-0,2,0,1.5,2.71,0.643705,0.356295
LPL,1,https://www.oddsportal.com/esports/league-of-legends/league-of-legends-lpl-2024/results/,28 Jul 2024 - Summer - Stage 2,2024-07-28,2024,LNG Esports,Anyone's Legend,LNG Esports,Anyone's Legend,2-1,2,1,1.5,2.71,0.643705,0.356295
LPL,1,https://www.oddsportal.com/esports/league-of-legends/league-of-legends-lpl-2024/results/,27 Jul 2024 - Summer - Stage 2,2024-07-27,2024,Top Esports,FunPlus Phoenix,Top Esports,FunPlus Phoenix,2-0,2,0,1.22,4.51,0.787086,0.212914
LPL,1,https://www.oddsportal.com/esports/league-of-legends/league-of-legends-lpl-2024/results/,27 Jul 2024 - Summer - Stage 2,2024-07-27,2024,Ultra Prime,EDward Gaming,Ultra Prime,EDward Gaming,0-2,0,2,1.92,1.92,0.5,0.5
LPL,1,https://www.oddsportal.com/esports/league-of-legends/league-of-legends-lpl-2024/results/,27 Jul 2024 - Summer - Stage 2,2024-07-27,2024,LNG Esports,LGD Gaming,LNG Esports,LGD Gaming,2-1,2,1,1.12,7.1,0.863747,0.136253
LPL,1,https://www.oddsportal.com/esports/league-of-legends/league-of-legends-lpl-2024/results/,26 Jul 2024 - Summer - Stage 2,2024-07-26,2024,Ninjas in Pyjamas,Bilibili Gaming,Ninjas in Pyjamas,Bilibili Gaming,1-2,1,2,7.95,1.12,0.123484,0.876516
LPL,1,https://www.oddsportal.com/esports/league-of-legends/league-of-legends-lpl-2024/results/,26 Jul 2024 - Summer - Stage 2,2024-07-26,2024,Top Esports,Anyone's Legend,Top Esports,Anyone's Legend,2-0,2,0,1.4,3.1,0.688889,0.311111
LPL,1,https://www.oddsportal.com/esports/league-of-legends/league-of-legends-lpl-2024/results/,26 Jul 2024 - Summer - Stage 2,2024-07-26,2024,TT Gaming,Oh My God,TT Gaming,Oh My God,2-0,2,0,2.07,1.79,0.463731,0.536269
LPL,1,https://www.oddsportal.com/esports/league-of-legends/league-of-legends-lpl-2024/results/,25 Jul 2024 - Summer - Stage 2,2024-07-25,2024,Royal Never Give Up,Invictus Gaming,Royal Never Give Up,Invictus Gaming,1-2,1,2,2.71,1.5,0.356295,0.643705
LPL,1,https://www.oddsportal.com/esports/league-of-legends/league-of-legends-lpl-2024/results/,25 Jul 2024 - Summer - Stage 2,2024-07-25,2024,Team WE,Rare Atom,Team WE,Rare Atom,1-2,1,2,1.92,1.92,0.5,0.5
LPL,1,https://www.oddsportal.com/esports/league-of-legends/league-of-legends-lpl-2024/results/,24 Jul 2024 - Summer - Stage 2,2024-07-24,2024,LNG Esports,JD Gaming,LNG Esports,JD Gaming,2-1,2,1,2.17,1.75,0.446429,0.553571
LPL,1,https://www.oddsportal.com/esports/league-of-legends/league-of-legends-lpl-2024/results/,24 Jul 2024 - Summer - Stage 2,2024-07-24,2024,Ultra Prime,Oh My God,Ultra Prime,Oh My God,1-2,1,2,3.07,1.45,0.320796,0.679204
LPL,1,https://www.oddsportal.com/esports/league-of-legends/league-of-legends-lpl-2024/results/,23 Jul 2024 - Summer - Stage 2,2024-07-23,2024,Top Esports,Ninjas in Pyjamas,Top Esports,Ninjas in Pyjamas,2-0,2,0,1.14,6.15,0.843621,0.156379
LPL,1,https://www.oddsportal.com/esports/league-of-legends/league-of-legends-lpl-2024/results/,23 Jul 2024 - Summer - Stage 2,2024-07-23,2024,Weibo Gaming,Bilibili Gaming,Weibo Gaming,Bilibili Gaming,1-2,1,2,4.51,1.28,0.221071,0.778929
LPL,1,https://www.oddsportal.com/esports/league-of-legends/league-of-legends-lpl-2024/results/,22 Jul 2024 - Summer - Stage 2,2024-07-22,2024,TT Gaming,EDward Gaming,TT Gaming,EDward Gaming,1-2,1,2,1.49,2.71,0.645238,0.354762
LPL,1,https://www.oddsportal.com/esports/league-of-legends/league-of-legends-lpl-2024/results/,22 Jul 2024 - Summer - Stage 2,2024-07-22,2024,Royal Never Give Up,Rare Atom,Royal Never Give Up,Rare Atom,0-2,0,2,3.25,1.37,0.296537,0.703463
LPL,1,https://www.oddsportal.com/esports/league-of-legends/league-of-legends-lpl-2024/results/,21 Jul 2024 - Summer - Stage 2,2024-07-21,2024,LNG Esports,FunPlus Phoenix,LNG Esports,FunPlus Phoenix,0-2,0,2,1.25,4.2,0.770642,0.229358
LPL,1,https://www.oddsportal.com/esports/league-of-legends/league-of-legends-lpl-2024/results/,20 Jul 2024 - Summer - Stage 2,2024-07-20,2024,JD Gaming,Bilibili Gaming,JD Gaming,Bilibili Gaming,1-2,1,2,2.71,1.55,0.36385,0.63615
LPL,1,https://www.oddsportal.com/esports/league-of-legends/league-of-legends-lpl-2024/results/,20 Jul 2024 - Summer - Stage 2,2024-07-20,2024,LNG Esports,LGD Gaming,LNG Esports,LGD Gaming,2-1,2,1,1.12,7.1,0.863747,0.136253
LPL,1,https://www.oddsportal.com/esports/league-of-legends/league-of-legends-lpl-2024/results/,20 Jul 2024 - Summer - Stage 2,2024-07-20,2024,Top Esports,LGD Gaming,Top Esports,LGD Gaming,2-0,2,0,1.07,9.45,0.898289,0.101711
LPL,1,https://www.oddsportal.com/esports/league-of-legends/league-of-legends-lpl-2024/results/,20 Jul 2024 - Summer - Stage 2,2024-07-20,2024,Team WE,Oh My God,Team WE,Oh My God,0-2,0,2,1.5,2.86,0.655963,0.344037
LPL,1,https://www.oddsportal.com/esports/league-of-legends/league-of-legends-lpl-2024/results/,19 Jul 2024 - Summer - Stage 2,2024-07-19,2024,Ninjas in Pyjamas,JD Gaming,Ninjas in Pyjamas,JD Gaming,0-2,0,2,5.63,1.18,0.173275,0.826725
LPL,1,https://www.oddsportal.com/esports/league-of-legends/league-of-legends-lpl-2024/results/,19 Jul 2024 - Summer - Stage 2,2024-07-19,2024,LGD Gaming,FunPlus Phoenix,LGD Gaming,FunPlus Phoenix,1-2,1,2,2.45,1.62,0.398034,0.601966
LPL,1,https://www.oddsportal.com/esports/league-of-legends/league-of-legends-lpl-2024/results/,19 Jul 2024 - Summer - Stage 2,2024-07-19,2024,Invictus Gaming,EDward Gaming,Invictus Gaming,EDward Gaming,2-0,2,0,2.71,1.52,0.359338,0.640662
LPL,1,https://www.oddsportal.com/esports/league-of-legends/league-of-legends-lpl-2024/results/,18 Jul 2024 - Summer - Stage 2,2024-07-18,2024,LNG Esports,Bilibili Gaming,LNG Esports,Bilibili Gaming,2-1,2,1,3.57,1.32,0.269939,0.730061
LPL,1,https://www.oddsportal.com/esports/league-of-legends/league-of-legends-lpl-2024/results/,18 Jul 2024 - Summer - Stage 2,2024-07-18,2024,Weibo Gaming,Anyone's Legend,Weibo Gaming,Anyone's Legend,2-0,2,0,2.5,1.5,0.375,0.625
LPL,2,https://www.oddsportal.com/esports/league-of-legends/league-of-legends-lpl-2024/results/#/page/2/,18 Jul 2024 - Summer - Stage 2,2024-07-18,2024,Ultra Prime,Royal Never Give Up,Ultra Prime,Royal Never Give Up,1-2,1,2,1.1,7.95,0.878453,0.121547
LPL,2,https://www.oddsportal.com/esports/league-of-legends/league-of-legends-lpl-2024/results/#/page/2/,17 Jul 2024 - Summer - Stage 2,2024-07-17,2024,Weibo Gaming,Top Esports,Weibo Gaming,Top Esports,0-2,0,2,3.57,1.35,0.27439,0.72561
LPL,2,https://www.oddsportal.com/esports/league-of-legends/league-of-legends-lpl-2024/results/#/page/2/,16 Jul 2024 - Summer - Stage 2,2024-07-16,2024,Ninjas in Pyjamas,FunPlus Phoenix,Ninjas in Pyjamas,FunPlus Phoenix,1-2,1,2,1.72,2.17,0.557841,0.442159
LPL,2,https://www.oddsportal.com/esports/league-of-legends/league-of-legends-lpl-2024/results/#/page/2/,16 Jul 2024 - Summer - Stage 2,2024-07-16,2024,Rare Atom,EDward Gaming,Rare Atom,EDward Gaming,2-1,2,1,1.95,1.88,0.490862,0.509138
LPL,2,https://www.oddsportal.com/esports/league-of-legends/league-of-legends-lpl-2024/results/#/page/2/,15 Jul 2024 - Summer - Stage 2,2024-07-15,2024,LGD Gaming,Bilibili Gaming,LGD Gaming,Bilibili Gaming,0-2,0,2,9.45,1.07,0.101711,0.898289
LPL,2,https://www.oddsportal.com/esports/league-of-legends/league-of-legends-lpl-2024/results/#/page/2/,15 Jul 2024 - Summer - Stage 2,2024-07-15,2024,Oh My God,Invictus Gaming,Oh My God,Invictus Gaming,2-1,2,1,1.4,3.07,0.686801,0.313199
LPL,2,https://www.oddsportal.com/esports/league-of-legends/league-of-legends-lpl-2024/results/#/page/2/,14 Jul 2024 - Summer - Stage 2,2024-07-14,2024,Top Esports,LNG Esports,Top Esports,LNG Esports,0-2,0,2,1.31,3.8,0.74364,0.25636
LPL,2,https://www.oddsportal.com/esports/league-of-legends/league-of-legends-lpl-2024/results/#/page/2/,14 Jul 2024 - Summer - Stage 2,2024-07-14,2024,Anyone's Legend,JD Gaming,Anyone's Legend,JD Gaming,1-2,1,2,2.34,1.63,0.410579,0.589421
LPL,2,https://www.oddsportal.com/esports/league-of-legends/league-of-legends-lpl-2024/results/#/page/2/,13 Jul 2024 - Summer - Stage 2,2024-07-13,2024,Weibo Gaming,Ninjas in Pyjamas,Weibo Gaming,Ninjas in Pyjamas,2-0,2,0,2.05,1.85,0.474359,0.525641
LPL,2,https://www.oddsportal.com/esports/league-of-legends/league-of-legends-lpl-2024/results/#/page/2/,13 Jul 2024 - Summer - Stage 2,2024-07-13,2024,Team WE,Royal Never Give Up,Team WE,Royal Never Give Up,2-0,2,0,1.17,5.63,0.827941,0.172059
LPL,2,https://www.oddsportal.com/esports/league-of-legends/league-of-legends-lpl-2024/results/#/page/2/,13 Jul 2024 - Summer - Stage 2,2024-07-13,2024,Rare Atom,Invictus Gaming,Rare Atom,Invictus Gaming,2-0,2,0,1.63,2.34,0.589421,0.410579
LPL,2,https://www.oddsportal.com/esports/league-of-legends/league-of-legends-lpl-2024/results/#/page/2/,12 Jul 2024 - Summer - Stage 2,2024-07-12,2024,Top Esports,Bilibili Gaming,Top Esports,Bilibili Gaming,1-2,1,2,2.07,1.79,0.463731,0.536269
LPL,2,https://www.oddsportal.com/esports/league-of-legends/league-of-legends-lpl-2024/results/#/page/2/,12 Jul 2024 - Summer - Stage 2,2024-07-12,2024,Oh My God,EDward Gaming,Oh My God,EDward Gaming,2-1,2,1,2.71,1.55,0.36385,0.63615
LPL,2,https://www.oddsportal.com/esports/league-of-legends/league-of-legends-lpl-2024/results/#/page/2/,12 Jul 2024 - Summer - Stage 2,2024-07-12,2024,LGD Gaming,JD Gaming,LGD Gaming,JD Gaming,0-2,0,2,5.63,1.17,0.172059,0.827941
LPL,2,https://www.oddsportal.com/esports/league-of-legends/league-of-legends-lpl-2024/results/#/page/2/,11 Jul 2024 - Summer - Stage 2,2024-07-11,2024,Ninjas in Pyjamas,Anyone's Legend,Ninjas in Pyjamas,Anyone's Legend,0-2,0,2,2.35,1.63,0.409548,0.590452
LPL,2,https://www.oddsportal.com/esports/league-of-legends/league-of-legends-lpl-2024/results/#/page/2/,11 Jul 2024 - Summer - Stage 2,2024-07-11,2024,Ultra Prime,Rare Atom,Ultra Prime,Rare Atom,2-0,2,0,3.07,1.4,0.313199,0.686801
LPL,2,https://www.oddsportal.com/esports/league-of-legends/league-of-legends-lpl-2024/results/#/page/2/,10 Jul 2024 - Summer - Stage 2,2024-07-10,2024,Weibo Gaming,LNG Esports,Weibo Gaming,LNG Esports,1-2,1,2,2.45,1.58,0.39206,0.60794
LPL,2,https://www.oddsportal.com/esports/league-of-legends/league-of-legends-lpl-2024/results/#/page/2/,09 Jul 2024 - Summer - Stage 2,2024-07-09,2024,JD Gaming,FunPlus Phoenix,JD Gaming,FunPlus Phoenix,2-1,2,1,1.18,5.08,0.811502,0.188498
LPL,2,https://www.oddsportal.com/esports/league-of-legends/league-of-legends-lpl-2024/results/#/page/2/,09 Jul 2024 - Summer - Stage 2,2024-07-09,2024,Royal Never Give Up,Oh My God,Royal Never Give Up,Oh My God,0-2,0,2,1.72,2.17,0.557841,0.442159
LPL,2,https://www.oddsportal.com/esports/league-of-legends/league-of-legends-lpl-2024/results/#/page/2/,08 Jul 2024 - Summer - Stage 2,2024-07-08,2024,LGD Gaming,Anyone's Legend,LGD Gaming,Anyone's Legend,0-2,0,2,3.07,1.44,0.31929,0.68071
LPL,2,https://www.oddsportal.com/esports/league-of-legends/league-of-legends-lpl-2024/results/#/page/2/,08 Jul 2024 - Summer - Stage 2,2024-07-08,2024,Team WE,EDward Gaming,Team WE,EDward Gaming,2-0,2,0,1.67,2.34,0.583541,0.416459
LPL,2,https://www.oddsportal.com/esports/league-of-legends/league-of-legends-lpl-2024/results/#/page/2/,07 Jul 2024 - Summer - Stage 2,2024-07-07,2024,Ninjas in Pyjamas,LNG Esports,Ninjas in Pyjamas,LNG Esports,0-2,0,2,1.68,2.34,0.58209,0.41791
LPL,2,https://www.oddsportal.com/esports/league-of-legends/league-of-legends-lpl-2024/results/#/page/2/,06 Jul 2024 - Summer - Stage 2,2024-07-06,2024,Weibo Gaming,JD Gaming,Weibo Gaming,JD Gaming,2-0,2,0,5.63,1.16,0.170839,0.829161
LPL,2,https://www.oddsportal.com/esports/league-of-legends/league-of-legends-lpl-2024/results/#/page/2/,06 Jul 2024 - Summer - Stage 2,2024-07-06,2024,TT Gaming,Rare Atom,TT Gaming,Rare Atom,0-2,0,2,2.17,1.72,0.442159,0.557841
LPL,2,https://www.oddsportal.com/esports/league-of-legends/league-of-legends-lpl-2024/results/#/page/2/,05 Jul 2024 - Summer - Stage 2,2024-07-05,2024,FunPlus Phoenix,Anyone's Legend,FunPlus Phoenix,Anyone's Legend,0-2,0,2,2.8,1.38,0.330144,0.669856
LPL,2,https://www.oddsportal.com/esports/league-of-legends/league-of-legends-lpl-2024/results/#/page/2/,05 Jul 2024 - Summer - Stage 2,2024-07-05,2024,Royal Never Give Up,EDward Gaming,Royal Never Give Up,EDward Gaming,1-2,1,2,3.47,1.33,0.277083,0.722917
LPL,2,https://www.oddsportal.com/esports/league-of-legends/league-of-legends-lpl-2024/results/#/page/2/,29 Jun 2024 - Summer - Stage 1,2024-06-29,2024,Invictus Gaming,Weibo Gaming,Invictus Gaming,Weibo Gaming,0-2,0,2,2.86,1.48,0.341014,0.658986
LPL,2,https://www.oddsportal.com/esports/league-of-legends/league-of-legends-lpl-2024/results/#/page/2/,28 Jun 2024 - Summer - Stage 1,2024-06-28,2024,EDward Gaming,JD Gaming,EDward Gaming,JD Gaming,0-2,0,2,6.15,1.15,0.157534,0.842466
LPL,2,https://www.oddsportal.com/esports/league-of-legends/league-of-legends-lpl-2024/results/#/page/2/,28 Jun 2024 - Summer - Stage 1,2024-06-28,2024,TT Gaming,FunPlus Phoenix,TT Gaming,FunPlus Phoenix,0-2,0,2,2.71,1.5,0.356295,0.643705
LPL,2,https://www.oddsportal.com/esports/league-of-legends/league-of-legends-lpl-2024/results/#/page/2/,27 Jun 2024 - Summer - Stage 1,2024-06-27,2024,LGD Gaming,Bilibili Gaming,LGD Gaming,Bilibili Gaming,2-1,2,1,9.45,1.08,0.102564,0.897436
LPL,2,https://www.oddsportal.com/esports/league-of-legends/league-of-legends-lpl-2024/results/#/page/2/,27 Jun 2024 - Summer - Stage 1,2024-06-27,2024,Royal Never Give Up,Team WE,Royal Never Give Up,Team WE,2-1,2,1,5.63,1.16,0.170839,0.829161
LPL,2,https://www.oddsportal.com/esports/league-of-legends/league-of-legends-lpl-2024/results/#/page/2/,26 Jun 2024 - Summer - Stage 1,2024-06-26,2024,Oh My God,LNG Esports,Oh My God,LNG Esports,1-2,1,2,6.15,1.14,0.156379,0.843621
LPL,2,https://www.oddsportal.com/esports/league-of-legends/league-of-legends-lpl-2024/results/#/page/2/,26 Jun 2024 - Summer - Stage 1,2024-06-26,2024,Rare Atom,Top Esports,Rare Atom,Top Esports,0-2,0,2,11.9,1.04,0.080371,0.919629
LPL,2,https://www.oddsportal.com/esports/league-of-legends/league-of-legends-lpl-2024/results/#/page/2/,25 Jun 2024 - Summer - Stage 1,2024-06-25,2024,Anyone's Legend,Weibo Gaming,Anyone's Legend,Weibo Gaming,2-0,2,0,1.45,3.89,0.728464,0.271536
LPL,2,https://www.oddsportal.com/esports/league-of-legends/league-of-legends-lpl-2024/results/#/page/2/,24 Jun 2024 - Summer - Stage 1,2024-06-24,2024,JD Gaming,FunPlus Phoenix,JD Gaming,FunPlus Phoenix,2-0,2,0,1.14,6.15,0.843621,0.156379
LPL,2,https://www.oddsportal.com/esports/league-of-legends/league-of-legends-lpl-2024/results/#/page/2/,24 Jun 2024 - Summer - Stage 1,2024-06-24,2024,TT Gaming,EDward Gaming,TT Gaming,EDward Gaming,2-0,2,0,2.86,1.48,0.341014,0.658986
LPL,2,https://www.oddsportal.com/esports/league-of-legends/league-of-legends-lpl-2024/results/#/page/2/,23 Jun 2024 - Summer - Stage 1,2024-06-23,2024,Top Esports,LNG Esports,Top Esports,LNG Esports,2-1,2,1,1.29,3.89,0.750965,0.249035
LPL,2,https://www.oddsportal.com/esports/league-of-legends/league-of-legends-lpl-2024/results/#/page/2/,23 Jun 2024 - Summer - Stage 1,2024-06-23,2024,Anyone's Legend,Invictus Gaming,Anyone's Legend,Invictus Gaming,2-0,2,0,1.14,6.15,0.843621,0.156379
LPL,2,https://www.oddsportal.com/esports/league-of-legends/league-of-legends-lpl-2024/results/#/page/2/,22 Jun 2024 - Summer - Stage 1,2024-06-22,2024,Bilibili Gaming,Royal Never Give Up,Bilibili Gaming,Royal Never Give Up,2-0,2,0,1.04,11.9,0.919629,0.080371
LPL,2,https://www.oddsportal.com/esports/league-of-legends/league-of-legends-lpl-2024/results/#/page/2/,21 Jun 2024 - Summer - Stage 1,2024-06-21,2024,Ninjas in Pyjamas,Weibo Gaming,Ninjas in Pyjamas,Weibo Gaming,2-0,2,0,1.68,2.23,0.570332,0.429668
LPL,2,https://www.oddsportal.com/esports/league-of-legends/league-of-legends-lpl-2024/results/#/page/2/,21 Jun 2024 - Summer - Stage 1,2024-06-21,2024,Ultra Prime,Anyone's Legend,Ultra Prime,Anyone's Legend,1-2,1,2,4.2,1.25,0.229358,0.770642
LPL,2,https://www.oddsportal.com/esports/league-of-legends/league-of-legends-lpl-2024/results/#/page/2/,20 Jun 2024 - Summer - Stage 1,2024-06-20,2024,Oh My God,Rare Atom,Oh My God,Rare Atom,0-2,0,2,1.95,1.75,0.472973,0.527027
LPL,2,https://www.oddsportal.com/esports/league-of-legends/league-of-legends-lpl-2024/results/#/page/2/,20 Jun 2024 - Summer - Stage 1,2024-06-20,2024,EDward Gaming,FunPlus Phoenix,EDward Gaming,FunPlus Phoenix,1-2,1,2,1.67,2.3,0.579345,0.420655
LPL,3,https://www.oddsportal.com/esports/league-of-legends/league-of-legends-lpl-2024/results/#/page/3/,19 Jun 2024 - Summer - Stage 1,2024-06-19,2024,TT Gaming,JD Gaming,TT Gaming,JD Gaming,1-2,1,2,9.45,1.08,0.102564,0.897436
LPL,3,https://www.oddsportal.com/esports/league-of-legends/league-of-legends-lpl-2024/results/#/page/3/,18 Jun 2024 - Summer - Stage 1,2024-06-18,2024,Bilibili Gaming,Team WE,Bilibili Gaming,Team WE,2-0,2,0,1.14,6.15,0.843621,0.156379
LPL,3,https://www.oddsportal.com/esports/league-of-legends/league-of-legends-lpl-2024/results/#/page/3/,18 Jun 2024 - Summer - Stage 1,2024-06-18,2024,LGD Gaming,Royal Never Give Up,LGD Gaming,Royal Never Give Up,2-0,2,0,1.92,1.95,0.503876,0.496124
LPL,3,https://www.oddsportal.com/esports/league-of-legends/league-of-legends-lpl-2024/results/#/page/3/,17 Jun 2024 - Summer - Stage 1,2024-06-17,2024,Anyone's Legend,Ninjas in Pyjamas,Anyone's Legend,Ninjas in Pyjamas,2-1,2,1,1.95,1.92,0.496124,0.503876
LPL,3,https://www.oddsportal.com/esports/league-of-legends/league-of-legends-lpl-2024/results/#/page/3/,17 Jun 2024 - Summer - Stage 1,2024-06-17,2024,Weibo Gaming,Ultra Prime,Weibo Gaming,Ultra Prime,0-2,0,2,1.2,5.08,0.808917,0.191083
LPL,3,https://www.oddsportal.com/esports/league-of-legends/league-of-legends-lpl-2024/results/#/page/3/,16 Jun 2024 - Summer - Stage 1,2024-06-16,2024,Oh My God,Top Esports,Oh My God,Top Esports,0-2,0,2,10.6,1.06,0.090909,0.909091
LPL,3,https://www.oddsportal.com/esports/league-of-legends/league-of-legends-lpl-2024/results/#/page/3/,16 Jun 2024 - Summer - Stage 1,2024-06-16,2024,Rare Atom,LNG Esports,Rare Atom,LNG Esports,0-2,0,2,4.51,1.32,0.226415,0.773585
LPL,3,https://www.oddsportal.com/esports/league-of-legends/league-of-legends-lpl-2024/results/#/page/3/,15 Jun 2024 - Summer - Stage 1,2024-06-15,2024,FunPlus Phoenix,JD Gaming,FunPlus Phoenix,JD Gaming,0-2,0,2,5.08,1.22,0.193651,0.806349
LPL,3,https://www.oddsportal.com/esports/league-of-legends/league-of-legends-lpl-2024/results/#/page/3/,15 Jun 2024 - Summer - Stage 1,2024-06-15,2024,EDward Gaming,TT Gaming,EDward Gaming,TT Gaming,2-0,2,0,1.58,2.45,0.60794,0.39206
LPL,3,https://www.oddsportal.com/esports/league-of-legends/league-of-legends-lpl-2024/results/#/page/3/,14 Jun 2024 - Summer - Stage 1,2024-06-14,2024,Royal Never Give Up,LGD Gaming,Royal Never Give Up,LGD Gaming,1-2,1,2,2.03,1.83,0.474093,0.525907
LPL,3,https://www.oddsportal.com/esports/league-of-legends/league-of-legends-lpl-2024/results/#/page/3/,13 Jun 2024 - Summer - Stage 1,2024-06-13,2024,Team WE,Bilibili Gaming,Team WE,Bilibili Gaming,1-2,1,2,6.15,1.14,0.156379,0.843621
LPL,3,https://www.oddsportal.com/esports/league-of-legends/league-of-legends-lpl-2024/results/#/page/3/,13 Jun 2024 - Summer - Stage 1,2024-06-13,2024,Anyone's Legend,Weibo Gaming,Anyone's Legend,Weibo Gaming,0-2,0,2,1.5,2.71,0.643705,0.356295
LPL,3,https://www.oddsportal.com/esports/league-of-legends/league-of-legends-lpl-2024/results/#/page/3/,12 Jun 2024 - Summer - Stage 1,2024-06-12,2024,Top Esports,Oh My God,Top Esports,Oh My God,2-0,2,0,1.05,11.9,0.918919,0.081081
LPL,3,https://www.oddsportal.com/esports/league-of-legends/league-of-legends-lpl-2024/results/#/page/3/,12 Jun 2024 - Summer - Stage 1,2024-06-12,2024,LNG Esports,Rare Atom,LNG Esports,Rare Atom,1-2,1,2,1.17,5.63,0.827941,0.172059
LPL,3,https://www.oddsportal.com/esports/league-of-legends/league-of-legends-lpl-2024/results/#/page/3/,11 Jun 2024 - Summer - Stage 1,2024-06-11,2024,Invictus Gaming,Anyone's Legend,Invictus Gaming,Anyone's Legend,0-2,0,2,7.1,1.13,0.137303,0.862697
LPL,3,https://www.oddsportal.com/esports/league-of-legends/league-of-legends-lpl-2024/results/#/page/3/,10 Jun 2024 - Summer - Stage 1,2024-06-10,2024,Bilibili Gaming,LGD Gaming,Bilibili Gaming,LGD Gaming,2-0,2,0,1.02,15.5,0.938257,0.061743
LPL,3,https://www.oddsportal.com/esports/league-of-legends/league-of-legends-lpl-2024/results/#/page/3/,10 Jun 2024 - Summer - Stage 1,2024-06-10,2024,FunPlus Phoenix,EDward Gaming,FunPlus Phoenix,EDward Gaming,0-2,0,2,1.75,2.17,0.553571,0.446429
LPL,3,https://www.oddsportal.com/esports/league-of-legends/league-of-legends-lpl-2024/results/#/page/3/,08 Jun 2024 - Summer - Stage 1,2024-06-08,2024,Ultra Prime,Weibo Gaming,Ultra Prime,Weibo Gaming,2-1,2,1,7.95,1.1,0.121547,0.878453
LPL,3,https://www.oddsportal.com/esports/league-of-legends/league-of-legends-lpl-2024/results/#/page/3/,08 Jun 2024 - Summer - Stage 1,2024-06-08,2024,Ninjas in Pyjamas,Anyone's Legend,Ninjas in Pyjamas,Anyone's Legend,0-2,0,2,1.45,2.86,0.663573,0.336427
LPL,3,https://www.oddsportal.com/esports/league-of-legends/league-of-legends-lpl-2024/results/#/page/3/,07 Jun 2024 - Summer - Stage 1,2024-06-07,2024,LNG Esports,Top Esports,LNG Esports,Top Esports,0-2,0,2,2.86,1.45,0.336427,0.663573
LPL,3,https://www.oddsportal.com/esports/league-of-legends/league-of-legends-lpl-2024/results/#/page/3/,07 Jun 2024 - Summer - Stage 1,2024-06-07,2024,JD Gaming,TT Gaming,JD Gaming,TT Gaming,2-0,2,0,1.11,7.1,0.864799,0.135201
LPL,3,https://www.oddsportal.com/esports/league-of-legends/league-of-legends-lpl-2024/results/#/page/3/,06 Jun 2024 - Summer - Stage 1,2024-06-06,2024,Royal Never Give Up,Bilibili Gaming,Royal Never Give Up,Bilibili Gaming,0-2,0,2,10.0,1.02,0.092559,0.907441
LPL,3,https://www.oddsportal.com/esports/league-of-legends/league-of-legends-lpl-2024/results/#/page/3/,06 Jun 2024 - Summer - Stage 1,2024-06-06,2024,Rare Atom,Oh My God,Rare Atom,Oh My God,2-1,2,1,2.35,1.63,0.409548,0.590452
LPL,3,https://www.oddsportal.com/esports/league-of-legends/league-of-legends-lpl-2024/results/#/page/3/,05 Jun 2024 - Summer - Stage 1,2024-06-05,2024,EDward Gaming,JD Gaming,EDward Gaming,JD Gaming,0-2,0,2,7.1,1.13,0.137303,0.862697
LPL,3,https://www.oddsportal.com/esports/league-of-legends/league-of-legends-lpl-2024/results/#/page/3/,04 Jun 2024 - Summer - Stage 1,2024-06-04,2024,TT Gaming,FunPlus Phoenix,TT Gaming,FunPlus Phoenix,1-2,1,2,2.86,1.48,0.341014,0.658986
LPL,3,https://www.oddsportal.com/esports/league-of-legends/league-of-legends-lpl-2024/results/#/page/3/,04 Jun 2024 - Summer - Stage 1,2024-06-04,2024,Anyone's Legend,Ultra Prime,Anyone's Legend,Ultra Prime,2-0,2,0,1.24,4.2,0.772059,0.227941
LPL,3,https://www.oddsportal.com/esports/league-of-legends/league-of-legends-lpl-2024/results/#/page/3/,03 Jun 2024 - Summer - Stage 1,2024-06-03,2024,Weibo Gaming,Invictus Gaming,Weibo Gaming,Invictus Gaming,2-1,2,1,1.13,7.1,0.862697,0.137303
LPL,3,https://www.oddsportal.com/esports/league-of-legends/league-of-legends-lpl-2024/results/#/page/3/,03 Jun 2024 - Summer - Stage 1,2024-06-03,2024,Oh My God,LNG Esports,Oh My God,LNG Esports,0-2,0,2,3.89,1.3,0.250482,0.749518
LPL,3,https://www.oddsportal.com/esports/league-of-legends/league-of-legends-lpl-2024/results/#/page/3/,02 Jun 2024 - Summer - Stage 1,2024-06-02,2024,Rare Atom,Top Esports,Rare Atom,Top Esports,0-2,0,2,13.5,1.04,0.071527,0.928473
LPL,3,https://www.oddsportal.com/esports/league-of-legends/league-of-legends-lpl-2024/results/#/page/3/,02 Jun 2024 - Summer - Stage 1,2024-06-02,2024,Team WE,Royal Never Give Up,Team WE,Royal Never Give Up,2-0,2,0,1.55,2.71,0.63615,0.36385
LPL,3,https://www.oddsportal.com/esports/league-of-legends/league-of-legends-lpl-2024/results/#/page/3/,01 Jun 2024 - Summer - Stage 1,2024-06-01,2024,Weibo Gaming,Ninjas in Pyjamas,Weibo Gaming,Ninjas in Pyjamas,1-2,1,2,1.72,2.0,0.537634,0.462366
LPL,3,https://www.oddsportal.com/esports/league-of-legends/league-of-legends-lpl-2024/results/#/page/3/,20 Apr 2024 - Spring - Play Offs,2024-04-20,2024,Bilibili Gaming,Top Esports,Bilibili Gaming,Top Esports,3-1,3,1,1.48,2.7,0.645933,0.354067
LPL,3,https://www.oddsportal.com/esports/league-of-legends/league-of-legends-lpl-2024/results/#/page/3/,14 Apr 2024 - Spring - Play Offs,2024-04-14,2024,Top Esports,JD Gaming,Top Esports,JD Gaming,3-1,3,1,1.56,2.42,0.60804,0.39196
LPL,3,https://www.oddsportal.com/esports/league-of-legends/league-of-legends-lpl-2024/results/#/page/3/,11 Apr 2024 - Spring - Play Offs,2024-04-11,2024,Bilibili Gaming,Top Esports,Bilibili Gaming,Top Esports,3-2,3,2,1.57,2.68,0.630588,0.369412
LPL,3,https://www.oddsportal.com/esports/league-of-legends/league-of-legends-lpl-2024/results/#/page/3/,10 Apr 2024 - Spring - Play Offs,2024-04-10,2024,Ninjas in Pyjamas,JD Gaming,Ninjas in Pyjamas,JD Gaming,2-3,2,3,3.8,1.27,0.250493,0.749507
LPL,3,https://www.oddsportal.com/esports/league-of-legends/league-of-legends-lpl-2024/results/#/page/3/,07 Apr 2024 - Spring - Play Offs,2024-04-07,2024,Top Esports,JD Gaming,Top Esports,JD Gaming,3-0,3,0,2.0,1.9,0.487179,0.512821
LPL,3,https://www.oddsportal.com/esports/league-of-legends/league-of-legends-lpl-2024/results/#/page/3/,06 Apr 2024 - Spring - Play Offs,2024-04-06,2024,Bilibili Gaming,Ninjas in Pyjamas,Bilibili Gaming,Ninjas in Pyjamas,3-1,3,1,1.14,5.76,0.834783,0.165217
LPL,3,https://www.oddsportal.com/esports/league-of-legends/league-of-legends-lpl-2024/results/#/page/3/,05 Apr 2024 - Spring - Play Offs,2024-04-05,2024,JD Gaming,Weibo Gaming,JD Gaming,Weibo Gaming,3-0,3,0,1.32,3.25,0.71116,0.28884
LPL,3,https://www.oddsportal.com/esports/league-of-legends/league-of-legends-lpl-2024/results/#/page/3/,04 Apr 2024 - Spring - Play Offs,2024-04-04,2024,FunPlus Phoenix,Ninjas in Pyjamas,FunPlus Phoenix,Ninjas in Pyjamas,1-3,1,3,1.78,2.05,0.535248,0.464752
LPL,3,https://www.oddsportal.com/esports/league-of-legends/league-of-legends-lpl-2024/results/#/page/3/,03 Apr 2024 - Spring - Play Offs,2024-04-03,2024,LNG Esports,Weibo Gaming,LNG Esports,Weibo Gaming,2-3,2,3,1.5,2.82,0.652778,0.347222
LPL,3,https://www.oddsportal.com/esports/league-of-legends/league-of-legends-lpl-2024/results/#/page/3/,01 Apr 2024 - Spring - Play Offs,2024-04-01,2024,Weibo Gaming,Invictus Gaming,Weibo Gaming,Invictus Gaming,3-2,3,2,1.3,3.54,0.731405,0.268595
LPL,3,https://www.oddsportal.com/esports/league-of-legends/league-of-legends-lpl-2024/results/#/page/3/,31 Mar 2024 - Spring - Play Offs,2024-03-31,2024,Oh My God,Team WE,Oh My God,Team WE,1-3,1,3,1.73,2.2,0.559796,0.440204
LPL,3,https://www.oddsportal.com/esports/league-of-legends/league-of-legends-lpl-2024/results/#/page/3/,27 Mar 2024 - Spring Season,2024-03-27,2024,Top Esports,Ninjas in Pyjamas,Top Esports,Ninjas in Pyjamas,2-0,2,0,1.31,3.57,0.731557,0.268443
LPL,3,https://www.oddsportal.com/esports/league-of-legends/league-of-legends-lpl-2024/results/#/page/3/,27 Mar 2024 - Spring Season,2024-03-27,2024,Rare Atom,LNG Esports,Rare Atom,LNG Esports,1-2,1,2,7.1,1.13,0.137303,0.862697
LPL,4,https://www.oddsportal.com/esports/league-of-legends/league-of-legends-lpl-2024/results/#/page/4/,26 Mar 2024 - Spring Season,2024-03-26,2024,LGD Gaming,Royal Never Give Up,LGD Gaming,Royal Never Give Up,2-0,2,0,2.71,1.5,0.356295,0.643705
LPL,4,https://www.oddsportal.com/esports/league-of-legends/league-of-legends-lpl-2024/results/#/page/4/,26 Mar 2024 - Spring Season,2024-03-26,2024,Weibo Gaming,Invictus Gaming,Weibo Gaming,Invictus Gaming,2-0,2,0,1.5,2.71,0.643705,0.356295
LPL,4,https://www.oddsportal.com/esports/league-of-legends/league-of-legends-lpl-2024/results/#/page/4/,25 Mar 2024 - Spring Season,2024-03-25,2024,TT Gaming,FunPlus Phoenix,TT Gaming,FunPlus Phoenix,1-2,1,2,2.86,1.45,0.336427,0.663573
LPL,4,https://www.oddsportal.com/esports/league-of-legends/league-of-legends-lpl-2024/results/#/page/4/,24 Mar 2024 - Spring Season,2024-03-24,2024,EDward Gaming,JD Gaming,EDward Gaming,JD Gaming,0-2,0,2,10.6,1.06,0.090909,0.909091
LPL,4,https://www.oddsportal.com/esports/league-of-legends/league-of-legends-lpl-2024/results/#/page/4/,24 Mar 2024 - Spring Season,2024-03-24,2024,Top Esports,Anyone's Legend,Top Esports,Anyone's Legend,2-1,2,1,1.11,7.1,0.864799,0.135201
LPL,4,https://www.oddsportal.com/esports/league-of-legends/league-of-legends-lpl-2024/results/#/page/4/,24 Mar 2024 - Spring Season,2024-03-24,2024,Rare Atom,LGD Gaming,Rare Atom,LGD Gaming,0-2,0,2,1.98,2.17,0.522892,0.477108
LPL,4,https://www.oddsportal.com/esports/league-of-legends/league-of-legends-lpl-2024/results/#/page/4/,23 Mar 2024 - Spring Season,2024-03-23,2024,Ninjas in Pyjamas,Bilibili Gaming,Ninjas in Pyjamas,Bilibili Gaming,0-2,0,2,5.63,1.18,0.173275,0.826725
LPL,4,https://www.oddsportal.com/esports/league-of-legends/league-of-legends-lpl-2024/results/#/page/4/,23 Mar 2024 - Spring Season,2024-03-23,2024,Team WE,LNG Esports,Team WE,LNG Esports,0-2,0,2,2.8,1.49,0.347319,0.652681
LPL,4,https://www.oddsportal.com/esports/league-of-legends/league-of-legends-lpl-2024/results/#/page/4/,23 Mar 2024 - Spring Season,2024-03-23,2024,Oh My God,Invictus Gaming,Oh My God,Invictus Gaming,2-0,2,0,2.45,1.68,0.40678,0.59322
LPL,4,https://www.oddsportal.com/esports/league-of-legends/league-of-legends-lpl-2024/results/#/page/4/,22 Mar 2024 - Spring Season,2024-03-22,2024,JD Gaming,Weibo Gaming,JD Gaming,Weibo Gaming,0-2,0,2,1.16,5.63,0.829161,0.170839
LPL,4,https://www.oddsportal.com/esports/league-of-legends/league-of-legends-lpl-2024/results/#/page/4/,22 Mar 2024 - Spring Season,2024-03-22,2024,TT Gaming,Top Esports,TT Gaming,Top Esports,0-2,0,2,7.95,1.09,0.120575,0.879425
LPL,4,https://www.oddsportal.com/esports/league-of-legends/league-of-legends-lpl-2024/results/#/page/4/,22 Mar 2024 - Spring Season,2024-03-22,2024,FunPlus Phoenix,Royal Never Give Up,FunPlus Phoenix,Royal Never Give Up,0-2,0,2,1.17,5.63,0.827941,0.172059
LPL,4,https://www.oddsportal.com/esports/league-of-legends/league-of-legends-lpl-2024/results/#/page/4/,21 Mar 2024 - Spring Season,2024-03-21,2024,Rare Atom,Ninjas in Pyjamas,Rare Atom,Ninjas in Pyjamas,0-2,0,2,5.63,1.22,0.178102,0.821898
LPL,4,https://www.oddsportal.com/esports/league-of-legends/league-of-legends-lpl-2024/results/#/page/4/,21 Mar 2024 - Spring Season,2024-03-21,2024,Ultra Prime,EDward Gaming,Ultra Prime,EDward Gaming,1-2,1,2,2.17,1.72,0.442159,0.557841
LPL,4,https://www.oddsportal.com/esports/league-of-legends/league-of-legends-lpl-2024/results/#/page/4/,20 Mar 2024 - Spring Season,2024-03-20,2024,Oh My God,Bilibili Gaming,Oh My God,Bilibili Gaming,1-2,1,2,9.45,1.07,0.101711,0.898289
LPL,4,https://www.oddsportal.com/esports/league-of-legends/league-of-legends-lpl-2024/results/#/page/4/,20 Mar 2024 - Spring Season,2024-03-20,2024,LNG Esports,Anyone's Legend,LNG Esports,Anyone's Legend,2-0,2,0,1.42,3.07,0.683742,0.316258
LPL,4,https://www.oddsportal.com/esports/league-of-legends/league-of-legends-lpl-2024/results/#/page/4/,19 Mar 2024 - Spring Season,2024-03-19,2024,LGD Gaming,Weibo Gaming,LGD Gaming,Weibo Gaming,2-1,2,1,4.2,1.25,0.229358,0.770642
LPL,4,https://www.oddsportal.com/esports/league-of-legends/league-of-legends-lpl-2024/results/#/page/4/,18 Mar 2024 - Spring Season,2024-03-18,2024,Ninjas in Pyjamas,Royal Never Give Up,Ninjas in Pyjamas,Royal Never Give Up,2-0,2,0,1.35,3.57,0.72561,0.27439
LPL,4,https://www.oddsportal.com/esports/league-of-legends/league-of-legends-lpl-2024/results/#/page/4/,18 Mar 2024 - Spring Season,2024-03-18,2024,Invictus Gaming,JD Gaming,Invictus Gaming,JD Gaming,0-2,0,2,4.51,1.22,0.212914,0.787086
LPL,4,https://www.oddsportal.com/esports/league-of-legends/league-of-legends-lpl-2024/results/#/page/4/,17 Mar 2024 - Spring Season,2024-03-17,2024,Team WE,Top Esports,Team WE,Top Esports,0-2,0,2,4.51,1.22,0.212914,0.787086
LPL,4,https://www.oddsportal.com/esports/league-of-legends/league-of-legends-lpl-2024/results/#/page/4/,17 Mar 2024 - Spring Season,2024-03-17,2024,Rare Atom,FunPlus Phoenix,Rare Atom,FunPlus Phoenix,1-2,1,2,5.63,1.17,0.172059,0.827941
LPL,4,https://www.oddsportal.com/esports/league-of-legends/league-of-legends-lpl-2024/results/#/page/4/,17 Mar 2024 - Spring Season,2024-03-17,2024,Ultra Prime,Oh My God,Ultra Prime,Oh My God,0-2,0,2,3.57,1.31,0.268443,0.731557
LPL,4,https://www.oddsportal.com/esports/league-of-legends/league-of-legends-lpl-2024/results/#/page/4/,16 Mar 2024 - Spring Season,2024-03-16,2024,Bilibili Gaming,Weibo Gaming,Bilibili Gaming,Weibo Gaming,2-0,2,0,1.11,7.1,0.864799,0.135201
LPL,4,https://www.oddsportal.com/esports/league-of-legends/league-of-legends-lpl-2024/results/#/page/4/,16 Mar 2024 - Spring Season,2024-03-16,2024,LNG Esports,EDward Gaming,LNG Esports,EDward Gaming,2-0,2,0,1.31,3.57,0.731557,0.268443
LPL,4,https://www.oddsportal.com/esports/league-of-legends/league-of-legends-lpl-2024/results/#/page/4/,16 Mar 2024 - Spring Season,2024-03-16,2024,Anyone's Legend,JD Gaming,Anyone's Legend,JD Gaming,1-2,1,2,5.63,1.16,0.170839,0.829161
LPL,4,https://www.oddsportal.com/esports/league-of-legends/league-of-legends-lpl-2024/results/#/page/4/,15 Mar 2024 - Spring Season,2024-03-15,2024,FunPlus Phoenix,Invictus Gaming,FunPlus Phoenix,Invictus Gaming,2-0,2,0,1.63,2.34,0.589421,0.410579
LPL,4,https://www.oddsportal.com/esports/league-of-legends/league-of-legends-lpl-2024/results/#/page/4/,15 Mar 2024 - Spring Season,2024-03-15,2024,Royal Never Give Up,Oh My God,Royal Never Give Up,Oh My God,2-0,2,0,2.71,1.5,0.356295,0.643705
LPL,4,https://www.oddsportal.com/esports/league-of-legends/league-of-legends-lpl-2024/results/#/page/4/,14 Mar 2024 - Spring Season,2024-03-14,2024,Top Esports,JD Gaming,Top Esports,JD Gaming,1-2,1,2,1.72,2.17,0.557841,0.442159
LPL,4,https://www.oddsportal.com/esports/league-of-legends/league-of-legends-lpl-2024/results/#/page/4/,14 Mar 2024 - Spring Season,2024-03-14,2024,Rare Atom,Team WE,Rare Atom,Team WE,2-1,2,1,4.88,1.2,0.197368,0.802632
LPL,4,https://www.oddsportal.com/esports/league-of-legends/league-of-legends-lpl-2024/results/#/page/4/,14 Mar 2024 - Spring Season,2024-03-14,2024,Bilibili Gaming,Ultra Prime,Bilibili Gaming,Ultra Prime,2-0,2,0,1.02,17.0,0.943396,0.056604
LPL,4,https://www.oddsportal.com/esports/league-of-legends/league-of-legends-lpl-2024/results/#/page/4/,13 Mar 2024 - Spring Season,2024-03-13,2024,Weibo Gaming,EDward Gaming,Weibo Gaming,EDward Gaming,2-1,2,1,1.33,3.47,0.722917,0.277083
LPL,4,https://www.oddsportal.com/esports/league-of-legends/league-of-legends-lpl-2024/results/#/page/4/,13 Mar 2024 - Spring Season,2024-03-13,2024,Royal Never Give Up,Anyone's Legend,Royal Never Give Up,Anyone's Legend,2-1,2,1,2.86,1.45,0.336427,0.663573
LPL,4,https://www.oddsportal.com/esports/league-of-legends/league-of-legends-lpl-2024/results/#/page/4/,12 Mar 2024 - Spring Season,2024-03-12,2024,Invictus Gaming,LNG Esports,Invictus Gaming,LNG Esports,1-2,1,2,1.85,2.07,0.528061,0.471939
LPL,4,https://www.oddsportal.com/esports/league-of-legends/league-of-legends-lpl-2024/results/#/page/4/,11 Mar 2024 - Spring Season,2024-03-11,2024,FunPlus Phoenix,JD Gaming,FunPlus Phoenix,JD Gaming,2-0,2,0,3.57,1.33,0.271429,0.728571
LPL,4,https://www.oddsportal.com/esports/league-of-legends/league-of-legends-lpl-2024/results/#/page/4/,11 Mar 2024 - Spring Season,2024-03-11,2024,Oh My God,LGD Gaming,Oh My God,LGD Gaming,2-0,2,0,1.49,2.71,0.645238,0.354762
LPL,4,https://www.oddsportal.com/esports/league-of-legends/league-of-legends-lpl-2024/results/#/page/4/,10 Mar 2024 - Spring Season,2024-03-10,2024,Team WE,Weibo Gaming,Team WE,Weibo Gaming,2-0,2,0,1.82,2.17,0.54386,0.45614
LPL,4,https://www.oddsportal.com/esports/league-of-legends/league-of-legends-lpl-2024/results/#/page/4/,10 Mar 2024 - Spring Season,2024-03-10,2024,Ultra Prime,Top Esports,Ultra Prime,Top Esports,0-2,0,2,10.6,1.06,0.090909,0.909091
LPL,4,https://www.oddsportal.com/esports/league-of-legends/league-of-legends-lpl-2024/results/#/page/4/,10 Mar 2024 - Spring Season,2024-03-10,2024,Bilibili Gaming,Rare Atom,Bilibili Gaming,Rare Atom,2-0,2,0,1.03,13.5,0.929112,0.070888
LPL,4,https://www.oddsportal.com/esports/league-of-legends/league-of-legends-lpl-2024/results/#/page/4/,09 Mar 2024 - Spring Season,2024-03-09,2024,JD Gaming,Royal Never Give Up,JD Gaming,Royal Never Give Up,2-0,2,0,1.07,9.45,0.898289,0.101711
LPL,4,https://www.oddsportal.com/esports/league-of-legends/league-of-legends-lpl-2024/results/#/page/4/,09 Mar 2024 - Spring Season,2024-03-09,2024,TT Gaming,EDward Gaming,TT Gaming,EDward Gaming,2-0,2,0,1.79,2.07,0.536269,0.463731
LPL,4,https://www.oddsportal.com/esports/league-of-legends/league-of-legends-lpl-2024/results/#/page/4/,09 Mar 2024 - Spring Season,2024-03-09,2024,Anyone's Legend,Invictus Gaming,Anyone's Legend,Invictus Gaming,0-2,0,2,2.17,1.72,0.442159,0.557841
LPL,4,https://www.oddsportal.com/esports/league-of-legends/league-of-legends-lpl-2024/results/#/page/4/,08 Mar 2024 - Spring Season,2024-03-08,2024,Top Esports,Oh My God,Top Esports,Oh My God,2-0,2,0,1.18,5.08,0.811502,0.188498
LPL,4,https://www.oddsportal.com/esports/league-of-legends/league-of-legends-lpl-2024/results/#/page/4/,08 Mar 2024 - Spring Season,2024-03-08,2024,FunPlus Phoenix,Bilibili Gaming,FunPlus Phoenix,Bilibili Gaming,0-2,0,2,4.0,1.27,0.240987,0.759013
LPL,4,https://www.oddsportal.com/esports/league-of-legends/league-of-legends-lpl-2024/results/#/page/4/,08 Mar 2024 - Spring Season,2024-03-08,2024,LGD Gaming,LNG Esports,LGD Gaming,LNG Esports,2-1,2,1,4.0,1.26,0.239544,0.760456
LPL,4,https://www.oddsportal.com/esports/league-of-legends/league-of-legends-lpl-2024/results/#/page/4/,07 Mar 2024 - Spring Season,2024-03-07,2024,Weibo Gaming,Ninjas in Pyjamas,Weibo Gaming,Ninjas in Pyjamas,2-0,2,0,2.71,1.53,0.360849,0.639151
LPL,4,https://www.oddsportal.com/esports/league-of-legends/league-of-legends-lpl-2024/results/#/page/4/,07 Mar 2024 - Spring Season,2024-03-07,2024,JD Gaming,Ultra Prime,JD Gaming,Ultra Prime,2-0,2,0,1.07,9.45,0.898289,0.101711
LPL,5,https://www.oddsportal.com/esports/league-of-legends/league-of-legends-lpl-2024/results/#/page/5/,07 Mar 2024 - Spring Season,2024-03-07,2024,Anyone's Legend,Rare Atom,Anyone's Legend,Rare Atom,1-2,1,2,1.24,4.2,0.772059,0.227941
LPL,5,https://www.oddsportal.com/esports/league-of-legends/league-of-legends-lpl-2024/results/#/page/5/,05 Mar 2024 - Spring Season,2024-03-05,2024,Royal Never Give Up,TT Gaming,Royal Never Give Up,TT Gaming,0-2,0,2,1.62,2.15,0.570292,0.429708
LPL,5,https://www.oddsportal.com/esports/league-of-legends/league-of-legends-lpl-2024/results/#/page/5/,05 Mar 2024 - Spring Season,2024-03-05,2024,EDward Gaming,Invictus Gaming,EDward Gaming,Invictus Gaming,1-2,1,2,3.57,1.33,0.271429,0.728571
LPL,5,https://www.oddsportal.com/esports/league-of-legends/league-of-legends-lpl-2024/results/#/page/5/,04 Mar 2024 - Spring Season,2024-03-04,2024,Team WE,Bilibili Gaming,Team WE,Bilibili Gaming,0-2,0,2,5.08,1.18,0.188498,0.811502
LPL,5,https://www.oddsportal.com/esports/league-of-legends/league-of-legends-lpl-2024/results/#/page/5/,04 Mar 2024 - Spring Season,2024-03-04,2024,LGD Gaming,Top Esports,LGD Gaming,Top Esports,0-2,0,2,7.95,1.09,0.120575,0.879425
LPL,5,https://www.oddsportal.com/esports/league-of-legends/league-of-legends-lpl-2024/results/#/page/5/,03 Mar 2024 - Spring Season,2024-03-03,2024,Oh My God,JD Gaming,Oh My God,JD Gaming,1-2,1,2,5.08,1.18,0.188498,0.811502
LPL,5,https://www.oddsportal.com/esports/league-of-legends/league-of-legends-lpl-2024/results/#/page/5/,03 Mar 2024 - Spring Season,2024-03-03,2024,Anyone's Legend,Ninjas in Pyjamas,Anyone's Legend,Ninjas in Pyjamas,2-1,2,1,3.07,1.4,0.313199,0.686801
LPL,5,https://www.oddsportal.com/esports/league-of-legends/league-of-legends-lpl-2024/results/#/page/5/,03 Mar 2024 - Spring Season,2024-03-03,2024,Weibo Gaming,FunPlus Phoenix,Weibo Gaming,FunPlus Phoenix,0-2,0,2,1.79,2.07,0.536269,0.463731
LPL,5,https://www.oddsportal.com/esports/league-of-legends/league-of-legends-lpl-2024/results/#/page/5/,02 Mar 2024 - Spring Season,2024-03-02,2024,EDward Gaming,Rare Atom,EDward Gaming,Rare Atom,2-0,2,0,2.34,1.78,0.432039,0.567961
LPL,5,https://www.oddsportal.com/esports/league-of-legends/league-of-legends-lpl-2024/results/#/page/5/,02 Mar 2024 - Spring Season,2024-03-02,2024,LNG Esports,Ultra Prime,LNG Esports,Ultra Prime,2-1,2,1,1.17,5.63,0.827941,0.172059
LPL,5,https://www.oddsportal.com/esports/league-of-legends/league-of-legends-lpl-2024/results/#/page/5/,02 Mar 2024 - Spring Season,2024-03-02,2024,Team WE,Royal Never Give Up,Team WE,Royal Never Give Up,2-0,2,0,1.54,2.55,0.623472,0.376528
LPL,5,https://www.oddsportal.com/esports/league-of-legends/league-of-legends-lpl-2024/results/#/page/5/,01 Mar 2024 - Spring Season,2024-03-01,2024,JD Gaming,TT Gaming,JD Gaming,TT Gaming,2-0,2,0,1.06,10.6,0.909091,0.090909
LPL,5,https://www.oddsportal.com/esports/league-of-legends/league-of-legends-lpl-2024/results/#/page/5/,01 Mar 2024 - Spring Season,2024-03-01,2024,Top Esports,Invictus Gaming,Top Esports,Invictus Gaming,2-1,2,1,1.24,4.2,0.772059,0.227941
LPL,5,https://www.oddsportal.com/esports/league-of-legends/league-of-legends-lpl-2024/results/#/page/5/,01 Mar 2024 - Spring Season,2024-03-01,2024,LGD Gaming,Bilibili Gaming,LGD Gaming,Bilibili Gaming,0-2,0,2,13.5,1.03,0.070888,0.929112
LPL,5,https://www.oddsportal.com/esports/league-of-legends/league-of-legends-lpl-2024/results/#/page/5/,29 Feb 2024 - Spring Season,2024-02-29,2024,Weibo Gaming,Anyone's Legend,Weibo Gaming,Anyone's Legend,1-2,1,2,1.42,2.7,0.65534,0.34466
LPL,5,https://www.oddsportal.com/esports/league-of-legends/league-of-legends-lpl-2024/results/#/page/5/,29 Feb 2024 - Spring Season,2024-02-29,2024,EDward Gaming,Oh My God,EDward Gaming,Oh My God,1-2,1,2,3.57,1.33,0.271429,0.728571
LPL,5,https://www.oddsportal.com/esports/league-of-legends/league-of-legends-lpl-2024/results/#/page/5/,29 Feb 2024 - Spring Season,2024-02-29,2024,FunPlus Phoenix,Ninjas in Pyjamas,FunPlus Phoenix,Ninjas in Pyjamas,2-0,2,0,3.47,1.33,0.277083,0.722917
LPL,5,https://www.oddsportal.com/esports/league-of-legends/league-of-legends-lpl-2024/results/#/page/5/,28 Feb 2024 - Spring Season,2024-02-28,2024,LNG Esports,Royal Never Give Up,LNG Esports,Royal Never Give Up,2-0,2,0,1.5,2.86,0.655963,0.344037
LPL,5,https://www.oddsportal.com/esports/league-of-legends/league-of-legends-lpl-2024/results/#/page/5/,28 Feb 2024 - Spring Season,2024-02-28,2024,Ultra Prime,Rare Atom,Ultra Prime,Rare Atom,2-0,2,0,2.35,1.63,0.409548,0.590452
LPL,5,https://www.oddsportal.com/esports/league-of-legends/league-of-legends-lpl-2024/results/#/page/5/,27 Feb 2024 - Spring Season,2024-02-27,2024,JD Gaming,Team WE,JD Gaming,Team WE,2-1,2,1,1.2,5.08,0.808917,0.191083
LPL,5,https://www.oddsportal.com/esports/league-of-legends/league-of-legends-lpl-2024/results/#/page/5/,27 Feb 2024 - Spring Season,2024-02-27,2024,Bilibili Gaming,TT Gaming,Bilibili Gaming,TT Gaming,2-0,2,0,1.05,11.9,0.918919,0.081081
LPL,5,https://www.oddsportal.com/esports/league-of-legends/league-of-legends-lpl-2024/results/#/page/5/,26 Feb 2024 - Spring Season,2024-02-26,2024,Top Esports,FunPlus Phoenix,Top Esports,FunPlus Phoenix,1-2,1,2,1.08,9.45,0.897436,0.102564
LPL,5,https://www.oddsportal.com/esports/league-of-legends/league-of-legends-lpl-2024/results/#/page/5/,25 Feb 2024 - Spring Season,2024-02-25,2024,Ninjas in Pyjamas,LNG Esports,Ninjas in Pyjamas,LNG Esports,2-1,2,1,1.72,2.17,0.557841,0.442159
LPL,5,https://www.oddsportal.com/esports/league-of-legends/league-of-legends-lpl-2024/results/#/page/5/,25 Feb 2024 - Spring Season,2024-02-25,2024,Weibo Gaming,Oh My God,Weibo Gaming,Oh My God,1-2,1,2,1.36,3.1,0.695067,0.304933
LPL,5,https://www.oddsportal.com/esports/league-of-legends/league-of-legends-lpl-2024/results/#/page/5/,25 Feb 2024 - Spring Season,2024-02-25,2024,EDward Gaming,Anyone's Legend,EDward Gaming,Anyone's Legend,2-0,2,0,5.08,1.18,0.188498,0.811502
LPL,5,https://www.oddsportal.com/esports/league-of-legends/league-of-legends-lpl-2024/results/#/page/5/,24 Feb 2024 - Spring Season,2024-02-24,2024,JD Gaming,Bilibili Gaming,JD Gaming,Bilibili Gaming,1-2,1,2,2.75,1.5,0.352941,0.647059
LPL,5,https://www.oddsportal.com/esports/league-of-legends/league-of-legends-lpl-2024/results/#/page/5/,24 Feb 2024 - Spring Season,2024-02-24,2024,Royal Never Give Up,Rare Atom,Royal Never Give Up,Rare Atom,1-2,1,2,1.22,3.8,0.756972,0.243028
LPL,5,https://www.oddsportal.com/esports/league-of-legends/league-of-legends-lpl-2024/results/#/page/5/,23 Feb 2024 - Spring Season,2024-02-23,2024,LNG Esports,Top Esports,LNG Esports,Top Esports,0-2,0,2,3.04,1.4,0.315315,0.684685
LPL,5,https://www.oddsportal.com/esports/league-of-legends/league-of-legends-lpl-2024/results/#/page/5/,23 Feb 2024 - Spring Season,2024-02-23,2024,FunPlus Phoenix,LGD Gaming,FunPlus Phoenix,LGD Gaming,2-1,2,1,1.72,2.17,0.557841,0.442159
LPL,5,https://www.oddsportal.com/esports/league-of-legends/league-of-legends-lpl-2024/results/#/page/5/,22 Feb 2024 - Spring Season,2024-02-22,2024,EDward Gaming,Ninjas in Pyjamas,EDward Gaming,Ninjas in Pyjamas,0-2,0,2,6.15,1.14,0.156379,0.843621
LPL,5,https://www.oddsportal.com/esports/league-of-legends/league-of-legends-lpl-2024/results/#/page/5/,22 Feb 2024 - Spring Season,2024-02-22,2024,Rare Atom,Oh My God,Rare Atom,Oh My God,0-2,0,2,2.71,1.52,0.359338,0.640662
LPL,5,https://www.oddsportal.com/esports/league-of-legends/league-of-legends-lpl-2024/results/#/page/5/,22 Feb 2024 - Spring Season,2024-02-22,2024,TT Gaming,Anyone's Legend,TT Gaming,Anyone's Legend,0-2,0,2,2.17,1.72,0.442159,0.557841
LPL,5,https://www.oddsportal.com/esports/league-of-legends/league-of-legends-lpl-2024/results/#/page/5/,21 Feb 2024 - Spring Season,2024-02-21,2024,Royal Never Give Up,Top Esports,Royal Never Give Up,Top Esports,0-2,0,2,3.8,1.22,0.243028,0.756972
LPL,5,https://www.oddsportal.com/esports/league-of-legends/league-of-legends-lpl-2024/results/#/page/5/,21 Feb 2024 - Spring Season,2024-02-21,2024,Ultra Prime,Weibo Gaming,Ultra Prime,Weibo Gaming,0-2,0,2,6.15,1.14,0.156379,0.843621
LPL,5,https://www.oddsportal.com/esports/league-of-legends/league-of-legends-lpl-2024/results/#/page/5/,20 Feb 2024 - Spring Season,2024-02-20,2024,Invictus Gaming,Bilibili Gaming,Invictus Gaming,Bilibili Gaming,2-0,2,0,11.9,1.04,0.080371,0.919629
LPL,5,https://www.oddsportal.com/esports/league-of-legends/league-of-legends-lpl-2024/results/#/page/5/,20 Feb 2024 - Spring Season,2024-02-20,2024,FunPlus Phoenix,LNG Esports,FunPlus Phoenix,LNG Esports,2-1,2,1,7.1,1.13,0.137303,0.862697
LPL,5,https://www.oddsportal.com/esports/league-of-legends/league-of-legends-lpl-2024/results/#/page/5/,19 Feb 2024 - Spring Season,2024-02-19,2024,EDward Gaming,Team WE,EDward Gaming,Team WE,0-2,0,2,3.11,1.39,0.308889,0.691111
LPL,5,https://www.oddsportal.com/esports/league-of-legends/league-of-legends-lpl-2024/results/#/page/5/,19 Feb 2024 - Spring Season,2024-02-19,2024,JD Gaming,LGD Gaming,JD Gaming,LGD Gaming,2-1,2,1,1.07,9.6,0.899719,0.100281
LPL,5,https://www.oddsportal.com/esports/league-of-legends/league-of-legends-lpl-2024/results/#/page/5/,18 Feb 2024 - Spring Season,2024-02-18,2024,TT Gaming,Rare Atom,TT Gaming,Rare Atom,1-2,1,2,1.5,2.55,0.62963,0.37037
LPL,5,https://www.oddsportal.com/esports/league-of-legends/league-of-legends-lpl-2024/results/#/page/5/,18 Feb 2024 - Spring Season,2024-02-18,2024,Anyone's Legend,Oh My God,Anyone's Legend,Oh My God,2-1,2,1,2.07,1.8,0.465116,0.534884
LPL,5,https://www.oddsportal.com/esports/league-of-legends/league-of-legends-lpl-2024/results/#/page/5/,07 Feb 2024 - Spring Season,2024-02-07,2024,Weibo Gaming,Top Esports,Weibo Gaming,Top Esports,0-2,0,2,2.86,1.45,0.336427,0.663573
LPL,5,https://www.oddsportal.com/esports/league-of-legends/league-of-legends-lpl-2024/results/#/page/5/,07 Feb 2024 - Spring Season,2024-02-07,2024,Invictus Gaming,Royal Never Give Up,Invictus Gaming,Royal Never Give Up,2-1,2,1,2.86,1.45,0.336427,0.663573
LPL,5,https://www.oddsportal.com/esports/league-of-legends/league-of-legends-lpl-2024/results/#/page/5/,06 Feb 2024 - Spring Season,2024-02-06,2024,LNG Esports,Bilibili Gaming,LNG Esports,Bilibili Gaming,0-2,0,2,4.2,1.24,0.227941,0.772059
LPL,5,https://www.oddsportal.com/esports/league-of-legends/league-of-legends-lpl-2024/results/#/page/5/,06 Feb 2024 - Spring Season,2024-02-06,2024,EDward Gaming,FunPlus Phoenix,EDward Gaming,FunPlus Phoenix,1-2,1,2,1.67,2.34,0.583541,0.416459
LPL,5,https://www.oddsportal.com/esports/league-of-legends/league-of-legends-lpl-2024/results/#/page/5/,05 Feb 2024 - Spring Season,2024-02-05,2024,Ultra Prime,Anyone's Legend,Ultra Prime,Anyone's Legend,1-2,1,2,3.47,1.33,0.277083,0.722917
LPL,6,https://www.oddsportal.com/esports/league-of-legends/league-of-legends-lpl-2024/results/#/page/6/,04 Feb 2024 - Spring Season,2024-02-04,2024,Royal Never Give Up,Weibo Gaming,Royal Never Give Up,Weibo Gaming,0-2,0,2,2.17,1.72,0.442159,0.557841
LPL,6,https://www.oddsportal.com/esports/league-of-legends/league-of-legends-lpl-2024/results/#/page/6/,04 Feb 2024 - Spring Season,2024-02-04,2024,JD Gaming,LNG Esports,JD Gaming,LNG Esports,2-1,2,1,1.36,3.47,0.718427,0.281573
LPL,6,https://www.oddsportal.com/esports/league-of-legends/league-of-legends-lpl-2024/results/#/page/6/,04 Feb 2024 - Spring Season,2024-02-04,2024,Oh My God,Ninjas in Pyjamas,Oh My God,Ninjas in Pyjamas,0-2,0,2,3.47,1.38,0.284536,0.715464
LPL,6,https://www.oddsportal.com/esports/league-of-legends/league-of-legends-lpl-2024/results/#/page/6/,03 Feb 2024 - Spring Season,2024-02-03,2024,Bilibili Gaming,EDward Gaming,Bilibili Gaming,EDward Gaming,2-0,2,0,1.06,10.6,0.909091,0.090909
LPL,6,https://www.oddsportal.com/esports/league-of-legends/league-of-legends-lpl-2024/results/#/page/6/,03 Feb 2024 - Spring Season,2024-02-03,2024,Top Esports,Rare Atom,Top Esports,Rare Atom,2-0,2,0,1.12,7.95,0.876516,0.123484
LPL,6,https://www.oddsportal.com/esports/league-of-legends/league-of-legends-lpl-2024/results/#/page/6/,02 Feb 2024 - Spring Season,2024-02-02,2024,Anyone's Legend,LGD Gaming,Anyone's Legend,LGD Gaming,2-1,2,1,1.58,2.45,0.60794,0.39206
LPL,6,https://www.oddsportal.com/esports/league-of-legends/league-of-legends-lpl-2024/results/#/page/6/,02 Feb 2024 - Spring Season,2024-02-02,2024,Ultra Prime,FunPlus Phoenix,Ultra Prime,FunPlus Phoenix,2-1,2,1,4.2,1.24,0.227941,0.772059
LPL,6,https://www.oddsportal.com/esports/league-of-legends/league-of-legends-lpl-2024/results/#/page/6/,01 Feb 2024 - Spring Season,2024-02-01,2024,LNG Esports,Weibo Gaming,LNG Esports,Weibo Gaming,2-1,2,1,1.65,2.34,0.586466,0.413534
LPL,6,https://www.oddsportal.com/esports/league-of-legends/league-of-legends-lpl-2024/results/#/page/6/,01 Feb 2024 - Spring Season,2024-02-01,2024,TT Gaming,Oh My God,TT Gaming,Oh My God,0-2,0,2,1.45,2.96,0.671202,0.328798
LPL,6,https://www.oddsportal.com/esports/league-of-legends/league-of-legends-lpl-2024/results/#/page/6/,31 Jan 2024 - Spring Season,2024-01-31,2024,Ninjas in Pyjamas,JD Gaming,Ninjas in Pyjamas,JD Gaming,0-2,0,2,3.47,1.33,0.277083,0.722917
LPL,6,https://www.oddsportal.com/esports/league-of-legends/league-of-legends-lpl-2024/results/#/page/6/,31 Jan 2024 - Spring Season,2024-01-31,2024,Rare Atom,Invictus Gaming,Rare Atom,Invictus Gaming,0-2,0,2,1.88,1.96,0.510417,0.489583
LPL,6,https://www.oddsportal.com/esports/league-of-legends/league-of-legends-lpl-2024/results/#/page/6/,30 Jan 2024 - Spring Season,2024-01-30,2024,LGD Gaming,EDward Gaming,LGD Gaming,EDward Gaming,2-0,2,0,3.07,1.4,0.313199,0.686801
LPL,6,https://www.oddsportal.com/esports/league-of-legends/league-of-legends-lpl-2024/results/#/page/6/,30 Jan 2024 - Spring Season,2024-01-30,2024,Royal Never Give Up,Ultra Prime,Royal Never Give Up,Ultra Prime,2-0,2,0,1.13,7.1,0.862697,0.137303
LPL,6,https://www.oddsportal.com/esports/league-of-legends/league-of-legends-lpl-2024/results/#/page/6/,29 Jan 2024 - Spring Season,2024-01-29,2024,Bilibili Gaming,Anyone's Legend,Bilibili Gaming,Anyone's Legend,2-0,2,0,1.04,11.9,0.919629,0.080371
LPL,6,https://www.oddsportal.com/esports/league-of-legends/league-of-legends-lpl-2024/results/#/page/6/,29 Jan 2024 - Spring Season,2024-01-29,2024,FunPlus Phoenix,Team WE,FunPlus Phoenix,Team WE,1-2,1,2,2.71,1.5,0.356295,0.643705
LPL,6,https://www.oddsportal.com/esports/league-of-legends/league-of-legends-lpl-2024/results/#/page/6/,28 Jan 2024 - Spring Season,2024-01-28,2024,Oh My God,LNG Esports,Oh My God,LNG Esports,0-2,0,2,3.47,1.33,0.277083,0.722917
LPL,6,https://www.oddsportal.com/esports/league-of-legends/league-of-legends-lpl-2024/results/#/page/6/,28 Jan 2024 - Spring Season,2024-01-28,2024,Rare Atom,JD Gaming,Rare Atom,JD Gaming,0-2,0,2,9.45,1.08,0.102564,0.897436
LPL,6,https://www.oddsportal.com/esports/league-of-legends/league-of-legends-lpl-2024/results/#/page/6/,28 Jan 2024 - Spring Season,2024-01-28,2024,TT Gaming,Weibo Gaming,TT Gaming,Weibo Gaming,0-2,0,2,2.86,1.45,0.336427,0.663573
LPL,6,https://www.oddsportal.com/esports/league-of-legends/league-of-legends-lpl-2024/results/#/page/6/,27 Jan 2024 - Spring Season,2024-01-27,2024,Top Esports,EDward Gaming,Top Esports,EDward Gaming,2-0,2,0,1.31,3.57,0.731557,0.268443
LPL,6,https://www.oddsportal.com/esports/league-of-legends/league-of-legends-lpl-2024/results/#/page/6/,26 Jan 2024 - Spring Season,2024-01-26,2024,Bilibili Gaming,Royal Never Give Up,Bilibili Gaming,Royal Never Give Up,2-0,2,0,1.18,5.63,0.826725,0.173275
LPL,6,https://www.oddsportal.com/esports/league-of-legends/league-of-legends-lpl-2024/results/#/page/6/,26 Jan 2024 - Spring Season,2024-01-26,2024,Oh My God,FunPlus Phoenix,Oh My God,FunPlus Phoenix,0-2,0,2,1.5,2.71,0.643705,0.356295
LPL,6,https://www.oddsportal.com/esports/league-of-legends/league-of-legends-lpl-2024/results/#/page/6/,26 Jan 2024 - Spring Season,2024-01-26,2024,Anyone's Legend,Team WE,Anyone's Legend,Team WE,0-2,0,2,1.95,1.92,0.496124,0.503876
LPL,6,https://www.oddsportal.com/esports/league-of-legends/league-of-legends-lpl-2024/results/#/page/6/,25 Jan 2024 - Spring Season,2024-01-25,2024,LNG Esports,TT Gaming,LNG Esports,TT Gaming,1-2,1,2,1.22,4.51,0.787086,0.212914
LPL,6,https://www.oddsportal.com/esports/league-of-legends/league-of-legends-lpl-2024/results/#/page/6/,25 Jan 2024 - Spring Season,2024-01-25,2024,Weibo Gaming,Rare Atom,Weibo Gaming,Rare Atom,2-0,2,0,1.33,3.57,0.728571,0.271429
LPL,6,https://www.oddsportal.com/esports/league-of-legends/league-of-legends-lpl-2024/results/#/page/6/,23 Jan 2024 - Spring Season,2024-01-23,2024,Anyone's Legend,FunPlus Phoenix,Anyone's Legend,FunPlus Phoenix,2-0,2,0,1.68,2.24,0.571429,0.428571
LPL,6,https://www.oddsportal.com/esports/league-of-legends/league-of-legends-lpl-2024/results/#/page/6/,23 Jan 2024 - Spring Season,2024-01-23,2024,Oh My God,Team WE,Oh My God,Team WE,2-0,2,0,2.71,1.55,0.36385,0.63615
LPL,6,https://www.oddsportal.com/esports/league-of-legends/league-of-legends-lpl-2024/results/#/page/6/,22 Jan 2024 - Spring Season,2024-01-22,2024,Royal Never Give Up,EDward Gaming,Royal Never Give Up,EDward Gaming,2-1,2,1,1.73,2.1,0.548303,0.451697
LPL,6,https://www.oddsportal.com/esports/league-of-legends/league-of-legends-lpl-2024/results/#/page/6/,22 Jan 2024 - Spring Season,2024-01-22,2024,Bilibili Gaming,Top Esports,Bilibili Gaming,Top Esports,2-1,2,1,1.33,3.47,0.722917,0.277083
LPL,1,https://www.oddsportal.com/esports/league-of-legends/league-of-legends-lpl-2025/results/,27 Sep 2025 - Regional Finals,2025-09-27,2025,JD Gaming,Invictus Gaming,JD Gaming,Invictus Gaming,1-3,1,3,2.2,1.82,0.452736,0.547264
LPL,1,https://www.oddsportal.com/esports/league-of-legends/league-of-legends-lpl-2025/results/,26 Sep 2025 - Regional Finals,2025-09-26,2025,JD Gaming,Weibo Gaming,JD Gaming,Weibo Gaming,3-1,3,1,1.8,2.08,0.536082,0.463918
LPL,1,https://www.oddsportal.com/esports/league-of-legends/league-of-legends-lpl-2025/results/,25 Sep 2025 - Regional Finals,2025-09-25,2025,Top Esports,Invictus Gaming,Top Esports,Invictus Gaming,3-1,3,1,1.42,3.14,0.688596,0.311404
LPL,1,https://www.oddsportal.com/esports/league-of-legends/league-of-legends-lpl-2025/results/,21 Sep 2025 - Fall - Play Offs,2025-09-21,2025,Top Esports,Bilibili Gaming,Top Esports,Bilibili Gaming,2-3,2,3,2.05,1.82,0.470284,0.529716
LPL,1,https://www.oddsportal.com/esports/league-of-legends/league-of-legends-lpl-2025/results/,20 Sep 2025 - Fall - Play Offs,2025-09-20,2025,Anyone's Legend,Top Esports,Anyone's Legend,Top Esports,1-3,1,3,1.97,1.92,0.493573,0.506427
LPL,1,https://www.oddsportal.com/esports/league-of-legends/league-of-legends-lpl-2025/results/,16 Sep 2025 - Fall - Play Offs,2025-09-16,2025,JD Gaming,Anyone's Legend,JD Gaming,Anyone's Legend,0-3,0,3,3.85,1.29,0.250973,0.749027
LPL,1,https://www.oddsportal.com/esports/league-of-legends/league-of-legends-lpl-2025/results/,15 Sep 2025 - Fall - Play Offs,2025-09-15,2025,Bilibili Gaming,Top Esports,Bilibili Gaming,Top Esports,3-2,3,2,1.9,1.95,0.506494,0.493506
LPL,1,https://www.oddsportal.com/esports/league-of-legends/league-of-legends-lpl-2025/results/,14 Sep 2025 - Fall - Play Offs,2025-09-14,2025,Invictus Gaming,Anyone's Legend,Invictus Gaming,Anyone's Legend,0-3,0,3,1.81,2.1,0.537084,0.462916
LPL,1,https://www.oddsportal.com/esports/league-of-legends/league-of-legends-lpl-2025/results/,13 Sep 2025 - Fall - Play Offs,2025-09-13,2025,Weibo Gaming,JD Gaming,Weibo Gaming,JD Gaming,1-3,1,3,1.6,2.6,0.619048,0.380952
LPL,1,https://www.oddsportal.com/esports/league-of-legends/league-of-legends-lpl-2025/results/,12 Sep 2025 - Fall - Play Offs,2025-09-12,2025,Anyone's Legend,Ninjas in Pyjamas,Anyone's Legend,Ninjas in Pyjamas,3-1,3,1,1.17,6.2,0.841248,0.158752
LPL,1,https://www.oddsportal.com/esports/league-of-legends/league-of-legends-lpl-2025/results/,11 Sep 2025 - Fall - Play Offs,2025-09-11,2025,JD Gaming,EDward Gaming,JD Gaming,EDward Gaming,3-2,3,2,1.44,3.0,0.675676,0.324324
LPL,1,https://www.oddsportal.com/esports/league-of-legends/league-of-legends-lpl-2025/results/,10 Sep 2025 - Fall - Play Offs,2025-09-10,2025,Weibo Gaming,Top Esports,Weibo Gaming,Top Esports,1-3,1,3,3.25,1.35,0.293478,0.706522
LPL,1,https://www.oddsportal.com/esports/league-of-legends/league-of-legends-lpl-2025/results/,09 Sep 2025 - Fall - Play Offs,2025-09-09,2025,Bilibili Gaming,Invictus Gaming,Bilibili Gaming,Invictus Gaming,3-1,3,1,2.35,1.66,0.413965,0.586035
LPL,1,https://www.oddsportal.com/esports/league-of-legends/league-of-legends-lpl-2025/results/,08 Sep 2025 - Fall - Play Offs,2025-09-08,2025,Top Esports,Ninjas in Pyjamas,Top Esports,Ninjas in Pyjamas,3-1,3,1,1.12,7.2,0.865385,0.134615
LPL,1,https://www.oddsportal.com/esports/league-of-legends/league-of-legends-lpl-2025/results/,08 Sep 2025 - Fall - Play Offs,2025-09-08,2025,Weibo Gaming,JD Gaming,Weibo Gaming,JD Gaming,2-0,2,0,1.75,2.16,0.55243,0.44757
LPL,1,https://www.oddsportal.com/esports/league-of-legends/league-of-legends-lpl-2025/results/,08 Sep 2025 - Fall - Play Offs,2025-09-08,2025,Anyone's Legend,Weibo Gaming,Anyone's Legend,Weibo Gaming,2-3,2,3,1.32,3.45,0.72327,0.27673
LPL,1,https://www.oddsportal.com/esports/league-of-legends/league-of-legends-lpl-2025/results/,07 Sep 2025 - Fall - Play Offs,2025-09-07,2025,Invictus Gaming,EDward Gaming,Invictus Gaming,EDward Gaming,3-0,3,0,1.12,8.0,0.877193,0.122807
LPL,1,https://www.oddsportal.com/esports/league-of-legends/league-of-legends-lpl-2025/results/,07 Sep 2025 - Fall - Play Offs,2025-09-07,2025,Bilibili Gaming,JD Gaming,Bilibili Gaming,JD Gaming,3-2,3,2,1.2,5.0,0.806452,0.193548
LPL,1,https://www.oddsportal.com/esports/league-of-legends/league-of-legends-lpl-2025/results/,02 Sep 2025 - Fall - Promotion,2025-09-02,2025,JD Gaming,LGD Gaming,JD Gaming,LGD Gaming,3-0,3,0,1.1,7.5,0.872093,0.127907
LPL,1,https://www.oddsportal.com/esports/league-of-legends/league-of-legends-lpl-2025/results/,01 Sep 2025 - Fall - Promotion,2025-09-01,2025,Weibo Gaming,Ultra Prime,Weibo Gaming,Ultra Prime,3-0,3,0,1.03,15.0,0.935745,0.064255
LPL,1,https://www.oddsportal.com/esports/league-of-legends/league-of-legends-lpl-2025/results/,31 Aug 2025 - Fall - Promotion,2025-08-31,2025,Team WE,EDward Gaming,Team WE,EDward Gaming,1-3,1,3,1.48,2.8,0.654206,0.345794
LPL,1,https://www.oddsportal.com/esports/league-of-legends/league-of-legends-lpl-2025/results/,30 Aug 2025 - Fall - Promotion,2025-08-30,2025,FunPlus Phoenix,Ninjas in Pyjamas,FunPlus Phoenix,Ninjas in Pyjamas,2-3,2,3,3.1,1.41,0.312639,0.687361
LPL,1,https://www.oddsportal.com/esports/league-of-legends/league-of-legends-lpl-2025/results/,28 Aug 2025 - Fall Season,2025-08-28,2025,Invictus Gaming,Bilibili Gaming,Invictus Gaming,Bilibili Gaming,2-0,2,0,2.18,1.7,0.438144,0.561856
LPL,1,https://www.oddsportal.com/esports/league-of-legends/league-of-legends-lpl-2025/results/,28 Aug 2025 - Fall Season,2025-08-28,2025,Weibo Gaming,JD Gaming,Weibo Gaming,JD Gaming,1-2,1,2,1.55,2.7,0.635294,0.364706
LPL,1,https://www.oddsportal.com/esports/league-of-legends/league-of-legends-lpl-2025/results/,27 Aug 2025 - Fall Season,2025-08-27,2025,Team WE,Anyone's Legend,Team WE,Anyone's Legend,2-0,2,0,5.8,1.15,0.165468,0.834532
LPL,1,https://www.oddsportal.com/esports/league-of-legends/league-of-legends-lpl-2025/results/,27 Aug 2025 - Fall Season,2025-08-27,2025,Weibo Gaming,JD Gaming,Weibo Gaming,JD Gaming,2-0,2,0,1.75,2.16,0.55243,0.44757
LPL,1,https://www.oddsportal.com/esports/league-of-legends/league-of-legends-lpl-2025/results/,26 Aug 2025 - Fall Season,2025-08-26,2025,FunPlus Phoenix,Top Esports,FunPlus Phoenix,Top Esports,1-2,1,2,8.5,1.08,0.112735,0.887265
LPL,1,https://www.oddsportal.com/esports/league-of-legends/league-of-legends-lpl-2025/results/,25 Aug 2025 - Fall Season,2025-08-25,2025,Bilibili Gaming,FunPlus Phoenix,Bilibili Gaming,FunPlus Phoenix,2-0,2,0,1.1,8.5,0.885417,0.114583
LPL,1,https://www.oddsportal.com/esports/league-of-legends/league-of-legends-lpl-2025/results/,24 Aug 2025 - Fall Season,2025-08-24,2025,JD Gaming,Anyone's Legend,JD Gaming,Anyone's Legend,0-2,0,2,3.85,1.3,0.252427,0.747573
LPL,1,https://www.oddsportal.com/esports/league-of-legends/league-of-legends-lpl-2025/results/,24 Aug 2025 - Fall Season,2025-08-24,2025,LNG Esports,EDward Gaming,LNG Esports,EDward Gaming,0-2,0,2,4.2,1.25,0.229358,0.770642
LPL,1,https://www.oddsportal.com/esports/league-of-legends/league-of-legends-lpl-2025/results/,23 Aug 2025 - Fall Season,2025-08-23,2025,Weibo Gaming,Invictus Gaming,Weibo Gaming,Invictus Gaming,1-2,1,2,3.5,1.35,0.278351,0.721649
LPL,1,https://www.oddsportal.com/esports/league-of-legends/league-of-legends-lpl-2025/results/,23 Aug 2025 - Fall Season,2025-08-23,2025,Team WE,Top Esports,Team WE,Top Esports,1-2,1,2,5.2,1.18,0.184953,0.815047
LPL,1,https://www.oddsportal.com/esports/league-of-legends/league-of-legends-lpl-2025/results/,23 Aug 2025 - Fall Season,2025-08-23,2025,LNG Esports,TT Gaming,LNG Esports,TT Gaming,2-0,2,0,2.48,1.54,0.383085,0.616915
LPL,1,https://www.oddsportal.com/esports/league-of-legends/league-of-legends-lpl-2025/results/,22 Aug 2025 - Fall Season,2025-08-22,2025,LGD Gaming,EDward Gaming,LGD Gaming,EDward Gaming,2-0,2,0,4.6,1.23,0.210978,0.789022
LPL,1,https://www.oddsportal.com/esports/league-of-legends/league-of-legends-lpl-2025/results/,22 Aug 2025 - Fall Season,2025-08-22,2025,Invictus Gaming,FunPlus Phoenix,Invictus Gaming,FunPlus Phoenix,2-0,2,0,1.11,8.0,0.878156,0.121844
LPL,1,https://www.oddsportal.com/esports/league-of-legends/league-of-legends-lpl-2025/results/,21 Aug 2025 - Fall Season,2025-08-21,2025,JD Gaming,Bilibili Gaming,JD Gaming,Bilibili Gaming,1-2,1,2,3.56,1.3,0.26749,0.73251
LPL,1,https://www.oddsportal.com/esports/league-of-legends/league-of-legends-lpl-2025/results/,21 Aug 2025 - Fall Season,2025-08-21,2025,Ultra Prime,EDward Gaming,Ultra Prime,EDward Gaming,0-2,0,2,5.8,1.16,0.166667,0.833333
LPL,1,https://www.oddsportal.com/esports/league-of-legends/league-of-legends-lpl-2025/results/,20 Aug 2025 - Fall Season,2025-08-20,2025,Anyone's Legend,FunPlus Phoenix,Anyone's Legend,FunPlus Phoenix,2-0,2,0,1.09,8.0,0.880088,0.119912
LPL,1,https://www.oddsportal.com/esports/league-of-legends/league-of-legends-lpl-2025/results/,19 Aug 2025 - Fall Season,2025-08-19,2025,Anyone's Legend,Top Esports,Anyone's Legend,Top Esports,0-2,0,2,1.69,2.25,0.571066,0.428934
LPL,1,https://www.oddsportal.com/esports/league-of-legends/league-of-legends-lpl-2025/results/,19 Aug 2025 - Fall Season,2025-08-19,2025,LNG Esports,Ninjas in Pyjamas,LNG Esports,Ninjas in Pyjamas,0-2,0,2,5.2,1.25,0.193798,0.806202
LPL,1,https://www.oddsportal.com/esports/league-of-legends/league-of-legends-lpl-2025/results/,18 Aug 2025 - Fall Season,2025-08-18,2025,Invictus Gaming,Bilibili Gaming,Invictus Gaming,Bilibili Gaming,2-1,2,1,2.56,1.6,0.384615,0.615385
LPL,1,https://www.oddsportal.com/esports/league-of-legends/league-of-legends-lpl-2025/results/,18 Aug 2025 - Fall Season,2025-08-18,2025,Weibo Gaming,FunPlus Phoenix,Weibo Gaming,FunPlus Phoenix,2-0,2,0,1.25,4.6,0.786325,0.213675
LPL,1,https://www.oddsportal.com/esports/league-of-legends/league-of-legends-lpl-2025/results/,17 Aug 2025 - Fall Season,2025-08-17,2025,Bilibili Gaming,Top Esports,Bilibili Gaming,Top Esports,0-2,0,2,1.55,2.7,0.635294,0.364706
LPL,1,https://www.oddsportal.com/esports/league-of-legends/league-of-legends-lpl-2025/results/,17 Aug 2025 - Fall Season,2025-08-17,2025,Weibo Gaming,Anyone's Legend,Weibo Gaming,Anyone's Legend,0-2,0,2,3.6,1.35,0.272727,0.727273
LPL,1,https://www.oddsportal.com/esports/league-of-legends/league-of-legends-lpl-2025/results/,16 Aug 2025 - Fall Season,2025-08-16,2025,Invictus Gaming,Top Esports,Invictus Gaming,Top Esports,2-1,2,1,2.35,1.62,0.40806,0.59194
LPL,1,https://www.oddsportal.com/esports/league-of-legends/league-of-legends-lpl-2025/results/,16 Aug 2025 - Fall Season,2025-08-16,2025,JD Gaming,Team WE,JD Gaming,Team WE,2-1,2,1,1.64,2.4,0.594059,0.405941
LPL,1,https://www.oddsportal.com/esports/league-of-legends/league-of-legends-lpl-2025/results/,15 Aug 2025 - Fall Season,2025-08-15,2025,Weibo Gaming,Bilibili Gaming,Weibo Gaming,Bilibili Gaming,1-2,1,2,4.5,1.25,0.217391,0.782609
LPL,2,https://www.oddsportal.com/esports/league-of-legends/league-of-legends-lpl-2025/results/#/page/2/,15 Aug 2025 - Fall Season,2025-08-15,2025,Anyone's Legend,Invictus Gaming,Anyone's Legend,Invictus Gaming,2-0,2,0,1.85,2.16,0.538653,0.461347
LPL,2,https://www.oddsportal.com/esports/league-of-legends/league-of-legends-lpl-2025/results/#/page/2/,14 Aug 2025 - Fall Season,2025-08-14,2025,Team WE,FunPlus Phoenix,Team WE,FunPlus Phoenix,2-0,2,0,1.41,3.0,0.680272,0.319728
LPL,2,https://www.oddsportal.com/esports/league-of-legends/league-of-legends-lpl-2025/results/#/page/2/,14 Aug 2025 - Fall Season,2025-08-14,2025,Ninjas in Pyjamas,EDward Gaming,Ninjas in Pyjamas,EDward Gaming,2-1,2,1,2.1,1.75,0.454545,0.545455
LPL,2,https://www.oddsportal.com/esports/league-of-legends/league-of-legends-lpl-2025/results/#/page/2/,13 Aug 2025 - Fall Season,2025-08-13,2025,Anyone's Legend,Bilibili Gaming,Anyone's Legend,Bilibili Gaming,2-1,2,1,2.3,1.7,0.425,0.575
LPL,2,https://www.oddsportal.com/esports/league-of-legends/league-of-legends-lpl-2025/results/#/page/2/,13 Aug 2025 - Fall Season,2025-08-13,2025,JD Gaming,Top Esports,JD Gaming,Top Esports,1-2,1,2,3.5,1.31,0.272349,0.727651
LPL,2,https://www.oddsportal.com/esports/league-of-legends/league-of-legends-lpl-2025/results/#/page/2/,12 Aug 2025 - Fall Season,2025-08-12,2025,Weibo Gaming,Team WE,Weibo Gaming,Team WE,2-1,2,1,1.58,2.4,0.603015,0.396985
LPL,2,https://www.oddsportal.com/esports/league-of-legends/league-of-legends-lpl-2025/results/#/page/2/,11 Aug 2025 - Fall Season,2025-08-11,2025,JD Gaming,FunPlus Phoenix,JD Gaming,FunPlus Phoenix,2-0,2,0,1.39,3.0,0.683371,0.316629
LPL,2,https://www.oddsportal.com/esports/league-of-legends/league-of-legends-lpl-2025/results/#/page/2/,10 Aug 2025 - Fall Season,2025-08-10,2025,Team WE,Bilibili Gaming,Team WE,Bilibili Gaming,1-2,1,2,5.8,1.16,0.166667,0.833333
LPL,2,https://www.oddsportal.com/esports/league-of-legends/league-of-legends-lpl-2025/results/#/page/2/,10 Aug 2025 - Fall Season,2025-08-10,2025,TT Gaming,EDward Gaming,TT Gaming,EDward Gaming,1-2,1,2,4.0,1.27,0.240987,0.759013
LPL,2,https://www.oddsportal.com/esports/league-of-legends/league-of-legends-lpl-2025/results/#/page/2/,09 Aug 2025 - Fall Season,2025-08-09,2025,JD Gaming,Invictus Gaming,JD Gaming,Invictus Gaming,0-2,0,2,3.55,1.45,0.29,0.71
LPL,2,https://www.oddsportal.com/esports/league-of-legends/league-of-legends-lpl-2025/results/#/page/2/,09 Aug 2025 - Fall Season,2025-08-09,2025,Weibo Gaming,Top Esports,Weibo Gaming,Top Esports,0-2,0,2,3.3,1.37,0.293362,0.706638
LPL,2,https://www.oddsportal.com/esports/league-of-legends/league-of-legends-lpl-2025/results/#/page/2/,09 Aug 2025 - Fall Season,2025-08-09,2025,Team WE,Bilibili Gaming,Team WE,Bilibili Gaming,1-2,1,2,5.6,1.15,0.17037,0.82963
LPL,2,https://www.oddsportal.com/esports/league-of-legends/league-of-legends-lpl-2025/results/#/page/2/,08 Aug 2025 - Fall Season,2025-08-08,2025,Anyone's Legend,FunPlus Phoenix,Anyone's Legend,FunPlus Phoenix,2-1,2,1,1.13,6.2,0.845839,0.154161
LPL,2,https://www.oddsportal.com/esports/league-of-legends/league-of-legends-lpl-2025/results/#/page/2/,08 Aug 2025 - Fall Season,2025-08-08,2025,Ultra Prime,LNG Esports,Ultra Prime,LNG Esports,2-1,2,1,2.25,1.69,0.428934,0.571066
LPL,2,https://www.oddsportal.com/esports/league-of-legends/league-of-legends-lpl-2025/results/#/page/2/,07 Aug 2025 - Fall Season,2025-08-07,2025,LNG Esports,LGD Gaming,LNG Esports,LGD Gaming,2-0,2,0,2.56,1.69,0.397647,0.602353
LPL,2,https://www.oddsportal.com/esports/league-of-legends/league-of-legends-lpl-2025/results/#/page/2/,06 Aug 2025 - Fall Season,2025-08-06,2025,Anyone's Legend,Invictus Gaming,Anyone's Legend,Invictus Gaming,0-2,0,2,1.55,2.5,0.617284,0.382716
LPL,2,https://www.oddsportal.com/esports/league-of-legends/league-of-legends-lpl-2025/results/#/page/2/,06 Aug 2025 - Fall Season,2025-08-06,2025,JD Gaming,Bilibili Gaming,JD Gaming,Bilibili Gaming,1-2,1,2,4.5,1.22,0.213287,0.786713
LPL,2,https://www.oddsportal.com/esports/league-of-legends/league-of-legends-lpl-2025/results/#/page/2/,05 Aug 2025 - Fall Season,2025-08-05,2025,Anyone's Legend,Top Esports,Anyone's Legend,Top Esports,1-2,1,2,1.6,2.62,0.620853,0.379147
LPL,2,https://www.oddsportal.com/esports/league-of-legends/league-of-legends-lpl-2025/results/#/page/2/,04 Aug 2025 - Fall Season,2025-08-04,2025,Team WE,FunPlus Phoenix,Team WE,FunPlus Phoenix,2-1,2,1,1.55,2.9,0.651685,0.348315
LPL,2,https://www.oddsportal.com/esports/league-of-legends/league-of-legends-lpl-2025/results/#/page/2/,03 Aug 2025 - Fall Season,2025-08-03,2025,Bilibili Gaming,Top Esports,Bilibili Gaming,Top Esports,2-0,2,0,1.69,2.25,0.571066,0.428934
LPL,2,https://www.oddsportal.com/esports/league-of-legends/league-of-legends-lpl-2025/results/#/page/2/,03 Aug 2025 - Fall Season,2025-08-03,2025,LNG Esports,EDward Gaming,LNG Esports,EDward Gaming,0-2,0,2,4.4,1.22,0.217082,0.782918
LPL,2,https://www.oddsportal.com/esports/league-of-legends/league-of-legends-lpl-2025/results/#/page/2/,02 Aug 2025 - Fall Season,2025-08-02,2025,JD Gaming,Anyone's Legend,JD Gaming,Anyone's Legend,0-2,0,2,3.4,1.32,0.279661,0.720339
LPL,2,https://www.oddsportal.com/esports/league-of-legends/league-of-legends-lpl-2025/results/#/page/2/,02 Aug 2025 - Fall Season,2025-08-02,2025,Ultra Prime,LNG Esports,Ultra Prime,LNG Esports,2-1,2,1,2.99,1.44,0.325056,0.674944
LPL,2,https://www.oddsportal.com/esports/league-of-legends/league-of-legends-lpl-2025/results/#/page/2/,01 Aug 2025 - Fall Season,2025-08-01,2025,Weibo Gaming,Invictus Gaming,Weibo Gaming,Invictus Gaming,0-2,0,2,2.16,1.7,0.440415,0.559585
LPL,2,https://www.oddsportal.com/esports/league-of-legends/league-of-legends-lpl-2025/results/#/page/2/,01 Aug 2025 - Fall Season,2025-08-01,2025,JD Gaming,FunPlus Phoenix,JD Gaming,FunPlus Phoenix,2-0,2,0,1.48,2.9,0.6621,0.3379
LPL,2,https://www.oddsportal.com/esports/league-of-legends/league-of-legends-lpl-2025/results/#/page/2/,31 Jul 2025 - Fall Season,2025-07-31,2025,Weibo Gaming,Bilibili Gaming,Weibo Gaming,Bilibili Gaming,0-2,0,2,2.98,1.4,0.319635,0.680365
LPL,2,https://www.oddsportal.com/esports/league-of-legends/league-of-legends-lpl-2025/results/#/page/2/,31 Jul 2025 - Fall Season,2025-07-31,2025,Team WE,Top Esports,Team WE,Top Esports,1-2,1,2,5.0,1.2,0.193548,0.806452
LPL,2,https://www.oddsportal.com/esports/league-of-legends/league-of-legends-lpl-2025/results/#/page/2/,30 Jul 2025 - Fall Season,2025-07-30,2025,Team WE,Anyone's Legend,Team WE,Anyone's Legend,1-2,1,2,6.5,1.11,0.145861,0.854139
LPL,2,https://www.oddsportal.com/esports/league-of-legends/league-of-legends-lpl-2025/results/#/page/2/,29 Jul 2025 - Fall Season,2025-07-29,2025,Invictus Gaming,FunPlus Phoenix,Invictus Gaming,FunPlus Phoenix,0-2,0,2,1.12,7.2,0.865385,0.134615
LPL,2,https://www.oddsportal.com/esports/league-of-legends/league-of-legends-lpl-2025/results/#/page/2/,28 Jul 2025 - Fall Season,2025-07-28,2025,JD Gaming,Top Esports,JD Gaming,Top Esports,0-2,0,2,3.44,1.42,0.292181,0.707819
LPL,2,https://www.oddsportal.com/esports/league-of-legends/league-of-legends-lpl-2025/results/#/page/2/,28 Jul 2025 - Fall Season,2025-07-28,2025,LGD Gaming,EDward Gaming,LGD Gaming,EDward Gaming,0-2,0,2,4.1,1.28,0.237918,0.762082
LPL,2,https://www.oddsportal.com/esports/league-of-legends/league-of-legends-lpl-2025/results/#/page/2/,27 Jul 2025 - Fall Season,2025-07-27,2025,Weibo Gaming,Anyone's Legend,Weibo Gaming,Anyone's Legend,2-1,2,1,4.3,1.25,0.225225,0.774775
LPL,2,https://www.oddsportal.com/esports/league-of-legends/league-of-legends-lpl-2025/results/#/page/2/,27 Jul 2025 - Fall Season,2025-07-27,2025,Bilibili Gaming,FunPlus Phoenix,Bilibili Gaming,FunPlus Phoenix,2-0,2,0,1.1,8.0,0.879121,0.120879
LPL,2,https://www.oddsportal.com/esports/league-of-legends/league-of-legends-lpl-2025/results/#/page/2/,26 Jul 2025 - Fall Season,2025-07-26,2025,JD Gaming,Team WE,JD Gaming,Team WE,2-1,2,1,1.62,2.36,0.592965,0.407035
LPL,2,https://www.oddsportal.com/esports/league-of-legends/league-of-legends-lpl-2025/results/#/page/2/,26 Jul 2025 - Fall Season,2025-07-26,2025,Anyone's Legend,Bilibili Gaming,Anyone's Legend,Bilibili Gaming,1-2,1,2,1.36,3.5,0.720165,0.279835
LPL,2,https://www.oddsportal.com/esports/league-of-legends/league-of-legends-lpl-2025/results/#/page/2/,25 Jul 2025 - Fall Season,2025-07-25,2025,LNG Esports,LGD Gaming,LNG Esports,LGD Gaming,1-2,1,2,1.87,2.12,0.531328,0.468672
LPL,2,https://www.oddsportal.com/esports/league-of-legends/league-of-legends-lpl-2025/results/#/page/2/,25 Jul 2025 - Fall Season,2025-07-25,2025,Ninjas in Pyjamas,EDward Gaming,Ninjas in Pyjamas,EDward Gaming,0-2,0,2,1.76,2.11,0.54522,0.45478
LPL,2,https://www.oddsportal.com/esports/league-of-legends/league-of-legends-lpl-2025/results/#/page/2/,24 Jul 2025 - Fall Season,2025-07-24,2025,LNG Esports,TT Gaming,LNG Esports,TT Gaming,0-2,0,2,2.29,1.76,0.434568,0.565432
LPL,2,https://www.oddsportal.com/esports/league-of-legends/league-of-legends-lpl-2025/results/#/page/2/,24 Jul 2025 - Fall Season,2025-07-24,2025,JD Gaming,Invictus Gaming,JD Gaming,Invictus Gaming,0-2,0,2,2.29,1.63,0.415816,0.584184
LPL,2,https://www.oddsportal.com/esports/league-of-legends/league-of-legends-lpl-2025/results/#/page/2/,23 Jul 2025 - Fall Season,2025-07-23,2025,Weibo Gaming,Team WE,Weibo Gaming,Team WE,2-1,2,1,1.58,2.63,0.624703,0.375297
LPL,2,https://www.oddsportal.com/esports/league-of-legends/league-of-legends-lpl-2025/results/#/page/2/,23 Jul 2025 - Fall Season,2025-07-23,2025,FunPlus Phoenix,Top Esports,FunPlus Phoenix,Top Esports,0-2,0,2,8.58,1.11,0.114551,0.885449
LPL,3,https://www.oddsportal.com/esports/league-of-legends/league-of-legends-lpl-2025/results/#/page/3/,21 Jul 2025 - Fall Season,2025-07-21,2025,LNG Esports,Ninjas in Pyjamas,LNG Esports,Ninjas in Pyjamas,0-2,0,2,2.55,1.53,0.375,0.625
LPL,3,https://www.oddsportal.com/esports/league-of-legends/league-of-legends-lpl-2025/results/#/page/3/,20 Jul 2025 - Fall Season,2025-07-20,2025,Weibo Gaming,Top Esports,Weibo Gaming,Top Esports,1-2,1,2,2.9,1.5,0.340909,0.659091
LPL,3,https://www.oddsportal.com/esports/league-of-legends/league-of-legends-lpl-2025/results/#/page/3/,20 Jul 2025 - Fall Season,2025-07-20,2025,TT Gaming,EDward Gaming,TT Gaming,EDward Gaming,0-2,0,2,2.36,1.57,0.399491,0.600509
LPL,3,https://www.oddsportal.com/esports/league-of-legends/league-of-legends-lpl-2025/results/#/page/3/,19 Jul 2025 - Fall Season,2025-07-19,2025,Invictus Gaming,Top Esports,Invictus Gaming,Top Esports,1-2,1,2,2.55,1.65,0.392857,0.607143
LPL,3,https://www.oddsportal.com/esports/league-of-legends/league-of-legends-lpl-2025/results/#/page/3/,19 Jul 2025 - Fall Season,2025-07-19,2025,Weibo Gaming,FunPlus Phoenix,Weibo Gaming,FunPlus Phoenix,2-1,2,1,1.29,3.96,0.754286,0.245714
LPL,3,https://www.oddsportal.com/esports/league-of-legends/league-of-legends-lpl-2025/results/#/page/3/,19 Jul 2025 - Fall Season,2025-07-19,2025,Ultra Prime,EDward Gaming,Ultra Prime,EDward Gaming,0-2,0,2,2.99,1.37,0.31422,0.68578
LPL,3,https://www.oddsportal.com/esports/league-of-legends/league-of-legends-lpl-2025/results/#/page/3/,14 Jun 2025 - Summer - Play offs,2025-06-14,2025,Anyone's Legend,Bilibili Gaming,Anyone's Legend,Bilibili Gaming,3-1,3,1,2.36,1.7,0.418719,0.581281
LPL,3,https://www.oddsportal.com/esports/league-of-legends/league-of-legends-lpl-2025/results/#/page/3/,13 Jun 2025 - Summer - Play offs,2025-06-13,2025,Bilibili Gaming,Invictus Gaming,Bilibili Gaming,Invictus Gaming,3-1,3,1,1.33,3.47,0.722917,0.277083
LPL,3,https://www.oddsportal.com/esports/league-of-legends/league-of-legends-lpl-2025/results/#/page/3/,09 Jun 2025 - Summer - Play offs,2025-06-09,2025,Bilibili Gaming,Anyone's Legend,Bilibili Gaming,Anyone's Legend,2-3,2,3,1.44,3.23,0.691649,0.308351
LPL,3,https://www.oddsportal.com/esports/league-of-legends/league-of-legends-lpl-2025/results/#/page/3/,08 Jun 2025 - Summer - Play offs,2025-06-08,2025,Top Esports,Team WE,Top Esports,Team WE,2-3,2,3,1.25,5.5,0.814815,0.185185
LPL,3,https://www.oddsportal.com/esports/league-of-legends/league-of-legends-lpl-2025/results/#/page/3/,07 Jun 2025 - Summer - Play offs,2025-06-07,2025,Weibo Gaming,Invictus Gaming,Weibo Gaming,Invictus Gaming,1-3,1,3,2.03,1.95,0.48995,0.51005
LPL,3,https://www.oddsportal.com/esports/league-of-legends/league-of-legends-lpl-2025/results/#/page/3/,05 Jun 2025 - Summer - Play offs,2025-06-05,2025,Team WE,JD Gaming,Team WE,JD Gaming,3-1,3,1,6.5,1.15,0.150327,0.849673
LPL,3,https://www.oddsportal.com/esports/league-of-legends/league-of-legends-lpl-2025/results/#/page/3/,04 Jun 2025 - Summer - Play offs,2025-06-04,2025,FunPlus Phoenix,Invictus Gaming,FunPlus Phoenix,Invictus Gaming,2-3,2,3,4.28,1.32,0.235714,0.764286
LPL,3,https://www.oddsportal.com/esports/league-of-legends/league-of-legends-lpl-2025/results/#/page/3/,03 Jun 2025 - Summer - Play offs,2025-06-03,2025,Anyone's Legend,Weibo Gaming,Anyone's Legend,Weibo Gaming,3-1,3,1,1.29,3.8,0.746562,0.253438
LPL,3,https://www.oddsportal.com/esports/league-of-legends/league-of-legends-lpl-2025/results/#/page/3/,02 Jun 2025 - Summer - Play offs,2025-06-02,2025,Top Esports,Bilibili Gaming,Top Esports,Bilibili Gaming,0-3,0,3,2.5,1.58,0.387255,0.612745
LPL,3,https://www.oddsportal.com/esports/league-of-legends/league-of-legends-lpl-2025/results/#/page/3/,01 Jun 2025 - Summer - Play offs,2025-06-01,2025,JD Gaming,Weibo Gaming,JD Gaming,Weibo Gaming,2-3,2,3,1.34,3.6,0.728745,0.271255
LPL,3,https://www.oddsportal.com/esports/league-of-legends/league-of-legends-lpl-2025/results/#/page/3/,01 Jun 2025 - Summer - Play offs,2025-06-01,2025,Anyone's Legend,Team WE,Anyone's Legend,Team WE,3-0,3,0,1.15,6.0,0.839161,0.160839
LPL,3,https://www.oddsportal.com/esports/league-of-legends/league-of-legends-lpl-2025/results/#/page/3/,31 May 2025 - Summer - Play offs,2025-05-31,2025,Bilibili Gaming,Invictus Gaming,Bilibili Gaming,Invictus Gaming,3-0,3,0,1.32,3.47,0.724426,0.275574
LPL,3,https://www.oddsportal.com/esports/league-of-legends/league-of-legends-lpl-2025/results/#/page/3/,31 May 2025 - Summer - Play offs,2025-05-31,2025,Top Esports,FunPlus Phoenix,Top Esports,FunPlus Phoenix,3-1,3,1,1.06,10.0,0.904159,0.095841
LPL,3,https://www.oddsportal.com/esports/league-of-legends/league-of-legends-lpl-2025/results/#/page/3/,27 May 2025 - Summer - Promotion,2025-05-27,2025,Weibo Gaming,TT Gaming,Weibo Gaming,TT Gaming,3-0,3,0,1.28,4.28,0.769784,0.230216
LPL,3,https://www.oddsportal.com/esports/league-of-legends/league-of-legends-lpl-2025/results/#/page/3/,25 May 2025 - Summer - Promotion,2025-05-25,2025,FunPlus Phoenix,Ninjas in Pyjamas,FunPlus Phoenix,Ninjas in Pyjamas,3-2,3,2,2.19,1.78,0.448363,0.551637
LPL,3,https://www.oddsportal.com/esports/league-of-legends/league-of-legends-lpl-2025/results/#/page/3/,24 May 2025 - Summer - Promotion,2025-05-24,2025,Invictus Gaming,EDward Gaming,Invictus Gaming,EDward Gaming,3-0,3,0,1.13,5.8,0.836941,0.163059
LPL,3,https://www.oddsportal.com/esports/league-of-legends/league-of-legends-lpl-2025/results/#/page/3/,22 May 2025 - Summer - Stage 3,2025-05-22,2025,Team WE,Weibo Gaming,Team WE,Weibo Gaming,2-0,2,0,2.5,1.55,0.382716,0.617284
LPL,3,https://www.oddsportal.com/esports/league-of-legends/league-of-legends-lpl-2025/results/#/page/3/,21 May 2025 - Summer - Stage 3,2025-05-21,2025,Invictus Gaming,Bilibili Gaming,Invictus Gaming,Bilibili Gaming,1-2,1,2,3.1,1.44,0.317181,0.682819
LPL,3,https://www.oddsportal.com/esports/league-of-legends/league-of-legends-lpl-2025/results/#/page/3/,21 May 2025 - Summer - Stage 3,2025-05-21,2025,JD Gaming,Anyone's Legend,JD Gaming,Anyone's Legend,2-0,2,0,2.0,1.85,0.480519,0.519481
LPL,3,https://www.oddsportal.com/esports/league-of-legends/league-of-legends-lpl-2025/results/#/page/3/,20 May 2025 - Summer - Stage 3,2025-05-20,2025,Top Esports,Bilibili Gaming,Top Esports,Bilibili Gaming,0-2,0,2,1.83,2.03,0.525907,0.474093
LPL,3,https://www.oddsportal.com/esports/league-of-legends/league-of-legends-lpl-2025/results/#/page/3/,20 May 2025 - Summer - Stage 3,2025-05-20,2025,FunPlus Phoenix,Invictus Gaming,FunPlus Phoenix,Invictus Gaming,0-2,0,2,4.81,1.22,0.202322,0.797678
LPL,3,https://www.oddsportal.com/esports/league-of-legends/league-of-legends-lpl-2025/results/#/page/3/,19 May 2025 - Summer - Stage 3,2025-05-19,2025,Ninjas in Pyjamas,JD Gaming,Ninjas in Pyjamas,JD Gaming,0-2,0,2,4.28,1.3,0.232975,0.767025
LPL,3,https://www.oddsportal.com/esports/league-of-legends/league-of-legends-lpl-2025/results/#/page/3/,19 May 2025 - Summer - Stage 3,2025-05-19,2025,Weibo Gaming,FunPlus Phoenix,Weibo Gaming,FunPlus Phoenix,2-0,2,0,1.58,2.36,0.598985,0.401015
LPL,3,https://www.oddsportal.com/esports/league-of-legends/league-of-legends-lpl-2025/results/#/page/3/,18 May 2025 - Summer - Stage 3,2025-05-18,2025,Anyone's Legend,Team WE,Anyone's Legend,Team WE,2-0,2,0,1.22,4.4,0.782918,0.217082
LPL,3,https://www.oddsportal.com/esports/league-of-legends/league-of-legends-lpl-2025/results/#/page/3/,18 May 2025 - Summer - Stage 3,2025-05-18,2025,Top Esports,TT Gaming,Top Esports,TT Gaming,2-1,2,1,1.08,9.0,0.892857,0.107143
LPL,3,https://www.oddsportal.com/esports/league-of-legends/league-of-legends-lpl-2025/results/#/page/3/,17 May 2025 - Summer - Stage 3,2025-05-17,2025,JD Gaming,Bilibili Gaming,JD Gaming,Bilibili Gaming,2-0,2,0,2.7,1.5,0.357143,0.642857
LPL,3,https://www.oddsportal.com/esports/league-of-legends/league-of-legends-lpl-2025/results/#/page/3/,17 May 2025 - Summer - Stage 3,2025-05-17,2025,Weibo Gaming,Top Esports,Weibo Gaming,Top Esports,0-2,0,2,4.28,1.3,0.232975,0.767025
LPL,3,https://www.oddsportal.com/esports/league-of-legends/league-of-legends-lpl-2025/results/#/page/3/,16 May 2025 - Summer - Stage 3,2025-05-16,2025,FunPlus Phoenix,JD Gaming,FunPlus Phoenix,JD Gaming,0-2,0,2,4.0,1.32,0.24812,0.75188
LPL,3,https://www.oddsportal.com/esports/league-of-legends/league-of-legends-lpl-2025/results/#/page/3/,15 May 2025 - Summer - Stage 3,2025-05-15,2025,Anyone's Legend,Ninjas in Pyjamas,Anyone's Legend,Ninjas in Pyjamas,2-1,2,1,1.24,4.7,0.791246,0.208754
LPL,3,https://www.oddsportal.com/esports/league-of-legends/league-of-legends-lpl-2025/results/#/page/3/,14 May 2025 - Summer - Stage 3,2025-05-14,2025,Top Esports,Team WE,Top Esports,Team WE,2-0,2,0,1.15,5.0,0.813008,0.186992
LPL,3,https://www.oddsportal.com/esports/league-of-legends/league-of-legends-lpl-2025/results/#/page/3/,14 May 2025 - Summer - Stage 3,2025-05-14,2025,Weibo Gaming,JD Gaming,Weibo Gaming,JD Gaming,0-2,0,2,2.4,1.55,0.392405,0.607595
LPL,3,https://www.oddsportal.com/esports/league-of-legends/league-of-legends-lpl-2025/results/#/page/3/,13 May 2025 - Summer - Stage 3,2025-05-13,2025,JD Gaming,Invictus Gaming,JD Gaming,Invictus Gaming,0-2,0,2,1.55,2.5,0.617284,0.382716
LPL,3,https://www.oddsportal.com/esports/league-of-legends/league-of-legends-lpl-2025/results/#/page/3/,13 May 2025 - Summer - Stage 3,2025-05-13,2025,Bilibili Gaming,Ninjas in Pyjamas,Bilibili Gaming,Ninjas in Pyjamas,2-1,2,1,1.16,5.3,0.820433,0.179567
LPL,3,https://www.oddsportal.com/esports/league-of-legends/league-of-legends-lpl-2025/results/#/page/3/,12 May 2025 - Summer - Stage 3,2025-05-12,2025,Ninjas in Pyjamas,FunPlus Phoenix,Ninjas in Pyjamas,FunPlus Phoenix,2-0,2,0,2.03,1.85,0.476804,0.523196
LPL,3,https://www.oddsportal.com/esports/league-of-legends/league-of-legends-lpl-2025/results/#/page/3/,12 May 2025 - Summer - Stage 3,2025-05-12,2025,TT Gaming,Anyone's Legend,TT Gaming,Anyone's Legend,0-2,0,2,8.0,1.1,0.120879,0.879121
LPL,3,https://www.oddsportal.com/esports/league-of-legends/league-of-legends-lpl-2025/results/#/page/3/,11 May 2025 - Summer - Stage 3,2025-05-11,2025,JD Gaming,Top Esports,JD Gaming,Top Esports,0-2,0,2,2.4,1.62,0.402985,0.597015
LPL,3,https://www.oddsportal.com/esports/league-of-legends/league-of-legends-lpl-2025/results/#/page/3/,11 May 2025 - Summer - Stage 3,2025-05-11,2025,TT Gaming,Weibo Gaming,TT Gaming,Weibo Gaming,2-1,2,1,5.0,1.18,0.190939,0.809061
LPL,4,https://www.oddsportal.com/esports/league-of-legends/league-of-legends-lpl-2025/results/#/page/4/,10 May 2025 - Summer - Stage 3,2025-05-10,2025,Team WE,Bilibili Gaming,Team WE,Bilibili Gaming,0-2,0,2,4.7,1.2,0.20339,0.79661
LPL,4,https://www.oddsportal.com/esports/league-of-legends/league-of-legends-lpl-2025/results/#/page/4/,10 May 2025 - Summer - Stage 3,2025-05-10,2025,Weibo Gaming,Anyone's Legend,Weibo Gaming,Anyone's Legend,0-2,0,2,2.75,1.42,0.340528,0.659472
LPL,4,https://www.oddsportal.com/esports/league-of-legends/league-of-legends-lpl-2025/results/#/page/4/,10 May 2025 - Summer - Stage 3,2025-05-10,2025,Royal Never Give Up,EDward Gaming,Royal Never Give Up,EDward Gaming,1-2,1,2,3.2,1.37,0.299781,0.700219
LPL,4,https://www.oddsportal.com/esports/league-of-legends/league-of-legends-lpl-2025/results/#/page/4/,09 May 2025 - Summer - Stage 3,2025-05-09,2025,FunPlus Phoenix,Anyone's Legend,FunPlus Phoenix,Anyone's Legend,2-1,2,1,5.5,1.17,0.175412,0.824588
LPL,4,https://www.oddsportal.com/esports/league-of-legends/league-of-legends-lpl-2025/results/#/page/4/,08 May 2025 - Summer - Stage 3,2025-05-08,2025,Top Esports,Ninjas in Pyjamas,Top Esports,Ninjas in Pyjamas,2-1,2,1,1.22,4.47,0.785589,0.214411
LPL,4,https://www.oddsportal.com/esports/league-of-legends/league-of-legends-lpl-2025/results/#/page/4/,08 May 2025 - Summer - Stage 3,2025-05-08,2025,TT Gaming,FunPlus Phoenix,TT Gaming,FunPlus Phoenix,0-2,0,2,2.63,1.55,0.370813,0.629187
LPL,4,https://www.oddsportal.com/esports/league-of-legends/league-of-legends-lpl-2025/results/#/page/4/,07 May 2025 - Summer - Stage 3,2025-05-07,2025,Anyone's Legend,Bilibili Gaming,Anyone's Legend,Bilibili Gaming,0-2,0,2,1.67,2.15,0.562827,0.437173
LPL,4,https://www.oddsportal.com/esports/league-of-legends/league-of-legends-lpl-2025/results/#/page/4/,07 May 2025 - Summer - Stage 3,2025-05-07,2025,Ninjas in Pyjamas,Weibo Gaming,Ninjas in Pyjamas,Weibo Gaming,2-0,2,0,3.96,1.32,0.25,0.75
LPL,4,https://www.oddsportal.com/esports/league-of-legends/league-of-legends-lpl-2025/results/#/page/4/,06 May 2025 - Summer - Stage 3,2025-05-06,2025,JD Gaming,Team WE,JD Gaming,Team WE,2-1,2,1,1.42,4.28,0.750877,0.249123
LPL,4,https://www.oddsportal.com/esports/league-of-legends/league-of-legends-lpl-2025/results/#/page/4/,05 May 2025 - Summer - Stage 3,2025-05-05,2025,Bilibili Gaming,TT Gaming,Bilibili Gaming,TT Gaming,2-0,2,0,1.1,7.0,0.864198,0.135802
LPL,4,https://www.oddsportal.com/esports/league-of-legends/league-of-legends-lpl-2025/results/#/page/4/,05 May 2025 - Summer - Stage 3,2025-05-05,2025,FunPlus Phoenix,Team WE,FunPlus Phoenix,Team WE,0-2,0,2,1.9,1.9,0.5,0.5
LPL,4,https://www.oddsportal.com/esports/league-of-legends/league-of-legends-lpl-2025/results/#/page/4/,04 May 2025 - Summer - Stage 3,2025-05-04,2025,Anyone's Legend,Top Esports,Anyone's Legend,Top Esports,2-0,2,0,2.1,1.69,0.44591,0.55409
LPL,4,https://www.oddsportal.com/esports/league-of-legends/league-of-legends-lpl-2025/results/#/page/4/,04 May 2025 - Summer - Stage 3,2025-05-04,2025,Ultra Prime,Oh My God,Ultra Prime,Oh My God,1-2,1,2,1.45,2.63,0.644608,0.355392
LPL,4,https://www.oddsportal.com/esports/league-of-legends/league-of-legends-lpl-2025/results/#/page/4/,03 May 2025 - Summer - Stage 3,2025-05-03,2025,Invictus Gaming,Top Esports,Invictus Gaming,Top Esports,1-2,1,2,2.7,1.45,0.349398,0.650602
LPL,4,https://www.oddsportal.com/esports/league-of-legends/league-of-legends-lpl-2025/results/#/page/4/,03 May 2025 - Summer - Stage 3,2025-05-03,2025,Bilibili Gaming,FunPlus Phoenix,Bilibili Gaming,FunPlus Phoenix,2-1,2,1,1.23,4.0,0.764818,0.235182
LPL,4,https://www.oddsportal.com/esports/league-of-legends/league-of-legends-lpl-2025/results/#/page/4/,02 May 2025 - Summer - Stage 3,2025-05-02,2025,Bilibili Gaming,Weibo Gaming,Bilibili Gaming,Weibo Gaming,2-1,2,1,1.69,2.29,0.575377,0.424623
LPL,4,https://www.oddsportal.com/esports/league-of-legends/league-of-legends-lpl-2025/results/#/page/4/,02 May 2025 - Summer - Stage 3,2025-05-02,2025,Oh My God,Royal Never Give Up,Oh My God,Royal Never Give Up,1-2,1,2,2.09,1.73,0.45288,0.54712
LPL,4,https://www.oddsportal.com/esports/league-of-legends/league-of-legends-lpl-2025/results/#/page/4/,01 May 2025 - Summer - Stage 3,2025-05-01,2025,Anyone's Legend,Invictus Gaming,Anyone's Legend,Invictus Gaming,2-0,2,0,1.5,2.63,0.636804,0.363196
LPL,4,https://www.oddsportal.com/esports/league-of-legends/league-of-legends-lpl-2025/results/#/page/4/,01 May 2025 - Summer - Stage 3,2025-05-01,2025,FunPlus Phoenix,Top Esports,FunPlus Phoenix,Top Esports,0-2,0,2,4.28,1.3,0.232975,0.767025
LPL,4,https://www.oddsportal.com/esports/league-of-legends/league-of-legends-lpl-2025/results/#/page/4/,30 Apr 2025 - Summer - Stage 3,2025-04-30,2025,Weibo Gaming,Invictus Gaming,Weibo Gaming,Invictus Gaming,2-1,2,1,2.0,1.75,0.466667,0.533333
LPL,4,https://www.oddsportal.com/esports/league-of-legends/league-of-legends-lpl-2025/results/#/page/4/,30 Apr 2025 - Summer - Stage 3,2025-04-30,2025,JD Gaming,TT Gaming,JD Gaming,TT Gaming,2-0,2,0,1.2,4.7,0.79661,0.20339
LPL,4,https://www.oddsportal.com/esports/league-of-legends/league-of-legends-lpl-2025/results/#/page/4/,29 Apr 2025 - Summer - Stage 3,2025-04-29,2025,Weibo Gaming,Bilibili Gaming,Weibo Gaming,Bilibili Gaming,2-1,2,1,2.63,1.5,0.363196,0.636804
LPL,4,https://www.oddsportal.com/esports/league-of-legends/league-of-legends-lpl-2025/results/#/page/4/,29 Apr 2025 - Summer - Stage 3,2025-04-29,2025,EDward Gaming,LGD Gaming,EDward Gaming,LGD Gaming,2-1,2,1,1.83,2.03,0.525907,0.474093
LPL,4,https://www.oddsportal.com/esports/league-of-legends/league-of-legends-lpl-2025/results/#/page/4/,28 Apr 2025 - Summer - Stage 3,2025-04-28,2025,FunPlus Phoenix,Bilibili Gaming,FunPlus Phoenix,Bilibili Gaming,2-1,2,1,4.47,1.2,0.21164,0.78836
LPL,4,https://www.oddsportal.com/esports/league-of-legends/league-of-legends-lpl-2025/results/#/page/4/,28 Apr 2025 - Summer - Stage 3,2025-04-28,2025,LNG Esports,Royal Never Give Up,LNG Esports,Royal Never Give Up,2-0,2,0,1.37,3.2,0.700219,0.299781
LPL,4,https://www.oddsportal.com/esports/league-of-legends/league-of-legends-lpl-2025/results/#/page/4/,27 Apr 2025 - Summer - Stage 3,2025-04-27,2025,Top Esports,JD Gaming,Top Esports,JD Gaming,2-1,2,1,1.62,2.36,0.592965,0.407035
LPL,4,https://www.oddsportal.com/esports/league-of-legends/league-of-legends-lpl-2025/results/#/page/4/,27 Apr 2025 - Summer - Stage 3,2025-04-27,2025,Weibo Gaming,Invictus Gaming,Weibo Gaming,Invictus Gaming,2-1,2,1,2.36,1.55,0.396419,0.603581
LPL,4,https://www.oddsportal.com/esports/league-of-legends/league-of-legends-lpl-2025/results/#/page/4/,27 Apr 2025 - Summer - Stage 3,2025-04-27,2025,Ninjas in Pyjamas,Anyone's Legend,Ninjas in Pyjamas,Anyone's Legend,0-2,0,2,4.28,1.25,0.22604,0.77396
LPL,4,https://www.oddsportal.com/esports/league-of-legends/league-of-legends-lpl-2025/results/#/page/4/,26 Apr 2025 - Summer - Stage 3,2025-04-26,2025,JD Gaming,TT Gaming,JD Gaming,TT Gaming,2-1,2,1,1.15,5.5,0.827068,0.172932
LPL,4,https://www.oddsportal.com/esports/league-of-legends/league-of-legends-lpl-2025/results/#/page/4/,26 Apr 2025 - Summer - Stage 3,2025-04-26,2025,EDward Gaming,Ultra Prime,EDward Gaming,Ultra Prime,1-2,1,2,1.4,2.99,0.681093,0.318907
LPL,4,https://www.oddsportal.com/esports/league-of-legends/league-of-legends-lpl-2025/results/#/page/4/,25 Apr 2025 - Summer - Stage 3,2025-04-25,2025,Ninjas in Pyjamas,Bilibili Gaming,Ninjas in Pyjamas,Bilibili Gaming,0-2,0,2,4.4,1.22,0.217082,0.782918
LPL,4,https://www.oddsportal.com/esports/league-of-legends/league-of-legends-lpl-2025/results/#/page/4/,25 Apr 2025 - Summer - Stage 3,2025-04-25,2025,Team WE,FunPlus Phoenix,Team WE,FunPlus Phoenix,2-1,2,1,2.29,1.62,0.414322,0.585678
LPL,4,https://www.oddsportal.com/esports/league-of-legends/league-of-legends-lpl-2025/results/#/page/4/,24 Apr 2025 - Summer - Stage 3,2025-04-24,2025,Anyone's Legend,JD Gaming,Anyone's Legend,JD Gaming,0-2,0,2,1.6,2.4,0.6,0.4
LPL,4,https://www.oddsportal.com/esports/league-of-legends/league-of-legends-lpl-2025/results/#/page/4/,24 Apr 2025 - Summer - Stage 3,2025-04-24,2025,Weibo Gaming,Team WE,Weibo Gaming,Team WE,1-2,1,2,1.25,4.47,0.781469,0.218531
LPL,4,https://www.oddsportal.com/esports/league-of-legends/league-of-legends-lpl-2025/results/#/page/4/,23 Apr 2025 - Summer - Stage 3,2025-04-23,2025,Ninjas in Pyjamas,Top Esports,Ninjas in Pyjamas,Top Esports,1-2,1,2,4.2,1.23,0.226519,0.773481
LPL,4,https://www.oddsportal.com/esports/league-of-legends/league-of-legends-lpl-2025/results/#/page/4/,23 Apr 2025 - Summer - Stage 3,2025-04-23,2025,Oh My God,LNG Esports,Oh My God,LNG Esports,0-2,0,2,2.7,1.55,0.364706,0.635294
LPL,4,https://www.oddsportal.com/esports/league-of-legends/league-of-legends-lpl-2025/results/#/page/4/,22 Apr 2025 - Summer - Stage 3,2025-04-22,2025,Royal Never Give Up,LGD Gaming,Royal Never Give Up,LGD Gaming,0-2,0,2,2.35,1.62,0.40806,0.59194
LPL,4,https://www.oddsportal.com/esports/league-of-legends/league-of-legends-lpl-2025/results/#/page/4/,21 Apr 2025 - Summer - Stage 3,2025-04-21,2025,JD Gaming,Weibo Gaming,JD Gaming,Weibo Gaming,1-2,1,2,1.44,3.01,0.676404,0.323596
LPL,4,https://www.oddsportal.com/esports/league-of-legends/league-of-legends-lpl-2025/results/#/page/4/,20 Apr 2025 - Summer - Stage 3,2025-04-20,2025,FunPlus Phoenix,Ninjas in Pyjamas,FunPlus Phoenix,Ninjas in Pyjamas,2-0,2,0,2.7,1.58,0.369159,0.630841
LPL,4,https://www.oddsportal.com/esports/league-of-legends/league-of-legends-lpl-2025/results/#/page/4/,20 Apr 2025 - Summer - Stage 3,2025-04-20,2025,Bilibili Gaming,Top Esports,Bilibili Gaming,Top Esports,1-2,1,2,1.73,2.03,0.539894,0.460106
LPL,4,https://www.oddsportal.com/esports/league-of-legends/league-of-legends-lpl-2025/results/#/page/4/,20 Apr 2025 - Summer - Stage 3,2025-04-20,2025,LNG Esports,Ultra Prime,LNG Esports,Ultra Prime,2-0,2,0,2.36,1.55,0.396419,0.603581
LPL,4,https://www.oddsportal.com/esports/league-of-legends/league-of-legends-lpl-2025/results/#/page/4/,19 Apr 2025 - Summer - Stage 3,2025-04-19,2025,Team WE,Anyone's Legend,Team WE,Anyone's Legend,1-2,1,2,7.0,1.1,0.135802,0.864198
LPL,4,https://www.oddsportal.com/esports/league-of-legends/league-of-legends-lpl-2025/results/#/page/4/,19 Apr 2025 - Summer - Stage 3,2025-04-19,2025,Oh My God,EDward Gaming,Oh My God,EDward Gaming,0-2,0,2,2.63,1.55,0.370813,0.629187
LPL,4,https://www.oddsportal.com/esports/league-of-legends/league-of-legends-lpl-2025/results/#/page/4/,18 Apr 2025 - Summer - Stage 3,2025-04-18,2025,Invictus Gaming,JD Gaming,Invictus Gaming,JD Gaming,2-1,2,1,2.41,1.58,0.39599,0.60401
LPL,5,https://www.oddsportal.com/esports/league-of-legends/league-of-legends-lpl-2025/results/#/page/5/,17 Apr 2025 - Summer - Stage 3,2025-04-17,2025,Weibo Gaming,Ninjas in Pyjamas,Weibo Gaming,Ninjas in Pyjamas,2-1,2,1,1.8,2.03,0.530026,0.469974
LPL,5,https://www.oddsportal.com/esports/league-of-legends/league-of-legends-lpl-2025/results/#/page/5/,17 Apr 2025 - Summer - Stage 3,2025-04-17,2025,Bilibili Gaming,Team WE,Bilibili Gaming,Team WE,2-1,2,1,1.04,9.0,0.896414,0.103586
LPL,5,https://www.oddsportal.com/esports/league-of-legends/league-of-legends-lpl-2025/results/#/page/5/,16 Apr 2025 - Summer - Stage 3,2025-04-16,2025,Team WE,Top Esports,Team WE,Top Esports,1-2,1,2,8.5,1.06,0.110879,0.889121
LPL,5,https://www.oddsportal.com/esports/league-of-legends/league-of-legends-lpl-2025/results/#/page/5/,16 Apr 2025 - Summer - Stage 3,2025-04-16,2025,LGD Gaming,LNG Esports,LGD Gaming,LNG Esports,2-0,2,0,1.65,2.24,0.575835,0.424165
LPL,5,https://www.oddsportal.com/esports/league-of-legends/league-of-legends-lpl-2025/results/#/page/5/,15 Apr 2025 - Summer - Stage 3,2025-04-15,2025,Anyone's Legend,TT Gaming,Anyone's Legend,TT Gaming,2-0,2,0,1.11,7.0,0.863132,0.136868
LPL,5,https://www.oddsportal.com/esports/league-of-legends/league-of-legends-lpl-2025/results/#/page/5/,14 Apr 2025 - Summer - Stage 3,2025-04-14,2025,JD Gaming,FunPlus Phoenix,JD Gaming,FunPlus Phoenix,1-2,1,2,1.1,6.5,0.855263,0.144737
LPL,5,https://www.oddsportal.com/esports/league-of-legends/league-of-legends-lpl-2025/results/#/page/5/,14 Apr 2025 - Summer - Stage 3,2025-04-14,2025,Royal Never Give Up,Ultra Prime,Royal Never Give Up,Ultra Prime,1-2,1,2,2.11,1.75,0.453368,0.546632
LPL,5,https://www.oddsportal.com/esports/league-of-legends/league-of-legends-lpl-2025/results/#/page/5/,13 Apr 2025 - Summer - Stage 3,2025-04-13,2025,Anyone's Legend,Weibo Gaming,Anyone's Legend,Weibo Gaming,2-0,2,0,1.55,2.5,0.617284,0.382716
LPL,5,https://www.oddsportal.com/esports/league-of-legends/league-of-legends-lpl-2025/results/#/page/5/,13 Apr 2025 - Summer - Stage 3,2025-04-13,2025,TT Gaming,Top Esports,TT Gaming,Top Esports,0-2,0,2,5.5,1.15,0.172932,0.827068
LPL,5,https://www.oddsportal.com/esports/league-of-legends/league-of-legends-lpl-2025/results/#/page/5/,12 Apr 2025 - Summer - Stage 3,2025-04-12,2025,Bilibili Gaming,JD Gaming,Bilibili Gaming,JD Gaming,0-2,0,2,1.41,3.1,0.687361,0.312639
LPL,5,https://www.oddsportal.com/esports/league-of-legends/league-of-legends-lpl-2025/results/#/page/5/,12 Apr 2025 - Summer - Stage 3,2025-04-12,2025,FunPlus Phoenix,Weibo Gaming,FunPlus Phoenix,Weibo Gaming,2-0,2,0,5.8,1.14,0.164265,0.835735
LPL,5,https://www.oddsportal.com/esports/league-of-legends/league-of-legends-lpl-2025/results/#/page/5/,11 Apr 2025 - Summer - Stage 3,2025-04-11,2025,Invictus Gaming,Top Esports,Invictus Gaming,Top Esports,2-1,2,1,3.0,1.35,0.310345,0.689655
LPL,5,https://www.oddsportal.com/esports/league-of-legends/league-of-legends-lpl-2025/results/#/page/5/,11 Apr 2025 - Summer - Stage 3,2025-04-11,2025,Anyone's Legend,FunPlus Phoenix,Anyone's Legend,FunPlus Phoenix,2-1,2,1,1.06,8.5,0.889121,0.110879
LPL,5,https://www.oddsportal.com/esports/league-of-legends/league-of-legends-lpl-2025/results/#/page/5/,10 Apr 2025 - Summer - Stage 3,2025-04-10,2025,Bilibili Gaming,Anyone's Legend,Bilibili Gaming,Anyone's Legend,1-2,1,2,1.41,2.8,0.665083,0.334917
LPL,5,https://www.oddsportal.com/esports/league-of-legends/league-of-legends-lpl-2025/results/#/page/5/,10 Apr 2025 - Summer - Stage 3,2025-04-10,2025,Weibo Gaming,TT Gaming,Weibo Gaming,TT Gaming,2-0,2,0,1.25,4.0,0.761905,0.238095
LPL,5,https://www.oddsportal.com/esports/league-of-legends/league-of-legends-lpl-2025/results/#/page/5/,09 Apr 2025 - Summer - Stage 3,2025-04-09,2025,Team WE,JD Gaming,Team WE,JD Gaming,0-2,0,2,8.0,1.1,0.120879,0.879121
LPL,5,https://www.oddsportal.com/esports/league-of-legends/league-of-legends-lpl-2025/results/#/page/5/,09 Apr 2025 - Summer - Stage 3,2025-04-09,2025,LGD Gaming,Oh My God,LGD Gaming,Oh My God,2-1,2,1,1.82,2.03,0.527273,0.472727
LPL,5,https://www.oddsportal.com/esports/league-of-legends/league-of-legends-lpl-2025/results/#/page/5/,08 Apr 2025 - Summer - Stage 3,2025-04-08,2025,Invictus Gaming,Anyone's Legend,Invictus Gaming,Anyone's Legend,0-2,0,2,1.98,1.85,0.483029,0.516971
LPL,5,https://www.oddsportal.com/esports/league-of-legends/league-of-legends-lpl-2025/results/#/page/5/,08 Apr 2025 - Summer - Stage 3,2025-04-08,2025,Top Esports,FunPlus Phoenix,Top Esports,FunPlus Phoenix,2-0,2,0,1.06,9.0,0.894632,0.105368
LPL,5,https://www.oddsportal.com/esports/league-of-legends/league-of-legends-lpl-2025/results/#/page/5/,07 Apr 2025 - Summer - Stage 3,2025-04-07,2025,Top Esports,Weibo Gaming,Top Esports,Weibo Gaming,2-1,2,1,1.42,2.7,0.65534,0.34466
LPL,5,https://www.oddsportal.com/esports/league-of-legends/league-of-legends-lpl-2025/results/#/page/5/,07 Apr 2025 - Summer - Stage 3,2025-04-07,2025,LNG Esports,EDward Gaming,LNG Esports,EDward Gaming,1-2,1,2,2.7,1.53,0.361702,0.638298
LPL,5,https://www.oddsportal.com/esports/league-of-legends/league-of-legends-lpl-2025/results/#/page/5/,06 Apr 2025 - Summer - Stage 3,2025-04-06,2025,Bilibili Gaming,Invictus Gaming,Bilibili Gaming,Invictus Gaming,2-0,2,0,1.45,3.0,0.674157,0.325843
LPL,5,https://www.oddsportal.com/esports/league-of-legends/league-of-legends-lpl-2025/results/#/page/5/,06 Apr 2025 - Summer - Stage 3,2025-04-06,2025,FunPlus Phoenix,TT Gaming,FunPlus Phoenix,TT Gaming,1-2,1,2,2.75,1.48,0.349882,0.650118
LPL,5,https://www.oddsportal.com/esports/league-of-legends/league-of-legends-lpl-2025/results/#/page/5/,06 Apr 2025 - Summer - Stage 3,2025-04-06,2025,JD Gaming,Ninjas in Pyjamas,JD Gaming,Ninjas in Pyjamas,2-0,2,0,1.41,2.8,0.665083,0.334917
LPL,5,https://www.oddsportal.com/esports/league-of-legends/league-of-legends-lpl-2025/results/#/page/5/,05 Apr 2025 - Summer - Stage 3,2025-04-05,2025,Top Esports,Anyone's Legend,Top Esports,Anyone's Legend,2-1,2,1,1.55,2.35,0.602564,0.397436
LPL,5,https://www.oddsportal.com/esports/league-of-legends/league-of-legends-lpl-2025/results/#/page/5/,05 Apr 2025 - Summer - Stage 3,2025-04-05,2025,Invictus Gaming,FunPlus Phoenix,Invictus Gaming,FunPlus Phoenix,2-1,2,1,1.08,8.0,0.881057,0.118943
LPL,5,https://www.oddsportal.com/esports/league-of-legends/league-of-legends-lpl-2025/results/#/page/5/,30 Mar 2025 - Summer - Stage 2,2025-03-30,2025,FunPlus Phoenix,Ultra Prime,FunPlus Phoenix,Ultra Prime,2-1,2,1,1.75,1.98,0.530831,0.469169
LPL,5,https://www.oddsportal.com/esports/league-of-legends/league-of-legends-lpl-2025/results/#/page/5/,30 Mar 2025 - Summer - Stage 2,2025-03-30,2025,FunPlus Phoenix,LGD Gaming,FunPlus Phoenix,LGD Gaming,1-0,1,0,2.25,1.6,0.415584,0.584416
LPL,5,https://www.oddsportal.com/esports/league-of-legends/league-of-legends-lpl-2025/results/#/page/5/,29 Mar 2025 - Summer - Stage 1,2025-03-29,2025,Ninjas in Pyjamas,FunPlus Phoenix,Ninjas in Pyjamas,FunPlus Phoenix,0-1,0,1,1.23,4.0,0.764818,0.235182
LPL,5,https://www.oddsportal.com/esports/league-of-legends/league-of-legends-lpl-2025/results/#/page/5/,29 Mar 2025 - Summer - Stage 1,2025-03-29,2025,Top Esports,Oh My God,Top Esports,Oh My God,1-0,1,0,1.1,6.5,0.855263,0.144737
LPL,5,https://www.oddsportal.com/esports/league-of-legends/league-of-legends-lpl-2025/results/#/page/5/,29 Mar 2025 - Summer - Stage 1,2025-03-29,2025,Oh My God,FunPlus Phoenix,Oh My God,FunPlus Phoenix,1-0,1,0,2.19,1.8,0.451128,0.548872
LPL,5,https://www.oddsportal.com/esports/league-of-legends/league-of-legends-lpl-2025/results/#/page/5/,29 Mar 2025 - Summer - Stage 1,2025-03-29,2025,Top Esports,Ninjas in Pyjamas,Top Esports,Ninjas in Pyjamas,1-0,1,0,1.5,2.7,0.642857,0.357143
LPL,5,https://www.oddsportal.com/esports/league-of-legends/league-of-legends-lpl-2025/results/#/page/5/,29 Mar 2025 - Summer - Stage 1,2025-03-29,2025,Top Esports,FunPlus Phoenix,Top Esports,FunPlus Phoenix,1-0,1,0,1.11,6.0,0.843882,0.156118
LPL,5,https://www.oddsportal.com/esports/league-of-legends/league-of-legends-lpl-2025/results/#/page/5/,29 Mar 2025 - Summer - Stage 1,2025-03-29,2025,Oh My God,Ninjas in Pyjamas,Oh My God,Ninjas in Pyjamas,0-1,0,1,5.0,1.2,0.193548,0.806452
LPL,5,https://www.oddsportal.com/esports/league-of-legends/league-of-legends-lpl-2025/results/#/page/5/,28 Mar 2025 - Summer - Stage 1,2025-03-28,2025,Royal Never Give Up,Anyone's Legend,Royal Never Give Up,Anyone's Legend,0-1,0,1,6.0,1.2,0.166667,0.833333
LPL,5,https://www.oddsportal.com/esports/league-of-legends/league-of-legends-lpl-2025/results/#/page/5/,28 Mar 2025 - Summer - Stage 1,2025-03-28,2025,Ultra Prime,Royal Never Give Up,Ultra Prime,Royal Never Give Up,0-1,0,1,1.85,1.92,0.509284,0.490716
LPL,5,https://www.oddsportal.com/esports/league-of-legends/league-of-legends-lpl-2025/results/#/page/5/,28 Mar 2025 - Summer - Stage 1,2025-03-28,2025,TT Gaming,Anyone's Legend,TT Gaming,Anyone's Legend,0-1,0,1,3.4,1.35,0.284211,0.715789
LPL,5,https://www.oddsportal.com/esports/league-of-legends/league-of-legends-lpl-2025/results/#/page/5/,28 Mar 2025 - Summer - Stage 1,2025-03-28,2025,Ultra Prime,Anyone's Legend,Ultra Prime,Anyone's Legend,0-1,0,1,4.7,1.18,0.20068,0.79932
LPL,5,https://www.oddsportal.com/esports/league-of-legends/league-of-legends-lpl-2025/results/#/page/5/,28 Mar 2025 - Summer - Stage 1,2025-03-28,2025,TT Gaming,Royal Never Give Up,TT Gaming,Royal Never Give Up,1-0,1,0,1.44,2.75,0.656325,0.343675
LPL,5,https://www.oddsportal.com/esports/league-of-legends/league-of-legends-lpl-2025/results/#/page/5/,27 Mar 2025 - Summer - Stage 1,2025-03-27,2025,LNG Esports,Invictus Gaming,LNG Esports,Invictus Gaming,0-1,0,1,5.0,1.18,0.190939,0.809061
LPL,5,https://www.oddsportal.com/esports/league-of-legends/league-of-legends-lpl-2025/results/#/page/5/,27 Mar 2025 - Summer - Stage 1,2025-03-27,2025,LGD Gaming,JD Gaming,LGD Gaming,JD Gaming,0-1,0,1,3.96,1.25,0.239923,0.760077
LPL,5,https://www.oddsportal.com/esports/league-of-legends/league-of-legends-lpl-2025/results/#/page/5/,27 Mar 2025 - Summer - Stage 1,2025-03-27,2025,LNG Esports,LGD Gaming,LNG Esports,LGD Gaming,0-1,0,1,1.9,1.9,0.5,0.5
LPL,5,https://www.oddsportal.com/esports/league-of-legends/league-of-legends-lpl-2025/results/#/page/5/,27 Mar 2025 - Summer - Stage 1,2025-03-27,2025,JD Gaming,Invictus Gaming,JD Gaming,Invictus Gaming,0-1,0,1,2.03,1.93,0.487374,0.512626
LPL,6,https://www.oddsportal.com/esports/league-of-legends/league-of-legends-lpl-2025/results/#/page/6/,27 Mar 2025 - Summer - Stage 1,2025-03-27,2025,LNG Esports,JD Gaming,LNG Esports,JD Gaming,0-1,0,1,4.47,1.2,0.21164,0.78836
LPL,6,https://www.oddsportal.com/esports/league-of-legends/league-of-legends-lpl-2025/results/#/page/6/,26 Mar 2025 - Summer - Stage 1,2025-03-26,2025,Weibo Gaming,Team WE,Weibo Gaming,Team WE,1-0,1,0,1.2,5.5,0.820896,0.179104
LPL,6,https://www.oddsportal.com/esports/league-of-legends/league-of-legends-lpl-2025/results/#/page/6/,26 Mar 2025 - Summer - Stage 1,2025-03-26,2025,EDward Gaming,Bilibili Gaming,EDward Gaming,Bilibili Gaming,0-1,0,1,4.8,1.25,0.206612,0.793388
LPL,6,https://www.oddsportal.com/esports/league-of-legends/league-of-legends-lpl-2025/results/#/page/6/,26 Mar 2025 - Summer - Stage 1,2025-03-26,2025,Team WE,EDward Gaming,Team WE,EDward Gaming,1-0,1,0,3.2,1.38,0.30131,0.69869
LPL,6,https://www.oddsportal.com/esports/league-of-legends/league-of-legends-lpl-2025/results/#/page/6/,26 Mar 2025 - Summer - Stage 1,2025-03-26,2025,Weibo Gaming,Bilibili Gaming,Weibo Gaming,Bilibili Gaming,1-0,1,0,2.99,1.4,0.318907,0.681093
LPL,6,https://www.oddsportal.com/esports/league-of-legends/league-of-legends-lpl-2025/results/#/page/6/,26 Mar 2025 - Summer - Stage 1,2025-03-26,2025,Team WE,Bilibili Gaming,Team WE,Bilibili Gaming,0-1,0,1,6.3,1.11,0.149798,0.850202
LPL,6,https://www.oddsportal.com/esports/league-of-legends/league-of-legends-lpl-2025/results/#/page/6/,26 Mar 2025 - Summer - Stage 1,2025-03-26,2025,Weibo Gaming,EDward Gaming,Weibo Gaming,EDward Gaming,1-0,1,0,1.35,3.93,0.744318,0.255682
LPL,6,https://www.oddsportal.com/esports/league-of-legends/league-of-legends-lpl-2025/results/#/page/6/,25 Mar 2025 - Summer - Stage 1,2025-03-25,2025,Top Esports,Oh My God,Top Esports,Oh My God,1-0,1,0,1.2,5.3,0.815385,0.184615
LPL,6,https://www.oddsportal.com/esports/league-of-legends/league-of-legends-lpl-2025/results/#/page/6/,25 Mar 2025 - Summer - Stage 1,2025-03-25,2025,Ninjas in Pyjamas,FunPlus Phoenix,Ninjas in Pyjamas,FunPlus Phoenix,1-0,1,0,1.25,4.06,0.764595,0.235405
LPL,6,https://www.oddsportal.com/esports/league-of-legends/league-of-legends-lpl-2025/results/#/page/6/,25 Mar 2025 - Summer - Stage 1,2025-03-25,2025,Top Esports,Ninjas in Pyjamas,Top Esports,Ninjas in Pyjamas,1-0,1,0,1.6,2.29,0.588689,0.411311
LPL,6,https://www.oddsportal.com/esports/league-of-legends/league-of-legends-lpl-2025/results/#/page/6/,25 Mar 2025 - Summer - Stage 1,2025-03-25,2025,Oh My God,FunPlus Phoenix,Oh My God,FunPlus Phoenix,0-1,0,1,1.6,2.5,0.609756,0.390244
LPL,6,https://www.oddsportal.com/esports/league-of-legends/league-of-legends-lpl-2025/results/#/page/6/,25 Mar 2025 - Summer - Stage 1,2025-03-25,2025,Top Esports,FunPlus Phoenix,Top Esports,FunPlus Phoenix,1-0,1,0,1.15,5.5,0.827068,0.172932
LPL,6,https://www.oddsportal.com/esports/league-of-legends/league-of-legends-lpl-2025/results/#/page/6/,25 Mar 2025 - Summer - Stage 1,2025-03-25,2025,Oh My God,Ninjas in Pyjamas,Oh My God,Ninjas in Pyjamas,0-1,0,1,4.0,1.35,0.252336,0.747664
LPL,6,https://www.oddsportal.com/esports/league-of-legends/league-of-legends-lpl-2025/results/#/page/6/,24 Mar 2025 - Summer - Stage 1,2025-03-24,2025,Royal Never Give Up,Anyone's Legend,Royal Never Give Up,Anyone's Legend,1-0,1,0,5.8,1.2,0.171429,0.828571
LPL,6,https://www.oddsportal.com/esports/league-of-legends/league-of-legends-lpl-2025/results/#/page/6/,24 Mar 2025 - Summer - Stage 1,2025-03-24,2025,TT Gaming,Anyone's Legend,TT Gaming,Anyone's Legend,0-1,0,1,2.7,1.5,0.357143,0.642857
LPL,6,https://www.oddsportal.com/esports/league-of-legends/league-of-legends-lpl-2025/results/#/page/6/,24 Mar 2025 - Summer - Stage 1,2025-03-24,2025,Ultra Prime,Royal Never Give Up,Ultra Prime,Royal Never Give Up,1-0,1,0,2.41,1.57,0.394472,0.605528
LPL,6,https://www.oddsportal.com/esports/league-of-legends/league-of-legends-lpl-2025/results/#/page/6/,24 Mar 2025 - Summer - Stage 1,2025-03-24,2025,Ultra Prime,Anyone's Legend,Ultra Prime,Anyone's Legend,0-1,0,1,6.5,1.14,0.149215,0.850785
LPL,6,https://www.oddsportal.com/esports/league-of-legends/league-of-legends-lpl-2025/results/#/page/6/,24 Mar 2025 - Summer - Stage 1,2025-03-24,2025,TT Gaming,Royal Never Give Up,TT Gaming,Royal Never Give Up,1-0,1,0,1.35,3.96,0.745763,0.254237
LPL,6,https://www.oddsportal.com/esports/league-of-legends/league-of-legends-lpl-2025/results/#/page/6/,23 Mar 2025 - Summer - Stage 1,2025-03-23,2025,LGD Gaming,JD Gaming,LGD Gaming,JD Gaming,0-1,0,1,4.7,1.26,0.211409,0.788591
LPL,6,https://www.oddsportal.com/esports/league-of-legends/league-of-legends-lpl-2025/results/#/page/6/,23 Mar 2025 - Summer - Stage 1,2025-03-23,2025,LNG Esports,Invictus Gaming,LNG Esports,Invictus Gaming,0-1,0,1,3.6,1.45,0.287129,0.712871
LPL,6,https://www.oddsportal.com/esports/league-of-legends/league-of-legends-lpl-2025/results/#/page/6/,23 Mar 2025 - Summer - Stage 1,2025-03-23,2025,JD Gaming,Invictus Gaming,JD Gaming,Invictus Gaming,0-1,0,1,1.58,2.41,0.60401,0.39599
LPL,6,https://www.oddsportal.com/esports/league-of-legends/league-of-legends-lpl-2025/results/#/page/6/,23 Mar 2025 - Summer - Stage 1,2025-03-23,2025,LNG Esports,LGD Gaming,LNG Esports,LGD Gaming,0-1,0,1,1.65,2.41,0.593596,0.406404
LPL,6,https://www.oddsportal.com/esports/league-of-legends/league-of-legends-lpl-2025/results/#/page/6/,23 Mar 2025 - Summer - Stage 1,2025-03-23,2025,LNG Esports,JD Gaming,LNG Esports,JD Gaming,0-1,0,1,3.96,1.26,0.241379,0.758621
LPL,6,https://www.oddsportal.com/esports/league-of-legends/league-of-legends-lpl-2025/results/#/page/6/,22 Mar 2025 - Summer - Stage 1,2025-03-22,2025,EDward Gaming,Bilibili Gaming,EDward Gaming,Bilibili Gaming,0-1,0,1,4.81,1.22,0.202322,0.797678
LPL,6,https://www.oddsportal.com/esports/league-of-legends/league-of-legends-lpl-2025/results/#/page/6/,22 Mar 2025 - Summer - Stage 1,2025-03-22,2025,Weibo Gaming,Team WE,Weibo Gaming,Team WE,1-0,1,0,1.2,4.8,0.8,0.2
LPL,6,https://www.oddsportal.com/esports/league-of-legends/league-of-legends-lpl-2025/results/#/page/6/,22 Mar 2025 - Summer - Stage 1,2025-03-22,2025,Weibo Gaming,Bilibili Gaming,Weibo Gaming,Bilibili Gaming,0-1,0,1,2.8,1.44,0.339623,0.660377
LPL,6,https://www.oddsportal.com/esports/league-of-legends/league-of-legends-lpl-2025/results/#/page/6/,22 Mar 2025 - Summer - Stage 1,2025-03-22,2025,Team WE,EDward Gaming,Team WE,EDward Gaming,0-1,0,1,3.38,1.38,0.289916,0.710084
LPL,6,https://www.oddsportal.com/esports/league-of-legends/league-of-legends-lpl-2025/results/#/page/6/,22 Mar 2025 - Summer - Stage 1,2025-03-22,2025,Team WE,Bilibili Gaming,Team WE,Bilibili Gaming,0-1,0,1,6.3,1.13,0.152086,0.847914
LPL,6,https://www.oddsportal.com/esports/league-of-legends/league-of-legends-lpl-2025/results/#/page/6/,22 Mar 2025 - Summer - Stage 1,2025-03-22,2025,Weibo Gaming,EDward Gaming,Weibo Gaming,EDward Gaming,1-0,1,0,1.41,3.2,0.694143,0.305857
LPL,6,https://www.oddsportal.com/esports/league-of-legends/league-of-legends-lpl-2025/results/#/page/6/,01 Mar 2025 - Spring - Play Offs,2025-03-01,2025,Anyone's Legend,Top Esports,Anyone's Legend,Top Esports,1-3,1,3,2.2,1.73,0.440204,0.559796
LPL,6,https://www.oddsportal.com/esports/league-of-legends/league-of-legends-lpl-2025/results/#/page/6/,27 Feb 2025 - Spring - Play Offs,2025-02-27,2025,JD Gaming,Top Esports,JD Gaming,Top Esports,1-3,1,3,2.25,1.64,0.421594,0.578406
LPL,6,https://www.oddsportal.com/esports/league-of-legends/league-of-legends-lpl-2025/results/#/page/6/,26 Feb 2025 - Spring - Play Offs,2025-02-26,2025,Bilibili Gaming,Top Esports,Bilibili Gaming,Top Esports,1-3,1,3,1.4,3.23,0.697624,0.302376
LPL,6,https://www.oddsportal.com/esports/league-of-legends/league-of-legends-lpl-2025/results/#/page/6/,25 Feb 2025 - Spring - Play Offs,2025-02-25,2025,JD Gaming,Anyone's Legend,JD Gaming,Anyone's Legend,2-3,2,3,1.76,2.15,0.549872,0.450128
LPL,6,https://www.oddsportal.com/esports/league-of-legends/league-of-legends-lpl-2025/results/#/page/6/,24 Feb 2025 - Spring - Play Offs,2025-02-24,2025,Ninjas in Pyjamas,Top Esports,Ninjas in Pyjamas,Top Esports,1-3,1,3,2.8,1.45,0.341176,0.658824
LPL,6,https://www.oddsportal.com/esports/league-of-legends/league-of-legends-lpl-2025/results/#/page/6/,24 Feb 2025 - Spring - Play Offs,2025-02-24,2025,TT Gaming,Bilibili Gaming,TT Gaming,Bilibili Gaming,1-3,1,3,5.99,1.15,0.161064,0.838936
LPL,6,https://www.oddsportal.com/esports/league-of-legends/league-of-legends-lpl-2025/results/#/page/6/,23 Feb 2025 - Spring - Play Offs,2025-02-23,2025,Top Esports,Invictus Gaming,Top Esports,Invictus Gaming,3-1,3,1,1.55,2.36,0.603581,0.396419
LPL,6,https://www.oddsportal.com/esports/league-of-legends/league-of-legends-lpl-2025/results/#/page/6/,23 Feb 2025 - Spring - Play Offs,2025-02-23,2025,Bilibili Gaming,Weibo Gaming,Bilibili Gaming,Weibo Gaming,3-1,3,1,1.28,3.72,0.744,0.256
LPL,6,https://www.oddsportal.com/esports/league-of-legends/league-of-legends-lpl-2025/results/#/page/6/,22 Feb 2025 - Spring - Play Offs,2025-02-22,2025,Ninjas in Pyjamas,Anyone's Legend,Ninjas in Pyjamas,Anyone's Legend,2-3,2,3,2.36,1.65,0.411471,0.588529
LPL,6,https://www.oddsportal.com/esports/league-of-legends/league-of-legends-lpl-2025/results/#/page/6/,22 Feb 2025 - Spring - Play Offs,2025-02-22,2025,TT Gaming,JD Gaming,TT Gaming,JD Gaming,1-3,1,3,2.6,1.48,0.362745,0.637255
LPL,6,https://www.oddsportal.com/esports/league-of-legends/league-of-legends-lpl-2025/results/#/page/6/,16 Feb 2025 - Spring Season,2025-02-16,2025,Top Esports,LGD Gaming,Top Esports,LGD Gaming,3-0,3,0,1.06,8.5,0.889121,0.110879
LPL,6,https://www.oddsportal.com/esports/league-of-legends/league-of-legends-lpl-2025/results/#/page/6/,15 Feb 2025 - Spring Season,2025-02-15,2025,Invictus Gaming,FunPlus Phoenix,Invictus Gaming,FunPlus Phoenix,3-0,3,0,1.13,7.0,0.861009,0.138991
LPL,6,https://www.oddsportal.com/esports/league-of-legends/league-of-legends-lpl-2025/results/#/page/6/,14 Feb 2025 - Spring Season,2025-02-14,2025,TT Gaming,Bilibili Gaming,TT Gaming,Bilibili Gaming,3-2,3,2,8.5,1.06,0.110879,0.889121
LPL,6,https://www.oddsportal.com/esports/league-of-legends/league-of-legends-lpl-2025/results/#/page/6/,13 Feb 2025 - Spring Season,2025-02-13,2025,Royal Never Give Up,Ninjas in Pyjamas,Royal Never Give Up,Ninjas in Pyjamas,0-3,0,3,5.5,1.14,0.171687,0.828313
LPL,6,https://www.oddsportal.com/esports/league-of-legends/league-of-legends-lpl-2025/results/#/page/6/,12 Feb 2025 - Spring Season,2025-02-12,2025,Ultra Prime,Oh My God,Ultra Prime,Oh My God,2-3,2,3,2.83,1.5,0.34642,0.65358
LPL,6,https://www.oddsportal.com/esports/league-of-legends/league-of-legends-lpl-2025/results/#/page/6/,11 Feb 2025 - Spring Season,2025-02-11,2025,LNG Esports,EDward Gaming,LNG Esports,EDward Gaming,0-3,0,3,1.41,2.75,0.661058,0.338942
LPL,6,https://www.oddsportal.com/esports/league-of-legends/league-of-legends-lpl-2025/results/#/page/6/,10 Feb 2025 - Spring Season,2025-02-10,2025,Team WE,Anyone's Legend,Team WE,Anyone's Legend,1-3,1,3,15.0,1.02,0.06367,0.93633
LPL,6,https://www.oddsportal.com/esports/league-of-legends/league-of-legends-lpl-2025/results/#/page/6/,09 Feb 2025 - Spring Season,2025-02-09,2025,Weibo Gaming,JD Gaming,Weibo Gaming,JD Gaming,2-3,2,3,2.03,1.79,0.468586,0.531414
LPL,7,https://www.oddsportal.com/esports/league-of-legends/league-of-legends-lpl-2025/results/#/page/7/,08 Feb 2025 - Spring Season,2025-02-08,2025,Ninjas in Pyjamas,FunPlus Phoenix,Ninjas in Pyjamas,FunPlus Phoenix,3-0,3,0,1.13,6.3,0.847914,0.152086
LPL,7,https://www.oddsportal.com/esports/league-of-legends/league-of-legends-lpl-2025/results/#/page/7/,25 Jan 2025 - Spring Season,2025-01-25,2025,Royal Never Give Up,Invictus Gaming,Royal Never Give Up,Invictus Gaming,1-3,1,3,5.5,1.17,0.175412,0.824588
LPL,7,https://www.oddsportal.com/esports/league-of-legends/league-of-legends-lpl-2025/results/#/page/7/,24 Jan 2025 - Spring Season,2025-01-24,2025,LNG Esports,Bilibili Gaming,LNG Esports,Bilibili Gaming,0-3,0,3,8.5,1.05,0.109948,0.890052
LPL,7,https://www.oddsportal.com/esports/league-of-legends/league-of-legends-lpl-2025/results/#/page/7/,24 Jan 2025 - Spring Season,2025-01-24,2025,Top Esports,Anyone's Legend,Top Esports,Anyone's Legend,1-3,1,3,1.57,2.36,0.600509,0.399491
LPL,7,https://www.oddsportal.com/esports/league-of-legends/league-of-legends-lpl-2025/results/#/page/7/,23 Jan 2025 - Spring Season,2025-01-23,2025,Oh My God,JD Gaming,Oh My God,JD Gaming,2-3,2,3,10.5,1.03,0.089332,0.910668
LPL,7,https://www.oddsportal.com/esports/league-of-legends/league-of-legends-lpl-2025/results/#/page/7/,21 Jan 2025 - Spring Season,2025-01-21,2025,TT Gaming,EDward Gaming,TT Gaming,EDward Gaming,3-1,3,1,1.5,2.75,0.647059,0.352941
LPL,7,https://www.oddsportal.com/esports/league-of-legends/league-of-legends-lpl-2025/results/#/page/7/,20 Jan 2025 - Spring Season,2025-01-20,2025,Ultra Prime,JD Gaming,Ultra Prime,JD Gaming,0-3,0,3,12.0,1.02,0.078341,0.921659
LPL,7,https://www.oddsportal.com/esports/league-of-legends/league-of-legends-lpl-2025/results/#/page/7/,18 Jan 2025 - Spring Season,2025-01-18,2025,Top Esports,Team WE,Top Esports,Team WE,3-0,3,0,1.02,11.0,0.915141,0.084859
LPL,7,https://www.oddsportal.com/esports/league-of-legends/league-of-legends-lpl-2025/results/#/page/7/,17 Jan 2025 - Spring Season,2025-01-17,2025,EDward Gaming,Bilibili Gaming,EDward Gaming,Bilibili Gaming,0-3,0,3,10.5,1.03,0.089332,0.910668
LPL,7,https://www.oddsportal.com/esports/league-of-legends/league-of-legends-lpl-2025/results/#/page/7/,16 Jan 2025 - Spring Season,2025-01-16,2025,LGD Gaming,Anyone's Legend,LGD Gaming,Anyone's Legend,0-3,0,3,12.0,1.02,0.078341,0.921659
LPL,7,https://www.oddsportal.com/esports/league-of-legends/league-of-legends-lpl-2025/results/#/page/7/,15 Jan 2025 - Spring Season,2025-01-15,2025,Weibo Gaming,Ultra Prime,Weibo Gaming,Ultra Prime,3-1,3,1,1.02,12.0,0.921659,0.078341
LPL,7,https://www.oddsportal.com/esports/league-of-legends/league-of-legends-lpl-2025/results/#/page/7/,14 Jan 2025 - Spring Season,2025-01-14,2025,Royal Never Give Up,FunPlus Phoenix,Royal Never Give Up,FunPlus Phoenix,3-1,3,1,2.05,1.73,0.457672,0.542328
LPL,7,https://www.oddsportal.com/esports/league-of-legends/league-of-legends-lpl-2025/results/#/page/7/,13 Jan 2025 - Spring Season,2025-01-13,2025,TT Gaming,LNG Esports,TT Gaming,LNG Esports,3-1,3,1,2.25,1.87,0.453883,0.546117
LPL,7,https://www.oddsportal.com/esports/league-of-legends/league-of-legends-lpl-2025/results/#/page/7/,12 Jan 2025 - Spring Season,2025-01-12,2025,Weibo Gaming,Oh My God,Weibo Gaming,Oh My God,3-0,3,0,1.11,7.0,0.863132,0.136868
LPL,1,https://www.oddsportal.com/esports/league-of-legends/league-of-legends-lpl/results/,17 May 2026 - Summer Season,2026-05-17 00:00:00,2026,Bilibili Gaming,Anyone's Legend,Bilibili Gaming,Anyone's Legend,2-0,2,0,1.34,3.4,0.7173,0.2827
LPL,1,https://www.oddsportal.com/esports/league-of-legends/league-of-legends-lpl/results/,17 May 2026 - Summer Season,2026-05-17 00:00:00,2026,JD Gaming,Invictus Gaming,JD Gaming,Invictus Gaming,2-1,2,1,1.37,3.25,0.703463,0.296537
LPL,1,https://www.oddsportal.com/esports/league-of-legends/league-of-legends-lpl/results/,16 May 2026 - Summer Season,2026-05-16 00:00:00,2026,TT Gaming,EDward Gaming,TT Gaming,EDward Gaming,2-1,2,1,2.94,1.44,0.328767,0.671233
LPL,1,https://www.oddsportal.com/esports/league-of-legends/league-of-legends-lpl/results/,15 May 2026 - Summer Season,2026-05-15 00:00:00,2026,Top Esports,Bilibili Gaming,Top Esports,Bilibili Gaming,0-2,0,2,3.2,1.37,0.299781,0.700219
LPL,1,https://www.oddsportal.com/esports/league-of-legends/league-of-legends-lpl/results/,15 May 2026 - Summer Season,2026-05-15 00:00:00,2026,Ultra Prime,Oh My God,Ultra Prime,Oh My God,2-0,2,0,2.05,1.81,0.468912,0.531088
LPL,1,https://www.oddsportal.com/esports/league-of-legends/league-of-legends-lpl/results/,14 May 2026 - Summer Season,2026-05-14 00:00:00,2026,Weibo Gaming,JD Gaming,Weibo Gaming,JD Gaming,2-1,2,1,2.94,1.45,0.330296,0.669704
LPL,1,https://www.oddsportal.com/esports/league-of-legends/league-of-legends-lpl/results/,14 May 2026 - Summer Season,2026-05-14 00:00:00,2026,LNG Esports,LGD Gaming,LNG Esports,LGD Gaming,2-0,2,0,1.45,3.1,0.681319,0.318681
LPL,1,https://www.oddsportal.com/esports/league-of-legends/league-of-legends-lpl/results/,13 May 2026 - Summer Season,2026-05-13 00:00:00,2026,Team WE,Anyone's Legend,Team WE,Anyone's Legend,1-2,1,2,7.5,1.1,0.127907,0.872093
LPL,1,https://www.oddsportal.com/esports/league-of-legends/league-of-legends-lpl/results/,13 May 2026 - Summer Season,2026-05-13 00:00:00,2026,Oh My God,EDward Gaming,Oh My God,EDward Gaming,1-2,1,2,3.45,1.36,0.282744,0.717256
LPL,1,https://www.oddsportal.com/esports/league-of-legends/league-of-legends-lpl/results/,12 May 2026 - Summer Season,2026-05-12 00:00:00,2026,Invictus Gaming,Bilibili Gaming,Invictus Gaming,Bilibili Gaming,1-2,1,2,6.3,1.14,0.153226,0.846774
LPL,1,https://www.oddsportal.com/esports/league-of-legends/league-of-legends-lpl/results/,12 May 2026 - Summer Season,2026-05-12 00:00:00,2026,Top Esports,Anyone's Legend,Top Esports,Anyone's Legend,0-2,0,2,2.26,1.73,0.433584,0.566416
LPL,1,https://www.oddsportal.com/esports/league-of-legends/league-of-legends-lpl/results/,12 May 2026 - Summer Season,2026-05-12 00:00:00,2026,Top Esports,Ninjas in Pyjamas,Top Esports,Ninjas in Pyjamas,1-2,1,2,1.4,3.47,0.712526,0.287474
LPL,1,https://www.oddsportal.com/esports/league-of-legends/league-of-legends-lpl/results/,10 May 2026 - Summer Season,2026-05-10 00:00:00,2026,JD Gaming,Anyone's Legend,JD Gaming,Anyone's Legend,2-1,2,1,2.17,1.74,0.445013,0.554987
LPL,1,https://www.oddsportal.com/esports/league-of-legends/league-of-legends-lpl/results/,10 May 2026 - Summer Season,2026-05-10 00:00:00,2026,Weibo Gaming,Ninjas in Pyjamas,Weibo Gaming,Ninjas in Pyjamas,2-0,2,0,1.85,2.09,0.530457,0.469543
LPL,1,https://www.oddsportal.com/esports/league-of-legends/league-of-legends-lpl/results/,09 May 2026 - Summer Season,2026-05-09 00:00:00,2026,Top Esports,Team WE,Top Esports,Team WE,2-0,2,0,1.14,6.2,0.844687,0.155313
LPL,1,https://www.oddsportal.com/esports/league-of-legends/league-of-legends-lpl/results/,08 May 2026 - Summer Season,2026-05-08 00:00:00,2026,JD Gaming,Bilibili Gaming,JD Gaming,Bilibili Gaming,0-2,0,2,2.8,1.47,0.344262,0.655738
LPL,1,https://www.oddsportal.com/esports/league-of-legends/league-of-legends-lpl/results/,08 May 2026 - Summer Season,2026-05-08 00:00:00,2026,Ultra Prime,LNG Esports,Ultra Prime,LNG Esports,1-2,1,2,4.1,1.24,0.23221,0.76779
LPL,1,https://www.oddsportal.com/esports/league-of-legends/league-of-legends-lpl/results/,07 May 2026 - Summer Season,2026-05-07 00:00:00,2026,Ninjas in Pyjamas,Anyone's Legend,Ninjas in Pyjamas,Anyone's Legend,2-0,2,0,4.06,1.29,0.241121,0.758879
LPL,1,https://www.oddsportal.com/esports/league-of-legends/league-of-legends-lpl/results/,07 May 2026 - Summer Season,2026-05-07 00:00:00,2026,Weibo Gaming,Team WE,Weibo Gaming,Team WE,2-1,2,1,1.28,4.1,0.762082,0.237918
LPL,1,https://www.oddsportal.com/esports/league-of-legends/league-of-legends-lpl/results/,06 May 2026 - Summer Season,2026-05-06 00:00:00,2026,Top Esports,JD Gaming,Top Esports,JD Gaming,1-2,1,2,1.95,1.85,0.486842,0.513158
LPL,1,https://www.oddsportal.com/esports/league-of-legends/league-of-legends-lpl/results/,03 May 2026 - Summer Season,2026-05-03 00:00:00,2026,Ninjas in Pyjamas,Bilibili Gaming,Ninjas in Pyjamas,Bilibili Gaming,1-2,1,2,5.5,1.2,0.179104,0.820896
LPL,1,https://www.oddsportal.com/esports/league-of-legends/league-of-legends-lpl/results/,03 May 2026 - Summer Season,2026-05-03 00:00:00,2026,TT Gaming,LNG Esports,TT Gaming,LNG Esports,1-2,1,2,3.1,1.39,0.309577,0.690423
LPL,1,https://www.oddsportal.com/esports/league-of-legends/league-of-legends-lpl/results/,02 May 2026 - Summer Season,2026-05-02 00:00:00,2026,Invictus Gaming,Anyone's Legend,Invictus Gaming,Anyone's Legend,0-2,0,2,3.8,1.29,0.253438,0.746562
LPL,1,https://www.oddsportal.com/esports/league-of-legends/league-of-legends-lpl/results/,02 May 2026 - Summer Season,2026-05-02 00:00:00,2026,Weibo Gaming,Top Esports,Weibo Gaming,Top Esports,0-2,0,2,2.42,1.6,0.39801,0.60199
LPL,1,https://www.oddsportal.com/esports/league-of-legends/league-of-legends-lpl/results/,02 May 2026 - Summer Season,2026-05-02 00:00:00,2026,Team WE,JD Gaming,Team WE,JD Gaming,1-2,1,2,9.0,1.07,0.106256,0.893744
LPL,1,https://www.oddsportal.com/esports/league-of-legends/league-of-legends-lpl/results/,01 May 2026 - Summer Season,2026-05-01 00:00:00,2026,Weibo Gaming,Invictus Gaming,Weibo Gaming,Invictus Gaming,1-2,1,2,1.5,2.7,0.642857,0.357143
LPL,1,https://www.oddsportal.com/esports/league-of-legends/league-of-legends-lpl/results/,01 May 2026 - Summer Season,2026-05-01 00:00:00,2026,Top Esports,Anyone's Legend,Top Esports,Anyone's Legend,0-2,0,2,2.26,1.73,0.433584,0.566416
LPL,1,https://www.oddsportal.com/esports/league-of-legends/league-of-legends-lpl/results/,30 Apr 2026 - Summer Season,2026-04-30 00:00:00,2026,Ultra Prime,EDward Gaming,Ultra Prime,EDward Gaming,1-2,1,2,3.15,1.36,0.301552,0.698448
LPL,1,https://www.oddsportal.com/esports/league-of-legends/league-of-legends-lpl/results/,29 Apr 2026 - Summer Season,2026-04-29 00:00:00,2026,Team WE,Bilibili Gaming,Team WE,Bilibili Gaming,0-2,0,2,14.0,1.04,0.069149,0.930851
LPL,1,https://www.oddsportal.com/esports/league-of-legends/league-of-legends-lpl/results/,29 Apr 2026 - Summer Season,2026-04-29 00:00:00,2026,Ninjas in Pyjamas,JD Gaming,Ninjas in Pyjamas,JD Gaming,0-2,0,2,2.88,1.45,0.334873,0.665127
LPL,1,https://www.oddsportal.com/esports/league-of-legends/league-of-legends-lpl/results/,28 Apr 2026 - Summer Season,2026-04-28 00:00:00,2026,Weibo Gaming,Top Esports,Weibo Gaming,Top Esports,2-0,2,0,3.0,1.42,0.321267,0.678733
LPL,1,https://www.oddsportal.com/esports/league-of-legends/league-of-legends-lpl/results/,28 Apr 2026 - Summer Season,2026-04-28 00:00:00,2026,Invictus Gaming,Anyone's Legend,Invictus Gaming,Anyone's Legend,0-2,0,2,3.68,1.35,0.26839,0.73161
LPL,1,https://www.oddsportal.com/esports/league-of-legends/league-of-legends-lpl/results/,26 Apr 2026 - Summer Season,2026-04-26 00:00:00,2026,Weibo Gaming,Bilibili Gaming,Weibo Gaming,Bilibili Gaming,0-2,0,2,5.0,1.2,0.193548,0.806452
LPL,1,https://www.oddsportal.com/esports/league-of-legends/league-of-legends-lpl/results/,25 Apr 2026 - Summer Season,2026-04-25 00:00:00,2026,Weibo Gaming,Anyone's Legend,Weibo Gaming,Anyone's Legend,1-2,1,2,2.6,1.57,0.376499,0.623501
LPL,1,https://www.oddsportal.com/esports/league-of-legends/league-of-legends-lpl/results/,25 Apr 2026 - Summer Season,2026-04-25 00:00:00,2026,Team WE,JD Gaming,Team WE,JD Gaming,0-2,0,2,6.3,1.13,0.152086,0.847914
LPL,1,https://www.oddsportal.com/esports/league-of-legends/league-of-legends-lpl/results/,25 Apr 2026 - Summer Season,2026-04-25 00:00:00,2026,Top Esports,Ninjas in Pyjamas,Top Esports,Ninjas in Pyjamas,2-0,2,0,1.48,2.86,0.658986,0.341014
LPL,1,https://www.oddsportal.com/esports/league-of-legends/league-of-legends-lpl/results/,24 Apr 2026 - Summer Season,2026-04-24 00:00:00,2026,JD Gaming,Invictus Gaming,JD Gaming,Invictus Gaming,2-0,2,0,1.6,2.54,0.613527,0.386473
LPL,1,https://www.oddsportal.com/esports/league-of-legends/league-of-legends-lpl/results/,24 Apr 2026 - Summer Season,2026-04-24 00:00:00,2026,Oh My God,LNG Esports,Oh My God,LNG Esports,0-2,0,2,2.66,1.5,0.360577,0.639423
LPL,1,https://www.oddsportal.com/esports/league-of-legends/league-of-legends-lpl/results/,23 Apr 2026 - Summer Season,2026-04-23 00:00:00,2026,Ninjas in Pyjamas,Bilibili Gaming,Ninjas in Pyjamas,Bilibili Gaming,2-0,2,0,6.4,1.12,0.148936,0.851064
LPL,1,https://www.oddsportal.com/esports/league-of-legends/league-of-legends-lpl/results/,23 Apr 2026 - Summer Season,2026-04-23 00:00:00,2026,LGD Gaming,EDward Gaming,LGD Gaming,EDward Gaming,2-0,2,0,2.7,1.5,0.357143,0.642857
LPL,1,https://www.oddsportal.com/esports/league-of-legends/league-of-legends-lpl/results/,22 Apr 2026 - Summer Season,2026-04-22 00:00:00,2026,Ninjas in Pyjamas,Anyone's Legend,Ninjas in Pyjamas,Anyone's Legend,0-2,0,2,2.8,1.55,0.356322,0.643678
LPL,1,https://www.oddsportal.com/esports/league-of-legends/league-of-legends-lpl/results/,22 Apr 2026 - Summer Season,2026-04-22 00:00:00,2026,Weibo Gaming,Team WE,Weibo Gaming,Team WE,2-0,2,0,1.17,5.6,0.827179,0.172821
LPL,1,https://www.oddsportal.com/esports/league-of-legends/league-of-legends-lpl/results/,19 Apr 2026 - Summer Season,2026-04-19 00:00:00,2026,Bilibili Gaming,Anyone's Legend,Bilibili Gaming,Anyone's Legend,2-0,2,0,1.42,3.1,0.685841,0.314159
LPL,1,https://www.oddsportal.com/esports/league-of-legends/league-of-legends-lpl/results/,19 Apr 2026 - Summer Season,2026-04-19 00:00:00,2026,Top Esports,Invictus Gaming,Top Esports,Invictus Gaming,2-0,2,0,1.6,2.4,0.6,0.4
LPL,1,https://www.oddsportal.com/esports/league-of-legends/league-of-legends-lpl/results/,18 Apr 2026 - Summer Season,2026-04-18 00:00:00,2026,Weibo Gaming,JD Gaming,Weibo Gaming,JD Gaming,1-2,1,2,2.38,1.6,0.40201,0.59799
LPL,1,https://www.oddsportal.com/esports/league-of-legends/league-of-legends-lpl/results/,18 Apr 2026 - Summer Season,2026-04-18 00:00:00,2026,Invictus Gaming,Bilibili Gaming,Invictus Gaming,Bilibili Gaming,1-2,1,2,4.4,1.22,0.217082,0.782918
LPL,2,https://www.oddsportal.com/esports/league-of-legends/league-of-legends-lpl/results/#/page/2/,17 Apr 2026 - Summer Season,2026-04-17 00:00:00,2026,Ninjas in Pyjamas,JD Gaming,Ninjas in Pyjamas,JD Gaming,2-0,2,0,3.8,1.28,0.251969,0.748031
LPL,2,https://www.oddsportal.com/esports/league-of-legends/league-of-legends-lpl/results/#/page/2/,17 Apr 2026 - Summer Season,2026-04-17 00:00:00,2026,TT Gaming,Oh My God,TT Gaming,Oh My God,2-1,2,1,2.3,1.67,0.420655,0.579345
LPL,2,https://www.oddsportal.com/esports/league-of-legends/league-of-legends-lpl/results/#/page/2/,16 Apr 2026 - Summer Season,2026-04-16 00:00:00,2026,Top Esports,Bilibili Gaming,Top Esports,Bilibili Gaming,2-0,2,0,1.92,1.78,0.481081,0.518919
LPL,2,https://www.oddsportal.com/esports/league-of-legends/league-of-legends-lpl/results/#/page/2/,16 Apr 2026 - Summer Season,2026-04-16 00:00:00,2026,Team WE,Anyone's Legend,Team WE,Anyone's Legend,0-2,0,2,8.0,1.09,0.119912,0.880088
LPL,2,https://www.oddsportal.com/esports/league-of-legends/league-of-legends-lpl/results/#/page/2/,15 Apr 2026 - Summer Season,2026-04-15 00:00:00,2026,Weibo Gaming,Invictus Gaming,Weibo Gaming,Invictus Gaming,2-1,2,1,2.11,1.75,0.453368,0.546632
LPL,2,https://www.oddsportal.com/esports/league-of-legends/league-of-legends-lpl/results/#/page/2/,12 Apr 2026 - Summer Season,2026-04-12 00:00:00,2026,Weibo Gaming,Bilibili Gaming,Weibo Gaming,Bilibili Gaming,0-2,0,2,5.5,1.19,0.177877,0.822123
LPL,2,https://www.oddsportal.com/esports/league-of-legends/league-of-legends-lpl/results/#/page/2/,12 Apr 2026 - Summer Season,2026-04-12 00:00:00,2026,Oh My God,LGD Gaming,Oh My God,LGD Gaming,1-2,1,2,1.55,2.52,0.619165,0.380835
LPL,2,https://www.oddsportal.com/esports/league-of-legends/league-of-legends-lpl/results/#/page/2/,11 Apr 2026 - Summer Season,2026-04-11 00:00:00,2026,Top Esports,JD Gaming,Top Esports,JD Gaming,2-0,2,0,2.78,1.53,0.354988,0.645012
LPL,2,https://www.oddsportal.com/esports/league-of-legends/league-of-legends-lpl/results/#/page/2/,10 Apr 2026 - Summer Season,2026-04-10 00:00:00,2026,JD Gaming,Anyone's Legend,JD Gaming,Anyone's Legend,2-0,2,0,2.35,1.64,0.411028,0.588972
LPL,2,https://www.oddsportal.com/esports/league-of-legends/league-of-legends-lpl/results/#/page/2/,10 Apr 2026 - Summer Season,2026-04-10 00:00:00,2026,LNG Esports,EDward Gaming,LNG Esports,EDward Gaming,1-2,1,2,1.72,2.36,0.578431,0.421569
LPL,2,https://www.oddsportal.com/esports/league-of-legends/league-of-legends-lpl/results/#/page/2/,09 Apr 2026 - Summer Season,2026-04-09 00:00:00,2026,Team WE,Bilibili Gaming,Team WE,Bilibili Gaming,0-2,0,2,11.0,1.04,0.086379,0.913621
LPL,2,https://www.oddsportal.com/esports/league-of-legends/league-of-legends-lpl/results/#/page/2/,09 Apr 2026 - Summer Season,2026-04-09 00:00:00,2026,Weibo Gaming,Ninjas in Pyjamas,Weibo Gaming,Ninjas in Pyjamas,1-2,1,2,1.31,3.7,0.738523,0.261477
LPL,2,https://www.oddsportal.com/esports/league-of-legends/league-of-legends-lpl/results/#/page/2/,08 Apr 2026 - Summer Season,2026-04-08 00:00:00,2026,Top Esports,Team WE,Top Esports,Team WE,2-0,2,0,1.33,3.3,0.712743,0.287257
LPL,2,https://www.oddsportal.com/esports/league-of-legends/league-of-legends-lpl/results/#/page/2/,05 Apr 2026 - Summer Season,2026-04-05 00:00:00,2026,Top Esports,Anyone's Legend,Top Esports,Anyone's Legend,2-0,2,0,5.88,1.17,0.165957,0.834043
LPL,2,https://www.oddsportal.com/esports/league-of-legends/league-of-legends-lpl/results/#/page/2/,05 Apr 2026 - Summer Season,2026-04-05 00:00:00,2026,JD Gaming,Bilibili Gaming,JD Gaming,Bilibili Gaming,1-2,1,2,4.6,1.22,0.209622,0.790378
LPL,2,https://www.oddsportal.com/esports/league-of-legends/league-of-legends-lpl/results/#/page/2/,04 Apr 2026 - Summer Season,2026-04-04 00:00:00,2026,Weibo Gaming,Anyone's Legend,Weibo Gaming,Anyone's Legend,0-2,0,2,2.94,1.42,0.325688,0.674312
LPL,2,https://www.oddsportal.com/esports/league-of-legends/league-of-legends-lpl/results/#/page/2/,04 Apr 2026 - Summer Season,2026-04-04 00:00:00,2026,Top Esports,Invictus Gaming,Top Esports,Invictus Gaming,0-2,0,2,1.57,2.6,0.623501,0.376499
LPL,2,https://www.oddsportal.com/esports/league-of-legends/league-of-legends-lpl/results/#/page/2/,08 Mar 2026 - Spring - Play Offs,2026-03-08 00:00:00,2026,JD Gaming,Bilibili Gaming,JD Gaming,Bilibili Gaming,1-3,1,3,3.25,1.37,0.296537,0.703463
LPL,2,https://www.oddsportal.com/esports/league-of-legends/league-of-legends-lpl/results/#/page/2/,07 Mar 2026 - Spring - Play Offs,2026-03-07 00:00:00,2026,JD Gaming,Weibo Gaming,JD Gaming,Weibo Gaming,3-0,3,0,1.82,2.02,0.526042,0.473958
LPL,2,https://www.oddsportal.com/esports/league-of-legends/league-of-legends-lpl/results/#/page/2/,05 Mar 2026 - Spring - Play Offs,2026-03-05 00:00:00,2026,Weibo Gaming,Anyone's Legend,Weibo Gaming,Anyone's Legend,3-1,3,1,4.7,1.2,0.20339,0.79661
LPL,2,https://www.oddsportal.com/esports/league-of-legends/league-of-legends-lpl/results/#/page/2/,04 Mar 2026 - Spring - Play Offs,2026-03-04 00:00:00,2026,Bilibili Gaming,JD Gaming,Bilibili Gaming,JD Gaming,3-2,3,2,1.39,3.4,0.709812,0.290188
LPL,2,https://www.oddsportal.com/esports/league-of-legends/league-of-legends-lpl/results/#/page/2/,03 Mar 2026 - Spring - Play Offs,2026-03-03 00:00:00,2026,Anyone's Legend,Invictus Gaming,Anyone's Legend,Invictus Gaming,3-1,3,1,1.1,9.0,0.891089,0.108911
LPL,2,https://www.oddsportal.com/esports/league-of-legends/league-of-legends-lpl/results/#/page/2/,02 Mar 2026 - Spring - Play Offs,2026-03-02 00:00:00,2026,Top Esports,Weibo Gaming,Top Esports,Weibo Gaming,2-3,2,3,2.13,1.78,0.455243,0.544757
LPL,2,https://www.oddsportal.com/esports/league-of-legends/league-of-legends-lpl/results/#/page/2/,28 Feb 2026 - Spring - Play Offs,2026-02-28 00:00:00,2026,Team WE,Top Esports,Team WE,Top Esports,0-3,0,3,3.76,1.28,0.253968,0.746032
LPL,2,https://www.oddsportal.com/esports/league-of-legends/league-of-legends-lpl/results/#/page/2/,27 Feb 2026 - Spring - Play Offs,2026-02-27 00:00:00,2026,Bilibili Gaming,Weibo Gaming,Bilibili Gaming,Weibo Gaming,3-0,3,0,1.22,4.5,0.786713,0.213287
LPL,2,https://www.oddsportal.com/esports/league-of-legends/league-of-legends-lpl/results/#/page/2/,26 Feb 2026 - Spring - Play Offs,2026-02-26 00:00:00,2026,Anyone's Legend,JD Gaming,Anyone's Legend,JD Gaming,2-3,2,3,1.31,3.68,0.737475,0.262525
LPL,2,https://www.oddsportal.com/esports/league-of-legends/league-of-legends-lpl/results/#/page/2/,25 Feb 2026 - Spring - Play Offs,2026-02-25 00:00:00,2026,Bilibili Gaming,Ninjas in Pyjamas,Bilibili Gaming,Ninjas in Pyjamas,3-0,3,0,1.12,6.2,0.846995,0.153005
LPL,2,https://www.oddsportal.com/esports/league-of-legends/league-of-legends-lpl/results/#/page/2/,25 Feb 2026 - Spring - Play Offs,2026-02-25 00:00:00,2026,Weibo Gaming,Invictus Gaming,Weibo Gaming,Invictus Gaming,3-0,3,0,1.41,3.0,0.680272,0.319728
LPL,2,https://www.oddsportal.com/esports/league-of-legends/league-of-legends-lpl/results/#/page/2/,24 Feb 2026 - Spring - Play Offs,2026-02-24 00:00:00,2026,Anyone's Legend,Team WE,Anyone's Legend,Team WE,3-0,3,0,1.1,7.0,0.864198,0.135802
LPL,2,https://www.oddsportal.com/esports/league-of-legends/league-of-legends-lpl/results/#/page/2/,24 Feb 2026 - Spring - Play Offs,2026-02-24 00:00:00,2026,JD Gaming,Top Esports,JD Gaming,Top Esports,3-2,3,2,1.55,2.5,0.617284,0.382716
LPL,2,https://www.oddsportal.com/esports/league-of-legends/league-of-legends-lpl/results/#/page/2/,11 Feb 2026 - Spring - Promotion,2026-02-11 00:00:00,2026,Team WE,LNG Esports,Team WE,LNG Esports,3-1,3,1,2.9,1.42,0.328704,0.671296
LPL,2,https://www.oddsportal.com/esports/league-of-legends/league-of-legends-lpl/results/#/page/2/,11 Feb 2026 - Spring - Promotion,2026-02-11 00:00:00,2026,Invictus Gaming,Oh My God,Invictus Gaming,Oh My God,3-0,3,0,1.5,2.7,0.642857,0.357143
LPL,2,https://www.oddsportal.com/esports/league-of-legends/league-of-legends-lpl/results/#/page/2/,10 Feb 2026 - Spring - Promotion,2026-02-10 00:00:00,2026,Oh My God,EDward Gaming,Oh My God,EDward Gaming,3-1,3,1,4.8,1.19,0.198664,0.801336
LPL,2,https://www.oddsportal.com/esports/league-of-legends/league-of-legends-lpl/results/#/page/2/,10 Feb 2026 - Spring - Promotion,2026-02-10 00:00:00,2026,LNG Esports,TT Gaming,LNG Esports,TT Gaming,3-0,3,0,1.05,10.0,0.904977,0.095023
LPL,2,https://www.oddsportal.com/esports/league-of-legends/league-of-legends-lpl/results/#/page/2/,06 Feb 2026 - Spring Season,2026-02-06 00:00:00,2026,Anyone's Legend,Bilibili Gaming,Anyone's Legend,Bilibili Gaming,2-1,2,1,2.0,1.82,0.47644,0.52356
LPL,2,https://www.oddsportal.com/esports/league-of-legends/league-of-legends-lpl/results/#/page/2/,06 Feb 2026 - Spring Season,2026-02-06 00:00:00,2026,Weibo Gaming,Invictus Gaming,Weibo Gaming,Invictus Gaming,2-0,2,0,1.55,2.8,0.643678,0.356322
LPL,2,https://www.oddsportal.com/esports/league-of-legends/league-of-legends-lpl/results/#/page/2/,05 Feb 2026 - Spring Season,2026-02-05 00:00:00,2026,JD Gaming,Top Esports,JD Gaming,Top Esports,0-2,0,2,1.34,3.4,0.7173,0.2827
LPL,2,https://www.oddsportal.com/esports/league-of-legends/league-of-legends-lpl/results/#/page/2/,04 Feb 2026 - Spring Season,2026-02-04 00:00:00,2026,Weibo Gaming,Anyone's Legend,Weibo Gaming,Anyone's Legend,1-2,1,2,3.35,1.35,0.287234,0.712766
LPL,2,https://www.oddsportal.com/esports/league-of-legends/league-of-legends-lpl/results/#/page/2/,04 Feb 2026 - Spring Season,2026-02-04 00:00:00,2026,EDward Gaming,Team WE,EDward Gaming,Team WE,2-0,2,0,1.71,2.19,0.561538,0.438462
LPL,2,https://www.oddsportal.com/esports/league-of-legends/league-of-legends-lpl/results/#/page/2/,03 Feb 2026 - Spring Season,2026-02-03 00:00:00,2026,JD Gaming,Invictus Gaming,JD Gaming,Invictus Gaming,2-1,2,1,1.35,3.38,0.714588,0.285412
LPL,2,https://www.oddsportal.com/esports/league-of-legends/league-of-legends-lpl/results/#/page/2/,03 Feb 2026 - Spring Season,2026-02-03 00:00:00,2026,LNG Esports,Ultra Prime,LNG Esports,Ultra Prime,2-0,2,0,1.13,6.3,0.847914,0.152086
LPL,2,https://www.oddsportal.com/esports/league-of-legends/league-of-legends-lpl/results/#/page/2/,02 Feb 2026 - Spring Season,2026-02-02 00:00:00,2026,Weibo Gaming,Bilibili Gaming,Weibo Gaming,Bilibili Gaming,0-2,0,2,2.9,1.42,0.328704,0.671296
LPL,3,https://www.oddsportal.com/esports/league-of-legends/league-of-legends-lpl/results/#/page/3/,02 Feb 2026 - Spring Season,2026-02-02 00:00:00,2026,Oh My God,LGD Gaming,Oh My God,LGD Gaming,2-1,2,1,2.1,1.74,0.453125,0.546875
LPL,3,https://www.oddsportal.com/esports/league-of-legends/league-of-legends-lpl/results/#/page/3/,01 Feb 2026 - Spring Season,2026-02-01 00:00:00,2026,Top Esports,Anyone's Legend,Top Esports,Anyone's Legend,0-2,0,2,3.4,1.33,0.281184,0.718816
LPL,3,https://www.oddsportal.com/esports/league-of-legends/league-of-legends-lpl/results/#/page/3/,01 Feb 2026 - Spring Season,2026-02-01 00:00:00,2026,LNG Esports,LGD Gaming,LNG Esports,LGD Gaming,2-1,2,1,1.32,3.72,0.738095,0.261905
LPL,3,https://www.oddsportal.com/esports/league-of-legends/league-of-legends-lpl/results/#/page/3/,31 Jan 2026 - Spring Season,2026-01-31 00:00:00,2026,Invictus Gaming,Bilibili Gaming,Invictus Gaming,Bilibili Gaming,0-2,0,2,3.5,1.32,0.273859,0.726141
LPL,3,https://www.oddsportal.com/esports/league-of-legends/league-of-legends-lpl/results/#/page/3/,31 Jan 2026 - Spring Season,2026-01-31 00:00:00,2026,JD Gaming,Anyone's Legend,JD Gaming,Anyone's Legend,1-2,1,2,2.15,1.73,0.445876,0.554124
LPL,3,https://www.oddsportal.com/esports/league-of-legends/league-of-legends-lpl/results/#/page/3/,30 Jan 2026 - Spring Season,2026-01-30 00:00:00,2026,Top Esports,Bilibili Gaming,Top Esports,Bilibili Gaming,2-1,2,1,4.28,1.3,0.232975,0.767025
LPL,3,https://www.oddsportal.com/esports/league-of-legends/league-of-legends-lpl/results/#/page/3/,30 Jan 2026 - Spring Season,2026-01-30 00:00:00,2026,Oh My God,Ultra Prime,Oh My God,Ultra Prime,2-0,2,0,1.9,1.9,0.5,0.5
LPL,3,https://www.oddsportal.com/esports/league-of-legends/league-of-legends-lpl/results/#/page/3/,29 Jan 2026 - Spring Season,2026-01-29 00:00:00,2026,Weibo Gaming,JD Gaming,Weibo Gaming,JD Gaming,2-1,2,1,2.44,1.58,0.393035,0.606965
LPL,3,https://www.oddsportal.com/esports/league-of-legends/league-of-legends-lpl/results/#/page/3/,28 Jan 2026 - Spring Season,2026-01-28 00:00:00,2026,EDward Gaming,Ninjas in Pyjamas,EDward Gaming,Ninjas in Pyjamas,2-1,2,1,1.74,2.2,0.558376,0.441624
LPL,3,https://www.oddsportal.com/esports/league-of-legends/league-of-legends-lpl/results/#/page/3/,27 Jan 2026 - Spring Season,2026-01-27 00:00:00,2026,Invictus Gaming,Anyone's Legend,Invictus Gaming,Anyone's Legend,1-2,1,2,3.8,1.3,0.254902,0.745098
LPL,3,https://www.oddsportal.com/esports/league-of-legends/league-of-legends-lpl/results/#/page/3/,27 Jan 2026 - Spring Season,2026-01-27 00:00:00,2026,Weibo Gaming,Top Esports,Weibo Gaming,Top Esports,2-1,2,1,1.65,2.4,0.592593,0.407407
LPL,3,https://www.oddsportal.com/esports/league-of-legends/league-of-legends-lpl/results/#/page/3/,27 Jan 2026 - Spring Season,2026-01-27 00:00:00,2026,LNG Esports,Ultra Prime,LNG Esports,Ultra Prime,2-0,2,0,1.22,4.3,0.778986,0.221014
LPL,3,https://www.oddsportal.com/esports/league-of-legends/league-of-legends-lpl/results/#/page/3/,26 Jan 2026 - Spring Season,2026-01-26 00:00:00,2026,JD Gaming,Bilibili Gaming,JD Gaming,Bilibili Gaming,2-1,2,1,2.9,1.45,0.333333,0.666667
LPL,3,https://www.oddsportal.com/esports/league-of-legends/league-of-legends-lpl/results/#/page/3/,25 Jan 2026 - Spring Season,2026-01-25 00:00:00,2026,Invictus Gaming,Top Esports,Invictus Gaming,Top Esports,0-2,0,2,1.7,2.25,0.56962,0.43038
LPL,3,https://www.oddsportal.com/esports/league-of-legends/league-of-legends-lpl/results/#/page/3/,24 Jan 2026 - Spring Season,2026-01-24 00:00:00,2026,Weibo Gaming,JD Gaming,Weibo Gaming,JD Gaming,2-0,2,0,2.9,1.49,0.339408,0.660592
LPL,3,https://www.oddsportal.com/esports/league-of-legends/league-of-legends-lpl/results/#/page/3/,24 Jan 2026 - Spring Season,2026-01-24 00:00:00,2026,Top Esports,Anyone's Legend,Top Esports,Anyone's Legend,1-2,1,2,5.5,1.17,0.175412,0.824588
LPL,3,https://www.oddsportal.com/esports/league-of-legends/league-of-legends-lpl/results/#/page/3/,23 Jan 2026 - Spring Season,2026-01-23 00:00:00,2026,JD Gaming,Bilibili Gaming,JD Gaming,Bilibili Gaming,2-0,2,0,2.88,1.45,0.334873,0.665127
LPL,3,https://www.oddsportal.com/esports/league-of-legends/league-of-legends-lpl/results/#/page/3/,23 Jan 2026 - Spring Season,2026-01-23 00:00:00,2026,TT Gaming,EDward Gaming,TT Gaming,EDward Gaming,1-2,1,2,5.6,1.15,0.17037,0.82963
LPL,3,https://www.oddsportal.com/esports/league-of-legends/league-of-legends-lpl/results/#/page/3/,23 Jan 2026 - Spring Season,2026-01-23 00:00:00,2026,Oh My God,LGD Gaming,Oh My God,LGD Gaming,2-1,2,1,2.7,1.5,0.357143,0.642857
LPL,3,https://www.oddsportal.com/esports/league-of-legends/league-of-legends-lpl/results/#/page/3/,22 Jan 2026 - Spring Season,2026-01-22 00:00:00,2026,TT Gaming,EDward Gaming,TT Gaming,EDward Gaming,0-2,0,2,4.0,1.28,0.242424,0.757576
LPL,3,https://www.oddsportal.com/esports/league-of-legends/league-of-legends-lpl/results/#/page/3/,22 Jan 2026 - Spring Season,2026-01-22 00:00:00,2026,Oh My God,Ultra Prime,Oh My God,Ultra Prime,0-2,0,2,1.64,2.8,0.630631,0.369369
LPL,3,https://www.oddsportal.com/esports/league-of-legends/league-of-legends-lpl/results/#/page/3/,21 Jan 2026 - Spring Season,2026-01-21 00:00:00,2026,Invictus Gaming,Top Esports,Invictus Gaming,Top Esports,2-1,2,1,1.55,2.6,0.626506,0.373494
LPL,3,https://www.oddsportal.com/esports/league-of-legends/league-of-legends-lpl/results/#/page/3/,21 Jan 2026 - Spring Season,2026-01-21 00:00:00,2026,LNG Esports,LGD Gaming,LNG Esports,LGD Gaming,2-1,2,1,1.48,2.9,0.6621,0.3379
LPL,3,https://www.oddsportal.com/esports/league-of-legends/league-of-legends-lpl/results/#/page/3/,20 Jan 2026 - Spring Season,2026-01-20 00:00:00,2026,Invictus Gaming,Bilibili Gaming,Invictus Gaming,Bilibili Gaming,0-2,0,2,3.8,1.3,0.254902,0.745098
LPL,3,https://www.oddsportal.com/esports/league-of-legends/league-of-legends-lpl/results/#/page/3/,20 Jan 2026 - Spring Season,2026-01-20 00:00:00,2026,Weibo Gaming,Anyone's Legend,Weibo Gaming,Anyone's Legend,0-2,0,2,3.2,1.41,0.305857,0.694143
LPL,3,https://www.oddsportal.com/esports/league-of-legends/league-of-legends-lpl/results/#/page/3/,19 Jan 2026 - Spring Season,2026-01-19 00:00:00,2026,EDward Gaming,Ninjas in Pyjamas,EDward Gaming,Ninjas in Pyjamas,1-2,1,2,1.48,2.76,0.650943,0.349057
LPL,3,https://www.oddsportal.com/esports/league-of-legends/league-of-legends-lpl/results/#/page/3/,19 Jan 2026 - Spring Season,2026-01-19 00:00:00,2026,Weibo Gaming,Top Esports,Weibo Gaming,Top Esports,1-2,1,2,1.3,4.4,0.77193,0.22807
LPL,3,https://www.oddsportal.com/esports/league-of-legends/league-of-legends-lpl/results/#/page/3/,18 Jan 2026 - Spring Season,2026-01-18 00:00:00,2026,JD Gaming,Anyone's Legend,JD Gaming,Anyone's Legend,2-1,2,1,2.94,1.45,0.330296,0.669704
LPL,3,https://www.oddsportal.com/esports/league-of-legends/league-of-legends-lpl/results/#/page/3/,18 Jan 2026 - Spring Season,2026-01-18 00:00:00,2026,Top Esports,Bilibili Gaming,Top Esports,Bilibili Gaming,0-2,0,2,5.5,1.17,0.175412,0.824588
LPL,3,https://www.oddsportal.com/esports/league-of-legends/league-of-legends-lpl/results/#/page/3/,17 Jan 2026 - Spring Season,2026-01-17 00:00:00,2026,JD Gaming,Invictus Gaming,JD Gaming,Invictus Gaming,1-2,1,2,1.6,2.38,0.59799,0.40201
LPL,3,https://www.oddsportal.com/esports/league-of-legends/league-of-legends-lpl/results/#/page/3/,17 Jan 2026 - Spring Season,2026-01-17 00:00:00,2026,Anyone's Legend,Bilibili Gaming,Anyone's Legend,Bilibili Gaming,1-2,1,2,1.74,2.22,0.560606,0.439394
LPL,3,https://www.oddsportal.com/esports/league-of-legends/league-of-legends-lpl/results/#/page/3/,16 Jan 2026 - Spring Season,2026-01-16 00:00:00,2026,EDward Gaming,Team WE,EDward Gaming,Team WE,0-2,0,2,1.43,3.1,0.684327,0.315673
LPL,3,https://www.oddsportal.com/esports/league-of-legends/league-of-legends-lpl/results/#/page/3/,16 Jan 2026 - Spring Season,2026-01-16 00:00:00,2026,Oh My God,LNG Esports,Oh My God,LNG Esports,0-2,0,2,2.5,1.55,0.382716,0.617284
LPL,3,https://www.oddsportal.com/esports/league-of-legends/league-of-legends-lpl/results/#/page/3/,15 Jan 2026 - Spring Season,2026-01-15 00:00:00,2026,Weibo Gaming,Bilibili Gaming,Weibo Gaming,Bilibili Gaming,1-2,1,2,3.2,1.4,0.304348,0.695652
LPL,3,https://www.oddsportal.com/esports/league-of-legends/league-of-legends-lpl/results/#/page/3/,15 Jan 2026 - Spring Season,2026-01-15 00:00:00,2026,Invictus Gaming,Anyone's Legend,Invictus Gaming,Anyone's Legend,0-2,0,2,3.2,1.4,0.304348,0.695652
LPL,3,https://www.oddsportal.com/esports/league-of-legends/league-of-legends-lpl/results/#/page/3/,14 Jan 2026 - Spring Season,2026-01-14 00:00:00,2026,JD Gaming,Top Esports,JD Gaming,Top Esports,2-0,2,0,1.6,2.42,0.60199,0.39801
LPL,3,https://www.oddsportal.com/esports/league-of-legends/league-of-legends-lpl/results/#/page/3/,14 Jan 2026 - Spring Season,2026-01-14 00:00:00,2026,Weibo Gaming,Invictus Gaming,Weibo Gaming,Invictus Gaming,2-1,2,1,2.19,1.72,0.439898,0.560102
LCS,1,https://www.oddsportal.com/esports/league-of-legends/league-of-legends-lcs-2024/results/,07 Sep 2024 - Summer - Play offs,2024-09-07,2024,Team Liquid,FlyQuest eSports,Team Liquid,FlyQuest eSports,1-3,1,3,1.32,3.54,0.728395,0.271605
LCS,1,https://www.oddsportal.com/esports/league-of-legends/league-of-legends-lcs-2024/results/,06 Sep 2024 - Summer - Play offs,2024-09-06,2024,FlyQuest eSports,100 Thieves,FlyQuest eSports,100 Thieves,3-0,3,0,1.3,3.54,0.731405,0.268595
LCS,1,https://www.oddsportal.com/esports/league-of-legends/league-of-legends-lcs-2024/results/,01 Sep 2024 - Summer - Play offs,2024-09-01,2024,Cloud9,100 Thieves,Cloud9,100 Thieves,1-3,1,3,1.27,4.4,0.776014,0.223986
LCS,1,https://www.oddsportal.com/esports/league-of-legends/league-of-legends-lcs-2024/results/,31 Aug 2024 - Summer - Play offs,2024-08-31,2024,Team Liquid,FlyQuest eSports,Team Liquid,FlyQuest eSports,3-2,3,2,1.21,4.38,0.783542,0.216458
LCS,1,https://www.oddsportal.com/esports/league-of-legends/league-of-legends-lcs-2024/results/,30 Aug 2024 - Summer - Play offs,2024-08-30,2024,100 Thieves,Dignitas,100 Thieves,Dignitas,3-2,3,2,1.35,3.54,0.723926,0.276074
LCS,1,https://www.oddsportal.com/esports/league-of-legends/league-of-legends-lcs-2024/results/,25 Aug 2024 - Summer - Play offs,2024-08-25,2024,Cloud9,FlyQuest eSports,Cloud9,FlyQuest eSports,1-3,1,3,1.43,3.1,0.684327,0.315673
LCS,1,https://www.oddsportal.com/esports/league-of-legends/league-of-legends-lcs-2024/results/,24 Aug 2024 - Summer - Play offs,2024-08-24,2024,Team Liquid,100 Thieves,Team Liquid,100 Thieves,3-0,3,0,1.14,5.76,0.834783,0.165217
LCS,1,https://www.oddsportal.com/esports/league-of-legends/league-of-legends-lcs-2024/results/,23 Aug 2024 - Summer - Play offs,2024-08-23,2024,Dignitas,NRG Esports,Dignitas,NRG Esports,3-2,3,2,1.65,2.25,0.576923,0.423077
LCS,1,https://www.oddsportal.com/esports/league-of-legends/league-of-legends-lcs-2024/results/,17 Aug 2024 - Summer - Play offs,2024-08-17,2024,Dignitas,100 Thieves,Dignitas,100 Thieves,0-3,0,3,2.05,1.77,0.463351,0.536649
LCS,1,https://www.oddsportal.com/esports/league-of-legends/league-of-legends-lcs-2024/results/,11 Aug 2024 - Summer Season,2024-08-11,2024,Dignitas,Immortals,Dignitas,Immortals,2-1,2,1,1.33,3.44,0.721174,0.278826
LCS,1,https://www.oddsportal.com/esports/league-of-legends/league-of-legends-lcs-2024/results/,11 Aug 2024 - Summer Season,2024-08-11,2024,FlyQuest eSports,Cloud9,FlyQuest eSports,Cloud9,0-2,0,2,2.05,1.77,0.463351,0.536649
LCS,1,https://www.oddsportal.com/esports/league-of-legends/league-of-legends-lcs-2024/results/,10 Aug 2024 - Summer Season,2024-08-10,2024,NRG Esports,Team Liquid,NRG Esports,Team Liquid,0-2,0,2,7.33,1.1,0.130486,0.869514
LCS,1,https://www.oddsportal.com/esports/league-of-legends/league-of-legends-lcs-2024/results/,04 Aug 2024 - Summer Season,2024-08-04,2024,Team Liquid,Cloud9,Team Liquid,Cloud9,2-1,2,1,1.56,2.42,0.60804,0.39196
LCS,1,https://www.oddsportal.com/esports/league-of-legends/league-of-legends-lcs-2024/results/,03 Aug 2024 - Summer Season,2024-08-03,2024,NRG Esports,Dignitas,NRG Esports,Dignitas,0-2,0,2,1.7,2.15,0.558442,0.441558
LCS,1,https://www.oddsportal.com/esports/league-of-legends/league-of-legends-lcs-2024/results/,28 Jul 2024 - Summer Season,2024-07-28,2024,Team Liquid,Immortals,Team Liquid,Immortals,2-0,2,0,1.09,7.5,0.873108,0.126892
LCS,1,https://www.oddsportal.com/esports/league-of-legends/league-of-legends-lcs-2024/results/,28 Jul 2024 - Summer Season,2024-07-28,2024,FlyQuest eSports,Cloud9,FlyQuest eSports,Cloud9,0-2,0,2,2.05,1.77,0.463351,0.536649
LCS,1,https://www.oddsportal.com/esports/league-of-legends/league-of-legends-lcs-2024/results/,28 Jul 2024 - Summer Season,2024-07-28,2024,FlyQuest eSports,100 Thieves,FlyQuest eSports,100 Thieves,2-1,2,1,1.24,4.06,0.766038,0.233962
LCS,1,https://www.oddsportal.com/esports/league-of-legends/league-of-legends-lcs-2024/results/,27 Jul 2024 - Summer Season,2024-07-27,2024,Cloud9,NRG Esports,Cloud9,NRG Esports,2-0,2,0,1.17,5.3,0.819165,0.180835
LCS,1,https://www.oddsportal.com/esports/league-of-legends/league-of-legends-lcs-2024/results/,21 Jul 2024 - Summer Season,2024-07-21,2024,Cloud9,100 Thieves,Cloud9,100 Thieves,2-0,2,0,1.24,4.06,0.766038,0.233962
LCS,1,https://www.oddsportal.com/esports/league-of-legends/league-of-legends-lcs-2024/results/,20 Jul 2024 - Summer Season,2024-07-20,2024,Dignitas,Team Liquid,Dignitas,Team Liquid,1-2,1,2,5.76,1.14,0.165217,0.834783
LCS,1,https://www.oddsportal.com/esports/league-of-legends/league-of-legends-lcs-2024/results/,28 Jun 2024 - Summer Season,2024-06-28,2024,Dignitas,FlyQuest eSports,Dignitas,FlyQuest eSports,0-2,0,2,2.88,1.5,0.342466,0.657534
LCS,1,https://www.oddsportal.com/esports/league-of-legends/league-of-legends-lcs-2024/results/,28 Jun 2024 - Summer Season,2024-06-28,2024,Shopify Rebellion,Cloud9,Shopify Rebellion,Cloud9,0-2,0,2,7.33,1.09,0.129454,0.870546
LCS,1,https://www.oddsportal.com/esports/league-of-legends/league-of-legends-lcs-2024/results/,27 Jun 2024 - Summer Season,2024-06-27,2024,100 Thieves,Team Liquid,100 Thieves,Team Liquid,0-2,0,2,3.75,1.22,0.245473,0.754527
LCS,1,https://www.oddsportal.com/esports/league-of-legends/league-of-legends-lcs-2024/results/,23 Jun 2024 - Summer Season,2024-06-23,2024,Team Liquid,Shopify Rebellion,Team Liquid,Shopify Rebellion,2-0,2,0,1.06,9.5,0.899621,0.100379
LCS,1,https://www.oddsportal.com/esports/league-of-legends/league-of-legends-lcs-2024/results/,22 Jun 2024 - Summer Season,2024-06-22,2024,Cloud9,Immortals,Cloud9,Immortals,2-0,2,0,1.22,4.81,0.797678,0.202322
LCS,1,https://www.oddsportal.com/esports/league-of-legends/league-of-legends-lcs-2024/results/,16 Jun 2024 - Summer Season,2024-06-16,2024,100 Thieves,NRG Esports,100 Thieves,NRG Esports,2-0,2,0,1.82,2.68,0.595556,0.404444
LCS,1,https://www.oddsportal.com/esports/league-of-legends/league-of-legends-lcs-2024/results/,15 Jun 2024 - Summer Season,2024-06-15,2024,Cloud9,Dignitas,Cloud9,Dignitas,2-1,2,1,1.24,4.06,0.766038,0.233962
LCS,1,https://www.oddsportal.com/esports/league-of-legends/league-of-legends-lcs-2024/results/,15 Jun 2024 - Summer Season,2024-06-15,2024,Team Liquid,FlyQuest eSports,Team Liquid,FlyQuest eSports,2-1,2,1,1.5,2.68,0.641148,0.358852
LCS,1,https://www.oddsportal.com/esports/league-of-legends/league-of-legends-lcs-2024/results/,31 Mar 2024 - Spring - Play Offs,2024-03-31,2024,FlyQuest eSports,Team Liquid,FlyQuest eSports,Team Liquid,1-3,1,3,1.72,2.27,0.568922,0.431078
LCS,1,https://www.oddsportal.com/esports/league-of-legends/league-of-legends-lcs-2024/results/,30 Mar 2024 - Spring - Play Offs,2024-03-30,2024,Cloud9,Team Liquid,Cloud9,Team Liquid,0-3,0,3,1.55,2.71,0.63615,0.36385
LCS,1,https://www.oddsportal.com/esports/league-of-legends/league-of-legends-lcs-2024/results/,23 Mar 2024 - Spring - Play Offs,2024-03-23,2024,FlyQuest eSports,Cloud9,FlyQuest eSports,Cloud9,3-0,3,0,2.88,1.45,0.334873,0.665127
LCS,1,https://www.oddsportal.com/esports/league-of-legends/league-of-legends-lcs-2024/results/,22 Mar 2024 - Spring - Play Offs,2024-03-22,2024,100 Thieves,Team Liquid,100 Thieves,Team Liquid,1-3,1,3,1.95,1.92,0.496124,0.503876
LCS,1,https://www.oddsportal.com/esports/league-of-legends/league-of-legends-lcs-2024/results/,17 Mar 2024 - Spring - Play Offs,2024-03-17,2024,Team Liquid,Dignitas,Team Liquid,Dignitas,3-0,3,0,1.45,2.86,0.663573,0.336427
LCS,1,https://www.oddsportal.com/esports/league-of-legends/league-of-legends-lcs-2024/results/,16 Mar 2024 - Spring - Play Offs,2024-03-16,2024,100 Thieves,NRG Esports,100 Thieves,NRG Esports,3-2,3,2,1.83,2.07,0.530769,0.469231
LCS,1,https://www.oddsportal.com/esports/league-of-legends/league-of-legends-lcs-2024/results/,15 Mar 2024 - Spring - Play Offs,2024-03-15,2024,FlyQuest eSports,Team Liquid,FlyQuest eSports,Team Liquid,3-2,3,2,1.57,2.71,0.633178,0.366822
LCS,1,https://www.oddsportal.com/esports/league-of-legends/league-of-legends-lcs-2024/results/,14 Mar 2024 - Spring - Play Offs,2024-03-14,2024,100 Thieves,Cloud9,100 Thieves,Cloud9,0-3,0,3,2.71,1.55,0.36385,0.63615
LCS,1,https://www.oddsportal.com/esports/league-of-legends/league-of-legends-lcs-2024/results/,10 Mar 2024 - Spring Season,2024-03-10,2024,FlyQuest eSports,Dignitas,FlyQuest eSports,Dignitas,1-0,1,0,1.54,2.56,0.62439,0.37561
LCS,1,https://www.oddsportal.com/esports/league-of-legends/league-of-legends-lcs-2024/results/,10 Mar 2024 - Spring Season,2024-03-10,2024,Cloud9,Shopify Rebellion,Cloud9,Shopify Rebellion,1-0,1,0,1.45,2.9,0.666667,0.333333
LCS,1,https://www.oddsportal.com/esports/league-of-legends/league-of-legends-lcs-2024/results/,10 Mar 2024 - Spring Season,2024-03-10,2024,NRG Esports,100 Thieves,NRG Esports,100 Thieves,0-1,0,1,1.92,2.0,0.510204,0.489796
LCS,1,https://www.oddsportal.com/esports/league-of-legends/league-of-legends-lcs-2024/results/,10 Mar 2024 - Spring Season,2024-03-10,2024,Team Liquid,Immortals,Team Liquid,Immortals,1-0,1,0,1.38,3.3,0.705128,0.294872
LCS,2,https://www.oddsportal.com/esports/league-of-legends/league-of-legends-lcs-2024/results/#/page/2/,09 Mar 2024 - Spring Season,2024-03-09,2024,100 Thieves,Shopify Rebellion,100 Thieves,Shopify Rebellion,1-0,1,0,1.58,2.45,0.60794,0.39206
LCS,2,https://www.oddsportal.com/esports/league-of-legends/league-of-legends-lcs-2024/results/#/page/2/,09 Mar 2024 - Spring Season,2024-03-09,2024,Team Liquid,Dignitas,Team Liquid,Dignitas,0-1,0,1,1.45,2.86,0.663573,0.336427
LCS,2,https://www.oddsportal.com/esports/league-of-legends/league-of-legends-lcs-2024/results/#/page/2/,09 Mar 2024 - Spring Season,2024-03-09,2024,Immortals,Cloud9,Immortals,Cloud9,1-0,1,0,3.89,1.28,0.247582,0.752418
LCS,2,https://www.oddsportal.com/esports/league-of-legends/league-of-legends-lcs-2024/results/#/page/2/,08 Mar 2024 - Spring Season,2024-03-08,2024,Immortals,100 Thieves,Immortals,100 Thieves,0-1,0,1,2.71,1.49,0.354762,0.645238
LCS,2,https://www.oddsportal.com/esports/league-of-legends/league-of-legends-lcs-2024/results/#/page/2/,08 Mar 2024 - Spring Season,2024-03-08,2024,Team Liquid,FlyQuest eSports,Team Liquid,FlyQuest eSports,1-0,1,0,2.25,1.65,0.423077,0.576923
LCS,2,https://www.oddsportal.com/esports/league-of-legends/league-of-legends-lcs-2024/results/#/page/2/,08 Mar 2024 - Spring Season,2024-03-08,2024,Dignitas,Cloud9,Dignitas,Cloud9,0-1,0,1,3.47,1.33,0.277083,0.722917
LCS,2,https://www.oddsportal.com/esports/league-of-legends/league-of-legends-lcs-2024/results/#/page/2/,03 Mar 2024 - Spring Season,2024-03-03,2024,Team Liquid,Cloud9,Team Liquid,Cloud9,0-1,0,1,2.45,1.58,0.39206,0.60794
LCS,2,https://www.oddsportal.com/esports/league-of-legends/league-of-legends-lcs-2024/results/#/page/2/,03 Mar 2024 - Spring Season,2024-03-03,2024,Dignitas,Shopify Rebellion,Dignitas,Shopify Rebellion,1-0,1,0,1.85,2.07,0.528061,0.471939
LCS,2,https://www.oddsportal.com/esports/league-of-legends/league-of-legends-lcs-2024/results/#/page/2/,03 Mar 2024 - Spring Season,2024-03-03,2024,FlyQuest eSports,100 Thieves,FlyQuest eSports,100 Thieves,1-0,1,0,1.67,2.35,0.584577,0.415423
LCS,2,https://www.oddsportal.com/esports/league-of-legends/league-of-legends-lcs-2024/results/#/page/2/,02 Mar 2024 - Spring Season,2024-03-02,2024,Dignitas,100 Thieves,Dignitas,100 Thieves,0-1,0,1,2.27,1.67,0.423858,0.576142
LCS,2,https://www.oddsportal.com/esports/league-of-legends/league-of-legends-lcs-2024/results/#/page/2/,02 Mar 2024 - Spring Season,2024-03-02,2024,Team Liquid,NRG Esports,Team Liquid,NRG Esports,0-1,0,1,2.0,1.9,0.487179,0.512821
LCS,2,https://www.oddsportal.com/esports/league-of-legends/league-of-legends-lcs-2024/results/#/page/2/,02 Mar 2024 - Spring Season,2024-03-02,2024,FlyQuest eSports,Cloud9,FlyQuest eSports,Cloud9,0-1,0,1,2.27,1.75,0.435323,0.564677
LCS,2,https://www.oddsportal.com/esports/league-of-legends/league-of-legends-lcs-2024/results/#/page/2/,11 Feb 2024 - Spring Season,2024-02-11,2024,Team Liquid,Shopify Rebellion,Team Liquid,Shopify Rebellion,1-0,1,0,1.54,2.56,0.62439,0.37561
LCS,2,https://www.oddsportal.com/esports/league-of-legends/league-of-legends-lcs-2024/results/#/page/2/,11 Feb 2024 - Spring Season,2024-02-11,2024,NRG Esports,Dignitas,NRG Esports,Dignitas,0-1,0,1,1.45,3.07,0.679204,0.320796
LCS,2,https://www.oddsportal.com/esports/league-of-legends/league-of-legends-lcs-2024/results/#/page/2/,11 Feb 2024 - Spring Season,2024-02-11,2024,Cloud9,100 Thieves,Cloud9,100 Thieves,0-1,0,1,1.42,3.07,0.683742,0.316258
LCS,2,https://www.oddsportal.com/esports/league-of-legends/league-of-legends-lcs-2024/results/#/page/2/,10 Feb 2024 - Spring Season,2024-02-10,2024,Team Liquid,100 Thieves,Team Liquid,100 Thieves,0-1,0,1,1.57,2.35,0.59949,0.40051
LCS,2,https://www.oddsportal.com/esports/league-of-legends/league-of-legends-lcs-2024/results/#/page/2/,10 Feb 2024 - Spring Season,2024-02-10,2024,Immortals,Dignitas,Immortals,Dignitas,0-1,0,1,1.92,1.92,0.5,0.5
LCS,2,https://www.oddsportal.com/esports/league-of-legends/league-of-legends-lcs-2024/results/#/page/2/,10 Feb 2024 - Spring Season,2024-02-10,2024,NRG Esports,Cloud9,NRG Esports,Cloud9,0-1,0,1,2.0,1.87,0.483204,0.516796
LCS,2,https://www.oddsportal.com/esports/league-of-legends/league-of-legends-lcs-2024/results/#/page/2/,04 Feb 2024 - Spring Season,2024-02-04,2024,100 Thieves,Shopify Rebellion,100 Thieves,Shopify Rebellion,1-0,1,0,1.75,2.25,0.5625,0.4375
LCS,2,https://www.oddsportal.com/esports/league-of-legends/league-of-legends-lcs-2024/results/#/page/2/,04 Feb 2024 - Spring Season,2024-02-04,2024,Team Liquid,Cloud9,Team Liquid,Cloud9,1-0,1,0,2.82,1.44,0.338028,0.661972
LCS,2,https://www.oddsportal.com/esports/league-of-legends/league-of-legends-lcs-2024/results/#/page/2/,04 Feb 2024 - Spring Season,2024-02-04,2024,FlyQuest eSports,Dignitas,FlyQuest eSports,Dignitas,1-0,1,0,1.45,2.86,0.663573,0.336427
LCS,2,https://www.oddsportal.com/esports/league-of-legends/league-of-legends-lcs-2024/results/#/page/2/,03 Feb 2024 - Spring Season,2024-02-03,2024,Immortals,100 Thieves,Immortals,100 Thieves,0-1,0,1,2.42,1.8,0.42654,0.57346
LCS,2,https://www.oddsportal.com/esports/league-of-legends/league-of-legends-lcs-2024/results/#/page/2/,03 Feb 2024 - Spring Season,2024-02-03,2024,FlyQuest eSports,Cloud9,FlyQuest eSports,Cloud9,1-0,1,0,2.71,1.5,0.356295,0.643705
LCS,2,https://www.oddsportal.com/esports/league-of-legends/league-of-legends-lcs-2024/results/#/page/2/,03 Feb 2024 - Spring Season,2024-02-03,2024,Team Liquid,Dignitas,Team Liquid,Dignitas,1-0,1,0,1.5,2.86,0.655963,0.344037
LCS,2,https://www.oddsportal.com/esports/league-of-legends/league-of-legends-lcs-2024/results/#/page/2/,02 Feb 2024 - Spring Season,2024-02-02,2024,FlyQuest eSports,100 Thieves,FlyQuest eSports,100 Thieves,1-0,1,0,1.63,2.7,0.623557,0.376443
LCS,2,https://www.oddsportal.com/esports/league-of-legends/league-of-legends-lcs-2024/results/#/page/2/,02 Feb 2024 - Spring Season,2024-02-02,2024,Dignitas,Shopify Rebellion,Dignitas,Shopify Rebellion,1-0,1,0,1.92,1.98,0.507692,0.492308
LCS,2,https://www.oddsportal.com/esports/league-of-legends/league-of-legends-lcs-2024/results/#/page/2/,02 Feb 2024 - Spring Season,2024-02-02,2024,Team Liquid,NRG Esports,Team Liquid,NRG Esports,0-1,0,1,2.35,1.63,0.409548,0.590452
LCS,2,https://www.oddsportal.com/esports/league-of-legends/league-of-legends-lcs-2024/results/#/page/2/,02 Feb 2024 - Spring Season,2024-02-02,2024,Immortals,Cloud9,Immortals,Cloud9,1-0,1,0,6.15,1.14,0.156379,0.843621
LCS,2,https://www.oddsportal.com/esports/league-of-legends/league-of-legends-lcs-2024/results/#/page/2/,28 Jan 2024 - Spring Season,2024-01-28,2024,Team Liquid,Immortals,Team Liquid,Immortals,1-0,1,0,1.4,3.07,0.686801,0.313199
LCS,2,https://www.oddsportal.com/esports/league-of-legends/league-of-legends-lcs-2024/results/#/page/2/,28 Jan 2024 - Spring Season,2024-01-28,2024,Cloud9,Shopify Rebellion,Cloud9,Shopify Rebellion,0-1,0,1,1.13,6.64,0.854569,0.145431
LCS,2,https://www.oddsportal.com/esports/league-of-legends/league-of-legends-lcs-2024/results/#/page/2/,28 Jan 2024 - Spring Season,2024-01-28,2024,Dignitas,100 Thieves,Dignitas,100 Thieves,0-1,0,1,1.98,1.87,0.485714,0.514286
LCS,2,https://www.oddsportal.com/esports/league-of-legends/league-of-legends-lcs-2024/results/#/page/2/,27 Jan 2024 - Spring Season,2024-01-27,2024,Team Liquid,FlyQuest eSports,Team Liquid,FlyQuest eSports,0-1,0,1,1.87,1.98,0.514286,0.485714
LCS,2,https://www.oddsportal.com/esports/league-of-legends/league-of-legends-lcs-2024/results/#/page/2/,27 Jan 2024 - Spring Season,2024-01-27,2024,NRG Esports,100 Thieves,NRG Esports,100 Thieves,1-0,1,0,1.45,2.86,0.663573,0.336427
LCS,2,https://www.oddsportal.com/esports/league-of-legends/league-of-legends-lcs-2024/results/#/page/2/,27 Jan 2024 - Spring Season,2024-01-27,2024,Dignitas,Cloud9,Dignitas,Cloud9,0-1,0,1,4.51,1.22,0.212914,0.787086
LCS,2,https://www.oddsportal.com/esports/league-of-legends/league-of-legends-lcs-2024/results/#/page/2/,21 Jan 2024 - Spring Season,2024-01-21,2024,NRG Esports,Dignitas,NRG Esports,Dignitas,1-0,1,0,1.36,3.26,0.705628,0.294372
LCS,2,https://www.oddsportal.com/esports/league-of-legends/league-of-legends-lcs-2024/results/#/page/2/,21 Jan 2024 - Spring Season,2024-01-21,2024,100 Thieves,Cloud9,100 Thieves,Cloud9,0-1,0,1,5.08,1.2,0.191083,0.808917
LCS,2,https://www.oddsportal.com/esports/league-of-legends/league-of-legends-lcs-2024/results/#/page/2/,21 Jan 2024 - Spring Season,2024-01-21,2024,Shopify Rebellion,Team Liquid,Shopify Rebellion,Team Liquid,0-1,0,1,2.86,1.45,0.336427,0.663573
LCS,2,https://www.oddsportal.com/esports/league-of-legends/league-of-legends-lcs-2024/results/#/page/2/,20 Jan 2024 - Spring Season,2024-01-20,2024,Dignitas,Immortals,Dignitas,Immortals,1-0,1,0,1.73,2.17,0.55641,0.44359
LCS,3,https://www.oddsportal.com/esports/league-of-legends/league-of-legends-lcs-2024/results/#/page/3/,20 Jan 2024 - Spring Season,2024-01-20,2024,Cloud9,NRG Esports,Cloud9,NRG Esports,1-0,1,0,1.54,2.56,0.62439,0.37561
LCS,3,https://www.oddsportal.com/esports/league-of-legends/league-of-legends-lcs-2024/results/#/page/3/,20 Jan 2024 - Spring Season,2024-01-20,2024,Team Liquid,100 Thieves,Team Liquid,100 Thieves,0-1,0,1,1.49,2.71,0.645238,0.354762
LCS,1,https://www.oddsportal.com/esports/league-of-legends/league-of-legends-lcs/results/,17 May 2026 - Spring Season,2026-05-17 00:00:00,2026,Sentinels,Dignitas,Sentinels,Dignitas,2-0,2,0,1.16,6.15,0.841313,0.158687
LCS,1,https://www.oddsportal.com/esports/league-of-legends/league-of-legends-lcs/results/,16 May 2026 - Spring Season,2026-05-16 00:00:00,2026,Team Liquid,Cloud9,Team Liquid,Cloud9,0-2,0,2,2.18,1.71,0.439589,0.560411
LCS,1,https://www.oddsportal.com/esports/league-of-legends/league-of-legends-lcs/results/,10 May 2026 - Spring Season,2026-05-10 00:00:00,2026,Lyon Gaming,Team Liquid,Lyon Gaming,Team Liquid,2-1,2,1,1.92,2.07,0.518797,0.481203
LCS,1,https://www.oddsportal.com/esports/league-of-legends/league-of-legends-lcs/results/,10 May 2026 - Spring Season,2026-05-10 00:00:00,2026,Cloud9,FlyQuest eSports,Cloud9,FlyQuest eSports,2-1,2,1,1.49,2.94,0.663657,0.336343
LCS,1,https://www.oddsportal.com/esports/league-of-legends/league-of-legends-lcs/results/,09 May 2026 - Spring Season,2026-05-09 00:00:00,2026,Disguised,Dignitas,Disguised,Dignitas,2-0,2,0,1.3,3.0,0.697674,0.302326
LCS,1,https://www.oddsportal.com/esports/league-of-legends/league-of-legends-lcs/results/,09 May 2026 - Spring Season,2026-05-09 00:00:00,2026,Shopify Rebellion,Sentinels,Shopify Rebellion,Sentinels,0-2,0,2,3.48,1.36,0.280992,0.719008
LCS,1,https://www.oddsportal.com/esports/league-of-legends/league-of-legends-lcs/results/,03 May 2026 - Spring Season,2026-05-03 00:00:00,2026,Lyon Gaming,Sentinels,Lyon Gaming,Sentinels,2-0,2,0,1.54,2.6,0.628019,0.371981
LCS,1,https://www.oddsportal.com/esports/league-of-legends/league-of-legends-lcs/results/,02 May 2026 - Spring Season,2026-05-02 00:00:00,2026,Team Liquid,Disguised,Team Liquid,Disguised,2-0,2,0,1.12,7.8,0.874439,0.125561
LCS,1,https://www.oddsportal.com/esports/league-of-legends/league-of-legends-lcs/results/,02 May 2026 - Spring Season,2026-05-02 00:00:00,2026,Cloud9,Dignitas,Cloud9,Dignitas,2-1,2,1,1.05,11.9,0.918919,0.081081
LCS,1,https://www.oddsportal.com/esports/league-of-legends/league-of-legends-lcs/results/,26 Apr 2026 - Spring Season,2026-04-26 00:00:00,2026,Team Liquid,Sentinels,Team Liquid,Sentinels,2-1,2,1,1.03,7.5,0.87925,0.12075
LCS,1,https://www.oddsportal.com/esports/league-of-legends/league-of-legends-lcs/results/,25 Apr 2026 - Spring Season,2026-04-25 00:00:00,2026,Cloud9,Shopify Rebellion,Cloud9,Shopify Rebellion,2-0,2,0,1.04,7.0,0.870647,0.129353
LCS,1,https://www.oddsportal.com/esports/league-of-legends/league-of-legends-lcs/results/,25 Apr 2026 - Spring Season,2026-04-25 00:00:00,2026,FlyQuest eSports,Dignitas,FlyQuest eSports,Dignitas,2-0,2,0,1.22,4.51,0.787086,0.212914
LCS,1,https://www.oddsportal.com/esports/league-of-legends/league-of-legends-lcs/results/,19 Apr 2026 - Spring Season,2026-04-19 00:00:00,2026,Dignitas,Team Liquid,Dignitas,Team Liquid,1-2,1,2,6.3,1.12,0.150943,0.849057
LCS,1,https://www.oddsportal.com/esports/league-of-legends/league-of-legends-lcs/results/,18 Apr 2026 - Spring Season,2026-04-18 00:00:00,2026,Sentinels,FlyQuest eSports,Sentinels,FlyQuest eSports,2-1,2,1,1.62,2.05,0.558583,0.441417
LCS,1,https://www.oddsportal.com/esports/league-of-legends/league-of-legends-lcs/results/,18 Apr 2026 - Spring Season,2026-04-18 00:00:00,2026,Disguised,Cloud9,Disguised,Cloud9,0-2,0,2,5.8,1.14,0.164265,0.835735
LCS,1,https://www.oddsportal.com/esports/league-of-legends/league-of-legends-lcs/results/,12 Apr 2026 - Spring Season,2026-04-12 00:00:00,2026,Sentinels,Cloud9,Sentinels,Cloud9,1-2,1,2,4.78,1.32,0.216393,0.783607
LCS,1,https://www.oddsportal.com/esports/league-of-legends/league-of-legends-lcs/results/,11 Apr 2026 - Spring Season,2026-04-11 00:00:00,2026,Dignitas,Lyon Gaming,Dignitas,Lyon Gaming,1-2,1,2,3.2,1.26,0.282511,0.717489
LCS,1,https://www.oddsportal.com/esports/league-of-legends/league-of-legends-lcs/results/,11 Apr 2026 - Spring Season,2026-04-11 00:00:00,2026,Shopify Rebellion,Team Liquid,Shopify Rebellion,Team Liquid,0-2,0,2,2.94,1.46,0.331818,0.668182
LCS,1,https://www.oddsportal.com/esports/league-of-legends/league-of-legends-lcs/results/,01 Mar 2026 - Winter - Play Offs,2026-03-01 00:00:00,2026,Lyon Gaming,Cloud9,Lyon Gaming,Cloud9,3-1,3,1,3.47,1.36,0.281573,0.718427
LCS,1,https://www.oddsportal.com/esports/league-of-legends/league-of-legends-lcs/results/,28 Feb 2026 - Winter - Play Offs,2026-02-28 00:00:00,2026,Lyon Gaming,Sentinels,Lyon Gaming,Sentinels,3-1,3,1,1.3,4.2,0.763636,0.236364
LCS,1,https://www.oddsportal.com/esports/league-of-legends/league-of-legends-lcs/results/,27 Feb 2026 - Winter - Play Offs,2026-02-27 00:00:00,2026,Team Liquid,Lyon Gaming,Team Liquid,Lyon Gaming,1-3,1,3,1.86,2.02,0.520619,0.479381
LCS,1,https://www.oddsportal.com/esports/league-of-legends/league-of-legends-lcs/results/,22 Feb 2026 - Winter - Play Offs,2026-02-22 00:00:00,2026,Cloud9,Sentinels,Cloud9,Sentinels,3-0,3,0,1.14,6.4,0.848806,0.151194
LCS,1,https://www.oddsportal.com/esports/league-of-legends/league-of-legends-lcs/results/,20 Feb 2026 - Winter - Play Offs,2026-02-20 00:00:00,2026,Team Liquid,Disguised,Team Liquid,Disguised,3-0,3,0,1.63,2.7,0.623557,0.376443
LCS,1,https://www.oddsportal.com/esports/league-of-legends/league-of-legends-lcs/results/,15 Feb 2026 - Winter - Play Offs,2026-02-15 00:00:00,2026,Cloud9,FlyQuest eSports,Cloud9,FlyQuest eSports,3-0,3,0,1.32,3.8,0.742188,0.257812
LCS,1,https://www.oddsportal.com/esports/league-of-legends/league-of-legends-lcs/results/,14 Feb 2026 - Winter - Play Offs,2026-02-14 00:00:00,2026,Sentinels,Disguised,Sentinels,Disguised,3-2,3,2,1.68,2.28,0.575758,0.424242
LCS,1,https://www.oddsportal.com/esports/league-of-legends/league-of-legends-lcs/results/,08 Feb 2026 - Winter Season,2026-02-08 00:00:00,2026,Dignitas,Team Liquid,Dignitas,Team Liquid,0-1,0,1,3.15,1.62,0.339623,0.660377
LCS,1,https://www.oddsportal.com/esports/league-of-legends/league-of-legends-lcs/results/,08 Feb 2026 - Winter Season,2026-02-08 00:00:00,2026,FlyQuest eSports,Dignitas,FlyQuest eSports,Dignitas,2-0,2,0,1.22,4.51,0.787086,0.212914
LCS,1,https://www.oddsportal.com/esports/league-of-legends/league-of-legends-lcs/results/,08 Feb 2026 - Winter Season,2026-02-08 00:00:00,2026,Cloud9,FlyQuest eSports,Cloud9,FlyQuest eSports,2-1,2,1,1.45,5.0,0.775194,0.224806
LCS,1,https://www.oddsportal.com/esports/league-of-legends/league-of-legends-lcs/results/,08 Feb 2026 - Winter Season,2026-02-08 00:00:00,2026,Dignitas,Shopify Rebellion,Dignitas,Shopify Rebellion,2-0,2,0,2.73,1.52,0.357647,0.642353
LCS,1,https://www.oddsportal.com/esports/league-of-legends/league-of-legends-lcs/results/,07 Feb 2026 - Winter Season,2026-02-07 00:00:00,2026,Team Liquid,Sentinels,Team Liquid,Sentinels,1-2,1,2,1.4,3.25,0.698925,0.301075
LCS,1,https://www.oddsportal.com/esports/league-of-legends/league-of-legends-lcs/results/,01 Feb 2026 - Winter Season,2026-02-01 00:00:00,2026,Shopify Rebellion,Team Liquid,Shopify Rebellion,Team Liquid,0-2,0,2,2.6,1.79,0.407745,0.592255
LCS,1,https://www.oddsportal.com/esports/league-of-legends/league-of-legends-lcs/results/,31 Jan 2026 - Winter Season,2026-01-31 00:00:00,2026,Sentinels,Dignitas,Sentinels,Dignitas,2-0,2,0,1.48,2.35,0.613577,0.386423
LCS,1,https://www.oddsportal.com/esports/league-of-legends/league-of-legends-lcs/results/,31 Jan 2026 - Winter Season,2026-01-31 00:00:00,2026,Cloud9,Lyon Gaming,Cloud9,Lyon Gaming,2-0,2,0,1.54,2.7,0.636792,0.363208
LCS,1,https://www.oddsportal.com/esports/league-of-legends/league-of-legends-lcs/results/,25 Jan 2026 - Winter Season,2026-01-25 00:00:00,2026,Lyon Gaming,Dignitas,Lyon Gaming,Dignitas,2-0,2,0,1.14,7.1,0.86165,0.13835
LCS,1,https://www.oddsportal.com/esports/league-of-legends/league-of-legends-lcs/results/,24 Jan 2026 - Winter Season,2026-01-24 00:00:00,2026,Sentinels,Disguised,Sentinels,Disguised,1-2,1,2,1.6,2.1,0.567568,0.432432
LCS,1,https://www.oddsportal.com/esports/league-of-legends/league-of-legends-lcs/results/,24 Jan 2026 - Winter Season,2026-01-24 00:00:00,2026,Cloud9,Team Liquid,Cloud9,Team Liquid,2-0,2,0,1.62,2.53,0.609639,0.390361
EWC,1,https://www.oddsportal.com/esports/league-of-legends/league-of-legends-esports-world-cup/results/,"Today, 19 May - Qualification",2026-05-19 00:00:00,2026,FearX,Nongshim RedForce,BNK FEARX,Nongshim RedForce,1-2,1,2,1.5,2.6,0.634146,0.365854
EWC,1,https://www.oddsportal.com/esports/league-of-legends/league-of-legends-esports-world-cup/results/,"Today, 19 May - Qualification",2026-05-19 00:00:00,2026,Hanwha Life,OKSavingsBank Brion,Hanwha Life Esports,HANJIN BRION,2-0,2,0,1.2,5.4,0.818182,0.181818
EWC,1,https://www.oddsportal.com/esports/league-of-legends/league-of-legends-esports-world-cup/results/,"Yesterday, 18 May - Qualification",2026-05-18 00:00:00,2026,DN SOOPers,Nongshim RedForce,DN SOOPers,Nongshim RedForce,0-2,0,2,2.94,1.42,0.325688,0.674312
EWC,1,https://www.oddsportal.com/esports/league-of-legends/league-of-legends-esports-world-cup/results/,"Yesterday, 18 May - Qualification",2026-05-18 00:00:00,2026,KT Rolster,OKSavingsBank Brion,KT Rolster,HANJIN BRION,0-2,0,2,1.28,3.8,0.748031,0.251969
EWC,1,https://www.oddsportal.com/esports/league-of-legends/league-of-legends-esports-world-cup/results/,17 May 2026 - Qualification,2026-05-17 00:00:00,2026,Karmine Corp,Movistar KOI,Karmine Corp,Movistar KOI,3-1,3,1,1.67,2.2,0.568475,0.431525
EWC,1,https://www.oddsportal.com/esports/league-of-legends/league-of-legends-esports-world-cup/results/,16 May 2026 - Qualification,2026-05-16 00:00:00,2026,G2 Esports,Karmine Corp,G2 Esports,Karmine Corp,3-0,3,0,1.42,2.88,0.669767,0.330233
EWC,1,https://www.oddsportal.com/esports/league-of-legends/league-of-legends-esports-world-cup/results/,16 May 2026 - Qualification,2026-05-16 00:00:00,2026,Natus Vincere,Movistar KOI,Natus Vincere,Movistar KOI,0-2,0,2,2.84,1.43,0.334895,0.665105
EWC,1,https://www.oddsportal.com/esports/league-of-legends/league-of-legends-esports-world-cup/results/,15 May 2026 - Qualification,2026-05-15 00:00:00,2026,Movistar KOI,GIANTX,Movistar KOI,GiantX,2-0,2,0,1.29,4.2,0.765027,0.234973
EWC,1,https://www.oddsportal.com/esports/league-of-legends/league-of-legends-esports-world-cup/results/,15 May 2026 - Qualification,2026-05-15 00:00:00,2026,Natus Vincere,Galions,Natus Vincere,Galions,2-1,2,1,1.43,2.84,0.665105,0.334895
EWC,1,https://www.oddsportal.com/esports/league-of-legends/league-of-legends-esports-world-cup/results/,14 May 2026 - Qualification,2026-05-14 00:00:00,2026,GIANTX,Solary,GiantX,Solary,2-0,2,0,1.94,1.86,0.489474,0.510526
EWC,1,https://www.oddsportal.com/esports/league-of-legends/league-of-legends-esports-world-cup/results/,14 May 2026 - Qualification,2026-05-14 00:00:00,2026,G2 Esports,Natus Vincere,G2 Esports,Natus Vincere,2-0,2,0,1.24,4.1,0.76779,0.23221
EWC,1,https://www.oddsportal.com/esports/league-of-legends/league-of-legends-esports-world-cup/results/,14 May 2026 - Qualification,2026-05-14 00:00:00,2026,Karmine Corp,Movistar KOI,Karmine Corp,Movistar KOI,2-0,2,0,1.72,2.12,0.552083,0.447917
EWC,1,https://www.oddsportal.com/esports/league-of-legends/league-of-legends-esports-world-cup/results/,12 May 2026 - Qualification,2026-05-12 00:00:00,2026,Hanwha Life,Dplus Kia,Hanwha Life Esports,Dplus Kia,1-2,1,2,1.28,3.8,0.748031,0.251969
EWC,1,https://www.oddsportal.com/esports/league-of-legends/league-of-legends-esports-world-cup/results/,12 May 2026 - Qualification,2026-05-12 00:00:00,2026,FearX,T1,BNK FEARX,T1,0-2,0,2,4.5,1.22,0.213287,0.786713
EWC,1,https://www.oddsportal.com/esports/league-of-legends/league-of-legends-esports-world-cup/results/,05 May 2026 - Qualification,2026-05-05 00:00:00,2026,Dplus Kia,Nongshim RedForce,Dplus Kia,Nongshim RedForce,2-0,2,0,1.35,3.25,0.706522,0.293478
EWC,1,https://www.oddsportal.com/esports/league-of-legends/league-of-legends-esports-world-cup/results/,05 May 2026 - Qualification,2026-05-05 00:00:00,2026,Hanwha Life,DN SOOPers,Hanwha Life Esports,DN SOOPers,2-0,2,0,1.05,10.0,0.904977,0.095023
EWC,1,https://www.oddsportal.com/esports/league-of-legends/league-of-legends-esports-world-cup/results/,04 May 2026 - Qualification,2026-05-04 00:00:00,2026,T1,OKSavingsBank Brion,T1,HANJIN BRION,2-0,2,0,1.12,6.4,0.851064,0.148936
EWC,1,https://www.oddsportal.com/esports/league-of-legends/league-of-legends-esports-world-cup/results/,04 May 2026 - Qualification,2026-05-04 00:00:00,2026,KT Rolster,FearX,KT Rolster,BNK FEARX,0-2,0,2,1.3,3.5,0.729167,0.270833
EWC,1,https://www.oddsportal.com/esports/league-of-legends/league-of-legends-esports-world-cup/results/,04 May 2026 - Qualification,2026-05-04 00:00:00,2026,KRX,DN SOOPers,KRX,DN SOOPers,1-2,1,2,1.58,2.72,0.632558,0.367442
EWC,1,https://www.oddsportal.com/esports/league-of-legends/league-of-legends-esports-world-cup/results/,30 Apr 2026 - Qualification,2026-04-30 00:00:00,2026,GIANTX,Heretics,GiantX,Heretics,2-0,2,0,1.29,3.65,0.738866,0.261134
EWC,1,https://www.oddsportal.com/esports/league-of-legends/league-of-legends-esports-world-cup/results/,30 Apr 2026 - Qualification,2026-04-30 00:00:00,2026,Fnatic,Solary,Fnatic,Solary,0-2,0,2,1.58,2.5,0.612745,0.387255
EWC,1,https://www.oddsportal.com/esports/league-of-legends/league-of-legends-esports-world-cup/results/,30 Apr 2026 - Qualification,2026-04-30 00:00:00,2026,SK Gaming,Galions,SK Gaming,Galions,0-2,0,2,3.8,2.64,0.409938,0.590062
EWC,1,https://www.oddsportal.com/esports/league-of-legends/league-of-legends-esports-world-cup/results/,29 Apr 2026 - Qualification,2026-04-29 00:00:00,2026,Sentinels,FlyQuest eSports,Sentinels,FlyQuest eSports,3-1,3,1,2.04,1.79,0.467363,0.532637
EWC,1,https://www.oddsportal.com/esports/league-of-legends/league-of-legends-esports-world-cup/results/,29 Apr 2026 - Qualification,2026-04-29 00:00:00,2026,Karmine Corp,SK Gaming,Karmine Corp,SK Gaming,2-0,2,0,1.01,9.0,0.899101,0.100899
EWC,1,https://www.oddsportal.com/esports/league-of-legends/league-of-legends-esports-world-cup/results/,29 Apr 2026 - Qualification,2026-04-29 00:00:00,2026,FlyQuest eSports,Sentinels,FlyQuest eSports,Sentinels,1-2,1,2,1.74,2.08,0.544503,0.455497
EWC,1,https://www.oddsportal.com/esports/league-of-legends/league-of-legends-esports-world-cup/results/,29 Apr 2026 - Qualification,2026-04-29 00:00:00,2026,Movistar KOI,Vitality,Movistar KOI,Vitality,2-1,2,1,1.26,3.2,0.717489,0.282511
EWC,1,https://www.oddsportal.com/esports/league-of-legends/league-of-legends-esports-world-cup/results/,29 Apr 2026 - Qualification,2026-04-29 00:00:00,2026,G2 Esports,Fnatic,G2 Esports,Fnatic,2-0,2,0,1.22,4.6,0.790378,0.209622
EWC,1,https://www.oddsportal.com/esports/league-of-legends/league-of-legends-esports-world-cup/results/,29 Apr 2026 - Qualification,2026-04-29 00:00:00,2026,GIANTX,Natus Vincere,GiantX,Natus Vincere,0-2,0,2,2.26,1.64,0.420513,0.579487
EWC,1,https://www.oddsportal.com/esports/league-of-legends/league-of-legends-esports-world-cup/results/,28 Apr 2026 - Qualification,2026-04-28 00:00:00,2026,Heretics,SK Gaming,Heretics,SK Gaming,0-2,0,2,2.02,1.79,0.469816,0.530184
EWC,1,https://www.oddsportal.com/esports/league-of-legends/league-of-legends-esports-world-cup/results/,28 Apr 2026 - Qualification,2026-04-28 00:00:00,2026,FlyQuest eSports,Team Liquid,FlyQuest eSports,Team Liquid,2-1,2,1,2.78,1.44,0.341232,0.658768
EWC,1,https://www.oddsportal.com/esports/league-of-legends/league-of-legends-esports-world-cup/results/,28 Apr 2026 - Qualification,2026-04-28 00:00:00,2026,Fnatic,Shifters,Fnatic,Shifters,2-1,2,1,1.37,3.1,0.693512,0.306488
EWC,1,https://www.oddsportal.com/esports/league-of-legends/league-of-legends-esports-world-cup/results/,28 Apr 2026 - Qualification,2026-04-28 00:00:00,2026,Natus Vincere,Galions,Natus Vincere,Galions,2-0,2,0,1.08,7.8,0.878378,0.121622
EWC,1,https://www.oddsportal.com/esports/league-of-legends/league-of-legends-esports-world-cup/results/,23 Apr 2026 - Qualification,2026-04-23 00:00:00,2026,Team Liquid,Lyon Gaming,Team Liquid,Lyon Gaming,2-0,2,0,1.98,1.83,0.480315,0.519685
EWC,1,https://www.oddsportal.com/esports/league-of-legends/league-of-legends-esports-world-cup/results/,23 Apr 2026 - Qualification,2026-04-23 00:00:00,2026,FlyQuest eSports,Sentinels,FlyQuest eSports,Sentinels,1-2,1,2,1.74,2.08,0.544503,0.455497
EWC,1,https://www.oddsportal.com/esports/league-of-legends/league-of-legends-esports-world-cup/results/,22 Apr 2026 - Qualification,2026-04-22 00:00:00,2026,Cloud9,Team Liquid,Cloud9,Team Liquid,0-2,0,2,1.62,2.3,0.586735,0.413265
EWC,1,https://www.oddsportal.com/esports/league-of-legends/league-of-legends-esports-world-cup/results/,21 Apr 2026 - Qualification,2026-04-21 00:00:00,2026,Cloud9,Sentinels,Cloud9,Sentinels,0-2,0,2,1.25,4.3,0.774775,0.225225
EWC,1,https://www.oddsportal.com/esports/league-of-legends/league-of-legends-esports-world-cup/results/,20 Apr 2026 - Second stage - Qualification,2026-04-20 00:00:00,2026,Bilibili Gaming,Invictus Gaming,Bilibili Gaming,Invictus Gaming,2-1,2,1,1.17,5.51,0.82485,0.17515
EWC,1,https://www.oddsportal.com/esports/league-of-legends/league-of-legends-esports-world-cup/results/,20 Apr 2026 - Second stage - Qualification,2026-04-20 00:00:00,2026,Weibo Gaming,Oh My God,Weibo Gaming,Oh My God,2-0,2,0,1.2,5.17,0.811617,0.188383
EWC,1,https://www.oddsportal.com/esports/league-of-legends/league-of-legends-esports-world-cup/results/,16 Apr 2026 - Qualification,2026-04-16 00:00:00,2026,Dignitas,Disguised,Dignitas,Disguised,0-2,0,2,2.26,1.78,0.440594,0.559406
EWC,1,https://www.oddsportal.com/esports/league-of-legends/league-of-legends-esports-world-cup/results/,16 Apr 2026 - Qualification,2026-04-16 00:00:00,2026,Shopify Rebellion,Team Liquid,Shopify Rebellion,Team Liquid,0-2,0,2,3.9,1.33,0.254302,0.745698
EWC,1,https://www.oddsportal.com/esports/league-of-legends/league-of-legends-esports-world-cup/results/,15 Apr 2026 - Qualification,2026-04-15 00:00:00,2026,Sentinels,Disguised,Sentinels,Disguised,2-0,2,0,1.65,9.0,0.84507,0.15493
EWC,1,https://www.oddsportal.com/esports/league-of-legends/league-of-legends-esports-world-cup/results/,15 Apr 2026 - Qualification,2026-04-15 00:00:00,2026,Cloud9,Dignitas,Cloud9,Dignitas,2-0,2,0,1.13,6.37,0.849333,0.150667
EWC,1,https://www.oddsportal.com/esports/league-of-legends/league-of-legends-esports-world-cup/results/,14 Apr 2026 - Qualification,2026-04-14 00:00:00,2026,Team Liquid,FlyQuest eSports,Team Liquid,FlyQuest eSports,1-2,1,2,1.8,1.82,0.502762,0.497238
EWC,2,https://www.oddsportal.com/esports/league-of-legends/league-of-legends-esports-world-cup/results/#/page/2/,14 Apr 2026 - Second stage - Qualification,2026-04-14 00:00:00,2026,Invictus Gaming,Top Esports,Invictus Gaming,Top Esports,2-0,2,0,2.36,1.62,0.407035,0.592965
EWC,2,https://www.oddsportal.com/esports/league-of-legends/league-of-legends-esports-world-cup/results/#/page/2/,14 Apr 2026 - Second stage - Qualification,2026-04-14 00:00:00,2026,Team WE,Oh My God,Team WE,Oh My God,0-2,0,2,1.58,2.5,0.612745,0.387255
EWC,2,https://www.oddsportal.com/esports/league-of-legends/league-of-legends-esports-world-cup/results/#/page/2/,13 Apr 2026 - Second stage - Qualification,2026-04-13 00:00:00,2026,Weibo Gaming,Anyone's Legend,Weibo Gaming,Anyone's Legend,0-2,0,2,2.84,1.47,0.341067,0.658933
EWC,2,https://www.oddsportal.com/esports/league-of-legends/league-of-legends-esports-world-cup/results/#/page/2/,13 Apr 2026 - Second stage - Qualification,2026-04-13 00:00:00,2026,Bilibili Gaming,JD Gaming,Bilibili Gaming,JD Gaming,1-2,1,2,1.18,4.47,0.79115,0.20885
EWC,2,https://www.oddsportal.com/esports/league-of-legends/league-of-legends-esports-world-cup/results/#/page/2/,31 Mar 2026 - Second stage - Qualification,2026-03-31 00:00:00,2026,JD Gaming,Oh My God,JD Gaming,Oh My God,2-1,2,1,1.17,7.2,0.860215,0.139785
EWC,2,https://www.oddsportal.com/esports/league-of-legends/league-of-legends-esports-world-cup/results/#/page/2/,31 Mar 2026 - Second stage - Qualification,2026-03-31 00:00:00,2026,Bilibili Gaming,Team WE,Bilibili Gaming,Team WE,2-0,2,0,1.04,11.0,0.913621,0.086379
EWC,2,https://www.oddsportal.com/esports/league-of-legends/league-of-legends-esports-world-cup/results/#/page/2/,30 Mar 2026 - Second stage - Qualification,2026-03-30 00:00:00,2026,Anyone's Legend,Top Esports,Anyone's Legend,Top Esports,2-0,2,0,1.43,2.99,0.676471,0.323529
EWC,2,https://www.oddsportal.com/esports/league-of-legends/league-of-legends-esports-world-cup/results/#/page/2/,30 Mar 2026 - Second stage - Qualification,2026-03-30 00:00:00,2026,Weibo Gaming,Invictus Gaming,Weibo Gaming,Invictus Gaming,2-0,2,0,1.42,2.88,0.669767,0.330233
EWC,2,https://www.oddsportal.com/esports/league-of-legends/league-of-legends-esports-world-cup/results/#/page/2/,29 Mar 2026 - First stage - Qualification,2026-03-29 00:00:00,2026,Ninjas in Pyjamas,Oh My God,Ninjas in Pyjamas,Oh My God,1-2,1,2,1.57,2.67,0.629717,0.370283
EWC,2,https://www.oddsportal.com/esports/league-of-legends/league-of-legends-esports-world-cup/results/#/page/2/,28 Mar 2026 - First stage - Qualification,2026-03-28 00:00:00,2026,LNG Esports,TT Gaming,LNG Esports,TT Gaming,0-2,0,2,1.25,3.9,0.757282,0.242718
EWC,2,https://www.oddsportal.com/esports/league-of-legends/league-of-legends-esports-world-cup/results/#/page/2/,28 Mar 2026 - First stage - Qualification,2026-03-28 00:00:00,2026,Oh My God,Ultra Prime,Oh My God,Ultra Prime,2-0,2,0,1.65,2.33,0.585427,0.414573
EWC,2,https://www.oddsportal.com/esports/league-of-legends/league-of-legends-esports-world-cup/results/#/page/2/,27 Mar 2026 - First stage - Qualification,2026-03-27 00:00:00,2026,EDward Gaming,Ultra Prime,EDward Gaming,Ultra Prime,1-2,1,2,1.26,5.0,0.798722,0.201278
