type,quantity,market_ticker,side,entry_price_cents,exit_price_cents,open_fees_cents,close_fees_cents,realized_pnl_without_fees_cents,realized_pnl_with_fees_cents,close_timestamp,open_timestamp
trade,200,KXNBAGAME-26FEB10LACHOU-HOU,yes,73,100,69,0,5400,5331,2026-02-10T22:41:49-05:00,2026-02-10T20:10:03-05:00
trade,100,KXNBAGAME-26FEB10DALPHX-DAL,yes,25,0,33,0,-2500,-2533,2026-02-10T23:28:59-05:00,2026-02-10T21:14:38-05:00
trade,100,KXNBAGAME-26FEB11CHIBOS-CHI,yes,18,0,26,0,-1800,-1826,2026-02-11T21:55:39-05:00,2026-02-11T19:50:21-05:00
trade,92,KXNBAGAME-26FEB11SASGSW-SAS,yes,57,100,40,0,3956,3916,2026-02-12T00:59:09-05:00,2026-02-11T22:44:07-05:00
trade,100,KXNBAGAME-26FEB11SASGSW-SAS,yes,57,100,43,0,4300,4257,2026-02-12T00:59:09-05:00,2026-02-11T22:44:08-05:00
trade,108,KXNBAGAME-26FEB11SASGSW-SAS,yes,57,100,47,0,4644,4597,2026-02-12T00:59:09-05:00,2026-02-11T22:44:08-05:00
trade,100,KXNCAAMBGAME-26FEB12BRYMASSL-BRY,yes,4,0,7,0,-400,-407,2026-02-12T20:14:00-05:00,2026-02-12T19:14:45-05:00
trade,52,KXNCAAMBGAME-26FEB12UMBCME-ME,yes,3,0,3,0,-156,-159,2026-02-12T20:44:40-05:00,2026-02-12T19:16:30-05:00
trade,48,KXNCAAMBGAME-26FEB12UMBCME-ME,yes,3,0,3,0,-144,-147,2026-02-12T20:44:40-05:00,2026-02-12T19:17:00-05:00
trade,100,KXNCAAMBGAME-26FEB12UVMBING-BING,yes,15,0,23,0,-1500,-1523,2026-02-12T20:54:10-05:00,2026-02-12T19:22:52-05:00
trade,71,KXNCAAMBGAME-26FEB12MTUKENN-MTU,yes,19,100,20,0,5751,5731,2026-02-12T21:08:20-05:00,2026-02-12T19:17:39-05:00
trade,29,KXNCAAMBGAME-26FEB12MTUKENN-MTU,yes,19,100,8,0,2349,2341,2026-02-12T21:08:20-05:00,2026-02-12T19:17:44-05:00
trade,30,KXNCAAMBGAME-26FEB12CCSUNHC-NHC,yes,32,0,12,0,-960,-972,2026-02-12T21:33:50-05:00,2026-02-12T19:20:44-05:00
trade,92,KXNBAGAME-26FEB12MILOKC-OKC,yes,72,0,33,0,-6624,-6657,2026-02-12T22:03:00-05:00,2026-02-12T20:13:32-05:00
trade,8,KXNBAGAME-26FEB12MILOKC-OKC,yes,72,0,3,0,-576,-579,2026-02-12T22:03:00-05:00,2026-02-12T20:13:39-05:00
trade,70,KXNBAGAME-26FEB12MILOKC-OKC,yes,37,0,115,0,-2590,-2705,2026-02-12T22:03:00-05:00,2026-02-12T20:37:34-05:00
trade,30,KXNBAGAME-26FEB12MILOKC-OKC,yes,38,0,49,0,-1140,-1189,2026-02-12T22:03:00-05:00,2026-02-12T20:37:34-05:00
trade,700,KXNBAGAME-26FEB12DALLAL-LAL,yes,69,100,263,0,21700,21437,2026-02-13T00:39:00-05:00,2026-02-12T20:59:44-05:00
trade,100,KXNCAAMBGAME-26FEB13CLMBPENN-PENN,yes,55,100,44,0,4500,4456,2026-02-13T21:34:20-05:00,2026-02-13T18:34:50-05:00
trade,50,KXNCAAMBGAME-26FEB13CLMBPENN-PENN,yes,55,100,22,0,2250,2228,2026-02-13T21:34:20-05:00,2026-02-13T18:34:50-05:00
trade,50,KXNCAAMBGAME-26FEB13CLMBPENN-PENN,yes,55,100,22,0,2250,2228,2026-02-13T21:34:20-05:00,2026-02-13T18:38:39-05:00
trade,1000,KXLOLMAP-26FEB14DKGEN-1-GEN,yes,74,100,0,0,26000,26000,2026-02-14T03:43:20-05:00,2026-02-14T02:45:11-05:00
trade,75,KXLOLMAP-26FEB14DKGEN-2-GEN,yes,38,0,0,0,-2850,-2850,2026-02-14T04:53:30-05:00,2026-02-14T04:34:36-05:00
trade,114,KXLOLMAP-26FEB14DKGEN-2-GEN,yes,38,0,0,0,-4332,-4332,2026-02-14T04:53:30-05:00,2026-02-14T04:34:38-05:00
trade,86,KXLOLMAP-26FEB14DKGEN-2-GEN,yes,38,0,0,0,-3268,-3268,2026-02-14T04:53:30-05:00,2026-02-14T04:34:39-05:00
trade,10,KXLOLMAP-26FEB14DKGEN-2-GEN,yes,38,0,0,0,-380,-380,2026-02-14T04:53:30-05:00,2026-02-14T04:34:48-05:00
trade,15,KXLOLMAP-26FEB14DKGEN-2-GEN,yes,38,0,0,0,-570,-570,2026-02-14T04:53:30-05:00,2026-02-14T04:35:04-05:00
trade,1000,KXLOLGAME-26FEB14DKGEN-DK,yes,9,0,0,0,-9000,-9000,2026-02-14T07:32:50-05:00,2026-02-14T02:49:16-05:00
trade,2000,KXLOLGAME-26FEB14DKGEN-GEN,yes,90,100,0,0,20000,20000,2026-02-14T07:32:50-05:00,2026-02-13T19:56:14-05:00
trade,2,KXLOLTOTALMAPS-26FEB14DKGEN-4,no,31,0,3,0,-62,-65,2026-02-14T07:33:00-05:00,2026-02-14T04:23:26-05:00
trade,1,KXLOLTOTALMAPS-26FEB14DKGEN-4,no,34,0,2,0,-34,-36,2026-02-14T07:33:00-05:00,2026-02-14T04:23:26-05:00
trade,2,KXLOLTOTALMAPS-26FEB14DKGEN-4,no,35,0,3,0,-70,-73,2026-02-14T07:33:00-05:00,2026-02-14T04:23:26-05:00
trade,14,KXLOLTOTALMAPS-26FEB14DKGEN-4,no,35,0,23,0,-490,-513,2026-02-14T07:33:00-05:00,2026-02-14T04:23:26-05:00
trade,31,KXLOLTOTALMAPS-26FEB14DKGEN-4,no,36,0,50,0,-1116,-1166,2026-02-14T07:33:00-05:00,2026-02-14T04:23:26-05:00
trade,50,KXLOLTOTALMAPS-26FEB14DKGEN-4,no,37,0,81,0,-1850,-1931,2026-02-14T07:33:00-05:00,2026-02-14T04:23:26-05:00
trade,50,KXLOLGAME-26FEB14DSGSEN-SEN,yes,55,58,0,0,150,150,2026-02-14T08:23:41-05:00,2026-02-14T05:49:44-05:00
trade,100,KXLOLGAME-26FEB14DSGSEN-DSG,yes,64,0,162,0,-6400,-6562,2026-02-14T21:40:30-05:00,2026-02-14T18:49:48-05:00
trade,50,KXLOLGAME-26FEB14DSGSEN-SEN,yes,55,100,0,0,2250,2250,2026-02-14T21:40:30-05:00,2026-02-14T05:49:44-05:00
trade,500,KXLOLMAP-26FEB15FLYC9-1-C9,yes,61,100,0,0,19500,19500,2026-02-15T17:03:30-05:00,2026-02-15T14:53:25-05:00
trade,200,KXLOLMAP-26FEB15FLYC9-1-C9,yes,61,100,0,0,7800,7800,2026-02-15T17:03:30-05:00,2026-02-15T15:54:45-05:00
trade,200,KXLOLMAP-26FEB15FLYC9-1-C9,yes,60,100,0,0,8000,8000,2026-02-15T17:03:30-05:00,2026-02-15T15:55:13-05:00
trade,300,KXLOLMAP-26FEB15FLYC9-1-C9,yes,60,100,0,0,12000,12000,2026-02-15T17:03:30-05:00,2026-02-15T15:56:37-05:00
trade,200,KXLOLMAP-26FEB15FLYC9-1-C9,yes,60,100,0,0,8000,8000,2026-02-15T17:03:30-05:00,2026-02-15T15:59:15-05:00
trade,112,KXLOLMAP-26FEB15FLYC9-2-FLY,yes,35,0,0,0,-3920,-3920,2026-02-15T17:48:10-05:00,2026-02-15T16:41:39-05:00
trade,500,KXLOLGAME-26FEB15FLYC9-FLY,no,75,100,0,0,12500,12500,2026-02-15T19:03:00-05:00,2026-02-15T15:45:25-05:00
trade,18,KXLOLGAME-26FEB15FLYC9-FLY,no,75,100,0,0,450,450,2026-02-15T19:03:00-05:00,2026-02-15T16:00:06-05:00
trade,185,KXLOLGAME-26FEB15FLYC9-FLY,no,75,100,0,0,4625,4625,2026-02-15T19:03:00-05:00,2026-02-15T16:00:08-05:00
trade,4,KXNBAALLSTARMVP-26-KLEO,yes,69,0,6,0,-276,-282,2026-02-15T20:08:30-05:00,2026-02-15T19:13:31-05:00
trade,196,KXNBAALLSTARMVP-26-KLEO,yes,70,0,289,0,-13720,-14009,2026-02-15T20:08:30-05:00,2026-02-15T19:13:31-05:00
trade,14,KXLOLGAME-26FEB16FNCNAVI-FNC,yes,26,0,19,0,-364,-383,2026-02-16T13:02:50-05:00,2026-02-16T11:33:30-05:00
trade,50,KXLOLGAME-26FEB16FNCNAVI-FNC,yes,26,0,68,0,-1300,-1368,2026-02-16T13:02:50-05:00,2026-02-16T11:33:30-05:00
trade,50,KXLOLGAME-26FEB16FNCNAVI-FNC,yes,26,0,67,0,-1300,-1367,2026-02-16T13:02:50-05:00,2026-02-16T11:33:30-05:00
trade,50,KXLOLGAME-26FEB16FNCNAVI-FNC,yes,26,0,67,0,-1300,-1367,2026-02-16T13:02:50-05:00,2026-02-16T11:33:30-05:00
trade,21,KXLOLGAME-26FEB16FNCNAVI-FNC,yes,26,0,29,0,-546,-575,2026-02-16T13:02:50-05:00,2026-02-16T11:33:30-05:00
trade,100,KXLOLGAME-26FEB16FNCNAVI-FNC,yes,26,0,134,0,-2600,-2734,2026-02-16T13:02:50-05:00,2026-02-16T11:33:30-05:00
trade,100,KXLOLGAME-26FEB16FNCNAVI-FNC,yes,26,0,135,0,-2600,-2735,2026-02-16T13:02:50-05:00,2026-02-16T11:33:30-05:00
trade,250,KXLOLGAME-26FEB16FNCNAVI-FNC,yes,26,0,337,0,-6500,-6837,2026-02-16T13:02:50-05:00,2026-02-16T11:33:30-05:00
trade,365,KXLOLGAME-26FEB16FNCNAVI-FNC,yes,27,0,503,0,-9855,-10358,2026-02-16T13:02:50-05:00,2026-02-16T11:33:30-05:00
trade,400,KXLOLGAME-26FEB16FNCNAVI-NAVI,yes,49,100,0,0,20400,20400,2026-02-16T13:02:50-05:00,2026-02-16T05:27:46-05:00
trade,2,KXLOLGAME-26FEB16MKOIVIT-MKOI,yes,56,100,0,0,88,88,2026-02-16T15:46:10-05:00,2026-02-16T01:33:34-05:00
trade,1969,KXLOLGAME-26FEB16MKOIVIT-MKOI,yes,62,100,3248,0,74822,71574,2026-02-16T15:46:10-05:00,2026-02-16T12:14:59-05:00
trade,6,KXLOLGAME-26FEB16MKOIVIT-MKOI,yes,62,100,10,0,228,218,2026-02-16T15:46:10-05:00,2026-02-16T12:14:59-05:00
trade,5,KXLOLGAME-26FEB16MKOIVIT-MKOI,yes,62,100,8,0,190,182,2026-02-16T15:46:10-05:00,2026-02-16T12:14:59-05:00
trade,4,KXLOLGAME-26FEB16MKOIVIT-MKOI,yes,62,100,7,0,152,145,2026-02-16T15:46:10-05:00,2026-02-16T12:14:59-05:00
trade,298,KXLOLGAME-26FEB16MKOIVIT-MKOI,yes,61,100,0,0,11622,11622,2026-02-16T15:46:10-05:00,2026-02-16T12:29:13-05:00
trade,68,KXLOLGAME-26FEB17G2TH-TH,yes,23,0,0,0,-1564,-1564,2026-02-17T12:42:48-05:00,2026-02-16T15:14:53-05:00
trade,82,KXLOLGAME-26FEB17G2TH-TH,yes,21,0,0,0,-1722,-1722,2026-02-17T12:42:48-05:00,2026-02-16T15:55:22-05:00
trade,350,KXLOLGAME-26FEB17G2TH-TH,yes,22,0,0,0,-7700,-7700,2026-02-17T12:42:48-05:00,2026-02-17T10:19:17-05:00
trade,56,KXLOLGAME-26FEB17GXKC-KC,yes,74,100,0,0,1456,1456,2026-02-17T14:52:48-05:00,2026-02-16T15:48:24-05:00
trade,129,KXLOLGAME-26FEB17GXKC-KC,yes,72,100,0,0,3612,3612,2026-02-17T14:52:48-05:00,2026-02-16T17:33:25-05:00
trade,26,KXLOLGAME-26FEB17GXKC-KC,yes,89,100,18,0,286,268,2026-02-17T14:52:48-05:00,2026-02-17T12:54:15-05:00
trade,50,KXLOLGAME-26FEB17GXKC-KC,yes,89,100,35,0,550,515,2026-02-17T14:52:48-05:00,2026-02-17T12:54:15-05:00
trade,21,KXLOLGAME-26FEB17GXKC-KC,yes,90,100,13,0,210,197,2026-02-17T14:52:48-05:00,2026-02-17T12:54:15-05:00
trade,12,KXLOLGAME-26FEB17GXKC-KC,yes,91,100,7,0,108,101,2026-02-17T14:52:48-05:00,2026-02-17T12:54:15-05:00
trade,180,KXLOLGAME-26FEB17GXKC-KC,yes,91,100,103,0,1620,1517,2026-02-17T14:52:48-05:00,2026-02-17T12:54:15-05:00
trade,250,KXLOLGAME-26FEB17GXKC-KC,yes,91,100,143,0,2250,2107,2026-02-17T14:52:48-05:00,2026-02-17T12:54:15-05:00
trade,165,KXLOLGAME-26FEB17GXKC-KC,yes,91,100,95,0,1485,1390,2026-02-17T14:52:48-05:00,2026-02-17T12:54:15-05:00
trade,4000,KXLOLGAME-26FEB17GXKC-KC,yes,91,100,2293,0,36000,33707,2026-02-17T14:52:48-05:00,2026-02-17T12:54:15-05:00
trade,50,KXLOLGAME-26FEB17GXKC-KC,yes,91,100,29,0,450,421,2026-02-17T14:52:48-05:00,2026-02-17T12:54:15-05:00
trade,46,KXLOLGAME-26FEB17GXKC-KC,yes,94,100,19,0,276,257,2026-02-17T14:52:48-05:00,2026-02-17T13:37:39-05:00
trade,11,KXLOLGAME-26FEB17GXKC-KC,yes,94,100,4,0,66,62,2026-02-17T14:52:48-05:00,2026-02-17T13:37:39-05:00
trade,43,KXLOLMAP-26FEB20DNFDK-1-DK,yes,60,100,0,0,1720,1720,2026-02-20T03:47:50-05:00,2026-02-20T03:06:00-05:00
trade,28,KXLOLMAP-26FEB20DNFDK-1-DK,yes,82,100,29,0,504,475,2026-02-20T03:47:50-05:00,2026-02-20T03:25:02-05:00
trade,50,KXLOLMAP-26FEB20DNFDK-1-DK,yes,82,100,52,0,900,848,2026-02-20T03:47:50-05:00,2026-02-20T03:25:02-05:00
trade,76,KXLOLMAP-26FEB20DNFDK-2-DK,yes,62,100,0,0,2888,2888,2026-02-20T04:53:00-05:00,2026-02-20T04:04:53-05:00
trade,150,KXLOLMAP-26FEB20DNFDK-2-DK,yes,61,100,0,0,5850,5850,2026-02-20T04:53:00-05:00,2026-02-20T04:06:19-05:00
trade,150,KXLOLMAP-26FEB20DNFDK-2-DK,yes,61,100,0,0,5850,5850,2026-02-20T04:53:00-05:00,2026-02-20T04:06:25-05:00
trade,24,KXLOLMAP-26FEB20DNFDK-2-DK,yes,59,100,0,0,984,984,2026-02-20T04:53:00-05:00,2026-02-20T04:07:08-05:00
trade,200,KXLOLMAP-26FEB20DNFDK-2-DK,yes,61,100,0,0,7800,7800,2026-02-20T04:53:00-05:00,2026-02-20T04:10:28-05:00
trade,200,KXLOLMAP-26FEB20DNFDK-2-DK,yes,60,100,0,0,8000,8000,2026-02-20T04:53:00-05:00,2026-02-20T04:10:58-05:00
trade,100,KXLOLMAP-26FEB20DNFDK-2-DK,yes,59,100,0,0,4100,4100,2026-02-20T04:53:00-05:00,2026-02-20T04:11:19-05:00
trade,100,KXLOLMAP-26FEB20DNFDK-2-DK,yes,67,100,0,0,3300,3300,2026-02-20T04:53:00-05:00,2026-02-20T04:12:56-05:00
trade,100,KXLOLMAP-26FEB20DNFDK-2-DK,yes,74,100,0,0,2600,2600,2026-02-20T04:53:00-05:00,2026-02-20T04:14:01-05:00
trade,100,KXLOLMAP-26FEB20DNFDK-2-DK,yes,64,100,0,0,3600,3600,2026-02-20T04:53:00-05:00,2026-02-20T04:17:14-05:00
trade,75,KXLOLMAP-26FEB20DNFDK-2-DK,yes,80,100,0,0,1500,1500,2026-02-20T04:53:00-05:00,2026-02-20T04:39:48-05:00
trade,25,KXLOLMAP-26FEB20DNFDK-2-DK,yes,80,100,0,0,500,500,2026-02-20T04:53:00-05:00,2026-02-20T04:39:48-05:00
trade,34,KXLOLMAP-26FEB20DNFDK-3-DK,yes,60,0,0,0,-2040,-2040,2026-02-20T05:43:20-05:00,2026-02-20T05:09:07-05:00
trade,100,KXLOLMAP-26FEB20DNFDK-3-DK,yes,63,0,0,0,-6300,-6300,2026-02-20T05:43:20-05:00,2026-02-20T05:13:43-05:00
trade,59,KXLOLMAP-26FEB20DNFDK-3-DK,yes,50,0,0,0,-2950,-2950,2026-02-20T05:43:20-05:00,2026-02-20T05:14:38-05:00
trade,79,KXLOLMAP-26FEB20DNFDK-3-DNF,yes,70,100,0,0,2370,2370,2026-02-20T05:43:20-05:00,2026-02-20T05:18:50-05:00
trade,3,KXLOLMAP-26FEB20DNFDK-3-DNF,yes,70,100,0,0,90,90,2026-02-20T05:43:20-05:00,2026-02-20T05:18:53-05:00
trade,18,KXLOLMAP-26FEB20DNFDK-3-DNF,yes,70,100,0,0,540,540,2026-02-20T05:43:20-05:00,2026-02-20T05:18:55-05:00
trade,59,KXLOLMAP-26FEB20DNFDK-3-DNF,yes,71,100,0,0,1711,1711,2026-02-20T05:43:20-05:00,2026-02-20T05:20:57-05:00
trade,41,KXLOLMAP-26FEB20DNFDK-3-DNF,yes,71,100,0,0,1189,1189,2026-02-20T05:43:20-05:00,2026-02-20T05:20:57-05:00
trade,4,KXLOLMAP-26FEB20DNFDK-3-DNF,yes,57,100,0,0,172,172,2026-02-20T05:43:20-05:00,2026-02-20T05:22:36-05:00
trade,32,KXLOLMAP-26FEB20DNFDK-3-DNF,yes,57,100,0,0,1376,1376,2026-02-20T05:43:20-05:00,2026-02-20T05:23:20-05:00
trade,100,KXLOLMAP-26FEB20DNFDK-3-DNF,yes,66,100,0,0,3400,3400,2026-02-20T05:43:20-05:00,2026-02-20T05:25:47-05:00
trade,150,KXLOLMAP-26FEB20DNFDK-3-DNF,yes,94,100,0,0,900,900,2026-02-20T05:43:20-05:00,2026-02-20T05:32:40-05:00
trade,75,KXLOLMAP-26FEB20DNFDK-3-DNF,yes,94,100,0,0,450,450,2026-02-20T05:43:20-05:00,2026-02-20T05:32:40-05:00
trade,67,KXLOLMAP-26FEB20DNFDK-3-DNF,yes,94,100,0,0,402,402,2026-02-20T05:43:20-05:00,2026-02-20T05:32:46-05:00
trade,8,KXLOLMAP-26FEB20DNFDK-3-DNF,yes,94,100,0,0,48,48,2026-02-20T05:43:20-05:00,2026-02-20T05:32:46-05:00
trade,117,KXLOLMAP-26FEB20DNFDK-3-DNF,yes,90,100,0,0,1170,1170,2026-02-20T05:43:20-05:00,2026-02-20T05:33:48-05:00
trade,7,KXLOLMAP-26FEB20DNFDK-3-DNF,yes,91,100,0,0,63,63,2026-02-20T05:43:20-05:00,2026-02-20T05:34:24-05:00
trade,59,KXLOLMAP-26FEB20DNFDK-3-DNF,yes,91,100,0,0,531,531,2026-02-20T05:43:20-05:00,2026-02-20T05:34:33-05:00
trade,134,KXLOLMAP-26FEB20DNFDK-3-DNF,yes,91,100,0,0,1206,1206,2026-02-20T05:43:20-05:00,2026-02-20T05:34:33-05:00
trade,114,KXLOLMAP-26FEB20DNFDK-3-DNF,yes,97,100,0,0,342,342,2026-02-20T05:43:20-05:00,2026-02-20T05:37:11-05:00
trade,64,KXLOLMAP-26FEB20DNFDK-3-DNF,yes,97,100,0,0,192,192,2026-02-20T05:43:20-05:00,2026-02-20T05:37:30-05:00
trade,100,KXLOLMAP-26FEB20DNFDK-3-DNF,yes,97,100,0,0,300,300,2026-02-20T05:43:20-05:00,2026-02-20T05:37:49-05:00
trade,200,KXLOLTOTALMAPS-26FEB20DNFDK-5,no,60,100,0,0,8000,8000,2026-02-20T07:17:50-05:00,2026-02-20T05:49:46-05:00
trade,100,KXLOLTOTALMAPS-26FEB20DNFDK-5,no,58,100,0,0,4200,4200,2026-02-20T07:17:50-05:00,2026-02-20T05:51:25-05:00
trade,200,KXLOLTOTALMAPS-26FEB20DNFDK-5,no,59,100,0,0,8200,8200,2026-02-20T07:17:50-05:00,2026-02-20T05:56:56-05:00
trade,200,KXLOLTOTALMAPS-26FEB20DNFDK-5,no,57,100,0,0,8600,8600,2026-02-20T07:17:50-05:00,2026-02-20T05:58:44-05:00
trade,200,KXLOLTOTALMAPS-26FEB20DNFDK-5,no,53,100,0,0,9400,9400,2026-02-20T07:17:50-05:00,2026-02-20T06:00:52-05:00
trade,100,KXLOLTOTALMAPS-26FEB20DNFDK-5,no,50,100,0,0,5000,5000,2026-02-20T07:17:50-05:00,2026-02-20T06:10:48-05:00
trade,100,KXLOLTOTALMAPS-26FEB20DNFDK-5,no,29,100,145,0,7100,6955,2026-02-20T07:17:50-05:00,2026-02-20T06:12:56-05:00
trade,13,KXLOLMAP-26FEB20MKOINAVI-2-NAVI,yes,58,0,0,0,-754,-754,2026-02-20T12:33:16-05:00,2026-02-20T11:55:47-05:00
trade,59,KXLOLMAP-26FEB20MKOINAVI-2-NAVI,yes,58,0,0,0,-3422,-3422,2026-02-20T12:33:16-05:00,2026-02-20T11:55:50-05:00
trade,100,KXLOLMAP-26FEB20MKOINAVI-2-NAVI,yes,56,0,0,0,-5600,-5600,2026-02-20T12:33:16-05:00,2026-02-20T11:56:34-05:00
trade,100,KXLOLMAP-26FEB20MKOINAVI-2-NAVI,yes,57,0,0,0,-5700,-5700,2026-02-20T12:33:16-05:00,2026-02-20T11:58:25-05:00
trade,59,KXLOLMAP-26FEB20MKOINAVI-2-NAVI,yes,78,0,0,0,-4602,-4602,2026-02-20T12:33:16-05:00,2026-02-20T12:02:06-05:00
trade,141,KXLOLMAP-26FEB20MKOINAVI-2-NAVI,yes,78,0,0,0,-10998,-10998,2026-02-20T12:33:16-05:00,2026-02-20T12:02:06-05:00
trade,100,KXLOLMAP-26FEB20MKOINAVI-2-NAVI,yes,70,0,0,0,-7000,-7000,2026-02-20T12:33:16-05:00,2026-02-20T12:03:07-05:00
trade,59,KXLOLMAP-26FEB20MKOINAVI-2-NAVI,yes,35,0,0,0,-2065,-2065,2026-02-20T12:33:16-05:00,2026-02-20T12:05:52-05:00
trade,150,KXLOLMAP-26FEB20KCG2-1-G2,yes,85,100,0,0,2250,2250,2026-02-20T13:27:56-05:00,2026-02-20T13:02:35-05:00
trade,50,KXLOLMAP-26FEB20KCG2-1-G2,yes,85,100,0,0,750,750,2026-02-20T13:27:56-05:00,2026-02-20T13:02:42-05:00
trade,50,KXLOLMAP-26FEB20KCG2-1-G2,yes,81,100,0,0,950,950,2026-02-20T13:27:56-05:00,2026-02-20T13:05:21-05:00
trade,50,KXLOLMAP-26FEB20KCG2-1-G2,yes,81,100,0,0,950,950,2026-02-20T13:27:56-05:00,2026-02-20T13:05:26-05:00
trade,100,KXLOLGAME-26FEB20KCG2-G2,yes,69,100,0,0,3100,3100,2026-02-20T15:12:46-05:00,2026-02-20T13:25:22-05:00
trade,72,KXLOLGAME-26FEB20KCG2-G2,yes,69,100,0,0,2232,2232,2026-02-20T15:12:46-05:00,2026-02-20T13:26:43-05:00
trade,23,KXLOLGAME-26FEB20KCG2-G2,yes,69,100,0,0,713,713,2026-02-20T15:12:46-05:00,2026-02-20T13:29:23-05:00
trade,477,KXLOLGAME-26FEB20KCG2-G2,yes,69,100,0,0,14787,14787,2026-02-20T15:12:46-05:00,2026-02-20T13:29:38-05:00
trade,500,KXLOLGAME-26FEB20KCG2-G2,yes,69,100,0,0,15500,15500,2026-02-20T15:12:46-05:00,2026-02-20T13:29:58-05:00
trade,500,KXLOLGAME-26FEB20KCG2-G2,yes,68,100,0,0,16000,16000,2026-02-20T15:12:46-05:00,2026-02-20T13:31:33-05:00
trade,43,KXLOLGAME-26FEB20KCG2-KC,yes,54,0,0,0,-2322,-2322,2026-02-20T15:12:46-05:00,2026-02-20T00:20:36-05:00
trade,50,KXLOLMAP-26FEB20TLDSG-3-TL,yes,62,100,0,0,1900,1900,2026-02-20T18:23:26-05:00,2026-02-20T17:38:04-05:00
trade,50,KXLOLMAP-26FEB20TLDSG-3-TL,yes,62,100,0,0,1900,1900,2026-02-20T18:23:26-05:00,2026-02-20T17:38:04-05:00
trade,50,KXLOLMAP-26FEB20TLDSG-3-TL,yes,75,100,0,0,1250,1250,2026-02-20T18:23:26-05:00,2026-02-20T17:48:30-05:00
trade,24,KXLOLMAP-26FEB20TLDSG-3-TL,yes,87,100,0,0,312,312,2026-02-20T18:23:26-05:00,2026-02-20T17:50:54-05:00
trade,26,KXLOLMAP-26FEB20TLDSG-3-TL,yes,87,100,0,0,338,338,2026-02-20T18:23:26-05:00,2026-02-20T17:50:57-05:00
trade,2,KXLOLMAP-26FEB20TLDSG-3-TL,yes,83,100,0,0,34,34,2026-02-20T18:23:26-05:00,2026-02-20T17:51:51-05:00
trade,48,KXLOLMAP-26FEB20TLDSG-3-TL,yes,83,100,0,0,816,816,2026-02-20T18:23:26-05:00,2026-02-20T17:51:59-05:00
trade,50,KXLOLMAP-26FEB20TLDSG-3-TL,yes,92,100,0,0,400,400,2026-02-20T18:23:26-05:00,2026-02-20T17:53:37-05:00
trade,50,KXLOLMAP-26FEB20TLDSG-3-TL,yes,97,100,0,0,150,150,2026-02-20T18:23:26-05:00,2026-02-20T17:57:48-05:00
trade,50,KXLOLMAP-26FEB20TLDSG-3-TL,yes,96,100,0,0,200,200,2026-02-20T18:23:26-05:00,2026-02-20T17:58:00-05:00
trade,50,KXLOLMAP-26FEB20TLDSG-3-TL,yes,93,100,0,0,350,350,2026-02-20T18:23:26-05:00,2026-02-20T17:58:00-05:00
trade,33,KXLOLMAP-26FEB20TLDSG-3-TL,yes,92,100,0,0,264,264,2026-02-20T18:23:26-05:00,2026-02-20T17:58:25-05:00
trade,17,KXLOLMAP-26FEB20TLDSG-3-TL,yes,92,100,0,0,136,136,2026-02-20T18:23:26-05:00,2026-02-20T17:58:25-05:00
trade,29,KXLOLMAP-26FEB20TLDSG-3-TL,yes,84,100,0,0,464,464,2026-02-20T18:23:26-05:00,2026-02-20T17:59:46-05:00
trade,1,KXLOLMAP-26FEB20TLDSG-3-TL,yes,84,100,0,0,16,16,2026-02-20T18:23:26-05:00,2026-02-20T17:59:46-05:00
trade,30,KXLOLMAP-26FEB20TLDSG-3-TL,yes,39,100,0,0,1830,1830,2026-02-20T18:23:26-05:00,2026-02-20T18:04:43-05:00
trade,1,KXLOLMAP-26FEB20TLDSG-3-TL,yes,73,100,0,0,27,27,2026-02-20T18:23:26-05:00,2026-02-20T18:09:58-05:00
trade,12,KXLOLMAP-26FEB20TLDSG-3-TL,yes,73,100,0,0,324,324,2026-02-20T18:23:26-05:00,2026-02-20T18:09:58-05:00
trade,12,KXLOLMAP-26FEB20TLDSG-3-TL,yes,73,100,0,0,324,324,2026-02-20T18:23:26-05:00,2026-02-20T18:09:58-05:00
trade,5,KXLOLMAP-26FEB20TLDSG-3-TL,yes,73,100,0,0,135,135,2026-02-20T18:23:26-05:00,2026-02-20T18:09:58-05:00
trade,16,KXLOLMAP-26FEB20TLDSG-3-TL,yes,41,100,0,0,944,944,2026-02-20T18:23:26-05:00,2026-02-20T18:13:34-05:00
trade,14,KXLOLMAP-26FEB20TLDSG-3-TL,yes,41,100,0,0,826,826,2026-02-20T18:23:26-05:00,2026-02-20T18:13:34-05:00
trade,5,KXLOLGAME-26FEB20TLDSG-DSG,yes,36,0,0,0,-180,-180,2026-02-20T19:02:56-05:00,2026-02-19T16:09:58-05:00
trade,1,KXLOLGAME-26FEB20TLDSG-TL,yes,67,100,0,0,33,33,2026-02-20T19:02:56-05:00,2026-02-20T16:21:10-05:00
trade,99,KXLOLGAME-26FEB20TLDSG-TL,yes,67,100,0,0,3267,3267,2026-02-20T19:02:56-05:00,2026-02-20T16:21:25-05:00
trade,4,KXLOLGAME-26FEB20TLDSG-TL,yes,73,100,0,0,108,108,2026-02-20T19:02:56-05:00,2026-02-20T16:28:39-05:00
trade,2,KXLOLGAME-26FEB20TLDSG-TL,yes,72,100,0,0,56,56,2026-02-20T19:02:56-05:00,2026-02-20T16:28:39-05:00
trade,2,KXLOLGAME-26FEB20TLDSG-TL,yes,77,100,0,0,46,46,2026-02-20T19:02:56-05:00,2026-02-20T16:34:18-05:00
trade,2,KXLOLGAME-26FEB20TLDSG-TL,yes,77,100,0,0,46,46,2026-02-20T19:02:56-05:00,2026-02-20T16:35:30-05:00
trade,2,KXLOLGAME-26FEB20TLDSG-TL,yes,81,100,0,0,38,38,2026-02-20T19:02:56-05:00,2026-02-20T16:39:15-05:00
trade,8,KXLOLGAME-26FEB20TLDSG-TL,yes,80,100,0,0,160,160,2026-02-20T19:02:56-05:00,2026-02-20T16:40:02-05:00
trade,8,KXLOLGAME-26FEB20TLDSG-TL,yes,80,100,0,0,160,160,2026-02-20T19:02:56-05:00,2026-02-20T16:40:02-05:00
trade,1,KXLOLGAME-26FEB20TLDSG-TL,yes,79,100,0,0,21,21,2026-02-20T19:02:56-05:00,2026-02-20T16:41:07-05:00
trade,6,KXLOLGAME-26FEB20TLDSG-TL,yes,79,100,0,0,126,126,2026-02-20T19:02:56-05:00,2026-02-20T16:41:07-05:00
trade,1,KXLOLGAME-26FEB20TLDSG-TL,yes,78,100,0,0,22,22,2026-02-20T19:02:56-05:00,2026-02-20T16:41:30-05:00
trade,2,KXLOLGAME-26FEB20TLDSG-TL,yes,82,100,0,0,36,36,2026-02-20T19:02:56-05:00,2026-02-20T16:42:52-05:00
trade,4,KXLOLGAME-26FEB20TLDSG-TL,yes,77,100,0,0,92,92,2026-02-20T19:02:56-05:00,2026-02-20T16:45:16-05:00
trade,5,KXLOLGAME-26FEB20TLDSG-TL,yes,76,100,0,0,120,120,2026-02-20T19:02:56-05:00,2026-02-20T16:45:16-05:00
trade,3,KXLOLGAME-26FEB20TLDSG-TL,yes,76,100,0,0,72,72,2026-02-20T19:02:56-05:00,2026-02-20T16:45:16-05:00
trade,4,KXLOLGAME-26FEB20TLDSG-TL,yes,76,100,0,0,96,96,2026-02-20T19:02:56-05:00,2026-02-20T16:45:16-05:00
trade,50,KXLOLGAME-26FEB20TLDSG-TL,yes,80,100,0,0,1000,1000,2026-02-20T19:02:56-05:00,2026-02-20T16:53:45-05:00
trade,84,KXLOLGAME-26FEB20TLDSG-TL,yes,83,100,0,0,1428,1428,2026-02-20T19:02:56-05:00,2026-02-20T17:01:15-05:00
trade,9,KXLOLGAME-26FEB20TLDSG-TL,yes,84,100,0,0,144,144,2026-02-20T19:02:56-05:00,2026-02-20T17:04:19-05:00
trade,41,KXLOLGAME-26FEB20TLDSG-TL,yes,84,100,0,0,656,656,2026-02-20T19:02:56-05:00,2026-02-20T17:04:26-05:00
trade,50,KXLOLGAME-26FEB20TLDSG-TL,yes,84,100,0,0,800,800,2026-02-20T19:02:56-05:00,2026-02-20T17:04:47-05:00
trade,50,KXLOLGAME-26FEB20TLDSG-TL,yes,83,100,0,0,850,850,2026-02-20T19:02:56-05:00,2026-02-20T17:09:34-05:00
trade,50,KXLOLGAME-26FEB20TLDSG-TL,yes,82,100,0,0,900,900,2026-02-20T19:02:56-05:00,2026-02-20T17:09:49-05:00
trade,12,KXLOLGAME-26FEB20TLDSG-TL,yes,83,100,0,0,204,204,2026-02-20T19:02:56-05:00,2026-02-20T17:10:59-05:00
trade,23,KXLOLGAME-26FEB20TLDSG-TL,yes,83,100,0,0,391,391,2026-02-20T19:02:56-05:00,2026-02-20T17:11:25-05:00
trade,50,KXLOLGAME-26FEB20TLDSG-TL,yes,84,100,0,0,800,800,2026-02-20T19:02:56-05:00,2026-02-20T17:11:46-05:00
trade,50,KXLOLGAME-26FEB20TLDSG-TL,yes,84,100,0,0,800,800,2026-02-20T19:02:56-05:00,2026-02-20T17:12:26-05:00
trade,10,KXLOLGAME-26FEB20TLDSG-TL,yes,83,100,0,0,170,170,2026-02-20T19:02:56-05:00,2026-02-20T17:13:09-05:00
trade,5,KXLOLGAME-26FEB20TLDSG-TL,yes,83,100,0,0,85,85,2026-02-20T19:02:56-05:00,2026-02-20T17:13:09-05:00
trade,1,KXLOLGAME-26FEB20TLDSG-TL,yes,83,100,0,0,17,17,2026-02-20T19:02:56-05:00,2026-02-20T17:13:09-05:00
trade,50,KXLOLGAME-26FEB20TLDSG-TL,yes,92,100,0,0,400,400,2026-02-20T19:02:56-05:00,2026-02-20T17:23:28-05:00
trade,45,KXLOLGAME-26FEB20TLDSG-TL,yes,96,100,0,0,180,180,2026-02-20T19:02:56-05:00,2026-02-20T17:28:52-05:00
trade,5,KXLOLGAME-26FEB20TLDSG-TL,yes,96,100,0,0,20,20,2026-02-20T19:02:56-05:00,2026-02-20T17:30:10-05:00
trade,50,KXLOLGAME-26FEB20TLDSG-TL,yes,97,100,0,0,150,150,2026-02-20T19:02:56-05:00,2026-02-20T17:30:42-05:00
trade,50,KXLOLGAME-26FEB20TLDSG-TL,yes,96,100,0,0,200,200,2026-02-20T19:02:56-05:00,2026-02-20T17:31:32-05:00
trade,1,KXLOLGAME-26FEB20TLDSG-TL,yes,94,100,0,0,6,6,2026-02-20T19:02:56-05:00,2026-02-20T17:38:31-05:00
trade,50,KXLOLGAME-26FEB20TLDSG-TL,yes,93,100,0,0,350,350,2026-02-20T19:02:56-05:00,2026-02-20T17:41:54-05:00
trade,40,KXLOLGAME-26FEB20TLDSG-TL,yes,92,100,0,0,320,320,2026-02-20T19:02:56-05:00,2026-02-20T17:42:15-05:00
trade,44,KXLOLGAME-26FEB20TLDSG-TL,yes,97,100,0,0,132,132,2026-02-20T19:02:56-05:00,2026-02-20T17:52:00-05:00
trade,6,KXLOLGAME-26FEB20TLDSG-TL,yes,97,100,0,0,18,18,2026-02-20T19:02:56-05:00,2026-02-20T17:52:44-05:00
trade,10,KXLOLGAME-26FEB20TLDSG-TL,yes,92,100,0,0,80,80,2026-02-20T19:02:56-05:00,2026-02-20T18:00:48-05:00
trade,13,KXLOLMAP-26FEB21FOXGEN-1-GEN,yes,78,82,0,14,52,38,2026-02-21T03:35:52-05:00,2026-02-21T03:16:29-05:00
trade,36,KXLOLMAP-26FEB21FOXGEN-1-GEN,yes,78,82,0,37,144,107,2026-02-21T03:35:52-05:00,2026-02-21T03:16:29-05:00
trade,1,KXLOLMAP-26FEB21FOXGEN-1-GEN,yes,78,82,0,1,4,3,2026-02-21T03:35:52-05:00,2026-02-21T03:16:29-05:00
trade,17,KXLOLMAP-26FEB21FOXGEN-1-GEN,yes,78,95,0,6,289,283,2026-02-21T03:43:05-05:00,2026-02-21T03:16:29-05:00
trade,33,KXLOLMAP-26FEB21FOXGEN-1-GEN,yes,78,95,0,11,561,550,2026-02-21T03:43:05-05:00,2026-02-21T03:16:29-05:00
trade,50,KXLOLMAP-26FEB21FOXGEN-1-FOX,yes,16,0,0,0,-800,-800,2026-02-21T03:47:56-05:00,2026-02-21T03:27:27-05:00
trade,31,KXLOLMAP-26FEB21FOXGEN-1-FOX,yes,16,0,0,0,-496,-496,2026-02-21T03:47:56-05:00,2026-02-21T03:27:27-05:00
trade,19,KXLOLMAP-26FEB21FOXGEN-1-FOX,yes,16,0,0,0,-304,-304,2026-02-21T03:47:56-05:00,2026-02-21T03:27:45-05:00
trade,50,KXLOLMAP-26FEB21FOXGEN-1-FOX,yes,16,0,0,0,-800,-800,2026-02-21T03:47:56-05:00,2026-02-21T03:27:45-05:00
trade,50,KXLOLMAP-26FEB21FOXGEN-1-FOX,yes,16,0,0,0,-800,-800,2026-02-21T03:47:56-05:00,2026-02-21T03:27:45-05:00
trade,31,KXLOLMAP-26FEB21FOXGEN-1-FOX,yes,16,0,0,0,-496,-496,2026-02-21T03:47:56-05:00,2026-02-21T03:27:45-05:00
trade,35,KXLOLMAP-26FEB21FOXGEN-1-GEN,yes,79,100,0,0,735,735,2026-02-21T03:47:56-05:00,2026-02-21T03:21:02-05:00
trade,15,KXLOLMAP-26FEB21FOXGEN-1-GEN,yes,79,100,0,0,315,315,2026-02-21T03:47:56-05:00,2026-02-21T03:21:06-05:00
trade,24,KXLOLMAP-26FEB21FOXGEN-1-GEN,yes,84,100,23,0,384,361,2026-02-21T03:47:56-05:00,2026-02-21T03:36:21-05:00
trade,26,KXLOLMAP-26FEB21FOXGEN-1-GEN,yes,84,100,25,0,416,391,2026-02-21T03:47:56-05:00,2026-02-21T03:36:21-05:00
trade,24,KXLOLMAP-26FEB21FOXGEN-1-GEN,yes,84,100,23,0,384,361,2026-02-21T03:47:56-05:00,2026-02-21T03:36:21-05:00
trade,11,KXLOLMAP-26FEB21FOXGEN-1-GEN,yes,84,100,10,0,176,166,2026-02-21T03:47:56-05:00,2026-02-21T03:36:21-05:00
trade,3,KXLOLMAP-26FEB21FOXGEN-1-GEN,yes,85,100,3,0,45,42,2026-02-21T03:47:56-05:00,2026-02-21T03:36:21-05:00
trade,12,KXLOLMAP-26FEB21FOXGEN-1-GEN,yes,85,100,11,0,180,169,2026-02-21T03:47:56-05:00,2026-02-21T03:36:21-05:00
trade,27,KXLOLMAP-26FEB21FOXGEN-1-GEN,yes,84,100,26,0,432,406,2026-02-21T03:47:56-05:00,2026-02-21T03:36:21-05:00
trade,10,KXLOLMAP-26FEB21FOXGEN-1-GEN,yes,84,100,9,0,160,151,2026-02-21T03:47:56-05:00,2026-02-21T03:36:21-05:00
trade,13,KXLOLMAP-26FEB21FOXGEN-1-GEN,yes,85,100,12,0,195,183,2026-02-21T03:47:56-05:00,2026-02-21T03:36:21-05:00
trade,50,KXLOLMAP-26FEB21FOXGEN-1-GEN,yes,85,100,45,0,750,705,2026-02-21T03:47:56-05:00,2026-02-21T03:36:24-05:00
trade,50,KXLOLMAP-26FEB21FOXGEN-1-GEN,yes,85,100,45,0,750,705,2026-02-21T03:47:56-05:00,2026-02-21T03:36:25-05:00
trade,50,KXLOLMAP-26FEB21FOXGEN-1-GEN,yes,82,100,52,0,900,848,2026-02-21T03:47:56-05:00,2026-02-21T03:36:27-05:00
trade,39,KXLOLMAP-26FEB21FOXGEN-1-GEN,yes,82,100,41,0,702,661,2026-02-21T03:47:56-05:00,2026-02-21T03:36:28-05:00
trade,11,KXLOLMAP-26FEB21FOXGEN-1-GEN,yes,82,100,11,0,198,187,2026-02-21T03:47:56-05:00,2026-02-21T03:36:28-05:00
trade,11,KXLOLMAP-26FEB21FOXGEN-1-GEN,yes,82,100,12,0,198,186,2026-02-21T03:47:56-05:00,2026-02-21T03:36:28-05:00
trade,39,KXLOLMAP-26FEB21FOXGEN-1-GEN,yes,84,100,37,0,624,587,2026-02-21T03:47:56-05:00,2026-02-21T03:36:28-05:00
trade,50,KXLOLMAP-26FEB21FOXGEN-1-GEN,yes,83,100,50,0,850,800,2026-02-21T03:47:56-05:00,2026-02-21T03:36:31-05:00
trade,50,KXLOLMAP-26FEB21FOXGEN-1-GEN,yes,83,100,50,0,850,800,2026-02-21T03:47:56-05:00,2026-02-21T03:36:31-05:00
trade,50,KXLOLMAP-26FEB21FOXGEN-1-GEN,yes,83,100,50,0,850,800,2026-02-21T03:47:56-05:00,2026-02-21T03:36:32-05:00
trade,50,KXLOLMAP-26FEB21FOXGEN-1-GEN,yes,83,100,50,0,850,800,2026-02-21T03:47:56-05:00,2026-02-21T03:36:32-05:00
trade,50,KXLOLMAP-26FEB21FOXGEN-1-GEN,yes,83,100,50,0,850,800,2026-02-21T03:47:56-05:00,2026-02-21T03:36:32-05:00
trade,50,KXLOLMAP-26FEB21FOXGEN-1-GEN,yes,83,100,50,0,850,800,2026-02-21T03:47:56-05:00,2026-02-21T03:36:33-05:00
trade,50,KXLOLMAP-26FEB21FOXGEN-1-GEN,yes,83,100,50,0,850,800,2026-02-21T03:47:56-05:00,2026-02-21T03:36:40-05:00
trade,50,KXLOLMAP-26FEB21FOXGEN-1-GEN,yes,83,100,50,0,850,800,2026-02-21T03:47:56-05:00,2026-02-21T03:36:40-05:00
trade,50,KXLOLMAP-26FEB21FOXGEN-1-GEN,yes,83,100,50,0,850,800,2026-02-21T03:47:56-05:00,2026-02-21T03:36:41-05:00
trade,43,KXLOLMAP-26FEB21FOXGEN-2-GEN,yes,81,100,0,0,817,817,2026-02-21T04:47:56-05:00,2026-02-21T04:07:34-05:00
trade,7,KXLOLMAP-26FEB21FOXGEN-2-GEN,yes,81,100,0,0,133,133,2026-02-21T04:47:56-05:00,2026-02-21T04:07:41-05:00
trade,19,KXLOLMAP-26FEB21FOXGEN-2-GEN,yes,80,100,0,0,380,380,2026-02-21T04:47:56-05:00,2026-02-21T04:07:45-05:00
trade,31,KXLOLMAP-26FEB21FOXGEN-2-GEN,yes,80,100,0,0,620,620,2026-02-21T04:47:56-05:00,2026-02-21T04:07:47-05:00
trade,50,KXLOLMAP-26FEB21FOXGEN-2-GEN,yes,80,100,0,0,1000,1000,2026-02-21T04:47:56-05:00,2026-02-21T04:09:31-05:00
trade,35,KXLOLMAP-26FEB21FOXGEN-2-GEN,yes,76,100,0,0,840,840,2026-02-21T04:47:56-05:00,2026-02-21T04:10:27-05:00
trade,7,KXLOLMAP-26FEB21FOXGEN-2-GEN,yes,77,100,0,0,161,161,2026-02-21T04:47:56-05:00,2026-02-21T04:10:43-05:00
trade,50,KXLOLMAP-26FEB21FOXGEN-2-GEN,yes,78,100,0,0,1100,1100,2026-02-21T04:47:56-05:00,2026-02-21T04:11:48-05:00
trade,43,KXLOLMAP-26FEB21FOXGEN-2-GEN,yes,77,100,0,0,989,989,2026-02-21T04:47:56-05:00,2026-02-21T04:11:56-05:00
trade,15,KXLOLMAP-26FEB21FOXGEN-2-GEN,yes,76,100,0,0,360,360,2026-02-21T04:47:56-05:00,2026-02-21T04:12:01-05:00
trade,50,KXLOLMAP-26FEB21FOXGEN-2-GEN,yes,84,100,0,0,800,800,2026-02-21T04:47:56-05:00,2026-02-21T04:17:05-05:00
trade,24,KXLOLMAP-26FEB21FOXGEN-2-GEN,yes,84,100,0,0,384,384,2026-02-21T04:47:56-05:00,2026-02-21T04:18:22-05:00
trade,18,KXLOLMAP-26FEB21FOXGEN-2-GEN,yes,84,100,0,0,288,288,2026-02-21T04:47:56-05:00,2026-02-21T04:18:22-05:00
trade,8,KXLOLMAP-26FEB21FOXGEN-2-GEN,yes,84,100,0,0,128,128,2026-02-21T04:47:56-05:00,2026-02-21T04:18:22-05:00
trade,12,KXLOLMAP-26FEB21FOXGEN-2-GEN,yes,81,100,0,0,228,228,2026-02-21T04:47:56-05:00,2026-02-21T04:18:29-05:00
trade,38,KXLOLMAP-26FEB21FOXGEN-2-GEN,yes,81,100,0,0,722,722,2026-02-21T04:47:56-05:00,2026-02-21T04:18:31-05:00
trade,50,KXLOLMAP-26FEB21FOXGEN-2-GEN,yes,79,100,0,0,1050,1050,2026-02-21T04:47:56-05:00,2026-02-21T04:19:34-05:00
trade,50,KXLOLMAP-26FEB21FOXGEN-2-GEN,yes,76,100,0,0,1200,1200,2026-02-21T04:47:56-05:00,2026-02-21T04:19:34-05:00
trade,50,KXLOLMAP-26FEB21FOXGEN-2-GEN,yes,81,100,0,0,950,950,2026-02-21T04:47:56-05:00,2026-02-21T04:22:44-05:00
trade,50,KXLOLMAP-26FEB21FOXGEN-2-GEN,yes,81,100,0,0,950,950,2026-02-21T04:47:56-05:00,2026-02-21T04:25:19-05:00
trade,50,KXLOLMAP-26FEB21FOXGEN-2-GEN,yes,91,100,0,0,450,450,2026-02-21T04:47:56-05:00,2026-02-21T04:27:49-05:00
trade,35,KXLOLMAP-26FEB21FOXGEN-2-GEN,yes,90,100,23,0,350,327,2026-02-21T04:47:56-05:00,2026-02-21T04:28:56-05:00
trade,85,KXLOLMAP-26FEB21FOXGEN-2-GEN,yes,90,100,54,0,850,796,2026-02-21T04:47:56-05:00,2026-02-21T04:29:12-05:00
trade,43,KXLOLMAP-26FEB21FOXGEN-2-GEN,yes,94,100,17,0,258,241,2026-02-21T04:47:56-05:00,2026-02-21T04:38:10-05:00
trade,55,KXLOLMAP-26FEB21FOXGEN-2-GEN,yes,95,100,19,0,275,256,2026-02-21T04:47:56-05:00,2026-02-21T04:38:10-05:00
trade,15,KXLOLMAP-26FEB21FOXGEN-2-GEN,yes,95,100,5,0,75,70,2026-02-21T04:47:56-05:00,2026-02-21T04:38:10-05:00
trade,25,KXLOLMAP-26FEB21FOXGEN-2-GEN,yes,95,100,8,0,125,117,2026-02-21T04:47:56-05:00,2026-02-21T04:38:10-05:00
trade,50,KXLOLMAP-26FEB21FOXGEN-2-GEN,yes,95,100,17,0,250,233,2026-02-21T04:47:56-05:00,2026-02-21T04:38:22-05:00
trade,2,KXLOLMAP-26FEB21FOXGEN-3-GEN,yes,79,74,0,4,-10,-14,2026-02-21T05:03:15-05:00,2026-02-21T05:00:10-05:00
trade,10,KXLOLMAP-26FEB21FOXGEN-3-GEN,yes,79,74,0,19,-50,-69,2026-02-21T05:03:15-05:00,2026-02-21T05:00:12-05:00
trade,5,KXLOLMAP-26FEB21FOXGEN-3-GEN,no,26,26,23,0,0,-23,2026-02-21T05:03:29-05:00,2026-02-21T05:03:15-05:00
trade,1,KXLOLMAP-26FEB21FOXGEN-3-GEN,yes,74,75,0,2,1,-1,2026-02-21T05:16:10-05:00,2026-02-21T05:03:29-05:00
trade,24,KXLOLMAP-26FEB21FOXGEN-3-GEN,yes,74,41,0,52,-792,-844,2026-02-21T05:26:01-05:00,2026-02-21T05:03:29-05:00
trade,30,KXLOLMAP-26FEB21FOXGEN-3-GEN,yes,72,41,0,65,-930,-995,2026-02-21T05:26:01-05:00,2026-02-21T05:04:49-05:00
trade,30,KXLOLMAP-26FEB21FOXGEN-3-GEN,yes,80,41,0,65,-1170,-1235,2026-02-21T05:26:01-05:00,2026-02-21T05:09:29-05:00
trade,12,KXLOLMAP-26FEB21FOXGEN-3-GEN,yes,76,41,0,26,-420,-446,2026-02-21T05:26:01-05:00,2026-02-21T05:12:01-05:00
trade,18,KXLOLMAP-26FEB21FOXGEN-3-GEN,yes,76,41,0,39,-630,-669,2026-02-21T05:26:01-05:00,2026-02-21T05:12:01-05:00
trade,30,KXLOLMAP-26FEB21FOXGEN-3-GEN,yes,70,41,0,65,-870,-935,2026-02-21T05:26:01-05:00,2026-02-21T05:20:27-05:00
trade,40,KXLOLMAP-26FEB21FOXGEN-3-GEN,no,59,100,312,0,1640,1328,2026-02-21T05:37:46-05:00,2026-02-21T05:26:01-05:00
trade,16,KXLOLMAP-26FEB21FOXGEN-3-GEN,no,59,100,27,0,656,629,2026-02-21T05:37:46-05:00,2026-02-21T05:26:01-05:00
trade,7,KXLOLMAP-26FEB21FOXGEN-3-GEN,no,79,100,9,0,147,138,2026-02-21T05:37:46-05:00,2026-02-21T05:26:52-05:00
trade,3,KXLOLMAP-26FEB21FOXGEN-3-GEN,no,79,100,3,0,63,60,2026-02-21T05:37:46-05:00,2026-02-21T05:26:52-05:00
trade,5,KXLOLMAP-26FEB21FOXGEN-3-GEN,no,79,100,6,0,105,99,2026-02-21T05:37:46-05:00,2026-02-21T05:26:52-05:00
trade,120,KXLOLMAP-26FEB21FOXGEN-3-GEN,no,80,100,134,0,2400,2266,2026-02-21T05:37:46-05:00,2026-02-21T05:26:52-05:00
trade,38,KXLOLMAP-26FEB21FOXGEN-3-GEN,no,80,100,43,0,760,717,2026-02-21T05:37:46-05:00,2026-02-21T05:26:53-05:00
trade,10,KXLOLMAP-26FEB21FOXGEN-3-GEN,no,81,100,11,0,190,179,2026-02-21T05:37:46-05:00,2026-02-21T05:26:57-05:00
trade,1,KXLOLMAP-26FEB21FOXGEN-3-GEN,no,82,100,1,0,18,17,2026-02-21T05:37:46-05:00,2026-02-21T05:26:57-05:00
trade,25,KXLOLMAP-26FEB21FOXGEN-3-GEN,no,83,100,25,0,425,400,2026-02-21T05:37:46-05:00,2026-02-21T05:26:57-05:00
trade,22,KXLOLMAP-26FEB21FOXGEN-3-GEN,no,83,100,22,0,374,352,2026-02-21T05:37:46-05:00,2026-02-21T05:26:57-05:00
trade,22,KXLOLMAP-26FEB21FOXGEN-3-GEN,no,82,100,23,0,396,373,2026-02-21T05:37:46-05:00,2026-02-21T05:26:57-05:00
trade,35,KXLOLMAP-26FEB21FOXGEN-3-GEN,no,79,100,41,0,735,694,2026-02-21T05:37:46-05:00,2026-02-21T05:27:03-05:00
trade,77,KXLOLMAP-26FEB21FOXGEN-3-GEN,no,79,100,90,0,1617,1527,2026-02-21T05:37:46-05:00,2026-02-21T05:27:03-05:00
trade,20,KXLOLMAP-26FEB21FOXGEN-3-GEN,no,79,100,23,0,420,397,2026-02-21T05:37:46-05:00,2026-02-21T05:27:03-05:00
trade,68,KXLOLMAP-26FEB21FOXGEN-3-GEN,no,79,100,79,0,1428,1349,2026-02-21T05:37:46-05:00,2026-02-21T05:27:03-05:00
trade,88,KXLOLMAP-26FEB21FOXGEN-3-GEN,no,79,100,103,0,1848,1745,2026-02-21T05:37:46-05:00,2026-02-21T05:27:03-05:00
trade,13,KXLOLMAP-26FEB21FOXGEN-3-GEN,no,80,100,14,0,260,246,2026-02-21T05:37:46-05:00,2026-02-21T05:27:03-05:00
trade,22,KXLOLMAP-26FEB21FOXGEN-3-GEN,no,80,100,25,0,440,415,2026-02-21T05:37:46-05:00,2026-02-21T05:27:03-05:00
trade,77,KXLOLMAP-26FEB21FOXGEN-3-GEN,no,80,100,86,0,1540,1454,2026-02-21T05:37:46-05:00,2026-02-21T05:27:03-05:00
trade,19,KXLOLMAP-26FEB21FOXGEN-3-GEN,no,85,100,17,0,285,268,2026-02-21T05:37:46-05:00,2026-02-21T05:28:31-05:00
trade,28,KXLOLMAP-26FEB21FOXGEN-3-GEN,no,86,100,24,0,392,368,2026-02-21T05:37:46-05:00,2026-02-21T05:28:31-05:00
trade,44,KXLOLMAP-26FEB21FOXGEN-3-GEN,no,86,100,37,0,616,579,2026-02-21T05:37:46-05:00,2026-02-21T05:28:31-05:00
trade,25,KXLOLMAP-26FEB21FOXGEN-3-GEN,no,90,100,16,0,250,234,2026-02-21T05:37:46-05:00,2026-02-21T05:28:31-05:00
trade,30,KXLOLMAP-26FEB21FOXGEN-3-FOX,yes,27,100,0,0,2190,2190,2026-02-21T05:37:46-05:00,2026-02-21T05:06:21-05:00
trade,30,KXLOLMAP-26FEB21FOXGEN-3-FOX,yes,26,100,0,0,2220,2220,2026-02-21T05:37:46-05:00,2026-02-21T05:06:42-05:00
trade,30,KXLOLMAP-26FEB21FOXGEN-3-FOX,yes,57,100,0,0,1290,1290,2026-02-21T05:37:46-05:00,2026-02-21T05:23:28-05:00
trade,45,KXLOLMAP-26FEB21FOXGEN-3-FOX,yes,55,100,0,0,2025,2025,2026-02-21T05:37:46-05:00,2026-02-21T05:24:00-05:00
trade,15,KXLOLMAP-26FEB21FOXGEN-3-FOX,yes,55,100,0,0,675,675,2026-02-21T05:37:46-05:00,2026-02-21T05:24:00-05:00
trade,3,KXLOLTOTALMAPS-26FEB21FOXGEN-4,yes,35,100,5,0,195,190,2026-02-21T07:27:56-05:00,2026-02-21T03:50:53-05:00
trade,100,KXLOLTOTALMAPS-26FEB21FOXGEN-5,no,68,100,0,0,3200,3200,2026-02-21T07:27:56-05:00,2026-02-21T05:52:11-05:00
trade,127,KXLOLTOTALMAPS-26FEB21FOXGEN-5,no,65,100,0,0,4445,4445,2026-02-21T07:27:56-05:00,2026-02-21T05:56:38-05:00
trade,40,KXLOLTOTALMAPS-26FEB21FOXGEN-5,no,65,100,0,0,1400,1400,2026-02-21T07:27:56-05:00,2026-02-21T05:56:41-05:00
trade,33,KXLOLTOTALMAPS-26FEB21FOXGEN-5,no,65,100,0,0,1155,1155,2026-02-21T07:27:56-05:00,2026-02-21T05:56:45-05:00
trade,200,KXLOLTOTALMAPS-26FEB21FOXGEN-5,no,63,100,0,0,7400,7400,2026-02-21T07:27:56-05:00,2026-02-21T05:57:10-05:00
trade,73,KXLOLTOTALMAPS-26FEB21FOXGEN-5,no,61,100,0,0,2847,2847,2026-02-21T07:27:56-05:00,2026-02-21T05:57:50-05:00
trade,49,KXLOLTOTALMAPS-26FEB21FOXGEN-5,no,61,100,0,0,1911,1911,2026-02-21T07:27:56-05:00,2026-02-21T05:57:53-05:00
trade,201,KXLOLTOTALMAPS-26FEB21FOXGEN-5,no,61,100,0,0,7839,7839,2026-02-21T07:27:56-05:00,2026-02-21T05:57:54-05:00
trade,24,KXLOLTOTALMAPS-26FEB21FOXGEN-5,no,61,100,0,0,936,936,2026-02-21T07:27:56-05:00,2026-02-21T05:58:06-05:00
trade,53,KXLOLTOTALMAPS-26FEB21FOXGEN-5,no,61,100,0,0,2067,2067,2026-02-21T07:27:56-05:00,2026-02-21T05:58:15-05:00
trade,114,KXLOLTOTALMAPS-26FEB21FOXGEN-5,no,58,100,0,0,4788,4788,2026-02-21T07:27:56-05:00,2026-02-21T05:58:42-05:00
trade,1,KXLOLGAME-26FEB21FOXGEN-GEN,yes,87,100,1,0,13,12,2026-02-21T07:32:56-05:00,2026-02-20T22:04:15-05:00
trade,50,KXLOLGAME-26FEB21FOXGEN-GEN,yes,94,100,0,0,300,300,2026-02-21T07:32:56-05:00,2026-02-21T03:57:53-05:00
trade,50,KXLOLGAME-26FEB21FOXGEN-GEN,yes,94,100,0,0,300,300,2026-02-21T07:32:56-05:00,2026-02-21T03:57:53-05:00
trade,164,KXLOLGAME-26FEB21FOXGEN-FOX,yes,2,0,0,0,-328,-328,2026-02-21T07:32:56-05:00,2026-02-21T06:09:32-05:00
trade,136,KXLOLGAME-26FEB21FOXGEN-FOX,yes,2,0,0,0,-272,-272,2026-02-21T07:32:56-05:00,2026-02-21T06:09:33-05:00
trade,100,KXLOLMAP-26FEB21VITFNC-1-VIT,yes,46,100,0,0,5400,5400,2026-02-21T14:28:16-05:00,2026-02-21T13:47:32-05:00
trade,50,KXLOLMAP-26FEB21VITFNC-1-VIT,yes,46,100,0,0,2700,2700,2026-02-21T14:28:16-05:00,2026-02-21T13:47:32-05:00
trade,3,KXLOLMAP-26FEB21VITFNC-1-VIT,yes,54,100,0,0,138,138,2026-02-21T14:28:16-05:00,2026-02-21T13:53:56-05:00
trade,3,KXLOLMAP-26FEB21VITFNC-1-VIT,yes,83,100,0,0,51,51,2026-02-21T14:28:16-05:00,2026-02-21T14:04:27-05:00
trade,15,KXLOLMAP-26FEB21VITFNC-1-VIT,yes,82,100,0,0,270,270,2026-02-21T14:28:16-05:00,2026-02-21T14:07:15-05:00
trade,45,KXLOLMAP-26FEB21VITFNC-1-VIT,yes,82,100,0,0,810,810,2026-02-21T14:28:16-05:00,2026-02-21T14:07:15-05:00
trade,60,KXLOLMAP-26FEB21VITFNC-1-VIT,yes,77,100,0,0,1380,1380,2026-02-21T14:28:16-05:00,2026-02-21T14:08:25-05:00
trade,60,KXLOLMAP-26FEB21VITFNC-1-VIT,yes,85,100,0,0,900,900,2026-02-21T14:28:16-05:00,2026-02-21T14:11:28-05:00
trade,2,KXLOLMAP-26FEB21VITFNC-2-VIT,yes,45,100,0,0,110,110,2026-02-21T15:23:16-05:00,2026-02-21T14:54:05-05:00
trade,18,KXLOLMAP-26FEB21VITFNC-2-VIT,yes,45,100,0,0,990,990,2026-02-21T15:23:16-05:00,2026-02-21T14:54:07-05:00
trade,14,KXLOLMAP-26FEB21VITFNC-2-VIT,yes,45,100,0,0,770,770,2026-02-21T15:23:16-05:00,2026-02-21T14:54:08-05:00
trade,200,KXLOLMAP-26FEB21VITFNC-2-FNC,yes,39,0,0,0,-7800,-7800,2026-02-21T15:23:16-05:00,2026-02-21T14:38:11-05:00
trade,60,KXLOLMAP-26FEB21VITFNC-2-FNC,yes,42,0,0,0,-2520,-2520,2026-02-21T15:23:16-05:00,2026-02-21T14:41:18-05:00
trade,200,KXLOLGAME-26FEB21VITFNC-VIT,yes,57,100,0,0,8600,8600,2026-02-21T15:52:46-05:00,2026-02-21T09:20:39-05:00
trade,29,KXLOLGAME-26FEB21VITFNC-VIT,yes,66,100,46,0,986,940,2026-02-21T15:52:46-05:00,2026-02-21T14:00:37-05:00
trade,50,KXLOLGAME-26FEB21VITFNC-VIT,yes,66,100,79,0,1700,1621,2026-02-21T15:52:46-05:00,2026-02-21T14:00:37-05:00
trade,1000,KXLOLGAME-26FEB21VITFNC-VIT,yes,67,100,1547,0,33000,31453,2026-02-21T15:52:46-05:00,2026-02-21T14:00:37-05:00
trade,30,KXLOLGAME-26FEB21VITFNC-VIT,yes,67,100,47,0,990,943,2026-02-21T15:52:46-05:00,2026-02-21T14:00:37-05:00
trade,200,KXLOLGAME-26FEB21VITFNC-VIT,yes,68,100,304,0,6400,6096,2026-02-21T15:52:46-05:00,2026-02-21T14:00:37-05:00
trade,2255,KXLOLGAME-26FEB21VITFNC-VIT,yes,68,100,3435,0,72160,68725,2026-02-21T15:52:46-05:00,2026-02-21T14:00:37-05:00
trade,30,KXLOLMAP-26FEB21LYFLY-1-LY,yes,51,100,0,0,1470,1470,2026-02-21T16:43:06-05:00,2026-02-21T16:12:02-05:00
trade,80,KXLOLMAP-26FEB21LYFLY-1-LY,yes,51,100,0,0,3920,3920,2026-02-21T16:43:06-05:00,2026-02-21T16:13:19-05:00
trade,90,KXLOLMAP-26FEB21LYFLY-1-LY,yes,51,100,0,0,4410,4410,2026-02-21T16:43:06-05:00,2026-02-21T16:14:14-05:00
trade,3,KXLOLMAP-26FEB21LYFLY-1-LY,yes,84,100,0,0,48,48,2026-02-21T16:43:06-05:00,2026-02-21T16:17:31-05:00
trade,4,KXLOLMAP-26FEB21LYFLY-1-LY,yes,84,100,0,0,64,64,2026-02-21T16:43:06-05:00,2026-02-21T16:17:50-05:00
trade,11,KXLOLMAP-26FEB21LYFLY-1-LY,yes,84,100,0,0,176,176,2026-02-21T16:43:06-05:00,2026-02-21T16:18:15-05:00
trade,42,KXLOLMAP-26FEB21LYFLY-1-LY,yes,84,100,0,0,672,672,2026-02-21T16:43:06-05:00,2026-02-21T16:18:15-05:00
trade,60,KXLOLMAP-26FEB21LYFLY-1-LY,yes,85,100,0,0,900,900,2026-02-21T16:43:06-05:00,2026-02-21T16:18:33-05:00
trade,150,KXLOLMAP-26FEB21LYFLY-1-LY,yes,93,100,0,0,1050,1050,2026-02-21T16:43:06-05:00,2026-02-21T16:27:06-05:00
trade,500,KXLOLMAP-26FEB21LYFLY-2-LY,yes,61,100,833,0,19500,18667,2026-02-21T17:42:56-05:00,2026-02-21T17:04:14-05:00
trade,500,KXLOLMAP-26FEB21LYFLY-2-LY,yes,62,100,825,0,19000,18175,2026-02-21T17:42:56-05:00,2026-02-21T17:04:47-05:00
trade,431,KXLOLMAP-26FEB21LYFLY-2-LY,yes,63,100,704,0,15947,15243,2026-02-21T17:42:56-05:00,2026-02-21T17:05:01-05:00
trade,25,KXLOLMAP-26FEB21LYFLY-2-LY,yes,89,100,18,0,275,257,2026-02-21T17:42:56-05:00,2026-02-21T17:24:17-05:00
trade,54,KXLOLMAP-26FEB21LYFLY-2-LY,yes,89,100,37,0,594,557,2026-02-21T17:42:56-05:00,2026-02-21T17:24:17-05:00
trade,100,KXLOLMAP-26FEB21LYFLY-2-LY,yes,90,100,63,0,1000,937,2026-02-21T17:42:56-05:00,2026-02-21T17:24:17-05:00
trade,31,KXLOLMAP-26FEB21LYFLY-2-LY,yes,90,100,20,0,310,290,2026-02-21T17:42:56-05:00,2026-02-21T17:29:33-05:00
trade,5,KXLOLMAP-26FEB21LYFLY-2-LY,yes,90,100,3,0,50,47,2026-02-21T17:42:56-05:00,2026-02-21T17:29:33-05:00
trade,200,KXLOLMAP-26FEB21LYFLY-2-LY,yes,91,100,115,0,1800,1685,2026-02-21T17:42:56-05:00,2026-02-21T17:34:35-05:00
trade,200,KXLOLMAP-26FEB21LYFLY-2-LY,yes,91,100,115,0,1800,1685,2026-02-21T17:42:56-05:00,2026-02-21T17:34:35-05:00
trade,200,KXLOLMAP-26FEB21LYFLY-2-LY,yes,91,100,115,0,1800,1685,2026-02-21T17:42:56-05:00,2026-02-21T17:34:35-05:00
trade,200,KXLOLMAP-26FEB21LYFLY-2-LY,yes,91,100,115,0,1800,1685,2026-02-21T17:42:56-05:00,2026-02-21T17:34:35-05:00
trade,200,KXLOLMAP-26FEB21LYFLY-2-LY,yes,91,100,115,0,1800,1685,2026-02-21T17:42:56-05:00,2026-02-21T17:34:35-05:00
trade,200,KXLOLMAP-26FEB21LYFLY-2-LY,yes,91,100,115,0,1800,1685,2026-02-21T17:42:56-05:00,2026-02-21T17:34:35-05:00
trade,200,KXLOLMAP-26FEB21LYFLY-2-LY,yes,91,100,115,0,1800,1685,2026-02-21T17:42:56-05:00,2026-02-21T17:34:36-05:00
trade,200,KXLOLMAP-26FEB21LYFLY-2-LY,yes,91,100,115,0,1800,1685,2026-02-21T17:42:56-05:00,2026-02-21T17:34:36-05:00
trade,200,KXLOLMAP-26FEB21LYFLY-2-LY,yes,91,100,115,0,1800,1685,2026-02-21T17:42:56-05:00,2026-02-21T17:34:36-05:00
trade,200,KXLOLMAP-26FEB21LYFLY-2-LY,yes,91,100,115,0,1800,1685,2026-02-21T17:42:56-05:00,2026-02-21T17:34:36-05:00
trade,200,KXLOLMAP-26FEB21LYFLY-2-LY,yes,91,100,115,0,1800,1685,2026-02-21T17:42:56-05:00,2026-02-21T17:34:36-05:00
trade,200,KXLOLMAP-26FEB21LYFLY-2-LY,yes,91,100,115,0,1800,1685,2026-02-21T17:42:56-05:00,2026-02-21T17:34:36-05:00
trade,50,KXLOLMAP-26FEB21LYFLY-3-LY,yes,72,100,0,0,1400,1400,2026-02-21T18:33:06-05:00,2026-02-21T18:11:49-05:00
trade,14,KXLOLMAP-26FEB21LYFLY-3-LY,yes,70,100,0,0,420,420,2026-02-21T18:33:06-05:00,2026-02-21T18:16:26-05:00
trade,100,KXLOLMAP-26FEB21LYFLY-3-FLY,yes,33,0,0,0,-3300,-3300,2026-02-21T18:33:06-05:00,2026-02-21T18:00:48-05:00
trade,64,KXLOLGAME-26FEB21LYFLY-LY,yes,75,100,0,0,1600,1600,2026-02-21T19:42:56-05:00,2026-02-21T17:02:53-05:00
trade,300,KXLOLGAME-26FEB21LYFLY-FLY,yes,18,0,0,0,-5400,-5400,2026-02-21T19:42:56-05:00,2026-02-21T16:34:29-05:00
trade,500,KXLOLGAME-26FEB21LYFLY-FLY,yes,20,0,0,0,-10000,-10000,2026-02-21T19:42:56-05:00,2026-02-21T16:57:32-05:00
trade,1,KXLOLMAP-26FEB22GXNAVI-1-GX,yes,47,5,0,1,-42,-43,2026-02-22T11:18:54-05:00,2026-02-22T11:00:02-05:00
trade,90,KXLOLMAP-26FEB22GXNAVI-1-GX,yes,47,0,0,0,-4230,-4230,2026-02-22T11:34:36-05:00,2026-02-22T11:00:02-05:00
trade,91,KXLOLMAP-26FEB22GXNAVI-1-GX,yes,47,0,0,0,-4277,-4277,2026-02-22T11:34:36-05:00,2026-02-22T11:00:10-05:00
trade,91,KXLOLMAP-26FEB22GXNAVI-1-GX,yes,47,0,0,0,-4277,-4277,2026-02-22T11:34:36-05:00,2026-02-22T11:00:19-05:00
trade,9,KXLOLMAP-26FEB22GXNAVI-1-GX,yes,47,0,0,0,-423,-423,2026-02-22T11:34:36-05:00,2026-02-22T11:00:28-05:00
trade,18,KXLOLMAP-26FEB22GXNAVI-1-GX,yes,47,0,0,0,-846,-846,2026-02-22T11:34:36-05:00,2026-02-22T11:00:30-05:00
trade,8,KXLOLMAP-26FEB22GXNAVI-1-GX,yes,43,0,0,0,-344,-344,2026-02-22T11:34:36-05:00,2026-02-22T11:00:46-05:00
trade,50,KXLOLMAP-26FEB22GXNAVI-1-GX,yes,40,0,0,0,-2000,-2000,2026-02-22T11:34:36-05:00,2026-02-22T11:03:36-05:00
trade,6,KXLOLMAP-26FEB22GXNAVI-1-GX,yes,20,0,0,0,-120,-120,2026-02-22T11:34:36-05:00,2026-02-22T11:05:58-05:00
trade,43,KXLOLGAME-26FEB22GXNAVI-GX,yes,48,22,0,0,-1118,-1118,2026-02-22T11:37:20-05:00,2026-02-22T10:54:58-05:00
trade,457,KXLOLGAME-26FEB22GXNAVI-GX,yes,48,22,0,0,-11882,-11882,2026-02-22T11:37:29-05:00,2026-02-22T10:54:58-05:00
trade,20,KXLOLGAME-26FEB22GXNAVI-GX,yes,48,22,0,0,-520,-520,2026-02-22T11:38:55-05:00,2026-02-22T10:54:58-05:00
trade,4,KXLOLGAME-26FEB22GXNAVI-GX,yes,48,22,0,0,-104,-104,2026-02-22T11:40:29-05:00,2026-02-22T10:54:58-05:00
trade,8,KXLOLGAME-26FEB22GXNAVI-GX,yes,48,22,0,0,-208,-208,2026-02-22T11:40:33-05:00,2026-02-22T10:54:58-05:00
trade,15,KXLOLMAP-26FEB22GXNAVI-2-GX,yes,50,100,0,0,750,750,2026-02-22T12:24:36-05:00,2026-02-22T11:52:54-05:00
trade,17,KXLOLMAP-26FEB22GXNAVI-2-GX,yes,59,100,0,0,697,697,2026-02-22T12:24:36-05:00,2026-02-22T11:57:30-05:00
trade,33,KXLOLMAP-26FEB22GXNAVI-2-GX,yes,59,100,0,0,1353,1353,2026-02-22T12:24:36-05:00,2026-02-22T11:57:30-05:00
trade,56,KXLOLMAP-26FEB22GXNAVI-2-GX,yes,73,100,78,0,1512,1434,2026-02-22T12:24:36-05:00,2026-02-22T12:12:40-05:00
trade,144,KXLOLMAP-26FEB22GXNAVI-2-GX,yes,74,100,194,0,3744,3550,2026-02-22T12:24:36-05:00,2026-02-22T12:12:40-05:00
trade,106,KXLOLMAP-26FEB22GXNAVI-2-GX,yes,74,100,143,0,2756,2613,2026-02-22T12:24:36-05:00,2026-02-22T12:12:40-05:00
trade,144,KXLOLMAP-26FEB22GXNAVI-2-GX,yes,74,100,194,0,3744,3550,2026-02-22T12:24:36-05:00,2026-02-22T12:12:42-05:00
trade,468,KXLOLGAME-26FEB22GXNAVI-GX,yes,48,100,0,0,24336,24336,2026-02-22T13:52:56-05:00,2026-02-22T10:54:58-05:00
trade,500,KXLOLGAME-26FEB22GXNAVI-GX,yes,80,100,560,0,10000,9440,2026-02-22T13:52:56-05:00,2026-02-22T12:54:53-05:00
trade,500,KXLOLGAME-26FEB22GXNAVI-GX,yes,80,100,560,0,10000,9440,2026-02-22T13:52:56-05:00,2026-02-22T12:54:53-05:00
trade,500,KXLOLGAME-26FEB22GXNAVI-GX,yes,80,100,560,0,10000,9440,2026-02-22T13:52:56-05:00,2026-02-22T12:54:54-05:00
trade,500,KXLOLGAME-26FEB22GXNAVI-GX,yes,80,100,560,0,10000,9440,2026-02-22T13:52:56-05:00,2026-02-22T12:54:54-05:00
trade,500,KXLOLGAME-26FEB22GXNAVI-GX,yes,80,100,560,0,10000,9440,2026-02-22T13:52:56-05:00,2026-02-22T12:54:54-05:00
trade,136,KXLOLGAME-26FEB22GXNAVI-GX,yes,95,100,46,0,680,634,2026-02-22T13:52:56-05:00,2026-02-22T13:03:27-05:00
trade,100,KXLOLGAME-26FEB22GXNAVI-GX,yes,95,100,33,0,500,467,2026-02-22T13:52:56-05:00,2026-02-22T13:03:27-05:00
trade,9,KXLOLMAP-26FEB22VITKC-1-KC,yes,65,26,0,13,-351,-364,2026-02-22T14:17:27-05:00,2026-02-22T13:46:38-05:00
trade,91,KXLOLMAP-26FEB22VITKC-1-KC,yes,65,15,0,81,-4550,-4631,2026-02-22T14:19:34-05:00,2026-02-22T13:46:38-05:00
trade,108,KXLOLMAP-26FEB22VITKC-1-KC,yes,67,15,168,97,-5616,-5881,2026-02-22T14:19:34-05:00,2026-02-22T13:56:52-05:00
trade,236,KXLOLMAP-26FEB22VITKC-1-KC,yes,68,15,360,211,-12508,-13079,2026-02-22T14:19:34-05:00,2026-02-22T13:57:41-05:00
trade,23,KXLOLMAP-26FEB22VITKC-1-KC,yes,68,15,35,20,-1219,-1274,2026-02-22T14:19:34-05:00,2026-02-22T13:57:41-05:00
trade,4,KXLOLMAP-26FEB22VITKC-1-KC,yes,68,14,6,4,-216,-226,2026-02-22T14:19:38-05:00,2026-02-22T13:57:41-05:00
trade,11,KXLOLMAP-26FEB22VITKC-1-KC,yes,68,15,17,10,-583,-610,2026-02-22T14:20:11-05:00,2026-02-22T13:57:41-05:00
trade,3,KXLOLMAP-26FEB22VITKC-1-KC,yes,68,16,5,3,-156,-164,2026-02-22T14:20:15-05:00,2026-02-22T13:57:41-05:00
trade,33,KXLOLMAP-26FEB22VITKC-1-KC,yes,68,16,50,31,-1716,-1797,2026-02-22T14:20:15-05:00,2026-02-22T13:57:41-05:00
trade,190,KXLOLMAP-26FEB22VITKC-1-KC,yes,68,0,290,0,-12920,-13210,2026-02-22T14:23:56-05:00,2026-02-22T13:57:41-05:00
trade,150,KXLOLMAP-26FEB22VITKC-1-KC,yes,68,0,229,0,-10200,-10429,2026-02-22T14:23:56-05:00,2026-02-22T13:57:41-05:00
trade,350,KXLOLMAP-26FEB22VITKC-1-KC,yes,68,0,533,0,-23800,-24333,2026-02-22T14:23:56-05:00,2026-02-22T13:57:41-05:00
trade,224,KXLOLMAP-26FEB22VITKC-1-KC,yes,73,0,310,0,-16352,-16662,2026-02-22T14:23:56-05:00,2026-02-22T14:13:35-05:00
trade,39,KXLOLMAP-26FEB22VITKC-1-KC,yes,73,0,53,0,-2847,-2900,2026-02-22T14:23:56-05:00,2026-02-22T14:13:35-05:00
trade,47,KXLOLMAP-26FEB22VITKC-1-KC,yes,73,0,65,0,-3431,-3496,2026-02-22T14:23:56-05:00,2026-02-22T14:13:35-05:00
trade,26,KXLOLMAP-26FEB22VITKC-1-KC,yes,73,0,36,0,-1898,-1934,2026-02-22T14:23:56-05:00,2026-02-22T14:13:35-05:00
trade,34,KXLOLMAP-26FEB22VITKC-1-KC,yes,74,0,46,0,-2516,-2562,2026-02-22T14:23:56-05:00,2026-02-22T14:13:35-05:00
trade,22,KXLOLMAP-26FEB22VITKC-1-KC,yes,74,0,30,0,-1628,-1658,2026-02-22T14:23:56-05:00,2026-02-22T14:13:35-05:00
trade,23,KXLOLMAP-26FEB22VITKC-2-VIT,yes,44,0,40,0,-1012,-1052,2026-02-22T15:18:36-05:00,2026-02-22T14:55:27-05:00
trade,250,KXLOLMAP-26FEB22VITKC-2-VIT,yes,44,0,432,0,-11000,-11432,2026-02-22T15:18:36-05:00,2026-02-22T14:59:55-05:00
trade,31,KXLOLGAME-26FEB22VITKC-KC,yes,64,98,0,0,1054,1054,2026-02-22T15:49:50-05:00,2026-02-22T15:21:49-05:00
trade,19,KXLOLGAME-26FEB22VITKC-KC,yes,64,98,0,0,646,646,2026-02-22T15:49:50-05:00,2026-02-22T15:22:58-05:00
trade,50,KXLOLGAME-26FEB22VITKC-KC,yes,64,98,0,0,1700,1700,2026-02-22T15:49:50-05:00,2026-02-22T15:32:10-05:00
trade,200,KXLOLGAME-26FEB22VITKC-KC,yes,69,98,300,0,5800,5500,2026-02-22T15:49:50-05:00,2026-02-22T15:39:27-05:00
trade,22,KXLOLGAME-26FEB22VITKC-KC,yes,91,98,13,0,154,141,2026-02-22T15:49:50-05:00,2026-02-22T15:48:24-05:00
trade,64,KXLOLGAME-26FEB22VITKC-VIT,yes,52,0,0,0,-3328,-3328,2026-02-22T16:52:46-05:00,2026-02-22T14:25:35-05:00
trade,72,KXLOLGAME-26FEB22VITKC-VIT,yes,52,0,0,0,-3744,-3744,2026-02-22T16:52:46-05:00,2026-02-22T14:26:05-05:00
trade,25,KXLOLGAME-26FEB22VITKC-VIT,yes,52,0,0,0,-1300,-1300,2026-02-22T16:52:46-05:00,2026-02-22T14:26:08-05:00
trade,1,KXLOLGAME-26FEB22VITKC-VIT,yes,54,0,0,0,-54,-54,2026-02-22T16:52:46-05:00,2026-02-22T14:30:02-05:00
trade,4,KXLOLGAME-26FEB22VITKC-VIT,yes,54,0,0,0,-216,-216,2026-02-22T16:52:46-05:00,2026-02-22T14:30:09-05:00
trade,156,KXLOLGAME-26FEB22VITKC-KC,yes,91,100,90,0,1404,1314,2026-02-22T16:52:46-05:00,2026-02-22T15:48:24-05:00
trade,50,KXLOLGAME-26FEB22VITKC-KC,yes,95,100,17,0,250,233,2026-02-22T16:52:46-05:00,2026-02-22T15:48:29-05:00
trade,60,KXLOLGAME-26FEB24TESJDG-TES,yes,37,0,0,0,-2220,-2220,2026-02-24T05:32:56-05:00,2026-02-24T00:50:57-05:00
trade,88,KXLOLGAME-26FEB24TESJDG-TES,yes,37,0,0,0,-3256,-3256,2026-02-24T05:32:56-05:00,2026-02-24T00:57:27-05:00
trade,1000,KXLOLMAP-26FEB25IGWB-1-WB,yes,59,100,0,0,41000,41000,2026-02-25T02:03:25-05:00,2026-02-25T00:59:51-05:00
trade,1000,KXLOLMAP-26FEB25IGWB-1-WB,yes,58,100,0,0,42000,42000,2026-02-25T02:03:25-05:00,2026-02-25T01:04:45-05:00
trade,100,KXLOLMAP-26FEB25IGWB-1-WB,yes,93,100,46,0,700,654,2026-02-25T02:03:25-05:00,2026-02-25T01:30:29-05:00
trade,1428,KXLOLGAME-26FEB25IGWB-WB,yes,67,100,0,0,47124,47124,2026-02-25T04:02:55-05:00,2026-02-24T22:38:58-05:00
trade,129,KXLOLGAME-26FEB25IGWB-WB,yes,67,100,0,0,4257,4257,2026-02-25T04:02:55-05:00,2026-02-24T23:32:00-05:00
trade,265,KXLOLMAP-26FEB25NIPBLG-1-BLG,yes,72,100,0,0,7420,7420,2026-02-25T05:03:15-05:00,2026-02-25T04:12:08-05:00
trade,57,KXLOLGAME-26FEB25LEOFF15-LEO,yes,70,100,0,0,1710,1710,2026-02-25T13:13:05-05:00,2026-02-25T11:42:38-05:00
trade,57,KXLOLGAME-26FEB25LEOFF15-LEO,yes,70,100,0,0,1710,1710,2026-02-25T13:13:05-05:00,2026-02-25T11:42:48-05:00
trade,57,KXLOLGAME-26FEB25LEOFF15-LEO,yes,70,100,0,0,1710,1710,2026-02-25T13:13:05-05:00,2026-02-25T11:44:24-05:00
trade,12,KXLOLGAME-26FEB25LEOFF15-LEO,yes,70,100,0,0,360,360,2026-02-25T13:13:05-05:00,2026-02-25T11:44:34-05:00
trade,109,KXLOLGAME-26FEB25LEOFF15-LEO,yes,70,100,0,0,3270,3270,2026-02-25T13:13:05-05:00,2026-02-25T11:50:50-05:00
trade,109,KXLOLGAME-26FEB25LEOFF15-LEO,yes,70,100,0,0,3270,3270,2026-02-25T13:13:05-05:00,2026-02-25T11:50:50-05:00
trade,109,KXLOLGAME-26FEB25LEOFF15-LEO,yes,70,100,0,0,3270,3270,2026-02-25T13:13:05-05:00,2026-02-25T11:50:50-05:00
trade,109,KXLOLGAME-26FEB25LEOFF15-LEO,yes,70,100,0,0,3270,3270,2026-02-25T13:13:05-05:00,2026-02-25T11:50:51-05:00
trade,109,KXLOLGAME-26FEB25LEOFF15-LEO,yes,70,100,0,0,3270,3270,2026-02-25T13:13:05-05:00,2026-02-25T11:50:52-05:00
trade,109,KXLOLGAME-26FEB25LEOFF15-LEO,yes,70,100,0,0,3270,3270,2026-02-25T13:13:05-05:00,2026-02-25T11:50:52-05:00
trade,81,KXLOLGAME-26FEB25LEOFF15-LEO,yes,70,100,0,0,2430,2430,2026-02-25T13:13:05-05:00,2026-02-25T11:50:53-05:00
trade,41,KXLOLGAME-26FEB25LEOFF15-LEO,yes,70,100,0,0,1230,1230,2026-02-25T13:13:05-05:00,2026-02-25T11:50:53-05:00
trade,20,KXLOLGAME-26FEB25LEOFF15-LEO,yes,70,100,0,0,600,600,2026-02-25T13:13:05-05:00,2026-02-25T11:50:54-05:00
trade,10,KXLOLGAME-26FEB25LEOFF15-LEO,yes,70,100,0,0,300,300,2026-02-25T13:13:05-05:00,2026-02-25T11:50:55-05:00
trade,5,KXLOLGAME-26FEB25LEOFF15-LEO,yes,70,100,0,0,150,150,2026-02-25T13:13:05-05:00,2026-02-25T11:50:55-05:00
trade,6,KXLOLGAME-26FEB25LEOFF15-LEO,yes,70,100,0,0,180,180,2026-02-25T13:13:05-05:00,2026-02-25T11:52:23-05:00
trade,96,KXLOLGAME-26FEB25LEOFF15-LEO,yes,61,100,0,0,3744,3744,2026-02-25T13:13:05-05:00,2026-02-25T11:56:26-05:00
trade,15,KXLOLGAME-26FEB25LEOFF15-LEO,yes,61,100,0,0,585,585,2026-02-25T13:13:05-05:00,2026-02-25T11:56:26-05:00
trade,48,KXLOLGAME-26FEB25LEOFF15-LEO,yes,61,100,0,0,1872,1872,2026-02-25T13:13:05-05:00,2026-02-25T11:57:03-05:00
trade,5,KXLOLGAME-26FEB25LEOFF15-LEO,yes,61,100,0,0,195,195,2026-02-25T13:13:05-05:00,2026-02-25T11:58:10-05:00
trade,36,KXLOLGAME-26FEB25LEOFF15-LEO,yes,61,100,0,0,1404,1404,2026-02-25T13:13:05-05:00,2026-02-25T11:58:10-05:00
trade,128,KXLOLMAP-26FEB26ALJDG-1-AL,yes,64,100,0,0,4608,4608,2026-02-26T05:03:47-05:00,2026-02-26T02:53:37-05:00
trade,5,KXLOLMAP-26FEB26ALJDG-1-AL,yes,51,100,9,0,245,236,2026-02-26T05:03:47-05:00,2026-02-26T05:01:03-05:00
trade,280,KXLOLMAP-26FEB26ALJDG-1-AL,yes,99,100,20,0,280,260,2026-02-26T05:03:47-05:00,2026-02-26T05:01:21-05:00
trade,20,KXLOLMAP-26FEB26ALJDG-1-AL,yes,99,100,0,0,20,20,2026-02-26T05:03:47-05:00,2026-02-26T05:01:21-05:00
trade,2000,KXLOLGAME-26FEB26ALJDG-AL,yes,74,0,0,0,-148000,-148000,2026-02-26T08:42:57-05:00,2026-02-26T00:08:06-05:00
trade,36,KXLOLMAP-26FEB27GZSHG-3-GZ,yes,50,100,0,0,1800,1800,2026-02-27T03:43:07-05:00,2026-02-27T03:21:34-05:00
trade,14,KXLOLMAP-26FEB27GZSHG-3-GZ,yes,50,100,0,0,700,700,2026-02-27T03:43:07-05:00,2026-02-27T03:21:34-05:00
trade,36,KXLOLMAP-26FEB27GZSHG-3-GZ,yes,49,100,0,0,1836,1836,2026-02-27T03:43:07-05:00,2026-02-27T03:22:29-05:00
trade,14,KXLOLMAP-26FEB27GZSHG-3-GZ,yes,49,100,0,0,714,714,2026-02-27T03:43:07-05:00,2026-02-27T03:22:34-05:00
trade,30,KXLOLMAP-26FEB27GZSHG-3-GZ,yes,46,100,0,0,1620,1620,2026-02-27T03:43:07-05:00,2026-02-27T03:25:07-05:00
trade,50,KXLOLMAP-26FEB27GZSHG-3-GZ,yes,47,100,0,0,2650,2650,2026-02-27T03:43:07-05:00,2026-02-27T03:25:45-05:00
trade,14,KXLOLMAP-26FEB27GZSHG-3-GZ,yes,46,100,0,0,756,756,2026-02-27T03:43:07-05:00,2026-02-27T03:26:50-05:00
trade,28,KXLOLMAP-26FEB27GZSHG-3-SHG,no,53,100,49,0,1316,1267,2026-02-27T03:43:07-05:00,2026-02-27T03:18:32-05:00
trade,55,KXLOLMAP-26FEB27GZSHG-3-SHG,no,53,100,96,0,2585,2489,2026-02-27T03:43:07-05:00,2026-02-27T03:18:32-05:00
trade,445,KXLOLMAP-26FEB27GZSHG-3-SHG,no,53,100,776,0,20915,20139,2026-02-27T03:43:07-05:00,2026-02-27T03:18:32-05:00
trade,25,KXLOLMAP-26FEB27BLGWB-1-BLG,yes,68,100,0,0,800,800,2026-02-27T04:53:07-05:00,2026-02-27T04:20:31-05:00
trade,25,KXLOLMAP-26FEB27BLGWB-1-BLG,yes,68,100,0,0,800,800,2026-02-27T04:53:07-05:00,2026-02-27T04:20:31-05:00
trade,9,KXLOLMAP-26FEB27BLGWB-1-BLG,yes,64,100,0,0,324,324,2026-02-27T04:53:07-05:00,2026-02-27T04:21:54-05:00
trade,41,KXLOLMAP-26FEB27BLGWB-1-BLG,yes,64,100,0,0,1476,1476,2026-02-27T04:53:07-05:00,2026-02-27T04:21:58-05:00
trade,150,KXLOLMAP-26FEB27BLGWB-2-BLG,yes,95,100,0,0,750,750,2026-02-27T05:43:17-05:00,2026-02-27T05:24:26-05:00
trade,329,KXLOLMAP-26FEB27BLGWB-2-BLG,yes,95,100,0,0,1645,1645,2026-02-27T05:43:17-05:00,2026-02-27T05:24:54-05:00
trade,150,KXLOLMAP-26FEB27BLGWB-2-BLG,yes,95,100,0,0,750,750,2026-02-27T05:43:17-05:00,2026-02-27T05:24:54-05:00
trade,71,KXLOLMAP-26FEB27BLGWB-2-BLG,yes,95,100,0,0,355,355,2026-02-27T05:43:17-05:00,2026-02-27T05:24:56-05:00
trade,79,KXLOLMAP-26FEB27BLGWB-2-BLG,yes,95,100,0,0,395,395,2026-02-27T05:43:17-05:00,2026-02-27T05:24:56-05:00
trade,10,KXLOLMAP-26FEB27BLGWB-2-BLG,yes,95,100,0,0,50,50,2026-02-27T05:43:17-05:00,2026-02-27T05:25:24-05:00
trade,150,KXLOLMAP-26FEB27BLGWB-2-BLG,yes,95,100,0,0,750,750,2026-02-27T05:43:17-05:00,2026-02-27T05:26:44-05:00
trade,24,KXLOLMAP-26FEB27BLGWB-2-BLG,yes,95,100,0,0,120,120,2026-02-27T05:43:17-05:00,2026-02-27T05:27:56-05:00
trade,37,KXLOLMAP-26FEB27BLGWB-2-BLG,yes,95,100,0,0,185,185,2026-02-27T05:43:17-05:00,2026-02-27T05:28:23-05:00
trade,100,KXLOLMAP-26FEB27BLGWB-3-BLG,yes,65,100,0,0,3500,3500,2026-02-27T06:33:27-05:00,2026-02-27T05:46:35-05:00
trade,72,KXLOLMAP-26FEB27BLGWB-3-BLG,yes,64,100,0,0,2592,2592,2026-02-27T06:33:27-05:00,2026-02-27T05:59:02-05:00
trade,28,KXLOLMAP-26FEB27BLGWB-3-BLG,yes,64,100,0,0,1008,1008,2026-02-27T06:33:27-05:00,2026-02-27T05:59:02-05:00
trade,172,KXLOLMAP-26FEB27BLGWB-3-BLG,yes,64,100,0,0,6192,6192,2026-02-27T06:33:27-05:00,2026-02-27T05:59:02-05:00
trade,316,KXLOLMAP-26FEB27BLGWB-3-BLG,yes,64,100,0,0,11376,11376,2026-02-27T06:33:27-05:00,2026-02-27T05:59:02-05:00
trade,666,KXLOLMAP-26FEB27BLGWB-3-BLG,yes,69,100,998,0,20646,19648,2026-02-27T06:33:27-05:00,2026-02-27T06:02:36-05:00
trade,50,KXLOLMAP-26FEB27BLGWB-3-BLG,yes,70,100,73,0,1500,1427,2026-02-27T06:33:27-05:00,2026-02-27T06:02:36-05:00
trade,6,KXLOLMAP-26FEB27BLGWB-3-BLG,yes,94,100,0,0,36,36,2026-02-27T06:33:27-05:00,2026-02-27T06:10:32-05:00
trade,1,KXLOLMAP-26FEB27BLGWB-3-BLG,yes,94,100,0,0,6,6,2026-02-27T06:33:27-05:00,2026-02-27T06:11:14-05:00
trade,14,KXLOLMAP-26FEB27KCGX-1-KC,yes,68,100,0,0,448,448,2026-02-27T12:05:16-05:00,2026-02-27T10:30:03-05:00
trade,11,KXLOLMAP-26FEB27KCGX-1-KC,yes,65,100,0,0,385,385,2026-02-27T12:05:16-05:00,2026-02-27T11:24:47-05:00
trade,89,KXLOLMAP-26FEB27KCGX-1-KC,yes,65,100,0,0,3115,3115,2026-02-27T12:05:16-05:00,2026-02-27T11:24:47-05:00
trade,50,KXLOLMAP-26FEB27KCGX-3-GX,yes,39,0,0,0,-1950,-1950,2026-02-27T14:04:36-05:00,2026-02-27T13:20:29-05:00
trade,5,KXLOLMAP-26FEB27KCGX-3-GX,yes,38,0,0,0,-190,-190,2026-02-27T14:04:36-05:00,2026-02-27T13:20:35-05:00
trade,45,KXLOLMAP-26FEB27KCGX-3-GX,yes,38,0,0,0,-1710,-1710,2026-02-27T14:04:36-05:00,2026-02-27T13:20:36-05:00
trade,11,KXLOLMAP-26FEB27LYTL-1-LY,yes,94,100,5,0,66,61,2026-02-27T16:50:26-05:00,2026-02-27T16:45:05-05:00
trade,55,KXLOLMAP-26FEB27LYTL-1-LY,yes,94,100,22,0,330,308,2026-02-27T16:50:26-05:00,2026-02-27T16:45:05-05:00
trade,10,KXLOLMAP-26FEB27LYTL-2-TL,yes,58,100,0,0,420,420,2026-02-27T17:44:36-05:00,2026-02-27T17:13:06-05:00
trade,10,KXLOLMAP-26FEB27LYTL-2-TL,yes,58,100,0,0,420,420,2026-02-27T17:44:36-05:00,2026-02-27T17:13:09-05:00
trade,30,KXLOLMAP-26FEB27LYTL-2-TL,yes,58,100,0,0,1260,1260,2026-02-27T17:44:36-05:00,2026-02-27T17:13:14-05:00
trade,59,KXLOLMAP-26FEB27LYTL-2-TL,yes,91,100,0,0,531,531,2026-02-27T17:44:36-05:00,2026-02-27T17:24:29-05:00
trade,150,KXLOLMAP-26FEB27LYTL-3-TL,yes,53,0,0,0,-7950,-7950,2026-02-27T18:36:26-05:00,2026-02-27T17:56:02-05:00
trade,150,KXLOLMAP-26FEB27LYTL-3-TL,yes,53,0,0,0,-7950,-7950,2026-02-27T18:36:26-05:00,2026-02-27T17:56:09-05:00
trade,150,KXLOLMAP-26FEB27LYTL-3-TL,yes,53,0,0,0,-7950,-7950,2026-02-27T18:36:26-05:00,2026-02-27T17:56:24-05:00
trade,150,KXLOLMAP-26FEB27LYTL-3-TL,yes,53,0,0,0,-7950,-7950,2026-02-27T18:36:26-05:00,2026-02-27T17:56:33-05:00
trade,3,KXLOLMAP-26FEB28KCMKOI-3-MKOI,yes,94,100,0,0,18,18,2026-02-28T13:43:56-05:00,2026-02-28T13:33:22-05:00
trade,100,KXLOLMAP-26FEB28KCMKOI-3-MKOI,yes,94,100,0,0,600,600,2026-02-28T13:43:56-05:00,2026-02-28T13:33:47-05:00
trade,159,KXLOLGAME-26FEB28KCMKOI-KC,yes,57,100,0,0,6837,6837,2026-02-28T16:12:56-05:00,2026-02-28T15:04:03-05:00
trade,171,KXLOLGAME-26FEB28KCMKOI-KC,yes,57,100,0,0,7353,7353,2026-02-28T16:12:56-05:00,2026-02-28T15:04:10-05:00
trade,7,KXLOLGAME-26FEB28KCMKOI-KC,yes,57,100,0,0,301,301,2026-02-28T16:12:56-05:00,2026-02-28T15:04:11-05:00
trade,13,KXLOLGAME-26FEB28KCMKOI-KC,yes,57,100,0,0,559,559,2026-02-28T16:12:56-05:00,2026-02-28T15:04:37-05:00
trade,50,KXLOLMAP-26FEB28LYSEN-2-LY,yes,92,100,0,0,400,400,2026-02-28T17:43:36-05:00,2026-02-28T17:10:54-05:00
trade,13,KXLOLMAP-26FEB28LYSEN-2-LY,yes,94,100,0,0,78,78,2026-02-28T17:43:36-05:00,2026-02-28T17:26:37-05:00
trade,781,KXLOLGAME-26FEB28LYSEN-LY,yes,78,100,0,0,17182,17182,2026-02-28T20:33:06-05:00,2026-02-28T16:05:16-05:00
trade,59,KXLOLGAME-26FEB28LYSEN-LY,yes,78,100,0,0,1298,1298,2026-02-28T20:33:06-05:00,2026-02-28T16:39:18-05:00
trade,160,KXLOLGAME-26FEB28LYSEN-LY,yes,78,100,0,0,3520,3520,2026-02-28T20:33:06-05:00,2026-02-28T16:39:18-05:00
trade,35,KXLOLMAP-26MAR01DCGTSW-1-TSW,yes,97,100,8,0,105,97,2026-03-01T01:48:06-05:00,2026-03-01T01:37:55-05:00
trade,504,KXLOLMAP-26MAR01DCGTSW-2-TSW,yes,61,100,0,0,19656,19656,2026-03-01T02:43:36-05:00,2026-03-01T02:01:14-05:00
trade,4,KXLOLMAP-26MAR01DCGTSW-2-TSW,yes,61,100,0,0,156,156,2026-03-01T02:43:36-05:00,2026-03-01T02:01:28-05:00
trade,73,KXLOLMAP-26MAR01DCGTSW-2-TSW,yes,61,100,0,0,2847,2847,2026-03-01T02:43:36-05:00,2026-03-01T02:01:29-05:00
trade,2,KXLOLMAP-26MAR01DCGTSW-2-TSW,yes,61,100,0,0,78,78,2026-03-01T02:43:36-05:00,2026-03-01T02:02:10-05:00
trade,11,KXLOLMAP-26MAR01DCGTSW-2-TSW,yes,61,100,0,0,429,429,2026-03-01T02:43:36-05:00,2026-03-01T02:02:20-05:00
trade,45,KXLOLMAP-26MAR01DCGTSW-2-TSW,yes,73,100,0,0,1215,1215,2026-03-01T02:43:36-05:00,2026-03-01T02:08:38-05:00
trade,55,KXLOLMAP-26MAR01DCGTSW-2-TSW,yes,73,100,0,0,1485,1485,2026-03-01T02:43:36-05:00,2026-03-01T02:08:38-05:00
trade,13,KXLOLMAP-26MAR01DCGTSW-2-TSW,yes,40,100,0,0,780,780,2026-03-01T02:43:36-05:00,2026-03-01T02:32:32-05:00
trade,9,KXLOLMAP-26MAR01FOXGEN-2-GEN,yes,74,100,0,0,234,234,2026-03-01T04:43:17-05:00,2026-03-01T03:56:40-05:00
trade,3000,KXLOLGAME-26MAR01KCG2-G2,no,41,0,0,0,-123000,-123000,2026-03-01T17:00:36-05:00,2026-03-01T14:59:47-05:00
trade,500,KXLOLGAME-26MAR01KCG2-G2,no,38,0,0,0,-19000,-19000,2026-03-01T17:00:36-05:00,2026-03-01T15:15:56-05:00
trade,121,KXLOLGAME-26MAR01KCG2-G2,no,39,0,0,0,-4719,-4719,2026-03-01T17:00:36-05:00,2026-03-01T15:17:23-05:00
trade,100,KXLOLGAME-26MAR01KCG2-G2,no,39,0,0,0,-3900,-3900,2026-03-01T17:00:36-05:00,2026-03-01T15:18:18-05:00
trade,4,KXLOLGAME-26MAR01KCG2-G2,no,39,0,0,0,-156,-156,2026-03-01T17:00:36-05:00,2026-03-01T15:18:45-05:00
trade,275,KXLOLGAME-26MAR01KCG2-G2,no,39,0,0,0,-10725,-10725,2026-03-01T17:00:36-05:00,2026-03-01T15:19:41-05:00
trade,186,KXLOLGAME-26MAR01KCG2-G2,no,38,0,0,0,-7068,-7068,2026-03-01T17:00:36-05:00,2026-03-01T15:20:11-05:00
trade,4,KXLOLGAME-26MAR01KCG2-G2,no,39,0,0,0,-156,-156,2026-03-01T17:00:36-05:00,2026-03-01T15:22:37-05:00
trade,3,KXLOLGAME-26MAR01KCG2-G2,no,39,0,0,0,-117,-117,2026-03-01T17:00:36-05:00,2026-03-01T15:22:45-05:00
trade,1,KXLOLGAME-26MAR01KCG2-G2,no,39,0,0,0,-39,-39,2026-03-01T17:00:36-05:00,2026-03-01T15:22:51-05:00
trade,1,KXLOLGAME-26MAR01KCG2-G2,no,39,0,0,0,-39,-39,2026-03-01T17:00:36-05:00,2026-03-01T15:22:56-05:00
trade,133,KXLOLMAP-26MAR03NSEAT1A-3-NSEA,no,52,100,0,0,6384,6384,2026-03-03T05:33:06-05:00,2026-03-03T04:51:56-05:00
trade,84,KXLOLMAP-26MAR03NSEAT1A-3-NSEA,no,53,100,0,0,3948,3948,2026-03-03T05:33:06-05:00,2026-03-03T04:53:44-05:00
trade,23,KXLOLMAP-26MAR03NSEAT1A-3-T1A,yes,54,100,0,0,1058,1058,2026-03-03T05:33:06-05:00,2026-03-03T04:53:51-05:00
trade,49,KXLOLGAME-26MAR04BLGJDG-BLG,no,26,27,0,68,49,-19,2026-03-04T04:27:52-05:00,2026-03-03T21:56:55-05:00
trade,6,KXLOLGAME-26MAR04BLGJDG-BLG,no,26,27,0,8,6,-2,2026-03-04T04:27:52-05:00,2026-03-03T21:58:49-05:00
trade,79,KXLOLGAME-26MAR04BLGJDG-BLG,no,26,27,0,109,79,-30,2026-03-04T04:27:52-05:00,2026-03-03T22:02:21-05:00
trade,5,KXLOLGAME-26MAR04BLGJDG-BLG,no,26,27,0,7,5,-2,2026-03-04T04:27:52-05:00,2026-03-03T22:02:55-05:00
trade,61,KXLOLGAME-26MAR04BLGJDG-BLG,no,26,27,0,84,61,-23,2026-03-04T04:27:52-05:00,2026-03-03T22:09:37-05:00
trade,70,KXLOLGAME-26MAR04BLGJDG-BLG,no,26,27,0,97,70,-27,2026-03-04T04:28:03-05:00,2026-03-03T22:09:37-05:00
trade,130,KXLOLGAME-26MAR04BLGJDG-BLG,no,26,27,0,179,130,-49,2026-03-04T04:28:03-05:00,2026-03-03T22:18:57-05:00
trade,1,KXLOLGAME-26MAR04BLGJDG-BLG,no,26,27,0,1,1,0,2026-03-04T04:28:12-05:00,2026-03-03T22:18:57-05:00
trade,199,KXLOLGAME-26MAR04BLGJDG-BLG,no,26,27,0,275,199,-76,2026-03-04T04:28:12-05:00,2026-03-03T22:25:42-05:00
trade,187,KXLOLGAME-26MAR04BLGJDG-BLG,no,26,27,0,259,187,-72,2026-03-04T04:28:17-05:00,2026-03-03T22:25:42-05:00
trade,14,KXLOLGAME-26MAR04BLGJDG-BLG,no,26,27,0,19,14,-5,2026-03-04T04:28:39-05:00,2026-03-03T22:25:42-05:00
trade,80,KXLOLGAME-26MAR04BLGJDG-BLG,no,26,27,0,111,80,-31,2026-03-04T04:28:39-05:00,2026-03-04T03:52:01-05:00
trade,14,KXLOLGAME-26MAR04BLGJDG-BLG,no,26,19,0,16,-98,-114,2026-03-04T04:38:06-05:00,2026-03-04T03:52:01-05:00
trade,50,KXLOLGAME-26MAR04BLGJDG-BLG,no,26,18,0,51,-400,-451,2026-03-04T04:38:06-05:00,2026-03-04T03:52:01-05:00
trade,260,KXLOLGAME-26MAR04BLGJDG-BLG,no,26,0,0,0,-6760,-6760,2026-03-04T08:52:46-05:00,2026-03-04T03:52:01-05:00
trade,71,KXLOLGAME-26MAR04BLGJDG-BLG,no,26,0,0,0,-1846,-1846,2026-03-04T08:52:46-05:00,2026-03-04T03:53:46-05:00
trade,639,KXLOLGAME-26MAR04BLGJDG-BLG,no,26,0,0,0,-16614,-16614,2026-03-04T08:52:46-05:00,2026-03-04T03:54:46-05:00
trade,65,KXLOLGAME-26MAR04BLGJDG-BLG,no,26,0,0,0,-1690,-1690,2026-03-04T08:52:46-05:00,2026-03-04T03:55:04-05:00
trade,19,KXLOLGAME-26MAR04BLGJDG-BLG,no,26,0,0,0,-494,-494,2026-03-04T08:52:46-05:00,2026-03-04T03:55:40-05:00
trade,132,KXLOLGAME-26MAR04BLGJDG-BLG,no,26,0,0,0,-3432,-3432,2026-03-04T08:52:46-05:00,2026-03-04T03:58:42-05:00
trade,200,KXLOLGAME-26MAR04BLGJDG-BLG,no,23,0,248,0,-4600,-4848,2026-03-04T08:52:46-05:00,2026-03-04T04:46:33-05:00
trade,187,KXLOLMAP-26MAR04SENRED-2-RED,yes,37,0,0,0,-6919,-6919,2026-03-04T19:23:06-05:00,2026-03-04T18:38:14-05:00
trade,2813,KXLOLMAP-26MAR04SENRED-2-RED,yes,38,0,0,0,-106894,-106894,2026-03-04T19:23:06-05:00,2026-03-04T18:41:09-05:00
trade,3000,KXLOLMAP-26MAR04SENRED-2-RED,yes,35,0,0,0,-105000,-105000,2026-03-04T19:23:06-05:00,2026-03-04T18:41:58-05:00
trade,3000,KXLOLMAP-26MAR04SENRED-2-RED,yes,36,0,0,0,-108000,-108000,2026-03-04T19:23:06-05:00,2026-03-04T18:42:42-05:00
trade,9,KXLOLMAP-26MAR05FFGLS-2-FF,no,79,100,0,0,189,189,2026-03-05T13:47:48-05:00,2026-03-05T13:27:38-05:00
trade,100,KXLOLMAP-26MAR05FFGLS-3-FF,no,38,40,0,0,200,200,2026-03-05T13:59:50-05:00,2026-03-05T13:56:10-05:00
trade,62,KXLOLMAP-26MAR05FFGLS-3-FF,no,38,55,0,0,1054,1054,2026-03-05T14:05:47-05:00,2026-03-05T13:59:17-05:00
trade,4,KXLOLMAP-26MAR05FFGLS-3-FF,yes,45,44,0,0,-4,-4,2026-03-05T14:16:31-05:00,2026-03-05T14:05:47-05:00
trade,34,KXLOLMAP-26MAR05FFGLS-3-FF,yes,45,47,0,0,68,68,2026-03-05T14:17:42-05:00,2026-03-05T14:05:47-05:00
trade,43,KXLOLMAP-26MAR05FFGLS-3-FF,yes,48,47,0,0,-43,-43,2026-03-05T14:17:42-05:00,2026-03-05T14:09:20-05:00
trade,5,KXLOLMAP-26MAR05FFGLS-3-FF,yes,48,53,0,0,25,25,2026-03-05T14:21:34-05:00,2026-03-05T14:09:20-05:00
trade,3,KXLOLMAP-26MAR05FFGLS-3-FF,yes,48,53,0,0,15,15,2026-03-05T14:21:37-05:00,2026-03-05T14:09:20-05:00
trade,2,KXLOLMAP-26MAR05FFGLS-3-FF,yes,48,53,0,0,10,10,2026-03-05T14:21:37-05:00,2026-03-05T14:09:20-05:00
trade,5,KXLOLMAP-26MAR05FFGLS-3-FF,yes,48,53,0,0,25,25,2026-03-05T14:21:37-05:00,2026-03-05T14:09:20-05:00
trade,33,KXLOLMAP-26MAR05FFGLS-3-FF,yes,48,53,0,0,165,165,2026-03-05T14:21:37-05:00,2026-03-05T14:09:20-05:00
trade,5,KXLOLMAP-26MAR05FFGLS-3-FF,yes,48,53,0,0,25,25,2026-03-05T14:21:37-05:00,2026-03-05T14:09:20-05:00
trade,47,KXLOLMAP-26MAR05FFGLS-3-FF,no,47,52,0,0,235,235,2026-03-05T14:26:13-05:00,2026-03-05T14:21:37-05:00
trade,53,KXLOLMAP-26MAR05FFGLS-3-FF,yes,48,0,0,0,-2544,-2544,2026-03-05T14:47:48-05:00,2026-03-05T14:26:13-05:00
trade,200,KXLOLMAP-26MAR05REDC9-1-RED,no,71,100,0,0,5800,5800,2026-03-05T16:57:48-05:00,2026-03-05T16:09:55-05:00
trade,5,KXLOLMAP-26MAR05REDC9-1-RED,no,70,100,0,0,150,150,2026-03-05T16:57:48-05:00,2026-03-05T16:10:34-05:00
trade,195,KXLOLMAP-26MAR05REDC9-1-RED,no,70,100,0,0,5850,5850,2026-03-05T16:57:48-05:00,2026-03-05T16:10:38-05:00
trade,300,KXLOLMAP-26MAR05REDC9-1-RED,no,70,100,0,0,9000,9000,2026-03-05T16:57:48-05:00,2026-03-05T16:11:00-05:00
trade,12,KXLOLMAP-26MAR05REDC9-1-C9,yes,77,100,15,0,276,261,2026-03-05T16:57:48-05:00,2026-03-05T16:17:26-05:00
trade,100,KXLOLMAP-26MAR05REDC9-1-C9,yes,78,100,120,0,2200,2080,2026-03-05T16:57:48-05:00,2026-03-05T16:17:26-05:00
trade,100,KXLOLMAP-26MAR05REDC9-1-C9,yes,80,100,112,0,2000,1888,2026-03-05T16:57:48-05:00,2026-03-05T16:17:26-05:00
trade,70,KXLOLMAP-26MAR05REDC9-1-C9,yes,83,100,70,0,1190,1120,2026-03-05T16:57:48-05:00,2026-03-05T16:17:26-05:00
trade,5,KXLOLMAP-26MAR05REDC9-1-C9,yes,84,100,4,0,80,76,2026-03-05T16:57:48-05:00,2026-03-05T16:17:26-05:00
trade,79,KXLOLMAP-26MAR05REDC9-1-C9,yes,86,100,67,0,1106,1039,2026-03-05T16:57:48-05:00,2026-03-05T16:17:26-05:00
trade,134,KXLOLMAP-26MAR05REDC9-1-C9,yes,87,100,106,0,1742,1636,2026-03-05T16:57:48-05:00,2026-03-05T16:17:26-05:00
trade,26,KXLOLMAP-26MAR06SENFUR-1-SEN,no,41,100,0,0,1534,1534,2026-03-06T16:57:48-05:00,2026-03-06T16:05:06-05:00
trade,59,KXLOLMAP-26MAR06SENFUR-1-SEN,no,41,100,0,0,3481,3481,2026-03-06T16:57:48-05:00,2026-03-06T16:05:51-05:00
trade,15,KXLOLMAP-26MAR06SENFUR-1-SEN,no,41,100,0,0,885,885,2026-03-06T16:57:48-05:00,2026-03-06T16:06:06-05:00
trade,1,KXLOLMAP-26MAR06SENFUR-1-SEN,no,40,100,0,0,60,60,2026-03-06T16:57:48-05:00,2026-03-06T16:09:17-05:00
trade,99,KXLOLMAP-26MAR06SENFUR-1-SEN,no,40,100,0,0,5940,5940,2026-03-06T16:57:48-05:00,2026-03-06T16:10:56-05:00
trade,10,KXLOLMAP-26MAR06SENFUR-1-SEN,no,52,100,0,0,480,480,2026-03-06T16:57:48-05:00,2026-03-06T16:41:05-05:00
trade,5,KXLOLMAP-26MAR06SENFUR-1-SEN,no,51,100,0,0,245,245,2026-03-06T16:57:48-05:00,2026-03-06T16:42:55-05:00
trade,5,KXLOLMAP-26MAR06SENFUR-1-SEN,no,51,100,0,0,245,245,2026-03-06T16:57:48-05:00,2026-03-06T16:42:55-05:00
trade,21,KXLOLMAP-26MAR06SENFUR-1-SEN,no,51,100,0,0,1029,1029,2026-03-06T16:57:48-05:00,2026-03-06T16:42:55-05:00
trade,51,KXLOLMAP-26MAR06SENFUR-1-SEN,no,51,100,0,0,2499,2499,2026-03-06T16:57:48-05:00,2026-03-06T16:42:55-05:00
trade,11,KXLOLMAP-26MAR06SENFUR-1-SEN,no,51,100,0,0,539,539,2026-03-06T16:57:48-05:00,2026-03-06T16:42:55-05:00
trade,5,KXLOLMAP-26MAR06SENFUR-1-SEN,no,51,100,0,0,245,245,2026-03-06T16:57:48-05:00,2026-03-06T16:42:55-05:00
trade,2,KXLOLMAP-26MAR06SENFUR-1-SEN,no,51,100,0,0,98,98,2026-03-06T16:57:48-05:00,2026-03-06T16:42:55-05:00
trade,100,KXLOLMAP-26MAR06SENFUR-2-SEN,no,48,100,0,0,5200,5200,2026-03-06T17:57:48-05:00,2026-03-06T17:12:28-05:00
trade,100,KXLOLMAP-26MAR06SENFUR-2-SEN,no,48,100,0,0,5200,5200,2026-03-06T17:57:48-05:00,2026-03-06T17:12:28-05:00
trade,100,KXLOLMAP-26MAR06SENFUR-2-SEN,no,52,100,0,0,4800,4800,2026-03-06T17:57:48-05:00,2026-03-06T17:13:28-05:00
trade,100,KXLOLMAP-26MAR06SENFUR-3-SEN,yes,53,0,175,0,-5300,-5475,2026-03-06T18:53:08-05:00,2026-03-06T18:18:57-05:00
trade,100,KXLOLMAP-26MAR06SENFUR-3-SEN,yes,53,0,175,0,-5300,-5475,2026-03-06T18:53:08-05:00,2026-03-06T18:18:57-05:00
trade,8,KXLOLMAP-26MAR07WBJDG-1-JDG,no,49,45,0,0,-32,-32,2026-03-07T04:17:47-05:00,2026-03-07T04:11:43-05:00
trade,2,KXLOLMAP-26MAR07WBJDG-1-JDG,no,49,45,0,0,-8,-8,2026-03-07T04:17:47-05:00,2026-03-07T04:11:48-05:00
trade,5,KXLOLMAP-26MAR07WBJDG-1-JDG,no,49,45,0,0,-20,-20,2026-03-07T04:18:06-05:00,2026-03-07T04:11:48-05:00
trade,25,KXLOLMAP-26MAR07WBJDG-1-JDG,no,49,43,0,0,-150,-150,2026-03-07T04:19:53-05:00,2026-03-07T04:11:48-05:00
trade,25,KXLOLMAP-26MAR07WBJDG-1-JDG,no,49,31,0,0,-450,-450,2026-03-07T04:27:32-05:00,2026-03-07T04:11:48-05:00
trade,16,KXLOLMAP-26MAR07WBJDG-1-WB,no,50,61,0,0,176,176,2026-03-07T04:29:57-05:00,2026-03-07T02:29:10-05:00
trade,9,KXLOLMAP-26MAR07WBJDG-1-WB,no,50,61,0,0,99,99,2026-03-07T04:29:57-05:00,2026-03-07T02:55:01-05:00
trade,20,KXLOLMAP-26MAR07WBJDG-1-WB,no,50,75,0,0,500,500,2026-03-07T04:31:13-05:00,2026-03-07T02:55:01-05:00
trade,5,KXLOLMAP-26MAR07WBJDG-1-WB,no,50,75,0,0,125,125,2026-03-07T04:31:13-05:00,2026-03-07T03:20:05-05:00
trade,25,KXLOLMAP-26MAR07WBJDG-1-WB,no,50,82,0,0,800,800,2026-03-07T04:31:56-05:00,2026-03-07T03:20:05-05:00
trade,25,KXLOLMAP-26MAR07WBJDG-1-WB,no,50,84,0,0,850,850,2026-03-07T04:35:10-05:00,2026-03-07T03:20:05-05:00
trade,35,KXLOLMAP-26MAR07WBJDG-1-JDG,no,49,0,0,0,-1715,-1715,2026-03-07T04:48:18-05:00,2026-03-07T04:11:48-05:00
trade,25,KXLOLMAP-26MAR07WBJDG-1-JDG,no,40,0,0,0,-1000,-1000,2026-03-07T04:48:18-05:00,2026-03-07T04:29:56-05:00
trade,25,KXLOLMAP-26MAR07WBJDG-1-JDG,no,25,0,0,0,-625,-625,2026-03-07T04:48:18-05:00,2026-03-07T04:31:06-05:00
trade,25,KXLOLMAP-26MAR07WBJDG-1-JDG,no,18,0,0,0,-450,-450,2026-03-07T04:48:18-05:00,2026-03-07T04:32:37-05:00
trade,3,KXLOLMAP-26MAR07WBJDG-1-JDG,no,16,0,0,0,-48,-48,2026-03-07T04:48:18-05:00,2026-03-07T04:35:09-05:00
trade,40,KXLOLMAP-26MAR07WBJDG-1-WB,no,50,100,0,0,2000,2000,2026-03-07T04:48:18-05:00,2026-03-07T03:20:05-05:00
trade,19,KXLOLMAP-26MAR07WBJDG-1-WB,no,50,100,0,0,950,950,2026-03-07T04:48:18-05:00,2026-03-07T04:00:46-05:00
trade,96,KXLOLMAP-26MAR07WBJDG-1-WB,no,50,100,0,0,4800,4800,2026-03-07T04:48:18-05:00,2026-03-07T04:02:24-05:00
trade,25,KXLOLMAP-26MAR07WBJDG-1-WB,no,49,100,0,0,1275,1275,2026-03-07T04:48:18-05:00,2026-03-07T04:18:41-05:00
trade,4,KXLOLMAP-26MAR07WBJDG-2-WB,no,47,44,0,0,-12,-12,2026-03-07T05:15:51-05:00,2026-03-07T05:07:46-05:00
trade,7,KXLOLMAP-26MAR07WBJDG-2-JDG,yes,46,43,0,0,-21,-21,2026-03-07T05:16:19-05:00,2026-03-07T05:12:41-05:00
trade,26,KXLOLMAP-26MAR07WBJDG-2-WB,no,47,45,0,0,-52,-52,2026-03-07T05:16:20-05:00,2026-03-07T05:07:46-05:00
trade,9,KXLOLMAP-26MAR07WBJDG-2-WB,no,46,45,0,0,-9,-9,2026-03-07T05:16:20-05:00,2026-03-07T05:09:41-05:00
trade,15,KXLOLMAP-26MAR07WBJDG-2-WB,no,46,45,0,0,-15,-15,2026-03-07T05:16:20-05:00,2026-03-07T05:09:46-05:00
trade,40,KXLOLMAP-26MAR07WBJDG-2-JDG,yes,46,43,0,0,-120,-120,2026-03-07T05:16:20-05:00,2026-03-07T05:12:41-05:00
trade,3,KXLOLMAP-26MAR07WBJDG-2-JDG,yes,46,43,0,0,-9,-9,2026-03-07T05:16:20-05:00,2026-03-07T05:12:41-05:00
trade,25,KXLOLMAP-26MAR07WBJDG-2-JDG,no,57,41,0,0,-400,-400,2026-03-07T05:18:08-05:00,2026-03-07T05:16:20-05:00
trade,17,KXLOLMAP-26MAR07WBJDG-2-JDG,no,57,52,0,0,-85,-85,2026-03-07T05:22:05-05:00,2026-03-07T05:16:20-05:00
trade,25,KXLOLMAP-26MAR07WBJDG-2-WB,no,46,57,0,0,275,275,2026-03-07T05:26:21-05:00,2026-03-07T05:09:46-05:00
trade,3,KXLOLMAP-26MAR07WBJDG-2-WB,no,46,100,0,0,162,162,2026-03-07T05:48:28-05:00,2026-03-07T05:09:46-05:00
trade,50,KXLOLMAP-26MAR07WBJDG-2-WB,no,45,100,0,0,2750,2750,2026-03-07T05:48:28-05:00,2026-03-07T05:12:46-05:00
trade,5,KXLOLMAP-26MAR07WBJDG-2-WB,no,47,100,0,0,265,265,2026-03-07T05:48:28-05:00,2026-03-07T05:14:29-05:00
trade,30,KXLOLMAP-26MAR07WBJDG-2-WB,no,47,100,0,0,1590,1590,2026-03-07T05:48:28-05:00,2026-03-07T05:14:36-05:00
trade,25,KXLOLMAP-26MAR07WBJDG-2-WB,no,56,100,0,0,1100,1100,2026-03-07T05:48:28-05:00,2026-03-07T05:19:23-05:00
trade,8,KXLOLMAP-26MAR07WBJDG-2-JDG,no,57,0,0,0,-456,-456,2026-03-07T05:48:28-05:00,2026-03-07T05:16:20-05:00
trade,1,KXLOLMAP-26MAR07WBJDG-2-JDG,no,42,0,0,0,-42,-42,2026-03-07T05:48:28-05:00,2026-03-07T05:16:58-05:00
trade,25,KXLOLMAP-26MAR07WBJDG-3-WB,no,48,58,0,0,250,250,2026-03-07T06:11:54-05:00,2026-03-07T06:06:00-05:00
trade,25,KXLOLMAP-26MAR07WBJDG-3-WB,no,48,58,0,0,250,250,2026-03-07T06:11:54-05:00,2026-03-07T06:06:00-05:00
trade,50,KXLOLMAP-26MAR07WBJDG-3-JDG,no,51,0,0,0,-2550,-2550,2026-03-07T06:43:58-05:00,2026-03-07T06:07:58-05:00
trade,50,KXLOLMAP-26MAR07WBJDG-3-JDG,no,50,0,0,0,-2500,-2500,2026-03-07T06:43:58-05:00,2026-03-07T06:08:16-05:00
trade,50,KXLOLMAP-26MAR07WBJDG-3-JDG,no,50,0,0,0,-2500,-2500,2026-03-07T06:43:58-05:00,2026-03-07T06:08:21-05:00
trade,20,KXLOLMAP-26MAR07WBJDG-3-JDG,no,50,0,0,0,-1000,-1000,2026-03-07T06:43:58-05:00,2026-03-07T06:09:39-05:00
trade,10,KXLOLMAP-26MAR07WBJDG-3-JDG,no,50,0,0,0,-500,-500,2026-03-07T06:43:58-05:00,2026-03-07T06:09:40-05:00
trade,19,KXLOLMAP-26MAR07WBJDG-3-JDG,no,50,0,0,0,-950,-950,2026-03-07T06:43:58-05:00,2026-03-07T06:09:55-05:00
trade,6,KXLOLMAP-26MAR07WBJDG-3-JDG,no,50,0,0,0,-300,-300,2026-03-07T06:43:58-05:00,2026-03-07T06:10:13-05:00
trade,25,KXLOLMAP-26MAR07WBJDG-3-JDG,no,49,0,0,0,-1225,-1225,2026-03-07T06:43:58-05:00,2026-03-07T06:10:57-05:00
trade,25,KXLOLMAP-26MAR07WBJDG-3-JDG,no,42,0,0,0,-1050,-1050,2026-03-07T06:43:58-05:00,2026-03-07T06:11:53-05:00
trade,25,KXLOLMAP-26MAR07WBJDG-3-JDG,no,42,0,0,0,-1050,-1050,2026-03-07T06:43:58-05:00,2026-03-07T06:11:53-05:00
trade,25,KXLOLMAP-26MAR07WBJDG-3-JDG,no,45,0,0,0,-1125,-1125,2026-03-07T06:43:58-05:00,2026-03-07T06:15:22-05:00
trade,25,KXLOLMAP-26MAR07WBJDG-3-JDG,no,45,0,0,0,-1125,-1125,2026-03-07T06:43:58-05:00,2026-03-07T06:15:27-05:00
trade,15,KXLOLGAME-26MAR07WBJDG-WB,no,51,100,0,0,735,735,2026-03-07T06:53:08-05:00,2026-03-07T04:00:34-05:00
trade,135,KXLOLGAME-26MAR07WBJDG-WB,no,51,100,0,0,6615,6615,2026-03-07T06:53:08-05:00,2026-03-07T04:01:18-05:00
trade,7,KXLOLMAP-26MAR07SENC9-1-SEN,no,68,80,0,0,84,84,2026-03-07T15:20:12-05:00,2026-03-07T15:06:58-05:00
trade,23,KXLOLMAP-26MAR07SENC9-1-SEN,no,68,80,0,0,276,276,2026-03-07T15:20:12-05:00,2026-03-07T15:06:58-05:00
trade,2,KXLOLMAP-26MAR07SENC9-1-SEN,no,63,80,0,0,34,34,2026-03-07T15:20:12-05:00,2026-03-07T15:13:02-05:00
trade,28,KXLOLMAP-26MAR07SENC9-1-SEN,no,63,80,0,0,476,476,2026-03-07T15:20:12-05:00,2026-03-07T15:13:02-05:00
trade,10,KXLOLMAP-26MAR07SENC9-1-C9,no,20,9,0,0,-110,-110,2026-03-07T15:35:33-05:00,2026-03-07T15:20:11-05:00
trade,30,KXLOLMAP-26MAR07SENC9-1-SEN,no,65,100,0,0,1050,1050,2026-03-07T15:53:38-05:00,2026-03-07T15:14:13-05:00
trade,6,KXLOLMAP-26MAR07SENC9-1-SEN,no,69,100,0,0,186,186,2026-03-07T15:53:38-05:00,2026-03-07T15:15:30-05:00
trade,10,KXLOLMAP-26MAR07SENC9-1-SEN,no,65,100,0,0,350,350,2026-03-07T15:53:38-05:00,2026-03-07T15:17:18-05:00
trade,9,KXLOLMAP-26MAR07SENC9-1-SEN,no,70,100,0,0,270,270,2026-03-07T15:53:38-05:00,2026-03-07T15:19:50-05:00
trade,10,KXLOLMAP-26MAR07SENC9-1-SEN,no,91,100,0,0,90,90,2026-03-07T15:53:38-05:00,2026-03-07T15:35:20-05:00
trade,10,KXLOLMAP-26MAR07SENC9-1-SEN,no,90,100,0,0,100,100,2026-03-07T15:53:38-05:00,2026-03-07T15:36:00-05:00
trade,6,KXLOLMAP-26MAR07SENC9-1-SEN,no,88,100,0,0,72,72,2026-03-07T15:53:38-05:00,2026-03-07T15:36:16-05:00
trade,10,KXLOLMAP-26MAR07SENC9-1-SEN,no,87,100,0,0,130,130,2026-03-07T15:53:38-05:00,2026-03-07T15:37:23-05:00
trade,10,KXLOLMAP-26MAR07SENC9-1-SEN,no,87,100,0,0,130,130,2026-03-07T15:53:38-05:00,2026-03-07T15:37:23-05:00
trade,10,KXLOLMAP-26MAR07SENC9-1-SEN,no,81,100,0,0,190,190,2026-03-07T15:53:38-05:00,2026-03-07T15:38:53-05:00
trade,10,KXLOLMAP-26MAR07SENC9-1-SEN,no,81,100,0,0,190,190,2026-03-07T15:53:38-05:00,2026-03-07T15:39:04-05:00
trade,20,KXLOLMAP-26MAR07SENC9-1-C9,no,20,0,0,0,-400,-400,2026-03-07T15:53:38-05:00,2026-03-07T15:20:11-05:00
trade,10,KXLOLMAP-26MAR07SENC9-1-C9,no,9,0,0,0,-90,-90,2026-03-07T15:53:38-05:00,2026-03-07T15:22:12-05:00
trade,20,KXLOLMAP-26MAR07SENC9-2-C9,no,29,44,0,0,300,300,2026-03-07T16:15:48-05:00,2026-03-07T16:05:28-05:00
trade,20,KXLOLMAP-26MAR07SENC9-2-C9,no,29,45,0,0,320,320,2026-03-07T16:15:48-05:00,2026-03-07T16:05:28-05:00
trade,10,KXLOLMAP-26MAR07SENC9-2-C9,no,29,59,0,0,300,300,2026-03-07T16:16:57-05:00,2026-03-07T16:05:28-05:00
trade,10,KXLOLMAP-26MAR07SENC9-2-C9,no,29,59,0,0,300,300,2026-03-07T16:16:57-05:00,2026-03-07T16:05:28-05:00
trade,20,KXLOLMAP-26MAR07SENC9-2-C9,no,29,56,0,0,540,540,2026-03-07T16:18:18-05:00,2026-03-07T16:05:28-05:00
trade,10,KXLOLMAP-26MAR07SENC9-2-C9,no,29,84,0,0,550,550,2026-03-07T16:21:45-05:00,2026-03-07T16:05:28-05:00
trade,30,KXLOLMAP-26MAR07SENC9-2-SEN,no,70,5,0,10,-1950,-1960,2026-03-07T16:28:55-05:00,2026-03-07T16:10:57-05:00
trade,20,KXLOLMAP-26MAR07SENC9-2-SEN,no,68,5,0,7,-1260,-1267,2026-03-07T16:28:55-05:00,2026-03-07T16:11:32-05:00
trade,30,KXLOLMAP-26MAR07SENC9-2-SEN,no,68,5,0,10,-1890,-1900,2026-03-07T16:28:55-05:00,2026-03-07T16:11:32-05:00
trade,10,KXLOLMAP-26MAR07SENC9-2-SEN,no,63,5,0,3,-580,-583,2026-03-07T16:28:55-05:00,2026-03-07T16:14:14-05:00
trade,7,KXLOLMAP-26MAR07SENC9-2-SEN,no,58,5,0,2,-371,-373,2026-03-07T16:28:55-05:00,2026-03-07T16:15:48-05:00
trade,3,KXLOLMAP-26MAR07SENC9-2-SEN,no,58,5,0,1,-159,-160,2026-03-07T16:28:55-05:00,2026-03-07T16:15:48-05:00
trade,9,KXLOLMAP-26MAR07SENC9-2-SEN,no,58,5,0,3,-477,-480,2026-03-07T16:28:56-05:00,2026-03-07T16:15:48-05:00
trade,1,KXLOLMAP-26MAR07SENC9-2-SEN,no,58,5,0,0,-53,-53,2026-03-07T16:28:56-05:00,2026-03-07T16:15:48-05:00
trade,20,KXLOLMAP-26MAR07SENC9-2-SEN,no,39,5,0,7,-680,-687,2026-03-07T16:28:56-05:00,2026-03-07T16:17:23-05:00
trade,10,KXLOLMAP-26MAR07SENC9-2-SEN,no,24,5,0,3,-190,-193,2026-03-07T16:28:56-05:00,2026-03-07T16:19:29-05:00
trade,10,KXLOLMAP-26MAR07SENC9-2-SEN,no,21,5,0,3,-160,-163,2026-03-07T16:28:56-05:00,2026-03-07T16:26:31-05:00
trade,10,KXLOLMAP-26MAR07SENC9-2-SEN,no,20,5,0,17,-150,-167,2026-03-07T16:28:57-05:00,2026-03-07T16:26:31-05:00
trade,10,KXLOLMAP-26MAR07SENC9-2-SEN,yes,95,99,4,0,40,36,2026-03-07T16:30:03-05:00,2026-03-07T16:28:57-05:00
trade,10,KXLOLMAP-26MAR07SENC9-2-C9,no,29,100,0,0,710,710,2026-03-07T16:42:58-05:00,2026-03-07T16:05:28-05:00
trade,50,KXLOLMAP-26MAR07SENC9-2-C9,no,28,100,0,0,3600,3600,2026-03-07T16:42:58-05:00,2026-03-07T16:09:36-05:00
trade,20,KXLOLMAP-26MAR07SENC9-2-C9,no,54,100,0,0,920,920,2026-03-07T16:42:58-05:00,2026-03-07T16:17:51-05:00
trade,10,KXLOLMAP-26MAR07SENC9-2-C9,no,71,100,0,0,290,290,2026-03-07T16:42:58-05:00,2026-03-07T16:27:02-05:00
trade,10,KXLOLMAP-26MAR07SENC9-2-C9,no,71,100,0,0,290,290,2026-03-07T16:42:58-05:00,2026-03-07T16:27:02-05:00
trade,10,KXLOLMAP-26MAR07SENC9-2-C9,no,95,100,0,0,50,50,2026-03-07T16:42:58-05:00,2026-03-07T16:29:53-05:00
trade,10,KXLOLMAP-26MAR07SENC9-2-C9,no,95,100,0,0,50,50,2026-03-07T16:42:58-05:00,2026-03-07T16:29:53-05:00
trade,5,KXLOLMAP-26MAR07SENC9-2-C9,no,82,100,0,0,90,90,2026-03-07T16:42:58-05:00,2026-03-07T16:34:05-05:00
trade,30,KXLOLMAP-26MAR07SENC9-2-SEN,yes,95,100,13,0,150,137,2026-03-07T16:42:58-05:00,2026-03-07T16:28:57-05:00
trade,50,KXLOLMAP-26MAR07SENC9-2-SEN,yes,95,100,17,0,250,233,2026-03-07T16:42:58-05:00,2026-03-07T16:28:57-05:00
trade,10,KXLOLMAP-26MAR07SENC9-2-SEN,yes,85,100,0,0,150,150,2026-03-07T16:42:58-05:00,2026-03-07T16:33:31-05:00
trade,10,KXLOLMAP-26MAR07SENC9-3-C9,yes,63,61,0,0,-20,-20,2026-03-07T17:11:55-05:00,2026-03-07T16:56:13-05:00
trade,10,KXLOLMAP-26MAR07SENC9-3-SEN,no,59,100,0,0,410,410,2026-03-07T17:43:08-05:00,2026-03-07T17:04:45-05:00
trade,10,KXLOLMAP-26MAR07SENC9-3-SEN,no,63,100,0,0,370,370,2026-03-07T17:43:08-05:00,2026-03-07T17:05:50-05:00
trade,10,KXLOLMAP-26MAR07SENC9-3-SEN,no,63,100,0,0,370,370,2026-03-07T17:43:08-05:00,2026-03-07T17:06:51-05:00
trade,10,KXLOLMAP-26MAR07SENC9-3-SEN,no,70,100,0,0,300,300,2026-03-07T17:43:08-05:00,2026-03-07T17:07:22-05:00
trade,5,KXLOLMAP-26MAR07SENC9-3-SEN,no,69,100,0,0,155,155,2026-03-07T17:43:08-05:00,2026-03-07T17:07:32-05:00
trade,10,KXLOLMAP-26MAR07SENC9-3-SEN,no,64,100,0,0,360,360,2026-03-07T17:43:08-05:00,2026-03-07T17:08:26-05:00
trade,5,KXLOLMAP-26MAR07SENC9-3-SEN,no,56,100,0,0,220,220,2026-03-07T17:43:08-05:00,2026-03-07T17:10:40-05:00
trade,5,KXLOLMAP-26MAR07SENC9-3-SEN,no,56,100,0,0,220,220,2026-03-07T17:43:08-05:00,2026-03-07T17:10:44-05:00
trade,5,KXLOLMAP-26MAR07SENC9-3-SEN,no,56,100,0,0,220,220,2026-03-07T17:43:08-05:00,2026-03-07T17:10:44-05:00
trade,10,KXLOLMAP-26MAR07SENC9-3-SEN,no,55,100,0,0,450,450,2026-03-07T17:43:08-05:00,2026-03-07T17:11:02-05:00
trade,6,KXLOLMAP-26MAR07SENC9-3-SEN,no,52,100,0,0,288,288,2026-03-07T17:43:08-05:00,2026-03-07T17:11:25-05:00
trade,10,KXLOLMAP-26MAR07SENC9-3-SEN,no,67,100,0,0,330,330,2026-03-07T17:43:08-05:00,2026-03-07T17:13:30-05:00
trade,10,KXLOLMAP-26MAR07SENC9-3-SEN,no,64,100,0,0,360,360,2026-03-07T17:43:08-05:00,2026-03-07T17:13:37-05:00
trade,2,KXLOLMAP-26MAR07SENC9-3-C9,yes,63,100,0,0,74,74,2026-03-07T17:43:08-05:00,2026-03-07T16:56:13-05:00
trade,8,KXLOLMAP-26MAR07SENC9-3-C9,yes,60,100,0,0,320,320,2026-03-07T17:43:08-05:00,2026-03-07T16:58:20-05:00
trade,22,KXLOLMAP-26MAR07SENC9-3-C9,yes,60,100,0,0,880,880,2026-03-07T17:43:08-05:00,2026-03-07T16:58:23-05:00
trade,30,KXLOLMAP-26MAR07SENC9-3-SEN,no,63,100,0,0,1110,1110,2026-03-07T17:43:08-05:00,2026-03-07T16:55:11-05:00
trade,30,KXLOLMAP-26MAR07SENC9-3-SEN,no,62,100,0,0,1140,1140,2026-03-07T17:43:08-05:00,2026-03-07T16:55:33-05:00
trade,30,KXLOLMAP-26MAR07SENC9-3-SEN,no,62,100,0,0,1140,1140,2026-03-07T17:43:08-05:00,2026-03-07T16:55:33-05:00
trade,12,KXLOLMAP-26MAR07SENC9-3-SEN,no,64,100,0,0,432,432,2026-03-07T17:43:08-05:00,2026-03-07T16:56:02-05:00
trade,30,KXLOLMAP-26MAR07SENC9-3-SEN,no,63,100,0,0,1110,1110,2026-03-07T17:43:08-05:00,2026-03-07T16:56:07-05:00
trade,30,KXLOLMAP-26MAR07SENC9-3-SEN,no,62,100,0,0,1140,1140,2026-03-07T17:43:08-05:00,2026-03-07T16:56:14-05:00
trade,18,KXLOLMAP-26MAR07SENC9-3-SEN,no,65,100,0,0,630,630,2026-03-07T17:43:08-05:00,2026-03-07T16:56:26-05:00
trade,30,KXLOLMAP-26MAR07SENC9-3-SEN,no,64,100,0,0,1080,1080,2026-03-07T17:43:08-05:00,2026-03-07T16:56:32-05:00
trade,30,KXLOLMAP-26MAR07SENC9-3-SEN,no,62,100,0,0,1140,1140,2026-03-07T17:43:08-05:00,2026-03-07T16:56:44-05:00
trade,30,KXLOLMAP-26MAR07SENC9-3-SEN,no,61,100,0,0,1170,1170,2026-03-07T17:43:08-05:00,2026-03-07T16:57:15-05:00
trade,30,KXLOLMAP-26MAR07SENC9-3-SEN,no,61,100,0,0,1170,1170,2026-03-07T17:43:08-05:00,2026-03-07T16:57:32-05:00
trade,30,KXLOLMAP-26MAR07SENC9-3-SEN,no,61,100,0,0,1170,1170,2026-03-07T17:43:08-05:00,2026-03-07T16:57:52-05:00
trade,30,KXLOLMAP-26MAR07SENC9-3-SEN,no,61,100,0,0,1170,1170,2026-03-07T17:43:08-05:00,2026-03-07T16:57:55-05:00
trade,30,KXLOLMAP-26MAR07SENC9-3-SEN,no,59,100,0,0,1230,1230,2026-03-07T17:43:08-05:00,2026-03-07T16:58:23-05:00
trade,30,KXLOLMAP-26MAR07SENC9-3-SEN,no,58,100,0,0,1260,1260,2026-03-07T17:43:08-05:00,2026-03-07T16:58:23-05:00
trade,30,KXLOLMAP-26MAR07SENC9-3-SEN,no,58,100,0,0,1260,1260,2026-03-07T17:43:08-05:00,2026-03-07T16:58:31-05:00
trade,18,KXLOLMAP-26MAR07SENC9-3-SEN,no,58,100,0,0,756,756,2026-03-07T17:43:08-05:00,2026-03-07T16:58:50-05:00
trade,30,KXLOLMAP-26MAR07SENC9-3-SEN,no,57,100,0,0,1290,1290,2026-03-07T17:43:08-05:00,2026-03-07T17:00:00-05:00
trade,10,KXLOLMAP-26MAR07SENC9-3-SEN,no,58,100,0,0,420,420,2026-03-07T17:43:08-05:00,2026-03-07T17:03:08-05:00
trade,10,KXLOLMAP-26MAR07SENC9-3-SEN,no,58,100,0,0,420,420,2026-03-07T17:43:08-05:00,2026-03-07T17:04:38-05:00
credit,0,,,0,0,0,0,3329,3329,2026-03-07T03:19:25-05:00,2026-03-07T03:19:25-05:00
trade,197,KXLOLTOTALMAPS-26MAR07SENC9-5,no,51,100,0,0,9653,9653,2026-03-08T03:07:58-04:00,2026-03-07T17:54:50-05:00
trade,103,KXLOLTOTALMAPS-26MAR07SENC9-5,no,51,100,0,0,5047,5047,2026-03-08T03:07:58-04:00,2026-03-07T17:54:53-05:00
trade,3,KXLOLTOTALMAPS-26MAR07SENC9-5,no,51,100,0,0,147,147,2026-03-08T03:07:58-04:00,2026-03-07T17:55:12-05:00
trade,71,KXLOLTOTALMAPS-26MAR07SENC9-5,no,50,100,0,0,3550,3550,2026-03-08T03:07:58-04:00,2026-03-07T17:57:48-05:00
trade,96,KXLOLTOTALMAPS-26MAR07SENC9-5,no,50,100,0,0,4800,4800,2026-03-08T03:07:58-04:00,2026-03-07T17:57:50-05:00
trade,38,KXLOLTOTALMAPS-26MAR07SENC9-5,no,50,100,0,0,1900,1900,2026-03-08T03:07:58-04:00,2026-03-07T17:57:54-05:00
trade,38,KXLOLTOTALMAPS-26MAR07SENC9-5,no,50,100,0,0,1900,1900,2026-03-08T03:07:58-04:00,2026-03-07T17:58:01-05:00
trade,38,KXLOLTOTALMAPS-26MAR07SENC9-5,no,50,100,0,0,1900,1900,2026-03-08T03:07:58-04:00,2026-03-07T17:58:05-05:00
trade,19,KXLOLTOTALMAPS-26MAR07SENC9-5,no,50,100,0,0,950,950,2026-03-08T03:07:58-04:00,2026-03-07T17:58:09-05:00
trade,27,KXLOLTOTALMAPS-26MAR07SENC9-5,no,48,100,0,0,1404,1404,2026-03-08T03:07:58-04:00,2026-03-07T17:58:52-05:00
trade,473,KXLOLTOTALMAPS-26MAR07SENC9-5,no,48,100,0,0,24596,24596,2026-03-08T03:07:58-04:00,2026-03-07T17:58:55-05:00
trade,7,KXLOLTOTALMAPS-26MAR07SENC9-5,no,45,100,0,0,385,385,2026-03-08T03:07:58-04:00,2026-03-07T17:59:52-05:00
trade,15,KXLOLTOTALMAPS-26MAR07SENC9-5,no,52,100,0,0,720,720,2026-03-08T03:07:58-04:00,2026-03-07T18:03:27-05:00
trade,11,KXLOLTOTALMAPS-26MAR07SENC9-5,no,52,100,0,0,528,528,2026-03-08T03:07:58-04:00,2026-03-07T18:03:48-05:00
trade,5,KXLOLTOTALMAPS-26MAR07SENC9-5,no,29,100,8,0,355,347,2026-03-08T03:07:58-04:00,2026-03-07T18:22:41-05:00
trade,170,KXLOLTOTALMAPS-26MAR07SENC9-5,no,30,100,250,0,11900,11650,2026-03-08T03:07:58-04:00,2026-03-07T18:22:41-05:00
trade,200,KXLOLTOTALMAPS-26MAR07SENC9-5,no,33,100,309,0,13400,13091,2026-03-08T03:07:58-04:00,2026-03-07T18:22:41-05:00
trade,3,KXLOLTOTALMAPS-26MAR07SENC9-5,no,59,100,6,0,123,117,2026-03-08T03:07:58-04:00,2026-03-07T18:28:09-05:00
trade,100,KXLOLTOTALMAPS-26MAR07SENC9-5,no,60,100,168,0,4000,3832,2026-03-08T03:07:58-04:00,2026-03-07T18:28:09-05:00
trade,12,KXLOLTOTALMAPS-26MAR07SENC9-5,no,81,100,13,0,228,215,2026-03-08T03:07:58-04:00,2026-03-07T18:28:13-05:00
trade,48,KXLOLMAP-26MAR08JDGBLG-1-JDG,no,62,100,0,0,1824,1824,2026-03-08T05:58:18-04:00,2026-03-08T04:19:17-04:00
trade,65,KXLOLMAP-26MAR08JDGBLG-1-JDG,no,62,100,0,0,2470,2470,2026-03-08T05:58:18-04:00,2026-03-08T05:07:35-04:00
trade,140,KXLOLMAP-26MAR08JDGBLG-1-JDG,no,62,100,0,0,5320,5320,2026-03-08T05:58:18-04:00,2026-03-08T05:18:11-04:00
trade,6,KXLOLMAP-26MAR08JDGBLG-1-BLG,yes,62,100,0,0,228,228,2026-03-08T05:58:18-04:00,2026-03-08T05:01:29-04:00
trade,3,KXLOLMAP-26MAR08JDGBLG-1-BLG,yes,62,100,0,0,114,114,2026-03-08T05:58:18-04:00,2026-03-08T05:07:56-04:00
trade,20,KXLOLMAP-26MAR08JDGBLG-1-BLG,yes,63,100,0,0,740,740,2026-03-08T05:58:18-04:00,2026-03-08T05:18:27-04:00
trade,50,KXLOLMAP-26MAR08JDGBLG-1-BLG,yes,59,100,0,0,2050,2050,2026-03-08T05:58:18-04:00,2026-03-08T05:20:15-04:00
trade,50,KXLOLMAP-26MAR08JDGBLG-1-BLG,yes,71,100,0,0,1450,1450,2026-03-08T05:58:18-04:00,2026-03-08T05:25:00-04:00
trade,300,KXLOLTOTALMAPS-26MAR08JDGBLG-5,no,58,100,0,0,12600,12600,2026-03-08T08:48:18-04:00,2026-03-08T07:44:39-04:00
trade,100,KXLOLMAP-26MAR08C9FUR-1-FUR,yes,43,100,0,0,5700,5700,2026-03-08T15:48:38-04:00,2026-03-08T15:11:08-04:00
trade,84,KXLOLMAP-26MAR08C9FUR-1-FUR,yes,43,100,0,0,4788,4788,2026-03-08T15:48:38-04:00,2026-03-08T15:15:30-04:00
trade,5,KXLOLMAP-26MAR08C9FUR-1-FUR,yes,58,100,0,0,210,210,2026-03-08T15:48:38-04:00,2026-03-08T15:21:00-04:00
trade,26,KXLOLMAP-26MAR08C9FUR-1-FUR,yes,58,100,0,0,1092,1092,2026-03-08T15:48:38-04:00,2026-03-08T15:21:01-04:00
trade,19,KXLOLMAP-26MAR08C9FUR-1-FUR,yes,58,100,0,0,798,798,2026-03-08T15:48:38-04:00,2026-03-08T15:21:01-04:00
trade,50,KXLOLMAP-26MAR08C9FUR-1-FUR,yes,50,100,0,0,2500,2500,2026-03-08T15:48:38-04:00,2026-03-08T15:23:20-04:00
trade,71,KXLOLMAP-26MAR08C9FUR-1-C9,no,44,100,0,0,3976,3976,2026-03-08T15:48:38-04:00,2026-03-08T15:13:58-04:00
trade,32,KXLOLMAP-26MAR08C9FUR-1-C9,no,41,100,0,0,1888,1888,2026-03-08T15:48:38-04:00,2026-03-08T15:15:17-04:00
trade,5,KXLOLMAP-26MAR08C9FUR-1-C9,no,57,100,0,0,215,215,2026-03-08T15:48:38-04:00,2026-03-08T15:21:00-04:00
trade,26,KXLOLMAP-26MAR08C9FUR-1-C9,no,57,100,0,0,1118,1118,2026-03-08T15:48:38-04:00,2026-03-08T15:21:01-04:00
trade,19,KXLOLMAP-26MAR08C9FUR-1-C9,no,57,100,0,0,817,817,2026-03-08T15:48:38-04:00,2026-03-08T15:21:01-04:00
trade,25,KXLOLMAP-26MAR08C9FUR-1-C9,no,51,100,0,0,1225,1225,2026-03-08T15:48:38-04:00,2026-03-08T15:23:20-04:00
trade,5,KXLOLMAP-26MAR08C9FUR-1-C9,no,51,100,0,0,245,245,2026-03-08T15:48:38-04:00,2026-03-08T15:23:20-04:00
trade,5,KXLOLMAP-26MAR08C9FUR-1-C9,no,51,100,0,0,245,245,2026-03-08T15:48:38-04:00,2026-03-08T15:23:20-04:00
trade,15,KXLOLMAP-26MAR08C9FUR-1-C9,no,51,100,0,0,735,735,2026-03-08T15:48:38-04:00,2026-03-08T15:23:21-04:00
trade,10,KXLOLMAP-26MAR08C9FUR-2-FUR,yes,48,47,0,0,-10,-10,2026-03-08T16:00:20-04:00,2026-03-08T15:59:19-04:00
trade,4,KXLOLMAP-26MAR08C9FUR-2-C9,no,48,52,0,0,16,16,2026-03-08T16:09:14-04:00,2026-03-08T15:55:53-04:00
trade,2,KXLOLMAP-26MAR08C9FUR-2-C9,no,48,52,0,0,8,8,2026-03-08T16:09:14-04:00,2026-03-08T15:56:14-04:00
trade,4,KXLOLMAP-26MAR08C9FUR-2-C9,no,48,52,0,0,16,16,2026-03-08T16:09:14-04:00,2026-03-08T15:56:14-04:00
trade,10,KXLOLMAP-26MAR08C9FUR-2-FUR,yes,48,100,0,0,520,520,2026-03-08T16:38:08-04:00,2026-03-08T15:59:19-04:00
trade,21,KXLOLMAP-26MAR08C9FUR-2-C9,no,48,100,0,0,1092,1092,2026-03-08T16:38:08-04:00,2026-03-08T15:56:14-04:00
trade,10,KXLOLMAP-26MAR08C9FUR-2-C9,no,47,100,0,0,530,530,2026-03-08T16:38:08-04:00,2026-03-08T15:59:24-04:00
trade,69,KXLOLMAP-26MAR08C9FUR-3-C9,no,46,100,0,0,3726,3726,2026-03-08T17:33:38-04:00,2026-03-08T16:27:40-04:00
trade,35,KXLOLMAP-26MAR08C9FUR-3-C9,no,46,100,0,0,1890,1890,2026-03-08T17:33:38-04:00,2026-03-08T16:27:59-04:00
trade,1,KXLOLMAP-26MAR08C9FUR-3-C9,no,49,100,0,0,51,51,2026-03-08T17:33:38-04:00,2026-03-08T16:34:15-04:00
trade,9,KXLOLMAP-26MAR08C9FUR-3-C9,no,49,100,0,0,459,459,2026-03-08T17:33:38-04:00,2026-03-08T16:34:45-04:00
trade,354,KXLOLMAP-26MAR08C9FUR-3-C9,no,48,100,0,0,18408,18408,2026-03-08T17:33:38-04:00,2026-03-08T16:38:56-04:00
trade,55,KXOSCARSONG-26-LIE,no,85,85,0,0,0,0,2026-03-15T12:43:27-04:00,2026-03-13T13:10:03-04:00
trade,157,KXOSCARSONG-26-LIE,no,85,85,0,0,0,0,2026-03-15T12:43:27-04:00,2026-03-13T13:21:58-04:00
trade,58,KXOSCARSONG-26-LIE,no,85,85,0,0,0,0,2026-03-15T12:43:27-04:00,2026-03-13T13:24:23-04:00
trade,6,KXOSCARSONG-26-LIE,no,85,85,0,0,0,0,2026-03-15T12:43:27-04:00,2026-03-13T13:31:16-04:00
trade,4,KXOSCARSONG-26-LIE,no,85,85,0,0,0,0,2026-03-15T12:43:27-04:00,2026-03-13T13:53:50-04:00
trade,62,KXOSCARSONG-26-LIE,no,85,85,0,0,0,0,2026-03-15T12:43:27-04:00,2026-03-13T13:58:57-04:00
trade,62,KXOSCARSONG-26-LIE,no,85,85,0,0,0,0,2026-03-15T12:43:27-04:00,2026-03-13T14:03:09-04:00
trade,31,KXOSCARSONG-26-LIE,no,85,85,0,0,0,0,2026-03-15T12:43:27-04:00,2026-03-13T14:05:27-04:00
trade,565,KXOSCARSONG-26-LIE,no,85,85,0,0,0,0,2026-03-15T12:43:27-04:00,2026-03-13T14:25:24-04:00
trade,59,KXOSCARSONG-26-LIE,no,85,85,0,0,0,0,2026-03-15T17:12:51-04:00,2026-03-13T18:37:30-04:00
trade,1,KXOSCARSONG-26-LIE,no,85,85,0,0,0,0,2026-03-15T17:12:51-04:00,2026-03-13T18:38:08-04:00
trade,6,KXOSCARSONG-26-LIE,no,85,85,0,0,0,0,2026-03-15T17:12:51-04:00,2026-03-13T19:06:52-04:00
trade,29,KXOSCARSONG-26-LIE,no,85,85,0,0,0,0,2026-03-15T17:12:51-04:00,2026-03-13T19:10:52-04:00
trade,205,KXOSCARSONG-26-LIE,no,85,85,0,0,0,0,2026-03-15T17:12:51-04:00,2026-03-13T19:20:36-04:00
trade,200,KXOSCARSONG-26-LIE,no,85,85,0,0,0,0,2026-03-15T17:12:51-04:00,2026-03-13T20:37:26-04:00
trade,16,KXVALORANTMAP-26MAR15PRNS-1-PR,yes,40,0,0,0,-640,-640,2026-03-15T18:00:49-04:00,2026-03-15T14:16:17-04:00
trade,25,KXVALORANTMAP-26MAR15PRNS-1-NS,no,43,0,0,0,-1075,-1075,2026-03-15T18:00:49-04:00,2026-03-15T13:09:39-04:00
trade,275,KXVALORANTMAP-26MAR15PRNS-1-NS,no,43,0,0,0,-11825,-11825,2026-03-15T18:00:49-04:00,2026-03-15T13:11:25-04:00
trade,91,KXVALORANTMAP-26MAR15PRNS-1-NS,no,43,0,0,0,-3913,-3913,2026-03-15T18:00:49-04:00,2026-03-15T13:37:35-04:00
trade,17,KXVALORANTMAP-26MAR15PRNS-1-NS,no,43,0,0,0,-731,-731,2026-03-15T18:00:49-04:00,2026-03-15T13:45:03-04:00
trade,42,KXVALORANTMAP-26MAR15PRNS-1-NS,no,43,0,0,0,-1806,-1806,2026-03-15T18:00:49-04:00,2026-03-15T13:57:08-04:00
trade,41,KXOSCARSONG-26-LIE,no,85,100,0,0,615,615,2026-03-15T23:11:09-04:00,2026-03-13T20:37:26-04:00
trade,12,KXOSCARSONG-26-LIE,no,85,100,0,0,180,180,2026-03-15T23:11:09-04:00,2026-03-13T20:38:20-04:00
trade,94,KXOSCARSONG-26-LIE,no,85,100,0,0,1410,1410,2026-03-15T23:11:09-04:00,2026-03-13T20:50:12-04:00
trade,117,KXOSCARSONG-26-LIE,no,85,100,0,0,1755,1755,2026-03-15T23:11:09-04:00,2026-03-13T20:58:06-04:00
trade,36,KXOSCARSONG-26-LIE,no,85,100,0,0,540,540,2026-03-15T23:11:09-04:00,2026-03-13T20:59:29-04:00
trade,62,KXLOLMAP-26MAR16FOXBLG-1-FOX,yes,38,0,0,0,-2356,-2356,2026-03-16T09:44:39-04:00,2026-03-15T23:21:42-04:00
trade,1,KXLOLMAP-26MAR16FOXBLG-1-FOX,yes,38,0,0,0,-38,-38,2026-03-16T09:44:39-04:00,2026-03-16T02:06:27-04:00
trade,1000,KXLOLMAP-26MAR16FOXBLG-1-FOX,yes,40,0,0,0,-40000,-40000,2026-03-16T09:44:39-04:00,2026-03-16T08:59:27-04:00
trade,10,KXLOLMAP-26MAR16FOXBLG-2-BLG,no,41,100,17,0,590,573,2026-03-16T10:34:19-04:00,2026-03-16T10:03:21-04:00
trade,500,KXLOLMAP-26MAR16FOXBLG-2-BLG,no,41,100,847,0,29500,28653,2026-03-16T10:34:19-04:00,2026-03-16T10:05:18-04:00
trade,263,KXLOLMAP-26MAR16FOXBLG-2-BLG,no,41,100,446,0,15517,15071,2026-03-16T10:34:19-04:00,2026-03-16T10:05:18-04:00
trade,237,KXLOLMAP-26MAR16FOXBLG-2-BLG,no,41,100,401,0,13983,13582,2026-03-16T10:34:19-04:00,2026-03-16T10:05:18-04:00
trade,500,KXLOLMAP-26MAR16FOXBLG-2-BLG,no,41,100,847,0,29500,28653,2026-03-16T10:34:19-04:00,2026-03-16T10:05:18-04:00
trade,500,KXLOLMAP-26MAR16FOXBLG-2-BLG,no,41,100,847,0,29500,28653,2026-03-16T10:34:19-04:00,2026-03-16T10:05:18-04:00
trade,500,KXLOLMAP-26MAR16FOXBLG-2-BLG,no,41,100,847,0,29500,28653,2026-03-16T10:34:19-04:00,2026-03-16T10:05:20-04:00
trade,388,KXLOLMAP-26MAR16FOXBLG-2-BLG,no,41,100,658,0,22892,22234,2026-03-16T10:34:19-04:00,2026-03-16T10:05:20-04:00
trade,112,KXLOLMAP-26MAR16FOXBLG-2-BLG,no,41,100,189,0,6608,6419,2026-03-16T10:34:19-04:00,2026-03-16T10:05:20-04:00
trade,8,KXLOLTOTALMAPS-26MAR16FOXBLG-5,no,37,29,0,0,-64,-64,2026-03-16T11:53:00-04:00,2026-03-16T11:24:55-04:00
trade,3,KXLOLTOTALMAPS-26MAR16FOXBLG-5,no,37,29,0,0,-24,-24,2026-03-16T11:53:00-04:00,2026-03-16T11:25:14-04:00
trade,39,KXLOLTOTALMAPS-26MAR16FOXBLG-5,no,38,29,0,0,-351,-351,2026-03-16T11:53:00-04:00,2026-03-16T11:34:09-04:00
trade,63,KXLOLTOTALMAPS-26MAR16FOXBLG-5,no,38,30,0,0,-504,-504,2026-03-16T11:54:47-04:00,2026-03-16T11:34:09-04:00
trade,320,KXLOLTOTALMAPS-26MAR16FOXBLG-5,no,38,0,0,0,-12160,-12160,2026-03-16T13:33:39-04:00,2026-03-16T11:34:09-04:00
trade,422,KXLOLTOTALMAPS-26MAR16FOXBLG-5,no,38,0,0,0,-16036,-16036,2026-03-16T13:33:39-04:00,2026-03-16T11:34:09-04:00
trade,12,KXLOLTOTALMAPS-26MAR16FOXBLG-5,no,38,0,0,0,-456,-456,2026-03-16T13:33:39-04:00,2026-03-16T11:34:12-04:00
trade,24,KXLOLTOTALMAPS-26MAR16FOXBLG-5,no,38,0,0,0,-912,-912,2026-03-16T13:33:39-04:00,2026-03-16T11:37:37-04:00
trade,24,KXLOLTOTALMAPS-26MAR16FOXBLG-5,no,38,0,0,0,-912,-912,2026-03-16T13:33:39-04:00,2026-03-16T11:37:37-04:00
trade,36,KXLOLTOTALMAPS-26MAR16FOXBLG-5,no,33,0,0,0,-1188,-1188,2026-03-16T13:33:39-04:00,2026-03-16T11:40:35-04:00
trade,964,KXLOLTOTALMAPS-26MAR16FOXBLG-5,no,33,0,0,0,-31812,-31812,2026-03-16T13:33:39-04:00,2026-03-16T11:40:42-04:00
trade,2628,KXLOLTOTALMAPS-26MAR16FOXBLG-5,no,33,0,4068,0,-86724,-90792,2026-03-16T13:33:39-04:00,2026-03-16T11:40:48-04:00
trade,500,KXLOLTOTALMAPS-26MAR16FOXBLG-5,no,30,0,0,0,-15000,-15000,2026-03-16T13:33:39-04:00,2026-03-16T11:42:40-04:00
trade,3,KXLOLMAP-26MAR16TSWG2-1-G2,no,30,2,0,0,-84,-84,2026-03-16T13:52:03-04:00,2026-03-16T13:26:08-04:00
trade,16,KXLOLMAP-26MAR16TSWG2-1-G2,no,30,2,0,2,-448,-450,2026-03-16T13:52:03-04:00,2026-03-16T13:26:12-04:00
trade,20,KXLOLMAP-26MAR16TSWG2-1-G2,no,30,2,0,3,-560,-563,2026-03-16T13:52:03-04:00,2026-03-16T13:26:35-04:00
trade,47,KXLOLMAP-26MAR16TSWG2-1-G2,no,30,2,0,7,-1316,-1323,2026-03-16T13:52:03-04:00,2026-03-16T13:26:44-04:00
trade,151,KXLOLMAP-26MAR16TSWG2-1-G2,no,30,2,0,21,-4228,-4249,2026-03-16T13:52:03-04:00,2026-03-16T13:26:44-04:00
trade,63,KXLOLMAP-26MAR16TSWG2-1-G2,no,30,0,0,0,-1890,-1890,2026-03-16T14:03:49-04:00,2026-03-16T13:26:44-04:00
trade,30,KXLOLMAP-26MAR16TSWG2-1-G2,no,27,0,42,0,-810,-852,2026-03-16T14:03:49-04:00,2026-03-16T13:27:36-04:00
trade,270,KXLOLMAP-26MAR16TSWG2-1-G2,no,27,0,0,0,-7290,-7290,2026-03-16T14:03:49-04:00,2026-03-16T13:27:52-04:00
trade,19,KXLOLMAP-26MAR16TSWG2-1-G2,no,26,0,0,0,-494,-494,2026-03-16T14:03:49-04:00,2026-03-16T13:28:40-04:00
trade,281,KXLOLMAP-26MAR16TSWG2-1-G2,no,26,0,0,0,-7306,-7306,2026-03-16T14:03:49-04:00,2026-03-16T13:28:54-04:00
trade,39,KXLOLMAP-26MAR16TSWG2-1-G2,no,25,0,0,0,-975,-975,2026-03-16T14:03:49-04:00,2026-03-16T13:29:20-04:00
trade,40,KXLOLMAP-26MAR16TSWG2-1-G2,no,25,0,0,0,-1000,-1000,2026-03-16T14:03:49-04:00,2026-03-16T13:29:56-04:00
trade,100,KXLOLMAP-26MAR16TSWG2-1-G2,no,25,0,0,0,-2500,-2500,2026-03-16T14:03:49-04:00,2026-03-16T13:29:58-04:00
trade,21,KXLOLMAP-26MAR16TSWG2-1-G2,no,25,0,0,0,-525,-525,2026-03-16T14:03:49-04:00,2026-03-16T13:29:58-04:00
trade,42,KXLOLMAP-26MAR16TSWG2-1-G2,no,15,0,0,0,-630,-630,2026-03-16T14:03:49-04:00,2026-03-16T13:31:55-04:00
trade,233,KXLOLMAP-26MAR16TSWG2-2-TSW,no,70,100,0,0,6990,6990,2026-03-16T14:53:29-04:00,2026-03-16T14:00:36-04:00
trade,1000,KXLOLMAP-26MAR16TSWG2-3-G2,no,28,0,0,0,-28000,-28000,2026-03-16T15:43:19-04:00,2026-03-16T14:52:54-04:00
trade,70,KXLOLMAP-26MAR17JDGGEN-1-JDG,no,75,100,0,0,1750,1750,2026-03-17T09:44:29-04:00,2026-03-17T09:12:21-04:00
trade,185,KXLOLMAP-26MAR17JDGGEN-1-JDG,no,75,100,0,0,4625,4625,2026-03-17T09:44:29-04:00,2026-03-17T09:12:23-04:00
trade,98,KXLOLMAP-26MAR17JDGGEN-1-JDG,no,75,100,0,0,2450,2450,2026-03-17T09:44:29-04:00,2026-03-17T09:12:28-04:00
trade,760,KXLOLMAP-26MAR17JDGGEN-1-JDG,no,75,100,0,0,19000,19000,2026-03-17T09:44:29-04:00,2026-03-17T09:12:29-04:00
trade,1,KXLOLMAP-26MAR17JDGGEN-1-JDG,no,75,100,0,0,25,25,2026-03-17T09:44:29-04:00,2026-03-17T09:12:36-04:00
trade,3,KXLOLMAP-26MAR17JDGGEN-1-JDG,no,75,100,0,0,75,75,2026-03-17T09:44:29-04:00,2026-03-17T09:12:45-04:00
trade,55,KXLOLMAP-26MAR17JDGGEN-1-JDG,no,75,100,0,0,1375,1375,2026-03-17T09:44:29-04:00,2026-03-17T09:13:26-04:00
trade,760,KXLOLMAP-26MAR17JDGGEN-1-JDG,no,75,100,0,0,19000,19000,2026-03-17T09:44:29-04:00,2026-03-17T09:15:14-04:00
trade,50,KXLOLMAP-26MAR17JDGGEN-1-JDG,no,75,100,0,0,1250,1250,2026-03-17T09:44:29-04:00,2026-03-17T09:15:23-04:00
trade,269,KXLOLMAP-26MAR17JDGGEN-1-JDG,no,75,100,0,0,6725,6725,2026-03-17T09:44:29-04:00,2026-03-17T09:15:26-04:00
trade,30,KXLOLMAP-26MAR17JDGGEN-1-JDG,no,75,100,0,0,750,750,2026-03-17T09:44:29-04:00,2026-03-17T09:15:28-04:00
trade,144,KXLOLMAP-26MAR17JDGGEN-1-JDG,no,75,100,0,0,3600,3600,2026-03-17T09:44:29-04:00,2026-03-17T09:15:28-04:00
trade,18,KXLOLMAP-26MAR17JDGGEN-1-JDG,no,75,100,0,0,450,450,2026-03-17T09:44:29-04:00,2026-03-17T09:15:28-04:00
trade,69,KXLOLMAP-26MAR17JDGGEN-1-JDG,no,75,100,0,0,1725,1725,2026-03-17T09:44:29-04:00,2026-03-17T09:15:29-04:00
trade,5,KXLOLMAP-26MAR17JDGGEN-1-JDG,no,75,100,0,0,125,125,2026-03-17T09:44:29-04:00,2026-03-17T09:15:30-04:00
trade,5,KXLOLMAP-26MAR17JDGGEN-1-JDG,no,75,100,0,0,125,125,2026-03-17T09:44:29-04:00,2026-03-17T09:15:30-04:00
trade,50,KXLOLMAP-26MAR17JDGGEN-1-JDG,no,75,100,0,0,1250,1250,2026-03-17T09:44:29-04:00,2026-03-17T09:15:32-04:00
trade,428,KXLOLMAP-26MAR17JDGGEN-1-JDG,no,75,100,0,0,10700,10700,2026-03-17T09:44:29-04:00,2026-03-17T09:15:37-04:00
trade,454,KXLOLMAP-26MAR17LLLLY-1-LLL,no,66,100,0,0,15436,15436,2026-03-17T12:13:59-04:00,2026-03-17T11:32:53-04:00
trade,200,KXLOLMAP-26MAR17LLLLY-2-LLL,no,73,0,0,0,-14600,-14600,2026-03-17T13:08:09-04:00,2026-03-17T12:27:42-04:00
trade,172,KXLOLTOTALMAPS-26MAR17LLLLY-5,yes,27,40,0,0,2236,2236,2026-03-17T14:08:57-04:00,2026-03-17T13:59:58-04:00
trade,28,KXLOLTOTALMAPS-26MAR17LLLLY-5,yes,27,40,0,0,364,364,2026-03-17T14:09:02-04:00,2026-03-17T13:59:58-04:00
trade,180,KXLOLGAME-26MAR17LLLLY-LY,yes,65,100,0,0,6300,6300,2026-03-17T16:19:09-04:00,2026-03-17T14:57:01-04:00
trade,24,KXLOLGAME-26MAR17LLLLY-LY,yes,65,100,0,0,840,840,2026-03-17T16:19:09-04:00,2026-03-17T14:58:01-04:00
trade,24,KXLOLGAME-26MAR17LLLLY-LY,yes,65,100,0,0,840,840,2026-03-17T16:19:09-04:00,2026-03-17T14:58:01-04:00
trade,1000,KXLOLGAME-26MAR17LLLLY-LY,yes,65,100,0,0,35000,35000,2026-03-17T16:19:09-04:00,2026-03-17T14:58:01-04:00
trade,40,KXLOLGAME-26MAR17LLLLY-LY,yes,65,100,0,0,1400,1400,2026-03-17T16:19:09-04:00,2026-03-17T14:58:01-04:00
trade,78,KXLOLTOTALMAPS-26MAR17LLLLY-5,no,60,0,0,0,-4680,-4680,2026-03-17T16:19:29-04:00,2026-03-17T14:09:02-04:00
trade,113,KXLOLTOTALMAPS-26MAR17LLLLY-5,no,60,0,0,0,-6780,-6780,2026-03-17T16:19:29-04:00,2026-03-17T14:10:17-04:00
trade,300,KXLOLTOTALMAPS-26MAR17LLLLY-5,no,57,0,0,0,-17100,-17100,2026-03-17T16:19:29-04:00,2026-03-17T14:12:47-04:00
trade,266,KXLOLTOTALMAPS-26MAR17LLLLY-5,no,53,0,0,0,-14098,-14098,2026-03-17T16:19:29-04:00,2026-03-17T14:13:20-04:00
trade,34,KXLOLTOTALMAPS-26MAR17LLLLY-5,no,53,0,0,0,-1802,-1802,2026-03-17T16:19:29-04:00,2026-03-17T14:13:33-04:00
trade,177,KXLOLTOTALMAPS-26MAR17LLLLY-5,no,52,0,0,0,-9204,-9204,2026-03-17T16:19:29-04:00,2026-03-17T14:14:36-04:00
trade,23,KXLOLTOTALMAPS-26MAR17LLLLY-5,no,52,0,0,0,-1196,-1196,2026-03-17T16:19:29-04:00,2026-03-17T14:14:48-04:00
trade,200,KXLOLTOTALMAPS-26MAR17LLLLY-5,no,51,0,0,0,-10200,-10200,2026-03-17T16:19:29-04:00,2026-03-17T14:15:03-04:00
trade,4,KXLOLTOTALMAPS-26MAR17LLLLY-5,no,65,0,0,0,-260,-260,2026-03-17T16:19:29-04:00,2026-03-17T14:20:32-04:00
trade,46,KXLOLTOTALMAPS-26MAR17LLLLY-5,no,65,0,0,0,-2990,-2990,2026-03-17T16:19:29-04:00,2026-03-17T14:20:38-04:00
trade,50,KXLOLTOTALMAPS-26MAR17LLLLY-5,no,65,0,80,0,-3250,-3330,2026-03-17T16:19:29-04:00,2026-03-17T14:20:50-04:00
trade,61,KXLOLTOTALMAPS-26MAR17LLLLY-5,no,60,0,0,0,-3660,-3660,2026-03-17T16:19:29-04:00,2026-03-17T14:22:34-04:00
trade,23,KXLOLTOTALMAPS-26MAR17LLLLY-5,no,60,0,0,0,-1380,-1380,2026-03-17T16:19:29-04:00,2026-03-17T14:22:38-04:00
trade,4,KXLOLTOTALMAPS-26MAR17LLLLY-5,no,60,0,0,0,-240,-240,2026-03-17T16:19:29-04:00,2026-03-17T14:22:44-04:00
trade,13,KXLOLTOTALMAPS-26MAR17LLLLY-5,no,60,0,0,0,-780,-780,2026-03-17T16:19:29-04:00,2026-03-17T14:23:17-04:00
trade,99,KXLOLTOTALMAPS-26MAR17LLLLY-5,no,60,0,0,0,-5940,-5940,2026-03-17T16:19:29-04:00,2026-03-17T14:23:50-04:00
trade,20,KXLOLTOTALMAPS-26MAR17LLLLY-5,no,57,0,35,0,-1140,-1175,2026-03-17T16:19:29-04:00,2026-03-17T14:24:17-04:00
trade,30,KXLOLTOTALMAPS-26MAR17LLLLY-5,no,63,0,49,0,-1890,-1939,2026-03-17T16:19:29-04:00,2026-03-17T14:24:17-04:00
trade,130,KXLOLTOTALMAPS-26MAR17LLLLY-5,no,64,0,209,0,-8320,-8529,2026-03-17T16:19:29-04:00,2026-03-17T14:24:17-04:00
trade,30,KXLOLTOTALMAPS-26MAR17LLLLY-5,no,50,0,0,0,-1500,-1500,2026-03-17T16:19:29-04:00,2026-03-17T14:28:09-04:00
trade,37,KXLOLTOTALMAPS-26MAR17LLLLY-5,no,40,0,0,0,-1480,-1480,2026-03-17T16:19:29-04:00,2026-03-17T14:32:29-04:00
trade,387,KXLOLMAP-26MAR18G2BLG-1-BLG,no,30,0,0,0,-11610,-11610,2026-03-18T09:48:49-04:00,2026-03-18T08:41:15-04:00
trade,413,KXLOLMAP-26MAR18G2BLG-3-G2,no,70,100,0,0,12390,12390,2026-03-18T11:34:29-04:00,2026-03-18T10:55:01-04:00
trade,11,KXLOLMAP-26MAR18G2BLG-3-G2,no,70,100,0,0,330,330,2026-03-18T11:34:29-04:00,2026-03-18T10:55:09-04:00
trade,72,KXLOLMAP-26MAR18G2BLG-3-G2,no,70,100,0,0,2160,2160,2026-03-18T11:34:29-04:00,2026-03-18T10:55:15-04:00
trade,4,KXLOLMAP-26MAR18G2BLG-3-G2,no,70,100,0,0,120,120,2026-03-18T11:34:29-04:00,2026-03-18T10:55:15-04:00
trade,1000,KXLOLMAP-26MAR18G2BLG-3-G2,no,69,100,0,0,31000,31000,2026-03-18T11:34:29-04:00,2026-03-18T10:55:30-04:00
trade,200,KXLOLMAP-26MAR18G2BLG-3-G2,no,66,100,0,0,6800,6800,2026-03-18T11:34:29-04:00,2026-03-18T10:57:16-04:00
trade,53,KXLOLMAP-26MAR19LLLJDG-3-JDG,no,7,0,0,0,-371,-371,2026-03-19T13:38:30-04:00,2026-03-19T13:03:18-04:00
trade,13,KXLOLMAP-26MAR19LLLJDG-3-JDG,no,7,0,0,0,-91,-91,2026-03-19T13:38:30-04:00,2026-03-19T13:03:27-04:00
credit,0,,,0,0,0,0,2500,2500,2026-03-19T00:29:52-04:00,2026-03-19T00:29:52-04:00
trade,500,KXLOLTOTALMAPS-26MAR20FOXG2-4,no,27,100,0,0,36500,36500,2026-03-20T12:08:50-04:00,2026-03-20T08:58:42-04:00
trade,20,KXLOLTOTALMAPS-26MAR20FOXG2-4,no,27,100,0,0,1460,1460,2026-03-20T12:08:50-04:00,2026-03-20T09:00:35-04:00
trade,368,KXLOLGAME-26MAR20FOXG2-G2,no,82,0,0,0,-30176,-30176,2026-03-20T12:13:10-04:00,2026-03-20T05:24:14-04:00
trade,52,KXLOLGAME-26MAR20FOXG2-G2,no,82,0,0,0,-4264,-4264,2026-03-20T12:13:10-04:00,2026-03-20T05:40:18-04:00
trade,131,KXLOLGAME-26MAR20FOXG2-G2,no,82,0,0,0,-10742,-10742,2026-03-20T12:13:10-04:00,2026-03-20T05:48:31-04:00
trade,26,KXLOLGAME-26MAR20FOXG2-G2,no,82,0,0,0,-2132,-2132,2026-03-20T12:13:10-04:00,2026-03-20T06:17:03-04:00
trade,30,KXLOLGAME-26MAR20FOXG2-G2,no,82,0,0,0,-2460,-2460,2026-03-20T12:13:10-04:00,2026-03-20T06:18:13-04:00
trade,105,KXLOLGAME-26MAR20FOXG2-G2,no,82,0,0,0,-8610,-8610,2026-03-20T12:13:10-04:00,2026-03-20T06:22:51-04:00
trade,5,KXLOLGAME-26MAR20FOXG2-G2,no,82,0,0,0,-410,-410,2026-03-20T12:13:10-04:00,2026-03-20T06:29:50-04:00
trade,2300,KXLOLGAME-26MAR20FOXG2-G2,no,82,0,0,0,-188600,-188600,2026-03-20T12:13:10-04:00,2026-03-20T06:34:52-04:00
trade,52,KXLOLGAME-26MAR20FOXG2-G2,no,82,0,0,0,-4264,-4264,2026-03-20T12:13:10-04:00,2026-03-20T06:41:38-04:00
trade,10,KXLOLGAME-26MAR20FOXG2-G2,no,82,0,0,0,-820,-820,2026-03-20T12:13:10-04:00,2026-03-20T06:43:04-04:00
trade,34,KXLOLGAME-26MAR20FOXG2-G2,no,82,0,0,0,-2788,-2788,2026-03-20T12:13:10-04:00,2026-03-20T06:43:52-04:00
trade,103,KXLOLGAME-26MAR20FOXG2-G2,no,82,0,0,0,-8446,-8446,2026-03-20T12:13:10-04:00,2026-03-20T06:47:32-04:00
trade,572,KXLOLGAME-26MAR20FOXG2-G2,no,82,0,0,0,-46904,-46904,2026-03-20T12:13:10-04:00,2026-03-20T06:48:48-04:00
trade,40,KXLOLGAME-26MAR20FOXG2-G2,no,82,0,0,0,-3280,-3280,2026-03-20T12:13:10-04:00,2026-03-20T06:50:19-04:00
trade,9,KXLOLGAME-26MAR20FOXG2-G2,no,82,0,0,0,-738,-738,2026-03-20T12:13:10-04:00,2026-03-20T06:50:31-04:00
trade,26,KXLOLGAME-26MAR20FOXG2-G2,no,82,0,0,0,-2132,-2132,2026-03-20T12:13:10-04:00,2026-03-20T07:12:39-04:00
trade,1137,KXLOLGAME-26MAR20FOXG2-G2,no,82,0,0,0,-93234,-93234,2026-03-20T12:13:10-04:00,2026-03-20T07:13:27-04:00
trade,164,KXLOLMAP-26MAR20JDGLY-1-JDG,no,15,0,0,0,-2460,-2460,2026-03-20T12:28:30-04:00,2026-03-20T11:53:49-04:00
trade,357,KXLOLMAP-26MAR20JDGLY-1-JDG,no,15,0,0,0,-5355,-5355,2026-03-20T12:28:30-04:00,2026-03-20T11:54:06-04:00
trade,160,KXLOLMAP-26MAR20JDGLY-1-JDG,no,16,0,0,0,-2560,-2560,2026-03-20T12:28:30-04:00,2026-03-20T11:55:11-04:00
trade,100,KXLOLMAP-26MAR20JDGLY-1-JDG,no,16,0,0,0,-1600,-1600,2026-03-20T12:28:30-04:00,2026-03-20T11:55:16-04:00
trade,1,KXLOLMAP-26MAR20JDGLY-1-JDG,no,16,0,0,0,-16,-16,2026-03-20T12:28:30-04:00,2026-03-20T11:55:21-04:00
trade,5000,KXLOLGAME-26MAR20JDGLY-JDG,no,5,0,0,0,-25000,-25000,2026-03-20T15:53:10-04:00,2026-03-20T12:24:43-04:00
trade,82,KXLOLTOTALMAPS-26MAR20JDGLY-5,no,71,100,0,0,2378,2378,2026-03-20T15:55:30-04:00,2026-03-20T14:18:36-04:00
trade,418,KXLOLTOTALMAPS-26MAR20JDGLY-5,no,71,100,0,0,12122,12122,2026-03-20T15:55:30-04:00,2026-03-20T14:19:23-04:00
trade,457,KXLOLTOTALMAPS-26MAR20JDGLY-5,no,71,100,0,0,13253,13253,2026-03-20T15:55:30-04:00,2026-03-20T14:19:49-04:00
trade,500,KXLOLTOTALMAPS-26MAR20JDGLY-5,no,73,100,0,0,13500,13500,2026-03-20T15:55:30-04:00,2026-03-20T14:23:55-04:00
trade,31,KXLOLTOTALMAPS-26MAR20JDGLY-5,no,69,100,0,0,961,961,2026-03-20T15:55:30-04:00,2026-03-20T14:36:35-04:00
trade,15,KXLOLTOTALMAPS-26MAR20JDGLY-5,no,69,100,0,0,465,465,2026-03-20T15:55:30-04:00,2026-03-20T14:37:13-04:00
trade,127,KXLOLTOTALMAPS-26MAR20JDGLY-5,no,71,100,0,0,3683,3683,2026-03-20T15:55:30-04:00,2026-03-20T14:38:41-04:00
trade,117,KXLOLTOTALMAPS-26MAR20JDGLY-5,no,71,100,0,0,3393,3393,2026-03-20T15:55:30-04:00,2026-03-20T14:38:48-04:00
trade,16,KXLOLTOTALMAPS-26MAR20JDGLY-5,no,71,100,0,0,464,464,2026-03-20T15:55:30-04:00,2026-03-20T14:38:50-04:00
trade,17,KXLOLTOTALMAPS-26MAR20JDGLY-5,no,72,100,0,0,476,476,2026-03-20T15:55:30-04:00,2026-03-20T14:39:25-04:00
trade,845,KXLOLTOTALMAPS-26MAR20JDGLY-5,no,73,100,0,0,22815,22815,2026-03-20T15:55:30-04:00,2026-03-20T14:41:31-04:00
trade,19,KXLOLTOTALMAPS-26MAR20JDGLY-5,no,73,100,0,0,513,513,2026-03-20T15:55:30-04:00,2026-03-20T14:41:32-04:00
trade,64,KXLOLTOTALMAPS-26MAR20JDGLY-5,no,72,100,0,0,1792,1792,2026-03-20T15:55:30-04:00,2026-03-20T14:42:57-04:00
trade,30,KXLOLTOTALMAPS-26MAR20JDGLY-5,no,40,100,0,0,1800,1800,2026-03-20T15:55:30-04:00,2026-03-20T14:44:41-04:00
trade,70,KXLOLTOTALMAPS-26MAR20JDGLY-5,no,63,100,0,0,2590,2590,2026-03-20T15:55:30-04:00,2026-03-20T14:45:27-04:00
trade,2,KXLOLTOTALMAPS-26MAR20JDGLY-5,no,63,100,0,0,74,74,2026-03-20T15:55:30-04:00,2026-03-20T14:45:39-04:00
trade,98,KXLOLTOTALMAPS-26MAR20JDGLY-5,no,63,100,0,0,3626,3626,2026-03-20T15:55:30-04:00,2026-03-20T14:46:03-04:00
trade,6,KXLOLTOTALMAPS-26MAR20JDGLY-5,no,47,100,11,0,318,307,2026-03-20T15:55:30-04:00,2026-03-20T14:52:44-04:00
trade,167,KXLOLTOTALMAPS-26MAR20JDGLY-5,no,47,100,291,0,8851,8560,2026-03-20T15:55:30-04:00,2026-03-20T14:52:44-04:00
trade,858,KXLOLTOTALMAPS-26MAR20JDGLY-5,no,48,100,1499,0,44616,43117,2026-03-20T15:55:30-04:00,2026-03-20T14:52:44-04:00
trade,149,KXLOLTOTALMAPS-26MAR20JDGLY-5,no,36,100,0,0,9536,9536,2026-03-20T15:55:30-04:00,2026-03-20T14:58:39-04:00
trade,9,KXLOLTOTALMAPS-26MAR20JDGLY-5,no,38,100,0,0,558,558,2026-03-20T15:55:30-04:00,2026-03-20T14:59:50-04:00
trade,2000,KXLOLMAP-26MAR21G2GEN-3-GEN,no,23,100,0,0,154000,154000,2026-03-21T11:35:20-04:00,2026-03-21T10:54:54-04:00
trade,57,KXLOLMAP-26MAR21JDGBLG-1-JDG,no,67,100,0,0,1881,1881,2026-03-21T12:34:40-04:00,2026-03-21T11:35:45-04:00
trade,85,KXLOLMAP-26MAR21JDGBLG-1-JDG,no,67,100,0,0,2805,2805,2026-03-21T12:34:40-04:00,2026-03-21T11:38:12-04:00
trade,14,KXLOLMAP-26MAR21JDGBLG-1-JDG,no,67,100,0,0,462,462,2026-03-21T12:34:40-04:00,2026-03-21T11:41:36-04:00
trade,13,KXLOLMAP-26MAR21JDGBLG-1-JDG,no,67,100,0,0,429,429,2026-03-21T12:34:40-04:00,2026-03-21T11:42:17-04:00
trade,32,KXLOLMAP-26MAR21JDGBLG-1-JDG,no,67,100,0,0,1056,1056,2026-03-21T12:34:40-04:00,2026-03-21T11:42:19-04:00
trade,110,KXLOLMAP-26MAR21JDGBLG-1-JDG,no,67,100,0,0,3630,3630,2026-03-21T12:34:40-04:00,2026-03-21T11:42:52-04:00
trade,277,KXLOLMAP-26MAR21JDGBLG-1-JDG,no,67,100,0,0,9141,9141,2026-03-21T12:34:40-04:00,2026-03-21T11:44:21-04:00
trade,11,KXLOLMAP-26MAR21JDGBLG-1-JDG,no,67,100,0,0,363,363,2026-03-21T12:34:40-04:00,2026-03-21T11:45:20-04:00
trade,86,KXLOLMAP-26MAR21JDGBLG-1-JDG,no,67,100,0,0,2838,2838,2026-03-21T12:34:40-04:00,2026-03-21T11:46:02-04:00
trade,29,KXLOLMAP-26MAR21JDGBLG-1-JDG,no,67,100,0,0,957,957,2026-03-21T12:34:40-04:00,2026-03-21T11:46:13-04:00
trade,2,KXLOLMAP-26MAR21JDGBLG-1-JDG,no,67,100,0,0,66,66,2026-03-21T12:34:40-04:00,2026-03-21T11:47:00-04:00
trade,142,KXLOLMAP-26MAR21JDGBLG-1-JDG,no,67,100,0,0,4686,4686,2026-03-21T12:34:40-04:00,2026-03-21T11:47:10-04:00
trade,200,KXLOLMAP-26MAR21JDGBLG-1-JDG,no,81,100,0,0,3800,3800,2026-03-21T12:34:40-04:00,2026-03-21T12:11:51-04:00
trade,50,KXLOLMAP-26MAR21JDGBLG-1-JDG,no,96,100,0,0,200,200,2026-03-21T12:34:40-04:00,2026-03-21T12:24:13-04:00
trade,43,KXLOLMAP-26MAR21JDGBLG-1-JDG,no,94,100,0,0,258,258,2026-03-21T12:34:40-04:00,2026-03-21T12:24:50-04:00
trade,16,KXLOLMAP-26MAR21JDGBLG-2-JDG,no,68,100,0,0,512,512,2026-03-21T13:24:20-04:00,2026-03-21T12:33:39-04:00
trade,50,KXLOLMAP-26MAR21JDGBLG-2-BLG,no,58,0,0,0,-2900,-2900,2026-03-21T13:24:20-04:00,2026-03-21T12:53:35-04:00
trade,200,KXLOLMAP-26MAR21JDGBLG-2-BLG,no,47,0,0,0,-9400,-9400,2026-03-21T13:24:20-04:00,2026-03-21T13:00:10-04:00
trade,1366,KXLOLMAP-26MAR22BLGG2-1-G2,no,65,0,0,0,-88790,-88790,2026-03-22T09:58:30-04:00,2026-03-22T09:14:41-04:00
trade,1634,KXLOLMAP-26MAR22BLGG2-1-G2,no,65,0,0,0,-106210,-106210,2026-03-22T09:58:30-04:00,2026-03-22T09:14:45-04:00
trade,86,KXLOLMAP-26MAR22BLGG2-1-G2,no,65,0,137,0,-5590,-5727,2026-03-22T09:58:30-04:00,2026-03-22T09:15:25-04:00
trade,100,KXLOLMAP-26MAR22BLGG2-1-G2,no,65,0,0,0,-6500,-6500,2026-03-22T09:58:30-04:00,2026-03-22T09:15:30-04:00
trade,100,KXLOLMAP-26MAR22BLGG2-1-G2,no,65,0,0,0,-6500,-6500,2026-03-22T09:58:30-04:00,2026-03-22T09:15:31-04:00
trade,24,KXLOLMAP-26MAR22BLGG2-1-G2,no,61,0,0,0,-1464,-1464,2026-03-22T09:58:30-04:00,2026-03-22T09:17:36-04:00
trade,25,KXLOLMAP-26MAR22BLGG2-2-BLG,no,38,0,0,0,-950,-950,2026-03-22T11:04:40-04:00,2026-03-22T10:09:58-04:00
trade,307,KXLOLMAP-26MAR22BLGG2-2-BLG,no,38,0,0,0,-11666,-11666,2026-03-22T11:04:40-04:00,2026-03-22T10:10:04-04:00
trade,2000,KXLOLMAP-26MAR22BLGG2-2-BLG,no,41,0,0,0,-82000,-82000,2026-03-22T11:04:40-04:00,2026-03-22T10:15:08-04:00
trade,250,KXLOLMAP-26MAR22BLGG2-2-BLG,no,42,0,0,0,-10500,-10500,2026-03-22T11:04:40-04:00,2026-03-22T10:16:01-04:00
trade,200,KXLOLMAP-26MAR22BLGG2-2-BLG,no,42,0,0,0,-8400,-8400,2026-03-22T11:04:40-04:00,2026-03-22T10:16:03-04:00
trade,1550,KXLOLMAP-26MAR22BLGG2-2-BLG,no,42,0,0,0,-65100,-65100,2026-03-22T11:04:40-04:00,2026-03-22T10:16:04-04:00
trade,100,KXLOLMAP-26MAR22BLGG2-2-BLG,no,33,0,0,0,-3300,-3300,2026-03-22T11:04:40-04:00,2026-03-22T10:17:40-04:00
trade,100,KXLOLMAP-26MAR22BLGG2-2-BLG,no,31,0,0,0,-3100,-3100,2026-03-22T11:04:40-04:00,2026-03-22T10:20:43-04:00
trade,200,KXLOLMAP-26MAR22BLGG2-2-BLG,no,37,0,0,0,-7400,-7400,2026-03-22T11:04:40-04:00,2026-03-22T10:23:28-04:00
trade,20,KXLOLMAP-26MAR22BLGG2-2-BLG,no,37,0,0,0,-740,-740,2026-03-22T11:04:40-04:00,2026-03-22T10:24:15-04:00
trade,5,KXLOLMAP-26MAR22BLGG2-2-BLG,no,36,0,0,0,-180,-180,2026-03-22T11:04:40-04:00,2026-03-22T10:25:13-04:00
trade,5,KXLOLMAP-26MAR22BLGG2-2-BLG,no,36,0,0,0,-180,-180,2026-03-22T11:04:40-04:00,2026-03-22T10:25:13-04:00
trade,5,KXLOLMAP-26MAR22BLGG2-2-BLG,no,36,0,0,0,-180,-180,2026-03-22T11:04:40-04:00,2026-03-22T10:25:13-04:00
trade,5,KXLOLMAP-26MAR22BLGG2-2-BLG,no,36,0,0,0,-180,-180,2026-03-22T11:04:40-04:00,2026-03-22T10:25:13-04:00
trade,20,KXLOLMAP-26MAR22BLGG2-2-BLG,no,27,0,0,0,-540,-540,2026-03-22T11:04:40-04:00,2026-03-22T10:26:49-04:00
trade,2996,KXLOLMAP-26MAR22BLGG2-3-BLG,yes,96,100,806,0,11984,11178,2026-03-22T11:49:20-04:00,2026-03-22T11:33:59-04:00
trade,57,KXLOLMAP-26MAR22BLGG2-3-G2,no,77,100,0,0,1311,1311,2026-03-22T11:49:20-04:00,2026-03-22T11:23:05-04:00
trade,50,KXLOLMAP-26MAR22BLGG2-3-G2,no,77,100,0,0,1150,1150,2026-03-22T11:49:20-04:00,2026-03-22T11:23:16-04:00
trade,50,KXLOLMAP-26MAR22BLGG2-3-G2,no,77,100,0,0,1150,1150,2026-03-22T11:49:20-04:00,2026-03-22T11:23:22-04:00
trade,43,KXLOLMAP-26MAR22BLGG2-3-G2,no,77,100,0,0,989,989,2026-03-22T11:49:20-04:00,2026-03-22T11:23:34-04:00
trade,180,KXLOLGAME-26MAR22BLGG2-BLG,yes,68,100,0,0,5760,5760,2026-03-22T13:12:50-04:00,2026-03-22T10:58:21-04:00
trade,200,KXLOLGAME-26MAR22BLGG2-BLG,yes,68,100,0,0,6400,6400,2026-03-22T13:12:50-04:00,2026-03-22T10:58:29-04:00
trade,12,KXLOLGAME-26MAR22BLGG2-BLG,yes,68,100,0,0,384,384,2026-03-22T13:12:50-04:00,2026-03-22T11:02:33-04:00
trade,330,KXLOLGAME-26MAR22BLGG2-BLG,yes,71,100,0,0,9570,9570,2026-03-22T13:12:50-04:00,2026-03-22T12:19:44-04:00
trade,75,KXLOLGAME-26MAR22BLGG2-BLG,yes,71,100,0,0,2175,2175,2026-03-22T13:12:50-04:00,2026-03-22T12:19:52-04:00
trade,75,KXLOLGAME-26MAR22BLGG2-BLG,yes,71,100,0,0,2175,2175,2026-03-22T13:12:50-04:00,2026-03-22T12:19:52-04:00
trade,455,KXLOLGAME-26MAR22BLGG2-BLG,yes,71,100,0,0,13195,13195,2026-03-22T13:12:50-04:00,2026-03-22T12:19:55-04:00
trade,455,KXLOLGAME-26MAR22BLGG2-BLG,yes,71,100,0,0,13195,13195,2026-03-22T13:12:50-04:00,2026-03-22T12:19:55-04:00
trade,513,KXLOLGAME-26MAR22BLGG2-BLG,yes,71,100,0,0,14877,14877,2026-03-22T13:12:50-04:00,2026-03-22T12:19:56-04:00
trade,5,KXLOLGAME-26MAR22BLGG2-BLG,yes,71,100,0,0,145,145,2026-03-22T13:12:50-04:00,2026-03-22T12:19:56-04:00
trade,5,KXLOLGAME-26MAR22BLGG2-BLG,yes,71,100,0,0,145,145,2026-03-22T13:12:50-04:00,2026-03-22T12:19:57-04:00
trade,87,KXLOLGAME-26MAR22BLGG2-BLG,yes,71,100,0,0,2523,2523,2026-03-22T13:12:50-04:00,2026-03-22T12:19:57-04:00
trade,42,KXLOLGAME-26MAR22BLGG2-G2,no,69,100,0,0,1302,1302,2026-03-22T13:12:50-04:00,2026-03-22T11:14:39-04:00
trade,60,KXLOLGAME-26MAR22BLGG2-G2,no,69,100,0,0,1860,1860,2026-03-22T13:12:50-04:00,2026-03-22T11:15:24-04:00
trade,92,KXLOLGAME-26MAR22BLGG2-G2,no,69,100,0,0,2852,2852,2026-03-22T13:12:50-04:00,2026-03-22T11:15:34-04:00
trade,15,KXLOLGAME-26MAR22BLGG2-G2,no,69,100,0,0,465,465,2026-03-22T13:12:50-04:00,2026-03-22T11:15:52-04:00
trade,76,KXLOLGAME-26MAR22BLGG2-G2,no,69,100,0,0,2356,2356,2026-03-22T13:12:50-04:00,2026-03-22T11:16:06-04:00
trade,455,KXLOLGAME-26MAR22BLGG2-G2,no,69,100,0,0,14105,14105,2026-03-22T13:12:50-04:00,2026-03-22T11:16:07-04:00
trade,1589,KXLOLGAME-26MAR22BLGG2-G2,no,71,100,0,0,46081,46081,2026-03-22T13:12:50-04:00,2026-03-22T11:19:36-04:00
trade,12,KXLOLGAME-26MAR22BLGG2-G2,no,71,100,0,0,348,348,2026-03-22T13:12:50-04:00,2026-03-22T11:20:00-04:00
trade,202,KXLOLGAME-26MAR22BLGG2-G2,no,87,100,0,0,2626,2626,2026-03-22T13:12:50-04:00,2026-03-22T12:02:46-04:00
trade,50,KXLOLGAME-26MAR22BLGG2-G2,no,87,100,0,0,650,650,2026-03-22T13:12:50-04:00,2026-03-22T12:03:18-04:00
trade,36,KXLOLGAME-26MAR22BLGG2-G2,no,87,100,0,0,468,468,2026-03-22T13:12:50-04:00,2026-03-22T12:03:26-04:00
trade,132,KXLOLGAME-26MAR22BLGG2-G2,no,87,100,0,0,1716,1716,2026-03-22T13:12:50-04:00,2026-03-22T12:04:53-04:00
trade,725,KXLOLGAME-26MAR22BLGG2-G2,no,87,100,0,0,9425,9425,2026-03-22T13:12:50-04:00,2026-03-22T12:05:01-04:00
trade,7,KXLOLGAME-26MAR22BLGG2-G2,no,87,100,0,0,91,91,2026-03-22T13:12:50-04:00,2026-03-22T12:05:04-04:00
trade,187,KXLOLGAME-26MAR22BLGG2-G2,no,87,100,0,0,2431,2431,2026-03-22T13:12:50-04:00,2026-03-22T12:05:08-04:00
trade,101,KXLOLGAME-26MAR22BLGG2-G2,no,87,100,0,0,1313,1313,2026-03-22T13:12:50-04:00,2026-03-22T12:05:12-04:00
trade,100,KXLOLGAME-26MAR22BLGG2-G2,no,87,100,0,0,1300,1300,2026-03-22T13:12:50-04:00,2026-03-22T12:05:17-04:00
trade,182,KXLOLGAME-26MAR22BLGG2-G2,no,87,100,0,0,2366,2366,2026-03-22T13:12:50-04:00,2026-03-22T12:05:25-04:00
trade,36,KXLOLGAME-26MAR22BLGG2-G2,no,87,100,0,0,468,468,2026-03-22T13:12:50-04:00,2026-03-22T12:05:29-04:00
trade,54,KXLOLGAME-26MAR22BLGG2-G2,no,87,100,0,0,702,702,2026-03-22T13:12:50-04:00,2026-03-22T12:05:30-04:00
trade,72,KXLOLGAME-26MAR22BLGG2-G2,no,87,100,0,0,936,936,2026-03-22T13:12:50-04:00,2026-03-22T12:05:31-04:00
trade,36,KXLOLGAME-26MAR22BLGG2-G2,no,87,100,0,0,468,468,2026-03-22T13:12:50-04:00,2026-03-22T12:05:54-04:00
trade,6,KXLOLGAME-26MAR22BLGG2-G2,no,87,100,0,0,78,78,2026-03-22T13:12:50-04:00,2026-03-22T12:05:55-04:00
trade,891,KXLOLGAME-26MAR22BLGG2-G2,no,87,100,0,0,11583,11583,2026-03-22T13:12:50-04:00,2026-03-22T12:06:24-04:00
trade,36,KXLOLGAME-26MAR22BLGG2-G2,no,87,100,0,0,468,468,2026-03-22T13:12:50-04:00,2026-03-22T12:06:42-04:00
trade,21,KXLOLGAME-26MAR22BLGG2-G2,no,87,100,0,0,273,273,2026-03-22T13:12:50-04:00,2026-03-22T12:06:49-04:00
trade,362,KXLOLGAME-26MAR22BLGG2-G2,no,87,100,0,0,4706,4706,2026-03-22T13:12:50-04:00,2026-03-22T12:07:02-04:00
trade,165,KXLOLGAME-26MAR22BLGG2-G2,no,73,100,0,0,4455,4455,2026-03-22T13:12:50-04:00,2026-03-22T12:18:11-04:00
trade,2835,KXLOLGAME-26MAR22BLGG2-G2,no,73,100,0,0,76545,76545,2026-03-22T13:12:50-04:00,2026-03-22T12:18:24-04:00
trade,1975,KXLOLTOTALMAPS-26MAR22BLGG2-5,no,65,100,0,0,69125,69125,2026-03-22T13:19:10-04:00,2026-03-22T11:48:39-04:00
trade,150,KXLOLTOTALMAPS-26MAR22BLGG2-5,no,67,100,0,0,4950,4950,2026-03-22T13:19:10-04:00,2026-03-22T11:52:52-04:00
trade,86,KXLOLTOTALMAPS-26MAR22BLGG2-5,no,67,100,0,0,2838,2838,2026-03-22T13:19:10-04:00,2026-03-22T11:53:30-04:00
trade,9,KXLOLTOTALMAPS-26MAR22BLGG2-5,no,67,100,0,0,297,297,2026-03-22T13:19:10-04:00,2026-03-22T11:58:50-04:00
trade,252,KXLOLTOTALMAPS-26MAR22BLGG2-5,no,67,100,0,0,8316,8316,2026-03-22T13:19:10-04:00,2026-03-22T12:00:57-04:00
trade,9,KXLOLTOTALMAPS-26MAR22BLGG2-5,no,67,100,0,0,297,297,2026-03-22T13:19:10-04:00,2026-03-22T12:01:27-04:00
trade,78,KXLOLTOTALMAPS-26MAR22BLGG2-5,no,67,100,0,0,2574,2574,2026-03-22T13:19:10-04:00,2026-03-22T12:02:28-04:00
trade,1364,KXLOLTOTALMAPS-26MAR22BLGG2-5,no,67,100,0,0,45012,45012,2026-03-22T13:19:10-04:00,2026-03-22T12:04:31-04:00
trade,297,KXLOLTOTALMAPS-26MAR22BLGG2-5,no,67,100,0,0,9801,9801,2026-03-22T13:19:10-04:00,2026-03-22T12:04:38-04:00
trade,5,KXLOLTOTALMAPS-26MAR22BLGG2-5,no,67,100,0,0,165,165,2026-03-22T13:19:10-04:00,2026-03-22T12:04:59-04:00
trade,57,KXLOLTOTALMAPS-26MAR22BLGG2-5,no,67,100,0,0,1881,1881,2026-03-22T13:19:10-04:00,2026-03-22T12:05:08-04:00
trade,88,KXLOLTOTALMAPS-26MAR22BLGG2-5,no,67,100,0,0,2904,2904,2026-03-22T13:19:10-04:00,2026-03-22T12:05:10-04:00
trade,2894,KXLOLTOTALMAPS-26MAR22BLGG2-5,no,67,100,0,0,95502,95502,2026-03-22T13:19:10-04:00,2026-03-22T12:05:12-04:00
trade,35,KXLOLTOTALMAPS-26MAR22BLGG2-5,no,59,100,0,0,1435,1435,2026-03-22T13:19:10-04:00,2026-03-22T12:06:44-04:00
trade,669,KXLOLTOTALMAPS-26MAR22BLGG2-5,no,61,100,0,0,26091,26091,2026-03-22T13:19:10-04:00,2026-03-22T12:07:51-04:00
trade,293,KXLOLTOTALMAPS-26MAR22BLGG2-5,no,58,100,0,0,12306,12306,2026-03-22T13:19:10-04:00,2026-03-22T12:13:58-04:00
trade,114,KXLOLTOTALMAPS-26MAR22BLGG2-5,no,58,100,0,0,4788,4788,2026-03-22T13:19:10-04:00,2026-03-22T12:14:02-04:00
trade,22,KXLOLTOTALMAPS-26MAR22BLGG2-5,no,58,100,0,0,924,924,2026-03-22T13:19:10-04:00,2026-03-22T12:14:05-04:00
trade,68,KXLOLTOTALMAPS-26MAR22BLGG2-5,no,58,100,0,0,2856,2856,2026-03-22T13:19:10-04:00,2026-03-22T12:14:06-04:00
trade,3,KXLOLTOTALMAPS-26MAR22BLGG2-5,no,58,100,0,0,126,126,2026-03-22T13:19:10-04:00,2026-03-22T12:14:10-04:00
trade,2,KXLOLTOTALMAPS-26MAR22BLGG2-5,no,52,100,0,0,96,96,2026-03-22T13:19:10-04:00,2026-03-22T12:14:18-04:00
trade,4,KXLOLTOTALMAPS-26MAR22BLGG2-5,no,52,100,0,0,192,192,2026-03-22T13:19:10-04:00,2026-03-22T12:14:26-04:00
trade,5,KXLOLTOTALMAPS-26MAR22BLGG2-5,no,52,100,0,0,240,240,2026-03-22T13:19:10-04:00,2026-03-22T12:14:26-04:00
trade,50,KXLOLTOTALMAPS-26MAR22BLGG2-5,no,52,100,0,0,2400,2400,2026-03-22T13:19:10-04:00,2026-03-22T12:14:29-04:00
trade,6,KXLOLTOTALMAPS-26MAR22BLGG2-5,no,52,100,0,0,288,288,2026-03-22T13:19:10-04:00,2026-03-22T12:14:29-04:00
trade,96,KXLOLTOTALMAPS-26MAR22BLGG2-5,no,52,100,0,0,4608,4608,2026-03-22T13:19:10-04:00,2026-03-22T12:14:46-04:00
trade,204,KXLOLTOTALMAPS-26MAR22BLGG2-5,no,52,100,0,0,9792,9792,2026-03-22T13:19:10-04:00,2026-03-22T12:14:46-04:00
trade,6,KXLOLTOTALMAPS-26MAR27UPEDG-3,no,60,0,0,0,-360,-360,2026-03-27T10:58:37-04:00,2026-03-27T02:42:20-04:00
trade,30,KXLOLMAP-26MAR28MKOINAVI-1-MKOI,yes,58,0,0,0,-1740,-1740,2026-03-28T15:48:07-04:00,2026-03-28T15:00:50-04:00
trade,21,KXLOLMAP-26MAR28MKOINAVI-1-MKOI,yes,58,0,0,0,-1218,-1218,2026-03-28T15:48:07-04:00,2026-03-28T15:01:01-04:00
trade,5,KXLOLMAP-26MAR28MKOINAVI-1-MKOI,yes,58,0,0,0,-290,-290,2026-03-28T15:48:07-04:00,2026-03-28T15:01:10-04:00
trade,5,KXLOLMAP-26MAR28MKOINAVI-1-MKOI,yes,58,0,0,0,-290,-290,2026-03-28T15:48:07-04:00,2026-03-28T15:01:10-04:00
trade,439,KXLOLMAP-26MAR28MKOINAVI-1-MKOI,yes,58,0,0,0,-25462,-25462,2026-03-28T15:48:07-04:00,2026-03-28T15:01:12-04:00
trade,136,KXLOLMAP-26MAR28MKOINAVI-1-NAVI,no,59,0,0,0,-8024,-8024,2026-03-28T15:48:07-04:00,2026-03-28T14:37:21-04:00
trade,200,KXLOLTOTALMAPS-26APR040400HLET1-3,yes,51,0,0,0,-10200,-10200,2026-04-04T06:29:53-04:00,2026-04-04T00:35:00-04:00
trade,25,KXLOLMAP-26APR050500BLGJDG-1-BLG,no,17,0,0,0,-425,-425,2026-04-05T05:48:33-04:00,2026-04-05T05:29:45-04:00
trade,5,KXLOLMAP-26APR051600FLYTL-2-FLY,no,55,0,0,0,-275,-275,2026-04-05T17:34:33-04:00,2026-04-05T17:04:20-04:00
trade,5,KXLOLMAP-26APR051600FLYTL-2-FLY,no,55,0,0,0,-275,-275,2026-04-05T17:34:33-04:00,2026-04-05T17:04:20-04:00
trade,5,KXLOLMAP-26APR051600FLYTL-2-FLY,no,55,0,0,0,-275,-275,2026-04-05T17:34:33-04:00,2026-04-05T17:04:20-04:00
trade,25,KXLOLMAP-26APR051600FLYTL-2-FLY,no,55,0,0,0,-1375,-1375,2026-04-05T17:34:33-04:00,2026-04-05T17:04:20-04:00
trade,31,KXLOLMAP-26APR051600FLYTL-2-FLY,no,45,0,0,0,-1395,-1395,2026-04-05T17:34:33-04:00,2026-04-05T17:05:33-04:00
trade,13,KXLOLMAP-26APR051600FLYTL-2-FLY,no,45,0,0,0,-585,-585,2026-04-05T17:34:33-04:00,2026-04-05T17:06:03-04:00
trade,6,KXLOLMAP-26APR051600FLYTL-2-FLY,no,45,0,0,0,-270,-270,2026-04-05T17:34:33-04:00,2026-04-05T17:06:03-04:00
trade,30,KXLOLMAP-26APR051600FLYTL-2-FLY,no,35,0,0,0,-1050,-1050,2026-04-05T17:34:33-04:00,2026-04-05T17:06:46-04:00
trade,7,KXLOLMAP-26APR051600FLYTL-2-FLY,no,34,0,0,0,-238,-238,2026-04-05T17:34:33-04:00,2026-04-05T17:08:09-04:00
trade,22,KXLOLMAP-26APR051600FLYTL-2-FLY,no,34,0,0,0,-748,-748,2026-04-05T17:34:33-04:00,2026-04-05T17:08:35-04:00
trade,34,KXLOLGAME-26APR051600FLYTL-FLY,no,58,100,0,0,1428,1428,2026-04-05T21:09:38-04:00,2026-04-05T17:36:33-04:00
trade,40,KXLOLGAME-26APR051600FLYTL-FLY,no,58,100,0,0,1680,1680,2026-04-05T21:09:38-04:00,2026-04-05T17:45:26-04:00
trade,1,KXLOLGAME-26APR051600FLYTL-FLY,no,58,100,0,0,42,42,2026-04-05T21:09:38-04:00,2026-04-05T17:47:32-04:00
trade,17,KXLOLGAME-26APR051600FLYTL-FLY,no,58,100,0,0,714,714,2026-04-05T21:09:38-04:00,2026-04-05T17:50:32-04:00
trade,141,KXLOLGAME-26APR051600FLYTL-FLY,no,58,100,0,0,5922,5922,2026-04-05T21:09:38-04:00,2026-04-05T17:50:54-04:00
trade,18,KXLOLGAME-26APR051600FLYTL-FLY,no,58,100,0,0,756,756,2026-04-05T21:09:38-04:00,2026-04-05T17:50:57-04:00
trade,13,KXLOLGAME-26APR051600FLYTL-FLY,no,58,100,0,0,546,546,2026-04-05T21:09:38-04:00,2026-04-05T17:50:59-04:00
trade,10,KXLOLGAME-26APR051600FLYTL-FLY,no,58,100,0,0,420,420,2026-04-05T21:09:38-04:00,2026-04-05T17:51:05-04:00
trade,20,KXLOLGAME-26APR051600FLYTL-FLY,no,58,100,0,0,840,840,2026-04-05T21:09:38-04:00,2026-04-05T17:51:06-04:00
trade,50,KXLOLGAME-26APR051600FLYTL-FLY,no,58,100,0,0,2100,2100,2026-04-05T21:09:38-04:00,2026-04-05T17:51:07-04:00
trade,221,KXLOLGAME-26APR051600FLYTL-FLY,no,58,100,0,0,9282,9282,2026-04-05T21:09:38-04:00,2026-04-05T17:51:07-04:00
trade,11,KXLOLGAME-26APR051600FLYTL-FLY,no,58,100,0,0,462,462,2026-04-05T21:09:38-04:00,2026-04-05T17:51:15-04:00
trade,57,KXLOLGAME-26APR051600FLYTL-FLY,no,58,100,0,0,2394,2394,2026-04-05T21:09:38-04:00,2026-04-05T17:51:17-04:00
trade,116,KXLOLGAME-26APR051600FLYTL-FLY,no,58,100,0,0,4872,4872,2026-04-05T21:09:38-04:00,2026-04-05T17:51:24-04:00
trade,225,KXLOLGAME-26APR051600FLYTL-FLY,no,58,100,0,0,9450,9450,2026-04-05T21:09:38-04:00,2026-04-05T17:51:25-04:00
trade,22,KXLOLGAME-26APR051600FLYTL-FLY,no,58,100,0,0,924,924,2026-04-05T21:09:38-04:00,2026-04-05T17:51:28-04:00
trade,4,KXLOLGAME-26APR051600FLYTL-FLY,no,58,100,0,0,168,168,2026-04-05T21:09:38-04:00,2026-04-05T17:51:30-04:00
trade,57,KXLOLMAP-26APR060100GENGAFOXY-1-GENGA,no,65,0,0,0,-3705,-3705,2026-04-06T01:43:43-04:00,2026-04-06T00:38:45-04:00
trade,143,KXLOLMAP-26APR060100GENGAFOXY-1-GENGA,no,65,0,0,0,-9295,-9295,2026-04-06T01:43:43-04:00,2026-04-06T00:48:57-04:00
trade,11,KXLOLMAP-26APR061315MKOIVIT-2-VIT,no,59,100,0,0,451,451,2026-04-06T15:18:51-04:00,2026-04-06T14:40:34-04:00
trade,187,KXLOLMAP-26APR061315MKOIVIT-2-VIT,no,59,100,0,0,7667,7667,2026-04-06T15:18:51-04:00,2026-04-06T14:40:38-04:00
trade,802,KXLOLMAP-26APR061315MKOIVIT-2-VIT,no,59,100,0,0,32882,32882,2026-04-06T15:18:51-04:00,2026-04-06T14:40:41-04:00
trade,40,KXLOLGAME-26APR061315MKOIVIT-MKOI,no,44,100,0,0,2240,2240,2026-04-06T17:13:31-04:00,2026-04-06T15:13:48-04:00
trade,33,KXLOLGAME-26APR061315MKOIVIT-MKOI,no,44,100,0,0,1848,1848,2026-04-06T17:13:31-04:00,2026-04-06T15:13:59-04:00
trade,2,KXLOLGAME-26APR061315MKOIVIT-MKOI,no,44,100,0,0,112,112,2026-04-06T17:13:31-04:00,2026-04-06T15:14:07-04:00
trade,13,KXLOLGAME-26APR061315MKOIVIT-MKOI,no,44,100,0,0,728,728,2026-04-06T17:13:31-04:00,2026-04-06T15:14:15-04:00
trade,412,KXLOLGAME-26APR061315MKOIVIT-MKOI,no,43,100,0,0,23484,23484,2026-04-06T17:13:31-04:00,2026-04-06T15:15:14-04:00
trade,3,KXLOLGAME-26APR061315MKOIVIT-MKOI,no,43,100,0,0,171,171,2026-04-06T17:13:31-04:00,2026-04-06T15:21:06-04:00
trade,415,KXLOLGAME-26APR061315MKOIVIT-MKOI,no,43,100,0,0,23655,23655,2026-04-06T17:13:31-04:00,2026-04-06T15:22:21-04:00
trade,582,KXLOLGAME-26APR061315MKOIVIT-MKOI,no,43,100,0,0,33174,33174,2026-04-06T17:13:31-04:00,2026-04-06T15:22:25-04:00
trade,197,KXLOLMAP-26APR080400HLEDK-1-HLE,no,40,0,0,0,-7880,-7880,2026-04-08T04:48:22-04:00,2026-04-08T02:26:39-04:00
trade,8,KXLOLMAP-26APR080400HLEDK-1-HLE,no,40,0,0,0,-320,-320,2026-04-08T04:48:22-04:00,2026-04-08T02:35:50-04:00
trade,190,KXLOLMAP-26APR080400HLEDK-1-HLE,no,40,0,0,0,-7600,-7600,2026-04-08T04:48:22-04:00,2026-04-08T02:56:53-04:00
trade,80,KXLOLMAP-26APR080400HLEDK-1-HLE,no,40,0,0,0,-3200,-3200,2026-04-08T04:48:22-04:00,2026-04-08T03:08:03-04:00
trade,3,KXLOLMAP-26APR080400HLEDK-1-HLE,no,40,0,0,0,-120,-120,2026-04-08T04:48:22-04:00,2026-04-08T03:08:13-04:00
trade,7,KXLOLMAP-26APR080400HLEDK-1-HLE,no,40,0,0,0,-280,-280,2026-04-08T04:48:22-04:00,2026-04-08T03:10:04-04:00
trade,16,KXLOLMAP-26APR080400HLEDK-1-HLE,no,40,0,0,0,-640,-640,2026-04-08T04:48:22-04:00,2026-04-08T03:28:18-04:00
trade,319,KXLOLMAP-26APR080400HLEDK-1-HLE,no,40,0,0,0,-12760,-12760,2026-04-08T04:48:22-04:00,2026-04-08T03:30:00-04:00
trade,32,KXLOLMAP-26APR080400HLEDK-1-HLE,no,40,0,0,0,-1280,-1280,2026-04-08T04:48:22-04:00,2026-04-08T03:32:23-04:00
trade,16,KXLOLMAP-26APR080400HLEDK-1-HLE,no,40,0,0,0,-640,-640,2026-04-08T04:48:22-04:00,2026-04-08T03:40:22-04:00
trade,15,KXLOLMAP-26APR080400HLEDK-1-HLE,no,40,0,0,0,-600,-600,2026-04-08T04:48:22-04:00,2026-04-08T03:45:00-04:00
trade,117,KXLOLMAP-26APR080400HLEDK-1-HLE,no,40,0,0,0,-4680,-4680,2026-04-08T04:48:22-04:00,2026-04-08T03:50:11-04:00
trade,39,KXLOLMAP-26APR080400HLEDK-1-HLE,no,38,0,0,0,-1482,-1482,2026-04-08T04:48:22-04:00,2026-04-08T04:01:38-04:00
trade,1,KXLOLMAP-26APR080400HLEDK-1-HLE,no,38,0,0,0,-38,-38,2026-04-08T04:48:22-04:00,2026-04-08T04:01:38-04:00
trade,15,KXLOLMAP-26APR080400HLEDK-1-HLE,no,38,0,0,0,-570,-570,2026-04-08T04:48:22-04:00,2026-04-08T04:01:38-04:00
trade,785,KXLOLMAP-26APR080400HLEDK-1-HLE,no,38,0,0,0,-29830,-29830,2026-04-08T04:48:22-04:00,2026-04-08T04:01:47-04:00
trade,102,KXLOLMAP-26APR080400HLEDK-1-HLE,no,38,0,0,0,-3876,-3876,2026-04-08T04:48:22-04:00,2026-04-08T04:01:48-04:00
trade,54,KXLOLMAP-26APR080400HLEDK-1-HLE,no,38,0,0,0,-2052,-2052,2026-04-08T04:48:22-04:00,2026-04-08T04:01:48-04:00
trade,4,KXLOLMAP-26APR080400HLEDK-1-HLE,no,38,0,0,0,-152,-152,2026-04-08T04:48:22-04:00,2026-04-08T04:01:48-04:00
trade,1000,KXLOLMAP-26APR080400HLEDK-2-HLE,no,37,0,0,0,-37000,-37000,2026-04-08T05:38:12-04:00,2026-04-08T04:57:52-04:00
trade,5,KXLOLMAP-26APR080400HLEDK-2-HLE,no,38,0,0,0,-190,-190,2026-04-08T05:38:12-04:00,2026-04-08T05:07:52-04:00
trade,5,KXLOLMAP-26APR080400HLEDK-2-HLE,no,38,0,0,0,-190,-190,2026-04-08T05:38:12-04:00,2026-04-08T05:07:54-04:00
trade,5,KXLOLMAP-26APR080400HLEDK-2-HLE,no,38,0,0,0,-190,-190,2026-04-08T05:38:12-04:00,2026-04-08T05:07:54-04:00
trade,100,KXLOLMAP-26APR080400HLEDK-2-HLE,no,38,0,0,0,-3800,-3800,2026-04-08T05:38:12-04:00,2026-04-08T05:08:01-04:00
trade,337,KXLOLMAP-26APR080400HLEDK-2-HLE,no,38,0,0,0,-12806,-12806,2026-04-08T05:38:12-04:00,2026-04-08T05:08:03-04:00
trade,10,KXLOLMAP-26APR080500IGNIP-1-IG,no,39,0,0,0,-390,-390,2026-04-08T05:58:12-04:00,2026-04-08T05:08:39-04:00
trade,43,KXLOLMAP-26APR080500IGNIP-1-IG,no,39,0,0,0,-1677,-1677,2026-04-08T05:58:12-04:00,2026-04-08T05:13:05-04:00
trade,447,KXLOLMAP-26APR080500IGNIP-1-IG,no,39,0,0,0,-17433,-17433,2026-04-08T05:58:12-04:00,2026-04-08T05:15:26-04:00
trade,29,KXLOLMAP-26APR080500IGNIP-1-IG,no,34,0,0,0,-986,-986,2026-04-08T05:58:12-04:00,2026-04-08T05:16:46-04:00
trade,71,KXLOLMAP-26APR080500IGNIP-1-IG,no,34,0,0,0,-2414,-2414,2026-04-08T05:58:12-04:00,2026-04-08T05:16:54-04:00
trade,100,KXLOLMAP-26APR080500IGNIP-1-IG,no,34,0,0,0,-3400,-3400,2026-04-08T05:58:12-04:00,2026-04-08T05:17:37-04:00
trade,100,KXLOLMAP-26APR080500IGNIP-1-IG,no,34,0,0,0,-3400,-3400,2026-04-08T05:58:12-04:00,2026-04-08T05:19:03-04:00
trade,5,KXLOLMAP-26APR080500IGNIP-1-IG,no,63,0,0,0,-315,-315,2026-04-08T05:58:12-04:00,2026-04-08T05:22:50-04:00
trade,5,KXLOLMAP-26APR080500IGNIP-1-IG,no,63,0,0,0,-315,-315,2026-04-08T05:58:12-04:00,2026-04-08T05:22:53-04:00
trade,5,KXLOLMAP-26APR080500IGNIP-1-IG,no,63,0,0,0,-315,-315,2026-04-08T05:58:12-04:00,2026-04-08T05:22:53-04:00
trade,5,KXLOLMAP-26APR080500IGNIP-1-IG,no,63,0,0,0,-315,-315,2026-04-08T05:58:12-04:00,2026-04-08T05:22:53-04:00
trade,5,KXLOLMAP-26APR080500IGNIP-1-IG,no,63,0,0,0,-315,-315,2026-04-08T05:58:12-04:00,2026-04-08T05:22:53-04:00
trade,52,KXLOLMAP-26APR090700BLGWE-1-WE,no,82,100,0,0,936,936,2026-04-09T08:48:22-04:00,2026-04-09T08:14:58-04:00
trade,48,KXLOLMAP-26APR090700BLGWE-1-WE,no,82,100,0,0,864,864,2026-04-09T08:48:22-04:00,2026-04-09T08:15:33-04:00
trade,20,KXPGATOUR-MAST26-RMCI,no,47,0,35,0,-940,-975,2026-04-12T19:15:49-04:00,2026-04-10T18:20:09-04:00
trade,215,KXLOLMAP-26APR131100SKFNC-1-SK,no,64,0,0,0,-13760,-13760,2026-04-13T12:08:49-04:00,2026-04-13T11:03:49-04:00
trade,53,KXLOLMAP-26APR131100SKFNC-1-SK,no,64,0,0,0,-3392,-3392,2026-04-13T12:08:49-04:00,2026-04-13T11:03:56-04:00
trade,77,KXLOLMAP-26APR131100SKFNC-1-SK,no,64,0,0,0,-4928,-4928,2026-04-13T12:08:49-04:00,2026-04-13T11:04:10-04:00
trade,1000,KXLOLMAP-26APR131100SKFNC-1-SK,no,65,0,0,0,-65000,-65000,2026-04-13T12:08:49-04:00,2026-04-13T11:06:32-04:00
trade,459,KXLOLMAP-26APR131100SKFNC-1-SK,no,64,0,0,0,-29376,-29376,2026-04-13T12:08:49-04:00,2026-04-13T11:07:58-04:00
trade,66,KXLOLMAP-26APR131100SKFNC-1-SK,no,64,0,0,0,-4224,-4224,2026-04-13T12:08:49-04:00,2026-04-13T11:08:18-04:00
trade,1000,KXLOLMAP-26APR131100SKFNC-1-SK,no,65,0,0,0,-65000,-65000,2026-04-13T12:08:49-04:00,2026-04-13T11:09:28-04:00
trade,500,KXLOLMAP-26APR131100SKFNC-1-SK,no,63,0,0,0,-31500,-31500,2026-04-13T12:08:49-04:00,2026-04-13T11:10:27-04:00
trade,12,KXLOLMAP-26APR131100SKFNC-1-SK,no,61,0,0,0,-732,-732,2026-04-13T12:08:49-04:00,2026-04-13T11:10:53-04:00
trade,488,KXLOLMAP-26APR131100SKFNC-1-SK,no,61,0,0,0,-29768,-29768,2026-04-13T12:08:49-04:00,2026-04-13T11:11:27-04:00
trade,650,KXLOLMAP-26APR131100SKFNC-2-SK,no,64,0,0,0,-41600,-41600,2026-04-13T13:08:33-04:00,2026-04-13T12:23:10-04:00
trade,39,KXLOLMAP-26APR131100SKFNC-2-SK,no,64,0,0,0,-2496,-2496,2026-04-13T13:08:33-04:00,2026-04-13T12:23:22-04:00
trade,196,KXLOLMAP-26APR131100SKFNC-2-SK,no,64,0,0,0,-12544,-12544,2026-04-13T13:08:33-04:00,2026-04-13T12:23:37-04:00
trade,5,KXLOLMAP-26APR131100SKFNC-2-SK,no,64,0,0,0,-320,-320,2026-04-13T13:08:33-04:00,2026-04-13T12:23:41-04:00
trade,21,KXLOLMAP-26APR131100SKFNC-2-SK,no,64,0,0,0,-1344,-1344,2026-04-13T13:08:33-04:00,2026-04-13T12:23:41-04:00
trade,10,KXLOLMAP-26APR131100SKFNC-2-FNC,yes,87,0,8,0,-870,-878,2026-04-13T13:08:33-04:00,2026-04-13T12:39:13-04:00
trade,100,KXLOLMAP-26APR131100SKFNC-2-FNC,yes,88,0,74,0,-8800,-8874,2026-04-13T13:08:33-04:00,2026-04-13T12:40:48-04:00
trade,100,KXLOLMAP-26APR131100SKFNC-2-FNC,yes,88,0,74,0,-8800,-8874,2026-04-13T13:08:33-04:00,2026-04-13T12:40:48-04:00
trade,100,KXLOLMAP-26APR131100SKFNC-2-FNC,yes,88,0,74,0,-8800,-8874,2026-04-13T13:08:33-04:00,2026-04-13T12:40:54-04:00
trade,100,KXLOLMAP-26APR131100SKFNC-2-FNC,yes,88,0,74,0,-8800,-8874,2026-04-13T13:08:33-04:00,2026-04-13T12:40:54-04:00
trade,100,KXLOLMAP-26APR131100SKFNC-2-FNC,yes,88,0,74,0,-8800,-8874,2026-04-13T13:08:33-04:00,2026-04-13T12:40:54-04:00
trade,158,KXLOLMAP-26APR131315SHFTGX-1-SHFT,no,70,100,0,0,4740,4740,2026-04-13T14:04:11-04:00,2026-04-13T13:15:15-04:00
trade,342,KXLOLMAP-26APR131315SHFTGX-1-SHFT,no,70,100,0,0,10260,10260,2026-04-13T14:04:11-04:00,2026-04-13T13:15:52-04:00
trade,102,KXLOLMAP-26APR131315SHFTGX-1-SHFT,no,72,100,0,0,2856,2856,2026-04-13T14:04:11-04:00,2026-04-13T13:28:20-04:00
trade,398,KXLOLMAP-26APR131315SHFTGX-1-SHFT,no,72,100,0,0,11144,11144,2026-04-13T14:04:11-04:00,2026-04-13T13:29:17-04:00
trade,236,KXLOLMAP-26APR131315SHFTGX-1-SHFT,no,71,100,0,0,6844,6844,2026-04-13T14:04:11-04:00,2026-04-13T13:30:04-04:00
trade,657,KXLOLMAP-26APR131315SHFTGX-1-SHFT,no,71,100,0,0,19053,19053,2026-04-13T14:04:11-04:00,2026-04-13T13:30:15-04:00
trade,107,KXLOLMAP-26APR131315SHFTGX-1-SHFT,no,71,100,0,0,3103,3103,2026-04-13T14:04:11-04:00,2026-04-13T13:30:21-04:00
trade,26,KXLOLMAP-26APR131315SHFTGX-1-SHFT,no,67,100,0,0,858,858,2026-04-13T14:04:11-04:00,2026-04-13T13:31:20-04:00
trade,2,KXLOLMAP-26APR131315SHFTGX-1-SHFT,no,67,100,0,0,66,66,2026-04-13T14:04:11-04:00,2026-04-13T13:31:21-04:00
trade,472,KXLOLMAP-26APR131315SHFTGX-1-SHFT,no,67,100,0,0,15576,15576,2026-04-13T14:04:11-04:00,2026-04-13T13:31:24-04:00
trade,6,KXLOLMAP-26APR131315SHFTGX-2-SHFT,no,68,100,0,0,192,192,2026-04-13T14:58:23-04:00,2026-04-13T14:02:01-04:00
trade,2,KXLOLMAP-26APR131315SHFTGX-2-SHFT,no,68,100,0,0,64,64,2026-04-13T14:58:23-04:00,2026-04-13T14:02:35-04:00
trade,30,KXLOLMAP-26APR131315SHFTGX-2-SHFT,no,68,100,0,0,960,960,2026-04-13T14:58:23-04:00,2026-04-13T14:03:05-04:00
trade,220,KXLOLMAP-26APR131315SHFTGX-2-SHFT,no,68,100,0,0,7040,7040,2026-04-13T14:58:23-04:00,2026-04-13T14:06:28-04:00
trade,67,KXLOLMAP-26APR131315SHFTGX-2-SHFT,no,68,100,0,0,2144,2144,2026-04-13T14:58:23-04:00,2026-04-13T14:07:51-04:00
trade,31,KXLOLMAP-26APR131315SHFTGX-2-SHFT,no,68,100,0,0,992,992,2026-04-13T14:58:23-04:00,2026-04-13T14:17:05-04:00
trade,14,KXLOLMAP-26APR131315SHFTGX-2-SHFT,no,68,100,0,0,448,448,2026-04-13T14:58:23-04:00,2026-04-13T14:18:48-04:00
trade,32,KXLOLMAP-26APR131315SHFTGX-2-SHFT,no,68,100,0,0,1024,1024,2026-04-13T14:58:23-04:00,2026-04-13T14:19:13-04:00
trade,53,KXLOLMAP-26APR131315SHFTGX-2-SHFT,no,68,100,0,0,1696,1696,2026-04-13T14:58:23-04:00,2026-04-13T14:19:17-04:00
trade,35,KXLOLMAP-26APR131315SHFTGX-2-SHFT,no,68,100,0,0,1120,1120,2026-04-13T14:58:23-04:00,2026-04-13T14:19:26-04:00
trade,35,KXLOLMAP-26APR131315SHFTGX-2-SHFT,no,68,100,0,0,1120,1120,2026-04-13T14:58:23-04:00,2026-04-13T14:19:26-04:00
trade,35,KXLOLMAP-26APR131315SHFTGX-2-SHFT,no,68,100,0,0,1120,1120,2026-04-13T14:58:23-04:00,2026-04-13T14:19:39-04:00
trade,35,KXLOLMAP-26APR131315SHFTGX-2-SHFT,no,68,100,0,0,1120,1120,2026-04-13T14:58:23-04:00,2026-04-13T14:19:39-04:00
trade,496,KXLOLMAP-26APR131315SHFTGX-2-SHFT,no,68,100,0,0,15872,15872,2026-04-13T14:58:23-04:00,2026-04-13T14:19:42-04:00
trade,234,KXLOLMAP-26APR131315SHFTGX-2-SHFT,no,68,100,0,0,7488,7488,2026-04-13T14:58:23-04:00,2026-04-13T14:19:42-04:00
trade,176,KXLOLMAP-26APR131315SHFTGX-2-SHFT,no,65,100,0,0,6160,6160,2026-04-13T14:58:23-04:00,2026-04-13T14:22:14-04:00
trade,238,KXLOLMAP-26APR131315SHFTGX-2-SHFT,no,65,100,0,0,8330,8330,2026-04-13T14:58:23-04:00,2026-04-13T14:22:29-04:00
trade,16,KXLOLMAP-26APR131315SHFTGX-2-SHFT,no,65,100,0,0,560,560,2026-04-13T14:58:23-04:00,2026-04-13T14:23:06-04:00
trade,570,KXLOLMAP-26APR131315SHFTGX-2-SHFT,no,65,100,0,0,19950,19950,2026-04-13T14:58:23-04:00,2026-04-13T14:23:12-04:00
trade,262,KXLOLMAP-26APR131315SHFTGX-2-SHFT,no,66,100,0,0,8908,8908,2026-04-13T14:58:23-04:00,2026-04-13T14:25:06-04:00
trade,80,KXLOLMAP-26APR131315SHFTGX-2-SHFT,no,66,100,0,0,2720,2720,2026-04-13T14:58:23-04:00,2026-04-13T14:26:17-04:00
trade,54,KXLOLMAP-26APR131315SHFTGX-2-SHFT,no,66,100,0,0,1836,1836,2026-04-13T14:58:23-04:00,2026-04-13T14:26:33-04:00
trade,74,KXLOLMAP-26APR131315SHFTGX-2-SHFT,no,97,100,16,0,222,206,2026-04-13T14:58:23-04:00,2026-04-13T14:50:39-04:00
trade,29,KXLOLMAP-26APR131315SHFTGX-2-SHFT,no,97,100,5,0,87,82,2026-04-13T14:58:23-04:00,2026-04-13T14:50:39-04:00
trade,244,KXLOLMAP-26APR160600HLEDNF-2-DNF,no,74,100,0,0,6344,6344,2026-04-16T07:43:34-04:00,2026-04-16T07:04:45-04:00
trade,28,KXLOLMAP-26APR160700BLGTES-1-BLG,no,67,100,0,0,924,924,2026-04-16T08:14:34-04:00,2026-04-16T07:51:04-04:00
trade,4,KXLOLMAP-26APR160700BLGTES-1-BLG,no,80,100,0,0,80,80,2026-04-16T08:14:34-04:00,2026-04-16T07:52:37-04:00
trade,100,KXLOLMAP-26APR160700BLGTES-1-BLG,no,83,100,0,0,1700,1700,2026-04-16T08:14:34-04:00,2026-04-16T07:55:23-04:00
trade,100,KXLOLMAP-26APR160700BLGTES-1-BLG,no,83,100,0,0,1700,1700,2026-04-16T08:14:34-04:00,2026-04-16T08:01:34-04:00
trade,426,KXLOLMAP-26APR160700BLGTES-2-TES,no,68,0,0,0,-28968,-28968,2026-04-16T09:08:14-04:00,2026-04-16T08:14:33-04:00
trade,32,KXLOLMAP-26APR160700BLGTES-2-TES,no,68,0,0,0,-2176,-2176,2026-04-16T09:08:14-04:00,2026-04-16T08:14:41-04:00
trade,46,KXLOLMAP-26APR160700BLGTES-2-TES,no,68,0,0,0,-3128,-3128,2026-04-16T09:08:14-04:00,2026-04-16T08:18:17-04:00
trade,25,KXLOLMAP-26APR160700BLGTES-2-TES,no,68,0,0,0,-1700,-1700,2026-04-16T09:08:14-04:00,2026-04-16T08:18:23-04:00
trade,281,KXLOLMAP-26APR160700BLGTES-2-TES,no,66,0,0,0,-18546,-18546,2026-04-16T09:08:14-04:00,2026-04-16T08:20:35-04:00
trade,1000,KXLOLMAP-26APR160700BLGTES-2-TES,no,66,0,0,0,-66000,-66000,2026-04-16T09:08:14-04:00,2026-04-16T08:22:03-04:00
trade,56,KXLOLMAP-26APR160700BLGTES-2-TES,no,64,0,0,0,-3584,-3584,2026-04-16T09:08:14-04:00,2026-04-16T08:28:02-04:00
trade,132,KXLOLMAP-26APR160700BLGTES-2-TES,no,64,0,0,0,-8448,-8448,2026-04-16T09:08:14-04:00,2026-04-16T08:35:21-04:00
credit,0,,,0,0,0,0,5863,5863,2026-05-06T03:10:03-04:00,2026-05-06T03:10:03-04:00
trade,16,KXLOLMAP-26MAY210400HLEFOX-1-HLE,no,21,0,1,0,-342,-343,2026-05-21T05:04:05-04:00,2026-05-21T03:06:23-04:00
trade,29,KXLOLMAP-26MAY210400HLEFOX-1-HLE,no,21,0,0,0,-629,-629,2026-05-21T05:04:05-04:00,2026-05-21T03:52:27-04:00
trade,12,KXLOLMAP-26MAY210400HLEFOX-1-HLE,no,21,0,0,0,-262,-262,2026-05-21T05:04:05-04:00,2026-05-21T03:52:51-04:00
trade,1,KXLOLMAP-26MAY210400HLEFOX-1-HLE,no,21,0,0,0,-21,-21,2026-05-21T05:04:05-04:00,2026-05-21T03:53:29-04:00
trade,25,KXLOLMAP-26MAY210400HLEFOX-1-HLE,no,21,0,0,0,-525,-525,2026-05-21T05:04:05-04:00,2026-05-21T03:53:51-04:00
trade,25,KXLOLMAP-26MAY210400HLEFOX-1-HLE,no,21,0,0,0,-525,-525,2026-05-21T05:04:05-04:00,2026-05-21T03:56:30-04:00
trade,4,KXLOLMAP-26MAY210300BLGWB-2-WB,no,68,0,0,0,-307,-307,2026-05-21T05:04:05-04:00,2026-05-21T03:46:49-04:00
trade,29,KXLOLMAP-26MAY210300BLGWB-2-WB,no,68,0,0,0,-1996,-1996,2026-05-21T05:04:05-04:00,2026-05-21T03:50:43-04:00
trade,8,KXLOLGAME-26MAY210400HLEFOX-HLE,no,12,0,0,0,-107,-107,2026-05-21T06:13:05-04:00,2026-05-21T05:00:03-04:00
trade,60,KXLOLGAME-26MAY210400HLEFOX-HLE,no,12,0,0,0,-720,-720,2026-05-21T06:13:05-04:00,2026-05-21T05:00:03-04:00
trade,388,KXLOLGAME-26MAY210400HLEFOX-HLE,no,12,0,0,0,-4656,-4656,2026-05-21T06:13:05-04:00,2026-05-21T05:00:04-04:00
trade,43,KXLOLGAME-26MAY210400HLEFOX-HLE,no,12,0,1,0,-517,-518,2026-05-21T06:13:05-04:00,2026-05-21T05:00:06-04:00
trade,220,KXSPACEXSTARSHIP-12-26MAY31,yes,83,100,218,0,3744,3526,2026-05-22T19:38:51-04:00,2026-04-13T19:05:34-04:00
trade,7,KXSPACEXSTARSHIP-12-26MAY31,yes,83,100,8,0,135,127,2026-05-22T19:38:51-04:00,2026-04-13T19:05:34-04:00
trade,5,KXSPACEXSTARSHIP-12-26MAY31,yes,83,100,5,0,94,89,2026-05-22T19:38:51-04:00,2026-04-13T19:05:34-04:00
trade,30,KXSPACEXSTARSHIP-12-26MAY31,yes,83,100,29,0,510,481,2026-05-22T19:38:51-04:00,2026-04-13T19:05:34-04:00
trade,1448,KXSPACEXSTARSHIP-12-26MAY31,yes,83,100,1431,0,24622,23191,2026-05-22T19:38:51-04:00,2026-04-13T19:05:34-04:00
trade,9,KXSPACEXSTARSHIP-12-26MAY31,yes,83,100,9,0,153,144,2026-05-22T19:38:51-04:00,2026-04-13T19:05:34-04:00
trade,70,KXLOLGAME-26MAY251100MKOIG2-MKOI,no,73,100,1,0,1903,1902,2026-05-25T15:33:51-04:00,2026-05-25T08:32:28-04:00
trade,35,KXLOLGAME-26MAY251100MKOIG2-MKOI,no,73,100,0,0,951,951,2026-05-25T15:33:51-04:00,2026-05-25T08:41:20-04:00
trade,116,KXLOLGAME-26MAY251100MKOIG2-MKOI,no,73,100,1,0,3140,3139,2026-05-25T15:33:51-04:00,2026-05-25T08:47:05-04:00
trade,17,KXLOLGAME-26MAY251100MKOIG2-MKOI,no,73,100,1,0,475,474,2026-05-25T15:33:51-04:00,2026-05-25T08:50:50-04:00
trade,1760,KXLOLGAME-26MAY251100MKOIG2-MKOI,no,73,100,1,0,47532,47531,2026-05-25T15:33:51-04:00,2026-05-25T08:51:54-04:00
trade,263,KXLOLGAME-26MAY251100MKOIG2-MKOI,no,65,100,1,0,9218,9217,2026-05-25T15:33:51-04:00,2026-05-25T14:26:10-04:00
trade,81,KXLOLGAME-26MAY251100MKOIG2-MKOI,no,65,100,0,0,2869,2869,2026-05-25T15:33:51-04:00,2026-05-25T14:26:10-04:00
trade,327,KXLOLGAME-26MAY251100MKOIG2-MKOI,no,65,100,1,0,11477,11476,2026-05-25T15:33:51-04:00,2026-05-25T14:26:11-04:00
trade,13,KXLOLGAME-26MAY251100MKOIG2-MKOI,no,65,100,0,0,469,469,2026-05-25T15:33:51-04:00,2026-05-25T14:26:13-04:00
trade,512,KXLOLMAP-26MAY270400HLEGEN-2-GEN,no,42,0,874,0,-21504,-22378,2026-05-27T05:48:21-04:00,2026-05-27T05:14:06-04:00
trade,100,KXLOLMAP-26MAY270400HLEGEN-2-GEN,no,42,0,170,0,-4200,-4370,2026-05-27T05:48:21-04:00,2026-05-27T05:14:06-04:00
trade,242,KXLOLMAP-26MAY270600DRXFOX-2-DRX,no,53,0,1,0,-12847,-12848,2026-05-27T08:49:21-04:00,2026-05-27T07:57:22-04:00
trade,725,KXLOLMAP-26MAY270600DRXFOX-2-DRX,no,53,0,0,0,-38467,-38467,2026-05-27T08:49:21-04:00,2026-05-27T07:57:33-04:00
trade,20,KXLOLMAP-26MAY270600DRXFOX-2-DRX,no,53,0,1,0,-1102,-1103,2026-05-27T08:49:21-04:00,2026-05-27T08:02:03-04:00
trade,11,KXLOLMAP-26MAY270600DRXFOX-2-DRX,no,53,0,0,0,-584,-584,2026-05-27T08:49:21-04:00,2026-05-27T08:02:30-04:00
trade,2,KXLOLGAME-26MAY280400NSDNF-DNF,yes,21,0,3,0,-42,-45,2026-05-28T13:23:17-04:00,2026-05-27T22:43:33-04:00